time,open,high,low,close,Volume,Volume MA,MA,MA,MA
1562284800,0.00449,0.0046,0.00355,0.0038701,1928297660,,,,
1562371200,0.0038741,0.0039426,0.0033652,0.0035,1010744287,,,,
1562457600,0.003504,0.00365,0.0034,0.0035377,530613992,,,,
1562544000,0.0035378,0.0035618,0.0034,0.003458,308445688,,,,
1562630400,0.003462,0.003582,0.0033564,0.0034545,253375582,,,,
1562716800,0.0034576,0.0035294,0.003251,0.0033421,241274866,,,,
1562803200,0.0033358,0.0033395,0.0030909,0.003209,202811394,,,,
1562889600,0.0032105,0.0033598,0.0031562,0.0032622,228622573,,,,
1562976000,0.0032626,0.0032653,0.0031358,0.0032532,110731940,,,,
1563062400,0.0032474,0.0032788,0.0029008,0.0029175,216658454,,,,
1563148800,0.0029175,0.0031354,0.0028011,0.0030712,220027648,,,,
1563235200,0.0030624,0.0031009,0.0027323,0.0027994,159080438,,,,
1563321600,0.0027995,0.002986,0.0027063,0.0028822,320691294,,,,
1563408000,0.0028663,0.0031251,0.0027797,0.0030979,263423204,,,,
1563494400,0.0031008,0.0031068,0.0029202,0.0030232,101195703,,,,
1563580800,0.0030131,0.0031528,0.003,0.0030787,106012025,,,,
1563667200,0.0030701,0.0031272,0.0029872,0.0030468,59882988,,,,
1563753600,0.0030533,0.0030816,0.00292,0.0029567,92581872,,,,
1563840000,0.0029567,0.0029567,0.002816,0.0028192,161810410,,,,
1563926400,0.0028195,0.0028819,0.0027629,0.0028741,68490381,329238619.95,,,
1564012800,0.0028555,0.0029487,0.0028476,0.0028656,149944114,240320942.65,,,
1564099200,0.0028656,0.0029033,0.0028177,0.0028798,29517748,191259615.7,,,
1564185600,0.00289,0.00296,0.0027551,0.0028047,86758314,169066831.8,,,
1564272000,0.0027973,0.0028137,0.002726,0.0027932,49225120,156105803.4,,,0.0031580619047619045
1564358400,0.0027884,0.002884,0.0027637,0.0027663,65013586,146687703.6,,,0.0031109047619047618
1564444800,0.0027663,0.00288,0.0027457,0.0027885,60008976,137624409.1,,,0.0030777952380952383
1564531200,0.0027949,0.0028761,0.0027889,0.0028583,58120004,130389839.6,,,0.0030423428571428575
1564617600,0.0028571,0.0030617,0.0028248,0.0029004,85256838,123221552.85,,,0.003009404761904762
1564704000,0.0029004,0.0029272,0.002861,0.0028996,64329108,120901411.25,,,0.0029776904761904762
1564790400,0.0028951,0.002949,0.0028768,0.0028994,54942112,112815594.15,,,0.0029546523809523806
1564876800,0.0028999,0.0029985,0.0028424,0.0029222,88247046,106226564.05,,,0.002939957142857143
1564963200,0.0029196,0.0031998,0.0029196,0.0030428,213937390,108969411.65,,,0.0029226904761904763
1565049600,0.0030443,0.003084,0.0029124,0.0029557,128970146,99383354.25,,,0.0029058428571428576
1565136000,0.0029569,0.0030399,0.0028759,0.0029856,116634874,92043937.75,,,0.002906066666666667
1565222400,0.0029972,0.0029972,0.0028544,0.0029635,72936578,90630981.5,,,0.002904714285714286
1565308800,0.0029725,0.0029725,0.0028375,0.002913,53069425,87983851.5,,,0.002912157142857143
1565395200,0.0029211,0.0029432,0.0028085,0.00285,40358430,87007623.6,,,0.002917080952380952
1565481600,0.00285,0.0028995,0.0028281,0.0028874,48121732,84784616.6,,,0.0029106809523809524
1565568000,0.0028893,0.0028999,0.0028455,0.0028516,37974663,78592829.25,,,0.0029054333333333334
1565654400,0.0028527,0.0028643,0.0027802,0.0028339,47685418,77552581.1,,,0.002894542857142857
1565740800,0.0028343,0.0028399,0.0027,0.0027161,89470204,74528885.6,,,0.002886952380952381
1565827200,0.002723,0.0027695,0.0025578,0.0025916,83406275,77223311.95,,,0.0028819476190476193
1565913600,0.0025813,0.002718,0.0025112,0.002651,71483283,76459560.4,,,0.0028826476190476195
1566000000,0.002648,0.0026632,0.0025778,0.0026251,48842468,76440427.8,,,0.00287512380952381
1566086400,0.0026254,0.0027214,0.002587,0.002695,101432503,78261373.65,,,0.0028620761904761907
1566172800,0.0026922,0.0028146,0.0026676,0.0027816,111202618,80821055.75,,,0.0028511809523809528
1566259200,0.0027787,0.002785,0.0026798,0.002712,29889824,79409546.75,,,0.002842628571428572
1566345600,0.002712,0.0027153,0.0025633,0.0026398,67428707,78518140.2,,,0.002837952380952381
1566432000,0.0026404,0.0027165,0.0025527,0.0026458,70942538,78848811.7,,,0.002838680952380953
1566518400,0.0026486,0.002693,0.0026153,0.0026668,49673949,78585403.55,,,0.0028350380952380954
1566604800,0.0026644,0.0026785,0.0025647,0.0026222,61164375,77231270,,,0.0028246333333333336
1566691200,0.0026274,0.002666,0.002582,0.0026237,59937736,69531287.3,,,0.002812509523809524
1566777600,0.0026192,0.0027048,0.0025931,0.0026409,75309430,66848251.5,,,0.00280142380952381
1566864000,0.002637,0.00264,0.0025763,0.0025993,57813268,63907171.2,,,0.00278822380952381
1566950400,0.0026014,0.0026014,0.0024772,0.0024965,73252773,63922980.95,,0.0029568,0.002774009523809524
1567036800,0.0024956,0.0024958,0.002339,0.0024244,101148551,66326937.25,,0.002931842,0.002754871428571429
1567123200,0.0024421,0.0024939,0.0023879,0.0024449,37512207,66184626.1,,0.002914316,0.0027379000000000006
1567209600,0.0024517,0.0024878,0.0024118,0.0024528,36338319,65595455.45,,0.00289638,0.002714609523809524
1567296000,0.002452,0.0024851,0.0024109,0.0024603,35956148,65494529.7,,0.0028792060000000005,0.0026889380952380957
1567382400,0.0024635,0.0026167,0.0024377,0.0025882,53572010,65788859.3,,0.0028600459999999998,0.0026666476190476194
1567468800,0.002591,0.0026054,0.0025313,0.0025593,64679806,64549339.4,,0.0028416920000000003,0.002647733333333334
1567555200,0.0025647,0.0025711,0.0025,0.0025097,32789886,62018519.95,,0.0028264099999999997,0.0026273952380952387
1567641600,0.0025221,0.0025221,0.0024589,0.0024909,44318276,60660269.6,,0.002810222,0.002614852380952381
1567728000,0.0024897,0.0025054,0.0024,0.00247,81836503,62309971.35,,0.002794364,0.0026017761904761913
1567814400,0.0024504,0.002507,0.0024029,0.0024542,79415288,61209110.6,,0.0027877780000000003,0.0025919476190476194
1567900800,0.002465,0.0025306,0.0024,0.0024585,89538969,60125928.15,,0.0027775400000000002,0.0025871523809523813
1567987200,0.0024453,0.0024692,0.0024,0.0024351,61000344,61681454.15,,0.002771746,0.0025785333333333336
1568073600,0.0024351,0.0024612,0.0023849,0.0024185,33219768,59971007.2,,0.0027639200000000004,0.0025703952380952385
1568160000,0.0024193,0.0024386,0.0023601,0.0023892,52887165,59068238.55,,0.002751362,0.0025591333333333335
1568246400,0.0023912,0.002431,0.0023265,0.0023928,48542765,59011679.35,,0.002739982,0.0025426333333333335
1568332800,0.0023906,0.0024128,0.00236,0.002399,35317492,57719335.2,,0.002727578,0.002528657142857143
1568419200,0.0024089,0.002437,0.0023701,0.0024192,33725888,56408742.8,,0.002715344,0.0025167238095238098
1568505600,0.0024233,0.0024851,0.00239,0.002426,68647235,56075633.05,,0.0027045800000000003,0.0025046761904761908
1568592000,0.0024249,0.0024765,0.0023978,0.0024309,53894420,55879690.65,,0.00269598,0.00249192380952381
1568678400,0.0024316,0.00262,0.00241,0.002594,135069011,58970502.55,,0.002686354,0.002482257142857143
1568764800,0.0025972,0.0028103,0.0025527,0.0027015,344364326,71131291.3,,0.002677022,0.0024728428571428574
1568851200,0.0027028,0.0027322,0.00254,0.0027083,161540615,77332711.7,,0.00266781,0.0024628428571428574
1568937600,0.0027062,0.0027062,0.0026147,0.0026497,70347331,79033162.3,,0.002660236,0.002462590476190476
1569024000,0.0026497,0.0026619,0.002539,0.0025772,76693753,81070042.55,,0.00265299,0.0024723523809523813
1569110400,0.00257,0.002599,0.0025173,0.002562,92043003,82993592.2,,0.002649544,0.0024858714285714285
1569196800,0.0025697,0.0025719,0.0024474,0.0024474,76897524,83604478.1,,0.002647804,0.0024956238095238093
1569283200,0.0024474,0.0024731,0.0019317,0.00219,155910476,89760507.6,,0.002644804,0.0025015476190476194
1569369600,0.0021893,0.0022241,0.0020665,0.0021757,110825983,93085892.95,,0.0026397900000000004,0.0025063904761904766
1569456000,0.0021693,0.0022375,0.0020185,0.0021396,204393624,99213749,,0.0026333420000000003,0.0024996857142857145
1569542400,0.0021348,0.002199,0.0020985,0.0021723,88331166,99659542.9,,0.002626594,0.0024821
1569628800,0.002176,0.002232,0.0021401,0.0021974,75661286,98965658.75,,0.002617098,0.002466195238095239
1569715200,0.0022033,0.0022399,0.0021235,0.0021854,79511131,99891198.1,,0.0026000420000000003,0.002449466666666667
1569801600,0.002203,0.0024733,0.0021264,0.0023747,263988602,111429639.8,,0.002584442,0.0024352904761904765
1569888000,0.0023791,0.0025001,0.0023473,0.0023503,151860063,116378284.7,,0.0025675220000000005,0.002423061904761905
1569974400,0.0023561,0.0023692,0.0022809,0.002323,88034436,118352868.25,,0.002551698,0.0024100571428571434
1570060800,0.002323,0.002325,0.0022353,0.0022977,81022529,120638120.1,,0.002537386,0.002407180952380953
1570147200,0.002298,0.002325,0.0022398,0.0022893,52314904,121567570.9,,0.002524094,0.0024039333333333336
1570233600,0.0022882,0.0023051,0.0022614,0.0022922,53899895,120830203.9,,0.00251384,0.0024007809523809522
1570320000,0.0022993,0.0023048,0.0022275,0.0022677,72718151,121771390.45,,0.0025038139999999996,0.002396252380952381
1570406400,0.0022659,0.0023654,0.0022368,0.002331,69936960,118514787.9,,0.0024935960000000003,0.0023910285714285715
1570492800,0.0023298,0.0023649,0.0022783,0.0023096,89953557,105794249.45,,0.0024852280000000004,0.0023849809523809524
1570579200,0.0023096,0.0023652,0.0022467,0.0023522,128533706,104143904,,0.0024791820000000003,0.002377442857142857
1570665600,0.002346,0.0023512,0.0022927,0.0023,74485978,104350836.35,,0.0024720060000000006,0.002372685714285714
1570752000,0.002297,0.0023411,0.002225,0.0022909,61631506,103597724,,0.0024648580000000003,0.0023591428571428574
1570838400,0.002288,0.002331,0.0022751,0.0023196,70374904,102514319.05,,0.0024575780000000006,0.002342509523809524
1570924800,0.002319,0.0026349,0.0023096,0.0024317,506106744,123974780.05,,0.0024481380000000007,0.002323066666666667
1571011200,0.0024312,0.00275,0.0024067,0.0025415,1281613616,180259937.05,,0.002440942000000001,0.0023059809523809523
1571097600,0.0025482,0.00258,0.0024652,0.0024964,142270876,181832181.7,,0.0024341460000000007,0.0022937142857142856
1571184000,0.0024957,0.0026228,0.0024851,0.0026162,271043906,185164695.8,,0.0024270480000000007,0.002287509523809524
1571270400,0.0026117,0.002974,0.0025778,0.0027405,673256287,214410951.85,,0.002420104000000001,0.002291990476190476
1571356800,0.002735,0.0028665,0.0026311,0.0026952,262101555,223732965.3,,0.002416294000000001,0.0023065809523809522
1571443200,0.0026944,0.0027949,0.0026467,0.0027176,103435078,224929162.65,,0.002414650000000001,0.002327557142857143
1571529600,0.0027179,0.0027575,0.0026407,0.0027151,113305480,217395006.55,,0.002411760000000001,0.002356171428571429
1571616000,0.0027079,0.00295,0.0025758,0.0026879,287285773,224166292.05,,0.002412098000000001,0.0023810714285714286
1571702400,0.0026884,0.0027297,0.0025085,0.0025311,948366683,267182904.4,,0.0024169780000000006,0.002405842857142857
1571788800,0.0025386,0.002565,0.0021,0.0024746,399964920,283130023.95,,0.002422394000000001,0.0024310666666666667
1571875200,0.0024805,0.00255,0.0024,0.0025183,176236372,289326097.35,,0.0024278480000000007,0.0024459809523809527
1571961600,0.0025183,0.0027799,0.0024652,0.0026694,330206126,303141408.9,,0.0024330940000000002,0.0024545904761904764
1572048000,0.0026694,0.002898,0.0025577,0.0025925,327792551,315895128.9,,0.0024376460000000008,0.002461809523809524
1572134400,0.0026061,0.0029542,0.00256,0.00264,203666784,322581620.1,,0.002436504000000001,0.0024723142857142858
1572220800,0.00264,0.00275,0.0026234,0.0026265,179647401,327066312.3,,0.002434810000000001,0.002490414285714286
1572307200,0.0026379,0.0026952,0.002615,0.002625,136659517,327472602.85,,0.0024349820000000005,0.002504714285714286
1572393600,0.002625,0.0026649,0.0025584,0.0025936,202095484,333853078.15,,0.0024385520000000005,0.0025224428571428573
1572480000,0.0025891,0.0026357,0.0025473,0.0025844,93293235,335436164.6,,0.0024410020000000003,0.0025365142857142857
1572566400,0.0025811,0.002675,0.0025522,0.0025932,48308176,334332828.2,,0.0024447180000000002,0.002551533333333333
1572652800,0.0025994,0.0026114,0.0025463,0.0025773,136199748,315837478.4,,0.0024480780000000002,0.0025630285714285713
1572739200,0.0025966,0.0026369,0.0025427,0.0025861,94348909,256474243.05,,0.0024518760000000004,0.0025765714285714285
1572825600,0.0025803,0.0026,0.002538,0.0025751,89131455,253817272,,0.0024553780000000002,0.0025909666666666664
1572912000,0.0025751,0.0026045,0.0025501,0.0025927,89896615,244759907.45,,0.002459282,0.002603238095238095
1572998400,0.0025881,0.00261,0.00255,0.0025952,78525806,215023383.4,,0.0024632900000000004,0.002610590476190476
1573084800,0.0025942,0.0027449,0.0025694,0.0026982,389579342,221397272.75,,0.0024668560000000008,0.002612190476190476
1573171200,0.002704,0.0027096,0.002535,0.0026381,140343464,223242692.05,,0.0024701940000000006,0.00261677619047619
1573257600,0.0026442,0.0027351,0.0026079,0.0027126,355378242,235346330.15,,0.002473176000000001,0.0026157761904761897
1573344000,0.0027078,0.0027849,0.0026647,0.0027565,305203814,236242232.2,,0.002476412000000001,0.0026137619047619043
1573430400,0.0027653,0.0027687,0.002646,0.002705,145629942,196105395.15,,0.002476436000000001,0.0026110428571428567
1573516800,0.0027042,0.0027244,0.0026456,0.0027078,116799812,181947139.75,,0.002476370000000001,0.0026108047619047615
1573603200,0.0027078,0.0027078,0.0026316,0.0026821,140516822,180161162.25,,0.002474966000000001,0.0026127761904761898
1573689600,0.0026751,0.0026862,0.0025991,0.002662,99444648,168623088.35,,0.0024762240000000013,0.0026135904761904758
1573776000,0.002665,0.00271,0.0025767,0.002658,196496664,162058294,,0.002479810000000001,0.0026220047619047613
1573862400,0.0026504,0.0027,0.0026164,0.0026606,184465713,161098240.45,,0.0024826700000000015,0.002631885714285714
1573948800,0.0026517,0.0026619,0.0025893,0.0026258,81768446,156204292.7,,0.0024878780000000015,0.002638728571428571
1574035200,0.0026159,0.0026299,0.0025002,0.0025395,72203979,152981515.8,,0.0024977200000000014,0.002638185714285714
1574121600,0.0025351,0.0025381,0.0024883,0.0025165,60867796,145920131.4,,0.0025074460000000017,0.002641428571428571
1574208000,0.0025206,0.00259,0.0025065,0.0025225,51326120,143821775.65,,0.002517814000000001,0.0026407523809523804
1574294400,0.0025209,0.0025302,0.0023,0.0024063,139844659,148398599.8,,0.0025275800000000015,0.0026366095238095234
1574380800,0.0024059,0.0024426,0.0021733,0.0023524,165526781,149864951.45,,0.0025361480000000015,0.0026314428571428566
1574467200,0.0023528,0.0024,0.0022612,0.0023994,172491867,153772099.35,,0.0025432300000000014,0.0026280571428571424
1574553600,0.0023892,0.0023892,0.0022323,0.002233,116673800,155149216.6,,0.0025460660000000013,0.00261957619047619
1574640000,0.0022368,0.0023206,0.002081,0.0022539,150700812,158189426.45,,0.0025495100000000014,0.0026081095238095235
1574726400,0.0022474,0.0023128,0.0022267,0.0022663,46658505,156596061.4,,0.002551176000000001,0.002599638095238095
1574812800,0.0022663,0.00236,0.0021866,0.0023208,98287760,142031482.3,,0.0025522700000000014,0.0025828238095238092
1574899200,0.0023153,0.00236,0.0022614,0.002272,98429449,139935781.55,,0.0025544720000000008,0.0025675285714285706
1574985600,0.0022735,0.0023733,0.0022722,0.0023593,98438924,127088815.65,,0.002553288000000001,0.0025519857142857136
1575072000,0.0023593,0.0023607,0.0022711,0.0022918,59323424,114794796.15,,0.002553012000000001,0.002538919047619047
1575158400,0.002292,0.0023041,0.0022323,0.0022648,71868565,111106727.3,,0.0025517180000000006,0.002518623809523809
1575244800,0.0022708,0.0022708,0.0021588,0.0022194,163746405,113454056.95,,0.002551942000000001,0.002505347619047619
1575331200,0.0022209,0.0022366,0.0021504,0.0021782,189360213,115896226.5,,0.002550338000000001,0.0024853095238095233
1575417600,0.0021731,0.002245,0.0021123,0.0021682,259311714,123889579.8,,0.002551524000000001,0.0024618952380952375
1575504000,0.0021717,0.0022199,0.0021406,0.0021755,75250597,117827276.45,,0.0025515420000000013,0.002438771428571428
1575590400,0.0021705,0.0022416,0.0021001,0.0021944,132923213,115250151.45,,0.0025504460000000014,0.0024135523809523806
1575676800,0.0021894,0.0022504,0.0021601,0.002184,61735171,114248487.7,,0.002546200000000001,0.002389080952380952
1575763200,0.0021834,0.0022499,0.00215,0.0021971,56793315,113477954.5,,0.0025389340000000014,0.0023659142857142853
1575849600,0.0021968,0.0022182,0.0021624,0.0021699,56493155,113259222.45,,0.0025323700000000017,0.002343838095238095
1575936000,0.0021635,0.002215,0.0020903,0.0021368,116186991,116502266,,0.0025235560000000015,0.002321142857142857
1576022400,0.0021402,0.002174,0.0021079,0.0021379,86454061,113832736.1,,0.0025126340000000014,0.002300728571428571
1576108800,0.0021515,0.0021688,0.0021166,0.0021344,55721062,108342450.15,,0.002502410000000002,0.0022831285714285713
1576195200,0.0021348,0.0022245,0.0021051,0.0021321,105233189,104979516.25,,0.0024920000000000016,0.002265047619047619
1576281600,0.0021274,0.0022933,0.002048,0.0021127,97345597,104013106.1,,0.002481096000000001,0.002246733333333333
1576368000,0.0021127,0.0022,0.0020938,0.0021363,61190730,99537602,,0.0024700740000000014,0.0022337857142857138
1576454400,0.0021363,0.002177,0.0020705,0.002087,99814375,102195395.5,,0.002462210000000001,0.0022232952380952372
1576540800,0.0020835,0.0021318,0.0019349,0.0019772,209772941,107769654.55,,0.002455406000000001,0.0022096428571428566
1576627200,0.0019772,0.0020868,0.0019,0.0020483,444442268,125070295.5,,0.002447682000000001,0.0022050380952380946
1576713600,0.0020541,0.00218,0.0019819,0.0020205,91905080,124743603.3,,0.002436548000000001,0.0021970904761904756
1576800000,0.0020241,0.002065,0.0019933,0.0020273,58972845,124726074.35,,0.002427424000000001,0.002183323809523809
1576886400,0.0020275,0.0020676,0.0020091,0.00204,83070907,125286191.45,,0.002416364000000001,0.0021703476190476183
1576972800,0.00204,0.0020859,0.00202,0.0020808,97517875,121974764.95,,0.002403378000000001,0.002158371428571428
1577059200,0.0020848,0.0021261,0.0020276,0.002051,187366372,121875072.9,,0.002391844000000001,0.002142561904761904
1577145600,0.002047,0.0020546,0.002002,0.0020184,61042421,111961608.25,,0.0023803820000000008,0.0021305714285714283
1577232000,0.002017,0.0020591,0.0019938,0.00204,108851438,113641650.3,,0.002369240000000001,0.002121809523809523
1577318400,0.0020331,0.0020545,0.0020013,0.0020245,81831506,111087064.95,,0.002358176000000001,0.0021137904761904754
1577404800,0.0020172,0.0020426,0.0019901,0.0020277,145246366,115262624.7,,0.002348246000000001,0.002106180952380952
1577491200,0.0020277,0.0020624,0.0020277,0.0020458,48401004,114843009.15,,0.0023375440000000013,0.0021000761904761897
1577577600,0.0020458,0.0020609,0.0020259,0.0020329,50528679,114544785.35,,0.0023264100000000014,0.0020928857142857135
1577664000,0.0020391,0.0020585,0.0020123,0.0020264,76749919,112572931.75,,0.002315356000000001,0.0020849476190476185
1577750400,0.002019,0.0020299,0.0019862,0.0020135,131083309,114804394.15,,0.0023039420000000015,0.002078366666666666
1577836800,0.0020136,0.002039,0.0020001,0.0020245,31462868,113591484.45,,0.0022905320000000014,0.0020705476190476186
1577923200,0.0020245,0.00204,0.0019485,0.0019951,191887309,117924190.45,,0.0022786860000000016,0.002063714285714285
1578009600,0.0019986,0.0020359,0.0019675,0.0020236,109005714,118507196.3,,0.0022650920000000015,0.0020578428571428565
1578096000,0.0020185,0.0021035,0.002015,0.0020579,123468609,121621090.25,,0.0022504900000000013,0.002052442857142856
1578182400,0.0020589,0.0020922,0.0020361,0.0020696,66437147,119952228.85,,0.0022366600000000014,0.002045809523809523
1578268800,0.0020722,0.0021345,0.0020692,0.0021344,108507039,114888933.75,,0.0022229940000000016,0.0020406428571428563
1578355200,0.0021333,0.0021847,0.0020777,0.002175,121470207,98740330.7,,0.002209254000000001,0.0020380333333333326
1578441600,0.0021687,0.0022263,0.0020701,0.0020886,205791636,104434658.5,,0.002196486000000001,0.002034857142857142
1578528000,0.0020934,0.0021633,0.0020642,0.0021282,80515080,105511770.25,,0.002184484000000001,0.0020371142857142847
1578614400,0.0021323,0.0022024,0.0020983,0.0021973,222205607,112468505.25,,0.0021726640000000012,0.002046533333333333
1578700800,0.0022007,0.002225,0.0021651,0.0021754,94223943,112303808.65,,0.0021628360000000013,0.0020484523809523804
1578787200,0.0021671,0.0022133,0.002155,0.0021963,49775170,105424248.55,,0.0021555460000000012,0.0020535809523809516
1578873600,0.0022026,0.0022049,0.0021652,0.0021704,66668055,105705530.25,,0.002146988000000001,0.0020616761904761896
1578960000,0.0021656,0.0023955,0.0021653,0.0023581,297610208,115143468.75,,0.0021391020000000012,0.0020681238095238085
1579046400,0.0023493,0.0024913,0.0023204,0.0023669,262905054,124197146.15,,0.002134922000000001,0.0020736238095238084
1579132800,0.002376,0.0023768,0.0022871,0.0023276,98583989,121864027.3,,0.0021313820000000007,0.0020793095238095228
1579219200,0.0023343,0.0025035,0.0023159,0.0024868,280388650,133463409.6,,0.0021273200000000007,0.0020954857142857133
1579305600,0.0024855,0.0025225,0.0024441,0.0025115,191378707,140505911,,0.0021260680000000005,0.00211105238095238
1579392000,0.0025137,0.0025833,0.0023269,0.0023982,161012185,144719024.3,,0.0021281520000000008,0.0021254857142857134
1579478400,0.0023999,0.002427,0.0023468,0.002376,95126694,142921193.55,,0.0021301640000000004,0.002147347619047618
1579564800,0.002376,0.0023952,0.0023206,0.0023673,130661575,147881128.9,,0.0021303000000000003,0.0021695238095238083
1579651200,0.0023583,0.0023904,0.0023353,0.0023434,72204081,141896967.5,,0.0021345960000000008,0.0021869190476190466
1579737600,0.002343,0.0023478,0.002225,0.0022514,120187526,142456058.1,,0.0021376400000000005,0.0022035666666666656
1579824000,0.002255,0.0022885,0.0021968,0.0022698,72913429,139928299.1,,0.0021397680000000002,0.0022204142857142847
1579910400,0.0022706,0.0022708,0.0022265,0.002251,74227952,140317839.35,,0.002141992,0.002235599999999999
1579996800,0.0022497,0.0023091,0.0022364,0.0022854,62787676,138031871.2,,0.00214495,0.0022478047619047606
1580083200,0.002291,0.0024271,0.002256,0.0023594,189983953,141457558.5,,0.0021482539999999996,0.00225952857142857
1580169600,0.0023594,0.0024437,0.00235,0.0024412,132996335,137817793.45,0.0025173355000000005,0.0021499179999999994,0.0022687238095238085
1580256000,0.0024427,0.0024477,0.002371,0.0023865,113185519,139451315.4,0.0025098215000000004,0.0021518039999999998,0.0022789999999999985
1580342400,0.0023865,0.0024243,0.0023544,0.002414,78294104,132255740.25,0.0025040385,0.002152936,0.0022897142857142847
1580428800,0.0024164,0.002445,0.002362,0.0023776,106455643,132867325.25,0.002497607,0.0021549639999999997,0.002302390476190475
1580515200,0.0023776,0.002417,0.002373,0.002417,69780779,133867605.7,0.002491666,0.0021582099999999994,0.0023165761904761894
1580601600,0.0024118,0.0025018,0.0023985,0.0024406,140214787,137544942.3,0.0024856485,0.0021636359999999996,0.0023301857142857133
1580688000,0.0024397,0.0024999,0.0024133,0.0024156,147181393,130023501.55,0.002480365,0.0021686299999999995,0.0023387714285714274
1580774400,0.0024167,0.0025178,0.002398,0.0025169,243323349,129044416.3,0.002476117,0.002174152,0.0023502761904761896
1580860800,0.0025169,0.0026334,0.0024723,0.0025826,456737744,146952104.05,0.002472012,0.002179016,0.0023619095238095224
1580947200,0.0025823,0.0026896,0.0025696,0.0026654,245310854,145198214.25,0.0024676785000000002,0.002184714,0.002373585714285713
1581033600,0.0026642,0.0028,0.00265,0.0027888,266969073,148977732.55,0.002465161,0.0021912719999999998,0.002381147619047618
1581120000,0.0027997,0.0032674,0.0027214,0.003171,1122954168,197074831.7,0.002461693,0.0021968579999999995,0.002391419047619047
1581206400,0.0031745,0.00489,0.003078,0.0032235,1307461248,257691559.4,0.002459781,0.0022054559999999997,0.002407504761904761
1581292800,0.0032155,0.0032819,0.0028417,0.0029663,810781064,291697533.85,0.0024575730000000002,0.0022175639999999996,0.0024218857142857134
1581379200,0.0029618,0.0030946,0.0028388,0.00303,584824864,317328573,0.0024541615,0.0022299059999999994,0.0024532904761904754
1581465600,0.00303,0.0031568,0.003,0.0030589,621222834,342380338.4,0.0024516299999999998,0.0022452719999999995,0.0024925904761904753
1581552000,0.0030599,0.00321,0.0029443,0.0030132,570152846,367242309.25,0.0024491495,0.002268146,0.002520699999999999
1581638400,0.0030098,0.0031383,0.0029756,0.0031067,305515579,378806690.6,0.0024472425000000003,0.0022918159999999995,0.002552257142857142
1581724800,0.0031099,0.0031769,0.00284,0.0029031,320372009,391685907.25,0.002446403,0.0023095259999999997,0.0025863285714285704
1581811200,0.0028981,0.0029621,0.0026023,0.0027522,417846263,403079022.75,0.0024481620000000003,0.0023291059999999996,0.002622604761904761
1581897600,0.0027475,0.0027561,0.0025241,0.0026999,273787797,410118595.85,0.002449909,0.0023499159999999996,0.002662457142857142
1581984000,0.0026819,0.0028656,0.0026538,0.0028286,344021674,421660403.6,0.0024504125,0.0023693799999999995,0.0026935095238095224
1582070400,0.0028349,0.0028615,0.0025623,0.0026085,156007562,425546076.5,0.0024511635000000003,0.002391024,0.002715738095238094
1582156800,0.002603,0.0029909,0.0025415,0.002653,268076623,433627125.5,0.0024524345,0.0024085319999999997,0.0027319523809523796
1582243200,0.00265,0.002712,0.0025891,0.0026481,153113913,437793782.2,0.0024535345,0.0024226599999999997,0.0027503999999999988
1582329600,0.0026469,0.0026533,0.0025719,0.0025887,107733066,436169696.15,0.0024552365,0.002436,0.002760971428571427
1582416000,0.0025905,0.00268,0.0025905,0.0026772,85158189,433068535.95,0.0024558095,0.002452044,0.00277235238095238
1582502400,0.0026744,0.0026822,0.0025436,0.0025769,123771852,427090961.1,0.002455279,0.002463944,0.002785233333333332
1582588800,0.0025831,0.0025831,0.0023977,0.0024734,256619298,417085038.8,0.0024542764999999998,0.002476514,0.0027934095238095224
1582675200,0.0024733,0.0024864,0.0021862,0.0023439,305716693,420105330.75,0.0024539215,0.002489574,0.002804676190476189
1582761600,0.0023406,0.0024164,0.0023,0.0023255,164177168,414965735.5,0.0024524670000000003,0.0025008759999999995,0.0028123571428571416
1582848000,0.0023255,0.00237,0.0022161,0.0022823,99076087,363771831.45,0.002451121,0.0025132619999999996,0.002810285714285713
1582934400,0.0022823,0.0023197,0.0022112,0.0022153,84399218,302618729.95,0.0024491475,0.0025234079999999996,0.0027989190476190463
1583020800,0.0022202,0.00231,0.0022004,0.0022794,116810334,267920193.45,0.0024473125000000003,0.002530188,0.002782733333333332
1583107200,0.0022688,0.0023792,0.0022205,0.0023471,96449244,243501412.45,0.0024457705,0.0025335659999999997,0.002758614285714284
1583193600,0.002358,0.0025355,0.0023082,0.0024985,276081118,226244326.65,0.0024438375,0.0025383039999999995,0.0027131047619047602
1583280000,0.0025031,0.0025033,0.00237,0.0024187,201587827,207816075.7,0.0024416395,0.002541386,0.002668147619047618
1583366400,0.0024251,0.00253,0.0024222,0.0024771,122219349,198651264.2,0.002439109,0.0025417459999999997,0.002638661904761904
1583452800,0.0024773,0.0024999,0.0024374,0.0024862,63303104,185797818.95,0.0024362995,0.0025438260000000003,0.0026133523809523797
1583539200,0.0024862,0.002494,0.0023922,0.0024066,112331024,170522057,0.002433453,0.0025468419999999997,0.0025828666666666655
1583625600,0.0024029,0.0024039,0.00215,0.0021671,181080658,165886700.05,0.00243036,0.0025534039999999996,0.002557338095238094
1583712000,0.0021714,0.0022269,0.00208,0.0022203,229780847,160174658.7,0.0024281765,0.002554616,0.002527790476190475
1583798400,0.0022261,0.0022641,0.0021533,0.0022053,225779527,163663256.95,0.0024269540000000003,0.0025568199999999996,0.002504147619047618
1583884800,0.0022021,0.0022181,0.0020911,0.0021716,128060172,156662434.4,0.0024261915,0.0025599919999999996,0.0024762857142857134
1583971200,0.0021759,0.0021805,0.0014003,0.0015996,770809996,187547238.55,0.0024251595000000003,0.0025583880000000004,0.002453447619047618
1584057600,0.0014971,0.0017957,0.0011345,0.001746,372647948,200792982.65,0.00242407,0.0025515,0.0024237666666666654
1584144000,0.0017226,0.0017771,0.001633,0.0016632,224230347,207746590.55,0.0024225930000000002,0.002547942,0.0024029619047619038
1584230400,0.0016603,0.0018329,0.0016295,0.0016932,183272920,210721643.95,0.0024210660000000004,0.0025445280000000003,0.0023527999999999986
1584316800,0.0016903,0.0017,0.0013478,0.0015817,232810549,209531206.5,0.0024187025,0.0025406140000000005,0.002309842857142856
1584403200,0.0015927,0.0016873,0.001546,0.0016219,120269653,200258854.5,0.0024165750000000002,0.002525738000000001,0.0022657714285714272
1584489600,0.0016219,0.0016428,0.0015442,0.0016002,153194705,199709731.35,0.0024142675,0.0025156300000000005,0.0022189142857142845
1584576000,0.0016002,0.0018395,0.001565,0.00177,315677300,210539792,0.0024120145000000003,0.0025034980000000007,0.0021715238095238085
1584662400,0.00176,0.0019361,0.0016412,0.0017802,301406598,221390161,0.002406894,0.0024923420000000007,0.002130976190476189
1584748800,0.0017758,0.0018533,0.0016964,0.0017849,120948576,221597073.1,0.0024024195,0.0024782680000000005,0.0020955619047619035
1584835200,0.0017897,0.0018447,0.0017155,0.0017264,156027627,224575992.25,0.0023977390000000003,0.0024635180000000005,0.0020691095238095226
1584921600,0.0017222,0.0018576,0.0016843,0.0018192,180308460,219787359.35,0.0023937225,0.0024466980000000006,0.002045199999999999
1585008000,0.001826,0.001916,0.0018047,0.0018641,283137113,223864823.65,0.002389509,0.0024343680000000006,0.0020247047619047606
1585094400,0.0018511,0.0018947,0.00179,0.0018296,170824524,226295082.4,0.0023853940000000003,0.0024216920000000005,0.0019983714285714276
1585180800,0.0018296,0.0018673,0.0018111,0.0018519,151160373,230687945.85,0.0023811310000000003,0.0024098380000000005,0.001973233333333332
1585267200,0.001847,0.00187,0.0017408,0.0017766,195811269,234861958.1,0.0023776795000000003,0.0023960260000000008,0.0019430238095238081
1585353600,0.0017754,0.001809,0.0016981,0.001783,314932329,241554541.65,0.0023736395,0.0023835980000000007,0.0019149714285714274
1585440000,0.001793,0.0018001,0.0017018,0.0017099,156054263,237868212.45,0.0023697675000000002,0.0023725680000000007,0.001885199999999999
1585526400,0.0017202,0.0019,0.001709,0.0017957,116199882,232389230.2,0.0023658510000000004,0.002358822000000001,0.0018514095238095225
1585612800,0.0017994,0.0018286,0.001792,0.0018041,67786701,229375556.65,0.0023624925,0.0023442080000000004,0.0018217142857142846
1585699200,0.0018,0.0018743,0.0017659,0.0018631,152034474,198436780.55,0.0023594630000000004,0.0023264320000000007,0.0017999428571428562
1585785600,0.0018637,0.00195,0.0018405,0.0018777,146749302,187141848.25,0.00235634,0.002306316000000001,0.0017797238095238084
1585872000,0.0018701,0.0019048,0.0018205,0.0018467,97617758,180811218.8,0.0023533070000000002,0.0022770940000000008,0.0017606190476190462
1585958400,0.0018467,0.0019085,0.001828,0.0018697,92364705,176265808.05,0.0023500145000000003,0.0022485380000000004,0.0017459285714285702
1586044800,0.0018745,0.0018817,0.0018381,0.00185,55344996,167392530.4,0.002346837,0.0022252940000000005,0.0017591714285714272
1586131200,0.0018469,0.0019901,0.0018443,0.0019896,210552139,171906654.7,0.0023434405,0.0022019560000000006,0.0017639666666666655
1586217600,0.0019894,0.0020209,0.0019501,0.0019943,202961221,174394980.5,0.002340455,0.0021783320000000003,0.0017737999999999986
1586304000,0.0019966,0.0020426,0.001967,0.0020038,90384907,163130360.85,0.0023374805000000005,0.0021550020000000005,0.0017812666666666655
1586390400,0.0020037,0.0020454,0.0019852,0.0020151,89094012,152514731.55,0.0023347000000000003,0.0021302620000000004,0.0018006904761904748
1586476800,0.0020226,0.0020356,0.001873,0.001965,212989247,157116765.1,0.0023319585000000005,0.0021092000000000003,0.0018184238095238082
1586563200,0.0019654,0.00201,0.0019349,0.0019645,76732837,153152025.6,0.0023290375,0.002093948,0.001837642857142856
1586649600,0.001968,0.002012,0.0019392,0.0019673,114627907,149867997.95,0.0023254160000000003,0.0020798360000000003,0.001849314285714285
1586736000,0.0019641,0.001976,0.0018598,0.0019533,185252284,144973756.5,0.0023211585,0.0020633400000000003,0.0018581142857142848
1586822400,0.0019533,0.001977,0.0019315,0.0019656,67401911,139802625.85,0.002317565,0.0020514720000000004,0.0018666666666666656
1586908800,0.0019646,0.0019731,0.00189,0.0019061,143735234,139431368.9,0.0023142880000000003,0.0020377120000000006,0.0018781380952380942
1586995200,0.001903,0.00203,0.0018722,0.001995,151063706,137193990.75,0.002311421,0.0020240400000000004,0.0018845238095238086
1587081600,0.0020002,0.0020047,0.001974,0.001983,55401970,124217472.8,0.0023086865000000005,0.0020116120000000003,0.0018893571428571416
1587168000,0.0019886,0.0020962,0.00198,0.0020445,92775767,121053548,0.0023062745000000003,0.0019971340000000002,0.0018929999999999989
1587254400,0.0020463,0.0020722,0.0019977,0.0020313,70450538,118766080.8,0.002305147,0.001984908,0.0018998142857142841
1587340800,0.0020311,0.0020499,0.0019354,0.0019787,180876115,124420551.5,0.0023041050000000003,0.001973562,0.0019096428571428558
1587427200,0.0019688,0.002,0.00193,0.00195,85730979,121105376.75,0.0023031735,0.001966584,0.001922095238095237
1587513600,0.0019497,0.00205,0.0019425,0.0019957,72581197,117396971.5,0.0023021400000000003,0.001959734,0.0019373999999999988
1587600000,0.002,0.0021612,0.0019886,0.0020512,243115927,124671879.95,0.0023006835,0.001954978,0.0019461142857142844
1587686400,0.0020449,0.0021075,0.0020431,0.0020832,75266362,123816962.8,0.0022997315000000003,0.001951298,0.0019530619047619037
1587772800,0.002083,0.0021533,0.0020682,0.0021245,173120551,129705740.55,0.0022977730000000003,0.0019452839999999998,0.0019593761904761905
1587859200,0.0021303,0.0024479,0.0021283,0.0024076,804586311,159407449.15,0.0022962440000000002,0.0019373419999999999,0.001967638095238095
1587945600,0.0024032,0.0024137,0.0022821,0.0023456,475335023,173026139.25,0.0022947855000000003,0.0019272860000000003,0.0019789
1588032000,0.0023459,0.0023565,0.0023,0.002327,168260399,176919913.85,0.0022931905000000007,0.001919936,0.0019910333333333333
1588118400,0.0023178,0.002542,0.0023066,0.0024912,354821868,190206306.65,0.0022914940000000003,0.0019120580000000001,0.0020175857142857145
1588204800,0.0024912,0.0026904,0.0023585,0.002433,551825570,207148122.8,0.0022900115000000004,0.001904824,0.0020345380952380954
1588291200,0.0024225,0.0025466,0.0024176,0.0024749,220229951,214322978.5,0.0022889290000000003,0.001904844,0.0020503809523809524
1588377600,0.0024782,0.0025574,0.0024501,0.002542,148558121,216019489.2,0.00228769,0.0019084140000000002,0.0020735904761904765
1588464000,0.0025393,0.00258,0.00246,0.0025001,167590125,215136381.25,0.0022867645000000008,0.0019105480000000002,0.0020934904761904763
1588550400,0.0025011,0.0025094,0.0023375,0.0024605,151515338,219342052.6,0.0022870415000000007,0.0019162660000000005,0.002117771428571429
1588636800,0.0024717,0.0025183,0.0024266,0.0024738,83336304,216322106.1,0.002287269500000001,0.0019214940000000002,0.0021452714285714286
1588723200,0.0024776,0.0025623,0.0024572,0.0024801,180927494,217815295.5,0.0022874500000000008,0.0019390000000000004,0.002170642857142857
1588809600,0.00248,0.0026975,0.002459,0.0026627,366483103,233369352.15,0.0022883080000000006,0.0019549200000000006,0.002194795238095238
1588896000,0.0026632,0.0026894,0.00257,0.0026052,259386572,241699892.4,0.0022883145000000007,0.0019716580000000003,0.002218995238095238
1588982400,0.0026157,0.0026453,0.00251,0.0026075,216543474,249004539.2,0.0022879815000000007,0.001987004,0.0022463285714285713
1589068800,0.0025986,0.0025986,0.0022425,0.0024602,321215093,256021488.1,0.002288209500000001,0.0020048460000000002,0.0022781238095238095
1589155200,0.0024432,0.0025373,0.0022957,0.0024125,192928752,261381376.75,0.0022876290000000007,0.0020220100000000003,0.002307752380952381
1589241600,0.0024045,0.0025132,0.0023993,0.0024606,107312600,263117946.9,0.0022862290000000007,0.0020432600000000003,0.002334561904761905
1589328000,0.0024605,0.0025425,0.0024433,0.0025245,168041623,259364231.7,0.002285122000000001,0.002059964,0.0023549857142857143
1589414400,0.0025191,0.00265,0.0025,0.0025813,315454837,271373655.45,0.0022839345000000007,0.00207651,0.002375642857142857
1589500800,0.0025727,0.0025828,0.00246,0.0024888,126538135,269044534.65,0.002283672500000001,0.0020900160000000005,0.0023999571428571427
1589587200,0.0025005,0.0025345,0.0024728,0.0025098,82487862,232939612.2,0.002283259000000001,0.0021037380000000004,0.002425138095238095
1589673600,0.0025084,0.00258,0.002502,0.0025331,103697263,214357724.2,0.002283641000000001,0.0021165660000000003,0.002450380952380952
1589760000,0.002525,0.0025899,0.0024987,0.0025379,93527053,210621056.9,0.002283569000000001,0.002129774,0.002469695238095238
1589846400,0.00254,0.0025775,0.0024903,0.0025487,90146889,197387307.95,0.002283040000000001,0.0021448080000000002,0.002488042857142857
1589932800,0.0025394,0.002566,0.0024588,0.0025002,152417725,177416915.7,0.002281996000000001,0.0021575460000000006,0.002494019047619047
1590019200,0.0025012,0.0025514,0.0024215,0.0024774,205051270,176657981.65,0.0022816560000000013,0.0021722100000000004,0.00250317619047619
1590105600,0.002477,0.00255,0.0024627,0.0025175,107093984,174584774.8,0.0022813625000000014,0.0021872120000000004,0.002513733333333333
1590192000,0.0025199,0.0025631,0.0024936,0.0025271,160030526,174206794.85,0.002280674000000001,0.002203772,0.0025141619047619043
1590278400,0.0025356,0.002563,0.002435,0.0024461,160499199,174655987.9,0.002280098000000001,0.0022188320000000004,0.0025162761904761904
1590364800,0.0024379,0.002548,0.00242,0.0025324,280489252,184513635.3,0.0022797955000000013,0.0022327540000000004,0.002518304761904762
1590451200,0.0025251,0.0025329,0.0024571,0.0024781,186936703,184814095.75,0.002279563000000001,0.0022450400000000002,0.0025175952380952376
1590537600,0.002478,0.0025186,0.0024499,0.0024998,176177359,175298808.55,0.002279340500000001,0.0022578360000000005,0.002515023809523809
1590624000,0.0024998,0.0025599,0.0024816,0.002523,256317241,175145342,0.002278955000000001,0.002271444,0.0025184476190476183
1590710400,0.0025265,0.0025533,0.0024995,0.0025303,142622163,171449276.45,0.0022784115000000008,0.0022829720000000003,0.0025186523809523804
1590796800,0.0025302,0.0026299,0.002526,0.002618,217499962,166263519.9,0.002278123500000001,0.0022966200000000005,0.002519590476190476
1590883200,0.0026181,0.0026822,0.002543,0.0025599,164715811,164852872.85,0.0022777955000000006,0.0023063900000000006,0.002512938095238095
1590969600,0.0025492,0.0027,0.0024997,0.0026452,291813951,174077940.4,0.0022770500000000005,0.0023165000000000004,0.002509371428571428
1591056000,0.0026565,0.0026647,0.0024696,0.0025666,325981114,181974914.95,0.0022762210000000006,0.0023268840000000004,0.002509871428571428
1591142400,0.002561,0.002596,0.0025177,0.0025867,130101538,172707250,0.0022754210000000006,0.0023371880000000005,0.0025146190476190468
1591228800,0.0025805,0.0026679,0.0025656,0.002623,326193437,182690015.1,0.0022743570000000003,0.0023502480000000005,0.0025256999999999996
1591315200,0.002623,0.0026288,0.00258,0.0025907,114071897,184269216.85,0.0022731895000000003,0.0023621560000000007,0.002530747619047618
1591401600,0.0025834,0.0025999,0.0025507,0.0025926,101549796,184161843.5,0.002272316000000001,0.0023757140000000006,0.0025337095238095234
1591488000,0.0025899,0.0026135,0.00255,0.0025987,132911616,186131071.65,0.0022718670000000003,0.0023879800000000005,0.0025356952380952377
1591574400,0.0025912,0.0026038,0.0025505,0.0025786,121989865,187723220.45,0.0022712560000000006,0.0024004020000000003,0.0025405476190476185
1591660800,0.0025848,0.0025888,0.00249,0.0025586,116938419,185949255.15,0.0022711720000000006,0.0024147400000000003,0.002544490476190476
1591747200,0.0025586,0.0025953,0.0025409,0.0025761,113128228,181353103.05,0.0022707150000000004,0.0024266540000000003,0.0025476142857142853
1591833600,0.00258,0.0025938,0.0023801,0.0024463,169023974,184449602.55,0.0022703455000000006,0.002438846,0.0025495523809523804
1591920000,0.0024463,0.002525,0.0024351,0.0025,133287436,183112448.05,0.0022703315000000006,0.0024499300000000003,0.002550023809523809
1592006400,0.002514,0.0025338,0.0024869,0.0025241,93631744,179769075.3,0.0022705875000000007,0.0024608760000000003,0.0025536380952380948
1592092800,0.0025135,0.0025319,0.002482,0.0024972,65658290,169027527.2,0.002270968000000001,0.0024724740000000005,0.0025521571428571426
1592179200,0.0024886,0.0024941,0.0023963,0.0024743,147058752,167033629.65,0.0022713490000000006,0.0024849960000000006,0.0025513238095238094
1592265600,0.0024701,0.0024999,0.0024087,0.0024855,219496367,169199580.05,0.002272210500000001,0.0024940080000000002,0.002551180952380952
1592352000,0.0024856,0.0025024,0.0024445,0.0024806,136091681,163188302.05,0.0022732415000000007,0.002502984,0.002553614285714285
1592438400,0.0024788,0.0024919,0.0024322,0.0024575,59137982,159014093,0.0022741250000000005,0.002511802000000001,0.0025508476190476185
1592524800,0.002457,0.002468,0.0024256,0.0024399,84566591,152367424.45,0.0022751915000000004,0.002519256,0.0025511999999999996
1592611200,0.0024399,0.0024516,0.0023921,0.0024419,59266072,147094937.5,0.0022764220000000006,0.0025205900000000005,0.002550285714285714
1592697600,0.0024466,0.0024658,0.0024277,0.0024295,84555177,136731998.8,0.0022777110000000004,0.002523388,0.0025471666666666663
1592784000,0.0024357,0.0025001,0.002432,0.0024731,118270150,126346450.6,0.0022785930000000006,0.0025264600000000003,0.0025428619047619043
1592870400,0.0024828,0.0024909,0.0024615,0.0024686,96686433,124675695.35,0.0022796045000000008,0.0025257860000000004,0.0025344761904761903
1592956800,0.0024775,0.0024867,0.0023772,0.0024193,124832546,114607650.8,0.002280235500000001,0.002525924,0.0025282666666666662
1593043200,0.0024247,0.0024288,0.002378,0.0024081,73502899,112579200.9,0.0022811795000000005,0.0025252640000000006,0.002520071428571428
1593129600,0.0024111,0.002417,0.0023465,0.0023593,69665977,110985009.95,0.002282143000000001,0.002523014,0.0025154047619047617
1593216000,0.0023515,0.0023635,0.00227,0.0023045,94867690,109082813.65,0.0022832455000000008,0.0025224740000000002,0.002507433333333333
1593302400,0.0023041,0.0023459,0.0022784,0.0023142,116394661,108803053.45,0.002284564000000001,0.0025226360000000004,0.0024971999999999998
1593388800,0.0023194,0.00233,0.0022908,0.0023077,85385099,107225387.45,0.0022858705000000008,0.002521546000000001,0.002486180952380952
1593475200,0.002303,0.0023257,0.0022821,0.0023185,58330225,104485487.3,0.002287358500000001,0.0025201060000000003,0.0024724619047619043
1593561600,0.0023101,0.0023709,0.0023,0.0023203,120676078,102068092.5,0.002288729500000001,0.002514038,0.002458914285714285
1593648000,0.0023251,0.0023498,0.0022839,0.002322,97986311,100303036.25,0.0022899060000000004,0.002508024,0.0024460142857142854
1593734400,0.0023172,0.0023345,0.0022882,0.0023139,76387879,99440843,0.0022909610000000006,0.0025021580000000004,0.002434580952380952
1593820800,0.0023155,0.0023312,0.0022993,0.0023012,60368775,99176367.25,0.0022919080000000005,0.0024991080000000003,0.0024223999999999995
1593907200,0.0023033,0.002319,0.0022787,0.0023029,88706470,96258753.15,0.0022927465000000006,0.002497228,0.0024164809523809514
1593993600,0.0022988,0.002622,0.002293,0.0026193,461294907,108348680.15,0.0022936280000000007,0.0024944220000000005,0.0024076190476190465
1594080000,0.0026191,0.0032953,0.0025999,0.003136,3965388549,299813523.55,0.0022944945000000004,0.0024903720000000002,0.0023970047619047614
1594166400,0.003136,0.0055999,0.00291,0.0047657,23657008079,1479707028.4,0.0022954265000000008,0.002485024,0.0023877523809523802
1594252800,0.0047626,0.0050594,0.00405,0.0043214,8645375967,1907747497.2,0.0022964645000000004,0.002481272,0.002394657142857142
1594339200,0.0043225,0.0043334,0.0034001,0.0035313,7536784753,2281623431.25,0.0022973930000000004,0.002477134,0.0024256333333333327
1594425600,0.0035313,0.0039634,0.0034555,0.0038041,3661361202,2460463732.5,0.0022985275,0.0024788580000000004,0.002534447619047619
1594512000,0.0038109,0.0038501,0.0035799,0.0036358,1546255634,2531863006.7,0.0023001475000000004,0.0024908200000000004,0.002623204761904762
1594598400,0.0036357,0.0036408,0.0029767,0.0031677,4007164536,2727386911.85,0.0023014205,0.0025351600000000003,0.002675176190476191
1594684800,0.0031587,0.00339,0.0030302,0.0032888,2316802022,2836985385.65,0.0023044145,0.0025715840000000005,0.002740042857142857
1594771200,0.0032911,0.0032911,0.003056,0.0030868,1386310052,2902625743.3,0.002309958,0.002592662000000001,0.002797485714285714
1594857600,0.0030954,0.003096,0.0028525,0.0029808,2070197756,3002652332.25,0.0023235864999999996,0.0026183940000000005,0.0028305619047619044
1594944000,0.0029808,0.00309,0.0029169,0.0030528,1885382230,3092178059.25,0.0023347894999999996,0.0026405680000000003,0.0028696190476190475
1595030400,0.0030528,0.00368,0.003013,0.003449,8332776850,3502997168.7,0.0023421909999999995,0.0026550000000000007,0.0029014047619047617
1595116800,0.0034488,0.0037789,0.0033104,0.0033811,3659586603,3681707243.9,0.0023511194999999998,0.0026701280000000003,0.0029286761904761902
1595203200,0.0033811,0.0034315,0.00314,0.0032201,1636615889,3760621527.1,0.0023590984999999997,0.002682302,0.0029617
1595289600,0.0032192,0.0033659,0.0031377,0.0032979,1188848956,3814030171,0.0023648145,0.0026919220000000007,0.0030162
1595376000,0.0032978,0.003305,0.0032089,0.0032868,591711751,3838716443,0.00237112,0.0027025180000000005,0.003067004761904762
1595462400,0.0032917,0.003337,0.0032598,0.0032997,792908063,3874542452.2,0.002376325,0.002720892000000001,0.0031104523809523813
1595548800,0.0033035,0.0033114,0.0031465,0.0032113,824558980,3912751962.45,0.0023810645,0.0027361540000000006,0.003157090476190476
1595635200,0.0032173,0.0033433,0.0031761,0.0032475,867588133,3951696045.6,0.0023861965,0.002749358000000001,0.003203114285714285
1595721600,0.003249,0.0032898,0.0031728,0.0032323,888157925,3973039196.5,0.0023933739999999998,0.0027624120000000005,0.003249671428571428
1595808000,0.0032374,0.0032441,0.0030019,0.0031694,1339892681,3841764403.1,0.002400157,0.002776816000000001,0.0032924047619047616
1595894400,0.00317,0.003225,0.0031238,0.003188,649930752,2691410536.75,0.002406282,0.002791076000000001,0.003337466666666666
1595980800,0.0031886,0.0033,0.0031542,0.0031663,675383829,2292910929.85,0.0024126535,0.002802842000000001,0.0033817238095238096
1596067200,0.0031707,0.00325,0.0031334,0.0032281,523325865,1942237985.45,0.0024187979999999998,0.002815978000000001,0.0034079190476190477
1596153600,0.0032304,0.0032412,0.0031713,0.003224,632319202,1790785885.45,0.0024249485000000003,0.002828772000000001,0.003410395238095238
1596240000,0.0032204,0.0039,0.0032001,0.0037144,4298724372,1928409322.35,0.0024303330000000002,0.002840186000000001,0.003334233333333333
1596326400,0.0037096,0.0037754,0.0031,0.0033312,2337347018,1844918446.45,0.0024356955,0.002852374000000001,0.003282171428571428
1596412800,0.0033351,0.0034468,0.0032995,0.0033818,859800460,1772068368.35,0.0024414140000000003,0.0028645280000000007,0.0032675380952380947
1596499200,0.0033828,0.0035746,0.0033608,0.0035458,1247440791,1765124905.3,0.00244662,0.002877568000000001,0.0032632666666666662
1596585600,0.0035459,0.0035871,0.003449,0.0035028,1099317757,1716580905.35,0.0024515735,0.0028931220000000006,0.0032487619047619045
1596672000,0.0035024,0.00365,0.00345,0.00356,908946142,1667759100.95,0.002456528,0.002917410000000001,0.003258957142857143
1596758400,0.0035602,0.003617,0.003317,0.003496,886076044,1295424060.65,0.002461687,0.0029335520000000007,0.0032711952380952377
1596844800,0.0034961,0.0035249,0.0033981,0.0035134,624969060,1143693183.5,0.0024669550000000003,0.0029512440000000013,0.0032910047619047617
1596931200,0.0035179,0.00353,0.0034103,0.0034664,587442093,1091234493.7,0.0024737365000000004,0.002972674000000001,0.003318585714285714
1597017600,0.0034677,0.0035559,0.0034089,0.0034952,826540351,1073119063.45,0.0024785580000000005,0.0029930200000000007,0.0033396904761904757
1597104000,0.0034947,0.0035778,0.0033168,0.0033906,1215986149,1104332783.35,0.0024838290000000003,0.0030146080000000007,0.0033427571428571424
1597190400,0.0033873,0.0034965,0.0033165,0.0034606,829060692,1106140414.8,0.0024891240000000005,0.0030353780000000013,0.003346819047619047
1597276800,0.0034599,0.0035208,0.003335,0.0034877,1141424689,1121983700.25,0.0024940805000000003,0.003056848000000001,0.003359919047619047
1597363200,0.0034877,0.00359,0.0034334,0.0035731,852114289,1121210008.05,0.0024998895,0.003077338000000001,0.0033643333333333338
1597449600,0.0035736,0.0036243,0.0034617,0.0035328,1065565878,1130080405.7,0.0025054895,0.0030986520000000012,0.0033726095238095243
1597536000,0.0035319,0.0035583,0.0034382,0.0035302,756283319,1100899937.6,0.00251122,0.003117002000000001,0.0033815619047619055
1597622400,0.003526,0.0037238,0.0034927,0.0035877,1596549440,1148230872,0.0025168350000000007,0.0031368420000000012,0.003398790476190477
1597708800,0.0035821,0.0037165,0.0034297,0.003476,1122350625,1170579211.8,0.0025230540000000003,0.003158210000000001,0.0034123761904761903
1597795200,0.0034795,0.0035374,0.0033341,0.0034196,865075768,1187666706.95,0.0025286580000000005,0.003181510000000001,0.003426561904761905
1597881600,0.0034197,0.0035043,0.0033711,0.0034399,483184322,1180209962.95,0.0025347060000000003,0.0032049800000000014,0.0034464809523809523
1597968000,0.0034386,0.0035651,0.0033622,0.0033776,1082335183,1019390503.5,0.0025407175000000002,0.003229494000000001,0.003460195238095238
1598054400,0.0033808,0.0034605,0.0033201,0.0034331,663901289,935718217.05,0.0025467860000000005,0.003254964000000001,0.0034722571428571426
1598140800,0.003431,0.0034562,0.0033607,0.0033955,449353268,915195857.45,0.0025522440000000004,0.003278330000000001,0.003482342857142857
1598227200,0.0033977,0.0034689,0.0033715,0.0034116,697239432,887685789.5,0.0025579625,0.0033003520000000008,0.0034896571428571425
1598313600,0.003407,0.0034261,0.0032092,0.0032907,804352786,872937540.95,0.0025638310000000004,0.0033227440000000007,0.003476261904761905
1598400000,0.0032896,0.0033461,0.0032323,0.0032939,573094887,856144978.2,0.002569323,0.0033438560000000005,0.0034793238095238103
1598486400,0.0032916,0.0033078,0.0031427,0.0031997,811879341,852435143.05,0.0025743360000000004,0.0033662400000000004,0.0034807428571428578
1598572800,0.0032017,0.0032687,0.0031678,0.0032637,414648220,841919101.05,0.0025793325,0.003388126,0.003468595238095239
1598659200,0.0032636,0.0032973,0.0032285,0.0032749,443081651,834701078.95,0.0025841425,0.0034103000000000007,0.00345864761904762
1598745600,0.0032751,0.003348,0.003261,0.0032981,456619299,816205026.35,0.0025887235000000004,0.0034237280000000004,0.0034414904761904765
1598832000,0.0032981,0.0033054,0.0031841,0.0032073,792397030,795025570.4,0.002592788,0.0034268860000000005,0.0034304285714285717
1598918400,0.0032061,0.0032784,0.0031519,0.0032411,728992095,790022140.55,0.002596519,0.003395566000000001,0.003419071428571429
1599004800,0.0032398,0.0032626,0.0030101,0.0031161,758139570,770857884.6,0.0025990285000000004,0.003374412000000001,0.003411057142857144
1599091200,0.0031185,0.0031265,0.0027,0.0027692,1202524192,788378379.75,0.0025996430000000004,0.0033692840000000006,0.00339734761904762
1599177600,0.0027704,0.0029632,0.0027006,0.0028797,1128781264,791539149.05,0.002599524,0.0033591640000000004,0.0033902285714285715
1599264000,0.0028789,0.0029269,0.0026786,0.002764,1058743832,806662174.7,0.0026010110000000003,0.0033505940000000006,0.0033738238095238097
1599350400,0.0027505,0.0028068,0.0026875,0.0027859,1165434272,785106416.3,0.0026022355,0.0033520620000000007,0.0033396095238095234
1599436800,0.0027814,0.0028373,0.002688,0.0028151,930536034,775515686.75,0.0026034314999999995,0.0033486080000000003,0.0033065904761904754
1599523200,0.0028188,0.0028386,0.0026742,0.002747,602845165,762404156.6,0.002604402,0.003342256,0.0032699809523809515
1599609600,0.0027455,0.002805,0.0026863,0.002779,603901405,768440010.75,0.002605074,0.003340234,0.003234538095238095
1599696000,0.0027779,0.002848,0.0027522,0.0028077,589054621,743775982.65,0.0026061389999999995,0.003334458,0.0031977476190476186
1599782400,0.002806,0.00282,0.0027364,0.0027956,633511688,742256502.6,0.002606224,0.003321196,0.0031630333333333327
1599868800,0.0027952,0.0028321,0.00276,0.0028141,538072324,746692455.4,0.0026071230000000003,0.0033098759999999994,0.0031325285714285714
1599955200,0.002814,0.0028199,0.0027403,0.002783,736932793,748677123.45,0.0026068,0.0033004139999999993,0.0031024238095238095
1600041600,0.0027836,0.0028143,0.0027334,0.0027851,622069203,739562944.3,0.0026076869999999996,0.0032900359999999997,0.0030747095238095237
1600128000,0.0027876,0.0028699,0.0027751,0.0028278,837946931,752805546.5,0.0026084974999999997,0.0032804539999999995,0.0030452333333333328
1600214400,0.002827,0.00285,0.00278,0.0028053,718768350,748149996.95,0.002608991999999999,0.0032703719999999993,0.0030160666666666663
1600300800,0.0028079,0.0028577,0.0027625,0.0028078,708422584,762838715.15,0.0026099434999999993,0.0032624279999999995,0.0029862333333333328
1600387200,0.0028047,0.002815,0.0027468,0.0027892,596841059,770526685.55,0.0026105959999999993,0.003253137999999999,0.0029641904761904757
1600473600,0.0027876,0.0028099,0.0027635,0.0027901,896333697,792512405.45,0.0026116894999999997,0.0032441939999999993,0.0029409238095238093
1600560000,0.0027918,0.0028009,0.0027234,0.0027729,893231406,797554124.25,0.002613393,0.0032373619999999993,0.0029222619047619045
1600646400,0.0027732,0.0028035,0.0025688,0.0025972,1374012637,829805151.35,0.0026155884999999996,0.003229707999999999,0.0028996666666666667
1600732800,0.0025946,0.0026588,0.0025802,0.0026432,695672800,826681812.85,0.0026178864999999996,0.0032225379999999988,0.002876580952380952
1600819200,0.002641,0.0026493,0.0025364,0.0025444,499113155,791511261,0.002620614,0.0032137599999999995,0.002851571428571428
1600905600,0.0025403,0.0026612,0.0025277,0.0026297,388768314,754510613.5,0.002623564,0.0032050819999999993,0.002822519047619047
1600992000,0.0026297,0.0027192,0.0026146,0.0027015,513362397,727241541.75,0.002626206,0.0031862519999999992,0.0027940476190476187
1601078400,0.0027044,0.002761,0.0026724,0.0026972,311169397,684528298,0.0026284165,0.0031715719999999997,0.0027668238095238085
1601164800,0.0026973,0.0027351,0.0026581,0.0026954,236020657,649802529.15,0.0026298744999999997,0.0031568,0.0027601809523809515
1601251200,0.0026989,0.002744,0.0026183,0.0026504,360127848,637666663.3,0.0026316455,0.003136772,0.0027516952380952373
1601337600,0.0026474,0.0027049,0.0026307,0.0026727,412130695,628078127.8,0.0026322459999999995,0.0031193099999999997,0.0027485142857142843
1601424000,0.0026726,0.0026767,0.0026158,0.002635,347857639,616018278.7,0.0026330309999999997,0.0031021399999999998,0.0027442047619047603
1601510400,0.0026361,0.002682,0.0025575,0.0026246,647138169,616699602.75,0.00263372,0.003086164,0.0027363619047619035
1601596800,0.0026272,0.0026273,0.0025307,0.0025902,1051902545,642391113.8,0.002636033,0.0030698039999999998,0.002732823809523808
1601683200,0.0025902,0.002637,0.0025737,0.0025955,344780813,622783514.8,0.002638439,0.0030534840000000004,0.0027259666666666653
1601769600,0.0025964,0.00268,0.0025893,0.002633,362664249,609813267.1,0.0026408984999999998,0.003037034,0.0027172476190476173
1601856000,0.0026328,0.0026577,0.0025983,0.0026182,293823603,582607100.7,0.0026435174999999995,0.0030219220000000002,0.0027074666666666654
1601942400,0.00262,0.0026285,0.0025687,0.002597,535191865,573428276.45,0.0026487714999999996,0.0030052020000000002,0.0026970571428571416
1602028800,0.0025969,0.0026111,0.002556,0.0025895,748742886,575444291.55,0.0026534049999999997,0.002987252,0.002689914285714284
1602115200,0.0025881,0.00263,0.002541,0.0026098,612786395,576241558.35,0.0026582639999999996,0.0029677,0.002681966666666665
1602201600,0.0026097,0.0026701,0.0025891,0.0026556,497901615,556319954.25,0.002662921,0.002949704000000001,0.002670976190476189
1602288000,0.002657,0.0027291,0.0026472,0.0026621,445615862,533939177.05,0.0026679634999999995,0.0029314640000000004,0.0026606999999999985
1602374400,0.0026583,0.0027065,0.0026499,0.0026701,251041495,477790619.95,0.002672831499999999,0.0029116500000000004,0.0026512714285714272
1602460800,0.0026711,0.0027069,0.0026251,0.002667,421633283,464088644.1,0.0026779954999999996,0.0028939200000000003,0.002644909523809522
1602547200,0.0026669,0.0026745,0.0026285,0.0026385,283366623,453301317.5,0.0026822365,0.0028777240000000003,0.002638814285714284
1602633600,0.0026353,0.0026609,0.0026173,0.002639,216681797,444696991.65,0.0026863204999999996,0.002862038,0.0026339190476190456
1602720000,0.002639,0.0026391,0.0025648,0.0025953,311443948,434601069.2,0.0026903434999999997,0.002847728,0.0026372428571428555
1602806400,0.0025953,0.0026243,0.0025511,0.002604,445955018,441340350.25,0.0026947604999999998,0.0028324679999999994,0.002637019047619046
1602892800,0.0026029,0.0026091,0.0025733,0.0025834,142653202,436671977.5,0.0026989425,0.0028178979999999997,0.0026415238095238076
1602979200,0.0025842,0.0026055,0.00258,0.0025874,159785875,426654878.85,0.0027029324999999996,0.0028024359999999993,0.0026398857142857124
1603065600,0.0025884,0.002622,0.002569,0.0025921,477390409,429917864.55,0.002707135,0.002789402,0.0026352428571428553
1603152000,0.002592,0.0026252,0.0025792,0.0025944,417212777,433385621.45,0.0027112104999999997,0.0027754299999999997,0.0026298238095238077
1603238400,0.0025956,0.00266,0.002593,0.002623,436248066,422841116.3,0.0027155199999999995,0.0027635159999999997,0.002624680952380951
1603324800,0.002623,0.002693,0.0026159,0.002646,323059048,386398941.45,0.0027198,0.00274991,0.00262190476190476
1603411200,0.0026453,0.0026889,0.0026225,0.0026423,242563993,381288100.45,0.0027242269999999996,0.0027361599999999996,0.002618176190476189
1603497600,0.0026423,0.002647,0.00261,0.0026365,212440872,373776931.6,0.0027282684999999996,0.0027220400000000002,0.0026176047619047606
1603584000,0.0026354,0.0026749,0.002617,0.0026528,297054117,373938457.3,0.002732165,0.0027097819999999996,0.002618623809523808
1603670400,0.0026529,0.0029115,0.002632,0.002665,1878752405,441116484.3,0.0027357864999999998,0.00269742,0.00262110476190476
1603756800,0.0026658,0.0027076,0.002615,0.0026702,577965198,432577599.9,0.002739358499999999,0.002688018,0.0026230571428571417
1603843200,0.0026719,0.0026907,0.0025628,0.0025801,437955580,423836059.15,0.0027430969999999995,0.00268548,0.0026239999999999987
1603929600,0.00258,0.0026117,0.0025061,0.0025733,289596529,413420804.85,0.0027468634999999997,0.0026806160000000002,0.0026262285714285702
1604016000,0.0025726,0.0026002,0.002501,0.0025833,440794399,413179731.7,0.0027508435,0.002678392,0.0026297142857142843
1604102400,0.0025833,0.0026004,0.00255,0.0025666,260150933,413635203.6,0.0027541069999999996,0.002675974,0.0026292666666666653
1604188800,0.0025676,0.002586,0.0025521,0.0025745,132635410,399185309.95,0.002757318,0.002673076,0.0026275285714285703
1604275200,0.0025765,0.0025887,0.0025065,0.0025162,291742975,399604127.55,0.0027605629999999997,0.0026697379999999996,0.002624085714285713
1604361600,0.0025164,0.002531,0.0024519,0.0025141,332644991,405402287.25,0.0027638124999999998,0.0026656239999999997,0.0026195380952380937
1604448000,0.0025189,0.002565,0.002486,0.002546,279402291,403800204.4,0.0027673384999999996,0.002661136,0.0026149857142857133
1604534400,0.0025467,0.0026769,0.0025467,0.0026347,341107854,398557846.2,0.0027704164999999992,0.002656556,0.0026078047619047607
1604620800,0.002635,0.0028201,0.0026298,0.002757,922020782,437526225.2,0.002773446499999999,0.0026517639999999996,0.0026018809523809514
1604707200,0.0027578,0.0028424,0.002592,0.00267,748360033,466954933.1,0.0027765964999999994,0.0026464279999999997,0.00259745238095238
1604793600,0.0026724,0.002739,0.0026513,0.002707,244213598,455296092.55,0.0027796014999999998,0.002641007999999999,0.0025993285714285704
1604880000,0.002707,0.0028095,0.002657,0.002672,438097273,456340317.35,0.0027829434999999993,0.002635371999999999,0.002606614285714285
1604966400,0.0026671,0.0029198,0.0026536,0.002761,807091404,474882484.25,0.0027855494999999993,0.0026319599999999987,0.0026107380952380944
1605052800,0.0027601,0.00295,0.0027419,0.002758,560505263,486754795,0.0027882049999999993,0.0026309439999999983,0.0026164333333333323
1605139200,0.00276,0.002802,0.0027253,0.0027788,209777176,485115454.15,0.002790712499999999,0.0026285599999999985,0.0026202380952380943
1605225600,0.0027791,0.0028483,0.0027666,0.0028114,373289403,493157880.7,0.002793729499999999,0.0026268979999999986,0.002628171428571428
1605312000,0.0028156,0.0028239,0.002708,0.0027689,308002702,493705309.95,0.002797620999999999,0.0026248799999999983,0.002634599999999999
1605398400,0.0027731,0.0028285,0.0027221,0.0027718,323892550,415962317.2,0.002801220999999999,0.0026281559999999987,0.002640923809523809
1605484800,0.0027715,0.0030452,0.0027522,0.00289,1345726687,454350391.65,0.0028047774999999994,0.002630451999999999,0.0026489761904761894
1605571200,0.0028936,0.0030094,0.0028832,0.0029398,920887323,478496978.8,0.0028078814999999992,0.0026351399999999985,0.0026552809523809513
1605657600,0.0029385,0.003021,0.00281,0.0029085,1015668627,514800583.7,0.002811270499999999,0.0026387739999999987,0.002660947619047618
1605744000,0.002909,0.0029689,0.0028549,0.0029068,567308685,521126298,0.002814437999999999,0.0026401219999999987,0.002671661904761904
1605830400,0.0029096,0.0030245,0.0029005,0.002987,880383945,552137948.6,0.002816293999999999,0.0026416139999999983,0.002684499999999999
1605916800,0.0029872,0.0036062,0.0029796,0.0035132,3288496045,709930980.35,0.002818622999999999,0.0026455059999999984,0.0027001380952380943
1606003200,0.0035091,0.00369,0.0031507,0.0033415,2121938713,801440767.25,0.002820832499999999,0.0026512939999999985,0.002716019047619047
1606089600,0.0033416,0.0037,0.0032201,0.0036845,1981374929,883877264.15,0.0028222354999999995,0.0026560099999999986,0.0027352428571428564
1606176000,0.0036894,0.0042925,0.0035,0.0042592,5893223305,1164568314.85,0.0028245204999999994,0.0026614459999999983,0.002780319047619047
1606262400,0.0042589,0.0042978,0.003581,0.0037081,2828578294,1288941836.85,0.0028268449999999997,0.002668693999999999,0.0028168428571428566
1606348800,0.0037139,0.0037979,0.0029395,0.0032492,3248357755,1405258685.5,0.0028286774999999992,0.002687153999999999,0.00287247619047619
1606435200,0.003256,0.0033656,0.0030763,0.0032752,1019204144,1418800891.05,0.002830710999999999,0.0027020739999999988,0.00295557619047619
1606521600,0.0032752,0.0034841,0.003236,0.0033945,715333106,1442356866.45,0.002833343499999999,0.0027231039999999988,0.0030109142857142855
1606608000,0.0033946,0.0035384,0.00335,0.0034365,577062454,1449305125.5,0.002838540499999999,0.002755923999999999,0.00304017619047619
1606694400,0.0034427,0.0035955,0.0034001,0.003561,847539304,1451327520.5,0.0028428474999999988,0.002778145999999999,0.003064852380952381
1606780800,0.0035597,0.00358,0.0032276,0.0033211,1033683299,1474986422.3,0.002847956499999999,0.002791339999999999,0.0030993523809523804
1606867200,0.003324,0.0034423,0.0032642,0.0033624,591501037,1494072615.35,0.0028562264999999988,0.002804647999999999,0.003134090476190476
1606953600,0.003365,0.0035481,0.003345,0.003429,662685216,1508542406,0.0028617294999999992,0.0028194259999999986,0.0031764238095238094
1607040000,0.003423,0.0034484,0.0032705,0.003283,572169239,1521750732.85,0.0028656744999999988,0.002834913999999999,0.0032030952380952375
1607126400,0.0032821,0.0034153,0.00325,0.0033917,369424898,1524027350.25,0.0028699879999999987,0.002852731999999999,0.0032318761904761902
1607212800,0.003392,0.0034424,0.0033461,0.0033857,285729554,1471027493.6,0.002874657499999999,0.0028658139999999986,0.0032628380952380953
1607299200,0.0033881,0.0033985,0.0033,0.003336,312605787,1440613416.8,0.002879217499999999,0.0028802919999999987,0.0032852952380952377
1607385600,0.003336,0.0033624,0.0031105,0.0031723,521543481,1415907159.5,0.0028841159999999995,0.002896091999999999,0.0033149523809523807
1607472000,0.0031725,0.0031851,0.0030037,0.0031562,441109948,1409597222.65,0.0028882774999999996,0.0029098459999999994,0.0033441857142857134
1607558400,0.0031563,0.003171,0.003059,0.0031043,268351654,1378995608.1,0.002892540499999999,0.002925599999999999,0.003365423809523809
1607644800,0.0031091,0.0031171,0.0029969,0.0030732,328458778,1230993744.75,0.002897019999999999,0.0029416459999999987,0.0033764952380952377
1607731200,0.0030732,0.00319,0.0030732,0.0031609,334526072,1141623112.7,0.0029007454999999994,0.0029566179999999994,0.003388290476190476
1607817600,0.0031631,0.0032776,0.0031479,0.00326,374401350,1061274433.75,0.002904960499999999,0.002968221999999999,0.0033976952380952376
1607904000,0.0032604,0.0032888,0.003191,0.003226,297347285,781480632.75,0.002909387999999999,0.0029794579999999986,0.0034018
1607990400,0.003225,0.0032516,0.0031611,0.0032078,273863826,653744909.35,0.002913680999999999,0.002989083999999999,0.0033850238095238087
1608076800,0.0032073,0.0034448,0.00318,0.0034183,547786094,518716326.3,0.0029169549999999993,0.0029976279999999996,0.0033811428571428564
1608163200,0.0034179,0.0041458,0.003404,0.003722,3421588199,638835529.05,0.002920100499999999,0.003007999999999999,0.003359309523809523
1608249600,0.0037182,0.0039976,0.0035975,0.0038675,1409796634,673558705.45,0.002923391499999999,0.003020469999999999,0.0033092428571428567
1608336000,0.0038646,0.0040379,0.0037952,0.0039291,1386297504,714020457.95,0.002926095499999999,0.0030319339999999987,0.0032954428571428562
1608422400,0.0039264,0.0047496,0.0038,0.0046381,10007395897,1172013287.6,0.0029295094999999987,0.0030427899999999983,0.0033179571428571426
1608508800,0.0046405,0.0055,0.004255,0.0047784,10324744428,1636566344.05,0.0029333104999999995,0.0030577519999999987,0.0033461619047619037
1608595200,0.0047747,0.0048479,0.00433,0.0045159,2679851524,1740983868.4,0.0029368254999999985,0.0030805899999999985,0.0033716190476190465
1608681600,0.0045168,0.0048,0.003623,0.0037449,2674249457,1841562080.45,0.002940212999999999,0.0031064739999999984,0.003428838095238094
1608768000,0.0037561,0.0045999,0.0036599,0.0045731,1978566747,1911881955.85,0.002944214499999999,0.0031333899999999985,0.003486809523809523
1608854400,0.0045753,0.004643,0.0043661,0.0045549,1664864616,1976653941.75,0.002950024999999999,0.0031748199999999983,0.0035437047619047615
1608940800,0.0045607,0.0046879,0.0043963,0.0045131,1701026447,2047418786.4,0.002956136499999999,0.0032188979999999983,0.003561919047619047
1609027200,0.004513,0.0048231,0.0044,0.004547,1843249775,2123950985.8,0.002962949000000002,0.003258891999999999,0.0036163999999999996
1609113600,0.0045472,0.0047355,0.0045,0.0046015,1074600031,2151603813.3,0.002973206000000002,0.0032835079999999984,0.003676966666666666
1609200000,0.0046015,0.0046295,0.0042412,0.0045012,1071755865,2183136109.15,0.0029839830000000017,0.003324049999999999,0.0037303666666666665
1609286400,0.0044901,0.00474,0.0044165,0.0046251,1118987751,2225667914,0.002993609000000002,0.0033624539999999987,0.0037856666666666668
1609372800,0.0046251,0.0047593,0.00452,0.0046709,929996060,2255744778.1,0.0029993705000000022,0.003397575999999999,0.0038459285714285718
1609459200,0.0046716,0.005697,0.004601,0.00568,3019717963,2390004372.65,0.0030092425000000024,0.0034351159999999993,0.003909209523809524
1609545600,0.0056783,0.013988,0.005524,0.0105264,46333347255,4687951667.9,0.003019124000000002,0.003473005999999999,0.0039791571428571424
1609632000,0.0105245,0.01405,0.0092693,0.0098209,29648808916,6155524749.45,0.0030288965000000016,0.0035095899999999986,0.004053757142857143
1609718400,0.0098188,0.0115198,0.0076,0.0097613,14328029441,6858233030.2,0.003038751000000002,0.0035468719999999987,0.004177890476190475
1609804800,0.0097721,0.0102822,0.0088501,0.00997,5427135672,7102200509.1,0.003049527000000002,0.0035851299999999984,0.004528628571428571
1609891200,0.0099771,0.011,0.0095521,0.01042,6108894506,7236565824.45,0.003059533000000002,0.0036431539999999983,0.004841052380952381
1609977600,0.0104187,0.0105735,0.0087999,0.0097439,3523998014,7342275893.45,0.0030700380000000015,0.0037974539999999983,0.005152257142857143
1610064000,0.0097517,0.010318,0.0088047,0.00974,2971766597,7421549348.1,0.003080906500000002,0.003938493999999998,0.0054742666666666665
1610150400,0.0097475,0.01079,0.0096486,0.0101789,3706408260,7106499966.25,0.0030969350000000016,0.004078283999999999,0.005807680952380952
1610236800,0.010189,0.0109155,0.0089534,0.00982,3113405972,6745933043.45,0.003137139500000002,0.004219883999999998,0.006094438095238095
1610323200,0.0098162,0.0098455,0.0067094,0.0088326,5827520561,6903316495.3,0.003173841000000002,0.004369487999999999,0.006374080952380952
1610409600,0.0088104,0.0091394,0.0078217,0.0080807,2526092815,6895908663.2,0.003210360000000002,0.004506195999999999,0.006671690476190476
1610496000,0.0080806,0.0087,0.00777,0.0086738,1818357046,6887898178.15,0.003248010500000002,0.004642859999999999,0.00691844761904762
1610582400,0.008679,0.0101,0.0083105,0.0093907,4000190243,7004664459.5,0.003287901000000002,0.004786697999999999,0.007111504761904762
1610668800,0.0093931,0.0098443,0.0083123,0.0093525,3236586057,7081442440,0.0033244730000000023,0.004912834,0.007281257142857143
1610755200,0.0093568,0.0095675,0.0090727,0.0092374,1640096206,7071284761.55,0.003360807500000002,0.0050226559999999995,0.007515966666666666
1610841600,0.0092374,0.0093957,0.008779,0.0090987,1438377582,7089473639.1,0.003399359000000002,0.005110579999999999,0.00774537619047619
1610928000,0.0090987,0.00932,0.008935,0.0091782,1156154741,7093693582.9,0.003436362500000002,0.005198872,0.007973833333333333
1611014400,0.0091782,0.0096757,0.00896,0.0090428,1749440421,7125216216.4,0.0034684850000000016,0.005312524,0.0081988
1611100800,0.0090428,0.009144,0.0085,0.0090487,1162054114,7136819119.1,0.0034970920000000016,0.0054345899999999996,0.00841554761904762
1611187200,0.0090589,0.0091,0.0080301,0.0081581,1258982248,7048782333.35,0.0035289385000000016,0.005553834,0.008633485714285714
1611273600,0.0081581,0.0087708,0.0075639,0.0085075,1152693965,4789749668.85,0.003564321000000002,0.005667917999999999,0.008849752380952381
1611360000,0.0085092,0.0088324,0.00835,0.0085779,718712164,3343244831.25,0.0035995450000000017,0.0057827519999999995,0.0090604
1611446400,0.0085822,0.0089672,0.0085,0.0087135,901503263,2671918522.35,0.003634139500000002,0.005892387999999999,0.009226457142857143
1611532800,0.0087206,0.0089172,0.0081795,0.0083509,998144121,2450468944.8,0.003668031500000002,0.00600694,0.009361099999999999
1611619200,0.0083341,0.0084615,0.0079523,0.0082472,719489035,2180998671.25,0.0037023125000000025,0.006102853999999999,0.009268314285714285
1611705600,0.0082472,0.0082482,0.007257,0.0074124,1121405247,2060869032.9,0.003735957000000002,0.006204423999999999,0.009215580952380951
1611792000,0.0074104,0.0374849,0.007288,0.0364995,102989795103,7061770458.2,0.003769694500000002,0.006310321999999999,0.009148419047619047
1611878400,0.036442,0.0875,0.0313,0.0459059,109073693231,12330134706.75,0.003798970500000002,0.006416757999999999,0.00906638095238095
1611964800,0.0459059,0.0508804,0.0222001,0.02826,54559388569,14902433836.6,0.003828411500000002,0.0065160619999999995,0.008923161904761903
1612051200,0.0282428,0.0494843,0.0267661,0.037,44577797729,16839947695,0.0038556210000000018,0.006614286,0.010197238095238096
1612137600,0.0369623,0.0438268,0.0328615,0.0348173,23868437622,17907064935.35,0.003875360000000002,0.006699088,0.011919423809523808
1612224000,0.0348233,0.035294,0.02877,0.0313489,11550248752,18393659520.65,0.0038955075000000018,0.007365953999999999,0.012780428571428571
1612310400,0.0313489,0.0397836,0.0307918,0.0372597,12960787222,18841689369.6,0.003919087000000002,0.008221985999999999,0.014074714285714284
1612396800,0.0372327,0.0598,0.0358367,0.0529081,48794379017,21119579017.6,0.003937128500000001,0.008725721999999998,0.015312080952380952
1612483200,0.0528149,0.05434,0.0431516,0.0467193,16560079172,21865578165.9,0.004101447000000002,0.009402503999999999,0.016420090476190478
1612569600,0.0467527,0.0588683,0.0444191,0.0576559,17252485844,22656283579,0.004315138000000001,0.010033649999999998,0.01778132380952381
1612656000,0.0576579,0.087297,0.0531446,0.0779247,38837846298,24540368156.85,0.004439994000000002,0.010596108,0.01985358095238095
1612742400,0.0779851,0.0853555,0.0622214,0.0787,26384552849,25772123778.25,0.004609560000000002,0.011277145999999998,0.02163295238095238
1612828800,0.0787384,0.0838001,0.063,0.0700121,14602698981,26444156021.6,0.004768742500000002,0.012266941999999998,0.02393859523809524
1612915200,0.0700122,0.0816496,0.066,0.0725527,14156312430,27089022530.7,0.004910223000000002,0.013126887999999998,0.027216023809523808
1613001600,0.0725523,0.0755622,0.068,0.069583,6327153991,27347745532,0.005079276500000002,0.014202655999999998,0.030526585714285712
1613088000,0.0695853,0.07298,0.0608,0.0697675,7517732599,27687696553.75,0.0053269115000000025,0.015682568000000004,0.03342988571428571
1613174400,0.069778,0.071709,0.0656,0.0662405,3844449349,27834843858.05,0.005544407500000002,0.017163806000000007,0.03645388571428571
1613260800,0.0662372,0.0664663,0.055558,0.0626783,8229158262,28196394565.1,0.005816197500000002,0.018468480000000006,0.03937888095238095
1613347200,0.0626878,0.0642,0.0474935,0.0565,11321001492,28726470187.95,0.006189387000000002,0.019829216000000004,0.04229602380952381
1613433600,0.0564643,0.0598452,0.0506003,0.053476,6643077510,29002553801.1,0.006566388500000003,0.021145978000000006,0.04504186190476191
1613520000,0.0535231,0.055109,0.0478,0.0495187,6168131231,24161470607.5,0.006900392500000002,0.022449866000000006,0.04761161428571429
1613606400,0.0494987,0.0645617,0.0489,0.0587991,13034098004,19359490846.15,0.007246918500000002,0.023683578000000004,0.04990442857142857
1613692800,0.0587991,0.059719,0.0536581,0.055033,6405564988,16951799667.1,0.007578672000000002,0.024846882000000008,0.052058180952380954
1613779200,0.055033,0.0607,0.051,0.0541708,7359009281,15090860244.7,0.007911662500000001,0.025885942000000006,0.054063242857142854
1613865600,0.0541567,0.06,0.05325,0.0560183,5548376495,14174857188.35,0.008226925000000001,0.026863432000000007,0.05512512857142857
1613952000,0.0559921,0.0608037,0.0461003,0.0535557,8420498923,14018369696.9,0.008524485000000002,0.027763782000000008,0.055559752380952385
1614038400,0.0536093,0.0538776,0.0413332,0.0476562,5958874372,13668274054.4,0.008790844500000002,0.028847262000000005,0.0567936
1614124800,0.047692,0.060586,0.0459034,0.0567911,11172353520,11787172779.55,0.009042104500000002,0.029854504000000004,0.05769923333333333
1614211200,0.0567907,0.0581,0.0495002,0.0499138,4913047375,11204821189.7,0.009271126000000001,0.030824320000000006,0.0585915380952381
1614297600,0.0499157,0.0526032,0.0484,0.0504768,3147923785,10499593086.75,0.009548465500000002,0.031734158000000005,0.059368076190476196
1614384000,0.0504727,0.0521,0.0491,0.0500725,2268877377,8671144640.7,0.009806721500000002,0.03260885400000001,0.06029814285714286
1614470400,0.0500705,0.0502426,0.0446561,0.0481582,2384823456,7471158171.05,0.010059846500000002,0.033366752000000006,0.06015555714285714
1614556800,0.0481447,0.052505,0.0478589,0.0505933,2752580452,6878652244.6,0.010322424000000002,0.034303174000000006,0.060334485714285714
1614643200,0.0505754,0.05249,0.0491004,0.050364,2378364146,6289754830.4,0.010572402500000001,0.03509305,0.059973371428571426
1614729600,0.0504021,0.0521972,0.0499556,0.0504146,1841086026,6065451432.15,0.010793203500000001,0.035907708,0.05855591904761905
1614816000,0.0504337,0.0511539,0.04765,0.0499865,1943532071,5786741405.75,0.011059592000000002,0.03671435800000001,0.05721750476190476
1614902400,0.0499866,0.051079,0.0479661,0.0495285,1714962753,5680267075.95,0.011291829000000001,0.03747394400000001,0.05628188095238095
1614988800,0.0495247,0.0525801,0.049084,0.0509588,2749264710,5406272398.35,0.011526737000000002,0.03828941,0.05522768571428571
1615075200,0.0509242,0.0524716,0.0504286,0.0519871,1494562661,4914950456.8,0.011760146500000002,0.039120038,0.05429451904761905
1615161600,0.0519481,0.063075,0.0515505,0.0629738,7572972187,4961445190.65,0.011983634500000001,0.039966716000000006,0.05333075714285714
1615248000,0.0629582,0.0630025,0.056,0.0579117,4412560062,4873666632.2,0.012219162500000002,0.040792970000000005,0.052603057142857144
1615334400,0.0579432,0.0587592,0.0545,0.0558692,2390746818,4341499072.9,0.012453117000000003,0.041595726000000006,0.05209395238095239
1615420800,0.0558831,0.05698,0.0542647,0.0559286,1647182774,4103579962.2,0.012687526000000003,0.042427852,0.05240222857142857
1615507200,0.0559117,0.057,0.054051,0.0552731,1821925239,3826725760.1,0.012919807500000002,0.04328284600000001,0.05261345238095238
1615593600,0.0552769,0.063,0.0546635,0.0627892,3660176589,3732315764.8,0.013149511500000002,0.04436034800000001,0.05291585714285714
1615680000,0.0627887,0.0636789,0.05817,0.058221,5115194076,3567050522.45,0.013386925500000002,0.045335018000000005,0.05277916666666666
1615766400,0.058221,0.0597745,0.055,0.0569691,2409422648,3389577936.25,0.013629763000000001,0.04627154600000001,0.0527906
1615852800,0.0570152,0.0591427,0.0552668,0.0586507,2003574159,2931138968.2,0.013927432500000003,0.04720914400000001,0.053201
1615939200,0.0586389,0.0589584,0.0565314,0.057892,1162146770,2743593937.95,0.014200103000000002,0.048151444,0.05330589047619048
1616025600,0.0578925,0.0592896,0.0568896,0.0573485,1338098958,2653102696.6,0.0144622835,0.04923707800000001,0.05346843333333334
1616112000,0.0573629,0.0599,0.0563741,0.0582472,1691688848,2624243270.15,0.014724949000000003,0.05022994000000001,0.05399198095238096
1616198400,0.0582624,0.060625,0.05797,0.0588186,1939829246,2601993559.65,0.014984256500000001,0.051195052000000005,0.05404440476190478
1616284800,0.0588396,0.0595555,0.0567,0.0574781,1204263965,2524577735.3,0.015281749000000002,0.05220104800000001,0.054398438095238116
1616371200,0.0574888,0.0579777,0.0544234,0.054888,1270766976,2469197876.8,0.015556384500000003,0.053193944,0.054768457142857156
1616457600,0.0548901,0.0561052,0.0525963,0.0533532,1437944729,2449040811.95,0.015825231500000002,0.054192666,0.05518493809523811
1616544000,0.0534234,0.0567995,0.05075,0.0514996,1666398121,2435184114.45,0.0161021665,0.05462762000000001,0.05562874285714288
1616630400,0.0514996,0.0524498,0.0495798,0.051266,1665397693,2432705861.45,0.016375252000000003,0.054885874,0.0558332523809524
1616716800,0.051266,0.054038,0.051232,0.053931,873797527,2338932502.3,0.016645504000000002,0.055470236,0.05597559523809526
1616803200,0.0539203,0.05545,0.053386,0.054436,1176365221,2323022630.3,0.016920703500000002,0.055827996000000005,0.05602726190476194
1616889600,0.054422,0.0549,0.0529496,0.0536656,675382127,1978143127.3,0.017198591000000003,0.056198714000000004,0.0560881904761905
1616976000,0.0536634,0.0547123,0.053202,0.054124,977387405,1806384494.45,0.017470401000000003,0.056601728000000004,0.05629783333333335
1617062400,0.054124,0.0556267,0.053328,0.0540003,1399307591,1756812533.1,0.017730995000000003,0.056881854,0.05646341428571431
1617148800,0.0540014,0.0545,0.0513424,0.0537699,1085164149,1728711601.85,0.017983362500000002,0.056902312000000004,0.056543342857142874
1617235200,0.0537835,0.07135,0.0534999,0.062151,15196782736,2397454476.7,0.018227040500000003,0.057056646,0.05612192380952382
1617321600,0.0621509,0.062905,0.0572,0.0575849,3415466916,2385218993.05,0.018469441000000003,0.05697684,0.05593566666666669
1617408000,0.0575887,0.0595516,0.0555,0.0555113,2066362739,2232777426.2,0.0187250205,0.056500826000000004,0.05583570000000001
1617494400,0.0555,0.0582181,0.0550864,0.0573943,1563798693,2190496228.45,0.018983465500000005,0.056006832,0.05613200476190478
1617580800,0.0573806,0.0607069,0.0562315,0.0599992,2638868932,2222260967.1,0.019237898500000003,0.055681988,0.0562420904761905
1617667200,0.0599779,0.066,0.0579904,0.0644047,4762148739,2402261065.55,0.01949448,0.055473954,0.055895523809523825
1617753600,0.0644047,0.06744,0.0571267,0.0587769,4840051853,2577358710.3,0.019750503500000002,0.055233992,0.055856157142857174
1617840000,0.058777,0.062324,0.0586319,0.0617838,1745571706,2580052853.2,0.020005282500000002,0.054948868000000005,0.05600044761904764
1617926400,0.0617837,0.0642733,0.0604712,0.0615878,2149603024,2590541542.1,0.020302122500000006,0.054771944,0.056274447619047645
1618012800,0.0616103,0.0657518,0.0609445,0.0637167,2780510108,2669353849.25,0.020576121500000003,0.054718362,0.05631658571428574
1618099200,0.0637167,0.08,0.0633959,0.07433,14967931146,3354212057.75,0.020839539,0.054876456000000004,0.05652779047619051
1618185600,0.0743335,0.0754791,0.0685,0.0707343,4300356226,3497332632.6,0.021112484,0.054982474,0.0566868666666667
1618272000,0.0707001,0.0962255,0.0706409,0.094402,13605840277,4094304740.4,0.021398441000000004,0.055227776000000006,0.05692010952380956
1618358400,0.0944011,0.1453955,0.092118,0.1214329,36680989724,5845084341.95,0.0217065185,0.05528355,0.057722580952380996
1618444800,0.1214319,0.1918922,0.1197878,0.1823599,24615971220,7032193026.6,0.021986452500000003,0.05545722400000003,0.058477166666666705
1618531200,0.1825003,0.45,0.1791,0.3654434,57510545356,9848902033.35,0.022281507,0.05586040800000003,0.06043187142857147
1618617600,0.3653855,0.38125,0.231,0.2822532,24857057931,11057985823.55,0.022576460000000003,0.05615472800000003,0.06376202857142861
1618704000,0.2824945,0.351,0.2397,0.3223299,18379866877,11928109797.15,0.022881827499999993,0.05697165400000003,0.07000459523809528
1618790400,0.3225953,0.435546,0.308,0.408903,20873394140,12901814124.6,0.023240755499999995,0.058447188000000025,0.08483851904761908
1618876800,0.4088997,0.4246216,0.27,0.3173205,20969142688,13896013051.55,0.023581278499999993,0.06095856400000002,0.09568695714285717
1618963200,0.3173205,0.347661,0.2960052,0.3058251,9460395395,13609193684.5,0.024039780999999993,0.06726915600000002,0.10848049523809528
1619049600,0.3058074,0.3093988,0.253,0.2606615,11176311081,13997235892.75,0.024633459499999996,0.07190468400000002,0.12537473333333335
1619136000,0.2606616,0.2695,0.1597278,0.2498155,16319564730,14709895992.3,0.025531781999999992,0.07734983200000004,0.1379137904761905
1619222400,0.2499997,0.28999,0.2278,0.27,10626242110,15163018163.15,0.02734574699999999,0.08456472800000002,0.1499164190476191
1619308800,0.2700802,0.289296,0.224,0.25159,5726007353.400007,15317375084.220001,0.028743649499999996,0.08989927200000004,0.15936930000000005
1619395200,0.25159,0.28077,0.247,0.27161,4881379028.599999,15323336598.7,0.030342123999999995,0.09500849400000004,0.16852313809523814
1619481600,0.27161,0.27994,0.2644,0.27232,3367212939.4,15249694653.02,0.03237351599999999,0.09921343200000003,0.17873688571428575
1619568000,0.27227,0.348,0.25511,0.32311,13418044375.099983,15833318286.475,0.03394716749999999,0.10321001200000003,0.18798430000000005
1619654400,0.32321,0.32604,0.2955,0.30479,4149329330.7999964,15933304601.814999,0.035463315499999995,0.10761944200000004,0.19806100476190483
1619740800,0.30479,0.34,0.30213,0.33746,4042637011.8000016,15996410947.005,0.03675345799999999,0.11163206600000004,0.20796173333333337
1619827200,0.33746,0.3975,0.32756,0.39087,7062340392.199996,15601131409.314999,0.03798944449999999,0.11602452400000002,0.22054902380952385
1619913600,0.39086,0.39999,0.362,0.37397,5092764030.099997,15640751799.519999,0.039326459499999994,0.12021144800000004,0.23212074761904766
1620000000,0.37459,0.4479,0.37386,0.44142,6428014853.900001,15281860528.365,0.04057146199999999,0.12551541400000002,0.2452575190476191
1620086400,0.44142,0.61186,0.3979,0.53854,21282557921.89998,14511938938.259998,0.041916462999999994,0.13049383000000003,0.26083624761904767
1620172800,0.53854,0.69663,0.51668,0.654,19076895175.69999,14234985136.044998,0.04326478499999999,0.13612445800000003,0.27510481904761913
1620259200,0.654,0.665,0.54,0.58106,8546432048.699998,11786779470.679998,0.04486702449999999,0.14283639600000003,0.2927565190476191
1620345600,0.58099,0.733,0.51717,0.68982,12586268621.300009,11173240005.195,0.046377624,0.14906001200000005,0.31390594761904766
1620432000,0.68982,0.73995,0.6,0.63708,11387955620.799992,10823644442.384998,0.04805158899999999,0.15672399200000003,0.3392662857142858
1620518400,0.63708,0.70009,0.416,0.57063,26072068895.99998,11083578180.184998,0.04999274649999999,0.16635541000000004,0.3582520047619048
1620604800,0.57082,0.5726,0.41844,0.45074,9677354634.400005,10518988777.504997,0.05184940149999999,0.17826239600000005,0.3736985095238096
1620691200,0.4505,0.5485,0.4429,0.49326,7553577270.200005,10423647871.264997,0.05404352499999999,0.18872575600000005,0.3905950238095239
1620777600,0.49353,0.522,0.38203,0.3916,5372061299.599997,10133435382.194998,0.056723205,0.20137518600000004,0.40241883809523815
1620864000,0.39142,0.52,0.3516,0.48945,10449387293.899992,9839926510.389997,0.05998028799999999,0.21295184200000006,0.4044110761904762
1620950400,0.48927,0.59,0.46412,0.55971,10623296337.000021,9839779221.74,0.06287265099999999,0.22318807000000004,0.4127891476190476
1621036800,0.5599,0.56405,0.49009,0.50855,5232752313.500009,9815116469.744999,0.06630879049999999,0.23105330800000004,0.4168736666666667
1621123200,0.50838,0.5489,0.45,0.5137,5377121653.3,9839903600.98,0.0694812185,0.23982074800000003,0.4277683571428572
1621209600,0.51371,0.5162,0.45555,0.4875,4268994077.0999985,9884992657.865,0.0723212535,0.24658568400000003,0.4425252380952382
1621296000,0.48745,0.51536,0.46783,0.47574,3039758659.2,9366078372.070002,0.0745617235,0.25534469200000004,0.453884761904762
1621382400,0.47574,0.4794,0.21111,0.32945,11489907654.400015,9733107288.250004,0.07701481199999999,0.26551357200000003,0.46636619047619055
1621468800,0.32972,0.435,0.29402,0.39758,8529470589.599997,9957448967.140003,0.07895962949999999,0.27460595200000004,0.4766466666666667
1621555200,0.39747,0.41198,0.31357,0.35778,5243254333.500003,9866494664.205006,0.08139361549999999,0.283791232,0.4863333333333334
1621641600,0.35778,0.364,0.31672,0.34199,3793145642.699999,9801513744.835005,0.08417884049999999,0.29246792000000005,0.4866352380952381
1621728000,0.34199,0.35094,0.24782,0.30633,5634274411.299994,9761826722.705006,0.08670823949999999,0.30090024000000004,0.4910538095238096
1621814400,0.30623,0.375,0.29511,0.36589,4854625486.100005,8940430100.915007,0.089263839,0.30640923400000003,0.49202142857142867
1621900800,0.36589,0.38,0.32141,0.34598,3709319825.900006,8172051333.425008,0.09168847249999999,0.31328543600000003,0.4896938095238096
1621987200,0.34597,0.36671,0.33632,0.35284,2385684153.7,7864013938.675008,0.09405425599999999,0.31919801600000003,0.48647285714285726
1622073600,0.35291,0.35309,0.327,0.33403,1794158136.599999,7324408414.440007,0.09568867299999999,0.324886118,0.48287619047619057
1622160000,0.33404,0.34754,0.30052,0.31123,2620384686.799999,6886029867.740007,0.09766370049999999,0.329902492,0.4737066666666667
1622246400,0.31122,0.31794,0.28,0.3028,2016681043.3999982,5683260475.110007,0.09944001949999999,0.33607240600000005,0.4593657142857144
1622332800,0.30273,0.31079,0.28653,0.30179,1514854219.6000028,5275135454.3700075,0.10113739899999999,0.341792022,0.44760238095238103
1622419200,0.30179,0.32991,0.29386,0.32557,1897905257.3999975,4992351853.730006,0.102656319,0.34756072800000004,0.4295742857142858
1622505600,0.32558,0.38476,0.31121,0.37006,4488851727.399999,4948191375.120007,0.10447259549999999,0.35306579,0.41365619047619057
1622592000,0.37007,0.44834,0.3511,0.42338,8351828077.500002,4843313414.300007,0.10618871049999999,0.358054714,0.4008542857142858
1622678400,0.42344,0.442,0.37722,0.40078,5070741840.7000065,4565685689.485006,0.10793956049999999,0.36287895800000003,0.3948938095238096
1622764800,0.40078,0.40249,0.35,0.37628,4035854544.899998,4505840801.055006,0.10959617549999999,0.367640424,0.38902714285714285
1622851200,0.37628,0.395,0.35974,0.3713,2396911157.1,4356830276.245006,0.11113896549999999,0.372665224,0.39054047619047616
1622937600,0.3713,0.37703,0.36634,0.37143,1194622755.9999974,4203111710.1900053,0.11263916049999999,0.378651738,0.3863180952380953
1623024000,0.37143,0.37999,0.3275,0.33146,2064211543.4000013,4154334354.4000053,0.1141343205,0.385231298,0.3775833333333334
1623110400,0.3315,0.34183,0.29526,0.32586,2908803652.9000025,3725279154.3250055,0.1157482765,0.39081824000000004,0.37104761904761907
1623196800,0.32592,0.3548,0.31227,0.34318,2068160058.9999983,3402213627.7950053,0.1175845195,0.39469664200000004,0.3642728571428572
1623283200,0.34323,0.34515,0.3225,0.32606,1348789846.4999998,3207490403.4450054,0.11968757499999999,0.394813774,0.35684238095238097
1623369600,0.32613,0.3338,0.31069,0.3187,1204137023.3999994,3078039972.4800057,0.12167761599999999,0.39659731,0.3497052380952381
1623456000,0.31874,0.31932,0.3,0.31216,1217468360.1000006,2857199669.920006,0.123544566,0.396779912,0.35035904761904757
1623542400,0.31221,0.33,0.30744,0.32394,1042596039.7999994,2666598197.6050057,0.125386367,0.395119052,0.34695333333333334
1623628800,0.32392,0.33777,0.32,0.32767,1310349921.8999994,2546649702.4050055,0.1272289745,0.39563624199999997,0.345092380952381
1623715200,0.32769,0.33069,0.31642,0.32028,1015598512.0999997,2478145420.3250055,0.1288717405,0.39604094,0.34367190476190473
1623801600,0.32025,0.32146,0.30505,0.30775,888434880.8999993,2432859257.5400057,0.1304861055,0.39720171,0.34451047619047614
1623888000,0.30774,0.31413,0.3026,0.30619,680701230.1999997,2335875084.7100053,0.1321844395,0.39844860000000004,0.3426904761904762
1623974400,0.30619,0.30766,0.28,0.29328,1314700190.7,2300776042.075005,0.13379803199999998,0.39952740000000003,0.34146666666666664
1624060800,0.29321,0.29791,0.28558,0.28567,624846001.399999,2256275631.1650047,0.13537310949999998,0.4010490000000001,0.3393195238095238
1624147200,0.28563,0.28988,0.2551,0.28054,1528605029.4999995,2237810619.770005,0.1369126135,0.40202240000000006,0.33799380952380953
1624233600,0.28054,0.28138,0.1649,0.17873,7023706752.600006,2364553371.0300055,0.138513773,0.40273100000000006,0.3371390476190476
1624320000,0.17873,0.2174,0.16322,0.19072,7520083611.800003,2322966147.7450056,0.140135877,0.4023926,0.3363233333333333
1624406400,0.19075,0.2485,0.18046,0.23468,5839514040.000005,2361404757.7100058,0.141720901,0.4021624000000001,0.33531142857142854
1624492800,0.23475,0.26953,0.222,0.26377,3579998951.2000027,2338611978.025006,0.1432426785,0.40112660000000006,0.32831904761904757
1624579200,0.26374,0.28959,0.22886,0.23745,5942192455.499993,2515876042.9450054,0.14475644599999998,0.39892000000000005,0.3197790476190476
1624665600,0.23748,0.2554,0.23057,0.24583,2653188955.6000047,2588804352.925006,0.146205041,0.3950152,0.31079333333333325
1624752000,0.24583,0.26753,0.24002,0.2645,1968559379.5999975,2584021744.7350054,0.1476167855,0.39000120000000005,0.3042690476190476
1624838400,0.26462,0.26735,0.2505,0.25707,1734504424.799998,2525306783.330005,0.1490026735,0.38392400000000004,0.2976580952380952
1624924800,0.25709,0.27573,0.25248,0.26349,1927372368.0999987,2518267398.785005,0.1498791785,0.37611940000000005,0.2916833333333333
1625011200,0.26349,0.26391,0.23778,0.25391,1610075649.0000024,2531331688.910005,0.1508163635,0.3692472,0.28659142857142855
1625097600,0.2539,0.2614,0.23817,0.24381,2253058516.8999968,2583777763.585005,0.151972805,0.3603674,0.2830490476190476
1625184000,0.2438,0.24916,0.23839,0.24505,1081847381.6000004,2576996714.6600046,0.15327472649999999,0.35291580000000006,0.2800790476190476
1625270400,0.24498,0.25039,0.242,0.24636,759251070.1000006,2562829466.1750045,0.1544452965,0.34664459999999997,0.27582809523809526
1625356800,0.24634,0.253,0.24324,0.24643,823044174.7000014,2538464178.815005,0.155658585,0.3428996,0.2719114285714286
1625443200,0.24636,0.249,0.22547,0.2311,1181584860.3000011,2546763496.225005,0.15696530399999997,0.33811260000000004,0.2684042857142857
1625529600,0.23117,0.2423,0.22931,0.23417,981368400.4999994,2551410172.2050047,0.1582351325,0.33515680000000003,0.2652709523809524
1625616000,0.23418,0.23862,0.22084,0.22386,952129896.6000006,2564981605.525005,0.1595372165,0.33026880000000003,0.26158
1625702400,0.22386,0.22481,0.20148,0.2069,1487061330.1,2573599662.495005,0.16079096199999998,0.32400180000000006,0.2569814285714286
1625788800,0.20708,0.22986,0.19521,0.21963,2291127903.500001,2656913757.600005,0.16199371199999998,0.3187594000000001,0.2528809523809524
1625875200,0.21966,0.22812,0.2097,0.21375,919482894.499999,2626457650.850005,0.163202832,0.31310740000000004,0.24888619047619048
1625961600,0.21376,0.21917,0.21061,0.21597,551263176.4000001,2302835472.0400047,0.164418593,0.3080408,0.2441580952380952
1626048000,0.21597,0.219,0.20394,0.20775,805441341.2000011,1967103358.5100048,0.16563365149999998,0.30300320000000003,0.24065095238095235
1626134400,0.20776,0.20893,0.19749,0.19997,916221269.9000005,1720938720.0050044,0.1667705415,0.30055220000000005,0.23722619047619048
1626220800,0.19995,0.20479,0.18725,0.19761,1247947078.3999987,1604336126.365004,0.16792205400000002,0.2969932,0.23415142857142854
1626307200,0.19759,0.20089,0.18051,0.18534,966797093.299999,1355566358.2550044,0.1690217085,0.2941126,0.2355333333333333
1626393600,0.18534,0.18833,0.17118,0.17202,1185633674.1999996,1282188594.1850042,0.17003301799999998,0.2915922,0.23597380952380947
1626480000,0.17203,0.2053,0.16884,0.18734,2572720766.899998,1312396663.5500042,0.171107276,0.28962060000000006,0.23420857142857138
1626566400,0.18738,0.19605,0.18019,0.18157,1344894101.6000018,1292916147.3900044,0.17215344649999997,0.28630220000000006,0.23047380952380947
1626652800,0.18156,0.18429,0.17025,0.17362,1079953391.3999996,1250545198.5550046,0.173214572,0.2833348000000001,0.2273580952380952
1626739200,0.17362,0.17997,0.15988,0.17047,1865041957.1999958,1263293513.9650042,0.1742304565,0.2799848000000001,0.2245728571428571
1626825600,0.17048,0.21442,0.16836,0.19046,4505979384.200003,1375939557.3300045,0.17520753199999997,0.2767446000000001,0.2206238095238095
1626912000,0.19045,0.19646,0.18632,0.19123,1393922167.4999979,1391543296.6250043,0.17617301649999997,0.27426680000000014,0.21664999999999998
1626998400,0.19119,0.19977,0.18292,0.19489,1352326692.3999994,1421197077.740004,0.17707698149999998,0.27184220000000014,0.21222047619047618
1627084800,0.1949,0.2045,0.19117,0.19688,1627615706.2000024,1461425654.315004,0.177914074,0.26927880000000015,0.2091990476190476
1627171200,0.19689,0.20076,0.19105,0.19793,1122436168.5999987,1458468219.730004,0.178828268,0.2661768000000001,0.20669523809523807
1627257600,0.19788,0.23314,0.19679,0.20362,4546455511.800001,1636722575.2950044,0.17971299249999997,0.2625848000000001,0.20430666666666664
1627344000,0.20363,0.2095,0.19506,0.20585,2030159664.3999996,1690624063.685004,0.180557738,0.25794180000000017,0.20195047619047615
1627430400,0.20586,0.21386,0.20161,0.20574,1698684418.6000016,1701205218.1100042,0.18138168799999999,0.25382400000000016,0.1996409523809523
1627516800,0.20571,0.20664,0.2003,0.20502,875707720.7999988,1630434208.9750042,0.18228135599999998,0.2502360000000002,0.1983323809523809
1627603200,0.20503,0.21065,0.19587,0.20873,1260492016.2999978,1647484665.065004,0.1831884015,0.24676860000000014,0.19698380952380948
1627689600,0.20872,0.2145,0.20476,0.20765,1177482439.7000034,1678795628.2300043,0.184114045,0.24341240000000014,0.19612095238095234
1627776000,0.20764,0.21799,0.20082,0.20424,1550637730.2000024,1716055447.6800044,0.18504859499999998,0.24090020000000012,0.1960314285714285
1627862400,0.2042,0.20998,0.2018,0.20327,896401081.300001,1715064438.2500043,0.185986145,0.23849780000000012,0.19551238095238088
1627948800,0.20325,0.2051,0.1931,0.19626,977103235.0999994,1701522246.0850043,0.1869555255,0.23573460000000018,0.19522190476190474
1628035200,0.19626,0.20326,0.19416,0.20153,873261017.3999996,1696845442.2900043,0.18793607550000002,0.2333880000000002,0.1946633333333333
1628121600,0.20152,0.20258,0.1943,0.20095,946707300.5999994,1684899123.6100042,0.188913881,0.2311670000000002,0.19445
1628208000,0.20094,0.212,0.19841,0.20482,1263420290.3999968,1619434099.7850041,0.189889881,0.2290086000000002,0.19427333333333335
1628294400,0.20482,0.2628,0.20358,0.26189,5158338816.199997,1810106335.515004,0.190889368,0.22659520000000022,0.19446
1628380800,0.26184,0.28377,0.235,0.23996,5791158603.499995,2045666596.1200035,0.1918872145,0.2239670000000002,0.19520333333333328
1628467200,0.23996,0.26666,0.23048,0.25609,3702865258.5999985,2137557761.1900036,0.1928650455,0.2215920000000002,0.19676523809523805
1628553600,0.2561,0.26321,0.24513,0.25732,2588076619.6000004,2041662622.9600034,0.193834442,0.2194560000000002,0.20031523809523805
1628640000,0.25734,0.28295,0.25626,0.26445,3712761104.699998,2157604569.820003,0.19476897949999997,0.21742860000000022,0.20309571428571424
1628726400,0.26448,0.2949,0.25165,0.26401,3923287429.799994,2286152606.690003,0.1957304425,0.21680080000000018,0.2070228571428571
1628812800,0.26405,0.28756,0.26121,0.28667,2142420241.2999969,2311892833.4450026,0.196689699,0.21588660000000023,0.2111585714285714
1628899200,0.2867,0.29864,0.2757,0.29402,3131790645.400004,2412360557.2850027,0.197667908,0.21539760000000027,0.21468190476190474
1628985600,0.29399,0.3495,0.2862,0.33984,4964816125.000005,2433278587.9450026,0.1989321440000001,0.21696940000000026,0.218147619047619
1629072000,0.33996,0.3517,0.31001,0.31956,4130699106.7999935,2538305560.0650024,0.2000867005000001,0.21844400000000028,0.22251809523809524
1629158400,0.31946,0.34021,0.29452,0.29933,3520234606.499997,2629383069.4600024,0.2013263600000001,0.2190306000000003,0.2271438095238095
1629244800,0.2993,0.325,0.2775,0.3032,4089557667.200004,2790075566.780003,0.2025704225000001,0.21948860000000028,0.23390142857142857
1629331200,0.30321,0.31943,0.29355,0.31778,2386616242.4999933,2846381778.090003,0.20384978300000006,0.2206200000000003,0.23942238095238094
1629417600,0.31777,0.3364,0.31373,0.32733,2177517962.300002,2896383554.2200027,0.20512626550000007,0.2225002000000003,0.24387380952380955
1629504000,0.32733,0.33,0.31313,0.31662,1751965697.2000031,2906449952.5700026,0.2065178610000001,0.22360140000000026,0.24851476190476193
1629590400,0.31666,0.32159,0.305,0.31467,1401118643.7999988,2931685830.6950026,0.20794672500000008,0.22444660000000027,0.25388428571428573
1629676800,0.31467,0.328,0.3128,0.31783,1842154214.4000046,2974938379.6600027,0.2096088630000001,0.22524080000000024,0.25953190476190474
1629763200,0.31775,0.31968,0.27433,0.28864,2336380653.800004,3048094361.4800024,0.21102416550000008,0.22651820000000022,0.2647209523809524
1629849600,0.28862,0.29789,0.27948,0.29255,1658742148.799999,3083696103.8900023,0.2122912860000001,0.22818860000000027,0.26997952380952384
1629936000,0.29254,0.29645,0.2641,0.2684,1401204832.0999997,3090585330.975003,0.2136659860000001,0.22962000000000027,0.2754347619047619
1630022400,0.2684,0.2951,0.265,0.2944,1345067751.7,2899921777.750003,0.2150698860000001,0.23098620000000028,0.2798338095238095
1630108800,0.2944,0.2995,0.283,0.286,813242385.1,2651025966.830003,0.21653244950000008,0.2324142000000003,0.2841680952380952
1630195200,0.286,0.2918,0.2764,0.2809,758831427,2503824275.250003,0.2179588050000001,0.23356500000000024,0.28738
1630281600,0.2809,0.2905,0.2698,0.272,994923907,2424166639.620003,0.2193458565000001,0.2347326000000003,0.2916457142857143
1630368000,0.2719,0.286,0.2696,0.2781,994391602,2288248164.4850035,0.2206704660000001,0.23562340000000026,0.2927938095238095
1630454400,0.2782,0.295,0.2728,0.2943,1077645215,2145966053.7450035,0.22188006950000008,0.2373734000000003,0.29474333333333336
1630540800,0.2944,0.31,0.2917,0.2947,1859879704.7,2131839026.9150035,0.22305454000000008,0.23870080000000027,0.29550095238095236
1630627200,0.2946,0.3047,0.287,0.2961,1248795134,2037689251.3450036,0.2240069165000001,0.24004380000000025,0.2964904761904762
1630713600,0.2961,0.3087,0.2929,0.2992,1170386591,1847967774.645003,0.22508541650000008,0.24116440000000025,0.29791190476190477
1630800000,0.2993,0.3155,0.296,0.3143,1273101183.7000003,1705087878.4900033,0.2261653560000001,0.24257140000000024,0.2993733333333333
1630886400,0.3144,0.3199,0.2997,0.309,1327741283.1,1595463212.3200035,0.2272070925000001,0.24445800000000026,0.29982238095238095
1630972800,0.3091,0.3114,0.2145,0.2552,4143609594.1000004,1598165808.6650033,0.2282191775000001,0.24639980000000025,0.3000690476190476
1631059200,0.2553,0.2635,0.2332,0.2567,2036725778,1580671285.4400036,0.2292608400000001,0.24861500000000028,0.29885285714285714
1631145600,0.2566,0.2597,0.2486,0.2525,972908690,1520440821.8250034,0.23040113750000007,0.2511586000000003,0.29835
1631232000,0.2525,0.262,0.2353,0.2397,1039971873,1484841130.615003,0.23156124600000008,0.2536978000000003,0.29624857142857136
1631318400,0.2398,0.2479,0.2376,0.241,574961334,1443533265.1250033,0.23275924600000006,0.2562464000000003,0.29403428571428564
1631404800,0.241,0.2551,0.2387,0.2502,824439503,1392647529.555003,0.23398786600000007,0.2578780000000003,0.29092571428571423
1631491200,0.2504,0.2523,0.2281,0.2358,1194502511,1335553622.4150028,0.2353117725000001,0.25960260000000024,0.28675285714285714
1631577600,0.2359,0.2417,0.2335,0.2406,600777341,1282655382.025003,0.23656277700000009,0.2608434000000003,0.28315190476190477
1631664000,0.2406,0.2484,0.2388,0.2476,624731884,1243831734.620003,0.2375636120000001,0.2618128000000003,0.28008190476190475
1631750400,0.2477,0.2479,0.2329,0.2418,767085717,1214932632.8850029,0.23857625800000007,0.26273500000000033,0.2761757142857143
1631836800,0.2419,0.2599,0.2373,0.2401,1532347235,1250887875.380003,0.23955866650000007,0.2638014000000003,0.2738880952380952
1631923200,0.2401,0.2474,0.2379,0.2413,532008968,1239546752.430003,0.24048938800000008,0.2645588000000003,0.271747619047619
1632009600,0.2414,0.2415,0.2307,0.2331,486273037,1214114208.930003,0.2414561070000001,0.2652984000000003,0.2704809523809524
1632096000,0.2331,0.2335,0.1988,0.2086,1842218251.9,1256505541.425003,0.24242315150000004,0.26613340000000035,0.2678952380952381
1632182400,0.2086,0.2185,0.1976,0.2009,1475472637.8,1276396912.565003,0.24335258250000003,0.26685460000000033,0.26576666666666665
1632268800,0.2008,0.2304,0.1999,0.2245,1505717159.7,1258688785.315003,0.24430319850000004,0.2675562000000003,0.2634904761904761
1632355200,0.2244,0.2273,0.2175,0.2246,809134784,1236705767.815003,0.24529083600000004,0.2682076000000003,0.26047142857142846
1632441600,0.2245,0.2291,0.1965,0.2091,1446332143.9,1250503045.4600031,0.24625904500000004,0.26871660000000036,0.256795238095238
1632528000,0.2092,0.214,0.2043,0.2083,648108334,1219253402.975003,0.24720657850000002,0.2688038000000003,0.25347142857142846
1632614400,0.2084,0.2089,0.194,0.205,778024870.7,1191767582.355003,0.24816125850000004,0.26875640000000034,0.2501333333333332
1632700800,0.205,0.2093,0.1996,0.1997,447272392,1006950722.2500031,0.24907468550000003,0.2693212000000003,0.2459904761904761
1632787200,0.1998,0.2027,0.196,0.1965,478010126,929014939.6500031,0.24986775300000003,0.2697826000000003,0.24166190476190466
1632873600,0.1966,0.2043,0.1946,0.1987,508197881,905779399.200003,0.2506246105,0.26994560000000034,0.23645714285714275
1632960000,0.1987,0.206,0.1976,0.2042,525345573,880048084.200003,0.25149231650000003,0.27001520000000034,0.23125238095238082
1633046400,0.2043,0.2253,0.2018,0.2226,1029403020,902770168.5000031,0.25235538100000005,0.2688774000000004,0.22845714285714275
1633132800,0.2227,0.225,0.2151,0.2185,726979560,897897171.350003,0.253086012,0.26807220000000037,0.22569523809523798
1633219200,0.2186,0.2266,0.2155,0.2218,697996641,873071877.850003,0.25383795350000005,0.26688040000000035,0.223395238095238
1633305600,0.2218,0.249,0.2119,0.2414,3281218340,1007093927.800003,0.25458360750000003,0.26570800000000033,0.2225809523809523
1633392000,0.2415,0.268,0.2325,0.2516,3796153741,1165665020.650003,0.25530246450000005,0.2645030000000003,0.2215095238095237
1633478400,0.2517,0.2719,0.2422,0.2541,3681509190,1311386194.300003,0.25600859900000006,0.2636748000000003,0.2201571428571428
1633564800,0.2542,0.257,0.2357,0.2428,2142393485,1341888506.800003,0.25668815300000003,0.2623114000000003,0.22042380952380944
1633651200,0.2429,0.2549,0.2414,0.2441,1381822126,1384379164.7000031,0.25741804800000007,0.26086700000000035,0.22094761904761895
1633737600,0.2442,0.2527,0.2407,0.2467,1073585552,1413744790.4500031,0.2582462025,0.2588982000000003,0.22125714285714276
1633824000,0.2467,0.2487,0.226,0.2288,977648960,1370516325.8550029,0.25904544900000004,0.2575390000000003,0.22130476190476184
1633910400,0.2287,0.2394,0.2249,0.2312,1072711057,1350378246.815003,0.25986498900000005,0.2566344000000003,0.22149523809523805
1633996800,0.2312,0.2318,0.216,0.2261,1030470079,1326615892.780003,0.2607852465,0.25542640000000033,0.2217523809523809
1634083200,0.226,0.2342,0.2203,0.2326,1044380785,1338378192.830003,0.2617520105,0.2539528000000003,0.22154761904761897
1634169600,0.2325,0.2403,0.2311,0.2325,1098049682,1320964069.735003,0.26272841750000003,0.25234020000000035,0.22262380952380947
1634256000,0.2325,0.2436,0.2239,0.234,1457540715,1361435688.785003,0.26365502700000004,0.25058380000000036,0.22382380952380945
1634342400,0.2341,0.2459,0.2337,0.2372,1224144433,1383741666.900003,0.264601087,0.24891440000000034,0.22420952380952372
1634428800,0.2373,0.2421,0.2252,0.2378,1210409235,1421898509.0500028,0.26556782100000004,0.24707980000000035,0.22458571428571422
1634515200,0.2377,0.273,0.237,0.2474,4909224967,1643459251.1000028,0.26645432300000005,0.24595900000000032,0.22577142857142854
1634601600,0.2474,0.255,0.2399,0.2454,1415459318,1688822322.950003,0.267353993,0.2447580000000003,0.227147619047619
1634688000,0.2454,0.262,0.2421,0.2548,1638568849,1744483486.750003,0.268214838,0.24407000000000031,0.22870952380952372
1634774400,0.2548,0.2584,0.2382,0.2424,1573673715,1771697021.500003,0.269105658,0.2429260000000003,0.2309809523809523
1634860800,0.2425,0.2549,0.2352,0.2446,1553243637,1813010225.350003,0.26999983000000005,0.24196200000000034,0.23330952380952374
1634947200,0.2446,0.254,0.24,0.2511,1258590627,1841039924.650003,0.27089921000000006,0.24129200000000034,0.23598095238095232
1635033600,0.2511,0.2832,0.2457,0.2756,4887922846,1921375149.9500031,0.2718152085,0.24076000000000033,0.23779999999999993
1635120000,0.2757,0.2805,0.2585,0.2651,2939692178,1878552071.800003,0.272735359,0.2402940000000003,0.23884761904761898
1635206400,0.2651,0.2743,0.252,0.2559,2132162373,1801084730.9500031,0.273661604,0.2392560000000003,0.24039999999999992
1635292800,0.2558,0.2636,0.2169,0.2379,5223432326,1955136673.000003,0.2746006795,0.23825400000000033,0.2429619047619047
1635379200,0.2379,0.34,0.2324,0.2997,17320109431,2752051038.250003,0.275597123,0.23735400000000034,0.24409047619047614
1635465600,0.2997,0.307,0.2752,0.2882,4977184874,2947231004.3500032,0.27652215150000004,0.23688200000000034,0.24429523809523807
1635552000,0.2882,0.295,0.258,0.269,3441001301,3070398621.400003,0.27744515550000004,0.23589800000000033,0.24352380952380953
1635638400,0.269,0.2852,0.252,0.28,3857354566,3209630796.8500032,0.278378632,0.23483600000000032,0.2462333333333333
1635724800,0.28,0.2866,0.2631,0.2716,2497093967,3282961991.250003,0.2794627475,0.2344900000000003,0.24833333333333332
1635811200,0.2716,0.281,0.2666,0.2739,1912493294,3326367616.700003,0.2804793285,0.2353500000000003,0.24939523809523806
1635897600,0.2739,0.2776,0.262,0.2689,1607498166,3351840040.900003,0.2814508895,0.2360640000000003,0.2518333333333333
1635984000,0.2689,0.2709,0.2539,0.263,1446957670,3351310888.650003,0.282321806,0.2366500000000003,0.2537571428571428
1636070400,0.263,0.2709,0.2547,0.2609,1282376452,3354222489.6000032,0.283448656,0.23743000000000034,0.25603333333333333
1636156800,0.2608,0.2676,0.25,0.2618,1135857725,3350494914.1000032,0.2845359845,0.23785800000000035,0.25776190476190475
1636243200,0.2618,0.2698,0.2584,0.2664,912146975,3150641014.500003,0.2854089745,0.23862000000000033,0.2592142857142857
1636329600,0.2664,0.2973,0.2644,0.2819,3420674489,3250901773.050003,0.28620181,0.23918600000000034,0.26049523809523806
1636416000,0.282,0.2905,0.2708,0.2736,1854893482,3261718004.700003,0.2866480105,0.23949400000000032,0.26166666666666666
1636502400,0.2737,0.2775,0.235,0.2553,2600272877,3313047962.800003,0.2861902935,0.23987600000000028,0.26302857142857144
1636588800,0.2553,0.2716,0.2529,0.2605,1356541795,3303212870.700003,0.28612352750000003,0.2403100000000003,0.26467142857142856
1636675200,0.2604,0.2686,0.2484,0.2593,1227134455,3301640062.1000032,0.285826878,0.2408120000000003,0.2660142857142857
1636761600,0.2594,0.2624,0.2542,0.2613,730909452,3093789392.400003,0.285086863,0.2417880000000003,0.26603809523809524
1636848000,0.2612,0.2719,0.2597,0.2628,1109308026,3002270184.800003,0.2848092605,0.2430880000000003,0.26689999999999997
1636934400,0.2628,0.2654,0.2553,0.2566,784663988,2934895265.550003,0.28461213500000004,0.24417600000000028,0.26759999999999995
1637020800,0.2567,0.2567,0.2225,0.2365,1931306150,2770288956.750003,0.28471832750000003,0.24489600000000028,0.26808571428571426
1637107200,0.2364,0.2413,0.2293,0.2374,1016537117,1955110341.050003,0.28483725000000004,0.2455900000000003,0.2674761904761904
1637193600,0.2373,0.2413,0.215,0.2208,1424059825,1777454088.600003,0.28476375,0.24663400000000027,0.26707142857142857
1637280000,0.2209,0.2369,0.2155,0.2329,1011256982,1655966872.650003,0.2848083,0.2477240000000003,0.2661476190476191
1637366400,0.2328,0.2357,0.2249,0.233,638393250,1495018806.850003,0.28474675,0.2487560000000003,0.2661238095238095
1637452800,0.233,0.2334,0.225,0.2255,584498069,1399389011.9500031,0.28469165,0.24949200000000032,0.26236666666666664
1637539200,0.2256,0.2273,0.2163,0.2195,715429215,1339535808.000003,0.28439010000000003,0.25031000000000037,0.2597333333333333
1637625600,0.2194,0.2369,0.2132,0.2266,1648276631,1341574731.250003,0.28414915,0.2507520000000003,0.2580190476190476
1637712000,0.2267,0.2304,0.2106,0.217,1150989995,1326776347.500003,0.28364435000000005,0.2513260000000003,0.2554238095238095
1637798400,0.217,0.2289,0.2138,0.2209,1097415948,1317528322.300003,0.28287700000000005,0.2515340000000003,0.25294285714285714
1637884800,0.221,0.2217,0.186,0.2016,2305030656.3,1375986968.865003,0.28211115000000003,0.25167400000000034,0.25069047619047613
1637971200,0.2016,0.21,0.2005,0.2049,908852823,1375822261.265003,0.28106855000000003,0.25162800000000035,0.2482190476190476
1638057600,0.2049,0.2074,0.1907,0.2073,858901257,1247733599.665003,0.27954085,0.25133200000000033,0.2462142857142857
1638144000,0.2072,0.227,0.2025,0.215,1857437869,1247860819.015003,0.27739835,0.25064000000000036,0.2433904761904762
1638230400,0.2149,0.2275,0.2125,0.2147,1617695220,1198731936.165003,0.27559055000000005,0.24997600000000034,0.24068095238095236
1638316800,0.2147,0.2189,0.2058,0.2093,803902283,1171099960.565003,0.27327445000000006,0.24915200000000035,0.23786666666666664
1638403200,0.2093,0.2233,0.2011,0.2095,1689895075,1194237991.565003,0.27117405,0.2483680000000003,0.23468095238095235
1638489600,0.2095,0.2122,0.1902,0.1999,1011968037,1208290920.815003,0.26942540000000004,0.24758000000000036,0.23187619047619043
1638576000,0.1998,0.2004,0.131,0.1781,5303849448.2,1418017991.925003,0.2681797,0.24730400000000036,0.22968571428571427
1638662400,0.1781,0.1812,0.1617,0.1712,1381389600,1447854272.525003,0.26673790000000003,0.24697400000000033,0.22725714285714282
1638748800,0.1712,0.1804,0.1591,0.1776,1661970370,1434387483.525003,0.26581640000000006,0.24663800000000033,0.22442857142857142
1638835200,0.1775,0.1839,0.1746,0.1762,1069148248,1437018040.0750031,0.26444415000000004,0.2461760000000003,0.22046666666666664
1638921600,0.1762,0.1821,0.172,0.179,870067110,1409318404.3250031,0.26271910000000004,0.2455240000000003,0.21610476190476188
1639008000,0.1791,0.1833,0.1685,0.1691,974195305,1407465320.475003,0.26122285000000006,0.24440600000000032,0.2123428571428571
1639094400,0.1691,0.1748,0.1632,0.1641,743981315,1412744723.725003,0.25970185000000007,0.2430860000000003,0.20947142857142853
1639180800,0.1641,0.17,0.1612,0.1689,654792769,1416259458.725003,0.2582638500000001,0.2418820000000003,0.20669047619047617
1639267200,0.1689,0.1738,0.1656,0.1697,499912432,1405483619.5750031,0.25677565,0.2404580000000003,0.20422857142857143
1639353600,0.1696,0.1704,0.1514,0.1573,972416861,1371690631.0750031,0.25598440000000006,0.23913000000000031,0.20095238095238094
1639440000,0.1574,0.2204,0.1549,0.1909,7338444571,1681063359.875003,0.2548845,0.2374160000000003,0.19790000000000005
1639526400,0.1909,0.1912,0.1703,0.1808,2177343912,1735059758.0750031,0.25397660000000005,0.23585000000000028,0.19524285714285716
1639612800,0.1808,0.1853,0.1723,0.1732,1077785070,1673697478.760003,0.25316165000000007,0.2343360000000003,0.1922809523809524
1639699200,0.1732,0.1766,0.1614,0.1685,1033871332,1679948404.2100031,0.2524755,0.2327080000000003,0.19058095238095238
1639785600,0.1684,0.1757,0.1659,0.1723,594262965,1666716489.610003,0.25146655000000007,0.2303420000000003,0.1888571428571429
1639872000,0.1723,0.1746,0.1691,0.1694,479149291,1597802060.7100031,0.25058115000000003,0.22885800000000028,0.1865857142857143
1639958400,0.1695,0.1708,0.161,0.1671,823398873,1558087243.360003,0.24966545000000004,0.22735600000000025,0.18500952380952385
1640044800,0.1671,0.1724,0.1657,0.1707,514233887,1543603823.560003,0.24878180000000008,0.2260620000000003,0.1834571428571429
1640131200,0.1708,0.1799,0.1697,0.173,885691231,1503393631.360003,0.24818015000000007,0.2234380000000003,0.181652380952381
1640217600,0.173,0.1851,0.1712,0.185,1027458506,1504168154.810003,0.24757015000000007,0.22112000000000026,0.17937142857142863
1640304000,0.1851,0.1955,0.1791,0.1862,1245909390,1301271151.900003,0.24692720000000004,0.21912800000000027,0.17727619047619053
1640390400,0.1862,0.1957,0.1847,0.1908,883688963,1276386120.050003,0.24614185000000005,0.21687000000000026,0.17554761904761912
1640476800,0.1908,0.1925,0.1849,0.1898,537153520,1220145277.550003,0.24515305000000004,0.21485200000000024,0.17438095238095247
1640563200,0.1898,0.1928,0.1863,0.1879,612171098,1197296420.050003,0.24388315000000005,0.21283400000000022,0.1737285714285715
1640649600,0.1879,0.188,0.1716,0.1739,979781920,1202782160.550003,0.24271475000000006,0.21115600000000023,0.17433333333333342
1640736000,0.1738,0.1773,0.1661,0.168,716005365,1189872663.550003,0.24168685000000006,0.20962000000000025,0.17521904761904772
1640822400,0.168,0.1758,0.1651,0.1711,524275170,1178887356.300003,0.24069535000000006,0.20821800000000024,0.1757095238095239
1640908800,0.171,0.1758,0.1661,0.1703,572672782,1174781356.9500031,0.2397632000000001,0.20677800000000024,0.1756000000000001
1640995200,0.1703,0.1737,0.1697,0.1732,297504077,1164660939.2000031,0.23903690000000005,0.2052080000000002,0.17507619047619055
1641081600,0.1731,0.1763,0.1705,0.1745,312955886,1131687890.4500031,0.23836160000000006,0.20304800000000023,0.17517142857142867
1641168000,0.1745,0.1745,0.1674,0.1703,460985351,787814929.450003,0.23759470000000008,0.2009360000000002,0.17546666666666677
1641254400,0.1703,0.1726,0.1665,0.1684,496439208,703769694.2500031,0.23690390000000008,0.1992520000000002,0.1756714285714287
1641340800,0.1685,0.171,0.1472,0.159,1084632258,704112053.6500031,0.23617990000000005,0.19744800000000023,0.1759000000000001
1641427200,0.1591,0.1621,0.1539,0.1599,705767171,687706845.600003,0.23545910000000006,0.19572600000000023,0.17651904761904774
1641513600,0.16,0.1604,0.1489,0.155,1079690606,711978227.6500031,0.23469490000000004,0.19399000000000022,0.17544761904761916
1641600000,0.1551,0.1579,0.1451,0.1509,582238373,717132681.7500031,0.23390805000000003,0.19214000000000023,0.17440952380952393
1641686400,0.1509,0.1539,0.1486,0.1505,381170543,695021265.2500031,0.23317265000000006,0.1903760000000002,0.17377619047619058
1641772800,0.1505,0.1522,0.1368,0.1431,845047878,711561964.800003,0.23250640000000003,0.18882600000000022,0.17313333333333344
1641859200,0.143,0.167,0.1417,0.1538,1691718365,751863321.5000031,0.23182695000000006,0.1872760000000002,0.17211428571428583
1641945600,0.1538,0.1636,0.1511,0.1628,911010585,746040925.450003,0.23120255000000003,0.18596000000000018,0.17121428571428582
1642032000,0.1627,0.1781,0.1613,0.1717,2116971492,789594030.550003,0.23056920000000006,0.18432000000000015,0.17007142857142868
1642118400,0.1716,0.2148,0.1703,0.1832,5406672589,1015743211.850003,0.22996600000000003,0.18267000000000017,0.16926666666666676
1642204800,0.1832,0.1948,0.1815,0.1845,1633943311,1070582701.4000031,0.22984735000000003,0.18102200000000018,0.16878095238095248
1642291200,0.1845,0.1847,0.1734,0.1766,1069094552,1093428874.100003,0.22964825000000005,0.17970800000000015,0.16814761904761913
1642377600,0.1766,0.1784,0.1656,0.1708,1091483397,1099013947.9500031,0.22922735000000005,0.17843200000000017,0.168004761904762
1642464000,0.1708,0.1743,0.1616,0.1651,945110452,1110469202.300003,0.22862400000000005,0.17752600000000016,0.167704761904762
1642550400,0.1651,0.1696,0.1589,0.1615,867134554,1127612171.500003,0.22820575000000004,0.17677200000000018,0.16707619047619054
1642636800,0.1616,0.1693,0.1536,0.1553,763530515,1137155058.150003,0.22779060000000004,0.17643000000000014,0.16626190476190486
1642723200,0.1553,0.1576,0.1399,0.1419,1503858051,1197472756.850003,0.22732660000000007,0.17586400000000013,0.16584285714285724
1642809600,0.142,0.1453,0.12,0.1332,2241546261.6000004,1293902275.630003,0.22695725000000005,0.17513400000000015,0.16553333333333342
1642896000,0.1333,0.1447,0.132,0.1418,1196841624,1330695089.280003,0.22656230000000008,0.17413600000000012,0.16478095238095247
1642982400,0.1417,0.1418,0.1256,0.1373,1607720454,1386259151.580003,0.2261757500000001,0.17307200000000011,0.1634285714285715
1643068800,0.1373,0.1506,0.1325,0.1427,1316136672,1397834372.280003,0.2258107000000001,0.17199200000000012,0.16152380952380962
1643155200,0.1427,0.1534,0.1409,0.1431,1324673854,1428779706.430003,0.22541095000000008,0.1706400000000001,0.15996666666666676
1643241600,0.1431,0.1459,0.1362,0.1414,677890025,1408689677.380003,0.22498665000000007,0.16930600000000012,0.1583952380952382
1643328000,0.1415,0.1426,0.1377,0.1414,464231063,1402789311.880003,0.2245310000000001,0.16858000000000012,0.15717142857142868
1643414400,0.1415,0.1442,0.1403,0.143,339117872,1400686678.330003,0.22408500000000012,0.16790200000000013,0.1564142857142858
1643500800,0.1429,0.1438,0.138,0.1391,341622629,1375515415.880003,0.22358015000000012,0.16720400000000013,0.15553333333333344
1643587200,0.1392,0.1426,0.1363,0.1415,365107026,1309184848.930003,0.22316985000000014,0.16654200000000013,0.15488571428571438
1643673600,0.1416,0.1444,0.1408,0.1423,374440012,1282356320.280003,0.22282185000000013,0.1657900000000001,0.1545095238095239
1643760000,0.1423,0.1466,0.135,0.137,491750010,1201095246.180003,0.22243720000000014,0.16523600000000013,0.15396666666666675
1643846400,0.1369,0.1389,0.1346,0.1379,384297073,949976470.380003,0.22208395000000014,0.16481400000000013,0.15389047619047627
1643932800,0.138,0.1481,0.1369,0.1478,562305646,896394587.130003,0.22171110000000013,0.16421800000000011,0.15334285714285723
1644019200,0.1479,0.1507,0.1447,0.1469,526597151,869269717.080003,0.22137935000000014,0.1636540000000001,0.1521142857142858
1644105600,0.1468,0.1559,0.1445,0.1539,705984242,849994759.330003,0.22109450000000014,0.1633540000000001,0.150504761904762
1644192000,0.154,0.1731,0.1513,0.1653,1810847856,893281629.530003,0.22080195000000014,0.1622760000000001,0.1488190476190477
1644278400,0.1653,0.1711,0.1529,0.1581,1273034951,913576649.380003,0.22058275000000013,0.16141800000000012,0.1470285714285715
1644364800,0.1582,0.1624,0.1542,0.1594,691842118,909992229.530003,0.22043415000000013,0.16091000000000008,0.14594761904761913
1644451200,0.1594,0.1607,0.15,0.1514,921972005,880897927.230003,0.22018245000000014,0.1604780000000001,0.14568571428571436
1644537600,0.1515,0.1543,0.1419,0.1446,706523003,804146764.3000029,0.21996410000000016,0.16011000000000009,0.14535238095238107
1644624000,0.1446,0.1475,0.1402,0.1444,573672346,772988300.400003,0.21983500000000017,0.16002800000000011,0.14525238095238105
1644710400,0.1443,0.158,0.1437,0.148,1586345314,771919543.400003,0.21971715000000017,0.1598480000000001,0.14506666666666673
1644796800,0.1481,0.1506,0.1427,0.1457,901483820,751186900.8000029,0.21953435000000016,0.1596220000000001,0.14519523809523815
1644883200,0.1458,0.1524,0.1448,0.1517,600243216,714965368.900003,0.2194047000000002,0.15919000000000008,0.1457285714285715
1644969600,0.1517,0.1517,0.1462,0.1487,432478291,702694782.2000029,0.21922075000000021,0.15838200000000008,0.1460238095238096
1645056000,0.1487,0.15,0.1368,0.1383,740203412,716493399.650003,0.2190333500000002,0.15754600000000007,0.1464238095238096
1645142400,0.1383,0.1422,0.136,0.1386,619882904,730531651.250003,0.21880070000000018,0.15669000000000005,0.14685238095238104
1645228800,0.1386,0.1465,0.1384,0.1409,677612304,747331135.000003,0.2185056000000002,0.15580800000000006,0.1471190476190477
1645315200,0.1409,0.1411,0.135,0.1366,508576015,754504584.4500029,0.21819835000000015,0.15508400000000008,0.14697142857142867
1645401600,0.1367,0.1419,0.1271,0.1282,1003925366,785978852.150003,0.21790965000000018,0.15458000000000005,0.14683809523809532
1645488000,0.1283,0.1318,0.1238,0.1313,711049048,796943804.0500029,0.21761305000000017,0.15398600000000007,0.14673809523809536
1645574400,0.1313,0.1356,0.1272,0.1273,608939321,808175916.4500029,0.21732790000000018,0.15333600000000006,0.14661904761904773
1645660800,0.1273,0.1277,0.1065,0.1241,2457565179.9,902938893.145003,0.21703315000000017,0.15274800000000005,0.14598571428571439
1645747200,0.1241,0.1284,0.1205,0.1276,799509758,916584523.495003,0.2167034500000002,0.15201600000000007,0.14546190476190488
1645833600,0.1276,0.1306,0.1257,0.1276,531223949,907846508.8450029,0.2163801000000002,0.15109000000000006,0.1450000000000001
1645920000,0.1276,0.1284,0.1209,0.1229,635411701,849074701.0950029,0.2161033000000002,0.15031000000000005,0.14434285714285724
1646006400,0.123,0.1349,0.1213,0.1335,734786347,822162270.895003,0.21577865000000018,0.14948800000000007,0.14338095238095241
1646092800,0.1334,0.139,0.1297,0.134,925222290,833831279.495003,0.21541490000000021,0.14879000000000006,0.14246190476190476
1646179200,0.134,0.1373,0.1306,0.133,672511452,821358251.8450029,0.2150473000000002,0.14814400000000003,0.14098571428571433
1646265600,0.133,0.1339,0.1271,0.1297,523496191,812206911.245003,0.2143743500000002,0.14759600000000003,0.1394714285714286
1646352000,0.1297,0.1302,0.12,0.1226,660309989,816538793.395003,0.2137950500000002,0.14703600000000003,0.13832380952380957
1646438400,0.1226,0.1256,0.1209,0.125,323924728,753417764.0950029,0.21315260000000003,0.14669600000000002,0.13706666666666673
1646524800,0.1249,0.1256,0.1193,0.1207,386679370,727677541.5950029,0.21250400000000003,0.14651400000000003,0.13603333333333337
1646611200,0.1207,0.1226,0.1132,0.1167,511547343,723242747.9450029,0.21179625000000002,0.146098,0.13498571428571435
1646697600,0.1168,0.12,0.1152,0.117,542985670,728768116.895003,0.21114370000000002,0.145436,0.1340619047619048
1646784000,0.117,0.1245,0.1164,0.1215,538317389,718673815.745003,0.21038035,0.14445400000000003,0.1327619047619048
1646870400,0.1215,0.1219,0.1145,0.1169,558408748,715600107.9450029,0.20957525000000005,0.14329,0.13138095238095243
1646956800,0.1169,0.1186,0.1137,0.1155,407557124,702097348.9450029,0.20852455000000003,0.142014,0.12972857142857147
1647043200,0.1154,0.1173,0.1146,0.1147,214689375,687403016.9450029,0.20753975000000005,0.14081600000000002,0.12843333333333337
1647129600,0.1147,0.1164,0.1099,0.1114,401940015,657303749.395003,0.2066681,0.13974000000000006,0.12741428571428573
1647216000,0.1114,0.122,0.1102,0.1139,948689928,669185793.395003,0.20575559999999998,0.13886800000000007,0.12631428571428574
1647302400,0.1139,0.1143,0.1101,0.1126,417039779,659590816.2950029,0.20475019999999997,0.13797600000000004,0.1250666666666667
1647388800,0.1126,0.1171,0.1121,0.1171,548022368,564113675.7000029,0.20369854999999998,0.13718000000000002,0.12386666666666668
1647475200,0.117,0.1194,0.1158,0.1163,444108919,546343633.750003,0.20272294999999999,0.13663600000000004,0.1231857142857143
1647561600,0.1164,0.1196,0.1142,0.1191,431655767,541365224.650003,0.2017341,0.13620000000000002,0.12229523809523812
1647648000,0.1192,0.1251,0.1183,0.1236,678711412,543530210.2000029,0.20072245,0.13564200000000004,0.12180952380952383
1647734400,0.1235,0.1241,0.1174,0.1191,425713425,528076564.10000294,0.19985274999999997,0.13514800000000005,0.12143809523809525
1647820800,0.1191,0.1217,0.1176,0.1192,403696503,502000274.750003,0.198947,0.13463600000000006,0.12103333333333335
1647907200,0.1193,0.1257,0.1186,0.1224,640695818,500409493.05000293,0.1981745,0.13410000000000008,0.12084285714285717
1647993600,0.1224,0.1314,0.121,0.1298,1136679760,531068671.500003,0.19726549999999998,0.13365400000000005,0.12066190476190479
1648080000,0.1299,0.1413,0.1277,0.1368,2168603367,606483340.400003,0.19642099999999998,0.13329800000000008,0.11998095238095242
1648166400,0.1368,0.1377,0.1274,0.1308,1191949148,649884561.400003,0.195598,0.13282000000000008,0.11942857142857147
1648252800,0.1308,0.1369,0.1289,0.136,780328909,669567038.350003,0.1948335,0.13242200000000007,0.11927619047619051
1648339200,0.1361,0.1456,0.1354,0.1448,1864810242,737230183.3000029,0.19406099999999998,0.1320400000000001,0.11961428571428577
1648425600,0.1447,0.1537,0.1406,0.1425,1905719594,805366879.500003,0.19318499999999997,0.13179,0.12000476190476196
1648512000,0.1424,0.1489,0.1404,0.1444,1173218699,837111945.000003,0.1923075,0.131786,0.12052857142857147
1648598400,0.1444,0.1456,0.1379,0.1432,1131014248,865742220.0000031,0.191439,0.13164399999999998,0.12167619047619052
1648684800,0.1431,0.148,0.1359,0.1381,1464999405,918614334.050003,0.19059199999999993,0.13140799999999997,0.12290476190476196
1648771200,0.1381,0.143,0.132,0.1413,1030256213,959392675.950003,0.18970449999999991,0.13136599999999998,0.12420952380952388
1648857600,0.1414,0.1445,0.1378,0.1387,804996467,979545498.550003,0.18881349999999994,0.13113799999999998,0.1252428571428572
1648944000,0.1387,0.1496,0.1362,0.1466,1229288569,993575430.600003,0.18821749999999995,0.13071999999999995,0.126252380952381
1649030400,0.1465,0.1567,0.1412,0.1485,2703058960,1107876389.650003,0.1876579999999999,0.13042199999999995,0.12748095238095244
1649116800,0.1485,0.1796,0.1471,0.1727,6454340799,1403192311.2000031,0.18710799999999994,0.12999599999999994,0.12862380952380958
1649203200,0.1727,0.1748,0.141,0.1433,5121714785,1637072604.500003,0.18663149999999995,0.12979399999999996,0.13030000000000005
1649289600,0.1432,0.1483,0.14,0.1459,1901323940,1710556013.150003,0.18614249999999996,0.12967599999999999,0.1319476190476191
1649376000,0.1459,0.1534,0.1404,0.1424,2219140122,1787577448.650003,0.18558199999999997,0.12971999999999997,0.13480952380952388
1649462400,0.1423,0.1446,0.1405,0.1442,598706994,1796227127.100003,0.18510949999999998,0.12972999999999998,0.13605714285714293
1649548800,0.1442,0.1578,0.1435,0.1482,2653381549,1908711379.400003,0.1846,0.13026999999999997,0.13746666666666674
1649635200,0.1482,0.1515,0.1329,0.1341,2077944539,1980573815.4500031,0.18409499999999998,0.13010199999999997,0.13857619047619055
1649721600,0.134,0.1446,0.1332,0.138,1432968065,1995388230.7000031,0.18362849999999994,0.13004599999999997,0.1395571428571429
1649808000,0.138,0.1435,0.1362,0.1399,982884706,1936102297.650003,0.18329149999999994,0.13012799999999997,0.1409428571428572
1649894400,0.14,0.1478,0.1368,0.1441,2218098250,1987409752.750003,0.18280149999999998,0.13023999999999997,0.141652380952381
1649980800,0.1442,0.1498,0.1418,0.1458,1414074566,2019097035.600003,0.18236549999999999,0.130386,0.14239523809523816
1650067200,0.1458,0.148,0.1414,0.1435,747201976,1963216622.300003,0.1820345,0.13033599999999998,0.14287619047619055
1650153600,0.1435,0.145,0.1383,0.1392,693196715,1902590478.350003,0.181751,0.13053199999999998,0.1432238095238096
1650240000,0.1392,0.1405,0.1327,0.1402,1219207335,1904889910.150003,0.1813695,0.130704,0.1439380952380953
1650326400,0.1401,0.1446,0.1391,0.1425,811386437,1888908519.600003,0.18091699999999997,0.13103999999999996,0.14429523809523817
1650412800,0.1425,0.1468,0.1389,0.1407,1387121991,1885014648.900003,0.18056149999999996,0.13147399999999998,0.14402857142857148
1650499200,0.1407,0.143,0.134,0.1362,873720271,1877187851.800003,0.18021949999999998,0.13179199999999996,0.14391904761904767
1650585600,0.1362,0.1382,0.1346,0.1363,572175737,1865546815.300003,0.17991499999999994,0.13202399999999997,0.1438285714285715
1650672000,0.1363,0.1368,0.1331,0.1339,337691149,1820966944.300003,0.17964549999999996,0.13236999999999996,0.14370952380952387
1650758400,0.1338,0.1348,0.1309,0.1317,521764787,1711902235.650003,0.17938049999999997,0.13254999999999995,0.14361904761904767
1650844800,0.1318,0.1711,0.1224,0.1581,7687212862,1773545838.800003,0.17908299999999996,0.13268399999999997,0.14338095238095244
1650931200,0.1582,0.1668,0.1354,0.1376,6993892003,1867154699.7000031,0.17876299999999998,0.13274799999999995,0.143152380952381
1651017600,0.1376,0.1456,0.135,0.14,2395315272,1891854266.300003,0.17836249999999995,0.13287999999999997,0.1424428571428572
1651104000,0.1399,0.1433,0.1352,0.1375,1507644481,1856279484.250003,0.17797349999999998,0.13310599999999997,0.14290000000000005
1651190400,0.1375,0.1451,0.1331,0.1349,2002962085,1926492238.800003,0.1775455,0.13323999999999997,0.14122857142857148
1651276800,0.135,0.1368,0.1238,0.1274,1256533034,1856649813.050003,0.17701999999999998,0.13398799999999997,0.1410714285714286
1651363200,0.1273,0.1366,0.126,0.1327,1208220038,1813163588.000003,0.1764315,0.13440599999999997,0.14067142857142861
1651449600,0.1327,0.134,0.1276,0.1308,791121203,1781071244.900003,0.17581949999999996,0.13486599999999999,0.14031428571428575
1651536000,0.1308,0.132,0.1264,0.1295,602983927,1762076205.9500031,0.17539599999999997,0.13518599999999997,0.13951428571428576
1651622400,0.1294,0.1363,0.129,0.1359,999925457,1701167566.300003,0.17486349999999995,0.13554599999999997,0.13877619047619053
1651708800,0.136,0.1378,0.125,0.1282,1663729207,1713650298.350003,0.17432999999999993,0.13578399999999996,0.13861904761904764
1651795200,0.1281,0.1299,0.1234,0.1278,919219399,1722251169.500003,0.17387349999999993,0.13614399999999996,0.13821428571428576
1651881600,0.1277,0.1324,0.1245,0.1275,913433603,1733263013.900003,0.173392,0.13653199999999996,0.13802380952380955
1651968000,0.1274,0.1283,0.1226,0.1241,770287457,1710817020.000003,0.17289849999999996,0.136844,0.1372666666666667
1652054400,0.1241,0.1253,0.1001,0.1019,2102771008.3,1775386248.5650032,0.17239899999999994,0.13731,0.13640952380952384
1652140800,0.1018,0.1184,0.0992,0.108,1929997320.5,1802530015.0400033,0.17189049999999995,0.137532,0.13564761904761907
1652227200,0.108,0.1109,0.0711,0.0853,4698607567.9,1993774379.8850033,0.17136799999999996,0.13776199999999997,0.13492857142857145
1652313600,0.0852,0.0899,0.0689,0.0826,4099690301,2170150108.0850034,0.17086149999999992,0.13792999999999997,0.13310476190476195
1652400000,0.0826,0.0964,0.082,0.0881,2571346706,2281832885.9350033,0.17031349999999995,0.13793999999999998,0.13146190476190478
1652486400,0.0881,0.092,0.0836,0.0894,1212363074,2316362800.285003,0.16971549999999994,0.13759599999999997,0.12882380952380953
1652572800,0.0895,0.0933,0.0864,0.0932,799028070,1971953560.6850033,0.16912599999999994,0.13737199999999997,0.1262714285714286
1652659200,0.0932,0.0932,0.0858,0.088,674846170,1656001269.0350032,0.16847249999999994,0.13662999999999997,0.12397619047619049
1652745600,0.088,0.0914,0.0869,0.0903,632579482,1567864479.5350032,0.16776999999999995,0.13568599999999997,0.12185714285714286
1652832000,0.0903,0.091,0.0831,0.0833,552003943,1520082452.6350033,0.16708699999999993,0.13471199999999997,0.12002380952380953
1652918400,0.0834,0.0876,0.0814,0.0866,537654022,1446817049.4850032,0.16625799999999993,0.13388399999999995,0.11668571428571431
1653004800,0.0866,0.088,0.0825,0.084,494642225,1408722509.0350032,0.1652929999999999,0.13302799999999998,0.11443333333333336
1653091200,0.084,0.0855,0.0824,0.0845,200173227,1358320168.4850032,0.16440799999999992,0.13189199999999998,0.11173333333333335
1653177600,0.0844,0.0867,0.0838,0.0859,212040160,1329366116.3350034,0.16357549999999996,0.13084799999999996,0.10930952380952383
1653264000,0.0859,0.0884,0.0821,0.0833,491119625,1323772901.2350032,0.1628519999999999,0.129626,0.10688571428571429
1653350400,0.0833,0.0844,0.0801,0.0837,359716178,1291762437.2850032,0.16179349999999992,0.128494,0.10484285714285715
1653436800,0.0837,0.0845,0.0821,0.083,417147590,1229433356.4350033,0.16080399999999995,0.127412,0.10261428571428571
1653523200,0.0829,0.0837,0.075,0.0779,863761845,1226660478.7350032,0.15987549999999995,0.126276,0.10035238095238096
1653609600,0.0779,0.09,0.076,0.0816,1955445636,1278761080.3850033,0.15890849999999992,0.12522,0.09817142857142859
1653696000,0.0815,0.0834,0.0808,0.0818,539169761,1267205195.5850034,0.1579704999999999,0.12395400000000001,0.09565238095238096
1653782400,0.0818,0.0833,0.0798,0.0827,368598200,1180496555.1700034,0.15702349999999993,0.122658,0.09325714285714287
1653868800,0.0827,0.08857,0.0821,0.088,1210365782,1144514978.2450032,0.1561084999999999,0.12086400000000001,0.09105714285714288
1653955200,0.088,0.0885,0.08308,0.08591,1380975219,978633360.8000034,0.15520999999999993,0.11955600000000002,0.08888095238095241
1654041600,0.0859,0.08952,0.07872,0.08105,2111914425,879244567.0000035,0.1543239999999999,0.11827000000000001,0.08690952380952384
1654128000,0.08106,0.08313,0.08001,0.08277,950935239,798223993.6500034,0.1534299999999999,0.11705800000000004,0.08624761904761907
1654214400,0.08279,0.08296,0.07936,0.08029,719704158,773591047.8500035,0.15248749999999991,0.11582800000000003,0.08519571428571432
1654300800,0.08033,0.08252,0.07932,0.08187,508858133,759082551.0000035,0.15148599999999987,0.11462400000000005,0.08499333333333337
1654387200,0.08188,0.08225,0.0806,0.08107,372318514,743956168.2000034,0.15052699999999988,0.11366020000000004,0.0850014285714286
1654473600,0.08108,0.08473,0.08089,0.0825,810064865,752830437.3500035,0.14966399999999988,0.11252120000000003,0.08462952380952384
1654560000,0.0825,0.08258,0.07769,0.08039,733934095,761926944.9500034,0.14880149999999986,0.11137860000000004,0.08427095238095242
1654646400,0.08039,0.0816,0.0788,0.07927,536757669,761882127.3000034,0.1479345499999999,0.11010240000000003,0.08369333333333336
1654732800,0.07927,0.08105,0.07893,0.07937,322805496,753290290.8500035,0.14703329999999984,0.10882380000000003,0.0834314285714286
1654819200,0.07937,0.07974,0.07423,0.07539,584554571,772509358.0500034,0.14613314999999988,0.10757520000000004,0.08295952380952383
1654905600,0.07538,0.07649,0.06793,0.06993,750865386,799450619.3500035,0.14525159999999987,0.10644120000000003,0.08276761904761908
1654992000,0.06994,0.07037,0.06344,0.06353,1339377069.6999998,841863491.5850035,0.1444784499999999,0.10524500000000003,0.08242333333333335
1655078400,0.06352,0.06627,0.05234,0.0542,3222482666.2,985001815.9950035,0.1436967999999999,0.10398040000000003,0.08201333333333335
1655164800,0.05418,0.05842,0.04978,0.05555,2292552206,1078772046.7950034,0.1430052999999999,0.10275380000000002,0.08131952380952384
1655251200,0.05556,0.06394,0.05041,0.06285,2340963490,1152632129.0450034,0.1422427499999999,0.10153760000000002,0.08025428571428574
1655337600,0.06285,0.06285,0.05421,0.05523,1635504912,1136635092.8450036,0.14147409999999988,0.10021020000000001,0.07886857142857145
1655424000,0.05523,0.05814,0.05463,0.05689,694665887,1144409899.1450036,0.1407434499999999,0.09880280000000002,0.07752809523809527
1655510400,0.0569,0.05787,0.04914,0.0529,1478029999,1199881489.0950036,0.1400228999999999,0.09725280000000003,0.07656857142857146
1655596800,0.05289,0.0629,0.05116,0.06047,2339917678,1256359083.8950036,0.13923954999999988,0.09520180000000003,0.07548904761904765
1655683200,0.06046,0.06152,0.05744,0.06002,963247514,1235472698.6450036,0.13847219999999988,0.09370680000000002,0.07431238095238098
1655769600,0.06002,0.06993,0.05896,0.06581,2221434344,1240948694.5950036,0.1376386999999999,0.09201140000000003,0.07293619047619052
1655856000,0.06583,0.06583,0.06105,0.0617,1245199586,1255661911.9450035,0.13690844999999988,0.09039920000000003,0.07187761904761908
1655942400,0.06172,0.06476,0.06155,0.06398,826794075,1261016407.7950034,0.13619819999999988,0.08875920000000002,0.07054523809523812
1656028800,0.06398,0.06854,0.06391,0.06694,897806951,1280463848.6950035,0.13543784999999986,0.08742060000000001,0.06958809523809527
1656115200,0.06694,0.06934,0.0651,0.06852,767798491,1300237847.5450034,0.1346472999999999,0.08596700000000002,0.0686666666666667
1656201600,0.06852,0.07759,0.06719,0.07296,1762543405,1347861774.5450034,0.13383829999999988,0.0846672,0.06777190476190476
1656288000,0.07297,0.0788,0.0705,0.07216,1823287836,1402329461.5950036,0.1330941499999999,0.0833112,0.06713619047619047
1656374400,0.07218,0.0734,0.0654,0.0661,1134861583,1432234657.2950034,0.1323467499999999,0.0818728,0.0665004761904762
1656460800,0.0661,0.07159,0.06409,0.06956,1112315068,1471710135.8950036,0.1316762999999999,0.0806476,0.06611428571428571
1656547200,0.06958,0.06973,0.06227,0.06644,1057005992,1495332706.9450035,0.1310942999999999,0.079462,0.06562190476190476
1656633600,0.06642,0.06846,0.06386,0.06644,872749922,1501426933.7450035,0.13055819999999993,0.07837120000000002,0.06494142857142857
1656720000,0.06645,0.068,0.0655,0.06667,618971181,1465406639.3100035,0.13000489999999995,0.07733240000000002,0.06447904761904762
1656806400,0.06667,0.0675,0.06482,0.06721,437895956,1326177303.8000035,0.12946649999999996,0.07661640000000003,0.06386333333333334
1656892800,0.06721,0.06981,0.06566,0.06938,647421086,1243920747.8000035,0.12893629999999995,0.07584760000000004,0.06343714285714286
1656979200,0.06937,0.07002,0.0655,0.06716,634033746,1158574260.6000035,0.12845159999999994,0.07547040000000003,0.06328190476190476
1657065600,0.06716,0.0693,0.06616,0.06844,643845555,1108991292.7500033,0.12796159999999993,0.07514720000000003,0.06345714285714286
1657152000,0.06843,0.07122,0.06786,0.07055,698711394,1109193568.1000035,0.12746489999999994,0.07471860000000002,0.06418000000000001
1657238400,0.07056,0.0735,0.06823,0.06906,767634396,1073673787.9500034,0.1269485999999999,0.07427480000000003,0.06473285714285715
1657324800,0.06906,0.07019,0.06881,0.06947,356555177,974505662.9000034,0.1264942999999999,0.07379840000000003,0.06499904761904762
1657411200,0.06947,0.0695,0.06626,0.06728,500345310,951360552.7000034,0.1258731499999999,0.07338160000000003,0.06572857142857143
1657497600,0.06728,0.06729,0.06119,0.06175,567740257,868675848.3500035,0.12530519999999992,0.07294440000000003,0.06630809523809524
1657584000,0.06175,0.06316,0.05972,0.05982,490698646,830950801.3500035,0.12478609999999994,0.07268940000000003,0.06709714285714286
1657670400,0.05981,0.06235,0.05754,0.06194,765623144,827892254.8000034,0.12427939999999994,0.07233860000000003,0.06742142857142858
1657756800,0.06194,0.06282,0.05946,0.06246,619370560,813970435.2500035,0.12376009999999996,0.07204800000000003,0.06750380952380952
1657843200,0.06247,0.06443,0.06162,0.06294,651264714,808143746.4000034,0.12326584999999994,0.07170360000000002,0.06721857142857143
1657929600,0.06293,0.06484,0.06176,0.06439,450542104,742543681.3500035,0.12277564999999996,0.07122060000000002,0.06723000000000001
1658016000,0.06437,0.06552,0.06289,0.06306,413264543,672042516.7000034,0.12226949999999993,0.07075100000000002,0.06715761904761905
1658102400,0.06306,0.06897,0.06299,0.06756,1153131436,672956009.3500035,0.12174089999999993,0.07031580000000001,0.06696714285714286
1658188800,0.06755,0.07025,0.06539,0.06901,1049353576,669807934.7500035,0.12112464999999993,0.06990500000000002,0.0667704761904762
1658275200,0.06902,0.07695,0.06769,0.07014,1879167633,710916016.8000034,0.12049274999999991,0.06960580000000001,0.06629904761904762
1658361600,0.07012,0.07091,0.06691,0.06998,831525229,708854782.1500034,0.11984844999999993,0.0692616,0.06608
1658448000,0.06997,0.07141,0.0667,0.06743,698239065,712818176.3500035,0.11921174999999995,0.06888680000000001,0.06621857142857143
1658534400,0.06743,0.0695,0.06594,0.06804,574830361,719664896.6000035,0.11858694999999994,0.068584,0.06624619047619047
1658620800,0.06802,0.06893,0.06721,0.06755,422181889,708402936.7500035,0.11803939999999992,0.0682042,0.0664147619047619
1658707200,0.06755,0.06799,0.06175,0.06193,699294463,711665972.6000035,0.1175146999999999,0.06788880000000001,0.06646190476190475
1658793600,0.06194,0.06267,0.06011,0.06252,598070119,709377200.8000034,0.1169969999999999,0.0676674,0.06652714285714285
1658880000,0.06253,0.06722,0.06178,0.06721,722135201,710548391.1500034,0.11649054999999991,0.0673606,0.06654333333333333
1658966400,0.06722,0.07089,0.06518,0.06909,947954323,719564387.5000035,0.1159752499999999,0.0671156,0.06618857142857143
1659052800,0.06912,0.07244,0.06723,0.06877,1006131726,752043214.9500034,0.11545264999999992,0.0668292,0.06596761904761905
1659139200,0.06879,0.07454,0.06788,0.06965,1305533142,792302606.5500034,0.1149382999999999,0.06644640000000002,0.06590904761904762
1659225600,0.06966,0.07225,0.06771,0.06807,789967033,803413945.3500035,0.11443649999999991,0.06604680000000002,0.06583952380952382
1659312000,0.06809,0.07128,0.06682,0.06845,770509779,817404502.0000035,0.11397924999999991,0.06578320000000003,0.06582571428571429
1659398400,0.06845,0.06913,0.06546,0.06652,571786789,807712684.2500035,0.11348939999999991,0.06557960000000002,0.06583428571428572
1659484800,0.06652,0.06842,0.06509,0.06621,475501306,800519221.5500034,0.1130269999999999,0.06536760000000003,0.06587190476190477
1659571200,0.06621,0.06767,0.06574,0.06725,417953599,788853665.8000034,0.1126085499999999,0.06525280000000003,0.06619095238095239
1659657600,0.06725,0.07028,0.06717,0.06981,655343802,799093750.7000034,0.11220149999999991,0.06521560000000003,0.06651000000000001
1659744000,0.06981,0.07133,0.0684,0.06863,515275101,804194278.6000035,0.11182984999999991,0.06531400000000004,0.06671333333333333
1659830400,0.06863,0.07,0.06735,0.06897,334443472,763259880.4000034,0.11140909999999993,0.06556040000000002,0.06694142857142858
1659916800,0.06896,0.07258,0.06881,0.07011,791973876,750390895.4000034,0.11093544999999994,0.06577360000000003,0.06726857142857144
1660003200,0.07009,0.075,0.06743,0.06904,1319171735,722391100.5000035,0.11041919999999994,0.06586160000000002,0.06747047619047619
1660089600,0.06902,0.07147,0.06649,0.07126,864532997,724041488.9000034,0.10983579999999993,0.06615320000000001,0.06775190476190478
1660176000,0.07126,0.0755,0.07042,0.07084,1244652711,751362171.2000034,0.10924434999999993,0.066388,0.06787333333333334
1660262400,0.07085,0.07275,0.06966,0.0723,558720656,750556685.9500034,0.10869759999999996,0.0667094,0.06787476190476191
1660348800,0.07232,0.07517,0.0718,0.07293,814196356,770157409.3000034,0.10819264999999996,0.0669022,0.06792809523809525
1660435200,0.07292,0.08494,0.07262,0.08168,3169284659,893656919.1000035,0.10771029999999997,0.06708259999999999,0.06796904761904764
1660521600,0.08168,0.08203,0.07467,0.07662,1760099314,951758378.8500035,0.10724764999999996,0.06719159999999999,0.0682009523809524
1660608000,0.07663,0.08962,0.07615,0.08677,4011386761,1116220956.8500035,0.10682169999999994,0.06737439999999999,0.06843380952380954
1660694400,0.08677,0.08897,0.07933,0.08021,2056226341,1171634557.7500033,0.10645739999999992,0.06754079999999998,0.06910666666666668
1660780800,0.08021,0.08229,0.07347,0.07474,1299546363,1186305289.6000035,0.10614769999999993,0.06766059999999999,0.06980619047619048
1660867200,0.07474,0.07529,0.06702,0.06776,2379477045,1240002484.7500033,0.10579289999999991,0.06792379999999999,0.07096095238095239
1660953600,0.06777,0.07118,0.06764,0.06933,1258894600,1263448863.1000035,0.1054678999999999,0.06799699999999997,0.07158
1661040000,0.06934,0.0708,0.06739,0.06932,1013563879,1275601568.1000035,0.10511904999999992,0.06828919999999998,0.07184904761904762
1661126400,0.06933,0.06942,0.06518,0.0684,884457833,1291235120.3000035,0.10481194999999993,0.06857139999999998,0.07180095238095238
1661212800,0.06841,0.06923,0.06687,0.06884,498322188,1292376164.4000034,0.10448804999999993,0.06867499999999999,0.0717857142857143
1661299200,0.06884,0.06967,0.06703,0.06791,536623127,1298309640.8000035,0.10421489999999992,0.06870139999999997,0.0718452380952381
1661385600,0.06791,0.07185,0.06761,0.06898,904268436,1310755872.5000033,0.10390094999999992,0.06875919999999998,0.07184285714285717
1661472000,0.06898,0.06957,0.06273,0.06351,1220146376,1345999436.2500033,0.10357914999999993,0.06881219999999998,0.07195333333333334
1661558400,0.06351,0.06412,0.06225,0.06351,713605775,1364957551.4000034,0.10321044999999994,0.06883599999999998,0.07203428571428573
1661644800,0.06353,0.06432,0.06129,0.06178,533481708,1352032943.0000033,0.10284559999999995,0.06882519999999999,0.07211666666666669
1661731200,0.06177,0.06409,0.06088,0.06384,599200371,1316034374.8000035,0.10250719999999994,0.06884019999999998,0.07181666666666668
1661817600,0.06383,0.06448,0.06007,0.06154,611034766,1303359463.2500033,0.10215969999999995,0.06885099999999998,0.07157285714285716
1661904000,0.06155,0.06346,0.06072,0.06135,550957335,1268674694.4500034,0.10176489999999996,0.06871019999999999,0.0712304761904762
1661990400,0.06134,0.06263,0.05988,0.06239,567020740,1269089698.6500034,0.10136994999999997,0.06859919999999999,0.07093190476190478
1662076800,0.06238,0.06288,0.06068,0.06165,436731244,1250216443.0500035,0.10094534999999995,0.06844539999999999,0.07057476190476193
1662163200,0.06164,0.06403,0.06112,0.06271,506474868,1117075953.5000033,0.10043639999999993,0.06837659999999998,0.07010285714285716
1662249600,0.06272,0.06391,0.06187,0.06323,426054692,1050373722.4000034,0.09996344999999993,0.0683724,0.0697004761904762
1662336000,0.06323,0.06374,0.06092,0.06275,394413001,869525034.4000034,0.0994753499999999,0.06840299999999999,0.06919333333333336
1662422400,0.06275,0.06531,0.058,0.05889,1030694821,818248458.4000034,0.09903754999999992,0.068412,0.06870666666666668
1662508800,0.05888,0.06155,0.05737,0.06097,572781904,781910235.4500034,0.0986222499999999,0.06839579999999999,0.06782809523809526
1662595200,0.06098,0.06142,0.05965,0.06096,474879318,686680349.1000035,0.09820699999999989,0.0683912,0.06716761904761906
1662681600,0.06099,0.06489,0.0609,0.06385,1042646377,675867937.9500034,0.09777894999999992,0.068368,0.06584000000000001
1662768000,0.06386,0.06557,0.06315,0.06466,860544762,668216982.1000035,0.0973586999999999,0.0683618,0.06492380952380954
1662854400,0.06467,0.06531,0.06261,0.06369,712921351,659640158.0000035,0.09691375000000006,0.06818840000000001,0.06426761904761905
1662940800,0.06369,0.06545,0.06261,0.06393,676230761,668535586.6500034,0.09648640000000007,0.06802760000000001,0.06408142857142857
1663027200,0.06395,0.06419,0.05921,0.05964,1028728701,693140865.3500035,0.09610865000000006,0.067844,0.06385904761904762
1663113600,0.05965,0.0615,0.05914,0.06115,689192149,682387051.0000035,0.09571010000000006,0.0677214,0.06359095238095239
1663200000,0.06114,0.06121,0.05847,0.0586,674751292,655117296.8000034,0.09531045000000006,0.067666,0.06337809523809523
1663286400,0.05862,0.0605,0.05807,0.06046,481393122,643506664.1500034,0.09493225000000007,0.067579,0.06294
1663372800,0.06045,0.06241,0.0602,0.0622,440603174,638862737.4500034,0.09461050000000007,0.06750660000000001,0.06261809523809524
1663459200,0.0622,0.06225,0.05628,0.05743,600769480,638941192.9000034,0.09427730000000009,0.06746080000000002,0.062123809523809526
1663545600,0.05744,0.05881,0.05588,0.05853,624550093,639616959.2500035,0.09395925000000008,0.0674334,0.061978571428571425
1663632000,0.05852,0.06064,0.05759,0.05839,518174761,637977830.5500034,0.09365840000000007,0.06726120000000001,0.06191619047619048
1663718400,0.0584,0.06091,0.05606,0.05715,802984616,649776024.3500035,0.09331860000000008,0.0670886,0.06170904761904762
1663804800,0.05715,0.06007,0.05682,0.05958,485039595,652191441.9000034,0.09298635000000008,0.06695720000000001,0.06145619047619047
1663891200,0.05959,0.06431,0.05912,0.06337,1396167433,696676070.1500034,0.09266485000000006,0.0667128,0.06130619047619048
1663977600,0.06337,0.06831,0.06239,0.0631,2594470223,805096846.7000034,0.09229965000000007,0.06652200000000001,0.06110619047619048
1664064000,0.0631,0.06388,0.06004,0.06117,773373679,824044880.6000035,0.09194065000000005,0.0663208,0.060972380952380945
1664150400,0.06117,0.06188,0.05972,0.06113,586568692,801838574.1500034,0.09156280000000004,0.06613340000000001,0.061054285714285714
1664236800,0.06112,0.06307,0.05973,0.06048,580177161,802208337.0000035,0.09120695000000005,0.0660008,0.06107285714285714
1664323200,0.0605,0.06113,0.05848,0.06051,501123807,803520561.4500034,0.09088590000000005,0.06592320000000002,0.06097476190476191
1664409600,0.06051,0.06108,0.05927,0.06086,399104883,771343486.7500035,0.09054665000000005,0.06578900000000001,0.06089761904761905
1664496000,0.06088,0.06228,0.05954,0.06167,685383674,762585432.3500035,0.09024105000000004,0.06563980000000001,0.06097333333333334
1664582400,0.06168,0.06316,0.06025,0.06059,716678180,762773273.8000034,0.08997440000000001,0.065483,0.06095142857142858
1664668800,0.0606,0.06096,0.0588,0.05927,337873392,745855405.3500035,0.08970490000000002,0.0652904,0.06094666666666667
1664755200,0.05926,0.06058,0.05879,0.06034,317408954,710289418.0000035,0.08940324999999999,0.06511979999999999,0.06084285714285714
1664841600,0.06033,0.06645,0.05994,0.06584,1976517731,774655697.1000035,0.0891244,0.0649118,0.06064904761904763
1664928000,0.06584,0.06687,0.06262,0.06478,1259186373,803877451.1500034,0.0888493,0.06472839999999999,0.06043857142857144
1665014400,0.06479,0.06686,0.06279,0.06345,685939526,814104771.3500035,0.08857835,0.0644942,0.060267619047619056
1665100800,0.06345,0.06383,0.06124,0.06235,500880550,817118640.1500034,0.08832564999999998,0.064221,0.060562857142857154
1665187200,0.06237,0.06268,0.06118,0.06165,230874372,798623884.7500035,0.08806449999999998,0.0637942,0.060735714285714296
1665273600,0.06164,0.0624,0.06116,0.06212,226968934,778744826.8000034,0.08780444999999996,0.06357859999999999,0.060966666666666676
1665360000,0.0621,0.0625,0.0592,0.05938,386782574,772175217.4500034,0.08751529999999998,0.06313879999999998,0.06105666666666668
1665446400,0.05938,0.06099,0.0575,0.06025,478062235,755929098.4000034,0.08723549999999997,0.06280359999999997,0.061030476190476204
1665532800,0.06025,0.06099,0.05927,0.05981,252208137,744287525.5000035,0.08696919999999997,0.06255579999999997,0.061253809523809544
1665619200,0.05979,0.06024,0.05509,0.05965,761866013,712572454.5000035,0.08667509999999998,0.062433599999999964,0.061294285714285725
1665705600,0.05964,0.06103,0.05809,0.05866,327532810,599225583.8500035,0.08639684999999998,0.06228939999999997,0.06138285714285715
1665792000,0.05865,0.05978,0.05797,0.05857,249335168,573023658.3000034,0.08611259999999996,0.06209059999999997,0.061509523809523826
1665878400,0.05857,0.05946,0.05847,0.05891,160481253,551719286.3500035,0.08580884999999996,0.06192759999999997,0.06151285714285716
1665964800,0.0589,0.06017,0.05854,0.05998,194737870,532447321.8000034,0.08547044999999998,0.06174699999999997,0.06128857142857144
1666051200,0.05997,0.06116,0.05854,0.05976,351446283,524963445.6000034,0.08508334999999995,0.061581799999999964,0.061072857142857165
1666137600,0.05975,0.0608,0.05821,0.05868,458718503,527944126.6000034,0.08473059999999996,0.06137539999999997,0.06096523809523811
1666224000,0.05868,0.06037,0.05823,0.05942,340532633,510701574.5500034,0.08434964999999998,0.06127659999999996,0.060910476190476195
1666310400,0.05942,0.05951,0.05709,0.05933,287377970,489236564.0500034,0.08392389999999997,0.06118459999999997,0.06087619047619047
1666396800,0.05933,0.0599,0.0591,0.05968,198858373,482285813.1000034,0.08350469999999996,0.06114859999999998,0.06078904761904762
1666483200,0.05969,0.0605,0.05865,0.06038,249563654,478893548.1000034,0.08307554999999998,0.061066999999999975,0.06072047619047619
1666569600,0.06038,0.06092,0.05866,0.05945,344276898,397281506.45000345,0.08265409999999998,0.061009799999999975,0.060609047619047625
1666656000,0.05944,0.06428,0.05913,0.06305,1024580884,385551232.00000346,0.08226349999999996,0.06097119999999997,0.06056571428571429
1666742400,0.06304,0.07361,0.0626,0.07265,2893785380,495943524.70000345,0.08185579999999998,0.060909999999999964,0.060618571428571445
1666828800,0.07265,0.08552,0.07172,0.07689,5263995288,734099261.6000035,0.08145569999999999,0.06087059999999997,0.060576190476190485
1666915200,0.07686,0.08849,0.0725,0.08387,6297011393,1037406112.6500034,0.08101979999999999,0.06082399999999996,0.06044333333333334
1667001600,0.08387,0.1515,0.08285,0.12176,15308814618,1791498396.8500035,0.08057394999999998,0.060748399999999966,0.06081809523809525
1667088000,0.12176,0.1435,0.11122,0.11773,9155956957,2229957116.0000033,0.08000884999999998,0.060754399999999965,0.06145809523809524
1667174400,0.11774,0.1318,0.11373,0.12686,7416828751,2576895441.8000035,0.07959424999999996,0.06102959999999997,0.06248285714285716
1667260800,0.12685,0.15893,0.12448,0.14211,9951558350,3061862952.4500036,0.07916199999999997,0.061347999999999965,0.06534523809523811
1667347200,0.14211,0.148,0.122,0.12765,6438544218,3345696862.7000036,0.07876524999999997,0.061806199999999964,0.06799333333333335
1667433600,0.12766,0.13699,0.12,0.12262,3814668576,3520053651.000003,0.07840749999999999,0.06296439999999998,0.07120666666666668
1667520000,0.12262,0.12915,0.11552,0.12613,4491405373,3732157161.250003,0.07805094999999998,0.06402579999999998,0.07510476190476192
1667606400,0.12612,0.136,0.12013,0.12445,2575911841,3852928690.650003,0.07779979999999997,0.06528919999999998,0.07833523809523812
1667692800,0.12444,0.1277,0.11183,0.11477,1828089235,3934596258.900003,0.07771859999999997,0.06685279999999998,0.08133380952380953
1667779200,0.11477,0.11908,0.10717,0.11123,1960584662,4015053177.8500032,0.07760774999999999,0.06821299999999997,0.08454666666666669
1667865600,0.11124,0.113,0.0777,0.08827,6869827495,4335608627.450003,0.07752154999999998,0.06944239999999997,0.08768380952380955
1667952000,0.08827,0.09219,0.07053,0.0745,5778334733,4607498732.450003,0.07750309999999998,0.07079299999999997,0.09034380952380955
1668038400,0.07452,0.09461,0.07306,0.08978,4922943119,4839276989.900003,0.07742384999999997,0.07207279999999998,0.09278428571428574
1668124800,0.08976,0.09355,0.08001,0.08509,2597129664,4959190554.450003,0.07734094999999996,0.07312419999999997,0.09414190476190479
1668211200,0.08511,0.0952,0.07845,0.08815,3871215593,5140273151.400003,0.07727059999999995,0.07420019999999997,0.09489523809523812
1668297600,0.08814,0.09157,0.08269,0.08495,2193482956,5232733454.300003,0.07718034999999994,0.07479499999999996,0.09634095238095239
1668384000,0.08496,0.0915,0.07917,0.08595,2525683803,5307788600.250003,0.07705069999999994,0.07511719999999997,0.09756761904761906
1668470400,0.08594,0.0895,0.0847,0.08706,1318756115,5229037137.000003,0.07692584999999993,0.07576979999999997,0.09892333333333335
1668556800,0.08705,0.09121,0.08338,0.08548,1621532204,5046913982.800003,0.07668569999999994,0.07627999999999996,0.10009333333333334
1668643200,0.08549,0.08729,0.08233,0.08467,1133495442,4788738185.250003,0.07638869999999996,0.07677559999999996,0.10135523809523812
1668729600,0.08467,0.08679,0.08363,0.08474,818587592,4064226833.950003,0.07617909999999997,0.07721259999999996,0.10249857142857144
1668816000,0.08474,0.085,0.08303,0.08455,489697622,3630913867.200003,0.07581404999999998,0.07770819999999996,0.10310952380952382
1668902400,0.08455,0.08584,0.07633,0.07703,1168377788,3318491319.050003,0.07556679999999996,0.07822679999999997,0.10348
1668988800,0.07705,0.07738,0.07131,0.07466,1869844515,2914405627.300003,0.07529154999999998,0.07872679999999996,0.10352142857142857
1669075200,0.07466,0.0797,0.07307,0.07876,1448103545,2664883593.650003,0.0750338,0.07920999999999996,0.10174952380952382
1669161600,0.07877,0.08354,0.07779,0.08197,1258795497,2537089939.700003,0.0747946,0.07968759999999997,0.09981142857142859
1669248000,0.08197,0.08434,0.08013,0.08146,739233520,2349481347.050003,0.07458500000000003,0.08014519999999997,0.09732571428571431
1669334400,0.08146,0.09191,0.08053,0.0895,2497331251,2345552317.550003,0.07434485000000003,0.08047399999999998,0.09430904761904764
1669420800,0.0895,0.09558,0.08712,0.08893,1914481802,2349871945.900003,0.07411455000000002,0.08078179999999997,0.09213380952380953
1669507200,0.08892,0.108,0.0888,0.09868,4273685671,2465526996.3500032,0.07388980000000003,0.08115019999999998,0.09017380952380953
1669593600,0.0987,0.09975,0.09056,0.09513,3340654160,2289068329.6000032,0.07359545000000002,0.08147279999999997,0.08842952380952382
1669680000,0.09512,0.10524,0.0936,0.10146,2909789625,2145641074.2000031,0.07332775000000001,0.08180639999999997,0.08673809523809525
1669766400,0.10146,0.11,0.09937,0.10677,2791151929,2039051514.7000031,0.07308255,0.08232739999999998,0.08597190476190478
1669852800,0.10676,0.10777,0.10025,0.10175,1927610473,2005575555.150003,0.07285489999999997,0.08285899999999997,0.08520523809523811
1669939200,0.10175,0.1036,0.09665,0.1021,1560905751,1890060063.050003,0.07264169999999996,0.08359959999999997,0.08583333333333334
1670025600,0.1021,0.10319,0.09808,0.0997,1356635083,1848217669.400003,0.07257969999999997,0.08425979999999997,0.08737000000000002
1670112000,0.0997,0.10575,0.09954,0.10406,1609965913,1802431774.900003,0.07248434999999998,0.08510139999999998,0.08794000000000002
1670198400,0.10405,0.11192,0.09922,0.10149,2106903673,1841839152.800003,0.07255124999999996,0.08603179999999998,0.08875000000000001
1670284800,0.10149,0.10276,0.09802,0.10019,1145270821,1818026083.650003,0.07261389999999995,0.08687059999999996,0.0893
1670371200,0.1002,0.1012,0.09269,0.09575,1404880230,1831595323.050003,0.07268069999999996,0.08771959999999997,0.09021
1670457600,0.09575,0.09918,0.09459,0.09847,1031574520,1842244669.4500031,0.07276754999999996,0.08854039999999998,0.09094999999999998
1670544000,0.09847,0.09945,0.09561,0.0967,956187442,1865569160.4500031,0.07281029999999995,0.08945019999999997,0.09157523809523807
1670630400,0.0967,0.09743,0.09603,0.09632,429034730,1828602007.550003,0.07288079999999995,0.09030179999999997,0.09206428571428568
1670716800,0.09632,0.09715,0.09161,0.09266,627479341,1766483748.850003,0.07292779999999997,0.09110599999999996,0.09272142857142855
1670803200,0.09266,0.093,0.08471,0.09029,1940139927,1791085567.9500031,0.07303159999999996,0.09182579999999996,0.09329095238095235
1670889600,0.09029,0.09555,0.08691,0.09105,1698390609,1813065323.550003,0.07310604999999996,0.09262159999999996,0.09385142857142854
1670976000,0.09105,0.09247,0.087,0.08824,1247687146,1838488004.850003,0.07318699999999996,0.09336719999999996,0.09459571428571427
1671062400,0.08825,0.0888,0.08402,0.08485,899180340,1758580459.300003,0.07324324999999995,0.09410699999999995,0.09533999999999997
1671148800,0.08483,0.08682,0.07391,0.07569,1755203327,1750616535.550003,0.07330609999999997,0.09476659999999995,0.09592523809523808
1671235200,0.07569,0.07949,0.07552,0.07919,1337164978,1603790500.900003,0.07337309999999996,0.09536479999999996,0.09622380952380949
1671321600,0.07918,0.08005,0.07759,0.07847,630900319,1468302808.850003,0.07343619999999997,0.09599679999999995,0.09638523809523807
1671408000,0.07846,0.07951,0.06997,0.07133,1529698798,1399298267.500003,0.07348449999999997,0.09650059999999995,0.09572761904761902
1671494400,0.07133,0.07566,0.07101,0.07483,1127168971,1316099119.600003,0.07354644999999996,0.09674459999999994,0.0952638095238095
1671580800,0.07483,0.07502,0.07131,0.07374,912809062,1265359049.050003,0.07359369999999997,0.09672059999999995,0.09430142857142854
1671667200,0.07369,0.07783,0.07327,0.07685,1485392938,1261583408.400003,0.07362589999999997,0.09662699999999994,0.0931680952380952
1671753600,0.07687,0.07904,0.07616,0.07721,1022963248,1244899816.650003,0.07363664999999997,0.09576119999999994,0.09189999999999997
1671840000,0.07721,0.07814,0.07661,0.07752,360306517,1182416846.850003,0.07357509999999996,0.09483319999999994,0.09032714285714281
1671926400,0.07751,0.07765,0.0732,0.07598,1157436298,1134943478.100003,0.07354149999999997,0.09379259999999995,0.08914142857142854
1672012800,0.07599,0.07664,0.07421,0.07568,648289873,1110094430.7000031,0.07352859999999997,0.09242519999999993,0.08795619047619044
1672099200,0.07569,0.07616,0.07256,0.07372,706850540,1075192946.2000031,0.07347139999999996,0.09140919999999994,0.08689999999999996
1672185600,0.07372,0.07391,0.06921,0.0704,1500166937,1098622567.050003,0.07344409999999997,0.09050099999999993,0.08556285714285711
1672272000,0.07039,0.07162,0.06925,0.07094,772145313,1089420460.600003,0.07340344999999997,0.08952879999999994,0.08433380952380949
1672358400,0.07093,0.07145,0.06581,0.0684,1196523595,1127794903.850003,0.07338234999999997,0.08855939999999993,0.0830733333333333
1672444800,0.0684,0.07137,0.06796,0.07025,731983708,1133020122.2000031,0.07335589999999997,0.08777759999999994,0.08186619047619044
1672531200,0.07024,0.07087,0.06906,0.07024,446408160,1058333533.850003,0.07334154999999998,0.08702739999999994,0.08055523809523805
1672617600,0.07023,0.07374,0.06906,0.0714,1115176285,1029172817.6500031,0.07332509999999998,0.08666999999999993,0.07920761904761901
1672704000,0.07138,0.07231,0.06943,0.07049,732706343,1003423777.5000031,0.07330664999999997,0.08659879999999993,0.07796619047619044
1672790400,0.07049,0.07362,0.07019,0.07311,790550617,997992291.350003,0.07329829999999998,0.08617119999999993,0.0768985714285714
1672876800,0.0731,0.07529,0.07035,0.07152,1201528327,970308541.350003,0.07330064999999998,0.08587439999999993,0.07599904761904759
1672963200,0.07151,0.07281,0.0695,0.07241,906514550,948776019.950003,0.07333769999999998,0.08551619999999995,0.07501999999999996
1673049600,0.07242,0.07305,0.07167,0.07219,438575312,939159769.600003,0.07340869999999998,0.08524519999999994,0.07429952380952376
1673136000,0.07219,0.07399,0.07121,0.07363,699742440,897661951.700003,0.07348219999999998,0.08493599999999994,0.07366476190476187
1673222400,0.07362,0.07963,0.07293,0.07566,2439547755,963280890.9000031,0.07351914999999998,0.08465699999999994,0.0735085714285714
1673308800,0.07565,0.0779,0.07372,0.07782,1467632421,991022058.850003,0.07359999999999997,0.08437779999999995,0.07317523809523807
1673395200,0.07782,0.07856,0.07468,0.07814,1121053232,972805073.550003,0.07366799999999997,0.08413259999999995,0.07294476190476187
1673481600,0.07816,0.08127,0.07514,0.08025,1968905283,1020102175.300003,0.07376904999999996,0.08388159999999995,0.07315095238095234
1673568000,0.08025,0.0852,0.07854,0.0845,1429185415,1073546120.200003,0.07382429999999995,0.08366319999999995,0.07329333333333331
1673654400,0.08449,0.09267,0.0825,0.08729,2545072024,1142927906.500003,0.07388624999999997,0.08363579999999995,0.07350285714285712
1673740800,0.08729,0.08794,0.08281,0.08608,1138888071,1167457816.400003,0.07391814999999996,0.08369899999999994,0.07366476190476187
1673827200,0.08607,0.08833,0.08155,0.08368,1287934489,1196512013.850003,0.07397779999999997,0.08368659999999994,0.07401190476190472
1673913600,0.08369,0.08505,0.08194,0.08285,756342910,1159320812.500003,0.07403619999999995,0.08365219999999994,0.07447714285714283
1674000000,0.08286,0.08976,0.0778,0.08,2493642731,1245395683.400003,0.07409059999999995,0.08371299999999994,0.0749580952380952
1674086400,0.08,0.08218,0.07971,0.08161,691282040,1220133605.650003,0.07413869999999996,0.08366879999999995,0.07533904761904758
1674172800,0.08159,0.087,0.0806,0.08617,918640712,1229466455.850003,0.07417514999999997,0.08361179999999994,0.0757738095238095
1674259200,0.08616,0.08913,0.0837,0.08467,1633128413,1288802468.500003,0.07423684999999997,0.08331179999999992,0.07623095238095236
1674345600,0.08468,0.09343,0.08432,0.08824,1738503746,1319968841.550003,0.07434279999999997,0.08306619999999992,0.0767390476190476
1674432000,0.08822,0.09151,0.08621,0.08851,1434286413,1355047845.050003,0.07442539999999996,0.08263699999999993,0.07758523809523807
1674518400,0.08851,0.0908,0.0821,0.08392,1125073702,1371773999.300003,0.07451159999999996,0.08213379999999994,0.07827190476190474
1674604800,0.08392,0.08818,0.08165,0.08654,1051938532,1364294509.550003,0.07459364999999996,0.08182219999999991,0.07912904761904758
1674691200,0.08655,0.08771,0.08451,0.08633,798277511,1358882657.600003,0.07466029999999996,0.08147359999999994,0.07994380952380949
1674777600,0.08634,0.088,0.08352,0.08723,754008754,1374654329.7000031,0.07473229999999996,0.08124439999999993,0.0805833333333333
1674864000,0.08723,0.09381,0.08671,0.08773,1403207343,1409827574.850003,0.07481624999999997,0.08093339999999995,0.08122285714285711
1674950400,0.08773,0.09102,0.08725,0.09009,1040667224,1339883548.300003,0.07490379999999995,0.08058199999999995,0.08192809523809522
1675036800,0.09009,0.09286,0.0845,0.08837,1972615630,1365132708.750003,0.07500279999999995,0.08030899999999995,0.0826338095238095
1675123200,0.08833,0.09867,0.08822,0.09612,3424868562,1480323475.250003,0.07509259999999995,0.08012059999999994,0.08337380952380949
1675209600,0.09613,0.09717,0.08812,0.09403,2518388790,1507797650.600003,0.07516689999999994,0.07989579999999996,0.08415761904761902
1675296000,0.09403,0.09594,0.09006,0.09099,1627338143,1517705287.000003,0.07525224999999995,0.07971639999999995,0.08476285714285711
1675382400,0.09099,0.09334,0.09025,0.09293,1151670924,1448035232.000003,0.07534749999999994,0.07959179999999996,0.0856342857142857
1675468800,0.09293,0.0998,0.0925,0.09567,2334550634,1507818360.150003,0.07547489999999994,0.07950599999999995,0.08639095238095236
1675555200,0.09567,0.097,0.09042,0.09203,1602924250,1523567848.2000031,0.07561444999999994,0.07962259999999995,0.08690238095238093
1675641600,0.09203,0.09329,0.0885,0.08955,969968684,1534249136.900003,0.07575519999999994,0.07968219999999995,0.0873038095238095
1675728000,0.08956,0.09274,0.0894,0.09253,846234202,1451878710.4500031,0.07588474999999995,0.07973719999999995,0.08770285714285711
1675814400,0.09252,0.09339,0.08842,0.09018,817449844,1458187100.650003,0.07605064999999994,0.07989879999999994,0.08798619047619045
1675900800,0.09017,0.09093,0.07878,0.08144,1673139025,1495912016.300003,0.07619884999999994,0.08029839999999995,0.08826571428571427
1675987200,0.08144,0.08305,0.07922,0.08089,1054839195,1466997555.400003,0.07633849999999995,0.08055519999999994,0.08872666666666665
1676073600,0.08087,0.08259,0.08063,0.08225,409857675,1400565251.850003,0.07646534999999995,0.08077679999999994,0.08921142857142855
1676160000,0.08226,0.08582,0.08115,0.08215,932273677,1375464615.050003,0.07659864999999995,0.08120079999999995,0.08920333333333332
1676246400,0.08217,0.08648,0.07936,0.08209,1742593714,1406340615.650003,0.07670809999999995,0.08150779999999994,0.08895190476190473
1676332800,0.08209,0.08371,0.08002,0.0836,785765214,1393031949.750003,0.07680594999999994,0.08166179999999994,0.08883666666666665
1676419200,0.0836,0.08961,0.08265,0.08928,1906740485,1448455098.4500031,0.07693144999999994,0.08174259999999993,0.08854666666666665
1676505600,0.08927,0.09199,0.08468,0.08489,1730290902,1497269205.850003,0.07704214999999993,0.08184339999999994,0.08824095238095235
1676592000,0.08489,0.08851,0.0843,0.08771,778220031,1466019840.250003,0.07711159999999992,0.08193599999999993,0.08822571428571425
1676678400,0.08771,0.09049,0.08675,0.08882,741187928,1451045875.4500031,0.07720639999999994,0.08205819999999994,0.08835619047619045
1676764800,0.08882,0.09,0.08559,0.08697,933849140,1399107550.9500031,0.07730504999999993,0.08221659999999993,0.08828761904761902
1676851200,0.08698,0.08875,0.08513,0.08829,774767125,1266602479.100003,0.07737974999999993,0.08252779999999994,0.08831047619047616
1676937600,0.08829,0.08884,0.08429,0.08546,984199238,1189893001.500003,0.07744474999999994,0.08281759999999995,0.08836238095238091
1677024000,0.08546,0.08882,0.08286,0.0855,1754704513,1196261320.000003,0.07751889999999993,0.08315299999999994,0.0882138095238095
1677110400,0.0855,0.08642,0.0835,0.08425,708234194,1174089483.500003,0.07761704999999992,0.08356139999999995,0.08820999999999997
1677196800,0.08424,0.08499,0.07922,0.08092,1006076322,1107665767.900003,0.07770114999999994,0.08389579999999995,0.0877023809523809
1677283200,0.08091,0.08216,0.07836,0.08075,671481093,1061093610.050003,0.07779744999999993,0.08425679999999997,0.08729619047619044
1677369600,0.08075,0.08264,0.08041,0.08216,375150914,1031352721.550003,0.07790894999999994,0.08453799999999996,0.08697523809523806
1677456000,0.08217,0.08231,0.07992,0.08136,535217985,1015801910.700003,0.07801274999999994,0.08483819999999996,0.0864033333333333
1677542400,0.08136,0.08312,0.0799,0.08085,782956200,1014077228.5000031,0.07811794999999994,0.08506099999999998,0.08569285714285711
1677628800,0.08085,0.08284,0.08023,0.08193,449680442,952904299.350003,0.07819619999999994,0.08524899999999996,0.08522285714285711
1677715200,0.08193,0.08226,0.07959,0.08056,396580116,919991345.4000031,0.07828054999999993,0.08541579999999999,0.08483285714285711
1677801600,0.08057,0.08062,0.0732,0.07684,1391618480,969079385.6500031,0.07835694999999994,0.08561519999999996,0.08427666666666662
1677888000,0.07684,0.07727,0.07255,0.07462,646573785,954794391.050003,0.07841099999999994,0.08576979999999997,0.0838838095238095
1677974400,0.07462,0.07612,0.07429,0.07474,473247429,891327076.800003,0.07846954999999994,0.08587359999999998,0.08384190476190473
1678060800,0.07475,0.07515,0.07316,0.07479,601290505,882103341.350003,0.07852404999999994,0.08595579999999997,0.0836490476190476
1678147200,0.0748,0.07597,0.07234,0.07407,715751875,822553910.850003,0.07857664999999994,0.08600419999999996,0.08328571428571425
1678233600,0.07407,0.07432,0.07,0.07112,710430111,771560871.300003,0.07861939999999995,0.08593599999999997,0.08293285714285711
1678320000,0.07112,0.0723,0.06393,0.06595,1514038685,808351804.0000031,0.07866439999999994,0.08573839999999996,0.08258523809523807
1678406400,0.06597,0.06618,0.06253,0.06572,1320901834,837337499.300003,0.07865879999999995,0.08548739999999996,0.08213142857142855
1678492800,0.06572,0.06821,0.06324,0.06604,1096354085,845462746.550003,0.07865989999999994,0.08526159999999998,0.08126666666666664
1678579200,0.06604,0.07082,0.06516,0.07051,950190978,854233939.200003,0.07859914999999994,0.08506939999999999,0.08036476190476188
1678665600,0.07051,0.07353,0.06814,0.07279,1285142360,869281095.300003,0.07857179999999993,0.08483479999999999,0.07931761904761901
1678752000,0.07279,0.07762,0.07108,0.07456,1507610170,856926378.1500031,0.07857204999999995,0.08455379999999998,0.0782328571428571
1678838400,0.07455,0.07589,0.06735,0.06963,1326712138,887850275.350003,0.07860359999999994,0.08423599999999999,0.07744904761904758
1678924800,0.06964,0.07407,0.06868,0.07256,842159396,879654429.050003,0.07861254999999993,0.08383339999999997,0.07671095238095234
1679011200,0.07256,0.07724,0.07143,0.07642,1234974838,907829116.300003,0.07859569999999995,0.08355019999999996,0.07619190476190472
1679097600,0.07642,0.0789,0.07234,0.07295,1383588746,958251007.9000031,0.07858229999999994,0.08324119999999997,0.07543619047619043
1679184000,0.07296,0.07652,0.07295,0.0745,818390779,972409647.600003,0.07856829999999994,0.08296219999999999,0.07487952380952377
1679270400,0.07451,0.07557,0.07035,0.07137,1079402871,987231981.1500031,0.07858129999999994,0.08267639999999997,0.07466523809523805
1679356800,0.07136,0.07788,0.07031,0.0766,1544655030,1041980710.550003,0.07860034999999994,0.08239679999999996,0.07429380952380948
1679443200,0.07661,0.0781,0.07137,0.07385,1912919819,1117797695.7000031,0.07865559999999994,0.08219859999999997,0.07392904761904757
1679529600,0.07385,0.07922,0.07294,0.07736,1770056622,1136719602.800003,0.07868619999999994,0.08191299999999996,0.07345333333333329
1679616000,0.07736,0.07749,0.07295,0.07453,836571352,1146219481.150003,0.07874009999999992,0.08164839999999997,0.07325095238095233
1679702400,0.07453,0.07597,0.07244,0.07402,658593695,1155486794.4500031,0.07880299999999994,0.08127399999999996,0.07286619047619043
1679788800,0.07401,0.07558,0.07334,0.07436,480451959,1149444867.150003,0.07886004999999995,0.08103859999999997,0.07271380952380947
1679875200,0.07436,0.07639,0.07124,0.07287,1127427328,1170028639.800003,0.07892579999999995,0.08059319999999998,0.07260380952380949
1679961600,0.07289,0.07404,0.07165,0.07381,644358903,1166725079.400003,0.07897069999999995,0.08025979999999996,0.07257523809523805
1680048000,0.07381,0.07692,0.07351,0.07557,1004337728,1141240031.550003,0.07904544999999995,0.07993059999999998,0.0725571428571428
1680134400,0.07557,0.07685,0.07327,0.07422,827561063,1116572993.000003,0.07910114999999994,0.07955239999999997,0.07246571428571424
1680220800,0.07421,0.07789,0.0734,0.07695,838503016,1103680439.550003,0.07917179999999994,0.07912619999999998,0.07245333333333329
1680307200,0.07695,0.085,0.07586,0.08181,1854882421,1148915011.7000031,0.07923069999999996,0.07874299999999997,0.07266523809523806
1680393600,0.08181,0.08559,0.07724,0.07903,2199172283,1194616507.850003,0.07930634999999996,0.07842819999999998,0.07305904761904757
1680480000,0.07903,0.105,0.076,0.096,8818532284,1560162613.550003,0.07937329999999995,0.07808899999999998,0.07359380952380948
1680566400,0.09601,0.1035,0.09219,0.09512,7327021779,1860178095.600003,0.07943284999999996,0.07776979999999997,0.07434476190476186
1680652800,0.0951,0.09917,0.09055,0.09267,3340986573,1985119454.4500031,0.07948264999999996,0.07767999999999999,0.07475047619047614
1680739200,0.09268,0.09275,0.08415,0.08541,3278113280,2087276376.550003,0.07953719999999997,0.07769839999999997,0.07585571428571425
1680825600,0.08541,0.0862,0.08113,0.08222,2228211181,2129507498.300003,0.07958984999999998,0.07763399999999998,0.07683476190476186
1680912000,0.08222,0.08383,0.08035,0.08134,1218517909,2149513854.800003,0.07965494999999997,0.077911,0.07793190476190472
1680998400,0.08135,0.08393,0.08107,0.08318,922447755,2141666099.000003,0.07976579999999997,0.07817159999999998,0.07854380952380947
1681084800,0.08318,0.08541,0.08225,0.08473,948759612,2111871328.100003,0.07985519999999999,0.07835299999999999,0.07881999999999996
1681171200,0.08474,0.08607,0.08359,0.08408,1001623427,2066306508.500003,0.08004219999999998,0.07827559999999999,0.07921952380952375
1681257600,0.08409,0.0851,0.08036,0.08346,1733885327,2064497943.750003,0.0802155,0.07822219999999999,0.07963285714285709
1681344000,0.08346,0.08886,0.08279,0.08729,1824584606,2113898606.4500031,0.08036784999999998,0.07809479999999999,0.08026904761904759
1681430400,0.08729,0.09138,0.08527,0.08866,2129880806,2187462962.000003,0.08050774999999998,0.07798199999999998,0.08062523809523806
1681516800,0.08866,0.09057,0.08714,0.08888,873116413,2207096184.700003,0.08062619999999997,0.07793719999999998,0.08108285714285711
1681603200,0.08889,0.09183,0.0875,0.09043,1204599668,2210954801.700003,0.08074094999999998,0.07785299999999999,0.08155571428571425
1681689600,0.09043,0.09488,0.08807,0.09137,2941097287,2325791720.900003,0.08087109999999997,0.077813,0.0822285714285714
1681776000,0.09137,0.095,0.08974,0.09411,1670819556,2359115812.300003,0.08099684999999997,0.0778488,0.08293619047619044
1681862400,0.09412,0.09413,0.0842,0.08788,2757696460,2455622582.150003,0.08110039999999996,0.07793699999999998,0.08370142857142852
1681948800,0.08787,0.0935,0.08251,0.08389,4572088496,2642301856.150003,0.08120219999999997,0.07809619999999999,0.08458238095238091
1682035200,0.0839,0.0847,0.0762,0.07842,2208532603,2659984365.250003,0.08133279999999997,0.07828979999999999,0.08554904761904758
1682121600,0.07842,0.08101,0.07817,0.08028,807742799,2590412891.050003,0.08147044999999997,0.07847399999999999,0.08613523809523806
1682208000,0.08029,0.08083,0.07651,0.07878,776127337,2188292643.700003,0.08161244999999996,0.078729,0.08659571428571425
1682294400,0.07876,0.08,0.07715,0.07873,835608693,1863721989.400003,0.08176204999999996,0.07886959999999998,0.08666571428571425
1682380800,0.07875,0.07996,0.07752,0.07976,649768816,1729161101.550003,0.08191459999999996,0.07890879999999997,0.0865928571428571
1682467200,0.07976,0.08358,0.0748,0.07859,1881668380,1659338856.550003,0.08207679999999995,0.07886599999999999,0.08658095238095234
1682553600,0.07859,0.081,0.07837,0.08014,1030067337,1599431664.350003,0.08221324999999995,0.07893479999999999,0.08575857142857138
1682640000,0.08013,0.08074,0.07892,0.08033,490310858,1563021311.800003,0.08233634999999995,0.07901799999999998,0.08502714285714282
1682726400,0.08033,0.08197,0.08019,0.08157,590694438,1546433645.9500031,0.08242674999999995,0.07909779999999997,0.08435666666666662
1682812800,0.08157,0.08174,0.07923,0.07951,585421236,1528266727.150003,0.08249894999999995,0.07919719999999997,0.08410571428571424
1682899200,0.0795,0.08003,0.07733,0.07882,687515788,1512561345.2000031,0.08256894999999995,0.07928759999999997,0.08401571428571424
1682985600,0.07882,0.0791,0.07754,0.07876,429294264,1447331792.050003,0.08264534999999994,0.07946799999999997,0.08402666666666662
1683072000,0.07876,0.08072,0.07711,0.07962,666847319,1389444927.7000031,0.08273239999999994,0.07975559999999997,0.08385190476190471
1683158400,0.07961,0.0797,0.07794,0.07838,521626133,1309032194.050003,0.08281709999999994,0.08007259999999997,0.08357047619047614
1683244800,0.07837,0.08147,0.07705,0.08017,751560591,1302954402.9500031,0.08290719999999994,0.08034199999999997,0.0833171428571428
1683331200,0.08017,0.08049,0.07566,0.07672,866161917,1286032515.400003,0.08301194999999995,0.08050819999999996,0.08313428571428566
1683417600,0.07672,0.07756,0.07617,0.07652,440286253,1160991963.7000031,0.08311854999999994,0.08062759999999997,0.08270999999999995
1683504000,0.07652,0.07711,0.06982,0.07239,1086840054,1131792988.600003,0.08321704999999995,0.08072879999999996,0.08230571428571423
1683590400,0.07239,0.07333,0.07206,0.0731,581336500,1022974990.600003,0.08331289999999994,0.08090379999999996,0.08172666666666661
1683676800,0.0731,0.0747,0.07033,0.07312,830157442,835878437.9000031,0.08341339999999993,0.08105599999999996,0.08106428571428566
1683763200,0.07312,0.07317,0.06908,0.07193,786571281,764780371.800003,0.08351864999999993,0.08106199999999995,0.08016047619047613
1683849600,0.07193,0.07275,0.06933,0.07235,977393789,773262921.300003,0.08361599999999993,0.08113339999999995,0.07915999999999994
1683936000,0.07235,0.0724,0.0713,0.07167,331390133,751026061.100003,0.08371694999999992,0.08109119999999996,0.0784571428571428
1684022400,0.07168,0.07265,0.07111,0.07196,239907331,721240993.0000031,0.08380174999999992,0.08112579999999996,0.07788761904761898
1684108800,0.07195,0.07368,0.07084,0.07191,501437549,713824429.6500031,0.08389094999999992,0.08105619999999997,0.07759857142857136
1684195200,0.0719,0.07325,0.07087,0.07275,356844405,637583230.9000031,0.08395579999999994,0.08101779999999996,0.07718857142857136
1684281600,0.07276,0.07547,0.07228,0.07483,763341382,624246933.1500031,0.08402464999999992,0.08091759999999998,0.07686380952380946
1684368000,0.07484,0.07492,0.07161,0.07344,792415671,639352173.800003,0.08409184999999991,0.08086039999999997,0.07653904761904756
1684454400,0.07344,0.07406,0.073,0.0735,335992593,626617081.550003,0.08414959999999992,0.08081919999999997,0.07620523809523803
1684540800,0.07351,0.07389,0.07306,0.07361,203083357,607500187.600003,0.08421409999999993,0.08077019999999997,0.07602619047619041
1684627200,0.07362,0.074,0.07198,0.07212,313624488,588805622.600003,0.08425719999999993,0.08076779999999997,0.07570714285714279
1684713600,0.07212,0.07402,0.07071,0.07291,461513189,590416568.850003,0.08425374999999992,0.08078819999999996,0.0753819047619047
1684800000,0.07292,0.07396,0.07241,0.07289,334965527,573822479.2500031,0.08422884999999992,0.08074559999999996,0.07500285714285708
1684886400,0.07288,0.07289,0.06931,0.07064,630159786,579249161.9000031,0.08417324999999992,0.08073119999999998,0.07465095238095232
1684972800,0.07065,0.07116,0.06856,0.07088,486062691,565974266.9000031,0.08393859999999993,0.08066439999999997,0.07436952380952373
1685059200,0.07087,0.07137,0.0703,0.07097,408192832,543075812.6500031,0.08371714999999993,0.08047059999999996,0.07408999999999992
1685145600,0.07097,0.07344,0.0707,0.07255,369096577,539516328.850003,0.08345034999999992,0.08034819999999997,0.0736623809523809
1685232000,0.07255,0.07396,0.07186,0.07352,434942386,506921445.450003,0.08310784999999993,0.07988599999999996,0.07330523809523802
1685318400,0.07353,0.074,0.07261,0.07313,310287767,493369008.80000305,0.08283019999999991,0.07939639999999998,0.07286714285714278
1685404800,0.07313,0.07346,0.07198,0.07231,465392836,475130778.50000304,0.08258164999999992,0.07896059999999996,0.07266857142857135
1685491200,0.07231,0.07268,0.07051,0.07165,377200792,454662254.05000305,0.08231544999999992,0.07867179999999997,0.07252571428571421
1685577600,0.07165,0.07219,0.07071,0.07142,337422502,422663689.700003,0.08204639999999992,0.07847839999999998,0.07256095238095231
1685664000,0.07143,0.07331,0.0709,0.07256,386392712,425413818.6500031,0.08182694999999991,0.07832199999999997,0.07252333333333326
1685750400,0.07257,0.07298,0.07217,0.0727,213922814,424114592.80000305,0.08162564999999992,0.07812099999999997,0.07245333333333326
1685836800,0.07271,0.07334,0.07232,0.07249,273284700,412706950.35000306,0.08154704999999993,0.07787259999999999,0.07242904761904755
1685923200,0.07249,0.07269,0.06311,0.0664,1393290604,464529260.30000305,0.08154214999999992,0.07762399999999997,0.07243904761904754
1686009600,0.0664,0.07199,0.06585,0.07025,1170265603,484875471.35000306,0.08145889999999993,0.07738319999999999,0.07248809523809517
1686096000,0.07025,0.07032,0.06668,0.06728,687833819,479646378.75000304,0.08139499999999993,0.0770886,0.07251333333333328
1686182400,0.06728,0.0685,0.06698,0.06796,366934419,481193470.05000305,0.08131249999999993,0.07676939999999999,0.07225095238095232
1686268800,0.06796,0.07119,0.06729,0.06947,664528733,504265738.85000306,0.08124484999999992,0.07644159999999998,0.0721319047619047
1686355200,0.06947,0.07196,0.053,0.06175,2781711103,627670069.600003,0.08117789999999993,0.07596099999999999,0.07177238095238088
1686441600,0.06175,0.06289,0.06092,0.06151,580462318,633617526.050003,0.08110609999999992,0.07553859999999997,0.0715114285714285
1686528000,0.06152,0.0617,0.05975,0.06143,485251023,641131800.850003,0.08104114999999994,0.07500199999999999,0.07131952380952374
1686614400,0.06144,0.06284,0.06006,0.06175,469560125,633101817.800003,0.08094979999999992,0.07460359999999998,0.07075476190476185
1686700800,0.06174,0.06219,0.05811,0.06038,642700404,640933703.450003,0.08087734999999993,0.07431519999999998,0.07024952380952373
1686787200,0.06038,0.062,0.05975,0.06153,534409612,647244542.450003,0.08079099999999993,0.07398179999999999,0.06970285714285707
1686873600,0.06154,0.06282,0.06069,0.06219,501181424,653848784.800003,0.08074564999999993,0.07360639999999999,0.06917238095238087
1686960000,0.06219,0.06297,0.06166,0.0622,358515676,650027449.300003,0.08071969999999994,0.07325939999999999,0.06868380952380945
1687046400,0.0622,0.06399,0.06107,0.06212,616148520,665320486.950003,0.08063464999999993,0.07291979999999999,0.06823857142857136
1687132800,0.06212,0.06285,0.06151,0.06245,313699473,657735818.800003,0.08053234999999992,0.07253219999999998,0.06782047619047613
1687219200,0.06244,0.06314,0.06074,0.06313,438420606,660796809.5000031,0.08043219999999993,0.07219099999999998,0.06732761904761898
1687305600,0.06314,0.06677,0.06284,0.06561,948481988,691349783.800003,0.08029344999999992,0.07183199999999998,0.06678476190476183
1687392000,0.06562,0.06938,0.06502,0.06555,998222870,721941291.700003,0.08015069999999992,0.07146939999999997,0.0662761904761904
1687478400,0.06556,0.07013,0.06525,0.06823,780327080,750261505.0000031,0.07996494999999991,0.07108039999999999,0.06583904761904762
1687564800,0.06823,0.06843,0.06505,0.06669,638939181,768544229.050003,0.07980024999999992,0.07073919999999999,0.06555142857142857
1687651200,0.06669,0.068,0.06635,0.06672,378779847,717818691.200003,0.07960394999999991,0.07042539999999999,0.06527190476190475
1687737600,0.06672,0.06681,0.06319,0.06474,710375009,694824161.5000031,0.07938069999999992,0.07016239999999997,0.06506571428571428
1687824000,0.06474,0.06579,0.06433,0.06556,477097877,684287364.4000031,0.07918419999999991,0.06988099999999997,0.0647795238095238
1687910400,0.06557,0.06596,0.06013,0.06257,700025590,700941922.950003,0.0789893499999999,0.06967799999999996,0.06450476190476191
1687996800,0.06257,0.0641,0.06241,0.06342,450376389,690234305.7500031,0.07881889999999991,0.06940839999999997,0.06442571428571428
1688083200,0.06342,0.06698,0.06101,0.06646,1114226909,606860096.050003,0.07862634999999991,0.06920839999999996,0.06420238095238096
1688169600,0.06646,0.0728,0.06641,0.06851,1480878387,651880899.5000031,0.0784600499999999,0.06897279999999996,0.06397809523809522
1688256000,0.06851,0.0692,0.066,0.06801,945225786,674879637.6500031,0.0782925499999999,0.06883619999999996,0.06376190476190476
1688342400,0.06801,0.06878,0.06721,0.06845,566630919,679733177.350003,0.07814739999999992,0.06862559999999997,0.06361857142857143
1688428800,0.06845,0.07186,0.06764,0.0689,1051878193,700192066.800003,0.07797874999999992,0.06843159999999997,0.06394047619047619
1688515200,0.06891,0.06936,0.06558,0.06701,592363243,703089748.350003,0.07782304999999991,0.06832219999999996,0.06424999999999999
1688601600,0.06697,0.06858,0.06466,0.06485,620315296,709046441.950003,0.07765429999999991,0.06824539999999996,0.0645842857142857
1688688000,0.06484,0.06587,0.0641,0.0654,410024265,711621871.4000031,0.07750809999999991,0.06817219999999996,0.0649247619047619
1688774400,0.0654,0.06608,0.06474,0.06573,278674788,694748184.800003,0.07738894999999991,0.06810199999999995,0.0652404761904762
1688860800,0.06573,0.06636,0.0651,0.06536,279080489,693017235.600003,0.07727624999999992,0.06804179999999996,0.06539857142857143
1688947200,0.06537,0.06656,0.06326,0.06523,616363367,701914373.6500031,0.07717509999999991,0.06792699999999995,0.06555142857142857
1689033600,0.06523,0.06551,0.06437,0.06528,313014382,670140993.350003,0.07709309999999993,0.06772739999999995,0.06571952380952381
1689120000,0.06529,0.0657,0.06365,0.06503,312404127,635850056.200003,0.07705914999999992,0.06756659999999995,0.06587380952380953
1689206400,0.06504,0.07168,0.06455,0.07042,1572353798,675451392.100003,0.07699824999999992,0.06741119999999996,0.06600619047619048
1689292800,0.07042,0.07311,0.06612,0.06849,1501930500,718600958.050003,0.07693014999999993,0.06724619999999995,0.06610857142857143
1689379200,0.06848,0.07522,0.06769,0.07197,2333412778,816332604.600003,0.07690049999999993,0.06710839999999996,0.06608095238095239
1689465600,0.07196,0.07221,0.06891,0.06952,930666895,827347198.9000031,0.07685499999999992,0.06695579999999995,0.06631285714285716
1689552000,0.06951,0.07325,0.06752,0.06982,1103083153,858646462.700003,0.07681309999999993,0.06679859999999996,0.0663252380952381
1689638400,0.06982,0.07032,0.06703,0.06866,588900425,853090204.450003,0.07675499999999992,0.06679419999999996,0.06657666666666669
1689724800,0.06867,0.07235,0.06823,0.07003,941079033,877625336.6500031,0.07669534999999993,0.06674639999999997,0.06671000000000002
1689811200,0.07004,0.0739,0.06926,0.07062,1394548088,891641395.600003,0.07663289999999993,0.06676639999999996,0.06695190476190478
1689897600,0.07061,0.07688,0.07026,0.07322,1714323052,903313628.850003,0.07660509999999993,0.06670579999999997,0.06709952380952382
1689984000,0.07322,0.0733,0.06963,0.07047,817196460,896912162.550003,0.07656914999999992,0.06663179999999996,0.06745476190476192
1690070400,0.07047,0.07295,0.06997,0.0718,636160266,900388629.9000031,0.07656039999999993,0.06654239999999997,0.06779761904761906
1690156800,0.07179,0.0779,0.07018,0.0742,3734795178,1034534479.1500031,0.07655599999999993,0.06649679999999997,0.06811952380952382
1690243200,0.0742,0.0838,0.07361,0.08185,3974103246,1203621479.300003,0.07655039999999994,0.06647619999999997,0.06821285714285716
1690329600,0.08185,0.08229,0.07647,0.07793,2421416701,1293676549.550003,0.07655169999999994,0.06651219999999997,0.06839333333333336
1690416000,0.07794,0.07996,0.07666,0.07761,1390657420,1342708207.300003,0.07655059999999994,0.06647039999999997,0.06866714285714288
1690502400,0.07761,0.07791,0.07586,0.07717,845464658,1371047700.800003,0.07655249999999994,0.06645239999999997,0.06928380952380955
1690588800,0.07717,0.08243,0.07683,0.08023,1189212485,1416554300.600003,0.07656159999999992,0.06648659999999997,0.06980380952380955
1690675200,0.08024,0.08057,0.07622,0.07802,1058535152,1438662889.850003,0.07656149999999994,0.06679559999999997,0.0704114285714286
1690761600,0.07802,0.0798,0.07672,0.07786,845233630,1465273852.250003,0.07655494999999993,0.06694919999999997,0.07097190476190478
1690848000,0.07786,0.07828,0.07517,0.07815,873111968,1493309244.300003,0.07656834999999992,0.06715579999999997,0.07166238095238098
1690934400,0.07815,0.07833,0.07369,0.07422,804142710,1454898689.900003,0.07661554999999994,0.06733999999999997,0.07226523809523812
1691020800,0.07422,0.07501,0.07253,0.07358,693788058,1414491567.800003,0.07664424999999993,0.06755519999999998,0.0728666666666667
1691107200,0.07358,0.07492,0.0725,0.07347,610889682,1328365413.000003,0.07666414999999993,0.06788059999999997,0.07347952380952384
1691193600,0.07346,0.07708,0.07292,0.07571,1062980193,1334981077.900003,0.07667169999999994,0.06820759999999998,0.07391714285714289
1691280000,0.07572,0.07649,0.07407,0.07427,667225173,1313188178.900003,0.07668374999999995,0.06854199999999996,0.07406761904761908
1691366400,0.07427,0.07573,0.0717,0.07354,686024165,1318044365.900003,0.07668314999999995,0.06879139999999997,0.07430476190476193
1691452800,0.07354,0.07548,0.07321,0.07496,573574471,1299669137.800003,0.07667119999999994,0.06905539999999998,0.07448285714285717
1691539200,0.07497,0.07622,0.07419,0.07541,494836584,1254683562.600003,0.07663944999999994,0.06929419999999997,0.07470904761904765
1691625600,0.07542,0.07695,0.07514,0.07588,614532410,1199694030.500003,0.07657409999999994,0.06956459999999998,0.0748861904761905
1691712000,0.07587,0.07611,0.07484,0.07574,303787779,1174023596.4500031,0.07651159999999994,0.06980599999999998,0.0751861904761905
1691798400,0.07574,0.07745,0.07561,0.0767,588060644,1171618615.350003,0.07646054999999993,0.07003439999999998,0.07544238095238098
1691884800,0.0767,0.07689,0.0743,0.07479,468528019,1008305257.4000031,0.07642484999999993,0.07028459999999997,0.07569285714285717
1691971200,0.07479,0.07711,0.07365,0.07469,779632649,848581727.550003,0.07639619999999994,0.07053019999999997,0.07581285714285717
1692057600,0.0747,0.07499,0.06831,0.07093,1006789294,777850357.200003,0.07635584999999993,0.07073559999999997,0.07610952380952384
1692144000,0.07092,0.07125,0.06602,0.06717,1176873403,767161156.350003,0.07629979999999993,0.07093939999999997,0.07625190476190478
1692230400,0.06718,0.06843,0.0556,0.06102,1947998543,822287850.600003,0.07625349999999993,0.07110879999999997,0.07627523809523812
1692316800,0.06102,0.06385,0.05988,0.06326,1284697455,827062099.100003,0.07619169999999995,0.07127079999999997,0.07575523809523811
1692403200,0.06326,0.0645,0.0631,0.06379,427274791,795499081.050003,0.07612784999999994,0.07143019999999997,0.07524285714285717
1692489600,0.06379,0.06473,0.06338,0.06384,302086371,768341718.100003,0.07609174999999994,0.07155399999999996,0.07445285714285717
1692576000,0.06384,0.06411,0.06035,0.06252,577388884,753555563.9000031,0.07603299999999993,0.07158619999999997,0.07379047619047621
1692662400,0.06253,0.06327,0.06023,0.06259,615086529,744102754.850003,0.07597479999999994,0.07155519999999997,0.07300761904761907
1692748800,0.06258,0.06546,0.06246,0.06379,663722826,742599493.2500031,0.07589329999999994,0.07155199999999998,0.07233238095238097
1692835200,0.06379,0.06404,0.06183,0.06308,386270949,731368556.600003,0.07579049999999994,0.07149859999999997,0.07160190476190478
1692921600,0.06308,0.06315,0.06169,0.06312,388436589,697641376.4000031,0.07564514999999995,0.07140519999999996,0.0708609523809524
1693008000,0.06312,0.06338,0.06262,0.06289,133469006,670953568.050003,0.07551959999999995,0.07129539999999995,0.07036428571428574
1693094400,0.06289,0.06379,0.06269,0.06318,195920692,646448394.4000031,0.07535794999999995,0.07117819999999997,0.06986428571428574
1693180800,0.06317,0.0637,0.06186,0.06345,347134881,635126414.9000031,0.07520699999999994,0.07107599999999996,0.0693714285714286
1693267200,0.06345,0.06858,0.0624,0.0664,1205214048,670645288.100003,0.07506464999999996,0.07099739999999996,0.06876095238095241
1693353600,0.0664,0.06647,0.06434,0.06588,652816294,672559482.300003,0.07491294999999995,0.07096279999999996,0.06823285714285718
1693440000,0.06588,0.06701,0.0628,0.06376,987255423,706732864.5000031,0.07475354999999995,0.07091259999999995,0.06775238095238098
1693526400,0.06379,0.06426,0.0623,0.06388,594834321,707071548.350003,0.07460879999999995,0.07086159999999996,0.06734476190476194
1693612800,0.06386,0.06497,0.0626,0.06348,445474474,705918871.100003,0.07447664999999995,0.07082339999999995,0.06689095238095241
1693699200,0.06348,0.06377,0.06276,0.06317,221836401,678029058.700003,0.07432844999999995,0.07084679999999995,0.06631380952380955
1693785600,0.06317,0.06385,0.06209,0.06326,414229595,648401073.7500031,0.07419344999999994,0.07085879999999996,0.06574904761904765
1693872000,0.06326,0.06443,0.06288,0.06402,613206067,620217706.950003,0.07410349999999995,0.07083339999999996,0.06511952380952384
1693958400,0.06403,0.06464,0.06248,0.06365,638467834,554741171.5000031,0.07403104999999995,0.07070259999999996,0.06456619047619051
1694044800,0.06364,0.06384,0.06279,0.06365,418433542,511427975.85000306,0.07394919999999995,0.07060239999999995,0.0640219047619048
1694131200,0.06366,0.06402,0.06237,0.06371,364461321,508287302.35000306,0.07385724999999994,0.07042639999999996,0.06369285714285718
1694217600,0.0637,0.06391,0.06319,0.06339,196653596,503015663.60000306,0.07376619999999995,0.07030119999999997,0.06352523809523813
1694304000,0.06338,0.0634,0.05938,0.0613,741903006,511241369.700003,0.07366559999999994,0.07018519999999996,0.06365047619047622
1694390400,0.0613,0.06199,0.05919,0.06049,815364934,521255289.950003,0.07353504999999994,0.07008499999999997,0.06367190476190479
1694476800,0.06047,0.06247,0.06043,0.0609,590184825,517578389.9000031,0.07342689999999995,0.06995739999999996,0.06365285714285716
1694563200,0.0609,0.06181,0.0605,0.06126,502274759,523378580.4000031,0.07330844999999994,0.06981919999999996,0.06353190476190479
1694649600,0.06125,0.06255,0.06108,0.06208,475512544,527732378.1500031,0.07318259999999994,0.06962259999999997,0.06343523809523813
1694736000,0.06207,0.06296,0.06138,0.0625,305546937,536336274.700003,0.07306599999999995,0.06943919999999996,0.06335476190476193
1694822400,0.0625,0.06297,0.06176,0.06214,255280771,539304278.6500031,0.07294309999999996,0.06921299999999997,0.06323428571428574
1694908800,0.06213,0.06254,0.06097,0.06147,383318697,541113469.450003,0.07283274999999995,0.06894699999999997,0.0631866666666667
1694995200,0.06146,0.06281,0.06096,0.06198,477979505,504751742.30000305,0.07271174999999995,0.06853519999999996,0.06315714285714288
1695081600,0.06196,0.06323,0.06189,0.06268,428581236,493539989.4000031,0.07259294999999995,0.06821819999999996,0.06312142857142859
1695168000,0.06269,0.06303,0.06144,0.06262,351126474,461733541.950003,0.07249284999999996,0.06791599999999998,0.06304000000000003
1695254400,0.06263,0.06348,0.06103,0.06131,461733879,455078519.85000306,0.07239539999999994,0.06761539999999998,0.06297000000000003
1695340800,0.0613,0.06187,0.06058,0.06152,243141704,444961881.35000306,0.07229499999999996,0.06724019999999997,0.06279285714285714
1695427200,0.06153,0.06199,0.06127,0.06152,171390790,442439600.80000305,0.07220069999999995,0.06691939999999998,0.06263761904761904
1695513600,0.06152,0.06175,0.06028,0.06069,187668551,431111548.60000306,0.07210714999999994,0.06661579999999996,0.06252095238095237
1695600000,0.06068,0.06124,0.06009,0.06094,185313210,409716905.75000304,0.07200484999999994,0.06630519999999997,0.06240857142857143
1695686400,0.06095,0.06114,0.05933,0.06062,247803396,390183683.85000306,0.07191194999999995,0.06604699999999995,0.062315238095238104
1695772800,0.06062,0.06142,0.06016,0.06053,322389750,385381494.25000304,0.07184114999999995,0.06580579999999996,0.06219714285714286
1695859200,0.06052,0.06168,0.06038,0.0615,330092922,383663074.30000305,0.07178114999999995,0.06556679999999995,0.06208666666666668
1695945600,0.06151,0.06249,0.06131,0.06213,388098719,393235330.450003,0.07171399999999994,0.06526639999999996,0.06192476190476191
1696032000,0.06213,0.06276,0.06173,0.06207,353992527,373839806.50000304,0.07164764999999995,0.06499979999999997,0.061776190476190485
1696118400,0.06207,0.06358,0.06169,0.06319,426685075,354405813.55000305,0.07158489999999994,0.06474139999999996,0.06167380952380953
1696204800,0.0632,0.0642,0.06093,0.062,626702154,356231680.00000304,0.07153274999999995,0.06445279999999996,0.06159857142857143
1696291200,0.06201,0.06232,0.06107,0.06137,285220585,345378971.30000305,0.07150769999999994,0.06417459999999997,0.061535714285714284
1696377600,0.06138,0.06159,0.06001,0.06147,335531290,338379908.60000306,0.07148219999999994,0.06389959999999996,0.06162571428571429
1696464000,0.06146,0.06165,0.06059,0.06086,252901933,335747658.4000031,0.07145464999999994,0.06362619999999997,0.06169761904761904
1696550400,0.06087,0.06162,0.06071,0.06137,299784369,337972838.30000305,0.07140959999999993,0.06335599999999995,0.06172
1696636800,0.06136,0.06166,0.06105,0.06143,279174721,332765639.50000304,0.07135629999999994,0.06310019999999997,0.06173
1696723200,0.06143,0.0616,0.06065,0.06096,202221066,318977717.55000305,0.07129384999999994,0.06283379999999997,0.06167190476190476
1696809600,0.06095,0.061,0.05678,0.05873,806444033,337870857.4000031,0.07126164999999993,0.06264459999999997,0.061618095238095236
1696896000,0.05872,0.05923,0.05846,0.05913,254040040,333016535.700003,0.07120884999999993,0.06251839999999996,0.06158428571428571
1696982400,0.05914,0.05948,0.05764,0.05851,356464937,327753088.60000306,0.07113359999999994,0.06252539999999997,0.06156
1697068800,0.05851,0.05852,0.05722,0.05788,241613425,327676674.6500031,0.07107619999999992,0.06248879999999996,0.06140523809523809
1697155200,0.05789,0.0591,0.05777,0.05839,340601297,336137200.00000304,0.07100799999999992,0.062432199999999966,0.061236190476190465
1697241600,0.05839,0.05998,0.05833,0.05984,258485303,339678037.60000306,0.07095799999999992,0.06232999999999996,0.06104047619047619
1697328000,0.05984,0.05986,0.05901,0.05931,187751427,339799948.450003,0.07088214999999992,0.06226219999999996,0.06087714285714285
1697414400,0.0593,0.06176,0.05909,0.06,685936360,361706596.6500031,0.07081769999999993,0.06218059999999997,0.06072809523809523
1697500800,0.06,0.06016,0.05812,0.05904,328504417,362012330.00000304,0.07072454999999993,0.06206239999999997,0.06064809523809524
1697587200,0.05903,0.05936,0.05827,0.05858,259892423,358502305.05000305,0.07064754999999992,0.061968599999999964,0.06058238095238095
1697673600,0.05859,0.05899,0.05738,0.05887,268646752,352529706.700003,0.07056999999999991,0.06190299999999997,0.06053761904761905
1697760000,0.05887,0.06049,0.05862,0.0599,380263308,353843245.75000304,0.07048759999999991,0.061831399999999974,0.060462380952380955
1697846400,0.0599,0.06147,0.05942,0.06119,419977032,353507843.60000306,0.07041519999999993,0.06176779999999997,0.06036952380952382
1697932800,0.06119,0.06173,0.05979,0.0617,431537666,343749619.200003,0.07034534999999992,0.06167959999999997,0.060244285714285715
1698019200,0.06169,0.0679,0.06131,0.06742,1809514093,419964294.60000306,0.07026404999999993,0.06152319999999997,0.06013809523809525
1698105600,0.06742,0.07012,0.06418,0.0666,1893961402,497885800.200003,0.07019294999999992,0.06138299999999997,0.060096190476190484
1698192000,0.0666,0.06978,0.0646,0.06832,1473029982,558892202.6500031,0.07010339999999993,0.06130579999999997,0.060025238095238104
1698278400,0.06832,0.07516,0.06782,0.07185,3074465230,697626245.700003,0.06998724999999992,0.061251999999999966,0.06028333333333334
1698364800,0.07184,0.07243,0.06716,0.06776,1256624746,746498746.950003,0.06988644999999993,0.06121639999999997,0.06053238095238096
1698451200,0.06776,0.06982,0.0675,0.069,643644405,768569913.9000031,0.06970594999999993,0.0613014,0.06085857142857144
1698537600,0.069,0.0702,0.06722,0.06935,485266012,752511012.850003,0.06953629999999994,0.061368200000000005,0.061381904761904776
1698624000,0.06936,0.0704,0.06771,0.06959,739649062,776791463.950003,0.06938144999999993,0.06145420000000001,0.061686190476190485
1698710400,0.06958,0.07085,0.06578,0.06827,1281215492,823028991.700003,0.06929149999999992,0.061618200000000005,0.06204666666666668
1698796800,0.06827,0.06967,0.06548,0.06894,1322729238,877084782.350003,0.06921339999999994,0.0617004,0.06244619047619048
1698883200,0.06893,0.07089,0.0666,0.0679,1597197975,939914616.2500031,0.06914829999999993,0.061806200000000006,0.06296333333333333
1698969600,0.0679,0.06823,0.06621,0.06807,793772413,966678971.7500031,0.06909164999999992,0.0619254,0.06339857142857143
1699056000,0.06808,0.06927,0.0679,0.06908,544148824,984498841.600003,0.06900679999999994,0.062091200000000006,0.0638952380952381
1699142400,0.06908,0.07175,0.0688,0.07108,1366786320,1018541339.600003,0.06893139999999992,0.062246800000000005,0.06437238095238096
1699228800,0.07108,0.07653,0.07025,0.07637,1891295555,1096680896.500003,0.06886084999999992,0.0624076,0.06483333333333333
1699315200,0.07637,0.07648,0.0715,0.07338,2426713501,1205021950.400003,0.06877234999999991,0.0625404,0.06527333333333332
1699401600,0.07338,0.0772,0.07277,0.07534,1394687206,1261323973.100003,0.06867039999999991,0.0626602,0.06583380952380952
1699488000,0.07535,0.07791,0.06779,0.07357,2758797891,1380250702.250003,0.06857069999999992,0.0627918,0.06661333333333333
1699574400,0.07357,0.07559,0.07241,0.07539,1754786161,1446991158.7000031,0.06845804999999991,0.06297059999999999,0.06729619047619047
1699660800,0.07539,0.08189,0.07445,0.07849,3940449595,1622436755.150003,0.06834154999999992,0.0632686,0.0680942857142857
1699747200,0.0785,0.08038,0.07503,0.07795,2187569963,1641339548.650003,0.06821639999999993,0.06349659999999999,0.06879428571428571
1699833600,0.07795,0.07954,0.07341,0.07456,2695984716,1681440714.350003,0.06813239999999993,0.0637498,0.06953190476190477
1699920000,0.07456,0.07555,0.0688,0.07244,2213664109,1718472420.7000031,0.06809479999999991,0.06396879999999999,0.07035571428571427
1700006400,0.07244,0.07654,0.07227,0.07623,1242373327,1626867825.550003,0.06806959999999991,0.06425039999999999,0.0711295238095238
1700092800,0.07623,0.084,0.07593,0.07947,4624288827,1795251029.600003,0.06804489999999991,0.06458979999999999,0.0714695238095238
1700179200,0.07946,0.0876,0.07907,0.08641,5715620063,2048849812.500003,0.06801884999999991,0.06491839999999999,0.07174761904761905
1700265600,0.08642,0.08663,0.079,0.08028,3816113600,2215392191.900003,0.0680021499999999,0.06519579999999998,0.07212428571428571
1700352000,0.08027,0.08066,0.07734,0.08046,1736599079,2265239692.750003,0.0679957999999999,0.06542579999999999,0.07248714285714286
1700438400,0.08045,0.08219,0.07666,0.07768,1894821627,2295919999.500003,0.0679925999999999,0.06573799999999999,0.07337523809523809
1700524800,0.07768,0.07875,0.07063,0.07176,2807234921,2370145283.650003,0.0679646999999999,0.06611679999999999,0.07391238095238095
1700611200,0.07175,0.0766,0.07153,0.07575,1119488422,2346259806.000003,0.06792524999999991,0.066615,0.07444142857142858
1700697600,0.07576,0.07638,0.07494,0.0762,613659850,2337254177.8500032,0.06789854999999992,0.066978,0.07482666666666667
1700784000,0.07621,0.07866,0.07605,0.07818,883650952,2354229284.250003,0.06789834999999993,0.06734579999999998,0.07499285714285714
1700870400,0.07818,0.07916,0.07753,0.07894,651722335,2318476085.000003,0.06793629999999991,0.06763559999999999,0.07531714285714286
1700956800,0.07894,0.07899,0.0755,0.07868,785924906,2263207552.550003,0.06794389999999992,0.0678308,0.07571238095238095
1701043200,0.07867,0.0817,0.0768,0.07884,2139460195,2248844887.250003,0.06794809999999991,0.0681184,0.07619380952380952
1701129600,0.07883,0.08121,0.07671,0.08083,1710141271,2264617590.500003,0.06794459999999992,0.068413,0.07666333333333333
1701216000,0.08083,0.08317,0.07959,0.08047,1518465698,2202600980.8500032,0.06790254999999992,0.06875939999999998,0.0770252380952381
1701302400,0.08045,0.08443,0.08039,0.08343,1474563719,2188589858.750003,0.06789769999999992,0.06911079999999999,0.07714285714285715
1701388800,0.08344,0.0851,0.0823,0.08385,1075587047,2045346731.350003,0.06789609999999992,0.06945579999999998,0.07749761904761907
1701475200,0.08384,0.08663,0.08327,0.08617,1047224679,1988329467.150003,0.06792504999999992,0.06981339999999998,0.07774190476190476
1701561600,0.08617,0.08738,0.0836,0.08571,1233031851,1915181823.900003,0.06795424999999991,0.0702554,0.07821142857142857
1701648000,0.08571,0.0926,0.085,0.09188,2933769955,1951187116.2000031,0.0679820499999999,0.07068219999999999,0.07861428571428572
1701734400,0.09188,0.0958,0.08746,0.09435,2544186116,2016277755.650003,0.06801659999999991,0.07118059999999998,0.07898000000000001
1701820800,0.09436,0.10645,0.09338,0.09493,5278501455,2048988387.050003,0.06805899999999991,0.07169999999999999,0.0793495238095238
1701907200,0.09493,0.09828,0.09269,0.09593,2842604920,1905337629.900003,0.06810299999999991,0.0722556,0.08017428571428571
1701993600,0.09594,0.10385,0.09556,0.10164,2247014999,1826882699.850003,0.06816034999999991,0.07277299999999999,0.08121761904761905
1702080000,0.10165,0.1051,0.0975,0.09846,2400778713,1860091681.550003,0.06822004999999991,0.0734244,0.08210809523809523
1702166400,0.09846,0.10275,0.09665,0.10186,1337401762,1832220688.300003,0.06828714999999991,0.0741114,0.08289190476190475
1702252800,0.10186,0.1073,0.09106,0.09413,3926452012,1888181542.850003,0.06834154999999989,0.0748292,0.08361714285714286
1702339200,0.09412,0.09802,0.09122,0.09381,2003591978,1932386720.650003,0.06843374999999989,0.0755762,0.08448285714285714
1702425600,0.09381,0.09759,0.0898,0.09642,1654708893,1984439172.800003,0.06853799999999989,0.0764316,0.08550190476190475
1702512000,0.09643,0.09878,0.09327,0.0983,1405821668,2010547708.600003,0.06864459999999989,0.0772028,0.08628523809523808
1702598400,0.0983,0.09879,0.09232,0.09303,1313568767,2043640030.2000031,0.0687636499999999,0.0780162,0.08733523809523809
1702684800,0.09302,0.09728,0.09152,0.09713,1016225212,2055155045.500003,0.0689072999999999,0.0786648,0.0883195238095238
1702771200,0.09713,0.09784,0.09238,0.09295,986491713,1997506621.400003,0.0690351499999999,0.0791926,0.08937190476190475
1702857600,0.09295,0.09378,0.08638,0.09213,1479114802,1985955297.9500031,0.0691912499999999,0.07978899999999998,0.0900790476190476
1702944000,0.09212,0.0935,0.08926,0.09023,884237508,1954243888.4500031,0.0693074999999999,0.08038859999999999,0.09094523809523808
1703030400,0.09023,0.09334,0.08942,0.0915,1223678648,1941699634.900003,0.06942169999999989,0.0808122,0.0916247619047619
1703116800,0.09151,0.098,0.09063,0.09499,1726958198,1974268192.4500031,0.0695410499999999,0.0813996,0.09225761904761905
1703203200,0.095,0.09559,0.09195,0.09499,1258416466,1984827781.800003,0.0696649499999999,0.08187860000000001,0.09270523809523809
1703289600,0.09498,0.095,0.09204,0.09346,649710275,1955661703.000003,0.06976444999999991,0.08233419999999998,0.09323047619047618
1703376000,0.09346,0.09492,0.09026,0.09171,1078125456,1862879478.050003,0.0698885499999999,0.08274699999999999,0.09378095238095237
1703462400,0.09172,0.09544,0.09124,0.09435,794322702,1775386307.350003,0.0699950499999999,0.08321160000000001,0.09431142857142856
1703548800,0.09436,0.09445,0.087,0.09135,1045263091,1563724389.150003,0.07009859999999991,0.0837326,0.09465857142857141
1703635200,0.09135,0.09386,0.08956,0.09365,697904313,1456489358.800003,0.0701869499999999,0.08427440000000001,0.0949442857142857
1703721600,0.09365,0.09493,0.09107,0.09174,896005552,1388938886.4500031,0.07028094999999991,0.0847822,0.09506190476190475
1703808000,0.09174,0.093,0.08843,0.09097,676368690,1302718385.300003,0.07039344999999991,0.0852348,0.0949190476190476
1703894400,0.09096,0.0914,0.0892,0.09,348435520,1253270073.2000031,0.0705363999999999,0.08570019999999999,0.09485809523809523
1703980800,0.09,0.09089,0.08808,0.08955,385427628,1076218854.000003,0.07065244999999991,0.0859998,0.09465857142857141
1704067200,0.08956,0.09207,0.08847,0.09199,506560988,1001367304.5000031,0.07077459999999991,0.0864052,0.09415047619047617
1704153600,0.092,0.09438,0.09035,0.0911,881934936,962728606.6500031,0.07090654999999992,0.08673320000000001,0.09374761904761904
1704240000,0.09109,0.09213,0.075,0.08201,1959750401,990425043.300003,0.07101594999999991,0.0870812,0.09316142857142856
1704326400,0.082,0.08467,0.08093,0.08401,1144911613,981992185.600003,0.0711754499999999,0.08737339999999999,0.0930595238095238
1704412800,0.08401,0.08483,0.08046,0.08267,1109914047,986676627.350003,0.07132659999999992,0.08759460000000001,0.09293047619047619
1704499200,0.08267,0.08268,0.07833,0.08058,979471694,986325626.4000031,0.07147429999999991,0.08787539999999999,0.09224428571428571
1704585600,0.08058,0.08148,0.07701,0.07824,927733107,958756541.6500031,0.0716155499999999,0.0882062,0.09156380952380952
1704672000,0.07822,0.08177,0.07412,0.0813,1392075761,984148454.300003,0.07176139999999992,0.0883976,0.09107047619047617
1704758400,0.0813,0.08399,0.07642,0.07923,2205553399,1033242191.850003,0.07191369999999991,0.08855319999999998,0.09028238095238095
1704844800,0.07922,0.08501,0.07579,0.08307,1240032433,1008895903.600003,0.07205824999999991,0.08861719999999998,0.08958190476190475
1704931200,0.08307,0.088,0.08197,0.08456,1520441570,1021997158.800003,0.07215729999999991,0.08850059999999998,0.08906619047619047
1705017600,0.08456,0.08544,0.0778,0.08007,1117173897,1045370339.9000031,0.07226674999999991,0.08845979999999999,0.08854238095238094
1705104000,0.08007,0.08138,0.07861,0.08092,451114051,1014019769.6500031,0.07236784999999991,0.08847659999999997,0.08814095238095236
1705190400,0.08094,0.08396,0.07964,0.08003,923333159,1020470292.5000031,0.07245509999999991,0.08850759999999998,0.0876442857142857
1705276800,0.08002,0.08178,0.07987,0.08108,423589779,989386626.9000031,0.07251824999999991,0.08873379999999999,0.08693380952380951
1705363200,0.08108,0.08258,0.07986,0.08134,582449257,983613874.100003,0.07259699999999991,0.08890999999999999,0.08633666666666666
1705449600,0.08134,0.0816,0.07935,0.08059,478700611,962748627.050003,0.0726519999999999,0.08898739999999998,0.08578047619047618
1705536000,0.0806,0.08081,0.0769,0.07808,621337144,959997049.7500031,0.07273389999999991,0.08904219999999999,0.08514857142857142
1705622400,0.07808,0.07884,0.07484,0.07857,766708753,980910711.4000031,0.0728230999999999,0.08906399999999999,0.08467190476190475
1705708800,0.07856,0.09058,0.07821,0.08777,1655077344,1044393197.200003,0.0728997499999999,0.089112,0.08405
1705795200,0.08777,0.09046,0.08468,0.08546,2294800965,1133805196.050003,0.0729765499999999,0.08916199999999998,0.08339952380952381
1705881600,0.08547,0.08559,0.08012,0.08057,1591848689,1169300883.7000031,0.0730638499999999,0.08915719999999999,0.08280904761904762
1705968000,0.08057,0.08189,0.076,0.07821,1285716152,1135599171.250003,0.0731521499999999,0.08910939999999998,0.08270285714285713
1706054400,0.07821,0.08066,0.07754,0.07904,688387053,1112772943.250003,0.07322654999999989,0.08901219999999999,0.08250809523809524
1706140800,0.07905,0.07925,0.07711,0.07795,487927595,1081673620.650003,0.0732869499999999,0.08909059999999998,0.08196428571428571
1706227200,0.07795,0.08035,0.07753,0.07985,438354293,1054617750.600003,0.0733372999999999,0.08907639999999999,0.0813504761904762
1706313600,0.07985,0.0807,0.07902,0.08014,330227896,1024742490.050003,0.0733878999999999,0.08897359999999999,0.08120904761904761
1706400000,0.08014,0.08149,0.07818,0.07882,405942847,975435844.350003,0.0734822499999999,0.08870019999999998,0.0809204761904762
1706486400,0.07883,0.08306,0.07816,0.08135,1259643662,928140357.5000031,0.07357449999999989,0.08839399999999997,0.08078619047619047
1706572800,0.08137,0.08219,0.07939,0.07972,609381172,896607794.450003,0.07365309999999989,0.08805439999999999,0.0807652380952381
1706659200,0.07971,0.08028,0.078,0.07875,492930215,845232226.700003,0.07371714999999988,0.08773279999999999,0.08079285714285714
1706745600,0.07874,0.07986,0.07728,0.07937,423161080,810531585.850003,0.07378369999999988,0.08730279999999999,0.08079523809523809
1706832000,0.07937,0.07996,0.07858,0.07928,338158394,804883803.0000031,0.07384664999999989,0.08690999999999999,0.08081857142857142
1706918400,0.07928,0.07951,0.07853,0.07874,181709999,767802645.0000031,0.0739197499999999,0.08649979999999997,0.08061285714285714
1707004800,0.07874,0.07998,0.07775,0.07831,263166434,759781477.7500031,0.07399404999999988,0.08621159999999999,0.08036571428571428
1707091200,0.07831,0.08031,0.07735,0.07835,432182668,752268148.300003,0.07406299999999988,0.08591039999999998,0.08032809523809524
1707177600,0.07835,0.07923,0.07773,0.07849,294603685,743063302.0000031,0.07411764999999988,0.08556939999999999,0.0802242857142857
1707264000,0.07848,0.08032,0.07816,0.08013,389072392,731450064.4000031,0.07417379999999987,0.08518899999999999,0.08014238095238095
1707350400,0.08013,0.08087,0.07935,0.07987,447795104,715504381.950003,0.07420769999999988,0.08490319999999998,0.08001238095238095
1707436800,0.07986,0.08222,0.07986,0.08155,665001847,666000607.100003,0.07425694999999988,0.08452679999999997,0.07987666666666667
1707523200,0.08154,0.08214,0.0803,0.08142,367774924,569649305.050003,0.07430424999999988,0.08423479999999998,0.07985476190476189
1707609600,0.08141,0.08358,0.08075,0.08123,639653927,522039566.950003,0.07435464999999987,0.08396200000000001,0.07994
1707696000,0.08123,0.08287,0.07946,0.08223,797306560,497619087.35000306,0.07439604999999987,0.08376,0.08008190476190476
1707782400,0.08223,0.08297,0.07968,0.08105,738029583,500101213.85000306,0.07443469999999987,0.08352739999999997,0.0797795238095238
1707868800,0.08105,0.087,0.08047,0.0855,1497064357,550558051.950003,0.07446104999999986,0.08325859999999999,0.07957809523809523
1707955200,0.08549,0.08824,0.08392,0.08528,1428000130,600040343.800003,0.07450934999999986,0.08298719999999998,0.07965714285714284
1708041600,0.08527,0.08799,0.08392,0.08591,807216742,623889786.100003,0.07454969999999987,0.08274259999999999,0.07979238095238095
1708128000,0.08591,0.08606,0.08192,0.08356,647757981,635980542.800003,0.07458644999999987,0.08255299999999999,0.08009999999999999
1708214400,0.08355,0.08572,0.08282,0.08517,526443268,599320523.100003,0.07458429999999988,0.08228699999999999,0.08044904761904761
1708300800,0.08516,0.09084,0.08502,0.08942,1424055062,640054217.600003,0.07460079999999988,0.08216999999999999,0.08073761904761904
1708387200,0.08942,0.09155,0.0826,0.08615,1744290957,702622254.700003,0.07462389999999988,0.08200259999999998,0.08090047619047619
1708473600,0.08615,0.08627,0.08196,0.08457,757871134,719357757.4000031,0.07464329999999987,0.08188599999999997,0.08120285714285713
1708560000,0.08457,0.08551,0.08302,0.0841,645334349,734716555.1500031,0.07466964999999987,0.08173779999999997,0.08158714285714284
1708646400,0.08409,0.08553,0.08285,0.08451,791686167,765215363.550003,0.07470594999999987,0.08164119999999997,0.08189333333333333
1708732800,0.08451,0.08637,0.08386,0.08615,657921980,784953140.850003,0.07474619999999986,0.08163859999999998,0.08217047619047618
1708819200,0.08616,0.08682,0.08521,0.08612,493056846,787996849.7500031,0.07477324999999986,0.08152179999999998,0.08239571428571428
1708905600,0.08613,0.09,0.08415,0.08923,1088385979,827685964.450003,0.07482799999999987,0.08139119999999998,0.0826447619047619
1708992000,0.08923,0.10066,0.08844,0.09758,4473045916,1031884640.6500031,0.07490719999999987,0.08143299999999998,0.08299761904761904
1709078400,0.09759,0.12333,0.09417,0.11585,8260903846,1422540077.750003,0.07497059999999987,0.08144299999999997,0.08336952380952381
1709164800,0.11585,0.135,0.11132,0.11732,8825589402,1830569455.500003,0.07501489999999987,0.08151259999999999,0.08388761904761904
1709251200,0.11732,0.14561,0.11704,0.13934,6695199430,2146940680.800003,0.07506404999999987,0.08162339999999998,0.08479666666666666
1709337600,0.13934,0.151,0.13579,0.14196,5215907888,2375753378.8500032,0.07511889999999988,0.08184319999999999,0.08649761904761905
1709424000,0.14195,0.15629,0.12356,0.15347,6113745846,2641575343.150003,0.07517484999999988,0.0821688,0.08828095238095239
1709510400,0.15346,0.18518,0.14424,0.18196,8109722728,3010160000.400003,0.07522839999999988,0.0829012,0.09103285714285715
1709596800,0.18197,0.20637,0.126,0.15304,12530493898,3561831477.450003,0.07529514999999987,0.08358619999999999,0.09391571428571428
1709683200,0.15304,0.17981,0.1461,0.15784,5625446879,3771703814.900003,0.07540434999999987,0.0846818,0.09735571428571428
1709769600,0.15784,0.1623,0.14637,0.15764,4138356351,3938260795.3500032,0.07560009999999986,0.08591959999999998,0.1021047619047619
1709856000,0.15762,0.176,0.155,0.16457,4842302475,4147988020.050003,0.07581274999999986,0.08737059999999999,0.10553285714285715
1709942400,0.16456,0.18486,0.16288,0.17875,3903293224,4316830517.850003,0.07613599999999987,0.08940919999999998,0.10897761904761903
1710028800,0.17875,0.17965,0.16526,0.16997,2311878295,4361221679.500003,0.07649114999999987,0.09084839999999998,0.11242333333333333
1710115200,0.16998,0.18315,0.15986,0.182,3021515629,4425082913.100003,0.07692264999999987,0.09237839999999999,0.1161690476190476
1710201600,0.182,0.1835,0.155,0.16816,2760068984,4525192805.600003,0.07752734999999987,0.09391939999999999,0.12070190476190475
1710288000,0.16817,0.17444,0.16481,0.16897,2005346358,4593193406.050003,0.07797624999999987,0.09564919999999999,0.12473999999999999
1710374400,0.16895,0.19289,0.165,0.17719,7417977435,4924507969.450003,0.07844649999999988,0.09765279999999998,0.12914857142857142
1710460800,0.1772,0.18142,0.151,0.16357,4217464611,5102485101.000003,0.07891549999999987,0.09929679999999999,0.1330538095238095
1710547200,0.16358,0.16524,0.138,0.14253,3166192692,5236141893.300003,0.07942574999999988,0.1012276,0.13707285714285714
1710633600,0.14253,0.15936,0.1366,0.15428,2846386007,5324041894.700003,0.08000654999999987,0.10297939999999998,0.14150571428571426
1710720000,0.15428,0.15432,0.14,0.14353,2116020884,5206190643.100003,0.08053744999999987,0.1047946,0.14527047619047617
1710806400,0.14352,0.14517,0.1252,0.12881,4709278496,5028609375.600003,0.08113204999999986,0.10675759999999998,0.14795523809523808
1710892800,0.12879,0.15327,0.12253,0.15209,4788948000,4826777305.500003,0.08165724999999986,0.10847,0.15120095238095238
1710979200,0.15209,0.15998,0.14649,0.15537,3475754499,4665805058.950003,0.08218764999999985,0.10972359999999998,0.15378666666666665
1711065600,0.15536,0.165,0.14528,0.15292,3644351433,4587227236.200003,0.08275769999999985,0.1112064,0.1552738095238095
1711152000,0.15294,0.175,0.15164,0.1619,3445544497,4453817168.750003,0.08325829999999985,0.11250059999999999,0.15699952380952378
1711238400,0.16191,0.18,0.16097,0.17651,3007181093,4198690087.000003,0.08363894999999986,0.11344979999999999,0.15881142857142855
1711324800,0.17651,0.18726,0.17,0.17526,2860835588,3715207171.500003,0.08408094999999988,0.1148972,0.15945809523809523
1711411200,0.17526,0.18707,0.174,0.1823,2942951273,3581082391.200003,0.08447979999999987,0.11642960000000001,0.16040761904761905
1711497600,0.18231,0.19185,0.1787,0.19047,4365126606,3592420903.950003,0.08480444999999985,0.11790060000000001,0.1615047619047619
1711584000,0.19048,0.22888,0.1892,0.22001,6581610023,3679386281.3500032,0.08524749999999987,0.119553,0.1611857142857143
1711670400,0.22002,0.22494,0.20636,0.213,3515455224,3659994381.3500032,0.08570849999999985,0.1215084,0.16257904761904762
1711756800,0.213,0.21692,0.19611,0.19912,2521998974,3670500415.300003,0.08615679999999987,0.12344740000000001,0.16413285714285714
1711843200,0.19913,0.2243,0.19908,0.22,2325500500,3635699658.8500032,0.08664619999999985,0.1255264,0.16710285714285714
1711929600,0.22,0.22003,0.19709,0.20503,3456154163,3670503917.800003,0.08721049999999986,0.12776600000000002,0.1694090476190476
1712016000,0.20502,0.20517,0.18,0.18248,3974417546,3768957477.200003,0.08776854999999985,0.1305636,0.1703790476190476
1712102400,0.18249,0.1875,0.17002,0.17522,3549429233,3575530067.1000032,0.08836149999999986,0.13322620000000002,0.17276142857142857
1712188800,0.17521,0.18837,0.17189,0.17998,2343983176,3481855995.3500032,0.08899689999999985,0.13557760000000002,0.1738580952380952
1712275200,0.17997,0.18076,0.16733,0.1772,2083599146,3427726318.050003,0.08979044999999986,0.13834920000000003,0.17453999999999997
1712361600,0.17719,0.18785,0.1764,0.18577,1865317107,3378672873.050003,0.09055299999999984,0.1408252,0.17483761904761902
1712448000,0.18576,0.2052,0.18544,0.19887,3025519000,3424147778.8500032,0.09124409999999986,0.14283020000000005,0.17497047619047618
1712534400,0.19887,0.21,0.19551,0.2026,1955830692,3286475388.650003,0.09203779999999986,0.14471360000000005,0.1756195238095238
1712620800,0.20261,0.20346,0.18496,0.18912,2177727783,3155914377.800003,0.09275254999999985,0.14660320000000004,0.1776785714285714
1712707200,0.18915,0.2028,0.18006,0.19971,2910595316,3127656418.650003,0.09335244999999985,0.14844160000000003,0.17980190476190475
1712793600,0.19971,0.20358,0.18974,0.1938,2177813466,3054329520.300003,0.09391784999999984,0.15043880000000004,0.1826147619047619
1712880000,0.19382,0.2013,0.16059,0.17403,3925158745,3078310232.700003,0.09451039999999984,0.15274500000000005,0.18548666666666666
1712966400,0.17403,0.17586,0.13024,0.15254,5355470940,3195724725.050003,0.09508649999999985,0.15509360000000005,0.18775428571428568
1713052800,0.15254,0.16505,0.14369,0.16212,4301028374,3267734364.3500032,0.09570194999999984,0.15708760000000005,0.18958428571428568
1713139200,0.1621,0.169,0.15027,0.16123,4241463339,3332659967.650003,0.09638319999999984,0.15935880000000005,0.1905895238095238
1713225600,0.16123,0.16247,0.14628,0.156,2835718778,3256189576.250003,0.09708964999999985,0.16154340000000006,0.1901438095238095
1713312000,0.156,0.15873,0.14431,0.14756,2144894019,3034353776.050003,0.09772764999999983,0.16334200000000001,0.18945857142857142
1713398400,0.14755,0.15381,0.14083,0.15221,2200135595,2968587794.6000032,0.09841859999999984,0.16470260000000003,0.18879047619047618
1713484800,0.15222,0.15722,0.139,0.15633,2707121648,2977843928.300003,0.09908414999999984,0.16622200000000004,0.18753809523809523
1713571200,0.15632,0.165,0.1502,0.1626,1817384243,2952438115.450003,0.09964959999999984,0.16772420000000005,0.18549476190476188
1713657600,0.16259,0.16586,0.15505,0.15825,1328449014,2846052858.000003,0.10010919999999984,0.16905960000000003,0.18226619047619044
1713744000,0.15823,0.16343,0.15647,0.1612,1361190385,2715391499.950003,0.10061714999999985,0.17005920000000002,0.17956761904761903
1713830400,0.16121,0.163,0.15682,0.15979,1070377335,2591438905.050003,0.10111579999999985,0.17078640000000006,0.1778285714285714
1713916800,0.15979,0.1645,0.14934,0.15139,1835449856,2566012239.050003,0.10158514999999985,0.17156660000000007,0.1748880952380952
1714003200,0.15139,0.15446,0.14743,0.15127,1163088346,2519986699.050003,0.10201259999999986,0.17203180000000007,0.17280095238095236
1714089600,0.15126,0.15178,0.14683,0.148,899940448,2471717866.1000032,0.10245769999999986,0.17235760000000006,0.17172047619047617
1714176000,0.14802,0.14972,0.14233,0.14776,894496218,2365166727.000003,0.10292934999999986,0.17251220000000003,0.17058571428571426
1714262400,0.14776,0.15109,0.146,0.1467,568872733,2295818829.050003,0.10343549999999986,0.17206880000000005,0.1692185714285714
1714348800,0.14671,0.14809,0.13959,0.14342,1220801011,2247972490.450003,0.10391939999999986,0.17203580000000007,0.16782809523809522
1714435200,0.14343,0.14601,0.12916,0.13339,1665323124,2185708880.8500032,0.10442109999999985,0.17190440000000007,0.16601809523809521
1714521600,0.13337,0.13395,0.1201,0.13021,3172868480,2235461631.550003,0.10491319999999985,0.17171160000000005,0.16353380952380953
1714608000,0.13021,0.13446,0.12407,0.13189,1666903290,2122548858.800003,0.10536299999999985,0.17137540000000004,0.16071571428571427
1714694400,0.13189,0.14799,0.13113,0.14604,1484934698,1929022046.7000031,0.10581454999999984,0.17073440000000006,0.15806190476190474
1714780800,0.14604,0.17,0.14572,0.16012,3320985724,1880019914.2000031,0.10626089999999984,0.17020340000000003,0.15475238095238095
1714867200,0.16012,0.16349,0.15454,0.16098,1670385631,1751466028.800003,0.10670404999999984,0.16923120000000005,0.1518042857142857
1714953600,0.161,0.16915,0.15399,0.15648,2267601007,1723060140.250003,0.10714499999999984,0.16847220000000004,0.15047142857142856
1715040000,0.15649,0.15992,0.14924,0.14999,1298799353,1680755406.9500031,0.10757269999999984,0.16773060000000004,0.15083238095238097
1715126400,0.14999,0.152,0.14206,0.14324,1301147548,1635806004.600003,0.10794769999999984,0.16710760000000005,0.15077809523809524
1715212800,0.14323,0.15423,0.14311,0.1522,1204735659,1560686705.150003,0.10829954999999984,0.16703860000000006,0.15055190476190478
1715299200,0.1522,0.15387,0.14224,0.14389,1163562851,1527995635.550003,0.10866244999999983,0.16740760000000005,0.15026571428571428
1715385600,0.14389,0.14626,0.14247,0.14306,461844106,1484665390.150003,0.10909264999999983,0.16745160000000006,0.15006
1715472000,0.14305,0.14446,0.13899,0.14123,789804071,1456096074.4500031,0.10959804999999984,0.16758080000000006,0.15005952380952384
1715558400,0.14122,0.15765,0.13579,0.14864,2524431949,1528798805.150003,0.11011004999999985,0.16786940000000006,0.14946714285714288
1715644800,0.14863,0.15516,0.14429,0.14552,1854848426,1529768733.650003,0.11059809999999985,0.16787160000000004,0.14853666666666668
1715731200,0.14552,0.157,0.14525,0.15534,1845492157,1563888924.2000031,0.11104854999999984,0.167642,0.14772619047619048
1715817600,0.15533,0.15931,0.14825,0.14972,1316060414,1584694922.500003,0.11145879999999984,0.16744480000000003,0.14712809523809525
1715904000,0.14971,0.15692,0.14922,0.15555,1076157319,1593777977.550003,0.11191129999999985,0.16703140000000005,0.14644857142857143
1715990400,0.15555,0.1569,0.15123,0.15302,698372016,1600252941.7000031,0.11229364999999986,0.16647400000000004,0.1466366666666667
1716076800,0.15302,0.15604,0.1474,0.14908,734215105,1575923646.400003,0.11267594999999984,0.16587920000000003,0.14656285714285716
1716163200,0.14908,0.16636,0.14767,0.16573,1539763324,1569645656.400003,0.11304049999999984,0.16534000000000001,0.14692238095238097
1716249600,0.16573,0.1733,0.16071,0.17024,2403419353,1531173200.050003,0.11342444999999984,0.16452500000000003,0.14717285714285713
1716336000,0.17023,0.17461,0.16174,0.16628,1812336614,1538444866.250003,0.11381324999999984,0.16323580000000004,0.1472861904761905
1716422400,0.16628,0.16941,0.15171,0.15973,2098823634,1569139313.050003,0.11424494999999985,0.16203620000000005,0.14834857142857144
1716508800,0.15973,0.17328,0.155,0.16386,2918289583,1549004506.000003,0.11464679999999984,0.16103540000000002,0.15010333333333334
1716595200,0.16386,0.17438,0.1627,0.17402,1286560263,1529813237.600003,0.11507659999999983,0.15995000000000004,0.1518209523809524
1716681600,0.17402,0.175,0.16551,0.16621,1223858574,1477626115.9500031,0.11550034999999984,0.15925420000000004,0.1531466666666667
1716768000,0.16621,0.1735,0.16416,0.16908,1347104309,1480041363.750003,0.11590104999999984,0.15893020000000002,0.15399523809523813
1716854400,0.16908,0.16982,0.16157,0.16497,1230843968,1476526184.750003,0.11639019999999983,0.15862040000000005,0.15465714285714288
1716940800,0.16496,0.17087,0.16208,0.16386,1395564391,1486067621.350003,0.11690104999999983,0.15829800000000002,0.1549061904761905
1717027200,0.16386,0.1657,0.15642,0.15946,1456479032,1500713430.400003,0.11738704999999984,0.15823440000000003,0.15550619047619052
1717113600,0.15945,0.16261,0.15431,0.15898,801814565,1517711953.350003,0.11783029999999985,0.15784320000000002,0.15621952380952384
1717200000,0.15898,0.16199,0.1584,0.16031,367195745,1496581537.050003,0.11826774999999984,0.15724740000000004,0.15720142857142858
1717286400,0.16031,0.16137,0.15469,0.1571,493754241,1395047651.650003,0.11877094999999983,0.15649480000000002,0.15754714285714289
1717372800,0.1571,0.16346,0.15579,0.15835,823747427,1343492601.7000031,0.11922529999999983,0.1559896,0.15826571428571432
1717459200,0.15834,0.16194,0.15706,0.16136,639124799,1283174233.800003,0.11970284999999983,0.15518460000000003,0.15908714285714287
1717545600,0.16136,0.16486,0.16117,0.16326,670049829,1250873704.550003,0.12015074999999983,0.15448820000000002,0.15984285714285715
1717632000,0.16327,0.16579,0.15831,0.16016,805127872,1237322232.2000031,0.12057759999999983,0.1542138,0.1603052380952381
1717718400,0.16015,0.16213,0.14,0.1482,1486678159,1276737539.350003,0.12098514999999983,0.154305,0.16105952380952382
1717804800,0.1482,0.14879,0.1435,0.14588,726829388,1276368253.500003,0.12140724999999984,0.1542296,0.16143666666666667
1717891200,0.1459,0.14916,0.14492,0.14679,428167441,1220788459.350003,0.12184659999999983,0.1542322,0.1619338095238095
1717977600,0.14679,0.14795,0.14325,0.14478,445950423,1122915012.850003,0.12225094999999983,0.15437740000000003,0.16158380952380952
1718064000,0.14478,0.14519,0.13364,0.13806,1247090910,1094652727.650003,0.12264534999999982,0.15462940000000003,0.16124380952380954
1718150400,0.13806,0.15096,0.13458,0.14621,1335443938,1056483742.850003,0.12302009999999983,0.15454920000000003,0.16113476190476192
1718236800,0.14621,0.1465,0.14009,0.1411,722950347,946716781.050003,0.12343499999999985,0.1543402,0.1601371428571429
1718323200,0.1411,0.14343,0.13189,0.13499,913514559,928064495.850003,0.12383349999999985,0.154024,0.15860476190476194
1718409600,0.13499,0.13785,0.13361,0.13677,464938828,890118508.550003,0.12418609999999983,0.1537546,0.15764904761904766
1718496000,0.13678,0.13768,0.13467,0.13713,307161114,838121348.800003,0.12455669999999984,0.1532918,0.15676190476190477
1718582400,0.13713,0.13822,0.12601,0.12879,1132086823,833183491.550003,0.12491189999999984,0.1530202,0.15538714285714286
1718668800,0.12879,0.12929,0.11338,0.12225,2070645660,866937555.0000031,0.12525479999999983,0.1528144,0.15361333333333332
1718755200,0.12224,0.12679,0.12141,0.12247,742608455,831244026.1500031,0.12555419999999984,0.1524888,0.15222857142857144
1718841600,0.12247,0.129,0.12134,0.12455,880387309,835172663.350003,0.12589054999999985,0.1522642,0.15031000000000003
1718928000,0.12455,0.12574,0.12138,0.12418,675836837,850604717.950003,0.12620264999999983,0.15205159999999998,0.1482757142857143
1719014400,0.12418,0.12556,0.1229,0.12375,341304465,842982229.1500031,0.12648339999999983,0.15169339999999998,0.14630476190476194
1719100800,0.12376,0.1264,0.1209,0.12222,506605755,827125145.550003,0.12676309999999982,0.15126999999999996,0.14464238095238097
1719187200,0.12222,0.12395,0.11354,0.11902,1238016703,857069740.7500031,0.12704639999999984,0.15105159999999995,0.1429852380952381
1719273600,0.11901,0.12862,0.11882,0.12615,904499973,868792247.950003,0.12727319999999984,0.15093839999999997,0.1412442857142857
1719360000,0.12616,0.12865,0.1218,0.12276,569477357,857009722.200003,0.12746519999999983,0.15078419999999995,0.13958333333333334
1719446400,0.12277,0.12846,0.12061,0.12711,727482679,819049948.200003,0.12764669999999984,0.15033839999999996,0.13771047619047622
1719532800,0.12711,0.12851,0.12217,0.12306,705909915,818003974.550003,0.12784089999999984,0.14958039999999995,0.13603380952380956
1719619200,0.12306,0.1244,0.12138,0.1219,241340466,808662625.800003,0.12800239999999985,0.14874119999999993,0.1341052380952381
1719705600,0.1219,0.12564,0.1205,0.12448,335643611,803147285.200003,0.12814939999999983,0.14813459999999995,0.13253142857142858
1719792000,0.12449,0.1275,0.12322,0.12352,428296949,762207587.1500031,0.12828584999999984,0.14758999999999994,0.1313342857142857
1719878400,0.12352,0.12544,0.12247,0.1253,314273229,711149051.700003,0.12840129999999983,0.1472674,0.13019238095238098
1719964800,0.1253,0.12555,0.11683,0.11849,562730261,703138047.4000031,0.12852384999999986,0.14668460000000003,0.12913000000000002
1720051200,0.11849,0.11914,0.10385,0.10502,1541593699,734542004.4000031,0.12864534999999985,0.1462448,0.12811761904761904
1720137600,0.10503,0.10652,0.09136,0.10547,2608167044,841703415.200003,0.12877159999999985,0.1458732,0.12751
1720224000,0.10548,0.11416,0.10468,0.11343,997717793,876231249.1500031,0.12891624999999984,0.145519,0.12619000000000002
1720310400,0.11343,0.1135,0.1036,0.10415,749813872,857117601.600003,0.12905669999999986,0.14505220000000002,0.1244719047619048
1720396800,0.10415,0.1114,0.09874,0.10758,1314220494,819296343.300003,0.12919699999999984,0.14451160000000002,0.1230661904761905
1720483200,0.10757,0.10954,0.10579,0.10756,559621670,810147004.050003,0.12932309999999986,0.14350520000000003,0.12195476190476194
1720569600,0.10756,0.11053,0.10572,0.108,521002616,792177769.4000031,0.12948445,0.14262020000000003,0.12038428571428574
1720656000,0.108,0.11247,0.10615,0.10664,558914156,786331635.350003,0.12959125,0.14177780000000004,0.11937428571428574
1720742400,0.10664,0.10831,0.10477,0.10769,467602106,792646517.4000031,0.12965159999999998,0.14080040000000002,0.11867476190476194
1720828800,0.10769,0.113,0.10728,0.11231,547626740,794697566.6500031,0.12971829999999998,0.13997040000000002,0.1179857142857143
1720915200,0.11231,0.11698,0.1111,0.11535,646475898,765120526.4000031,0.12983429999999999,0.138807,0.11713285714285716
1721001600,0.11535,0.12555,0.11457,0.1249,1010690868,770430071.1500031,0.12989755,0.13756220000000002,0.11634761904761903
1721088000,0.1249,0.12784,0.11891,0.12478,1054095685,794660987.550003,0.12996049999999998,0.13636940000000003,0.11580285714285714
1721174400,0.12479,0.12769,0.12032,0.12178,687859592,792679833.200003,0.13002334999999998,0.13532860000000002,0.11547571428571429
1721260800,0.12179,0.12397,0.11715,0.11956,786606248,796714649.850003,0.13009605,0.13429760000000004,0.1157557142857143
1721347200,0.11955,0.12604,0.11742,0.12543,811589334,825227093.2500031,0.13017069999999997,0.13312420000000003,0.11569047619047619
1721433600,0.12543,0.13582,0.1243,0.13424,1436351183,880262471.850003,0.13023739999999998,0.132298,0.11564380952380951
1721520000,0.13423,0.14373,0.12576,0.14026,1539907160,935842982.4000031,0.1303422,0.131412,0.1152842857142857
1721606400,0.14027,0.1427,0.13581,0.13776,1602038139,1000231227.9000031,0.1304507,0.1305482,0.11539714285714284
1721692800,0.13777,0.13923,0.12807,0.13031,1099223304,1027055880.050003,0.1306165,0.1296622,0.11598476190476188
1721779200,0.1303,0.13482,0.12688,0.12795,692696080,984610999.100003,0.13078554999999997,0.1289816,0.11673619047619045
1721865600,0.12793,0.12873,0.1201,0.12526,916741676,900039730.700003,0.13094445,0.1284868,0.11741428571428572
1721952000,0.12525,0.13496,0.12504,0.13419,661205710,883214126.550003,0.1310945,0.1280858,0.11765285714285714
1722038400,0.13419,0.13878,0.13011,0.13144,1329095559,912178210.9000031,0.13126169999999998,0.127699,0.11810333333333332
1722124800,0.13143,0.13186,0.12809,0.13004,689009904,880917681.4000031,0.1314774,0.1271382,0.11906714285714284
1722211200,0.13005,0.13509,0.12755,0.12843,764786376,891175916.700003,0.13176865,0.12647,0.1204347619047619
1722297600,0.12844,0.1307,0.1232,0.12551,536194715,891935521.6500031,0.13203739999999997,0.12571000000000002,0.12129238095238094
1722384000,0.12551,0.12736,0.1212,0.12192,523776745,890178651.100003,0.1322756,0.1251906,0.12252523809523808
1722470400,0.12192,0.12312,0.11211,0.11899,929497327,913273412.1500031,0.13251245,0.1248554,0.12351809523809522
1722556800,0.11899,0.11975,0.11017,0.11154,829416403,927362895.300003,0.13274755,0.1245386,0.12437285714285712
1722643200,0.11154,0.11475,0.10518,0.10811,1009072658,945492733.300003,0.133012,0.12417140000000002,0.12503571428571428
1722729600,0.10812,0.10944,0.099,0.10375,1010011668,945458773.300003,0.13327305,0.12378600000000002,0.1256238095238095
1722816000,0.10375,0.1043,0.0805,0.09436,6003336977,1192920837.900003,0.13350789999999998,0.12346320000000002,0.12580714285714284
1722902400,0.09437,0.10151,0.09405,0.09645,1261946874,1221625202.000003,0.13372725,0.12291880000000002,0.12560714285714283
1722988800,0.09646,0.10208,0.09428,0.09558,1198829409,1242236360.050003,0.13395444999999997,0.12232760000000002,0.1250547619047619
1723075200,0.09561,0.108,0.09354,0.10748,968675456,1250090666.150003,0.13415944999999999,0.12179000000000002,0.12360047619047618
1723161600,0.10747,0.10782,0.1016,0.10386,542344314,1205390322.7000031,0.13435424999999998,0.1211296,0.12225142857142854
1723248000,0.10386,0.10592,0.10288,0.10518,257631810,1141276555.2000031,0.13450655,0.12027420000000001,0.12100380952380949
1723334400,0.10519,0.11099,0.10004,0.10059,769443790,1099646837.750003,0.1346404,0.11962740000000002,0.12042857142857138
1723420800,0.10059,0.10872,0.1001,0.10791,841806045,1086775974.800003,0.1347562,0.11909400000000002,0.11940142857142855
1723507200,0.10791,0.10904,0.10336,0.10636,488350832,1076558712.400003,0.13483759999999997,0.11879420000000002,0.11801761904761901
1723593600,0.10637,0.10694,0.10136,0.1024,525436131,1056993435.1500031,0.134927,0.11838040000000001,0.11612857142857139
1723680000,0.1024,0.10495,0.09789,0.10021,610036012,1054434950.2500031,0.13496604999999998,0.11800040000000003,0.11470714285714283
1723766400,0.10021,0.10207,0.09745,0.10035,557705388,1015865441.700003,0.13507615,0.11753720000000001,0.11356666666666662
1723852800,0.10034,0.10372,0.10001,0.10275,244243848,993627138.9000031,0.1351926,0.11725100000000001,0.11234999999999994
1723939200,0.10275,0.10446,0.1,0.10004,350840535,972929846.850003,0.13532745000000002,0.1169978,0.1111571428571428
1724025600,0.10005,0.10193,0.09857,0.10133,461658956,969203058.9000031,0.13543519999999998,0.1165228,0.10954571428571423
1724112000,0.10132,0.10581,0.10107,0.10289,800320196,983030231.450003,0.13558499999999998,0.1160718,0.10817952380952375
1724198400,0.10289,0.10797,0.10212,0.10615,525554349,962833082.550003,0.13571755,0.11553659999999999,0.10675095238095231
1724284800,0.10615,0.10689,0.104,0.10525,380546631,940389593.950003,0.13582885,0.11513039999999998,0.10546047619047612
1724371200,0.10526,0.11546,0.10522,0.11293,1135703108,946721116.450003,0.1359358,0.1146932,0.10438333333333327
1724457600,0.11292,0.115,0.11074,0.11258,956116504,944026358.2500031,0.1360308,0.11423019999999999,0.10363238095238089
1724544000,0.11258,0.11287,0.10778,0.10959,568249607,672271989.7500031,0.13614595,0.11381759999999998,0.10297809523809519
1724630400,0.1096,0.11032,0.10442,0.1052,554048723,636877082.200003,0.1362524,0.11343459999999998,0.10304428571428567
1724716800,0.1052,0.10653,0.09633,0.09891,703657118,612118467.6500031,0.1363622,0.11316979999999999,0.10325714285714283
1724803200,0.0989,0.1019,0.09682,0.09964,749119048,601140647.2500031,0.13648025,0.11332799999999998,0.10353523809523806
1724889600,0.09965,0.10259,0.09827,0.10037,415351459,594791004.5000031,0.1366173,0.1134702,0.10405142857142856
1724976000,0.10037,0.10315,0.09697,0.10177,628171409,613317984.450003,0.136752,0.1133934,0.10416857142857142
1725062400,0.10177,0.10239,0.10035,0.10128,261630981,587927344.0000031,0.1369249,0.11341439999999998,0.10436190476190475
1725148800,0.10128,0.10153,0.09388,0.09509,440544625,567864273.0000031,0.13709534999999998,0.113241,0.10402333333333333
1725235200,0.09508,0.09992,0.09409,0.09912,456484773,566270970.050003,0.13724265,0.11308259999999999,0.1039238095238095
1725321600,0.09912,0.10081,0.09639,0.09677,353919096,557695118.300003,0.1373693,0.11292999999999997,0.10373809523809523
1725408000,0.09678,0.09951,0.09184,0.098,657720121,560079323.7500031,0.1374561,0.11283259999999996,0.10347619047619046
1725494400,0.09799,0.09917,0.096,0.09842,407742111,552581159.9000031,0.13754719999999998,0.11270439999999997,0.10305761904761901
1725580800,0.09842,0.09944,0.08893,0.09254,1019311885,591334561.7500031,0.13764289999999998,0.11235999999999999,0.10260095238095236
1725667200,0.09255,0.0957,0.09175,0.09539,436400943,595612582.1500031,0.1377406,0.11203539999999998,0.10239142857142855
1725753600,0.0954,0.09699,0.09383,0.09616,376614257,591360347.200003,0.13784174999999999,0.1114728,0.10230619047619045
1725840000,0.09616,0.10495,0.09571,0.10376,896750540,596181864.4000031,0.1378897,0.1109372,0.10193428571428569
1725926400,0.10375,0.1046,0.10153,0.1028,451668592,592487576.550003,0.1379589,0.11046999999999998,0.10158380952380949
1726012800,0.10279,0.10305,0.09785,0.10131,496147874,598267638.700003,0.13801319999999997,0.10992959999999999,0.10139904761904758
1726099200,0.10132,0.10334,0.10044,0.10269,469727509,564968858.7500031,0.1380854,0.10932879999999999,0.1015147619047619
1726185600,0.10269,0.10857,0.10179,0.10696,885331769,561429622.0000031,0.13815165,0.10856719999999999,0.10151047619047618
1726272000,0.10695,0.1077,0.1043,0.1054,588837803,562459031.800003,0.13816725,0.10783719999999997,0.10127999999999997
1726358400,0.1054,0.10642,0.10212,0.10281,454265265,557469858.9000031,0.13821345,0.10713799999999997,0.10115809523809521
1726444800,0.1028,0.10324,0.09834,0.09964,543744800,549474243.0000031,0.1382714,0.10655799999999997,0.10087380952380952
1726531200,0.09965,0.10266,0.0987,0.10112,488721301,536454355.6500031,0.13836969999999998,0.10605279999999999,0.10053190476190477
1726617600,0.10111,0.10388,0.09932,0.10385,549809619,543177263.6500031,0.13846115,0.10568680000000001,0.10020904761904761
1726704000,0.10384,0.10713,0.10343,0.10499,676116886,545574537.5000031,0.13853695,0.105111,0.09994428571428571
1726790400,0.10498,0.10749,0.1036,0.10555,633811834,564183580.1500031,0.1386198,0.10453839999999999,0.10004952380952382
1726876800,0.10555,0.11049,0.10404,0.10993,543908991,569351798.450003,0.13870844999999998,0.10393039999999999,0.10025000000000002
1726963200,0.10994,0.10998,0.10378,0.10633,432001443,568127631.950003,0.13874755,0.1033842,0.10046999999999999
1727049600,0.10632,0.10919,0.1041,0.10807,646437650,582753559.6500031,0.13868234999999998,0.10295099999999997,0.10065000000000002
1727136000,0.10807,0.11066,0.10676,0.10979,747792653,587257186.2500031,0.13859395,0.10261239999999998,0.10106190476190477
1727222400,0.10977,0.11115,0.10801,0.10849,722241605,602982160.950003,0.13840285,0.10234359999999999,0.10159714285714286
1727308800,0.10851,0.1207,0.10698,0.11818,1639288337,633980983.550003,0.1382123,0.1023114,0.10202333333333335
1727395200,0.11817,0.12873,0.11698,0.12351,1623183646,693320118.700003,0.13796989999999998,0.1022758,0.10264333333333335
1727481600,0.12352,0.1321,0.1201,0.12806,1709881942,759983502.950003,0.13758784999999998,0.1023622,0.10314285714285717
1727568000,0.12807,0.13044,0.12435,0.12438,919118406,761101896.2500031,0.1373723,0.1026708,0.10408380952380955
1727654400,0.12438,0.12466,0.11325,0.11421,1091853755,793111154.4000031,0.13711475,0.10291159999999999,0.10555857142857146
1727740800,0.11421,0.11935,0.1026,0.10685,1779737388,857290630.100003,0.1368669,0.10336360000000001,0.10711428571428572
1727827200,0.10686,0.10951,0.10223,0.10462,1041484705,885878489.9000031,0.136593,0.10368420000000002,0.10845809523809524
1727913600,0.10462,0.1068,0.10108,0.10507,990157071,891119755.0000031,0.13624170000000002,0.10416820000000002,0.1089557142857143
1728000000,0.10506,0.11059,0.10475,0.10924,814968617,902426295.700003,0.13598275,0.10455220000000001,0.10914857142857144
1728086400,0.10924,0.11025,0.10747,0.1094,398463760,899636220.450003,0.13569029999999999,0.10482459999999999,0.10930619047619047
1728172800,0.10941,0.11291,0.10839,0.11159,470748830,895986421.950003,0.1354898,0.1048034,0.10941952380952381
1728259200,0.11159,0.11547,0.10823,0.10841,1181346500,930617681.9000031,0.13526685,0.1047686,0.10952809523809523
1728345600,0.10841,0.10986,0.10523,0.10709,680791688,937166785.350003,0.13495195,0.10482200000000001,0.10971857142857144
1728432000,0.10709,0.11153,0.10608,0.10794,791794301,942950656.100003,0.13466835,0.1050026,0.11013666666666667
1728518400,0.10795,0.10865,0.10311,0.10603,713401352,946930132.0000031,0.13447879999999998,0.10518360000000002,0.11055428571428572
1728604800,0.10603,0.11144,0.10566,0.11077,595969049,949533134.9000031,0.13423274999999998,0.10536040000000002,0.11083857142857145
1728691200,0.11077,0.11219,0.10933,0.11138,415506248,948708375.1500031,0.1340613,0.10552780000000002,0.11103333333333334
1728777600,0.11138,0.11211,0.10864,0.1114,478777808,940325383.050003,0.13396424999999998,0.10564300000000003,0.11108285714285715
1728864000,0.1114,0.11771,0.10931,0.11669,1252447368,965558118.800003,0.13376175,0.10574400000000005,0.11133142857142858
1728950400,0.11669,0.11932,0.11016,0.11748,1635590225,1011225549.800003,0.13352694999999998,0.10574160000000003,0.11140047619047622
1729036800,0.11748,0.12999,0.1158,0.12573,3073408118,1082931538.850003,0.1332978,0.10585200000000002,0.11164190476190478
1729123200,0.12574,0.131,0.12048,0.12967,1921830268,1097863869.9500031,0.13302799999999998,0.10582100000000003,0.11205238095238097
1729209600,0.12967,0.14083,0.12952,0.13716,2574606384,1141100092.050003,0.13267559999999998,0.10579740000000001,0.11241857142857145
1729296000,0.13718,0.147,0.13702,0.14407,2065754362,1198431889.850003,0.13235314999999997,0.1059394,0.11323952380952385
1729382400,0.14408,0.14573,0.13721,0.14214,1498968992,1218787651.7000031,0.13199854999999996,0.10618500000000002,0.11378666666666672
1729468800,0.14214,0.14975,0.13816,0.14367,2235756592,1241588611.900003,0.13160319999999998,0.10672140000000001,0.11443666666666671
1729555200,0.14364,0.14849,0.1365,0.1397,1689968224,1274012787.850003,0.13108659999999997,0.107322,0.11519904761904766
1729641600,0.1397,0.14101,0.13312,0.13997,1447606402,1296885254.400003,0.13060899999999998,0.10805780000000001,0.11604476190476194
1729728000,0.13998,0.14384,0.1363,0.14188,1212204102,1316747028.650003,0.13024204999999997,0.10890380000000001,0.11744761904761908
1729814400,0.14189,0.14277,0.12779,0.13161,1516604558,1372654068.550003,0.12979039999999997,0.109721,0.11901190476190478
1729900800,0.13161,0.13822,0.13071,0.13747,766435162,1387438385.150003,0.12945104999999996,0.1106926,0.12069523809523812
1729987200,0.13747,0.14631,0.13607,0.14426,1098602934,1383301206.850003,0.12925899999999996,0.1115042,0.12244809523809527
1730073600,0.14427,0.16261,0.14115,0.16146,3223861267,1510454685.800003,0.12909359999999995,0.1123682,0.12351333333333336
1730160000,0.16145,0.1798,0.16054,0.17586,3867989341,1664264437.800003,0.12891204999999994,0.11324580000000001,0.12485000000000002
1730246400,0.17586,0.17789,0.16447,0.16828,2167415553,1736965147.850003,0.12872454999999994,0.11390960000000001,0.12640571428571432
1730332800,0.16828,0.17364,0.15646,0.16164,2005209273,1807427159.050003,0.12849554999999996,0.11480820000000001,0.12893190476190478
1730419200,0.16164,0.169,0.15415,0.15916,2339768574,1903640275.350003,0.12821059999999995,0.11578560000000002,0.1322066666666667
1730505600,0.15917,0.16372,0.15546,0.15955,1264695204,1942936145.150003,0.12785564999999996,0.1170916,0.13508000000000003
1730592000,0.15955,0.15993,0.14219,0.15139,2202139186,1990420736.050003,0.12759739999999994,0.11853360000000002,0.13772809523809526
1730678400,0.15139,0.16034,0.14817,0.15822,2550505871,2036166518.350003,0.12732014999999997,0.11984320000000002,0.14003238095238096
1730764800,0.15822,0.17956,0.15796,0.16999,3885888575,2076790541.2000031,0.12715844999999995,0.12104980000000001,0.1423261904761905
1730851200,0.16999,0.21936,0.16901,0.19646,10672110565,2514304556.050003,0.12716759999999996,0.12217920000000002,0.14423047619047621
1730937600,0.19646,0.20435,0.18535,0.19324,3704240102,2570786241.950003,0.12724629999999995,0.12323100000000001,0.14620809523809528
1731024000,0.19325,0.20699,0.19052,0.20197,3233648867,2629180967.200003,0.12724389999999994,0.12415080000000002,0.14870857142857147
1731110400,0.20197,0.22,0.19737,0.2189,3534294056,2730947220.400003,0.12723354999999992,0.125259,0.15207666666666672
1731196800,0.21891,0.29784,0.21659,0.27778,10387872726,3138553027.1000032,0.12725129999999993,0.12666600000000003,0.15510380952380956
1731283200,0.27781,0.3515,0.27244,0.35136,11217134512.100002,3614911341.5050035,0.12727044999999992,0.12857280000000004,0.15819000000000005
1731369600,0.35135,0.43858,0.327,0.37985,17192779834.8,4402170013.145003,0.12730049999999993,0.13036060000000005,0.16175333333333336
1731456000,0.37995,0.4341,0.35121,0.39903,12474507223,4965285169.1950035,0.12736879999999992,0.13230020000000003,0.168212380952381
1731542400,0.39899,0.41672,0.35229,0.36254,6885684747,5233739178.645003,0.12753809999999993,0.13456720000000005,0.17810238095238098
1731628800,0.36258,0.385,0.35261,0.3815,6002216840,5495528262.545004,0.12771304999999994,0.13792420000000002,0.18953809523809528
1731715200,0.3815,0.39148,0.35982,0.36421,3538931801,5617544705.895003,0.12791689999999994,0.14282480000000003,0.20187428571428573
1731801600,0.36421,0.3758,0.34,0.36704,3780910238,5645397154.4450035,0.12821244999999995,0.14826040000000004,0.2123819047619048
1731888000,0.36704,0.3808,0.3574,0.37113,4010630836,5652529229.1950035,0.12884439999999994,0.15404520000000005,0.22428142857142866
1731974400,0.37113,0.42,0.36601,0.39067,6174029423,5852859922.6950035,0.12984484999999993,0.15912620000000005,0.23507857142857147
1732060800,0.39067,0.39668,0.36464,0.37778,3737616522,5939480285.145003,0.13100409999999996,0.16439260000000006,0.2456871428571429
1732147200,0.37778,0.39564,0.36883,0.38664,3942916685,6019637690.6950035,0.13226044999999995,0.16920660000000004,0.25567142857142866
1732233600,0.38664,0.42043,0.3808,0.41277,6068746988,6259840279.895003,0.13333964999999995,0.17398620000000004,0.26590047619047624
1732320000,0.41277,0.48,0.40404,0.43015,8608702376.3,6580168439.410004,0.13453004999999993,0.17892120000000006,0.2758766666666667
1732406400,0.43016,0.4536,0.39811,0.43023,4932729870,6699279639.360003,0.13568414999999992,0.18445040000000007,0.28659095238095245
1732492800,0.43026,0.4377,0.38085,0.39264,4149065549,6712438488.060003,0.13686829999999994,0.18986900000000007,0.29866761904761907
1732579200,0.39263,0.4088,0.365,0.38705,3934214992,6375543709.410004,0.13806449999999995,0.19550940000000006,0.3115533333333334
1732665600,0.38705,0.40777,0.38025,0.40093,2930851837,6336874296.160004,0.13928764999999993,0.20166340000000005,0.3248314285714286
1732752000,0.40093,0.42877,0.39111,0.4016,2624936834,6306438694.510004,0.14037594999999994,0.20808160000000003,0.33599428571428575
1732838400,0.4016,0.43744,0.39945,0.42636,3088512232,6284149603.310003,0.14150424999999994,0.21449820000000006,0.34633047619047624
1732924800,0.42635,0.43569,0.41378,0.4216,2293217212,5879416827.610003,0.14278569999999993,0.22011920000000007,0.3560671428571429
1733011200,0.4216,0.44977,0.41622,0.44045,3414080563,5489264130.155004,0.1441864999999999,0.22569200000000006,0.3659890476190477
1733097600,0.44045,0.46357,0.4003,0.42457,5661242625,4912687269.665003,0.14562144999999993,0.23156880000000007,0.3766742857142858
1733184000,0.42457,0.42966,0.388,0.40632,4297871410,4503855479.015003,0.14682364999999994,0.23744200000000007,0.3863266666666667
1733270400,0.40632,0.43656,0.4,0.43274,3719414028,4345541943.065003,0.14803944999999993,0.24384860000000008,0.3940728571428572
1733356800,0.43274,0.4655,0.40675,0.42682,6428185957,4366840398.915003,0.14932879999999993,0.2500652000000001,0.3975590476190477
1733443200,0.42683,0.44147,0.41976,0.43467,2736325757,4326710096.715003,0.15063064999999992,0.25664660000000006,0.39881952380952385
1733529600,0.43468,0.46625,0.43057,0.45281,3482207276,4311774948.615004,0.15201924999999994,0.2629100000000001,0.4004247619047619
1733616000,0.45283,0.48434,0.446,0.46635,3415660534.4,4282026433.5350027,0.15339964999999992,0.26870260000000007,0.4034857142857143
1733702400,0.46635,0.46739,0.38,0.41403,5584093802,4252529652.485003,0.15482519999999994,0.2750078000000001,0.4060176190476191
1733788800,0.41403,0.42302,0.36537,0.39392,5317180501,4331507851.435003,0.15619944999999993,0.2810296000000001,0.41023666666666675
1733875200,0.39391,0.41909,0.3751,0.41402,2982323311,4283478182.735003,0.15745329999999993,0.2871296000000001,0.4149657142857144
1733961600,0.41402,0.42495,0.40116,0.40611,2544752744,4107278470.5350027,0.15885189999999993,0.2934426000000001,0.4170085714285715
1734048000,0.40611,0.41228,0.39906,0.40901,1560217848,3754854244.1200027,0.16024059999999993,0.29988820000000005,0.4171633333333334
1734134400,0.40901,0.414,0.38734,0.39828,1406442149,3578539858.0700026,0.16158529999999993,0.3053260000000001,0.41888904761904766
1734220800,0.39827,0.41131,0.3924,0.40659,1093200858,3425746623.520003,0.16299814999999993,0.3103310000000001,0.4198161904761906
1734307200,0.40659,0.415,0.39239,0.40195,1637008922,3310886320.020003,0.1644984999999999,0.3158174000000001,0.41963714285714293
1734393600,0.40195,0.41032,0.39104,0.39415,1486814080,3238684432.170003,0.16576999999999992,0.3211402000000001,0.4181195238095239
1734480000,0.39415,0.39639,0.35105,0.35824,2778577477,3246366464.3200026,0.1669202999999999,0.3264828000000001,0.4169938095238096
1734566400,0.35825,0.36734,0.30001,0.31431,5544908636,3369186284.520003,0.1681202999999999,0.3318162000000001,0.41743714285714295
1734652800,0.31431,0.32907,0.26216,0.31793,6899043983,3599477623.0700026,0.16931979999999988,0.3371986,0.41777523809523814
1734739200,0.31792,0.35,0.31395,0.32042,3747409658,3616144077.8200026,0.17051944999999993,0.34235240000000006,0.41574238095238103
1734825600,0.32042,0.3246,0.3051,0.31262,2191716587,3442667775.920003,0.1716859999999999,0.3470062000000001,0.4115857142857144
1734912000,0.31263,0.32882,0.3028,0.32497,2130359688,3334292189.8200026,0.1728996499999999,0.35065380000000007,0.40642238095238103
1734998400,0.32497,0.34053,0.3162,0.3371,1468454936,3221744235.2200027,0.1741120999999999,0.35357440000000007,0.4016042857142858
1735084800,0.3371,0.34221,0.32549,0.33433,1176142542,2959142064.4700027,0.17528794999999991,0.3567002000000001,0.395517142857143
1735171200,0.33434,0.338,0.30837,0.31274,1143051080,2879478330.6200027,0.17627759999999992,0.35992540000000006,0.3907742857142858
1735257600,0.31274,0.32488,0.30873,0.31186,1010676000,2755901766.8200026,0.1770636499999999,0.36298680000000005,0.38747809523809534
1735344000,0.31187,0.32758,0.31133,0.32439,626267458,2616432113.000003,0.1778615499999999,0.3664584000000001,0.3827919047619049
1735430400,0.32439,0.3297,0.31192,0.31435,838842516,2379169548.7000027,0.17865684999999992,0.37003600000000003,0.3773595238095239
1735516800,0.31435,0.32326,0.30666,0.31396,1242292430,2175425145.1500025,0.17940364999999991,0.37332280000000007,0.3715114285714287
1735603200,0.31396,0.3291,0.3093,0.316,1024184412,2077518200.2000027,0.1802276999999999,0.37564840000000005,0.3653961904761906
1735689600,0.316,0.32749,0.31195,0.32513,705437154,1985552420.7000027,0.18117219999999992,0.37802080000000005,0.35815809523809544
1735776000,0.32513,0.345,0.3246,0.33893,1564674333,1985775244.9500027,0.1821144499999999,0.38046920000000006,0.35339285714285734
1735862400,0.33894,0.38944,0.33599,0.37989,2152130037,2023059639.3500028,0.18294419999999992,0.38237820000000006,0.34968238095238113
1735948800,0.37989,0.39876,0.37642,0.39483,1857777267,2061288459.8000026,0.1837795999999999,0.38310180000000005,0.34544952380952404
1736035200,0.39482,0.39788,0.37516,0.3823,1058790866,2032377557.0000026,0.1847112499999999,0.38239460000000003,0.34225047619047644
1736121600,0.38231,0.39555,0.376,0.38782,1121833276,2014128516.8000026,0.1855519499999999,0.38130020000000003,0.34086380952380974
1736208000,0.38782,0.39831,0.34713,0.348,2539411771,2002170231.5000026,0.1864162499999999,0.38009820000000005,0.34069952380952406
1736294400,0.348,0.35558,0.32444,0.3423,2126726199,1831261109.6500027,0.1873212999999999,0.3804452,0.33954285714285737
1736380800,0.3423,0.34686,0.3143,0.321,1860743903,1579346105.6500027,0.18826309999999993,0.3807118,0.3388700000000002
1736467200,0.32099,0.33983,0.32091,0.33388,1488638174,1466407531.4500027,0.18927209999999992,0.3810736,0.33667238095238117
1736553600,0.33388,0.34817,0.32956,0.3412,604720851,1387057744.6500027,0.1905275999999999,0.38148920000000003,0.3359133333333335
1736640000,0.3412,0.34355,0.33168,0.33591,648565559,1312968038.2000027,0.1918904999999999,0.3810266,0.3362319047619049
1736726400,0.33591,0.34628,0.30969,0.33807,1782621475,1328676365.1500027,0.1931896499999999,0.38005920000000004,0.33699142857142866
1736812800,0.33808,0.3622,0.33585,0.35591,1629282050,1351333340.5500026,0.1945059999999999,0.3789236,0.33798095238095244
1736899200,0.35591,0.38777,0.3483,0.38537,2004221988,1394391885.9500027,0.19562509999999989,0.3778684,0.3390900000000001
1736985600,0.38537,0.39021,0.36761,0.37649,1998516270,1443783899.4500027,0.19671784999999992,0.376437,0.33971380952380964
1737072000,0.37649,0.42215,0.37549,0.41525,2738492069,1549395130.0000026,0.19771174999999994,0.37455219999999995,0.3406095238095239
1737158400,0.41525,0.43408,0.38355,0.39641,3421181167,1678512062.5500026,0.1987860499999999,0.37270900000000007,0.34304000000000007
1737244800,0.39641,0.40998,0.34684,0.3584,4843917387,1858593310.4000027,0.1998612999999999,0.3719744,0.3460757142857144
1737331200,0.35839,0.38663,0.34486,0.35456,4008416908,2007804935.2000027,0.2009270499999999,0.3719408,0.3509990476190477
1737417600,0.35456,0.40382,0.33572,0.37177,4627964135,2203931284.250003,0.2019818499999999,0.371452,0.35442857142857154
1737504000,0.37178,0.3738,0.35506,0.36291,1430956457,2197245390.4500027,0.2031460999999999,0.37172499999999997,0.35652619047619055
1737590400,0.36291,0.36457,0.34143,0.35206,1388750799,2159076428.5500026,0.2044634499999999,0.371126,0.3584595238095239
1737676800,0.35207,0.36471,0.34278,0.35085,908457597,2111610445.0500026,0.2057234999999999,0.369862,0.3611152380952382
1737763200,0.35086,0.36165,0.34543,0.35352,696981516,2093519977.5500026,0.2071821499999999,0.36814420000000003,0.36291428571428574
1737849600,0.35351,0.35743,0.335,0.33605,543676770,2064612152.2500026,0.2085376999999999,0.36708820000000003,0.3635395238095239
1737936000,0.33604,0.33714,0.3051,0.33397,2468006517,2061041889.5500026,0.2097372499999999,0.36622,0.36215666666666674
1738022400,0.33398,0.33914,0.315,0.31871,935060400,2001458599.6000028,0.2109849499999999,0.3646064,0.36018952380952396
1738108800,0.31872,0.33488,0.3167,0.32404,927314997,1954787154.3000026,0.2123164499999999,0.363087,0.35798714285714295
1738195200,0.32405,0.33881,0.32201,0.33153,612408768,1910975684.0000026,0.2135638499999999,0.361464,0.35542285714285726
1738281600,0.33154,0.34177,0.32346,0.3289,840256101,1922752446.5000026,0.21480339999999992,0.3591288,0.3540280952380953
1738368000,0.3289,0.33227,0.30328,0.30792,904981799,1935573258.5000026,0.2160197499999999,0.3564812,0.3531585714285715
1738454400,0.30793,0.31487,0.25001,0.26808,3690220690,2030953219.2500026,0.2172495499999999,0.35457479999999997,0.3536600000000001
1738540800,0.26809,0.29295,0.20178,0.28485,7185937771,2308786005.3000026,0.21838979999999988,0.3531772,0.3534228571428572
1738627200,0.28484,0.289,0.25525,0.26345,2848033074,2350976559.600003,0.2195264499999999,0.3515274,0.35183809523809534
1738713600,0.26346,0.26914,0.25333,0.25619,965551362,2299328314.2000027,0.22058154999999988,0.3499832,0.34860809523809533
1738800000,0.25617,0.26596,0.24274,0.24789,1180387671,2221423094.3000026,0.2216401999999999,0.34796140000000003,0.3460738095238096
1738886400,0.24788,0.26178,0.23866,0.24651,1308847334,2115806402.6500027,0.2227210999999999,0.34535740000000004,0.34167095238095246
1738972800,0.24652,0.25417,0.24447,0.25288,619823663,1904601716.4500027,0.22374109999999992,0.3429226000000001,0.3355195238095239
1739059200,0.25287,0.26,0.23975,0.2489,814554626,1744908602.3500028,0.2246567999999999,0.3401526,0.32939571428571435
1739145600,0.2489,0.25647,0.24158,0.25542,766688250,1551844808.1000028,0.2253882999999999,0.33739340000000007,0.32136047619047625
1739232000,0.25541,0.27034,0.24839,0.25305,1078655896,1534229780.0500026,0.2262147499999999,0.33518640000000005,0.3145257142857143
1739318400,0.25305,0.26734,0.24661,0.26418,1235432211,1526563850.6500027,0.2269048499999999,0.3338304,0.3093114285714286
1739404800,0.26419,0.26718,0.25333,0.26245,899065089,1526094225.2500026,0.2275145999999999,0.33252940000000003,0.30459047619047624
1739491200,0.26245,0.28676,0.26078,0.2718,1492854024,1565887850.6500027,0.22805274999999992,0.3310990000000001,0.2989371428571429
1739577600,0.2718,0.28328,0.26823,0.27174,960758429,1586741933.6000028,0.22859649999999992,0.32995500000000005,0.2942357142857143
1739664000,0.27174,0.2742,0.26346,0.26555,509986721,1488840943.8000026,0.2292093499999999,0.3285166000000001,0.28996857142857146
1739750400,0.26555,0.26885,0.25369,0.25819,800682158,1482122031.7000027,0.2298140999999999,0.3270582000000001,0.2862042857142858
1739836800,0.25819,0.25987,0.24214,0.25137,904147379,1480963650.8000026,0.23046489999999983,0.3256206000000001,0.28231000000000006
1739923200,0.25137,0.2555,0.2489,0.2548,540323612,1477359393.0000026,0.23105919999999983,0.32480180000000014,0.27895285714285717
1740009600,0.2548,0.25758,0.24988,0.25474,679347075,1469313941.7000027,0.23172289999999982,0.32399940000000016,0.27534428571428576
1740096000,0.25473,0.26134,0.23439,0.23966,1257218843,1486925793.9000027,0.23238494999999987,0.3228226000000001,0.2721376190476191
1740182400,0.23966,0.2478,0.23806,0.24656,493482343,1327088876.5500026,0.23310179999999986,0.32169940000000014,0.26884047619047624
1740268800,0.24657,0.24758,0.2404,0.24285,377565511,986670263.5500027,0.23383294999999982,0.3204476000000001,0.2651838095238096
1740355200,0.24285,0.24397,0.206,0.21043,1789959320,933766575.8500026,0.23455109999999985,0.3192236000000001,0.2609342857142858
1740441600,0.21044,0.21465,0.19557,0.21158,2713765035,1021177259.5000026,0.23524709999999982,0.3178158000000001,0.25801238095238105
1740528000,0.21158,0.21409,0.1961,0.20355,1645652604,1044440506.1500027,0.23594624999999983,0.3158304000000001,0.2568109523809524
1740614400,0.20355,0.21159,0.20101,0.20687,905293602,1024262819.5500027,0.23667969999999983,0.3131638000000001,0.2532671428571429
1740700800,0.20688,0.20727,0.18154,0.20184,2176234758,1102083374.3000026,0.23743464999999983,0.31012420000000007,0.25079714285714294
1740787200,0.20184,0.209,0.19934,0.20673,741434272,1098427356.6000028,0.23816114999999982,0.30668680000000004,0.24829047619047628
1740873600,0.20673,0.24218,0.20169,0.23931,2584480057,1189316946.9500027,0.2389116999999998,0.30316200000000004,0.24633714285714298
1740960000,0.2393,0.24062,0.19328,0.19913,2207270171,1245747660.7000027,0.23964804999999983,0.300273,0.24421000000000012
1741046400,0.19914,0.20232,0.18279,0.19905,1930511197,1280501610.0000026,0.24016279999999984,0.2975644,0.24201238095238103
1741132800,0.19905,0.20664,0.1961,0.20471,1025047570,1286800734.0500026,0.24070139999999982,0.2951812,0.2415557142857144
1741219200,0.20471,0.22,0.19901,0.20153,1332609712,1278788518.4500027,0.24119324999999983,0.2926382,0.23887523809523817
1741305600,0.20152,0.2087,0.1902,0.19844,1260515564,1293776375.2000027,0.24172464999999982,0.29060040000000004,0.23630380952380958
1741392000,0.19843,0.20086,0.19109,0.19234,525825118,1294568295.0500026,0.2421942999999998,0.28786480000000003,0.23347190476190482
1741478400,0.19234,0.19423,0.16534,0.16809,1725095342,1340788954.2500026,0.2426961499999998,0.2850844,0.23057095238095243
1741564800,0.1681,0.18095,0.1504,0.15408,2079541710,1399558670.8000026,0.2433806999999998,0.28206040000000004,0.22707761904761914
1741651200,0.15409,0.16862,0.1428,0.16454,2330429547,1489063967.5500026,0.2438752999999998,0.27838360000000006,0.22329666666666675
1741737600,0.16453,0.17418,0.15954,0.17244,1301915088,1520192368.2000027,0.2443687999999998,0.2748226000000001,0.2186557142857144
1741824000,0.17244,0.17296,0.16172,0.16523,1183113846,1516487118.3500028,0.2448785999999998,0.27036440000000006,0.21369809523809533
1741910400,0.16523,0.17626,0.16462,0.17194,662459642,1524935983.3000026,0.24538604999999983,0.26579800000000003,0.2095633333333334
1741996800,0.17194,0.17786,0.17121,0.17594,510568333,1531586124.4000027,0.24587159999999983,0.2617116000000001,0.20564142857142867
1742083200,0.17593,0.17685,0.1657,0.16817,713266750,1477751495.9000027,0.24631884999999984,0.25791120000000006,0.20137904761904774
1742169600,0.16818,0.17622,0.16801,0.17332,802099247,1382168206.5000026,0.24662854999999984,0.25392460000000006,0.1981542857142858
1742256000,0.17333,0.17349,0.16275,0.16802,825836400,1341177396.3000026,0.2468726999999998,0.24997100000000005,0.19479142857142867
1742342400,0.16803,0.1788,0.16678,0.17799,913703807,1341597906.5500026,0.24713074999999982,0.2463686000000001,0.1912352380952382
1742428800,0.178,0.17919,0.16661,0.16949,657314712,1265651904.2500026,0.24743004999999982,0.24287040000000007,0.18946809523809532
1742515200,0.16948,0.17158,0.16468,0.16727,465398702,1251850125.7500026,0.2477082499999998,0.23916340000000008,0.18739380952380963
1742601600,0.16727,0.16979,0.16658,0.16737,237045465,1134478396.1500027,0.24804194999999982,0.23590880000000009,0.1861766666666668
1742688000,0.16737,0.17261,0.16705,0.1726,381282237,1043178999.4500027,0.24842709999999982,0.23258980000000015,0.1843966666666668
1742774400,0.17261,0.18908,0.17068,0.183,1264505768,1009878728.0000026,0.24876974999999985,0.22977540000000013,0.1827504761904763
1742860800,0.18299,0.19362,0.18084,0.19062,1233894825,1020321090.7500026,0.24913449999999984,0.22668440000000015,0.18087619047619055
1742947200,0.19063,0.20585,0.18932,0.1949,1885520558,1047966633.0500027,0.24946574999999985,0.22339920000000013,0.1776995238095239
1743033600,0.1949,0.2006,0.18771,0.19046,903542797,1030117994.7000027,0.24984929999999983,0.22016860000000008,0.17693142857142866
1743120000,0.19047,0.1929,0.17721,0.18024,975276199,1052590548.7500026,0.2502212999999998,0.21746220000000008,0.17653000000000008
1743206400,0.18024,0.18273,0.16584,0.16957,857181238,1009194843.5500027,0.25056204999999987,0.21576060000000008,0.17606285714285722
1743292800,0.16958,0.17241,0.16443,0.16652,607090738,935572294.9500027,0.25091504999999986,0.21387600000000007,0.17553571428571435
1743379200,0.16653,0.16839,0.16005,0.16666,929917187,865546676.9500027,0.2512880499999999,0.21250500000000003,0.1746690476190477
1743465600,0.16666,0.17576,0.16601,0.17398,716923564,836297100.7500026,0.2517109499999998,0.21119040000000006,0.17358476190476196
1743552000,0.17399,0.18012,0.16194,0.16383,1414422439,847862530.4000027,0.2522013499999998,0.2098374,0.17351000000000005
1743638400,0.16383,0.16745,0.15536,0.16231,922293098,860854203.2000027,0.25269889999999984,0.20829860000000003,0.1741090476190477
1743724800,0.16232,0.17282,0.15998,0.17128,1132035281,891927550.6000026,0.25317039999999985,0.20657140000000004,0.17455857142857148
1743811200,0.17128,0.17169,0.16609,0.16898,353029433,873915684.7500026,0.2535527999999998,0.20492660000000004,0.1741485714285715
1743897600,0.16898,0.17004,0.14582,0.14927,1124972687,890059356.7500026,0.2538866499999999,0.20329780000000006,0.1740095238095239
1743984000,0.14927,0.15407,0.12986,0.14958,3431459634,1020340518.4500027,0.25421269999999985,0.20151340000000004,0.1739780952380953
1744070400,0.14958,0.15707,0.1411,0.14225,1470208676,1048165761.9000027,0.25453254999999986,0.19947600000000004,0.17364666666666673
1744156800,0.14225,0.16428,0.13651,0.16031,2200425502,1125321301.4000027,0.25486764999999983,0.1976526,0.17274666666666674
1744243200,0.1603,0.16047,0.14884,0.15357,1151531192,1159627925.9000027,0.2551597999999998,0.19559620000000003,0.17161619047619053
1744329600,0.15356,0.16246,0.15327,0.16004,744302757,1184990790.5000026,0.25545729999999983,0.19314680000000004,0.1703890476190477
1744416000,0.16003,0.16948,0.15772,0.16763,752366796,1203545018.4500027,0.2558154999999998,0.1908274,0.16954714285714295
1744502400,0.16764,0.16868,0.16101,0.1626,748287850,1177734122.5500026,0.25615479999999985,0.1885086,0.16878904761904773
1744588800,0.1626,0.16964,0.15731,0.15854,858750230,1158976892.8000026,0.25638189999999983,0.1866874,0.16844476190476199
1744675200,0.15854,0.16132,0.15305,0.15356,667877689,1098094749.3500028,0.25660484999999983,0.18466280000000002,0.16845714285714294
1744761600,0.15356,0.1574,0.15019,0.15471,719893202,1088912269.6000028,0.25678834999999983,0.1827688,0.16798095238095245
1744848000,0.15472,0.15946,0.15298,0.15588,426813393,1061489129.3000027,0.2570402499999998,0.18132820000000002,0.16681619047619053
1744934400,0.15589,0.15895,0.15357,0.15759,321695365,1034714835.6500027,0.2572764499999998,0.179649,0.16505142857142865
1745020800,0.15758,0.16091,0.15631,0.15735,321661103,1020443353.9000027,0.25753629999999983,0.1779628,0.16313761904761911
1745107200,0.15735,0.15959,0.15247,0.15526,453228413,996608915.2000027,0.2578254999999998,0.1768254,0.16149095238095243
1745193600,0.15527,0.16358,0.15501,0.15939,905017272,1006013600.6000026,0.25809604999999985,0.17568799999999998,0.16041238095238103
1745280000,0.15939,0.18,0.15721,0.17863,1468003087,1008692633.0000026,0.2582978499999998,0.1747346,0.15983047619047624
1745366400,0.17864,0.18545,0.17491,0.17864,1570151007,1041085528.4500027,0.2584480999999998,0.17374899999999996,0.15929428571428578
1745452800,0.17864,0.18329,0.16979,0.18254,1206412265,1044804377.6500027,0.2585813499999998,0.17285919999999996,0.1589480952380953
1745539200,0.18254,0.18626,0.17751,0.18159,1241346217,1089220216.8500028,0.25873884999999985,0.17182979999999998,0.15916952380952387
1745625600,0.18159,0.193,0.18015,0.18192,1134910916,1089717128.3000026,0.2589557499999998,0.17023139999999998,0.15987476190476194
1745712000,0.18193,0.1835,0.1765,0.17933,766716256,956479959.4000027,0.2592082499999998,0.16982139999999998,0.16083809523809528
1745798400,0.17932,0.18276,0.17377,0.17907,971304947,931534772.9500027,0.2594614499999998,0.16941319999999999,0.16132904761904765
1745884800,0.17908,0.18076,0.17242,0.17466,772423589,860134677.3000027,0.2597330499999998,0.1689698,0.16194523809523814
1745971200,0.17465,0.17665,0.16675,0.17224,784175476,841766891.5000026,0.2600799999999998,0.168571,0.16337666666666673
1746057600,0.17224,0.18339,0.17205,0.18065,779064123,843504959.8000027,0.26042619999999983,0.16824059999999996,0.16478095238095244
1746144000,0.18065,0.18447,0.17919,0.18151,638500248,837811632.4000027,0.26078094999999984,0.16798039999999997,0.16632428571428579
1746230400,0.18151,0.1822,0.17526,0.17564,468278461,823811162.9500027,0.2611468499999998,0.16819999999999996,0.16689238095238101
1746316800,0.17565,0.17744,0.1699,0.17049,487770520,805262177.4500027,0.26152099999999984,0.16861159999999997,0.1681819047619048
1746403200,0.17048,0.17465,0.16827,0.17062,487205270,796228556.5000026,0.26187794999999986,0.1687656,0.16920428571428575
1746489600,0.17062,0.1726,0.16426,0.17219,596670817,790067437.2500026,0.2622431499999998,0.1689298,0.16958571428571434
1746576000,0.1722,0.17445,0.16901,0.17202,528808392,795167187.2000027,0.2625625999999998,0.16925539999999997,0.1699614285714286
1746662400,0.17201,0.19842,0.17173,0.19817,1741876403,866176239.1000026,0.26286689999999985,0.1693294,0.1705366666666667
1746748800,0.19818,0.2145,0.19299,0.2053,2079031356,954044751.7500026,0.26321314999999984,0.16922039999999997,0.17142380952380956
1746835200,0.2053,0.25098,0.20336,0.25063,2356324644,1049199563.3000027,0.26353724999999983,0.1692694,0.17224809523809528
1746921600,0.25062,0.2597,0.22211,0.23181,2657615086,1136829454.0000026,0.2638280499999998,0.16924679999999998,0.1742619047619048
1747008000,0.23181,0.25341,0.22011,0.23101,3356354027,1231247001.0000026,0.26405184999999987,0.16932679999999997,0.1765338095238096
1747094400,0.23102,0.24309,0.21736,0.24078,1894212060,1247450053.6500027,0.26425659999999984,0.1697304,0.18097571428571432
1747180800,0.24078,0.24759,0.22813,0.23278,1349205954,1254589738.1000028,0.2644317499999998,0.17044659999999998,0.1846209523809524
1747267200,0.23279,0.23676,0.21374,0.21939,1613975945,1273221224.5000026,0.26457149999999985,0.1721138,0.1880314285714286
1747353600,0.2194,0.23095,0.21797,0.22111,991509008,1266051129.1000028,0.2648516499999998,0.17340260000000005,0.1909909523809524
1747440000,0.22111,0.22225,0.21074,0.21457,867614251,1271096028.8500028,0.26515979999999983,0.17457080000000003,0.19356904761904764
1747526400,0.21458,0.23779,0.21402,0.23304,1589243100,1301992936.5000026,0.2657144499999998,0.1757264,0.19532380952380957
1747612800,0.23309,0.23581,0.21388,0.22445,1467077135,1336725613.8000026,0.2661736499999999,0.17656960000000002,0.1972057142857143
1747699200,0.22446,0.2308,0.21768,0.22625,1188057201,1356919700.0500026,0.26661929999999984,0.1770594,0.1987604761904762
1747785600,0.22626,0.23813,0.22266,0.23404,1894442857,1412688636.7500026,0.26716514999999985,0.1776724,0.20131809523809524
1747872000,0.23404,0.24579,0.23383,0.24558,1616956272,1461611437.9500027,0.26764169999999987,0.17835900000000002,0.20347904761904767
1747958400,0.24559,0.25441,0.22304,0.22521,2250495384,1550722284.1000028,0.2680173499999999,0.17962840000000002,0.20593571428571433
1748044800,0.22521,0.23041,0.22355,0.22512,689220139,1560794765.0500026,0.2683155999999999,0.18078700000000006,0.20887857142857147
1748131200,0.22512,0.22645,0.21567,0.22491,909550724,1581912037.7500026,0.26850914999999986,0.18197880000000005,0.21197047619047624
1748217600,0.22491,0.23036,0.2225,0.22596,641865425,1584171768.1500027,0.2688329499999999,0.18318,0.21405142857142864
1748304000,0.22596,0.23216,0.21965,0.22598,805405021,1598001599.6000028,0.2691469999999999,0.18481500000000003,0.21640761904761913
1748390400,0.22599,0.22785,0.21678,0.22096,681513510,1544983454.9500027,0.2694824499999999,0.18607300000000002,0.21899904761904768
1748476800,0.22096,0.22798,0.21402,0.21487,903435947,1486203684.5000026,0.2698548999999999,0.1871498,0.22163428571428576
1748563200,0.21487,0.21648,0.19061,0.19357,1863217282,1461548316.4000027,0.27032584999999987,0.18826839999999997,0.22419571428571436
1748649600,0.19358,0.19551,0.18555,0.19251,1086259533,1382980538.7500026,0.27066079999999987,0.1898022,0.22652619047619055
1748736000,0.19251,0.19485,0.1864,0.19363,544186058,1242372140.3000026,0.2709364499999999,0.19133019999999998,0.22732142857142865
1748822400,0.19364,0.19642,0.18846,0.19507,602359395,1177779507.0500026,0.2710786999999999,0.19290439999999998,0.2267628571428572
1748908800,0.19507,0.20051,0.19141,0.19311,712519938,1145945206.2500026,0.2712422999999999,0.19399559999999996,0.2239952380952382
1748995200,0.19311,0.19705,0.18703,0.18812,462365003,1088364659.1500027,0.27136234999999986,0.19479559999999996,0.2221771428571429
1749081600,0.18811,0.19248,0.168,0.17105,1346305437,1106104480.6000028,0.2713726499999999,0.19544499999999995,0.22046571428571435
1749168000,0.17106,0.18446,0.16943,0.17878,1096946331,1117571084.6000028,0.27105809999999986,0.19596499999999994,0.21819571428571433
1749254400,0.17878,0.1887,0.17776,0.18511,579947806,1067106319.9000027,0.2702691499999999,0.19661439999999997,0.2160690476190477
1749340800,0.1851,0.18699,0.18046,0.18418,475018993,1017503412.8000027,0.2693324499999999,0.19730579999999998,0.2137671428571429
1749427200,0.18417,0.19612,0.18022,0.1949,861702676,1001185686.5500027,0.2683054499999999,0.19799699999999995,0.21175142857142865
1749513600,0.1949,0.19876,0.1888,0.1985,982365029,955581795.1500027,0.2674680999999999,0.19832379999999994,0.21034857142857152
1749600000,0.19851,0.20672,0.19125,0.19294,1122709648,930869463.9500027,0.26652614999999985,0.19878179999999998,0.20802190476190482
1749686400,0.19294,0.19368,0.18,0.1811,932640491,864976719.3000027,0.2656456999999999,0.1993322,0.206614761904762
1749772800,0.18111,0.18148,0.16987,0.1804,1429961655,902013795.1000026,0.26466574999999987,0.19986879999999999,0.2052933333333334
1749859200,0.18041,0.18044,0.17459,0.17824,541713685,883621943.1500027,0.2637039999999999,0.20066159999999997,0.20333619047619056
1749945600,0.17825,0.17871,0.17142,0.17553,569564407,880006892.2500026,0.2626761999999998,0.20144379999999998,0.20026571428571435
1750032000,0.17554,0.18115,0.17209,0.17272,899995493,884736415.8500026,0.26170819999999984,0.20173,0.19813190476190481
1750118400,0.17271,0.17612,0.16392,0.16936,902753834,895798432.0500027,0.26074949999999986,0.2017792,0.19589952380952388
1750204800,0.16936,0.17222,0.16405,0.17068,679592519,884606260.6500027,0.25967814999999983,0.20173639999999998,0.1935480952380953
1750291200,0.17069,0.17204,0.16773,0.17092,338033103,808347051.7000027,0.25849209999999984,0.2016694,0.1910128571428572
1750377600,0.17091,0.17197,0.15839,0.16234,952028188,801635484.4500027,0.25724644999999985,0.20154160000000002,0.18831666666666674
1750464000,0.16235,0.16436,0.15025,0.15448,693909616,809121662.3500026,0.25618524999999986,0.20140940000000002,0.18592238095238103
1750550400,0.15448,0.15769,0.1427,0.15129,1801536004,869080492.8000027,0.25514119999999985,0.2012152,0.18382952380952386
1750636800,0.15128,0.16525,0.14861,0.16376,1060150458,886462018.8000027,0.25401419999999986,0.20113560000000003,0.182342380952381
1750723200,0.16377,0.16767,0.16167,0.16571,889346979,907811117.6000026,0.25286979999999987,0.20110920000000004,0.18053142857142862
1750809600,0.16572,0.1677,0.16253,0.16459,678023426,874397017.0500027,0.25158479999999983,0.20074300000000003,0.17851523809523814
1750896000,0.16458,0.16809,0.15792,0.16001,764621210,857780761.0000026,0.25033019999999984,0.2002024,0.17702428571428575
1750982400,0.16002,0.16307,0.15704,0.16104,436840031,850625372.2500026,0.24898254999999986,0.19971540000000002,0.17571952380952385
1751068800,0.16105,0.165,0.1604,0.16363,289205475,841334696.3500026,0.24767139999999985,0.19958080000000003,0.17459904761904765
1751155200,0.16362,0.17006,0.16259,0.16944,417646869,819131906.0000026,0.24641219999999986,0.1994826,0.17407333333333336
1751241600,0.16945,0.16993,0.16222,0.16518,654158261,802721567.6000026,0.24500494999999986,0.19933060000000002,0.17322857142857145
1751328000,0.16518,0.16632,0.15674,0.15778,506350958,771903633.1000026,0.24368964999999984,0.19909039999999997,0.1722057142857143
1751414400,0.15779,0.17268,0.15655,0.16869,848237954,767683506.2500026,0.2423448499999999,0.1983478,0.17150380952380953
1751500800,0.16868,0.17542,0.1674,0.17201,1014473641,746909105.5500027,0.24090374999999986,0.19751439999999998,0.17008857142857142
1751587200,0.17201,0.17296,0.16128,0.16288,756939150,757670378.8000027,0.2393720499999999,0.1958906,0.16814952380952383
1751673600,0.16289,0.16507,0.1619,0.16421,292791372,743831727.0500027,0.2381070999999999,0.194558,0.16699476190476192
1751760000,0.16422,0.17524,0.16313,0.17196,879979321,742830918.4500027,0.23695564999999988,0.1930934,0.16656190476190477
1751846400,0.17196,0.17719,0.16569,0.16792,859968572,740691655.3500026,0.23573274999999988,0.1916516,0.16572761904761904
1751932800,0.16793,0.172,0.16589,0.17094,560967350,734760396.9000027,0.23452809999999985,0.1904362,0.1650595238095238
1752019200,0.17094,0.18661,0.16991,0.18053,1188196945,777268589.0000026,0.2332719499999999,0.18930600000000003,0.1648895238095238
1752105600,0.18053,0.19641,0.17874,0.19507,1146142109,786974285.0500027,0.23212399999999989,0.188168,0.16466095238095238
1752192000,0.19508,0.21366,0.19115,0.20103,2460231517,875290380.1000026,0.23095109999999988,0.1873158,0.16473619047619048
1752278400,0.20103,0.20654,0.1919,0.19742,940327860,832229972.9000027,0.22975574999999984,0.1860134,0.1652052380952381
1752364800,0.19741,0.20412,0.19576,0.19855,820805906,820262745.3000027,0.22860604999999987,0.18494320000000003,0.1663552380952381
1752451200,0.19855,0.21097,0.19464,0.19749,1622802447,856935518.7000027,0.22767464999999987,0.1840288,0.16819761904761904
1752537600,0.19748,0.19934,0.18842,0.19919,1313854511,888727072.9500027,0.22694269999999986,0.1832494,0.17024238095238095
1752624000,0.1992,0.22073,0.19553,0.2127,1785566132,939774319.0500027,0.22620774999999987,0.18235840000000003,0.17249285714285714
1752710400,0.21269,0.22236,0.2066,0.21826,2133077927,1024586213.8500026,0.22550829999999988,0.18180260000000004,0.1740990476190476
1752796800,0.21826,0.2542,0.21618,0.2358,4213195060,1220785693.1000028,0.22492054999999986,0.18127120000000002,0.17569333333333334
1752883200,0.2358,0.25777,0.23558,0.24143,2332570036,1316531851.4500027,0.22430084999999983,0.18072280000000002,0.1779842857142857
1752969600,0.24142,0.2783,0.23998,0.27375,3391965164,1453422196.6000028,0.22360244999999984,0.18018740000000005,0.18075809523809525
1753056000,0.27375,0.2875,0.26428,0.27142,3119210733,1584065185.3500028,0.22292354999999986,0.17992180000000005,0.18431809523809525
1753142400,0.27142,0.27492,0.25735,0.27093,2192290786,1651267826.9500027,0.2223472999999999,0.17986780000000002,0.18802285714285713
1753228800,0.27094,0.27108,0.2305,0.24083,2256299182,1713359104.0000026,0.22178394999999992,0.18028640000000007,0.19299
1753315200,0.24078,0.24665,0.22176,0.23218,2290016087,1790012950.8500028,0.2212254999999999,0.18124360000000006,0.19804904761904765
1753401600,0.23219,0.23697,0.22085,0.23673,1957938127,1873270288.6000028,0.22074504999999991,0.18286840000000004,0.20343714285714284
1753488000,0.23673,0.24029,0.23296,0.23543,733863730,1865964509.0500026,0.2203542499999999,0.18442420000000007,0.20687238095238095
1753574400,0.23544,0.24372,0.23432,0.24071,1038317435,1874881952.2000027,0.21998139999999988,0.18594140000000006,0.20973761904761906
1753660800,0.24071,0.24859,0.22426,0.22615,1620312126,1927849191.0000026,0.21972449999999988,0.18689580000000003,0.21325428571428573
1753747200,0.22616,0.23276,0.21744,0.22392,1192564427,1928067565.1000028,0.21938694999999991,0.18777700000000005,0.21664571428571427
1753833600,0.22392,0.22655,0.209,0.21999,1217881143,1931654516.8000026,0.2188421499999999,0.18909060000000008,0.21991952380952381
1753920000,0.21998,0.22566,0.20814,0.20974,843884315,1850837156.7000027,0.21807214999999988,0.19022360000000005,0.22269238095238095
1754006400,0.20975,0.2125,0.19583,0.20097,1936437804,1900642653.9000027,0.21732154999999992,0.1913356000000001,0.22521523809523808
1754092800,0.20098,0.20352,0.18944,0.19098,1340154059,1926610061.5500026,0.2165660999999999,0.1921750000000001,0.22709428571428572
1754179200,0.19098,0.20047,0.18845,0.19876,743628957,1882651387.0500026,0.21600324999999987,0.19275540000000008,0.22779285714285713
1754265600,0.19875,0.21127,0.1985,0.21039,1016575695,1867787446.2500026,0.21549529999999986,0.1931852000000001,0.22778999999999996
1754352000,0.21038,0.21106,0.19602,0.19981,844023791,1820710329.2000027,0.21502104999999985,0.19352120000000006,0.22748333333333332
1754438400,0.19982,0.20716,0.1956,0.20524,624926690,1745302767.3500028,0.2144712499999999,0.19391860000000008,0.22749333333333333
1754524800,0.20525,0.22304,0.20331,0.22228,1122885382,1590787283.4500027,0.2138651999999999,0.1941302000000001,0.22810761904761906
1754611200,0.22228,0.23254,0.21953,0.23039,1206447226,1534481142.9500027,0.2132343499999999,0.19454060000000012,0.22813714285714284
1754697600,0.23039,0.24676,0.22972,0.23995,1460081482,1437886958.8500028,0.21254884999999987,0.19523780000000013,0.22778190476190474
1754784000,0.23995,0.24348,0.22941,0.23385,1100909731,1336971908.7500026,0.2117241999999999,0.1957796000000001,0.2279733333333333
1754870400,0.23385,0.24179,0.22117,0.22207,1438550271,1299284883.0000026,0.21079114999999987,0.19649720000000012,0.22771571428571427
1754956800,0.22208,0.23835,0.21865,0.23582,1379181817,1255429014.7500026,0.20996064999999986,0.1975292000000001,0.2276452380952381
1755043200,0.23582,0.25058,0.23132,0.24482,2104113623,1246133891.5500026,0.20888344999999986,0.19871860000000013,0.22574523809523808
1755129600,0.24483,0.25574,0.21578,0.22382,3238378909,1310155930.6500027,0.20792759999999988,0.2002708000000001,0.22339523809523806
1755216000,0.22381,0.23299,0.22006,0.22886,1696292315,1358277359.9000027,0.20724699999999988,0.2018582000000001,0.22172333333333333
1755302400,0.22885,0.23622,0.22522,0.23115,1061437464,1359433361.3500028,0.20662614999999984,0.20327380000000012,0.22191333333333332
1755388800,0.23115,0.24259,0.22835,0.23456,1209978791,1338916694.6000028,0.20596704999999985,0.20471500000000012,0.22151523809523804
1755475200,0.23457,0.23553,0.21992,0.22262,1827107692,1370643857.8500028,0.2053217499999999,0.20629720000000012,0.2211404761904761
1755561600,0.22262,0.22567,0.20869,0.20943,1798094261,1399654513.7500026,0.20467179999999988,0.20748180000000016,0.22093666666666661
1755648000,0.20944,0.22287,0.20747,0.22169,2102107149,1462565655.4500027,0.2040966499999999,0.20885880000000015,0.22064380952380946
1755734400,0.22168,0.2245,0.21388,0.21473,983634414,1414925485.9500027,0.20355314999999988,0.21026100000000014,0.22047571428571422
1755820800,0.21473,0.24222,0.20828,0.24054,2470614941,1471448530.0500026,0.2029919999999999,0.21167960000000016,0.21978571428571425
1755907200,0.24054,0.2409,0.22902,0.23631,1383693143,1503451739.3500028,0.20246644999999985,0.21274320000000013,0.2198666666666666
1755993600,0.23631,0.24496,0.22761,0.23182,1758616432,1540553776.2000027,0.2020286499999999,0.21362820000000013,0.22010428571428567
1756080000,0.23182,0.23459,0.20585,0.20965,2157373271,1606221250.2000027,0.20158124999999988,0.21490640000000016,0.22198857142857134
1756166400,0.20965,0.21999,0.20711,0.21839,1261490195,1638049425.4500027,0.2010366999999999,0.21582720000000016,0.22414714285714277
1756252800,0.21839,0.22388,0.21606,0.21892,1293545133,1646582413.0000026,0.20043934999999988,0.2171978000000002,0.22572142857142852
1756339200,0.21891,0.22597,0.21668,0.22437,958072860,1634163694.7000027,0.20000819999999986,0.21866640000000015,0.2256861904761904
1756425600,0.22438,0.22539,0.20977,0.21391,1424776798,1632398460.5000026,0.19974144999999985,0.22001860000000015,0.22657095238095232
1756512000,0.21391,0.21885,0.21126,0.21595,538763691,1604291158.5000026,0.1995198999999999,0.22077240000000015,0.22722238095238087
1756598400,0.21595,0.22134,0.21327,0.21371,490963065,1556911798.2000027,0.19938419999999987,0.22178180000000014,0.22732190476190473
1756684800,0.21371,0.21988,0.20476,0.21073,1522561758,1564080795.2500026,0.19926234999999984,0.22274140000000017,0.2265371428571428
1756771200,0.21074,0.21557,0.20658,0.21489,1031360496,1510443138.9000027,0.19907114999999986,0.22361820000000018,0.22539428571428566
1756857600,0.21489,0.22351,0.21249,0.2203,824904593,1389769423.1000028,0.19893054999999987,0.22399500000000017,0.22443523809523802
1756944000,0.2203,0.22111,0.21047,0.21241,689472854,1339428450.0500026,0.1987607499999999,0.22429340000000017,0.22389523809523804
1757030400,0.21241,0.22097,0.21182,0.21788,1176623712,1345187762.4500027,0.1986380999999999,0.22461920000000016,0.22289857142857136
1757116800,0.21788,0.21888,0.21225,0.21595,482954635,1308836554.6500027,0.1984305499999999,0.2248628000000002,0.22173095238095228
1757203200,0.21595,0.22926,0.21568,0.22877,882527071,1261607523.6000028,0.19824504999999987,0.22521080000000018,0.22118761904761897
1757289600,0.22876,0.24413,0.22653,0.24164,1683689246,1255887272.8500028,0.19799269999999988,0.2256330000000002,0.22066476190476184
1757376000,0.24165,0.24952,0.23359,0.24063,1932725888,1247418209.8000026,0.19773409999999988,0.2256272000000002,0.2199409523809523
1757462400,0.24063,0.24868,0.23618,0.24536,1344178632,1265445420.7000027,0.1974495499999999,0.2256196000000002,0.219665238095238
1757548800,0.24535,0.25699,0.24228,0.25603,1760794865,1229954416.9000027,0.1971923499999999,0.22522260000000016,0.2205709523809523
1757635200,0.25604,0.2786,0.25481,0.2755,2082678041,1264903661.8000026,0.19692664999999987,0.2249694000000002,0.2220566666666666
1757721600,0.2755,0.30684,0.27266,0.28938,4015592199,1377752450.1500027,0.19672509999999985,0.2243272000000002,0.22318380952380945
1757808000,0.28937,0.2951,0.2727,0.27796,2428234193,1391295496.2500026,0.19654799999999986,0.22371140000000023,0.22515047619047615
1757894400,0.27795,0.28205,0.25862,0.26831,2516149434,1454028458.2000027,0.19641784999999984,0.22320000000000026,0.22681523809523804
1757980800,0.2683,0.27204,0.257,0.26995,1849895166,1481845959.8500028,0.19635234999999984,0.22350399999999992,0.22934238095238094
1758067200,0.26994,0.28384,0.26045,0.28256,2009871469,1534435890.3000026,0.19635719999999982,0.22437039999999997,0.2315395238095238
1758153600,0.28257,0.28879,0.27559,0.27857,1751271695,1550760635.1500027,0.19635119999999984,0.2254233999999999,0.23433285714285712
1758240000,0.27856,0.28492,0.26312,0.26527,1436428172,1595643859.2000027,0.19641710000000004,0.22627399999999995,0.2367880952380952
1758326400,0.26526,0.26947,0.263,0.26759,710812856,1606636348.7500026,0.19674245,0.22682599999999997,0.2398185714285714
1758412800,0.26758,0.26965,0.26031,0.26074,710044749,1566010498.3000026,0.19713145000000004,0.22770199999999996,0.2423995238095238
1758499200,0.26074,0.26239,0.23067,0.24122,2981639624,1663524454.7000027,0.19750350000000005,0.22887479999999996,0.244845238095238
1758585600,0.24123,0.24389,0.23402,0.23709,1428526604,1693705555.2500026,0.19781070000000003,0.23004639999999996,0.24730428571428562
1758672000,0.23709,0.25057,0.23098,0.24107,1685738370,1743518831.0500026,0.19815125000000006,0.23115699999999995,0.24954380952380945
1758758400,0.24107,0.24197,0.22046,0.22292,2241106701,1796742980.5000026,0.19853040000000008,0.23248939999999993,0.2509957142857142
1758844800,0.22292,0.23331,0.22134,0.23244,1426204065,1843905452.0000026,0.19872670000000006,0.23388459999999994,0.252052857142857
1758931200,0.23244,0.23431,0.2278,0.23077,566664585,1828112327.7000027,0.19905740000000008,0.23473379999999996,0.25304190476190463
1759017600,0.23077,0.23768,0.225,0.23735,630215145,1775438622.6500027,0.19940010000000008,0.2352678,0.25354238095238085
1759104000,0.23735,0.23896,0.22862,0.23478,968604652,1727232560.8500028,0.1996802500000001,0.23609299999999997,0.2542357142857142
1759190400,0.23478,0.23592,0.2263,0.23293,761018697,1698074564.1000028,0.19987870000000008,0.23644659999999998,0.2549414285714285
1759276800,0.23294,0.24921,0.23034,0.24906,1175210733,1668795357.5000026,0.2000719500000001,0.2366498,0.2553499999999999
1759363200,0.24906,0.26414,0.2467,0.262,1386592793,1633991095.1000028,0.2003156000000001,0.2366574,0.2550233333333332
1759449600,0.26201,0.26534,0.25274,0.25819,1381551315,1502289050.9000027,0.20058975000000012,0.23660540000000002,0.2546566666666666
1759536000,0.25819,0.25979,0.2467,0.25084,885524209,1425153551.7000027,0.20098155000000012,0.23662400000000003,0.254832857142857
1759622400,0.25085,0.26518,0.24953,0.25284,1454155392,1372053849.6000028,0.20131270000000012,0.2368412,0.25511714285714276
1759708800,0.25283,0.27044,0.25057,0.26603,1517510251,1355434603.8500028,0.2016372500000001,0.23710599999999996,0.25429285714285704
1759795200,0.26604,0.26831,0.24622,0.24682,1838407762,1346861418.5000026,0.2019850000000001,0.23744959999999998,0.252457619047619
1759881600,0.24681,0.2611,0.24291,0.25564,1276623512,1323129009.3500028,0.2022899500000001,0.23813700000000002,0.25126142857142847
1759968000,0.25565,0.25593,0.24099,0.24849,1415402413,1322077721.4000027,0.20265555000000013,0.2385766,0.25115285714285707
1760054400,0.2485,0.25403,0.095,0.19349,6030550997,1588064628.4500027,0.20312470000000013,0.2390104,0.2500514285714285
1760140800,0.19348,0.20048,0.17816,0.18527,4960779079,1800601344.9500027,0.2035490500000001,0.2396398,0.24876952380952386
1760227200,0.18527,0.21421,0.18072,0.20717,3290490159,1816043871.7000027,0.2039631500000001,0.2401238,0.24733714285714292
1760313600,0.20717,0.2183,0.20188,0.2138,2645862967,1876910689.8500028,0.20433740000000009,0.24104799999999998,0.2439190476190477
1760400000,0.2138,0.21565,0.1933,0.20437,2781575747,1931702558.7000027,0.2048201000000001,0.24158399999999997,0.2399990476190477
1760486400,0.20436,0.20853,0.1942,0.19621,1356303348,1887462391.0500026,0.2052178500000001,0.2411592,0.2374480952380953
1760572800,0.19621,0.2015,0.18469,0.1885,1903922965,1911348336.0500026,0.2056592000000001,0.24005379999999998,0.23614238095238105
1760659200,0.1885,0.19114,0.17555,0.1847,1800990961,1973064654.8500028,0.20603865000000007,0.239471,0.23458428571428577
1760745600,0.18471,0.19057,0.18426,0.18962,586500546,1970878924.9000027,0.20609110000000005,0.23911059999999995,0.23244809523809531
1760832000,0.18961,0.19861,0.186,0.19535,1044321198,1974664752.2000027,0.20606435000000003,0.23900499999999994,0.2308090476190477
1760918400,0.19534,0.20249,0.19168,0.2,1140819006,1993654767.6500027,0.20612570000000005,0.23856139999999995,0.22853571428571437
1761004800,0.2,0.20563,0.19201,0.19427,1456441398,2007716300.9000027,0.20624240000000005,0.23795299999999997,0.2265761904761906
1761091200,0.19427,0.19544,0.18467,0.18993,1335843365,2005178829.5000026,0.20636305000000005,0.23715959999999994,0.22457619047619057
1761177600,0.18993,0.19745,0.18959,0.19493,940124512,1983107489.3500028,0.20649625000000005,0.23667379999999993,0.2229200000000001
1761264000,0.19492,0.20095,0.19391,0.19775,762978840,1976980220.9000027,0.20660615000000007,0.23626179999999994,0.2210790476190477
1761350400,0.19774,0.19985,0.19595,0.19652,680294016,1938287152.1000028,0.20669635000000006,0.23598759999999996,0.21826333333333345
1761436800,0.19651,0.20742,0.19465,0.20577,909622908,1907892784.9500027,0.20677455000000006,0.2356584,0.2150695238095239
1761523200,0.20577,0.20953,0.19887,0.20038,1010297382,1866487265.9500027,0.20693215000000006,0.23515919999999998,0.21219142857142864
1761609600,0.20038,0.20311,0.19006,0.19362,1128616251,1859086902.9000027,0.20712060000000004,0.23465179999999997,0.209604761904762
1761696000,0.19362,0.19728,0.1871,0.19237,1276743754,1852153969.9500027,0.20723555000000005,0.23435859999999994,0.20736333333333343
1761782400,0.19237,0.1946,0.17642,0.18268,1657462065,1633499523.3500028,0.2073403000000001,0.23393139999999998,0.20423714285714295
1761868800,0.18268,0.18816,0.18228,0.18644,693564340,1420138786.4000027,0.20756860000000008,0.23372779999999996,0.20170380952380962
1761955200,0.18644,0.18837,0.18512,0.18736,381304623,1274679509.6000028,0.20780945000000006,0.23315999999999998,0.1986909523809525
1762041600,0.18736,0.18884,0.18172,0.18638,422142934,1163493507.9500027,0.20808080000000007,0.23219959999999998,0.19555714285714293
1762128000,0.18639,0.18666,0.16017,0.16741,2233966267,1136113033.9500027,0.2083081000000001,0.23123439999999998,0.19522142857142868
1762214400,0.16741,0.1711,0.15159,0.16223,3239546286,1230275180.8500028,0.20854215000000006,0.22998079999999999,0.19532095238095248
1762300800,0.16224,0.16886,0.15456,0.16719,1450649552,1207611510.2000027,0.20871005000000006,0.228589,0.1943309523809525
1762387200,0.16718,0.1678,0.15693,0.16164,991019158,1167112920.0500026,0.20883375000000007,0.22682619999999998,0.19212190476190488
1762473600,0.16164,0.18166,0.1596,0.17877,1612295661,1218402675.8000026,0.20893415000000007,0.22476619999999997,0.1901152380952382
1762560000,0.17877,0.18332,0.173,0.17605,1232860279,1227829629.8500028,0.20907365000000008,0.22255519999999998,0.18873333333333345
1762646400,0.17605,0.18158,0.17123,0.1793,824680933,1212022726.2000027,0.20924265000000009,0.22043359999999995,0.18745428571428585
1762732800,0.1793,0.18575,0.17722,0.18179,1123195034,1195360408.0000026,0.2094010000000001,0.21837839999999997,0.18717190476190484
1762819200,0.18178,0.1864,0.17154,0.17206,1194191122,1188277795.8500028,0.20945865000000008,0.21595999999999996,0.18652571428571438
1762905600,0.17207,0.17855,0.16721,0.17018,974860769,1190014608.7000027,0.20948185000000008,0.21396399999999996,0.18576142857142866
1762992000,0.17018,0.17766,0.16,0.16384,1568645541,1230297943.7500026,0.2095310500000001,0.21217959999999997,0.1848942857142858
1763078400,0.16383,0.16628,0.15472,0.15765,1838238578,1288195171.8500028,0.20956295000000008,0.21041379999999996,0.1838366666666668
1763164800,0.15765,0.16482,0.15721,0.16316,673862028,1276407127.8500028,0.20965985000000006,0.20883479999999996,0.1828961904761906
1763251200,0.16316,0.16563,0.1536,0.15857,1032632939,1277523905.7000027,0.20964695000000005,0.20745159999999999,0.18141571428571437
1763337600,0.15856,0.1651,0.15066,0.15214,1608346754,1301510430.8500028,0.20965025000000007,0.20611339999999997,0.1795061904761906
1763424000,0.15214,0.16294,0.14943,0.16173,1453866633,1310366574.8000026,0.20964650000000007,0.2045688,0.17791761904761916
1763510400,0.16172,0.1625,0.14712,0.1546,1411295703,1298058256.7000027,0.20959885000000006,0.20326339999999998,0.1756700000000001
1763596800,0.15459,0.15972,0.14623,0.14892,1600374682,1343398773.8000026,0.2095401500000001,0.20187779999999997,0.17337285714285727
1763683200,0.14892,0.15109,0.13321,0.14029,2835442265,1466105655.9000027,0.20946270000000008,0.20043379999999997,0.17185428571428588
1763769600,0.14029,0.1424,0.13549,0.14027,978144036,1493905711.0000026,0.20935560000000009,0.19872959999999995,0.17005571428571442
1763856000,0.14027,0.14775,0.13966,0.145,846522905,1424533542.9000027,0.20929810000000007,0.1972686,0.1684480952380954
1763942400,0.145,0.15397,0.14279,0.15181,1133652374,1319238847.3000026,0.20922975000000005,0.19570199999999996,0.16625047619047634
1764028800,0.1518,0.15504,0.14585,0.15301,936176056,1293515172.5000026,0.20908720000000006,0.19369919999999993,0.16400809523809537
1764115200,0.15301,0.15681,0.14862,0.15474,858785986,1286903513.9000027,0.20898830000000007,0.19126499999999994,0.1620376190476192
1764201600,0.15473,0.15559,0.1521,0.15264,442592040,1228418332.8500028,0.20888310000000007,0.18890659999999992,0.16129476190476208
1764288000,0.15264,0.15554,0.14825,0.15017,708146301,1202182633.9500027,0.20877525000000008,0.18678979999999992,0.16085571428571444
1764374400,0.15016,0.15095,0.14725,0.14837,301506106,1176023892.6000028,0.2086236000000001,0.18476919999999994,0.16026285714285732
1764460800,0.14837,0.15059,0.14588,0.14599,359178345,1137823058.1500027,0.20846400000000007,0.18250879999999994,0.15983428571428587
1764547200,0.14599,0.14637,0.13177,0.13547,1194651951,1137846099.6000028,0.20832890000000007,0.18066719999999992,0.15847238095238111
1764633600,0.13546,0.14783,0.13443,0.14577,805736367,1129389879.5000026,0.20809710000000006,0.17860719999999994,0.15715428571428586
1764720000,0.14578,0.1534,0.1452,0.15166,900651276,1095990166.2500026,0.20783565000000007,0.17664079999999996,0.1555680952380954
1764806400,0.15167,0.1532,0.14557,0.14739,637362886,1035946381.6500027,0.20735620000000007,0.17573839999999993,0.15336238095238108
1764892800,0.14739,0.14838,0.13722,0.13956,719213185,1038213939.5000026,0.20696035000000004,0.17495279999999994,0.15211047619047632
1764979200,0.13956,0.14076,0.13836,0.13975,312444302,1002204507.6500027,0.20655615000000008,0.17351879999999992,0.15122857142857157
1765065600,0.13976,0.14291,0.13486,0.13867,638350242,953704682.0500027,0.20609410000000009,0.17215819999999993,0.15044523809523824
1765152000,0.13868,0.14505,0.13799,0.14259,637568327,912889766.7500026,0.2056601500000001,0.17110399999999992,0.14958380952380967
1765238400,0.1426,0.15319,0.13942,0.14797,993044372,891977200.2000027,0.20524055000000008,0.17012759999999993,0.14846904761904775
1765324800,0.14796,0.15031,0.14235,0.14332,770619026,850489417.4000027,0.2048638500000001,0.16914879999999993,0.14752142857142872
1765411200,0.14332,0.1436,0.13623,0.14033,829996639,750217136.1000026,0.20454930000000007,0.16824979999999992,0.14706666666666682
1765497600,0.14034,0.14155,0.13428,0.13692,532296809,727924774.7500026,0.2041210500000001,0.16723079999999993,0.1464114285714287
1765584000,0.13692,0.14002,0.13691,0.13905,215402184,696368738.7000027,0.20369660000000012,0.16617559999999995,0.14587428571428585
1765670400,0.13906,0.13925,0.13261,0.13408,446980516,662035145.8000027,0.2032641000000001,0.16513499999999992,0.14546523809523823
1765756800,0.13407,0.13845,0.12661,0.12975,784404436,654446564.8000027,0.2027872500000001,0.16411599999999993,0.14530476190476205
1765843200,0.12975,0.13305,0.12716,0.13179,537676555,638391093.2500026,0.20227230000000013,0.16312399999999994,0.14524666666666677
1765929600,0.13179,0.13631,0.12481,0.12633,818900138,657206498.1500027,0.20188610000000012,0.16196379999999994,0.14472666666666678
1766016000,0.12633,0.13072,0.11993,0.12207,1170003699,680299368.0500027,0.2014771000000001,0.16078979999999995,0.1436761904761906
1766102400,0.12207,0.13353,0.12056,0.13222,886504087,709549267.1000026,0.20105420000000013,0.15954099999999993,0.1426657142857144
1766188800,0.13222,0.13261,0.13069,0.13194,256897701,704435234.9000027,0.20060900000000012,0.15802059999999993,0.14131285714285727
1766275200,0.13193,0.13342,0.12871,0.13112,315017725,660453523.6000026,0.20017435000000008,0.15664879999999992,0.13985714285714299
1766361600,0.13113,0.1354,0.12952,0.13258,578553795,649094395.0000026,0.19973995000000014,0.15530299999999994,0.139002380952381
1766448000,0.13258,0.13369,0.12789,0.12928,507414870,629432574.7000027,0.1993143500000001,0.15389699999999992,0.13822000000000007
1766534400,0.12929,0.13038,0.12651,0.12856,335694754,614349168.1000026,0.1990054500000001,0.1528877999999999,0.1375119047619048
1766620800,0.12855,0.12909,0.123,0.12365,418798463,599328432.0000026,0.19867455000000012,0.1517977999999999,0.13737428571428575
1766707200,0.12364,0.12752,0.12064,0.12211,719882140,619700323.9000027,0.19831675000000012,0.1506729999999999,0.1365890476190477
1766793600,0.12211,0.12492,0.12193,0.12435,242221247,599893874.1500027,0.19800250000000003,0.1495969999999999,0.1354890476190477
1766880000,0.12435,0.1249,0.12277,0.12393,221394199,579085167.7500026,0.19769665,0.14883439999999992,0.1343585714285715
1766966400,0.12394,0.12805,0.12228,0.12288,673526124,563109255.3500026,0.19741165,0.1481609999999999,0.13352761904761912
1767052800,0.12288,0.12537,0.1224,0.12336,627500697,555953338.9000027,0.19721930000000001,0.14729019999999993,0.13279428571428578
1767139200,0.12335,0.12381,0.11612,0.11747,670335608,547970287.3500026,0.1969718,0.14649959999999992,0.13209238095238104
1767225600,0.11747,0.1275,0.11742,0.12683,886565713,565683732.5500027,0.19668904999999998,0.1454111999999999,0.1311538095238096
1767312000,0.12682,0.14498,0.12592,0.14188,2240031844,666915215.5500027,0.1963864,0.1443687999999999,0.12998190476190483
1767398400,0.14187,0.14451,0.13914,0.14315,1027895793,695960979.4000027,0.19602245,0.14324039999999993,0.12875095238095247
1767484800,0.14314,0.15418,0.14278,0.14953,1371022860,725291900.6000026,0.19565169999999998,0.14207179999999991,0.1281080952380953
1767571200,0.14952,0.1545,0.14581,0.15171,1115045910,754160368.3500026,0.19530664999999994,0.14097999999999994,0.1283442857142858
1767657600,0.15171,0.15656,0.14352,0.15055,1272318747,776831298.8000027,0.19501554999999995,0.14011299999999993,0.12853952380952388
1767744000,0.15055,0.15405,0.14487,0.14642,797102416,758186234.6500027,0.19473034999999997,0.13967379999999996,0.12927523809523817
1767830400,0.14642,0.14777,0.138,0.14194,959509517,761836506.1500027,0.19442649999999995,0.13938379999999995,0.13032095238095245
1767916800,0.14195,0.14462,0.13825,0.14071,703610941,784172168.1500027,0.19418299999999994,0.13911119999999993,0.13121428571428578
1768003200,0.1407,0.14072,0.13904,0.13965,219649749,779403769.3500026,0.19402879999999997,0.13897399999999993,0.13217095238095244
1768089600,0.13965,0.1412,0.13585,0.13801,419409403,771446549.7500026,0.19389774999999998,0.13894219999999993,0.13311714285714293
1768176000,0.13801,0.14237,0.13492,0.13662,721042880,782127950.2500026,0.19379199999999996,0.13863599999999995,0.13352142857142865
1768262400,0.13661,0.15095,0.13626,0.14828,962128224,813449623.7500026,0.19369594999999992,0.13838279999999994,0.1338885714285715
1768348800,0.14828,0.15133,0.14562,0.14718,873212059,836170303.5500027,0.19363699999999998,0.13821859999999997,0.13421666666666673
1768435200,0.14719,0.14721,0.13881,0.14004,785586188,839455505.9500027,0.19359669999999998,0.13820579999999993,0.1344090476190477
1768521600,0.14005,0.14045,0.1351,0.13813,990841345,876886510.8500026,0.19354994999999994,0.13816059999999997,0.13531380952380961
1768608000,0.13813,0.14003,0.13682,0.13788,343127679,882973184.8500026,0.19343469999999996,0.13799299999999998,0.13620047619047626
1768694400,0.13788,0.13835,0.13133,0.13164,479039950,873248876.1500027,0.19330439999999996,0.13792239999999997,0.13698095238095245
1768780800,0.13163,0.13163,0.12,0.12916,1347363841,909242033.3500026,0.19317149999999997,0.13780579999999998,0.1377438095238096
1768867200,0.12917,0.12934,0.12178,0.12336,794330118,915441758.8500026,0.19305454999999994,0.1375118,0.1383880952380953
1768953600,0.12336,0.12884,0.12029,0.12654,942674775,918247211.9500027,0.19299075,0.1372216,0.13875523809523818
1769040000,0.12653,0.12794,0.12322,0.12437,424956417,827493440.6000026,0.19290849999999998,0.13697579999999998,0.1390542857142858
1769126400,0.12437,0.12788,0.12203,0.12477,533582852,802777793.5500027,0.19276149999999997,0.1366412,0.13905428571428582
1769212800,0.12478,0.12494,0.12291,0.12423,168690655,742661183.3000027,0.19262624999999997,0.13630459999999997,0.13948619047619057
1769299200,0.12422,0.12435,0.11764,0.11945,644477476,719132761.6000026,0.19252674999999997,0.13606239999999997,0.13936904761904773
1769385600,0.11945,0.12381,0.11924,0.12236,708086997,690921174.1000026,0.19234149999999997,0.13567779999999996,0.13855428571428582
1769472000,0.12236,0.12666,0.12139,0.12619,704522307,686292168.6500027,0.19212724999999994,0.13513199999999995,0.13765333333333343
1769558400,0.1262,0.12775,0.12372,0.125,651222550,670877820.3000027,0.19192964999999998,0.13467959999999995,0.13622095238095247
1769644800,0.125,0.12525,0.1144,0.11728,1189313828,695162964.6500027,0.19174129999999998,0.13437299999999994,0.13482333333333343
1769731200,0.11729,0.11871,0.11217,0.11581,1164836231,742422288.7500026,0.19150334999999996,0.13396699999999992,0.1336633333333334
1769817600,0.11582,0.11593,0.09461,0.10426,2462959641,844599800.6500027,0.19128759999999997,0.13364079999999992,0.13264333333333342
1769904000,0.10426,0.10685,0.10103,0.10426,1128141338,864954723.5500027,0.19105404999999998,0.13331279999999993,0.1314690476190477
1769990400,0.10427,0.11056,0.09955,0.10792,1604582722,897077448.4500027,0.19074865,0.13285339999999995,0.13028333333333342
1770076800,0.10791,0.11053,0.10226,0.10602,1614342566,934133973.8000027,0.19038509999999997,0.13233259999999997,0.12859809523809532
1770163200,0.10602,0.10947,0.10127,0.10383,1322881491,960998738.9500027,0.19001089999999998,0.13184219999999994,0.12699095238095245
1770249600,0.10383,0.10477,0.08675,0.08849,3166815594,1069797451.4000027,0.1896488,0.13118899999999994,0.1256242857142858
1770336000,0.08848,0.10211,0.08001,0.09848,2894496776,1197365906.2500026,0.18924244999999998,0.13049319999999995,0.12361190476190487
1770422400,0.09847,0.09948,0.09472,0.09823,1448690461,1245848431.8000026,0.18883405,0.12996999999999995,0.12154761904761914
1770508800,0.09823,0.09902,0.0951,0.09663,616525440,1209306511.7500026,0.1883594,0.12949539999999995,0.11909285714285722
1770595200,0.09663,0.09748,0.09243,0.09611,682487562,1203714383.9500027,0.1878172,0.12893619999999995,0.11720476190476199
1770681600,0.09612,0.09657,0.09182,0.09277,497491627,1181455226.5500026,0.1872655,0.12817939999999994,0.11531666666666676
1770768000,0.09277,0.09362,0.0879,0.09112,788143970,1199614604.2000027,0.18661659999999997,0.12770759999999995,0.11364952380952391
1770854400,0.09113,0.09455,0.09069,0.093,647408732,1205305898.2000027,0.18592859999999997,0.12702779999999994,0.11207571428571438
1770940800,0.09299,0.09764,0.09179,0.09667,727434615,1233243096.2000027,0.18500229999999995,0.12632159999999992,0.11061904761904773
1771027200,0.09668,0.11383,0.0963,0.11104,1350008258,1268519635.3000026,0.18413759999999993,0.12562139999999994,0.10893238095238107
1771113600,0.11104,0.11757,0.10155,0.10269,2260569216,1346143746.2500026,0.18327409999999994,0.12482519999999994,0.10743857142857152
1771200000,0.10268,0.1036,0.0985,0.10102,1011576182,1361496440.0000026,0.18255309999999994,0.12406199999999995,0.1061004761904763
1771286400,0.10103,0.1036,0.09836,0.10066,813594093,1369615017.1500027,0.18187274999999997,0.12335079999999994,0.10547238095238105
1771372800,0.10067,0.1023,0.09749,0.09855,540244921,1337161571.8000026,0.18115294999999995,0.12281119999999994,0.10467428571428583
1771459200,0.09855,0.09924,0.09551,0.09837,628133019,1310326411.2000027,0.18043139999999996,0.12258979999999994,0.10365809523809535
1771545600,0.09836,0.10244,0.09566,0.10011,879726429,1231164750.6000028,0.17969284999999996,0.12215659999999995,0.10244238095238105
1771632000,0.10011,0.10098,0.0984,0.09841,366330724,1193074219.9000027,0.17904544999999994,0.12169839999999996,0.10118285714285727
1771718400,0.09842,0.09855,0.09457,0.09558,393579573,1132524062.4500027,0.17848104999999997,0.12125399999999996,0.10028238095238107
1771804800,0.09559,0.0976,0.09145,0.09266,885845121,1096099190.2000027,0.17789454999999996,0.12075779999999994,0.09953476190476203
1771891200,0.09267,0.0936,0.08996,0.09137,690018269,1064456029.1000026,0.17735094999999998,0.12037579999999995,0.0992561904761906
1771977600,0.09138,0.10618,0.0909,0.10095,1467184174,979474458.1000026,0.17684939999999996,0.11984139999999995,0.09884285714285726
1772064000,0.10095,0.1017,0.0954,0.09701,796682755,874583757.0500027,0.17638724999999997,0.11897199999999993,0.09811619047619059
1772150400,0.09702,0.09911,0.09198,0.09337,688625162,836580492.1000026,0.1758853,0.11802059999999993,0.09741857142857156
1772236800,0.09337,0.095,0.08771,0.09405,1263091942,868908817.2000027,0.17533389999999996,0.11688319999999994,0.0972814285714287
1772323200,0.09406,0.09788,0.09056,0.0919,1025310501,886049964.1500027,0.17482689999999998,0.11567639999999994,0.09768714285714297
1772409600,0.0919,0.09771,0.0908,0.09356,939686027,908159684.1500027,0.17427859999999998,0.11468439999999994,0.09744380952380965
1772496000,0.09356,0.09385,0.08847,0.09025,1024176345,919961302.9000027,0.17363049999999997,0.11369619999999994,0.09724476190476204