time,open,high,low,close,Volume,Volume MA,MA,MA,MA
1755615600,113947.25,114227.1,113647.01,113804.35,33.05654,13.453182999999935,,,
1755619200,113854.52,113912.47,113335.06,113355.95,18.24102,13.962776499999936,,,
1755622800,113358.54,113608.26,113101.91,113528.25,19.51583,14.350302999999935,,,
1755626400,113519.32,113537.82,112837.73,113077.48,15.92358,14.782901999999936,,,115561.69047619018
1755630000,113060.34,113542.75,112747.71,113111.42,18.69515,15.541167499999938,,,115415.74476190448
1755633600,113122.66,113576.6,112929.57,113573.13,11.59008,15.439359999999937,,116103.02139999937,115273.95333333305
1755637200,113568.86,113572.96,113382.59,113417.72,9.42062,15.653073999999936,,116003.48839999936,115100.23476190449
1755640800,113405.64,113423.38,112954.53,113144.74,9.79406,15.941286999999935,,115905.84279999937,114939.23904761876
1755644400,113146.68,113171.09,112735.99,112876.83,9.4178,15.767841999999934,118423.46229999997,115808.51359999937,114809.35809523781
1755648000,112870.6,113339.1,112838.92,113209.06,8.66923,15.302262999999934,118382.67564999996,115710.52279999937,114656.42523809496
1755651600,113241.66,113398.56,112586.92,112991.6,8.09285,15.330876499999935,118344.26674999995,115629.20379999938,114527.61333333307
1755655200,112973.12,113497.11,112938.57,113437.56,5.52017,15.150046999999935,118304.28249999996,115545.55119999936,114387.24142857116
1755658800,113478.48,113656.17,113326.27,113533.29,5.72931,14.684500499999936,118267.67344999997,115456.64799999938,114308.17142857115
1755662400,113532.6,113711.55,113473.92,113660.86,2.56505,14.351020499999937,118237.96309999995,115360.43279999935,114193.57809523781
1755666000,113640.12,113795.35,113497.03,113755.3,4.33479,13.920545499999935,118205.43309999995,115263.31739999937,114116.89285714256
1755669600,113762.14,113796.03,113532.35,113717.59,7.64558,13.870088499999934,118170.38654999995,115173.19519999936,114040.99714285685
1755673200,113762.84,113910.25,113498.14,113545.84,7.64916,13.860169499999936,118133.66539999995,115094.49939999936,113973.43142857114
1755676800,113556.62,114102.55,113439.76,114054.21,11.0718,14.062974999999934,118100.29784999994,115037.38799999938,113899.63476190448
1755680400,114062.07,114062.07,113633.52,113700.7,11.79465,13.447211999999933,118068.14269999995,114998.74239999936,113817.5785714283
1755684000,113697.77,113891.69,113583.81,113822.73,5.91222,11.231974499999932,118036.80644999996,114964.63899999937,113723.78380952353
1755687600,113836.88,113906.11,113091.03,113666.88,10.74131,10.116212999999934,118009.40004999995,114926.54579999937,113649.88142857116
1755691200,113693.14,113962.1,113540.49,113734.43,10.98635,9.753479499999933,117983.74474999994,114880.58619999936,113556.20714285686
1755694800,113712.97,113712.97,112626.41,112722.4,26.9441,10.124892999999933,117959.02954999995,114853.89799999936,113488.4685714283
1755698400,112708.08,113920.25,112377.83,113504.78,32.82831,10.970129499999933,117933.18059999995,114822.08239999937,113475.49952380925
1755702000,113496.99,114384.88,113270.33,113371.91,20.42723,11.056733499999932,117907.41399999995,114793.77699999936,113472.16999999975
1755705600,113395.14,114366.15,113321.14,113847.18,14.54164,11.204311499999934,117882.92659999995,114764.12959999936,113442.00095238068
1755709200,113865.79,114473.25,113813.01,114279.17,20.49428,11.757994499999933,117856.56704999994,114734.90339999934,113440.88333333305
1755712800,114240.04,114333.5,113294.86,113538.72,11.23878,11.830230499999931,117830.34399999995,114688.58799999933,113454.90380952354
1755716400,113517.98,114351.09,113498.04,114298.35,8.97066,11.807873499999932,117804.38924999993,114645.43059999935,113489.93999999974
1755720000,114275.79,114411.84,114016.15,114411.84,5.62278,11.655550999999933,117777.69479999995,114613.19779999935,113523.56095238069
1755723600,114402.02,114485.04,113983.55,114374.45,7.592,11.630508499999934,117747.23754999995,114574.36439999937,113529.32285714259
1755727200,114377.38,114634.42,114221.97,114611.13,3.97796,11.553397999999934,117720.45799999993,114534.54939999935,113584.25666666639
1755730800,114603.27,114623.52,114241.75,114306.12,2.06864,11.370364499999933,117692.42309999993,114483.02339999935,113657.35238095208
1755734400,114300.4,114500.78,114040.03,114340.99,4.02125,11.443174499999932,117667.63759999993,114437.66559999935,113712.84714285686
1755738000,114357.51,114732.12,113991.74,114732.12,4.88537,11.470703499999932,117647.06074999992,114393.70839999935,113789.96761904734
1755741600,114743.4,114819.69,113925.21,114052.34,4.81527,11.329187999999933,117622.44834999992,114352.78119999936,113831.32761904734
1755745200,114050.5,114526.9,113977.78,113977.78,4.0786,11.150659999999933,117601.4054499999,114314.88639999935,113869.78952380925
1755748800,113956.56,114042.26,113789.72,113796.38,2.54095,10.724117499999933,117577.04009999991,114266.49739999935,113920.80190476163
1755752400,113795.41,114032.59,113618.9,114016.42,3.4651,10.307639999999934,117554.62794999991,114223.47059999937,113934.9466666664
1755756000,114012.67,114012.67,113616.66,113809.09,7.3243,10.378243999999935,117530.35209999992,114192.10039999936,113947.3366666664
1755759600,113781.68,113975.8,113596.02,113922.44,9.33727,10.308041999999933,117502.35299999992,114140.56099999936,113959.26714285687
1755763200,113916.41,114019.49,113600.03,113600.03,6.48077,10.082762999999934,117475.87889999991,114103.12079999936,113957.46761904734
1755766800,113587.93,113621.61,113312.51,113370.05,8.01442,9.136278999999934,117453.36594999992,114062.55559999935,113962.62904761879
1755770400,113360.32,113474.3,113219.74,113335.32,7.16637,7.853181999999935,117427.16334999992,114045.49339999935,113967.37714285687
1755774000,113370.67,113541.72,112969.1,113140.14,10.04005,7.333822999999934,117399.16329999993,114013.71399999935,113964.19380952354
1755777600,113130.64,113415.05,112928.45,113078.22,10.02462,7.1079719999999345,117367.98874999993,113991.20379999936,113946.84238095212
1755781200,113082.1,113670.52,113046.09,113426,20.88928,7.127721999999935,117339.34509999995,113960.66239999935,113976.02904761878
1755784800,113399.5,113928.84,112908.44,113255.73,14.12889,7.272227499999936,117308.73209999994,113926.46859999934,113958.66523809495
1755788400,113288.58,113364.47,112566.23,112759.89,18.65829,7.756608999999935,117278.33904999994,113887.07439999933,113944.67999999975
1755792000,112749.21,112954.75,112314.7,112365.15,15.25599,8.238269499999934,117248.34734999994,113841.06179999933,113924.62380952355
1755795600,112376.56,112558.1,112169.25,112390.62,14.86136,8.601737499999933,117218.58894999996,113792.31559999933,113875.8885714283
1755799200,112381.92,112663.95,112214.97,112580,7.75545,8.790611999999934,117188.14214999996,113748.71239999935,113838.80142857117
1755802800,112561.53,112708.03,111980.97,112147.77,10.87046,9.230702999999934,117157.03059999997,113700.46979999935,113746.74428571401
1755806400,112140.05,112846.51,112051.04,112410.9,8.59789,9.459534999999935,117126.54824999995,113650.76279999936,113650.49571428544
1755810000,112440.45,112685.08,112061.77,112586.52,7.27303,9.578917999999934,117099.02154999996,113619.28119999934,113565.04571428544
1755813600,112595.24,112671.23,112389.03,112481.05,3.81445,9.528876999999934,117068.97284999995,113591.00659999935,113447.7428571426
1755817200,112481.03,112481.03,112248.34,112463.04,3.513,9.500596999999935,117035.49704999995,113575.48759999935,113357.49428571404
1755820800,112465.34,112810.46,112448.41,112606.07,3.05456,9.526277499999935,116997.66364999994,113547.87799999936,113273.94809523784
1755824400,112621.11,112911.39,112311.11,112815.33,3.34856,9.520450499999935,116959.74964999995,113534.54639999935,113166.754285714
1755828000,112801.81,113499.93,112749.36,113120.96,7.77529,9.542999999999935,116920.33029999996,113524.04839999934,113091.07333333307
1755831600,113114.28,113420.78,112817.88,112874.29,3.73739,9.263005999999937,116878.35254999995,113502.20679999935,113025.75380952355
1755835200,112885.99,113195.41,112653.44,112785.39,3.61109,9.119521999999936,116839.23149999995,113483.11319999934,112979.03714285689
1755838800,112794.08,113229.42,112784.11,113190.01,3.19624,8.878612999999934,116793.65194999994,113472.33979999933,112936.39619047593
1755842400,113175.4,113372.89,112809.18,112978.06,6.19166,8.829877499999935,116751.98239999996,113471.10979999935,112891.88190476164
1755846000,113005.77,113221.4,112921.18,113065.55,6.56591,8.656170499999934,116710.00844999995,113469.34779999935,112837.73666666642
1755849600,113060.68,113293.02,112934.36,112987.35,6.88292,8.499085499999936,116666.35009999997,113467.00159999933,112818.21190476164
1755853200,112971.78,113126.05,112796.1,113021.38,5.18229,7.713735999999936,116621.78924999996,113453.95819999935,112799.54571428544
1755856800,113057.92,113062.39,112517.84,112525.6,6.80175,7.347378999999935,116580.09269999996,113447.09259999935,112786.69952380925
1755860400,112533.26,112640.15,112163.48,112304.62,7.76758,6.802843499999936,116532.12139999997,113433.43659999935,112779.42380952356
1755864000,112330.01,112692.86,111677.24,112334.3,26.58149,7.369118499999937,116483.81559999999,113419.64159999935,112776.71714285688
1755867600,112352.76,112686.83,111944.59,112478.13,20.42166,7.647133499999937,116439.61444999998,113405.03679999935,112733.84095238069
1755871200,112990.58,116211.23,112976.85,115862.47,139.47878,14.233299999999938,116393.2251,113394.54759999935,112688.54999999973
1755874800,115863.47,117306.97,115863.47,116358.8,44.50514,15.915033999999938,116344.85539999999,113363.97539999934,112668.28380952353
1755878400,116364.78,116745.04,116067.5,116127.69,27.98987,16.884632999999937,116294.1947,113336.05379999934,112673.66380952354
1755882000,116150.14,116970.8,116150.14,116969.98,26.22832,17.832397499999935,116243.72659999998,113306.28519999934,112838.98999999973
1755885600,116964.86,117350.72,116625.35,116716.3,15.69547,18.426448499999935,116188.52464999998,113282.51019999935,113018.9328571426
1755889200,116707.89,116826.58,116390.73,116498.95,12.07335,18.854465999999938,116133.74429999998,113325.07099999936,113208.4528571426
1755892800,116520.4,116995.94,116464.02,116812.07,14.37225,19.420350499999937,116080.89584999997,113397.79899999937,113425.55190476163
1755896400,116800.96,116828.37,116476.93,116529.4,11.46649,19.82624699999994,116033.32964999999,113450.25719999937,113622.20809523783
1755900000,116529.4,116545.2,115797.48,115946.63,5.85982,19.73047349999994,116004.24914999997,113522.21859999937,113813.5366666664
1755903600,115963.42,116145.59,115862.74,116145.58,3.82454,19.73483099999994,115977.79564999997,113579.60099999938,114020.63333333308
1755907200,116145.59,116243.8,115957.86,116078.89,4.77361,19.79295699999994,115950.61199999998,113623.99659999937,114207.4585714283
1755910800,116089.56,116089.56,115484.06,115597.16,4.40644,19.85346699999994,115927.05544999996,113689.46359999936,114356.56809523783
1755914400,115612.18,115718.97,114751.74,115113.83,8.46073,19.96692049999994,115905.91184999997,113734.08459999938,114500.59761904736
1755918000,115146.27,115211.9,114736.75,114831.41,4.80979,19.879114499999943,115883.53414999998,113764.78039999936,114653.19761904735
1755921600,114819.14,115155.5,114819.13,115155.5,4.48372,19.759154499999944,115872.99929999998,113800.20299999935,114787.09142857116
1755925200,115155.5,115268.11,115043.36,115190.65,5.38995,19.76953749999994,115863.43904999997,113829.55819999937,114878.70190476163
1755928800,115190.66,115256.93,114994.76,115073.31,5.80363,19.71963149999994,115848.82464999998,113855.37899999935,114966.95666666639
1755932400,115059.57,115163.99,114876.67,115004.02,6.26498,19.64450149999994,115838.17844999999,113870.83579999936,115066.47809523784
1755936000,115011.74,115103.78,114807.49,114956.03,4.59254,18.54505399999994,115829.1293,113872.82159999937,115171.39714285689
1755939600,114952.71,115000.97,114768.39,114936.52,7.08297,17.87811949999994,115817.4597,113894.88479999937,115269.10809523783
1755943200,114936.51,114942.33,114802.03,114837.21,5.28747,11.16855399999994,115802.38115,113919.14219999938,115387.12809523783
1755946800,114837.21,114898,114545.17,114621.04,7.29154,9.307873999999941,115786.50544999998,113944.68079999936,115513.38571428545
1755950400,114625.05,114724.76,114384.94,114409.74,7.09227,8.262993999999942,115772.6965,113964.43279999935,115637.3009523807
1755954000,114418.94,114418.94,113972.06,114134.37,13.4398,7.623567999999942,115758.9293,113987.37159999937,115749.63809523785
1755957600,114134.37,114349.72,113935.7,113935.71,9.68188,7.322888499999943,115742.54399999998,114007.65319999937,115690.52238095214
1755961200,113935.71,114234.84,113880.89,114089.8,7.70424,7.104432999999942,115725.56784999998,114032.39679999936,115597.70999999974
1755964800,114089.79,114395.4,113975.32,114307.02,5.73014,6.672327499999942,115708.93119999998,114057.41659999937,115502.78999999975
1755968400,114307.02,114426.78,114193.16,114341.22,6.44051,6.421028499999942,115689.78679999997,114078.90499999939,115358.3009523807
1755972000,114341.22,114452.61,114306.29,114400.34,3.95768,6.325921499999941,115669.94854999999,114098.78959999938,115233.22952380928
1755975600,114400.34,114430.16,114276.91,114407.45,3.64769,6.317078999999941,115647.6528,114115.93939999938,115128.85190476167
1755979200,114409.79,114616.61,114389.82,114611.59,2.72457,6.2146269999999415,115624.85555,114129.21539999939,115011.19238095214
1755982800,114611.6,114616.62,114306.89,114324.4,5.52566,6.270587999999941,115599.97684999999,114150.24119999938,114909.80857142832
1755986400,114336.85,114592.73,114336.85,114578.28,3.18928,6.007015499999941,115573.49969999999,114181.86779999938,114836.51428571403
1755990000,114578.28,114684.2,114483.36,114678.47,1.5681,5.84493099999994,115548.72899999999,114222.57159999938,114763.4671428569
1755993600,114667.06,114787.13,114582.28,114666.86,4.2791,5.83469999999994,115525.36309999999,114262.9081999994,114679.91999999977
1755997200,114666.86,114887.46,114503.11,114784.67,5.22611,5.826507999999941,115503.02484999999,114303.53999999938,114631.40190476166
1756000800,114784.67,114989.02,114226.41,114241.67,4.80078,5.776365499999941,115480.07715,114347.07259999939,114610.67047619024
1756004400,114231.8,114395.17,114180.77,114286.42,3.92167,5.659199999999942,115456.54835000001,114390.42019999938,114602.83476190452
1756008000,114308.08,114529.32,114308.08,114408.04,2.07958,5.533551999999942,115435.68234999999,114432.25919999936,114585.17619047596
1756011600,114409.79,114455.52,114196.64,114241.3,2.08843,5.283824999999942,115417.89399999999,114475.97539999936,114539.98666666643
1756015200,114254.25,114335.47,114106.8,114113.01,2.69918,5.154410499999942,115403.11615,114522.40799999936,114502.51571428547
1756018800,114106.17,114314.74,114101.18,114167.95,2.56573,4.918119999999942,115389.5324,114555.11999999936,114474.13571428545
1756022400,114176.68,114248.53,114038.2,114146.81,3.34973,4.730992999999942,115375.40829999998,114584.54179999935,114440.10095238072
1756026000,114146.81,114381.91,113983.2,114152.2,5.31199,4.3246024999999415,115360.57985,114610.28339999935,114400.88619047594
1756029600,114152.2,114378.16,113895.28,114191.05,6.18975,4.149995999999942,115345.2422,114637.62359999934,114369.0166666664
1756033200,114186.85,114331.55,114067.11,114187.4,6.49012,4.089289999999942,115331.39374999999,114664.17599999932,114346.43428571404
1756036800,114181.69,114278.3,114037.3,114089.48,2.83374,3.944469999999942,115316.54284999998,114683.73479999934,114334.17047619024
1756040400,114085.96,114273.7,113934.3,113942.68,5.75659,3.910273999999942,115300.24609999999,114707.10979999934,114336.86952380929
1756044000,113942.69,114032.42,113744.98,113903.95,5.12213,3.9684964999999424,115281.22709999997,114728.84279999934,114348.85476190453
1756047600,113901,114233.78,113803.89,113803.94,7.03095,4.137659499999943,115264.43089999998,114752.91679999935,114348.83952380929
1756051200,113803.92,113954.03,113657.75,113666.19,7.09963,4.3564124999999425,115245.44189999998,114776.23719999935,114331.48999999979
1756054800,113672.31,114015.13,113638.52,113918.48,11.35116,4.647687499999942,115225.96849999997,114807.51479999935,114310.6676190474
1756058400,113918.48,114258.44,113808.97,113907.08,15.45815,5.261130999999943,115208.63844999997,114840.27599999934,114282.2676190474
1756062000,113901.7,114118.22,110305.62,112264.14,125.51784,11.458617999999943,115191.65599999996,114871.66899999935,114246.9695238093
1756065600,112264.08,112803.38,111462.32,112593.43,43.42854,13.416089999999944,115172.11334999997,114898.18519999934,114213.96428571409
1756069200,112597.56,113151.64,112200.8,112768.47,15.23888,13.916728499999943,115152.88474999998,114854.25959999934,114194.0919047617
1756072800,112843.2,113339.07,112476.55,113297.78,11.32848,14.243113499999945,115134.54514999996,114805.45319999933,114083.89476190456
1756076400,113297.37,113528.15,113211.73,113331.01,4.23299,14.258679499999943,115114.69644999997,114761.04099999933,113984.60714285697
1756080000,113316.31,113351.82,112034.67,112514.09,11.48985,14.729192999999942,115093.93499999998,114666.92419999932,113894.20761904743
1756083600,112516.15,113039.36,112510.67,113017.13,8.08426,15.02898449999994,115075.95174999996,114584.46679999933,113823.40333333315
1756087200,113006.1,113566.86,113006.1,113362.55,5.47048,15.16754949999994,115057.63069999998,114509.85719999931,113780.03857142838
1756090800,113381.52,113620.41,112860.75,112868.78,4.95943,15.28723449999994,115031.03194999999,114439.57139999933,113695.64190476172
1756094400,112871.68,113002.08,112542.91,112679.69,6.78608,15.45905199999994,115004.21499999998,114375.60359999932,113629.40809523793
1756098000,112690.22,112770.24,112298.03,112298.03,5.91982,15.489443499999942,114978.74569999997,114306.95279999933,113587.56285714268
1756101600,112338.6,112456.25,111736.6,111907.66,20.24411,16.19216149999994,114955.42354999996,114244.38379999934,113528.31380952362
1756105200,111880.71,112136.1,111210.36,111416.9,20.6416,16.89973549999994,114932.61084999997,114190.05699999935,113457.44428571411
1756108800,111443.05,111820.81,110943.8,111404.43,21.58641,17.837368999999942,114905.16374999996,114135.48939999934,113369.40714285697
1756112400,111389.08,111838.2,111251.51,111812.21,12.09199,18.15413899999994,114880.42969999996,114086.80659999936,113262.5242857141
1756116000,111815.06,111815.06,110948.81,110986.64,23.38922,19.06749349999994,114857.63469999997,114036.13899999936,113130.42190476172
1756119600,110991.33,111282.95,110926.51,111215.22,14.03032,19.41746199999994,114832.28464999999,113971.18219999936,112997.89952380933
1756123200,111199.57,111691.6,111052.4,111614.96,14.49832,19.78739649999994,114806.10244999998,113895.70719999935,112889.45809523792
1756126800,111604.66,111755.69,110626.79,111516.61,24.9396,20.46681849999994,114779.24159999996,113822.32959999936,112748.6942857141
1756130400,111475.64,112324.96,111358.61,112251.8,21.45901,20.76686149999994,114750.30279999996,113758.49339999937,112620.65952380936
1756134000,112242.2,112578.02,111841.17,112194.1,11.65064,15.073501499999939,114719.23444999996,113679.10559999936,112516.42238095221
1756137600,112199.36,112958.88,112033.58,112496.33,20.57632,13.930890499999938,114688.90859999995,113604.67959999936,112414.06142857125
1756141200,112500.21,112789.87,112089.91,112425.63,12.00334,13.769113499999937,114659.79324999996,113540.23459999936,112334.69571428555
1756144800,112425.63,112601.45,112204.77,112397.67,7.8194,13.593659499999935,114625.62534999994,113478.14599999934,112253.12523809508
1756148400,112380.36,112403.77,110670.72,110689.27,33.00833,15.032426499999938,114592.24814999994,113434.98719999935,112264.18190476175
1756152000,110737.77,111112.78,109440.96,109623.27,92.61137,19.088502499999937,114558.92199999993,113396.18179999935,112256.19142857127
1756155600,109594.98,110345.2,109320.03,109964.48,32.95891,20.332234999999937,114525.48844999993,113367.39419999934,112238.53428571412
1756159200,109955.96,110695.57,109955.96,110240.16,14.35647,20.776534499999936,114496.37924999994,113334.11079999935,112114.31952380936
1756162800,110238.57,110352.6,109854.83,110190.65,10.70339,21.063732499999936,114466.56814999993,113295.92379999933,111937.7604761903
1756166400,110166.71,110166.71,109036.7,109164.6,59.09659,23.679257999999937,114436.34834999993,113222.88479999936,111816.35047619032
1756170000,109175.94,109980.58,108774.64,109973.9,26.91044,24.728788999999935,114405.91014999994,113127.34339999937,111684.11380952364
1756173600,109988.48,110088.94,109536.62,109713.18,8.00079,24.116622999999937,114375.02704999993,113038.48399999936,111533.07095238079
1756177200,109707.4,109971.91,109437.91,109927.78,4.74966,23.322025999999937,114335.99039999992,112951.05539999936,111356.68142857126
1756180800,109944.35,110285.42,109944.35,110160.54,6.292,22.557305499999934,114292.24539999991,112868.38039999935,111227.83428571411
1756184400,110144.02,110438.57,110138.13,110272.42,9.25794,22.415602999999937,114248.85504999991,112760.10679999937,111104.74619047601
1756188000,110257.11,110392.63,109952.42,110056.2,10.50835,21.771559499999935,114208.39284999993,112666.01539999938,111010.46619047601
1756191600,110057.14,110575.11,109790.88,110351.55,23.83714,22.261900499999932,114167.29344999994,112566.94179999936,110950.63952380935
1756195200,110376.28,110539.55,110023.7,110147.6,12.11206,22.142587499999934,114123.39674999993,112469.80399999936,110896.73428571413
1756198800,110166.15,110466.98,110040.86,110227.14,10.33184,21.412199499999936,114083.21144999994,112388.18139999938,110813.1147619046
1756202400,110224.29,110476.15,110133.05,110286.88,10.19073,20.848785499999934,114043.58194999993,112307.90139999938,110782.87238095222
1756206000,110293.17,110305.84,109623.33,109897.83,13.6398,20.948243499999933,114005.21909999993,112220.86459999936,110732.03333333317
1756209600,109925.33,110827.04,109643.15,110282.34,22.67396,21.053125499999933,113968.07229999993,112143.06959999938,110665.94666666651
1756213200,110254.42,110298.29,109444.63,110093.22,30.43711,21.974813999999935,113930.99644999992,112063.76139999938,110607.38809523794
1756216800,110081.47,110597.94,109824.37,110397.48,17.70549,22.469118499999936,113890.95329999992,111984.94519999936,110495.29428571412
1756220400,110380.26,110602.32,109580.38,109701.86,18.40364,21.738883999999935,113855.22249999995,111907.74659999937,110404.25809523794
1756224000,109719.83,110169.3,109475.98,110169.3,15.80515,17.898572999999935,113819.09874999993,111822.65919999937,110289.82428571413
1756227600,110158.9,110224.58,109620.27,110005.67,9.9983,16.750542499999938,113788.29014999993,111744.48499999936,110193.24571428557
1756231200,110009.88,111011.37,109981.29,110736.48,18.97859,16.981648499999938,113761.75884999993,111662.60139999936,110064.87380952366
1756234800,110745.04,111210.35,110534.44,111168.21,23.19392,17.606174999999936,113733.94564999994,111588.76139999935,110040.1133333332
1756238400,111159.16,111441.5,110936.88,111389.46,13.23012,15.312851499999937,113707.24609999992,111503.94499999935,110058.32285714269
1756242000,111441.63,111618.39,111147.01,111613.37,7.30535,14.332596999999936,113678.49309999993,111429.25199999935,110095.08476190463
1756245600,111635.42,111984.8,111610.36,111945.84,10.16476,14.440795499999936,113653.53739999993,111353.28659999935,110139.27761904747
1756249200,111931.42,112401.4,111760.5,111788.85,13.38698,14.872661499999936,113625.58929999993,111294.69239999935,110196.36380952367
1756252800,111780.92,111825.23,111360.32,111387.96,4.27416,14.771769499999937,113600.24579999995,111239.68699999934,110312.97190476175
1756256400,111400.72,111490.57,111142.11,111325.07,2.54061,14.435902999999936,113574.52789999996,111189.33459999933,110406.87380952366
1756260000,111333.33,111488.06,111132.89,111173.08,3.01776,14.061373499999936,113552.23159999994,111176.31919999934,110505.71523809509
1756263600,111160.19,111723.5,110926.35,111458.75,4.08507,13.073769999999936,113532.88179999996,111163.36739999935,110575.24761904747
1756267200,111432.59,111719.49,111418.24,111586.43,3.30083,12.633208499999936,113511.51584999995,111143.77499999935,110630.70142857128
1756270800,111582.83,111675.15,111346.37,111374.01,3.84043,12.308637999999936,113494.66494999998,111105.57859999934,110673.58999999985
1756274400,111371.12,111376.01,111040.81,111054.34,5.18557,12.058379999999937,113475.44989999996,111065.45979999933,110740.37809523793
1756278000,111047.72,111127.5,110622.4,110720.46,19.4889,12.350834999999936,113453.04454999996,111038.63959999934,110799.18190476176
1756281600,110712.36,110837.2,110350.76,110738.28,14.43541,11.938907499999937,113429.40924999997,111007.47199999935,110857.58238095223
1756285200,110734.5,111135.08,110696.51,110817.46,7.23691,10.778897499999937,113403.20339999995,110971.94959999935,110896.97285714268
1756288800,110802.16,111254.41,110794.72,110977.94,9.07127,10.347186499999937,113376.02029999997,110942.05419999937,110917.61952380936
1756292400,110973.15,111401.81,110973.15,111321.01,5.88742,9.721375499999937,113351.20999999996,110909.54719999938,110957.6409523808
1756296000,111343.1,111448.26,111033.24,111356.1,6.82609,9.272422499999937,113326.61279999997,110877.99579999936,110983.1228571427
1756299600,111338.76,111917.48,111026.41,111502.1,15.28656,9.536835499999937,113299.85499999997,110854.60819999935,111025.25238095221
1756303200,111518.72,112646.92,111305.35,111843.26,27.47502,9.961656999999937,113272.66504999997,110842.61939999934,111069.22999999985
1756306800,111863.52,112121.83,111534.55,112037.16,13.29147,9.466534499999938,113244.76419999998,110834.08959999935,111148.00333333317
1756310400,112041.02,112296.52,111584.15,112180.79,15.06286,9.558171499999938,113215.30904999998,110824.26559999937,111211.46999999983
1756314000,112167,112441.9,111921.72,112357.56,8.4514,9.615473999999939,113190.14739999996,110831.65479999938,111298.97428571411
1756317600,112345.32,112609.91,111924.16,111947.92,7.57768,9.486119999999937,113165.91389999997,110837.39239999937,111360.91142857126
1756321200,111942.16,112212.64,111580.52,112065.57,10.54648,9.344094999999937,113148.17129999997,110841.95839999936,111409.12952380936
1756324800,112083.87,112399.41,110924.28,112391.6,37.92672,11.026722999999938,113127.96149999996,110852.36939999938,111455.22952380936
1756328400,112389.18,112420.82,111332.81,111468.29,8.53807,11.32659599999994,113110.23224999997,110850.94919999939,111471.1604761903
1756332000,111523.7,111603.11,111044.99,111428.5,6.94452,11.522933999999939,113093.81304999998,110854.21839999939,111476.86190476172
1756335600,111417.46,111551.96,111121.21,111269.37,3.92156,11.514758499999939,113078.60014999997,110843.25019999938,111505.5642857141
1756339200,111273.19,111549.91,110884.55,111343.47,5.56223,11.62782849999994,113062.97894999998,110836.04899999939,111509.38952380935
1756342800,111352.79,111728.15,111340.18,111656.96,2.43883,11.55774849999994,113047.56289999998,110835.92759999938,111514.3147619046
1756346400,111668.85,111761.14,111464.07,111524.55,1.96313,11.39662649999994,113029.72484999997,110851.50799999938,111518.89999999983
1756350000,111505.4,112044.44,111424.88,112009.9,3.64473,10.60441799999994,113012.02189999998,110887.61259999937,111513.4104761903
1756353600,111999.07,113087.59,111949.49,112985.35,11.49554,10.457424499999942,112995.64059999998,110913.71039999937,111516.76904761889
1756357200,112988.84,113165.74,112723.03,112872.3,7.64827,10.47799249999994,112976.75584999999,110935.77659999937,111523.93761904744
1756360800,112863.26,113298.79,112742.32,113246.8,8.58262,10.453559999999941,112964.20219999999,110965.10279999938,111569.4404761903
1756364400,113242.86,113378.95,113043.72,113149.81,13.8848,10.853428999999942,112951.52729999999,111012.30179999938,111677.2923809522
1756368000,113144.95,113354.35,112978.41,113166.8,13.4644,11.185344499999943,112941.4649,111053.02179999938,111778.91238095221
1756371600,113185.81,113185.81,112868.63,112882.88,7.95194,10.818613499999943,112932.10844999999,111118.4651999994,111894.59523809506
1756375200,112893.54,113178.7,112842.39,113176.03,24.94158,10.691941499999942,112924.34379999999,111177.35559999938,111998.01761904744
1756378800,113180.88,113191.52,112853.28,112934.92,6.47152,10.350943999999942,112918.83619999999,111239.08079999938,112085.91238095221
1756382400,112967.22,113336.17,112743.28,113244.15,13.10295,10.252948499999942,112915.89729999998,111296.6285999994,112158.61619047601
1756386000,113245.14,113506.24,112607.78,112818.62,15.22943,10.59184999999994,112913.1702,111358.84059999941,112238.32714285697
1756389600,112822.61,113339.84,112574.85,113166.21,13.29069,10.877500499999943,112913.6805,111409.46719999942,112290.3109523808
1756393200,113156.51,113275.6,112432.33,112717.09,10.56476,10.878414499999943,112915.0454,111470.0357999994,112347.78666666649
1756396800,112716.12,113237.8,112385.5,112385.52,7.58852,9.361504499999942,112914.83410000001,111524.19139999941,112378.15952380936
1756400400,112376.57,112659.35,112261.44,112395.68,7.91476,9.330338999999942,112914.29049999999,111583.33679999942,112416.66666666648
1756404000,112399.52,112734.82,112242.94,112406.47,5.65615,9.265920499999941,112912.98284999999,111641.75259999943,112453.29380952363
1756407600,112408.82,112599.69,111928.4,111928.4,6.49333,9.394508999999942,112909.991,111699.42999999943,112468.52952380935
1756411200,111920.86,112139.53,111898.01,111940.69,4.30437,9.331615999999944,112907.90745,111751.9073999994,112468.72380952362
1756414800,111883.31,112135.92,111871.95,112032.88,4.7774,9.448544499999944,112903.22404999999,111791.6681999994,112513.39904761886
1756418400,112033.84,112496.74,112033.83,112356.53,2.63038,9.481906999999943,112900.46715,111845.54459999941,112537.20380952362
1756422000,112354.51,112593.4,112335.98,112562.36,2.0335,9.401345499999943,112896.32340000002,111890.28799999942,112569.17142857124
1756425600,112548.55,112638.62,112137.16,112205.82,3.45558,8.999347499999942,112887.97995000001,111928.74259999942,112602.00047619028
1756429200,112209.68,112271.89,111417.03,111504.18,9.32609,9.083238499999942,112881.45485000001,111952.82679999941,112635.31333333314
1756432800,111508.64,111798.56,111375.23,111461.95,4.19096,8.863655499999942,112874.37355000002,111970.12019999942,112684.73285714266
1756436400,111451.52,111845.22,111316.64,111739.02,2.90548,8.314689499999941,112865.68115000002,111989.4615999994,112694.06238095218
1756440000,111727.61,111880.49,111460.39,111539.31,2.0647,7.744704499999941,112856.71245,112008.44139999941,112623.53047619028
1756443600,111540.47,111598.55,111168.4,111329.53,5.19163,7.606688999999941,112853.26485,112013.64099999942,112556.37095238075
1756447200,111313.66,111423.12,110950.01,111291.67,10.76554,6.89788699999994,112847.52360000001,112007.9475999994,112484.57190476172
1756450800,111300.48,111331.29,109950.44,110090.76,26.39769,7.894195499999941,112843.47585,112009.4273999994,112407.88142857124
1756454400,110043.14,110340.52,109597.03,109650.99,26.23358,8.550726999999942,112835.26905000002,112017.70639999941,112320.39238095221
1756458000,109658.49,109972.98,109434.33,109834.78,18.33098,8.70580449999994,112821.3941,112025.0309999994,112244.6204761903
1756461600,109838.55,110115.53,109813.85,110048.34,10.3696,8.55974999999994,112811.01025,112022.44659999943,112097.70285714269
1756465200,110039.51,110201.86,109878.66,110134.41,10.11605,8.53731449999994,112798.21359999999,112016.55139999941,111941.32523809506
1756468800,110140.8,111500.76,110120.37,110797.73,19.58427,9.13710199999994,112783.85095,111990.8863999994,111778.97428571411
1756472400,110837.02,110857.44,108986.2,109193.43,28.37866,10.16029699999994,112768.62634999999,111962.8193999994,111647.05619047603
1756476000,109224.91,109638.71,108217.04,108288.67,49.69314,12.362146499999941,112752.02904999997,111945.10579999941,111502.68476190457
1756479600,108285.9,108816.61,108278.07,108480.37,22.91693,13.18332649999994,112730.95224999997,111931.30699999939,111411.28666666649
1756483200,108456.44,108946.07,108219.52,108817.04,16.15432,13.775823999999938,112707.50224999998,111917.64599999938,111259.28238095221
1756486800,108791.92,108808.25,108263.66,108548.91,14.48185,14.261046499999939,112683.01554999998,111914.0417999994,111063.71047619032
1756490400,108542.29,108586.86,108165.96,108214.72,10.13994,14.63652449999994,112662.99554999998,111871.49019999937,110876.75333333317
1756494000,108214.7,108816.03,108016.94,108288.23,14.53481,15.261589999999938,112643.77869999997,111810.14159999939,110728.59333333318
1756497600,108313.09,108333.43,107605.48,107830.41,21.40177,16.15889949999994,112628.78544999998,111749.7069999994,110567.07999999983
1756501200,107830.41,108531.34,107526.14,108517.93,11.16266,16.25072799999994,112604.67049999996,111689.18259999939,110385.26285714268
1756504800,108517.93,108562.82,108263.36,108447.05,6.38187,16.360273499999938,112577.06839999996,111619.4175999994,110191.5342857141
1756508400,108457.89,108635,108400.56,108436.21,4.66074,16.448036499999937,112549.85804999997,111540.09619999939,109966.20333333316
1756512000,108446.88,108490.41,108214.17,108368.58,3.3501,16.512306499999934,112525.94309999997,111458.70959999942,109790.58952380937
1756515600,108360.33,108414.53,107452.58,107534.31,8.86911,16.696180499999933,112501.83739999996,111376.3593999994,109645.01190476173
1756519200,107546.01,108031.02,107475.04,107858.58,5.60455,16.438130999999935,112476.23439999997,111305.4065999994,109500.92904761888
1756522800,107855.63,108516.13,107850.47,108516.12,4.46562,15.341527499999936,112451.97484999997,111226.51559999939,109340.43190476175
1756526400,108515.52,108741.61,108468.74,108514.33,2.50031,14.154863999999936,112425.73579999998,111165.87399999941,109149.71761904746
1756530000,108535.99,108555.46,108209.56,108432.2,4.00628,13.438628999999935,112401.19544999998,111104.67559999939,108984.43428571412
1756533600,108432.22,108643.59,108300.6,108423,5.65068,13.202682999999936,112377.15205,111029.9743999994,108852.26523809505
1756537200,108425.37,108594.87,108199.73,108572.49,5.26921,12.960340999999937,112355.53364999998,110960.2765999994,108777.19714285695
1756540800,108572.49,108822.04,108536.75,108627.61,5.55932,12.259093499999938,112335.55079999998,110897.45979999939,108719.15952380936
1756544400,108624.35,108673.67,108528.37,108587.93,4.33067,11.056693999999938,112311.26924999998,110837.2553999994,108651.93190476172
1756548000,108587.94,108774.73,108468.74,108501.27,7.03259,8.923666499999937,112287.66214999997,110765.70139999941,108581.65333333315
1756551600,108502.03,108800.37,108490.43,108775.36,4.23119,7.989379499999937,112269.50389999998,110674.4543999994,108509.90095238075
1756555200,108769.55,108769.55,108424.39,108690.99,6.8698,7.525153499999936,112250.02105000001,110588.45819999938,108404.6723809522
1756558800,108688.86,108688.86,108275.63,108609.37,6.98167,7.150144499999937,112229.24945,110496.0743999994,108371.71238095217
1756562400,108603.97,108793.39,108474.04,108738.98,5.30395,6.908344999999938,112208.9592,110404.83679999938,108394.8880952379
1756566000,108738.98,109014.65,108620.53,108981.29,6.51419,6.507313999999939,112189.50645,110311.52619999938,108404.9176190474
1756569600,108974.05,108974.05,108766.89,108904.18,5.09449,5.691949999999939,112169.61415000001,110229.37579999938,108395.02857142835
1756573200,108904.19,108990.41,108728.93,108867.98,3.43272,5.305452999999939,112148.47715000002,110139.67499999936,108404.07952380933
1756576800,108867.98,108940.23,108718.65,108837.86,2.81196,5.126957499999938,112125.37870000002,110053.16399999936,108440.58285714267
1756580400,108837.86,109015.24,108751.3,108924.06,6.17208,5.202524499999938,112104.88405000001,109963.06059999937,108469.91380952361
1756584000,108924.06,108929.33,108687.13,108728.93,2.62379,5.166208999999938,112084.41205000001,109886.31399999936,108519.32190476169
1756587600,108728.92,108761.45,108589.53,108671.72,4.78038,4.961772499999937,112061.50885000001,109801.07339999937,108534.55666666647
1756591200,108671.72,108675.42,108558.36,108602.17,2.24901,4.793995499999937,112040.31345000003,109724.09119999936,108557.27142857121
1756594800,108608.66,108896.94,108602.48,108889.97,1.07435,4.624431999999937,112019.89215000003,109653.13799999938,108571.21047619027
1756598400,108889.97,109449.05,108859.94,109428.24,6.05158,4.801995499999937,111999.47630000002,109583.70559999938,108585.64571428552
1756602000,109439.89,109536.67,109176.67,109487.83,3.51265,4.7773139999999366,111978.70930000002,109510.15479999938,108636.49619047598
1756605600,109482.41,109498.66,109216.8,109270.87,2.20917,4.6052384999999365,111960.27060000002,109445.02119999936,108685.6099999998
1756609200,109271,109412.02,109184.27,109249.32,2.06186,4.444870999999937,111943.36780000004,109378.25079999937,108729.04428571409
1756612800,109257.02,109257.02,108696.99,108828.24,2.60068,4.296938999999936,111925.34095000003,109315.39259999937,108775.40142857123
1756616400,108835.88,108835.88,108609.67,108786.16,2.35153,4.197981999999937,111906.3089,109256.82679999938,108815.3380952379
1756620000,108791.61,108808.61,108553.24,108736.69,2.02743,3.947723999999936,111870.0074,109195.3361999994,108854.68666666646
1756623600,108729.41,108842.77,108694.06,108738.54,4.03673,3.938000999999937,111832.66325000001,109136.63719999939,108866.86523809501
1756627200,108738.42,109077.35,108734.36,109066,2.78644,3.7338329999999367,111799.16600000001,109091.53999999938,108874.41523809503
1756630800,109062.52,109158.38,108510.31,108548.74,5.80836,3.6751674999999366,111761.75525,109038.86579999937,108881.49904761885
1756634400,108555.46,108689.34,108376.17,108607.62,8.20155,3.8200474999999363,111724.52810000001,108979.80859999938,108892.79761904741
1756638000,108619.52,108658.5,108378.43,108447.06,3.69911,3.679293499999937,111688.27995000001,108923.75619999938,108906.63761904743
1756641600,108447.05,108512.1,108317.76,108339.36,5.30117,3.689627499999937,111648.3608,108871.9363999994,108899.86380952361
1756645200,108330.57,108464.9,108197.7,108446.5,4.43659,3.7398209999999366,111609.64460000001,108827.4229999994,108899.78047619028
1756648800,108442.92,108525.65,108289.84,108495.83,3.50497,3.7744714999999367,111573.5949,108796.58259999938,108885.87952380933
1756652400,108501.26,108869.86,108497.99,108838.23,5.31221,3.7314779999999375,111536.55970000001,108775.71519999938,108855.31142857125
1756656000,108840.83,108999.95,108589.78,108945.77,5.0376,3.8521684999999373,111501.49525,108747.96079999936,108833.51714285696
1756659600,108946.4,109009.01,108593.39,108997.36,8.55068,4.040683499999938,111466.25315000002,108713.78119999937,108815.79571428552
1756663200,108997.36,109237.51,108929.47,109141.42,4.87452,4.171958999999938,111433.72210000001,108680.02299999938,108815.81333333314
1756666800,109137.93,109161.71,108899.57,108915.9,3.68436,4.302459499999938,111401.80035,108633.98499999936,108816.84714285696
1756670400,108915.9,109057.11,108842.74,109042.34,8.75569,4.437664999999938,111367.71965000001,108626.88099999937,108829.62952380933
1756674000,109042.35,109089.67,108867.24,109005.5,4.81091,4.5025779999999385,111333.9989,108640.02299999938,108851.99619047601
1756677600,109060.57,109292.47,108796.19,108923.32,2.69625,4.526931999999939,111301.11150000003,108650.36279999938,108866.93571428552
1756681200,108921.93,108935.15,108103.65,108271.35,10.41796,4.9447369999999395,111270.28255,108656.85039999937,108874.19142857123
1756684800,108264,108449.18,107692.54,108274.94,9.08243,5.26882449999994,111240.23125000001,108664.19019999939,108854.06095238074
1756688400,108264.1,108510.04,107998.97,108199.39,3.70141,5.33631849999994,111210.53545000002,108680.7425999994,108827.17952380932
1756692000,108216.41,108257.45,107501.52,107684.68,11.52127,5.81101049999994,111182.05650000002,108695.08799999939,108779.58333333315
1756695600,107701.8,107845.73,107443.13,107704.06,5.62446,5.89039699999994,111153.53080000002,108716.9461999994,108733.18428571412
1756699200,107689.52,107806.49,107307.92,107424.27,6.75797,6.088973499999939,111126.69380000002,108712.01459999941,108703.23904761887
1756702800,107430.71,108012.37,107304.89,107920.84,7.78437,6.187773999999939,111101.04945,108708.57239999941,108650.78761904745
1756706400,107906.93,108174.75,107675.77,108096.53,6.04163,6.079777999999939,111075.98750000002,108703.8359999994,108601.61476190457
1756710000,108101.66,109463.7,108012.43,109463.7,14.64249,6.626946999999939,111046.89525000002,108690.1579999994,108539.03047619028
1756713600,109465.18,109857.13,109453.21,109613.17,19.40932,7.332354499999939,111016.73485000004,108693.55299999939,108484.49904761885
1756717200,109623.08,109894.21,109498.52,109537.9,11.69147,7.695098499999939,110986.02570000003,108684.8667999994,108462.96523809506
1756720800,109526.69,109550.54,108229.03,108600.47,17.11483,8.37559149999994,110952.44740000002,108672.96119999941,108503.73095238078
1756724400,108606.88,108879.84,108499.36,108795.84,8.01402,8.51068199999994,110918.93045,108664.6051999994,108559.25999999982
1756728000,108782.89,109192.96,108673.69,109149.78,10.5635,8.78697699999994,110882.99385000001,108685.23519999941,108616.33333333314
1756731600,109155.85,109586.32,108999.2,109091.53,15.29319,9.12410249999994,110850.97605,108709.03859999942,108623.66523809505
1756735200,109078.66,109387.27,108878.6,109234.88,8.88099,9.324425999999942,110818.56730000001,108728.3467999994,108637.95142857122
1756738800,109233.15,109425.81,108597.22,108828.97,9.14454,9.597434999999942,110792.49345000001,108727.8039999994,108652.78714285693
1756742400,108811.11,109125.6,108711.56,108832.67,5.43877,9.431588999999942,110767.225,108731.96219999941,108659.7280952379
1756746000,108833.6,108993.26,108446.87,108960.59,9.12792,9.647439499999942,110740.99115,108744.93239999941,108671.03857142838
1756749600,108952.73,109326.98,108948.8,109298.5,7.05983,9.865618499999943,110712.78515000001,108751.2557999994,108656.1599999998
1756753200,109302.41,109380.47,109219.9,109272.49,6.95785,9.692612999999943,110685.33224999999,108762.13359999942,108652.19666666647
1756756800,109263.15,109283.54,108328,108898.54,18.79833,10.178407999999944,110659.04095,108766.52559999941,108648.30380952361
1756760400,108867.69,108941.92,107506.94,107853.2,16.77678,10.832176499999942,110633.29209999999,108768.39939999941,108662.25619047596
1756764000,107869.78,108545.07,107649.66,108502.17,9.20462,10.716343999999944,110608.90144999999,108767.98539999941,108678.88333333313
1756767600,108484.84,109476.57,108477.59,109264.86,8.63063,10.866652499999944,110582.20654999999,108775.87179999943,108708.74952380931
1756771200,109261.74,109346.17,108905.94,109028.53,4.81877,10.769692499999945,110555.63584999998,108783.96199999942,108688.66666666647
1756774800,109017.34,109613.53,109009.81,109333.17,8.26424,10.793685999999944,110529.67779999998,108785.17559999943,108703.08476190455
1756778400,109325.08,110243.83,109169.26,110201.04,9.97172,10.990190499999944,110505.21504999997,108763.75839999942,108778.33142857123
1756782000,110233.38,110586.38,110034.16,110346.87,11.8182,10.848975999999944,110480.64049999996,108759.22319999944,108841.40142857123
1756785600,110350.24,110417.17,110160.69,110323.46,7.11866,10.234442999999944,110454.68579999996,108771.08599999944,108932.30142857123
1756789200,110322.51,110338.87,110076.06,110225.08,4.96735,9.898236999999943,110424.23839999996,108779.61319999944,109040.88238095217
1756792800,110262.77,110637.28,110185.56,110383.27,9.89522,9.537256499999943,110397.22949999997,108788.47719999944,109148.04142857122
1756796400,110396.56,110419.34,109957.58,110206.02,8.55288,9.564199499999942,110374.53409999996,108803.93319999945,109188.98238095218
1756800000,110211.69,110679.99,110057.02,110362.37,13.16336,9.694192499999943,110351.34579999997,108821.11399999945,109218.12095238075
1756803600,110371.09,110655.87,110247.37,110435.35,11.62004,9.510534999999942,110328.41924999995,108842.16579999943,109258.37666666645
1756807200,110422.03,110499.9,110141.99,110244.46,8.14836,9.473903499999942,110309.88904999995,108861.68099999944,109334.83142857123
1756810800,110273.62,110277.13,109623.55,109749.5,7.82377,9.40786499999994,110300.30269999996,108892.78159999946,109409.42809523789
1756814400,109759.48,109863.34,108389.44,108806.37,22.87925,10.27988899999994,110288.95284999994,108921.17879999946,109470.64571428552
1756818000,108819.28,111327,108773.75,111204.3,34.25551,11.53626849999994,110276.23589999996,108953.69239999946,109525.54714285693
1756821600,111305.41,111800.12,110857.3,111377.47,30.50638,12.70859599999994,110261.66334999996,108987.62859999947,109550.05285714265
1756825200,111371.73,111564.76,110671.81,110856.72,21.81774,13.451590499999941,110246.03839999995,109011.19779999947,109548.97666666645
1756828800,110870.73,111145.89,110502.78,110771.28,13.57203,13.190275499999942,110235.27979999993,109035.21299999948,109661.91142857121
1756832400,110812.61,111044.39,110633.15,110910.55,6.18978,12.660925499999943,110222.37089999994,109039.18799999949,109777.00095238075
1756836000,110903.47,110937.61,110164.71,110648.07,7.9654,12.59896449999994,110206.78044999992,109094.3327999995,109851.20190476169
1756839600,110646.02,110844.73,110455.24,110819.07,5.23454,12.429159999999943,110191.18404999992,109155.09499999948,109922.57285714264
1756843200,110803.23,111405.27,110709.32,111398.04,9.27413,12.651927999999941,110171.81744999991,109203.29939999948,110018.38285714264
1756846800,111369.35,111508.95,111102.06,111102.06,4.58085,12.467758499999942,110166.34879999992,109248.80839999947,110151.47190476167
1756850400,111112.72,111244.87,110871.22,111244.84,5.49259,12.243801999999942,110163.69784999992,109290.25479999949,110261.80047619026
1756854000,111240.08,111244.94,110975.03,111187.5,1.30529,11.718156499999942,110160.89694999991,109324.30079999947,110363.38047619027
1756857600,111196.53,111751.63,111194.21,111283.25,7.65046,11.744746499999943,110157.73119999992,109360.73499999948,110462.11999999978
1756861200,111304.28,111353.22,110857.76,111143.33,3.25787,11.659272499999942,110153.22289999992,109405.86739999948,110553.15190476167
1756864800,111122.1,111427.8,111007.89,111324.82,2.98958,11.313990499999942,110151.53004999991,109449.59059999949,110600.12619047596
1756868400,111329.55,111350.95,110846.26,110976.87,4.54306,11.113499499999943,110149.54929999993,109493.64059999946,110644.71571428548
1756872000,110969.64,111097.94,110812.93,110979.53,2.57711,10.584186999999941,110148.46469999991,109537.28059999946,110683.75714285692
1756875600,110992.65,111020.34,110631.8,110662.35,3.68588,10.187478999999943,110146.39194999993,109584.47919999948,110736.1257142855
1756879200,110655.83,110880.45,110543.52,110716.58,3.34672,9.947396999999942,110141.35714999992,109641.91879999946,110764.39238095215
1756882800,110717.53,111137.91,110452.21,111114.59,7.8417,9.948293499999943,110136.32414999991,109702.91639999948,110801.22619047597
1756886400,111134.65,111344.22,110986.93,111044.4,7.20515,9.164588499999942,110130.2587499999,109758.46599999949,110815.51095238073
1756890000,111054.88,111354.32,110884.84,111342.7,4.07854,7.655739999999942,110123.8472499999,109824.3629999995,110828.90285714263
1756893600,111317.07,111509.76,111179.59,111481.23,5.55229,6.408035499999942,110118.48299999989,109883.5287999995,110870.3376190474
1756897200,111494.47,111719.37,111436.7,111500.84,6.87778,5.661037499999941,110119.9209999999,109949.37499999949,110931.9995238093
1756900800,111509.46,111925.69,111063.95,111174.92,9.18168,5.441519999999942,110126.70229999989,110013.24999999949,111052.77714285691
1756904400,111165.68,111934.42,111120.73,111525.27,13.13138,5.788599999999941,110130.19164999992,110072.2073999995,111065.96428571406
1756908000,111625.72,112530.45,111232.91,112306.91,24.73176,6.626917999999941,110132.57374999991,110109.7873999995,111071.8390476188
1756911600,112302.72,112453.58,111987.23,112250.27,13.84312,7.057346999999941,110137.19344999989,110147.1485999995,111086.99142857117
1756915200,112252.27,112378.01,111734.8,111895.9,7.9868,6.99298049999994,110146.5924499999,110186.40739999952,111122.89571428548
1756918800,111894.59,112596.57,111887.9,112356.8,10.00433,7.2641544999999415,110153.4364499999,110237.8963999995,111189.3890476188
1756922400,112325.22,112575.08,111852.01,112041.83,8.82574,7.430811999999941,110162.2766999999,110292.48499999949,111265.68428571404
1756926000,112014.8,112265.58,111802.37,112222.75,4.75186,7.60314049999994,110170.1419999999,110355.6275999995,111316.96190476164
1756929600,112223.78,112312.66,112076.59,112258.51,4.604,7.45081749999994,110175.2138999999,110418.80239999948,111362.61714285689
1756933200,112245.86,112284.87,111798.89,112021.08,4.56398,7.516122999999939,110181.47814999991,110472.0227999995,111407.36809523785
1756936800,112063.36,112184.6,111876.03,111993.25,2.16308,7.47479799999994,110192.73169999989,110542.5793999995,111453.935238095
1756940400,111991.33,112013.87,111658.73,111759.39,2.64849,7.380069499999941,110202.2252999999,110606.76259999949,111504.93571428547
1756944000,111737.06,112224.17,111664.4,112124.77,4.49531,7.47597949999994,110210.96679999991,110672.0057999995,111540.07047619023
1756947600,112118.31,112118.31,111691.17,111999.45,1.73244,7.37830749999994,110221.61509999991,110731.2059999995,111580.5428571426
1756951200,111994.66,112026.02,111453.87,111486.01,6.37994,7.52996849999994,110230.3898499999,110786.17779999951,111601.23666666642
1756954800,111486.79,111764.75,111182.49,111182.49,4.36395,7.356080999999939,110242.01444999989,110848.0719999995,111655.8985714283
1756958400,111197.21,111359.63,110960.05,110961.32,3.80617,7.186131999999939,110251.89529999989,110926.19579999952,111704.46619047593
1756962000,110964.18,110964.18,110641.59,110700.28,11.15973,7.540191499999939,110261.5345999999,110998.64779999951,111743.68809523781
1756965600,110712.64,110766.95,110324.48,110430.08,7.24656,7.624904999999939,110269.5134499999,111053.33959999951,111765.87428571402
1756969200,110445.84,110682.51,110380.44,110494.64,5.49684,7.5558579999999385,110279.80109999988,111102.4891999995,111758.57571428544
1756972800,110504.11,110878.63,110458.01,110703.86,5.48477,7.371012499999938,110289.5784499999,111139.47559999948,111742.1890476188
1756976400,110704.81,110911.42,110704.81,110883.02,5.95404,7.012145499999937,110299.54734999988,111154.68119999948,111698.73095238069
1756980000,110877.19,111200.06,110688.73,110688.73,5.73838,6.062476499999937,110303.29499999987,111161.74939999949,111651.75047619022
1756983600,110669.59,111113.36,110589.98,110854.11,5.60076,5.650358499999937,110303.36639999988,111163.8817999995,111613.7990476188
1756987200,110884.02,111166.88,110559.3,111010.77,12.10738,5.856387499999937,110301.22569999988,111169.2729999995,111599.89904761878
1756990800,111000.68,111009.28,110250.14,110500.35,10.33908,5.873124999999937,110296.66024999987,111175.68479999951,111560.06380952356
1756994400,110381.02,110574.04,109756.43,109862.03,22.7414,6.5689079999999365,110289.08144999988,111189.2247999995,111490.88285714261
1756998000,109878.08,109906.44,109374.48,109543.47,17.87936,7.225282999999936,110282.61039999987,111195.75199999951,111431.85904761881
1757001600,109539.13,109690.14,109397.21,109440.57,9.08323,7.449244499999935,110279.1898999999,111204.12719999951,111365.40428571403
1757005200,109449.56,109956.66,109443.39,109811.11,8.15015,7.628552999999935,110276.97964999989,111219.45339999949,111246.60571428548
1757008800,109807.34,110225.86,109748.16,110005.95,16.79378,8.360087999999935,110274.55789999988,111234.47039999951,111127.63619047594
1757012400,110027.1,110173.31,109772.54,109820.26,5.13907,8.484616999999934,110271.53469999987,111255.5835999995,110995.15142857119
1757016000,109831.65,110442.93,109792.67,110424.72,12.19582,8.869642499999935,110268.65639999988,111222.3669999995,110878.60857142831
1757019600,110369.15,110576.75,110331.72,110521.61,2.91203,8.928621999999935,110264.28809999989,111183.6289999995,110782.64999999975
1757023200,110536.04,111593.34,110515.76,111465.47,9.27885,9.073567499999935,110258.32654999988,111162.71679999951,110679.17428571405
1757026800,111506.33,111762.96,110640.18,110758.01,8.84345,9.297542499999935,110252.44159999989,111147.41019999949,110615.61857142833
1757030400,110764.27,110957.42,110469.87,110486.7,3.62534,9.288500999999934,110245.95304999988,111125.60439999952,110539.27761904738
1757034000,110497.14,111174.57,110486.11,111152.03,3.17726,8.889377499999934,110240.92129999987,111121.1373999995,110513.84999999976
1757037600,111156.96,111500.2,111085.38,111360.53,8.17717,8.935907999999934,110236.06134999989,111115.18819999948,110479.18333333309
1757041200,111348.48,111349.41,111128.27,111330.26,2.07689,8.764910499999933,110228.55759999988,111116.53679999949,110446.05047619024
1757044800,111329.31,111487.59,111157.92,111466.87,1.76966,8.579154999999933,110223.9006999999,111109.6557999995,110455.13190476166
1757048400,111455.83,111739.67,111431.14,111624.96,4.44984,8.503944999999934,110218.99824999989,111094.4929999995,110486.57238095214
1757052000,111606.64,111938.92,111544.4,111938.92,4.93556,8.463803999999934,110217.10929999988,111093.78359999949,110529.43809523786
1757055600,111942.63,113040.98,111922.64,112998.94,37.3425,10.050890999999933,110210.7135499999,111095.32919999948,110575.73476190453
1757059200,112996.19,113024.92,112622.27,112638.09,12.08593,10.049818499999933,110202.24309999989,111099.06779999947,110619.59666666643
1757062800,112635.94,112640.71,112145.78,112337.32,12.34687,10.150207999999932,110196.2154499999,111101.90879999947,110669.8776190474
1757066400,112332.93,112605.72,112232.28,112310.39,11.59788,9.593031999999933,110193.2784999999,111114.87059999949,110779.8876190474
1757070000,112293.09,112506.22,112180.69,112387.33,5.94177,8.996152499999933,110189.60194999991,111134.05839999947,110864.83904761885
1757073600,112385.19,113466.02,112038.71,113283.48,69.83045,12.033513499999932,110184.9782999999,111180.79019999948,110928.00809523789
1757077200,113329.99,113378.31,112769.5,113128.7,29.9017,13.121090999999932,110185.76164999991,111219.22039999947,111014.20047619028
1757080800,113118.1,113118.1,110554.61,110652.02,53.7685,14.969826999999933,110188.31374999993,111243.67499999946,111134.45285714265
1757084400,110654.22,111129.74,110363.64,110804.01,23.68875,15.897310999999934,110196.96159999991,111268.99479999946,111312.54857142837
1757088000,110792.14,111008.62,110603.76,110910.13,7.97602,15.686320999999932,110203.43469999991,111289.88739999947,111488.1738095236
1757091600,110909.18,110918.83,110289.72,110678.55,8.22587,15.952012999999932,110206.83649999992,111325.93239999944,111528.21714285694
1757095200,110656.84,111377.63,110636.69,111288.61,9.37667,15.956903999999932,110210.76569999992,111358.48959999945,111566.21999999981
1757098800,111308.56,111697.9,111218.22,111681.12,9.69192,15.99932749999993,110212.65284999991,111348.03159999945,111618.11857142836
1757102400,111673.33,111721.33,111354.8,111652.11,7.09115,16.172617999999932,110214.1434999999,111333.60639999945,111630.2057142855
1757106000,111652.1,111716.9,110449.99,110627.55,22.02485,17.114997499999934,110215.4254999999,111305.67079999944,111666.72952380932
1757109600,110638.68,110956.9,110536.48,110848.75,2.61868,16.837072999999933,110202.45159999991,111274.23639999944,111676.99857142838
1757113200,110848.75,110920.03,110629.17,110692.59,2.37798,16.85212749999993,110190.7225999999,111262.09059999944,111719.57476190457
1757116800,110698.12,110855.38,110611.35,110800.8,2.03865,16.865576999999934,110179.4392499999,111248.57699999945,111726.28190476171
1757120400,110808.9,110938.58,110757.07,110892.9,0.48881,16.667525499999932,110168.4175999999,111240.78259999944,111711.83999999981
1757124000,110892.9,111236.6,110757.07,111236.6,1.52215,16.496854999999933,110158.98049999989,111208.87859999946,111680.03333333312
1757127600,111218.88,111327.56,111029.41,111114.1,1.06886,14.68317299999993,110152.71149999992,111180.68339999946,111654.82095238075
1757131200,111116.91,111116.91,110815.4,110904.4,1.37955,14.14785399999993,110144.75129999992,111154.11359999946,111627.48904761883
1757134800,110902.8,110924.64,110735.69,110757.83,2.24627,13.642823999999928,110133.79594999991,111130.26459999946,111608.9957142855
1757138400,110764.36,110851.77,110735.66,110785.82,1.33529,13.129694499999928,110122.20864999993,111112.93479999946,111569.71857142837
1757142000,110785.82,110866.37,110778.93,110851.79,2.46248,12.955729999999928,110112.08614999993,111095.17139999947,111469.97857142836
1757145600,110859.08,110995.94,110786.78,110961.09,1.80872,9.55464349999993,110104.16254999994,111077.46439999946,111380.44238095215
1757149200,110956.07,110956.07,110720.64,110727.93,2.79176,8.19914649999993,110096.64864999993,111065.83219999947,111306.56142857124
1757152800,110727.85,110845.96,110707.07,110828.31,1.74633,5.59803799999993,110090.79929999994,111057.33899999947,111237.10428571406
1757156400,110828.32,110935.17,110714,110833.88,4.14873,4.621036999999929,110086.72779999995,111053.82899999949,111169.18809523786
1757160000,110833.88,110946.57,110798.13,110871.02,3.8059,4.4125309999999285,110081.54634999996,111056.85919999948,111047.49523809501
1757163600,110874.81,111007.71,110859.27,110985.58,3.59909,4.181191999999929,110075.17109999996,111067.47939999947,110937.95285714262
1757167200,110991.91,111053.69,110830.97,110864.77,3.33001,3.878858999999929,110067.31754999995,111072.14519999949,110946.61285714264
1757170800,110864.77,110898.86,110414.62,110448.73,6.56827,3.722676499999929,110058.76469999997,111074.63419999948,110949.80380952358
1757174400,110411.41,110472.9,110034.07,110344.22,12.17229,3.9767334999999293,110052.54104999997,111073.65139999948,110953.39666666645
1757178000,110346.7,110360.76,110094.64,110246.14,2.45984,2.998482999999929,110048.65979999996,111077.29719999949,110962.26428571407
1757181600,110227.64,110367.37,110139.78,110311.68,3.297,3.0323989999999292,110045.49159999996,111079.92659999948,110922.2699999998
1757185200,110311.69,110334.48,110097.66,110124.8,1.97823,3.012411499999929,110040.96589999997,111077.00659999948,110858.60809523787
1757188800,110124.8,110247.04,110115.89,110247.04,1.13267,2.967112499999929,110037.62444999996,111075.9741999995,110791.65714285693
1757192400,110248.67,110298.03,110181.48,110279.78,1.83179,3.0342614999999293,110035.90469999997,111085.6179999995,110776.6157142855
1757196000,110279.77,110303.54,110160.13,110256.25,1.51578,3.0339429999999292,110033.77019999996,111099.67139999948,110742.14190476171
1757199600,110250.29,110362.92,110195.8,110262.56,0.98236,3.029617999999929,110035.56004999997,111117.0935999995,110720.92523809502
1757203200,110262.56,110438.31,110247.04,110422.55,1.00053,3.010666999999929,110039.02619999995,111123.3673999995,110696.11476190457
1757206800,110422.55,110640.48,110390.34,110608.4,1.27868,2.962287499999929,110041.08299999997,111128.1891999995,110665.79809523789
1757210400,110608.4,110736.54,110494.77,110693.45,1.39915,2.965480499999929,110042.39969999997,111137.37959999949,110619.41523809503
1757214000,110713.36,110760.19,110612.25,110649.68,1.93766,2.939239499999929,110042.35164999995,111134.0101999995,110586.48428571408
1757217600,110644.15,110652.54,110502.62,110566.58,0.91985,2.894795999999929,110039.59819999996,111128.8291999995,110572.38904761884
1757221200,110574.92,110710.84,110574.92,110662.77,0.42967,2.7766914999999286,110045.02994999995,111107.9707999995,110569.32333333313
1757224800,110662.77,110662.77,110480.21,110512.07,1.08522,2.7436359999999285,110054.86784999995,111104.9785999995,110562.84047619028
1757228400,110504.33,110917.38,110472.91,110756.38,3.05668,2.689033499999929,110063.77879999996,111109.11359999949,110549.25904761885
1757232000,110756.37,111373.87,110719.63,111073.83,8.04792,2.9011344999999285,110071.80634999996,111099.0665999995,110535.05333333311
1757235600,111071.89,111260.52,110889.95,111118.77,8.75123,3.1587414999999286,110082.10379999995,111083.1875999995,110524.77428571407
1757239200,111121.71,111238.77,111056.49,111206.25,2.60589,3.1225354999999286,110094.49744999995,111069.83779999948,110521.34904761885
1757242800,111206.25,111317.6,111186.97,111317.6,2.7565,2.931946999999929,110106.30469999995,111050.7417999995,110532.77523809503
1757246400,111317.62,111341.74,111098.9,111143.21,3.56913,2.501788999999929,110119.98554999994,111033.3701999995,110544.57285714264
1757250000,111143.22,111247.98,111056.53,111227.94,1.50262,2.4539279999999293,110130.70974999994,111016.0683999995,110555.08095238075
1757253600,111227.01,111407.05,111059.13,111117.39,3.2311,2.4506329999999292,110141.03484999994,110978.4649999995,110576.6442857141
1757257200,111117.39,111347.25,111082.4,111296.07,1.77255,2.4403489999999293,110152.63569999993,110949.8281999995,110609.71476190457
1757260800,111293.77,111332.68,111124.9,111172.94,2.02218,2.484824499999929,110166.16194999995,110929.4337999995,110651.79666666649
1757264400,111172.94,111219.89,110888.22,110953.76,3.58067,2.5722684999999292,110184.08424999996,110906.0901999995,110693.28476190458
1757268000,110959.31,111036.89,110841.16,111017.92,3.25481,2.6592199999999293,110200.82259999994,110882.9023999995,110740.16047619029
1757271600,111016.74,111303.2,111016.74,111267.09,2.85631,2.752917499999929,110214.82999999996,110839.58059999952,110790.07190476172
1757275200,111257.05,111363.96,111151.98,111314.08,6.14088,3.0099349999999294,110227.97439999996,110802.92799999952,110823.72523809504
1757278800,111323.15,111323.15,111031.36,111031.37,1.8114,3.0365709999999293,110241.95309999996,110813.34639999951,110858.87476190456
1757282400,111048.46,111364.65,111005.1,111271.02,2.66232,3.0997294999999294,110255.42504999995,110816.34139999952,110907.0099999998
1757286000,111302.26,111607.37,111090.41,111145.1,2.93312,3.1495024999999295,110269.04294999994,110818.49719999952,110957.08238095218
1757289600,111107.52,111285.93,110745.61,110847.78,6.0878,3.4078999999999295,110281.76959999996,110830.26799999952,110986.07380952363
1757293200,110850.18,110989.15,110744.87,110897.47,3.37216,3.5550244999999294,110293.59874999995,110830.77739999951,111017.62714285696
1757296800,110921.53,111375.92,110629.52,111244.61,3.31971,3.666748999999929,110306.18199999994,110817.78239999952,111039.1342857141
1757300400,111251.89,111367.38,111007.85,111045.77,2.79734,3.6537819999999295,110318.64064999994,110810.16059999954,111048.56761904742
1757304000,111033.39,111229.3,110930.17,110984.24,3.04763,3.403767499999929,110331.75609999996,110820.51159999953,111064.32428571409
1757307600,110981.41,111068.95,110888.09,111036.6,1.9792,3.065165999999929,110343.86609999996,110820.49219999954,111092.03095238075
1757311200,111063.07,111216.17,110896.12,111130.24,2.73826,3.0717844999999286,110356.52629999997,110824.58979999954,111117.44523809504
1757314800,111125.5,111660.07,111125.5,111294.98,6.42433,3.2551759999999286,110367.34534999996,110833.46599999953,111128.29571428553
1757318400,111344.02,111911.83,111258.6,111693.48,8.06363,3.4799009999999284,110377.06334999995,110836.52339999954,111126.52285714269
1757322000,111673.05,112101.5,111589.95,112089.93,11.17174,3.9633569999999287,110387.21079999994,110831.47619999954,111127.06904761886
1757325600,112085.15,112202.24,111933.12,112040.03,12.86609,4.445106499999929,110399.24454999994,110829.92619999955,111131.29428571412
1757329200,112046.19,112134.65,111748.73,112063.75,5.94437,4.65369749999993,110409.85309999993,110834.44299999955,111149.19333333315
1757332800,112092.18,112137.84,111912.95,112045.6,7.41483,4.923329999999929,110421.12964999994,110845.18599999954,111194.27523809506
1757336400,112042.14,112425.5,111864.09,111889.88,13.71515,5.430053999999929,110432.95404999994,110863.33919999954,111232.94619047602
1757340000,111915.57,112767.13,111890.84,112661.14,13.46377,5.9405019999999285,110445.59439999994,110888.10199999953,111278.01095238078
1757343600,112660.21,112923.14,112547.23,112652.55,12.34622,6.414997499999929,110457.61944999993,110909.68079999952,111313.70285714266
1757347200,112655.42,112668.5,112301.1,112391.42,6.95851,6.455878999999929,110468.94564999992,110936.39719999953,111347.84285714266
1757350800,112398.12,112553.31,112090.88,112196.21,5.72801,6.651709499999929,110481.95614999993,110960.74299999952,111429.14666666646
1757354400,112211.5,112533.85,112189.18,112493.53,5.06804,6.771995499999929,110495.80194999994,110981.86299999952,111506.98619047602
1757358000,112500.75,112500.75,111989.12,112105.41,4.5072,6.850699499999929,110509.87409999994,111017.66539999953,111560.52571428554
1757361600,112109.53,112158.22,111882.3,111965.18,5.52944,6.8227814999999294,110525.96089999995,111051.00479999951,111602.53190476172
1757365200,111956.47,112316.86,111911.52,112313.02,3.05129,6.806737999999929,110541.47949999994,111081.53779999951,111672.1585714284
1757368800,112343.59,112520.36,112220.97,112246.4,2.14033,6.74776899999993,110561.10174999996,111116.48739999952,111711.89142857127
1757372400,112268.62,112319.75,112004.89,112084.45,1.97557,6.706680499999931,110580.67179999994,111159.47359999953,111750.9428571427
1757376000,112069.43,112119.86,111479.72,111660.54,5.86993,6.847795499999931,110597.29889999994,111196.65899999952,111820.71619047604
1757379600,111657.55,111759.54,111279.62,111383.13,5.9038,7.044025499999931,110615.53624999995,111229.72899999954,111884.95095238081
1757383200,111378.31,111468.03,111142.25,111345.28,6.35418,7.224821499999932,110634.96579999995,111273.49339999953,111924.94333333318
1757386800,111338.47,111765.04,111257.01,111739.26,3.78867,7.093038499999932,110653.25754999995,111313.48059999952,111954.21809523794
1757390400,111721.03,112120.22,111646.76,112024.76,6.13968,6.996840999999932,110671.38664999996,111349.57399999954,111973.21285714269
1757394000,112027.66,112253.87,111862.79,112208.82,4.40814,6.658660999999933,110690.71924999995,111377.65979999951,111987.91190476174
1757397600,112208.09,113154.29,112164.9,113019.86,27.39493,7.3851029999999325,110709.47209999996,111400.07119999953,112016.9128571427
1757401200,113017.94,113275.92,112720.23,112995.55,17.86373,7.981070999999933,110725.70319999993,111418.52579999952,112051.66428571414
1757404800,112997.47,113180.31,112894.35,113004.67,11.30657,8.175657999999933,110739.27704999995,111441.14299999952,112076.20428571415
1757408400,113004.67,113068.88,112913.37,112975.71,6.13243,7.796521999999934,110751.20589999994,111467.76919999951,112120.48666666655
1757412000,112966.11,113047.64,112649.2,112759.61,6.12805,7.429735999999933,110762.22519999994,111498.95199999952,112165.98761904748
1757415600,112727.06,112834.28,112434.13,112454.31,5.02445,7.0636474999999335,110776.34199999993,111548.01759999953,112210.7933333332
1757419200,112439.28,112861.4,112409.76,112700.32,6.98917,7.065180499999935,110791.25409999995,111594.67319999954,112255.08428571415
1757422800,112678.2,112956.07,112482.13,112780.51,11.63801,7.360680499999934,110807.27069999995,111644.52519999952,112296.49999999987
1757426400,112902.1,113011.64,111562.34,111766.73,39.91499,9.103027999999934,110827.75339999994,111688.91179999954,112286.65095238083
1757430000,111774.55,111875.73,110792.76,110913.44,26.88085,10.221710499999935,110851.37439999994,111722.62739999952,112288.92571428558
1757433600,110917.31,111186.71,110812.55,110998.25,8.2664,10.358558499999935,110875.02304999995,111749.33819999953,112307.4538095237
1757437200,110998.32,111222.84,110913.2,111038.66,8.93694,10.652840999999935,110898.90464999994,111779.21959999953,112287.00238095227
1757440800,111023.5,111318.52,110930.1,111149.3,5.6133,10.826489499999935,110924.27929999997,111808.47779999954,112211.75999999986
1757444400,111153.11,111392.96,111142.67,111317.69,8.03799,11.129610499999936,110948.03054999997,111820.94819999953,112159.03809523798
1757448000,111323.15,111535.74,111086.8,111532.54,6.00131,11.136179499999935,110974.41079999994,111814.65819999954,112114.91809523797
1757451600,111533.48,111713.62,111262.19,111300.36,4.82701,11.082339999999935,110998.70914999994,111812.27539999952,112059.50285714272
1757455200,111315.84,111647.67,111272.32,111560.65,2.80626,10.904943999999935,111017.06014999995,111807.12719999952,112015.27857142847
1757458800,111564.6,111577.25,111350.88,111543.03,2.84466,10.857743499999936,111024.30884999994,111806.65439999953,111988.99714285706
1757462400,111523.82,111564.19,110936.69,110991.74,6.38065,10.869791999999936,111031.23424999995,111813.93299999952,111971.84571428562
1757466000,111017.25,111217.44,110925.71,111039.12,5.22909,10.910839499999936,111038.73804999996,111824.22539999953,111980.29904761894
1757469600,111027.35,111540.33,111027.35,111402.72,5.62967,9.822576499999936,111051.48219999995,111824.89079999953,111989.71571428562
1757473200,111389.49,111589.06,111364.51,111544.99,3.35658,9.097218999999937,111064.09144999993,111829.82219999953,111954.11952380942
1757476800,111559.13,111655.13,111413.07,111530.29,2.59405,8.661592999999938,111076.00524999994,111840.05539999953,111907.1842857142
1757480400,111521.73,111726.12,111377.97,111600.82,3.56773,8.53335799999994,111087.04939999995,111834.46979999953,111868.79857142849
1757484000,111597.78,111980.15,111406.01,111801.84,5.9108,8.522495499999938,111098.67824999994,111832.35019999954,111798.56666666658
1757487600,111751.16,112590.44,111693.82,112537.64,20.45275,9.293910499999939,111112.24854999995,111843.44899999951,111728.79238095228
1757491200,112532.01,112837.45,112343.02,112379.77,19.04826,9.896864999999938,111123.04389999995,111856.39939999953,111661.9423809523
1757494800,112374.96,112435.06,112116.67,112285.05,6.62354,9.646141499999938,111133.43654999995,111862.11299999952,111606.04380952372
1757498400,112296.04,112426.07,112197.56,112260.28,6.2514,7.962961999999936,111143.95764999995,111873.21399999951,111595.47380952371
1757502000,112267.6,112403.72,112129.11,112309.41,6.42946,6.940392499999936,111155.32014999996,111889.56599999953,111591.92428571418
1757505600,112330.72,113555.94,112309.51,113394.69,58.27266,9.440705499999936,111168.47889999994,111919.58679999952,111572.14952380942
1757509200,113386.94,114291.81,113355.11,113949.15,39.44591,10.966153999999936,111187.21699999996,111944.57739999954,111547.37666666659
1757512800,113987.12,114277.06,113801.1,113898.43,19.2382,11.647398999999936,111203.71534999994,111964.37879999953,111573.2185714285
1757516400,113915.78,114106.14,113735.5,113862.7,11.04173,11.797585999999935,111220.07924999995,111975.71479999952,111691.37333333326
1757520000,113873.2,113956.21,113524.85,113700.7,9.07656,11.951348499999936,111236.83544999994,111980.10439999953,111831.8923809523
1757523600,113707.34,114041.77,113381.64,113690.7,6.9716,12.058577999999937,111251.59484999995,112007.19759999952,111968.07190476183
1757527200,113684.59,113859.72,113274.32,113522.42,8.28601,12.332565499999935,111261.89104999995,112044.90559999952,112097.28142857137
1757530800,113516.78,113565.48,113108.07,113530.87,9.36589,12.658626999999935,111271.70374999996,112081.96219999953,112210.75809523802
1757534400,113521.21,113846.62,113515.46,113545.98,9.75977,12.827582999999937,111287.05989999996,112121.41859999952,112313.52761904759
1757538000,113556.49,113813.57,113527.27,113807.93,6.8327,12.907763499999936,111305.68024999996,112142.20979999952,112419.33999999997
1757541600,113816.67,113983.85,113707.39,113874.29,3.91862,12.822210999999935,111323.25604999995,112162.97279999951,112513.15999999995
1757545200,113858.74,114025.01,113773.35,113944.03,5.70682,12.939722999999935,111341.53944999997,112185.5927999995,112608.53857142854
1757548800,113923.59,113982.36,113666.88,113858.21,5.45213,13.082626999999937,111358.23109999996,112212.2859999995,112742.6428571428
1757552400,113860.16,114140.81,113818.93,113911.18,3.93828,13.10115449999994,111374.50784999995,112233.3349999995,112877.6509523809
1757556000,113926.62,113952.14,113710.58,113815.58,2.21849,12.916538999999938,111390.89764999996,112267.3853999995,112998.66571428564
1757559600,113819.83,114411.15,113814.73,114373.67,4.57213,12.122507999999936,111409.80449999994,112305.5675999995,113108.81904761899
1757563200,114377.92,114377.92,114063.34,114125.51,4.30234,11.385211999999935,111433.50254999995,112338.18779999949,113222.19476190468
1757566800,114114.58,114309.69,113939.88,114222.81,3.36631,11.222350499999937,111446.52069999995,112370.4239999995,113327.65952380946
1757570400,114220.84,114453.73,114033.45,114313.58,4.55454,11.137507499999938,111459.00479999995,112406.95859999949,113450.12761904753
1757574000,114341.78,114341.78,113940.1,114077.09,5.13113,11.072590999999937,111474.44134999994,112450.05939999949,113525.74047619037
1757577600,114081,114206.08,113958.04,114060.96,7.12003,8.514959499999938,111489.87599999995,112509.8701999995,113613.5042857142
1757581200,114068.76,114089.79,113794.25,113906.41,7.52417,6.918872499999938,111504.87914999994,112565.4747999995,113710.10095238088
1757584800,113905.06,114107.33,113872.33,114051.3,6.0636,6.2601424999999375,111520.71669999993,112615.1457999995,113796.61571428561
1757588400,114066.69,114122,113911.08,114032.64,8.32001,6.124056499999937,111538.48969999993,112660.92219999949,113880.02285714274
1757592000,114065.12,114620.06,113527.87,114007.2,53.25234,8.332845499999937,111552.12704999992,112698.28759999947,113904.39047619037
1757595600,114033.48,114740.89,113440.54,114645.01,24.33102,9.200816499999936,111567.73079999993,112719.10959999949,113909.25476190468
1757599200,114690.16,114721.44,113977.83,114506.64,11.74671,9.373851499999937,111583.07449999993,112737.32679999947,113915.64571428562
1757602800,114487.8,114769.95,114049.84,114248.94,9.07788,9.359450999999936,111597.52244999993,112758.25939999949,113922.52666666658
1757606400,114237.99,114634.89,114237.99,114548.77,6.31512,9.187218499999936,111611.41099999992,112779.3979999995,113967.49380952373
1757610000,114549.69,114663.63,114406.3,114651.83,4.36847,9.064006999999936,111625.22639999991,112804.3497999995,114006.348095238
1757613600,114647.91,114675.64,114162.16,114353.81,5.2044,9.128295999999937,111638.85879999991,112848.1637999995,114040.9442857142
1757617200,114330.58,114580.33,114219.45,114474.58,4.64599,9.075254499999938,111654.13764999992,112884.2901999995,114089.41571428564
1757620800,114470.69,114545.66,114300.52,114445.65,4.61918,9.033606999999936,111669.27599999993,112913.65879999948,114142.07523809517
1757624400,114446.63,114561.03,114446.63,114527.68,2.46658,8.960021999999936,111689.18929999993,112969.29959999949,114168.06952380948
1757628000,114567.58,115278.51,114470.03,115141.46,15.34386,9.616290499999938,111708.13959999992,113044.06739999948,114196.65476190472
1757631600,115143.17,115527.7,115143.17,115520.34,6.52222,9.713794999999937,111723.81134999992,113111.17859999948,114220.54142857136
1757635200,115514.44,116328.01,115441.17,115864.04,20.5932,10.528337999999938,111741.33319999994,113179.89699999949,114252.4209523809
1757638800,115893.13,116035.39,115395.69,115409.9,11.48921,10.934482999999938,111757.87884999992,113245.8239999995,114311.00571428568
1757642400,115409.77,115696.24,115299.29,115429.46,6.25771,11.019641499999938,111772.24174999993,113310.0237999995,114392.18476190473
1757646000,115413.72,115452.69,115077.22,115231.85,6.39162,11.082665999999936,111787.11044999995,113382.2021999995,114463.15476190472
1757649600,115216.52,115539.22,115107.31,115389.59,4.59029,10.956178999999937,111803.46409999994,113466.6017999995,114524.31619047615
1757653200,115391.1,115708.13,115339.59,115669.31,9.76909,11.068424999999937,111818.47614999994,113552.6695999995,114581.77571428567
1757656800,115658.87,115658.87,115285.61,115333.97,7.95983,11.163236499999936,111832.64889999996,113630.00699999949,114625.50285714284
1757660400,115366.45,115446.29,115127.04,115127.06,5.36524,11.015497999999937,111848.99924999995,113718.76139999951,114688.00285714284
1757664000,115129.87,115296.86,114947.88,115060.93,9.60935,8.833348499999937,111868.83994999994,113802.6159999995,114764.59095238091
1757667600,115069.97,115145.34,114899.34,115075.87,8.65649,8.049621999999937,111884.10544999994,113882.3533999995,114832.56999999996
1757671200,115079.79,115160.09,114973,115059.05,11.40312,8.032442499999936,111901.04359999992,113964.83979999948,114883.79666666665
1757674800,115044.17,115208.85,114931.1,114962.69,4.4326,7.800178499999937,111916.08909999992,114040.91339999948,114932.7628571428
1757678400,114966.27,115242.82,114775.85,115148.92,7.0066,7.8347524999999365,111931.74449999991,114111.43819999948,114983.65190476186
1757682000,115158.75,115261.64,114878.09,115196.75,10.75127,8.153892499999937,111949.98564999994,114176.61999999947,115003.36809523805
1757685600,115215.85,115547.37,114873.06,115294.37,9.53914,8.370629499999938,111966.68924999994,114227.38459999947,115025.08476190471
1757689200,115307.16,115324.4,114983.34,115152.46,6.10131,8.443395499999937,111983.52759999993,114280.97019999947,115067.9409523809
1757692800,115150.52,115557.76,115050.74,115544.93,5.28885,8.476878999999936,111998.20839999993,114334.52299999946,115098.79714285706
1757696400,115559.93,116016.58,115447.45,115871.77,22.37992,9.472545999999937,112013.59049999993,114392.29579999948,115129.39428571421
1757700000,115888.58,116574.41,115828.23,116553.22,13.26248,9.368476999999938,112031.45569999993,114450.04259999948,115167.42523809518
1757703600,116545.29,116793.27,116297.75,116761,20.16824,10.050777999999937,112050.35669999993,114488.03619999946,115218.39428571422
1757707200,116748.18,116748.18,116031.94,116212.19,15.2292,9.782577999999937,112071.29469999991,114512.10239999946,115286.30476190468
1757710800,116190.99,116194.87,115773.14,115866.64,5.38699,9.477466999999937,112093.77704999993,114545.03239999946,115382.759047619
1757714400,115866.72,116296.13,115841.74,115955.95,4.3473,9.381946499999938,112118.09849999993,114585.21379999947,115459.87999999996
1757718000,115949.81,116100.81,115847.63,115969.53,1.85225,9.154977999999938,112141.38759999993,114642.26419999945,115492.82523809517
1757721600,115974.11,116201.38,115887.09,116128.43,2.52457,9.051691999999937,112165.59294999992,114703.67019999945,115492.94904761898
1757725200,116131.81,116195.44,115512.46,115673.36,5.43376,8.834925499999937,112190.53669999994,114757.46559999947,115518.95142857137
1757728800,115673.38,115893.54,115610.16,115783.5,1.51261,8.512564499999936,112219.85914999993,114804.18099999946,115544.66904761897
1757732400,115777.74,115912.77,115738.96,115836.8,2.46639,8.367621999999937,112249.39359999994,114852.38039999947,115587.36333333325
1757736000,115836.8,115837.74,115547.58,115575.39,1.47513,7.960910999999936,112275.40069999994,114895.61239999947,115600.87619047612
1757739600,115575.39,115692.6,115527.45,115576.2,4.50517,7.753344999999936,112302.23214999994,114940.69519999948,115606.31380952374
1757743200,115582.66,115679.82,115524.02,115644.94,3.60124,7.363250999999936,112332.70174999993,114975.28179999947,115630.25809523802
1757746800,115644.93,115764.02,115602.37,115658.94,3.05655,7.294448499999935,112364.83204999992,115013.78759999947,115651.60714285707
1757750400,115668.81,115988.04,115668.8,115908.06,3.37932,7.113084499999935,112398.27134999992,115052.29999999946,115676.14380952374
1757754000,115919.39,115963.62,115791.62,115951.93,4.42048,6.796544999999935,112427.58259999992,115087.49619999947,115703.24238095233
1757757600,115945.37,116099.95,115857.72,115879.51,5.00123,6.569649499999935,112456.47034999993,115111.54679999947,115731.80857142853
1757761200,115879.52,115947.7,115812.04,115894.8,2.65539,6.397353499999935,112486.5530499999,115141.93539999945,115776.82619047615
1757764800,115894.8,115977.75,115787.62,115911.48,2.42437,6.254129499999935,112512.30639999991,115170.65799999944,115815.06476190471
1757768400,115911.48,115917.29,115405.97,115608.86,10.98211,5.684238999999935,112537.57934999993,115202.54759999945,115847.57714285709
1757772000,115618.4,115760.71,115448.04,115595.64,8.94219,5.468224499999935,112558.47669999993,115240.04439999946,115876.16904761897
1757775600,115595.63,115701.5,115334.93,115458.71,12.09648,5.064636499999935,112582.98134999994,115276.41539999945,115912.31285714278
1757779200,115466.6,115504.94,114797.95,114947.24,14.1634,5.011346499999934,112610.08814999994,115316.18319999946,115915.35714285707
1757782800,114947.81,115202.08,114781.6,115197.92,10.24813,5.254403499999935,112634.08764999993,115353.38679999945,115902.208095238
1757786400,115192.51,115369.14,115064.55,115362.47,5.75002,5.3245394999999345,112656.68254999994,115384.91119999945,115850.0885714285
1757790000,115362.47,115520.63,115291.94,115517.9,3.42798,5.403325999999935,112679.50524999994,115416.67999999944,115763.71904761896
1757793600,115517.9,115695.38,115509.42,115634.49,3.29331,5.441762999999936,112701.72829999994,115432.95399999944,115715.4204761904
1757797200,115628.01,115721.1,115581.29,115647.44,2.57677,5.298913499999935,112721.64779999993,115441.76599999944,115691.4123809523
1757800800,115658.36,115679.82,115561.92,115602.82,1.61029,5.303797499999936,112739.93139999993,115460.74559999944,115670.55285714279
1757804400,115602.82,115698.32,115563.24,115603.49,0.89678,5.225316999999936,112752.23024999994,115477.01959999945,115654.59857142849
1757808000,115599.9,115694.49,115508.93,115618.6,1.65467,5.234293999999935,112763.77599999994,115494.34099999946,115631.6942857142
1757811600,115608.59,115692.78,115447.93,115654.48,0.95922,5.056996499999935,112778.07899999995,115519.95459999944,115628.33523809517
1757815200,115662.59,115770.5,115413.98,115533.22,2.1462,4.984244499999934,112793.33939999994,115543.41179999946,115619.76333333326
1757818800,115538.99,115543.04,115310.03,115345.92,1.91997,4.927415499999935,112808.99224999992,115566.55519999945,115609.3728571428
1757822400,115345.94,115431.29,115094.21,115409.51,1.66181,4.841539999999935,112820.74729999993,115588.07139999946,115613.13904761898
1757826000,115414.52,115621.49,115402.99,115557.01,3.35374,4.788202999999935,112833.34099999993,115597.61419999946,115611.09238095231
1757829600,115557.01,115626.13,115355.17,115377.61,1.37921,4.607101999999935,112858.09499999993,115600.29699999945,115596.85333333326
1757833200,115377.6,115459.63,115356.66,115447.88,1.90742,4.569703499999935,112882.09239999992,115593.68059999947,115584.97571428564
1757836800,115447.88,115615.43,115401.32,115564.71,2.30931,4.563950499999935,112905.63474999992,115592.40099999946,115568.25904761898
1757840400,115564.7,115834.23,115521.17,115728.89,3.25831,4.177760499999935,112930.51439999994,115592.00199999947,115540.91047619039
1757844000,115728.89,115832.85,115657.77,115752.66,4.12596,3.9369489999999354,112951.73744999991,115598.50519999946,115520.35666666659
1757847600,115756.42,115859.85,115460.34,115520.22,8.85498,3.7748739999999352,112970.06144999992,115598.26559999945,115504.638095238
1757851200,115521.01,115582.86,115414.28,115511.14,3.26777,3.230092499999935,112988.84844999992,115593.83699999945,115495.94333333324
1757854800,115511.13,115529.15,114946.15,115079.35,8.2525,3.130310999999935,113013.49574999991,115598.45179999946,115502.79095238086
1757858400,115077.49,115431.28,114875.53,115074.35,9.42515,3.314067499999935,113036.14004999991,115610.48839999946,115499.19952380941
1757862000,115071.03,115103.4,114861.72,114892.08,6.01072,3.443204499999935,113059.9164999999,115624.32299999947,115501.69619047608
1757865600,114884.9,115224.01,114853.71,115208.02,4.33858,3.495467999999934,113083.7360499999,115633.20999999945,115507.98714285705
1757869200,115208.02,115426.26,115133.11,115312.93,6.40203,3.6867309999999343,113107.91599999991,115642.25179999946,115502.10285714276
1757872800,115312.93,115312.93,115051.2,115061.43,3.80263,3.7963479999999334,113130.4962999999,115644.58499999945,115479.70333333325
1757876400,115061.44,115278.27,114991.1,115278.27,2.90018,3.8965179999999338,113152.5268999999,115643.09359999945,115464.94714285704
1757880000,115280.36,115559.75,115280.36,115519.02,4.7426,4.050914499999934,113175.5605999999,115637.00019999946,115449.63476190466
1757883600,115543.81,116071.22,115537.1,116050.63,28.19977,5.4129419999999335,113197.1681999999,115635.27319999946,115421.72952380941
1757887200,116031.84,116052.44,115776.48,115966.17,18.21075,6.216169499999934,113218.61084999988,115638.48259999946,115406.27476190463
1757890800,115982.17,115982.17,115151.65,115311.67,3.87887,6.314114499999934,113238.81229999987,115628.81259999945,115402.25238095227
1757894400,115317.98,115317.98,114988.61,115097.7,3.37926,6.399986999999934,113260.04694999989,115616.94259999946,115422.8252380951
1757898000,115081.34,115316.59,114851.16,115268.52,3.29887,6.3972434999999335,113282.97194999989,115596.25859999945,115437.66761904748
1757901600,115265.74,115481.06,115243.41,115391.87,1.71772,6.414168999999933,113304.13754999988,115582.05119999943,115427.1176190475
1757905200,115398.95,115604.86,115383.56,115451.34,0.83978,6.360786999999933,113326.35949999987,115577.13079999945,115415.2976190475
1757908800,115467.78,116169.57,115427.81,116067.88,6.73007,6.581824999999934,113349.5994999999,115566.03139999945,115408.58380952368
1757912400,116068.41,116583.13,116024.28,116533.55,6.84502,6.761160499999934,113374.92474999989,115548.86639999943,115400.71999999987
1757916000,116542.04,116777.39,116072.97,116148.92,10.62919,7.086321999999934,113400.4317499999,115534.84619999943,115404.23095238082
1757919600,116165.75,116432.2,115634.17,115841.6,9.53005,7.120075499999933,113424.74644999989,115520.11499999942,115433.75476190464
1757923200,115846.52,115862.94,114759.26,114762.89,38.28471,8.870922499999931,113448.51384999989,115515.67459999943,115479.88999999987
1757926800,114762.89,115255.66,114665.43,114922.25,21.48062,9.532328499999931,113473.6257499999,115521.36219999945,115499.89142857128
1757930400,114946.71,115021.21,114786.01,114817.75,10.98784,9.610462999999932,113499.0266999999,115535.29719999943,115504.12666666652
1757934000,114842.18,115262.37,114798.18,115122.01,5.72331,9.596092499999932,113525.6593999999,115546.76779999943,115468.06333333318
1757937600,115149.22,115174.15,114737.9,114796.58,9.10082,9.834204499999931,113554.76359999989,115552.07579999944,115440.02095238082
1757941200,114798.53,115171.72,114401.69,114723.56,14.87405,10.257805499999932,113586.03244999988,115534.43479999945,115427.56380952366
1757944800,114693.32,115107.89,114505.91,114740.71,8.47502,10.491424999999932,113615.49579999987,115519.70099999943,115429.8333333332
1757948400,114729.23,114983.12,114479.57,114902.29,7.89084,10.740957999999932,113643.39099999987,115497.89479999944,115425.28571428558
1757952000,114909.12,114982.67,114632.21,114705.99,5.4574,10.776697999999932,113665.09269999988,115481.29639999945,115402.21619047606
1757955600,114695.61,115156.5,114636.25,115156.5,6.29813,9.68161599999993,113686.66194999988,115459.63779999946,115374.96761904747
1757959200,115150.11,115388.48,114935.07,115334.47,7.86301,9.164228999999931,113707.28344999987,115436.21299999945,115367.38952380938
1757962800,115346.24,115583.27,115027.87,115328.96,8.63722,9.402146499999933,113729.64509999989,115412.79759999945,115340.13809523794
1757966400,115311.77,115523.58,115174.79,115410.95,7.02625,9.584495999999934,113750.7950999999,115398.66619999945,115322.87523809508
1757970000,115427.81,115582.39,115284.49,115567.58,5.79617,9.709360999999934,113771.0990499999,115380.87319999946,115288.77238095223
1757973600,115563.76,115642.84,115272.3,115330.01,2.91612,9.769280999999934,113792.24224999988,115374.82899999946,115258.4290476189
1757977200,115337.35,115517.91,115272.13,115391.8,1.92921,9.823752499999935,113812.97179999988,115382.57359999945,115263.15666666653
1757980800,115402.15,115402.15,114970.51,115113.89,2.72444,9.623470999999935,113831.13259999988,115385.19439999945,115285.53190476177
1757984400,115125.99,115547.85,115052.19,115066.79,2.15181,9.388810499999934,113851.32124999989,115386.16399999945,115288.45999999988
1757988000,115077.31,115283.35,115067.36,115079.22,1.26816,8.920758999999935,113871.96234999989,115387.15759999945,115288.45666666655
1757991600,115096.81,115474.83,115096.81,115344.07,2.66608,8.577560499999935,113892.01914999988,115381.06799999945,115272.3876190475
1757995200,115343.5,115594.49,114977.36,115534.81,3.04004,6.815326999999935,113913.35784999987,115375.95519999944,115224.71666666654
1757998800,115537.28,115988.74,115484.26,115973.15,10.0506,6.2438259999999355,113935.05604999987,115366.17659999944,115155.46285714273
1758002400,116018.07,116084.24,115637.47,115834.64,5.81974,5.985420999999935,113956.11914999987,115355.44259999944,115117.13666666654
1758006000,115840.97,115966.77,115782.77,115893.23,4.69315,5.933912999999935,113976.59779999986,115344.65499999945,115102.52761904748
1758009600,115892.71,116053.11,115598.23,115725.61,6.13417,5.785580499999935,113996.30254999986,115338.44679999944,115160.1590476189
1758013200,115746.22,115801.8,115507.67,115528.78,12.10856,5.647305999999935,114016.86769999987,115338.47859999943,115203.60619047606
1758016800,115505.31,115656.92,115390.4,115404.25,8.53581,5.6503454999999345,114037.17419999986,115351.02319999944,115254.81952380939
1758020400,115384.09,115469.09,115210.75,115314.28,8.08442,5.660024499999935,114057.55909999985,115359.52579999944,115283.56238095225
1758024000,115332.29,115514.29,115308.36,115468.42,8.07409,5.7908589999999345,114078.66274999986,115366.25019999946,115318.4290476189
1758027600,115503.94,115633.85,114785.53,115249.76,13.21294,6.136599499999934,114103.37164999984,115373.21019999945,115350.8428571427
1758031200,115251.75,115397.5,114867.17,115345.91,11.13931,6.300414499999934,114126.18974999984,115374.82819999945,115378.15571428559
1758034800,115313.79,115951.17,115064.61,115951.17,8.88662,6.312884499999934,114149.93039999984,115371.61899999947,115405.11428571415
1758038400,115959.4,116122.03,115661.07,116110.5,6.78616,6.300879999999934,114174.31954999984,115363.32679999946,115431.00809523796
1758042000,116132.02,116948.05,116132.02,116533.37,18.00786,6.911464499999934,114197.47609999983,115357.64199999945,115440.02761904747
1758045600,116525.77,116831.61,116238.71,116468.45,10.88228,7.3097724999999345,114218.27429999983,115352.23279999946,115469.39428571414
1758049200,116466.2,116872.21,116441.33,116856.81,9.7792,7.702271999999934,114239.61684999982,115348.92819999946,115506.61047619031
1758052800,116851.88,116985.71,116749.39,116917.69,6.38368,7.885233999999935,114262.03774999981,115366.36459999946,115560.05904761888
1758056400,116892.86,116977.78,116630.2,116853.91,5.98574,8.076930499999934,114283.10354999983,115387.08759999948,115602.95761904746
1758060000,116890.37,117024.37,116764.4,116917.13,2.56621,8.141832999999934,114304.1818999998,115419.91339999945,115675.66238095221
1758063600,116920.12,116999.23,116699.55,116851.56,2.2884,8.122948999999934,114327.46284999979,115445.12199999945,115748.32380952363
1758067200,116844.11,116884.06,116616.86,116622.97,2.24087,8.082990499999934,114349.54794999979,115475.99959999946,115831.18190476172
1758070800,116623.9,116846.32,116561.81,116737.86,2.76678,7.7187994999999345,114371.7651499998,115513.12479999947,115919.29333333316
1758074400,116729.34,117122.05,116608.86,116729.44,3.18398,7.587011499999934,114393.90724999981,115544.63759999946,116003.6904761903
1758078000,116734.37,116806.52,116415.21,116415.21,4.577,7.581203999999934,114417.8725499998,115572.59979999944,116064.5904761903
1758081600,116412.34,116540.91,116219.28,116382.97,2.15764,7.382377499999933,114442.2329999998,115588.61839999945,116121.87857142839
1758085200,116394.76,117272.95,116394.76,117176.55,11.26319,7.3401089999999325,114467.0531499998,115601.75439999945,116157.8923809522
1758088800,117169.01,117334.44,117040.82,117282.38,11.23747,7.475191999999933,114488.3330999998,115630.27819999946,116185.53857142838
1758092400,117263.75,117321.97,117156.8,117215.86,9.70814,7.556377999999933,114509.32814999981,115662.91299999945,116208.85952380934
1758096000,117217.79,117242.7,116723.43,116918.36,14.3578,7.870563499999932,114530.48589999981,115685.84679999946,116277.95190476172
1758099600,116933.83,116933.83,116622.34,116625.82,8.11398,7.615615499999931,114553.1941499998,115705.66879999946,116361.45666666648
1758103200,116624.83,116686.99,116294.01,116412.74,7.06837,7.412068499999931,114574.37369999981,115740.17299999947,116447.72380952362
1758106800,116418.65,116430.3,116278.02,116299.29,4.85809,7.210641999999932,114595.9226999998,115764.46299999945,116524.10857142838
1758110400,116305.97,116577.53,116168.05,116277.23,12.9763,7.5201489999999325,114618.01164999981,115778.10919999945,116579.22285714267
1758114000,116289.01,116412.45,115952.92,116141.55,14.91436,7.365473999999932,114642.32929999981,115793.49799999945,116634.60285714266
1758117600,116124.81,116303.35,115533.17,115675.26,12.66585,7.454652499999932,114667.50919999981,115809.18239999947,116680.00190476172
1758121200,115670.38,115931.05,115583.12,115889.77,9.87461,7.459422999999932,114693.16624999982,115842.17939999946,116695.52857142838
1758124800,115902.49,115902.49,115438.17,115690.1,8.90154,7.585315999999932,114719.4553499998,115869.72019999946,116697.00714285694
1758128400,115664.71,116337.33,115580.14,115608.85,12.61027,7.916542499999932,114745.66879999981,115898.90979999947,116656.14476190456
1758132000,115772.82,116351.27,114732.9,115262.73,106.44188,13.11032599999993,114771.00609999981,115919.30059999946,116628.5885714284
1758135600,115256.88,116014.6,115131.62,115683.22,26.40332,14.316071999999929,114793.80624999982,115936.87419999948,116573.03095238077
1758139200,115711.08,116175.94,115518.7,115640.42,11.0711,14.75758349999993,114815.06859999982,115960.19839999946,116510.70523809505
1758142800,115638.45,116122.83,115333.47,116045.69,9.42487,15.090487999999931,114834.73224999983,115979.18619999946,116434.93476190457
1758146400,116081.47,116819.94,116081.47,116579.41,11.20406,15.491491999999932,114848.00924999983,115993.31739999945,116376.17714285695
1758150000,116577.44,117010.54,116371.96,116443.92,11.50474,15.837878999999933,114862.48034999984,116004.45219999945,116318.50380952361
1758153600,116440.67,116486.01,116120.61,116383.25,7.18112,16.089052999999932,114875.90749999983,116014.98659999947,116291.0142857141
1758157200,116396.48,116884.03,116350.76,116672.61,5.30949,15.791367999999931,114889.07319999985,116021.10559999947,116283.46904761886
1758160800,116679.62,116959.1,116455.12,116951.64,3.73822,15.416405499999934,114901.58879999984,116035.44019999947,116269.87285714266
1758164400,116982.33,117888.39,116931.04,117579.69,30.90204,16.476100499999934,114917.73334999983,116058.80939999947,116268.35095238076
1758168000,117596.06,117769.75,117292.3,117630,20.60034,16.788227499999934,114932.43384999983,116076.33619999947,116282.14333333315
1758171600,117639.21,117640.99,117201.72,117309.64,8.25513,16.795284999999932,114948.75974999985,116097.40099999949,116271.43333333315
1758175200,117335.51,117353.11,116936.02,117119.63,14.35289,17.15951099999993,114972.82314999985,116123.01719999948,116285.59095238076
1758178800,117112.68,117251.07,117076.59,117107.33,10.19284,17.426248499999932,115000.47554999984,116159.77219999948,116305.3119047617
1758182400,117101.13,117429.9,116998.71,117248.11,9.28588,17.241727499999932,115027.40054999985,116210.0301999995,116323.9442857141
1758186000,117280.69,117386.42,117146.5,117335.88,9.56477,16.974247999999935,115055.57029999985,116261.04579999948,116347.45904761886
1758189600,117332.89,117352.4,117104.51,117227.85,5.30993,16.606451999999937,115084.58199999986,116300.35719999946,116380.53476190456
1758193200,117229.84,117341.66,117032.5,117098.11,8.36657,16.531049999999937,115115.89199999986,116332.05359999948,116425.71666666649
1758196800,117085.23,117309.93,117012.96,117143.37,9.00382,16.536163999999935,115146.37929999987,116354.73719999946,116476.12857142839
1758200400,117129.48,117626.92,117070.23,117489.17,22.04879,17.008089999999935,115176.42569999988,116383.00659999948,116527.85714285694
1758204000,117440.69,117862.72,117418.76,117658.13,29.2729,13.149640999999937,115204.22059999987,116411.85959999947,116595.61190476171
1758207600,117669.39,117740.81,117297.29,117628.96,10.14871,12.336910499999936,115232.04209999988,116441.90439999946,116655.30714285695
1758211200,117639.93,117839.13,117513.15,117610.25,8.75251,12.220980999999936,115263.32394999986,116473.29099999946,116740.97714285697
1758214800,117608.22,117789.09,117446.64,117611.54,10.04752,12.252113499999936,115294.80774999988,116508.07339999946,116838.56190476172
1758218400,117593.85,117930.63,117539.42,117834.47,9.09787,12.146803999999936,115323.93339999986,116551.57119999945,116951.23952380933
1758222000,117839.47,117839.48,117188.27,117467.3,9.30574,12.036853999999938,115351.69899999988,116595.36539999946,117043.00285714267
1758225600,117436.41,117680.69,117347.9,117510.88,7.54527,12.055061499999937,115379.76439999988,116642.94939999946,117136.86571428552
1758229200,117487.83,117517.27,117312.77,117332.62,3.072,11.943186999999936,115409.20614999987,116688.23619999945,117222.04571428553
1758232800,117325.19,117358.29,117061.76,117080.24,4.46123,11.979337499999936,115438.48759999989,116721.44359999947,117264.32619047601
1758236400,117081.24,117200.84,116664.33,117101.44,10.22135,10.945302999999935,115463.94419999987,116755.92299999947,117315.13380952363
1758240000,117121.92,117468.94,117016.89,117467.02,4.01327,10.115949499999937,115490.09659999987,116774.60159999946,117360.3419047617
1758243600,117466.54,117488.87,117143.83,117269.36,2.64787,9.835586499999938,115516.72904999988,116795.45019999947,117379.75285714267
1758247200,117270.36,117332.5,117098.6,117141.22,1.93713,9.214798499999937,115544.59999999989,116804.96639999948,117386.88619047598
1758250800,117179.03,117342.43,116915.92,117015.72,3.07202,8.858757499999937,115570.38944999989,116808.21739999948,117381.52095238077
1758254400,117020.44,117128.84,116742.44,117024.32,4.97184,8.643055499999937,115590.97039999987,116813.16799999947,117364.34761904743
1758258000,117034,117066.52,116849.48,116928.56,6.47512,8.488572999999937,115607.88774999988,116824.16579999946,117356.32761904744
1758261600,116897.85,116910.53,116651.92,116713.86,7.02667,8.574409999999936,115623.79679999987,116832.52179999946,117351.37952380933
1758265200,116734.71,117054.92,116726.08,116953.17,10.31458,8.671810499999937,115639.99049999988,116842.88679999947,117347.42666666646
1758268800,116928.32,117188.74,116909.94,116964.96,9.61775,8.702506999999937,115658.8220999999,116848.44399999946,117332.20999999979
1758272400,116962.72,117128.18,116541.2,116567.46,9.18391,8.059262999999937,115676.71539999988,116854.34159999946,117302.58999999978
1758276000,116590.27,116624.21,116504.92,116600.98,8.38753,7.014994499999938,115694.80939999988,116864.60859999947,117289.50999999978
1758279600,116594.96,116629.09,116349.81,116450.96,7.162,6.865658999999939,115712.2336499999,116871.22639999946,117283.16952380928
1758283200,116451.45,116594.19,116155.39,116227.3,10.37642,6.946854499999938,115729.62534999989,116866.75879999947,117255.74523809501
1758286800,116236.22,116546.74,116129.44,116359.02,8.86468,6.887712499999938,115745.22849999988,116860.41039999947,117213.45047619025
1758290400,116373,116546.07,115873.09,115984.64,8.71893,6.868765499999938,115759.42634999989,116847.44239999948,117155.96619047597
1758294000,115970.88,116048.5,115569.58,115965.28,17.64828,7.285892499999937,115774.47204999987,116841.09479999948,117089.22047619025
1758297600,115988.97,116210.99,115875.56,116190.25,6.55689,7.2364734999999385,115790.00579999987,116837.59759999947,117029.63809523787
1758301200,116194.19,116201.96,115624.92,115624.92,6.83158,7.424452499999939,115803.28719999988,116833.88879999949,116952.16666666644
1758304800,115622.96,115719.21,115457.69,115507.49,6.75332,7.539056999999938,115817.21419999987,116835.08339999948,116863.1576190474
1758308400,115499.63,115564.57,115201.27,115218.04,11.22492,7.589235499999939,115827.60064999986,116829.23159999948,116802.34571428547
1758312000,115221.97,115526.55,115201.48,115483.6,6.10529,7.693836499999938,115838.10959999988,116825.70619999948,116712.53809523785
1758315600,115486.7,115678.5,115431.87,115601.37,2.51741,7.687313499999938,115848.79064999986,116836.00599999946,116625.6271428569
1758319200,115601.38,115780.62,115601.37,115739.74,1.18211,7.649562499999938,115857.14594999986,116830.70899999946,116536.95095238069
1758322800,115739.73,115791.75,115591.2,115784.31,1.39845,7.565883999999937,115866.58689999986,116827.05679999948,116459.9109523807
1758326400,115783.29,115880.68,115703.03,115873.89,2.36142,7.435362999999938,115877.23334999986,116819.24059999947,116371.07047619023
1758330000,115862.38,115870.64,115750.02,115781.47,1.19439,7.171326499999938,115885.82589999985,116823.65799999949,116298.23142857118
1758333600,115778.39,115778.39,115608.71,115745.28,1.22785,6.881385499999938,115893.10684999985,116822.02099999947,116233.61666666644
1758337200,115745.28,115751.44,115567.81,115600.38,0.53908,6.392610499999938,115899.03384999985,116824.00739999948,116179.24380952357
1758340800,115600.38,115744.64,115575.61,115720.4,0.74973,5.949209499999937,115906.41584999984,116818.77979999947,116120.06047619024
1758344400,115720.4,115893.04,115670.87,115892.32,1.42206,5.561116999999937,115911.19764999984,116804.66939999947,116063.71380952356
1758348000,115892.32,115895.36,115797,115875.78,1.41117,5.212298999999938,115917.36314999984,116791.42039999946,116010.6909523807
1758351600,115875.79,116157.93,115861.74,116129.73,3.90454,5.049425999999937,115925.03999999985,116778.66099999945,115951.98761904734
1758355200,116129.72,116138.3,115883.15,115889.1,3.9758,4.729394999999938,115931.66559999986,116757.21639999947,115900.90952380924
1758358800,115889.11,115988.96,115821,115827.37,3.53834,4.463077999999937,115937.31379999986,116732.59159999948,115867.97238095211
1758362400,115827.36,115971.19,115827.36,115921.4,2.06002,4.130132499999937,115944.27114999985,116698.84419999945,115845.53190476164
1758366000,115921.42,116080.24,115921.4,116053.56,2.35545,3.3654909999999374,115949.90014999986,116663.75979999946,115818.77666666641
1758369600,116050.85,116118.01,115974.46,116063.58,2.90155,3.1827239999999373,115956.27389999985,116640.16159999947,115799.7323809521
1758373200,116063.57,116122.53,116029.33,116086.17,3.26479,3.0043844999999374,115963.09709999985,116615.55099999945,115778.89333333308
1758376800,116086.18,116172.89,116045.83,116118.86,4.18826,2.876131499999937,115966.76869999986,116589.95179999946,115782.17523809498
1758380400,116136.27,116290.35,116113.79,116159.51,6.62646,2.646208499999937,115969.81564999986,116563.41759999946,115786.85619047593
1758384000,116160.57,116246.21,116043.86,116212.25,1.25864,2.4038759999999373,115969.94094999987,116537.77119999945,115781.89999999973
1758387600,116212.26,116267.22,115983.78,115989.9,2.57955,2.4069829999999373,115972.02829999987,116514.48579999946,115805.42095238068
1758391200,115981.59,115988.59,115864.19,115884.11,1.47436,2.421595499999937,115974.48799999988,116494.24699999945,115836.46952380925
1758394800,115884.11,115972.52,115862.47,115862.47,1.7493,2.4391379999999367,115978.59654999986,116473.75679999945,115883.81285714258
1758398400,115862.46,115957.78,115857.76,115887.84,1.5489,2.398511999999937,115981.96649999985,116447.16359999945,115907.92238095209
1758402000,115887.84,116093.23,115887.84,115965.58,1.39168,2.408376499999937,115984.05079999985,116418.24599999946,115921.38619047593
1758405600,115965.57,115973.76,115918.78,115957.63,0.76954,2.385460999999937,115987.97524999986,116385.46479999946,115927.2304761902
1758409200,115957.63,115960.04,115797.2,115860.24,1.44063,2.4305384999999373,115993.13749999985,116350.94199999947,115932.16047619021
1758412800,115860.25,115885.71,115686.51,115802.33,1.83396,2.484749999999937,115998.89409999986,116315.96059999947,115936.52666666641
1758416400,115802.33,115802.33,115614.61,115636.33,0.92734,2.460013999999937,116003.46424999986,116277.02799999947,115944.91523809498
1758420000,115638,115815.36,115569.8,115788.2,1.80241,2.479575999999937,116007.58954999987,116246.99359999948,115950.38952380924
1758423600,115788.2,115820.49,115719.26,115779.25,1.5567,2.3621839999999374,116012.08844999988,116215.92859999948,115960.00619047592
1758427200,115779.67,115790.75,115614.61,115620.4,0.50287,2.1885374999999376,116015.78304999987,116186.48099999948,115956.00285714256
1758430800,115620.4,115790.58,115599.01,115790.58,0.71811,2.047525999999938,116019.62719999987,116160.92279999949,115951.04476190449
1758434400,115793.98,115913.97,115793.98,115814.43,1.32166,2.010607999999938,116022.94349999986,116131.62059999949,115946.4480952378
1758438000,115815.23,115949.01,115725.5,115949.01,2.14074,1.9998724999999378,116026.48239999988,116098.0441999995,115922.194285714
1758441600,115947,115949.98,115710.03,115781.79,2.37922,1.9737559999999377,116027.76939999986,116068.24199999949,115917.50285714256
1758445200,115781.79,115878.58,115476.44,115829.12,3.6073,1.9908814999999378,116026.59219999988,116037.82559999949,115916.88666666641
1758448800,115829.12,115853.09,115634.23,115651.76,2.785,1.9207184999999378,116022.76709999988,116013.32279999949,115918.20142857116
1758452400,115651.76,115826.36,115638.42,115764.78,3.07853,1.7433219999999376,116017.85834999986,115989.12499999949,115905.25999999973
1758456000,115764.79,115897.38,115764.79,115793.67,3.06837,1.8338084999999378,116014.89939999986,115969.5339999995,115894.09523809497
1758459600,115793.67,115873.31,115749.46,115771.38,2.17829,1.8137454999999378,116014.51909999987,115950.89259999951,115873.40904761877
1758463200,115771.39,115801,115585.56,115585.56,2.28665,1.854359999999938,116013.81149999988,115928.4115999995,115856.54809523781
1758466800,115585.56,115703.85,115567.81,115612.26,2.34809,1.884299499999938,116013.70889999985,115902.1475999995,115839.12714285687
1758470400,115612.26,115663.49,115320.24,115429.39,6.30502,2.122105499999938,116011.97569999985,115886.0939999995,115818.13333333305
1758474000,115429.39,115754.99,115370.31,115744.24,7.15041,2.4100419999999376,116012.75449999986,115869.94779999951,115798.87904761879
1758477600,115744.28,115789.73,115642.68,115657.89,2.52253,2.497691499999938,116012.09579999986,115856.35619999951,115785.93380952354
1758481200,115657.89,115661.14,115456.05,115604.12,4.25732,2.638525999999938,116011.73569999987,115843.52139999952,115765.31095238069
1758484800,115604.12,115620.8,115411.28,115411.28,3.41956,2.717805999999938,116012.82709999988,115828.58619999952,115758.4728571426
1758488400,115409.36,115545.21,115357.21,115498.1,2.35772,2.789324999999938,116013.8029999999,115817.48119999951,115743.8209523807
1758492000,115517.06,115645.42,115261.49,115615.12,2.26232,2.812320499999938,116013.5060999999,115813.06039999951,115726.98714285687
1758495600,115612.31,115620.17,115292.39,115326.14,7.17518,3.093244499999938,116013.2726999999,115802.4131999995,115705.60809523783
1758499200,115292.06,115476.19,114429.75,114550.76,27.52065,4.444133499999937,116010.87934999989,115801.9971999995,115691.12095238069
1758502800,114575.75,114852.77,114361.81,114396.61,11.06793,4.961624499999938,116009.8408999999,115800.07299999951,115690.1109523807
1758506400,114390.05,114725.53,114261.22,114315.99,11.82279,5.486680999999939,116008.7327999999,115805.6741999995,115668.10809523783
1758510000,114331.18,114781.03,114331.18,114773.54,3.23803,5.5415454999999385,116007.2793999999,115808.30459999951,115609.6085714283
1758513600,114760,114774.58,114518.47,114567.02,1.78676,5.5119224999999386,116004.77839999991,115802.7999999995,115551.33285714258
1758517200,114563.11,114669.42,113742.96,113850.51,14.39823,6.051468999999939,116004.2245999999,115779.02039999951,115481.11428571402
1758520800,113847.73,113851.96,112035.57,112974.29,86.82563,10.253500499999939,116004.3219999999,115751.2663999995,115431.54809523781
1758524400,112994.42,113132.11,112587.7,112648.02,30.08204,11.60367599999994,116003.6591499999,115720.1083999995,115365.73904761879
1758528000,112658.83,112922.5,112590.91,112749.67,15.03528,12.20202149999994,116001.6767499999,115699.94979999951,115273.77333333305
1758531600,112765.97,112813.62,112293.94,112462.15,18.51155,13.018684499999939,115997.67019999988,115676.38459999951,115137.82904761878
1758535200,112457.39,112972.54,112395.7,112914.53,15.99308,13.70400599999994,115992.4377999999,115641.3871999995,114994.79380952354
1758538800,112909.72,113111.89,112813.12,113036.19,11.24934,14.149068499999938,115988.7159999999,115586.4649999995,114851.21714285685
1758542400,113054.1,113054.1,112634.35,112886.77,19.79862,14.823748499999937,115983.3786499999,115521.5789999995,114692.57333333307
1758546000,112832.16,113315.05,112504.22,113291.06,19.05721,15.419088499999935,115974.3939999999,115459.0567999995,114556.53285714259
1758549600,113256.42,113594.97,112911.97,113073.61,20.3918,16.312551999999933,115961.25134999989,115385.70519999947,114435.13428571404
1758553200,113079.35,113168.25,112721.39,112970.6,11.16112,16.657741999999935,115946.47399999989,115326.21379999949,114305.34904761879
1758556800,112972.54,113042.62,112735.38,112766.25,11.11465,17.042496499999935,115932.12934999989,115270.3901999995,114203.52380952357
1758560400,112767.1,112784.19,112391.75,112529.27,14.40038,17.644629499999933,115916.1676999999,115209.69759999948,114076.35095238072
1758564000,112517.04,112958.5,112452.28,112581.35,9.82854,18.022940499999933,115903.07424999989,115154.44759999948,113948.38476190453
1758567600,112587.09,112752.07,112090.99,112239.58,19.38061,18.633211999999933,115891.52559999989,115094.64819999946,113813.24809523785
1758571200,112245.16,113099.61,112086.92,112923.83,15.71226,18.042792499999933,115878.9118999999,115032.33679999945,113676.00952380926
1758574800,112915.42,113120.52,112606.21,113120.45,5.86441,17.782616499999936,115867.5821499999,114965.28459999945,113537.1166666664
1758578400,113150.31,113150.31,112739.48,112786.95,3.52131,17.367542499999935,115856.06214999991,114892.67979999946,113376.3766666664
1758582000,112786.09,112872.66,112727.74,112793.11,2.03505,17.30739349999994,115843.6757499999,114820.06179999946,113261.98095238069
1758585600,112780,112970.65,112507.51,112546.34,2.99968,17.368039499999938,115829.6834499999,114745.05539999947,113193.8709523807
1758589200,112553.98,112645.42,112275.99,112285.21,3.03839,16.800047499999938,115813.68534999988,114685.84979999946,113117.22047619022
1758592800,112318.14,112607.91,111816.13,111958.11,6.18662,12.768096999999937,115797.82879999987,114631.00939999947,113044.70238095213
1758596400,111963.79,112582.38,111625.57,112500,8.77103,11.702546499999936,115781.4255999999,114568.99159999946,112938.645238095
1758600000,112500.96,112608.28,112032.4,112553.35,5.5694,11.229252499999937,115768.48904999989,114505.54219999947,112829.98761904739
1758603600,112547.93,113011.51,112547.93,112792.68,7.71894,10.689621999999938,115758.69454999987,114437.31639999944,112739.8733333331
1758607200,112773.16,113245.98,112719.21,113103.74,9.43813,10.361874499999939,115747.25754999988,114365.81579999946,112717.28809523786
1758610800,113092.14,113222.89,113012.75,113186.89,12.09281,10.404047999999937,115736.76269999989,114288.93139999946,112712.77999999977
1758614400,113170.92,113297.17,113042.43,113234.64,8.28769,9.828501499999938,115723.45429999988,114226.20479999947,112714.82809523788
1758618000,113232.35,113375.99,112981.14,113026.09,9.67434,9.359357999999938,115708.31569999989,114161.50779999947,112745.37999999977
1758621600,113021.97,113127.74,112922.45,113068.4,5.20401,8.599968499999939,115692.79909999989,114101.77639999946,112758.34952380932
1758625200,113062.64,113208.33,112802.76,113105.03,5.06287,8.295055999999938,115678.9077499999,114051.44319999946,112767.7995238093
1758628800,113110.63,113179.3,112933.5,113031.22,6.86517,8.082581999999938,115664.0793999999,113999.36939999947,112774.43380952359
1758632400,113072.42,113117.08,112839.91,113072.24,8.1319,7.769157999999938,115647.78964999989,113947.77359999948,112763.83095238071
1758636000,113107.31,113393.1,112649.3,112752.57,13.5103,7.953245999999938,115633.47749999989,113889.31519999947,112765.32714285693
1758639600,112771.68,113172.63,112605.23,112995.91,10.05107,7.4867689999999385,115622.8535999999,113835.04739999949,112768.21380952357
1758643200,113013.21,113076.75,112616.5,112941.86,7.45404,7.073857999999937,115613.53829999991,113780.56559999946,112782.78476190454
1758646800,112937.23,112946.15,111961.58,112035.42,10.88369,7.324821999999938,115602.3261499999,113728.15479999947,112793.41809523787
1758650400,112022.31,112289.42,111769.01,111875.33,12.77098,7.787305499999938,115590.70879999992,113674.30399999948,112813.1590476188
1758654000,111877.7,112067.72,111626.88,111730.02,12.88962,8.330033999999937,115578.97724999991,113613.48199999947,112846.60095238069
1758657600,111723.77,112073.32,111556.99,112073.32,7.94675,8.577387499999938,115563.7939499999,113557.97259999947,112804.29571428547
1758661200,112048.65,112262.2,111948.11,112218.16,4.07257,8.629096499999939,115546.4873999999,113505.09859999947,112745.00428571404
1758664800,112243.82,112295.74,112076.75,112223.37,2.31895,8.43571299999994,115529.5056499999,113433.56179999947,112694.67428571402
1758668400,112225.4,112291.01,111944.49,112063.96,3.19001,8.156661999999939,115515.27719999991,113362.48059999947,112660.39857142833
1758672000,112054.47,112413.68,111863.89,112282.21,3.57659,8.057021499999939,115506.1720499999,113282.19619999945,112644.7709523807
1758675600,112282.27,112552.37,112187.67,112492.98,2.19625,7.780886999999939,115491.73789999992,113210.50479999947,112641.82619047593
1758679200,112481.55,112548.71,111953.61,112174.38,30.36865,8.82741299999994,115477.0257999999,113142.78559999946,112646.86666666644
1758682800,112172.61,112267.44,111752.77,111761.43,5.96434,8.520989499999938,115460.06584999991,113079.02739999947,112636.49571428545
1758686400,111758.63,112417.9,111142.47,112232.79,15.53445,8.88332749999994,115446.4495499999,113010.34459999944,112633.62095238069
1758690000,112238.09,112740.47,112210.97,112714.07,5.85045,8.692132999999938,115433.92254999992,112943.68639999947,112604.17809523785
1758693600,112749.22,112848.39,112590.74,112666.36,5.38299,8.70108199999994,115421.33584999993,112887.02319999946,112540.25857142832
1758697200,112703.64,112850.86,112526.92,112657.93,7.14547,8.805211999999937,115407.14419999992,112839.49559999947,112494.82523809497
1758700800,112605.59,112685.34,112443.06,112647.53,6.21453,8.772679999999937,115395.02529999992,112786.79199999948,112470.03619047592
1758704400,112661.17,112872.14,112539.16,112807.1,6.13382,8.672775999999937,115381.70769999993,112745.12799999947,112452.90619047594
1758708000,112810.94,113008.74,112720.59,112982.04,6.68672,8.331596999999936,115365.90724999992,112703.93859999947,112433.35999999974
1758711600,112997.54,113223.43,112926.36,113073.84,7.19313,8.188699999999937,115348.06959999992,112665.92539999947,112411.57428571403
1758715200,113084.42,113177.59,113015.34,113134.48,7.05688,8.168841999999938,115332.17879999992,112642.07379999947,112400.90190476163
1758718800,113127.73,113305.48,112883.57,112884.99,12.39139,8.244226999999936,115317.9112499999,112635.53859999948,112396.60666666638
1758722400,112864.77,114002.26,112864.77,113794.54,17.9358,8.502467999999936,115304.59299999992,112638.72019999947,112411.90523809496
1758726000,113824.66,113993.4,113371.8,113431.11,13.00534,8.508253999999935,115290.92364999991,112643.36759999947,112418.50380952355
1758729600,113428.21,113831.97,113237.88,113796.24,7.6521,8.493521499999934,115278.59184999991,112655.60139999946,112415.79571428544
1758733200,113800.12,114035.29,113682.16,113838.68,8.44289,8.712037499999933,115267.29339999992,112660.00039999947,112499.56333333308
1758736800,113848.4,113909.18,113569.09,113743.09,6.08915,8.900547499999934,115256.80749999991,112656.97639999946,112573.64809523782
1758740400,113736.3,113791.17,113378.29,113521.34,6.14759,9.048426499999934,115245.4563499999,112675.13179999948,112672.03952380925
1758744000,113527.14,113708.86,113497.81,113605.65,4.67897,9.103545499999933,115233.45469999991,112677.93279999949,112756.104285714
1758747600,113612.42,113689.63,113360.8,113424.09,3.61754,9.174609999999934,115218.01389999992,112692.38539999949,112828.7199999997
1758751200,113438.59,113736.31,113347.15,113405.62,3.1116,7.811757499999933,115207.81339999993,112709.7469999995,112890.5280952378
1758754800,113410.91,113506.05,113267.46,113372.29,3.87303,7.707191999999933,115195.50279999991,112729.28379999948,112963.94190476161
1758758400,113389.9,113586.99,113050.94,113123.68,6.29052,7.244995499999933,115185.85594999991,112749.12519999947,113018.31714285685
1758762000,113117.53,113411.03,112521.24,112727.95,12.42036,7.573490999999933,115177.40544999992,112769.61119999948,113061.7761904759
1758765600,112741.84,113274.06,112573.44,112960.87,5.15414,7.562048499999934,115169.09964999993,112793.30139999949,113118.81952380922
1758769200,112960.36,112960.36,112301.91,112625.41,7.40649,7.575099499999934,115160.13494999993,112802.93719999946,113183.68857142824
1758772800,112625.59,112687.48,111643.26,111813.44,22.59232,8.393988999999934,115150.82109999994,112807.97399999948,113207.26761904728
1758776400,111783.88,112092.82,111637.46,111798.14,8.13525,8.494060499999932,115141.69274999993,112814.70859999947,113219.01999999967
1758780000,111781.22,111909.19,111561.82,111584.12,10.28135,8.673791999999931,115131.99129999992,112813.40539999946,113217.06999999967
1758783600,111573.01,111962.39,111516.01,111829.02,9.03691,8.765980999999933,115119.09689999992,112821.69599999947,113176.85619047585
1758787200,111831.05,112106.55,111745.84,111805.83,6.30096,8.728184999999932,115104.16279999992,112828.49999999946,113136.40904761871
1758790800,111810.81,112293.95,111642.43,111642.43,11.12183,8.664706999999932,115085.13569999993,112825.60659999948,113078.17190476156
1758794400,111649.07,111955.75,111589.03,111695.07,8.50091,8.192962499999933,115067.59779999992,112811.56939999947,113023.26619047583
1758798000,111683.66,111778.88,111345.96,111400.45,7.64105,7.924747999999933,115046.44079999991,112792.18479999946,112962.88476190441
1758801600,111393.49,111740.83,110968.49,111156.76,24.82018,8.783151999999934,115020.91954999993,112772.91159999947,112891.83476190442
1758805200,111162.44,111792.67,110675.8,111026.96,25.97683,9.659848999999934,114995.64069999993,112746.95339999947,112835.17190476156
1758808800,111009.86,111789.02,111009.86,111590.69,19.19148,10.314965499999934,114968.97564999992,112716.06419999946,112721.1676190473
1758812400,111593.96,111639.96,110927.04,111639.96,12.10316,10.612743999999934,114943.86294999991,112685.27279999947,112612.8652380949
1758816000,111649.11,111748.62,110965.75,111024.03,9.5305,10.855320499999934,114919.7772499999,112652.75999999946,112480.99476190441
1758819600,111015.84,111028.43,108719.72,108916.77,55.44897,13.446891999999934,114894.3000999999,112614.52719999947,112373.94761904728
1758823200,108921.55,109857.46,108702.68,109800.15,33.90775,14.986699499999935,114869.12824999992,112572.96579999947,112273.79857142824
1758826800,109796.14,110038.2,109357.29,109410.67,17.08879,15.647487499999936,114844.05444999991,112544.15519999947,112154.87904761871
1758830400,109426.85,109541.77,109117.82,109218.05,11.23136,15.894529499999937,114817.92339999991,112515.50959999947,111931.59904761871
1758834000,109208.37,109730,109098.95,109461.09,8.89123,15.718072999999936,114787.17544999991,112480.93879999948,111759.03047619015
1758837600,109468.57,109649.14,109337.41,109501.57,6.91091,15.805911499999937,114758.71699999992,112399.35599999948,111568.79476190443
1758841200,109495.01,109754.66,108853.8,109061.89,21.57985,16.514579499999936,114730.83749999992,112336.52179999948,111370.97380952348
1758844800,109052.19,109679.29,108875.32,109567.24,10.81375,15.925650999999936,114701.36584999991,112284.0267999995,111196.56476190445
1758848400,109568.1,109829.81,109363.79,109763.91,5.59681,15.798728999999938,114662.82059999992,112230.8811999995,111042.9276190473
1758852000,109755.68,109871.82,109561.17,109690.18,3.19992,15.44465749999994,114629.75764999991,112185.50259999948,110857.26190476157
1758855600,109680.78,109708.32,109365.04,109657.14,5.85082,15.28535299999994,114595.31454999991,112134.06759999947,110711.63476190444
1758859200,109636.47,109694.02,109317.6,109435.21,4.79382,15.209995999999942,114560.01864999993,112070.94219999947,110614.03809523777
1758862800,109436.84,109667.57,109170.05,109344.93,6.75517,14.991662999999942,114526.61634999992,112017.8195999995,110513.65904761871
1758866400,109332.75,109708.43,109110.64,109460.16,16.96051,15.414642999999945,114495.74789999993,111971.81859999947,110421.89809523776
1758870000,109448.91,109696.16,109026.65,109432.81,15.92567,15.828873999999946,114461.60849999991,111919.97799999948,110307.9071428568
1758873600,109412.69,109717.81,109412.69,109672.08,11.19267,15.147498499999946,114430.99419999993,111863.26119999947,110190.7214285711
1758877200,109658.92,109822.2,109497.68,109686.54,12.47352,14.472332999999946,114401.76949999994,111808.47779999947,110086.80380952347
1758880800,109675.97,109679.03,108801.69,109003.22,15.98872,14.312194999999946,114373.90674999994,111760.14779999947,109979.0771428568
1758884400,109020.06,109283.41,108736.81,109200.87,14.46788,14.430430999999945,114343.77634999994,111704.69519999948,109896.77380952345
1758888000,109221.44,109635.34,108902.26,109440.71,19.88596,14.948203999999944,114312.75029999996,111639.06999999948,109826.76333333297
1758891600,109468.94,109858.88,109075.14,109732.95,19.04967,13.128238999999946,114279.24649999995,111579.18439999947,109730.3947619044
1758895200,109756.12,109838.84,108850.74,108914.64,18.60084,12.362893499999945,114243.65024999995,111519.75659999948,109616.59380952346
1758898800,108917.7,109460.68,108892.63,109113.09,11.34163,12.075535499999948,114208.59469999996,111446.87039999949,109511.86761904725
1758902400,109121.46,109710.64,109103.76,109553.7,8.53915,11.940924999999947,114175.03884999995,111374.74579999948,109450.38761904727
1758906000,109556.53,110116.64,109497,110030.24,14.97317,12.245021999999947,114140.10849999996,111303.9191999995,109450.28619047583
1758909600,110028.35,110432.91,109829.94,109862.44,16.11539,12.705245999999947,114100.36639999997,111237.10139999949,109417.56904761869
1758913200,109860.56,109860.56,109142.05,109300.09,10.25727,12.139116999999947,114058.47229999996,111152.70459999947,109424.37999999963
1758916800,109293.69,109455.93,109203.99,109413.79,6.82915,11.939886999999947,114017.52584999995,111077.26659999948,109463.05571428534
1758920400,109413.77,109674.2,109299.89,109610.52,3.8479,11.852441499999948,113979.64239999997,110992.44979999946,109482.16761904725
1758924000,109617.41,109745.13,109486.26,109710.62,4.04409,11.894649999999949,113938.61744999996,110924.43239999947,109472.57333333296
1758927600,109702.41,109820.94,109569.1,109779.81,4.00284,11.802250999999949,113898.64624999995,110845.75639999946,109489.33047619012
1758931200,109779.65,109824.5,109604.73,109779.06,2.80699,11.702909499999949,113860.17419999995,110754.98459999947,109491.39142857106
1758934800,109779.06,109790,109469,109558.73,2.546,11.49245099999995,113823.64599999994,110668.39859999948,109488.85380952344
1758938400,109558.73,109617.42,109451.75,109524.23,1.36429,10.712639999999949,113786.81894999994,110590.18219999947,109493.12190476153
1758942000,109527.68,109845.65,109505.42,109700.26,3.17569,10.075140999999949,113747.82884999995,110512.28159999948,109498.92761904724
1758945600,109681.03,109867.81,109648.11,109786.54,2.42803,9.63690899999995,113709.18094999994,110439.39599999947,109504.80952380915
1758949200,109786.55,109803.01,109721.24,109763.77,1.1627,9.07136799999995,113669.78769999994,110366.86479999949,109513.34761904726
1758952800,109763.77,109765.84,109624.07,109691.31,2.9342,8.41864199999995,113630.05014999994,110290.5935999995,109524.78095238058
1758956400,109691.31,109733.37,109483.56,109559.9,5.47353,7.96892449999995,113590.80439999994,110218.60459999951,109541.62523809486
1758960000,109559.91,109559.91,109384.43,109393.67,5.42194,7.24572349999995,113551.64844999994,110158.0507999995,109545.99142857103
1758963600,109393.67,109496.96,109212.48,109448.85,5.12756,6.54961799999995,113511.38439999994,110094.5641999995,109546.21857142817
1758967200,109448.85,109658.28,109418.08,109609.57,5.61356,5.90025399999995,113469.83319999995,110037.33139999949,109572.72714285675
1758970800,109609.57,109617.41,109446.79,109491.22,4.54975,5.560659999999951,113430.99799999995,109994.88879999949,109581.90809523768
1758974400,109491.78,109673.38,109417.66,109560.43,4.40499,5.35395199999995,113392.37629999995,109950.12399999949,109582.29571428531
1758978000,109560.43,109565.53,109458.34,109462.11,5.96381,4.90348399999995,113354.53204999995,109906.31499999948,109576.42047619006
1758981600,109462.1,109558.65,109420.68,109451.75,3.42902,4.269165499999949,113317.58739999995,109858.71159999949,109603.87666666626
1758985200,109451.74,109582.74,109358.55,109554.71,5.64063,4.038333499999949,113279.87969999995,109814.78639999949,109625.17857142817
1758988800,109554.72,109589.68,109472.51,109562.35,4.48197,3.920974499999949,113239.51294999995,109771.76219999949,109620.81714285674
1758992400,109562.36,109582.9,109424.13,109548.39,4.1398,3.935569499999949,113200.41039999994,109729.06939999947,109593.26999999963
1758996000,109544.94,109588.59,109504.35,109568.5,3.3193,3.8993299999999493,113162.75214999994,109690.3025999995,109578.61619047579
1758999600,109568.52,109593.79,109539.46,109580.34,2.33247,3.815811499999949,113125.12964999993,109656.2023999995,109591.10476190437
1759003200,109580.35,109602.23,109527.68,109549.79,2.39546,3.7952349999999493,113087.81019999992,109626.7573999995,109597.5142857139
1759006800,109549.78,109648.02,109544.3,109619.67,2.76192,3.806030999999949,113050.47794999993,109586.19059999948,109595.51333333297
1759010400,109619.67,109852.13,109617.19,109758.2,2.75799,3.8757159999999495,113014.16739999993,109544.35919999948,109589.30952380916
1759014000,109758.21,109834.09,109619.31,109786.32,1.763,3.8050814999999494,112977.17509999992,109515.2485999995,109578.35619047584
1759017600,109786.32,109945.71,109710.62,109758.94,2.8495,3.8261549999999493,112940.16204999994,109528.51999999948,109570.76619047583
1759021200,109761.31,109796.91,109475.9,109489.7,4.28037,3.9820384999999496,112905.06669999994,109523.51279999949,109580.26476190441
1759024800,109489.68,109671.47,109485.22,109582.98,2.33176,3.9519164999999497,112869.90429999994,109527.69279999947,109592.7452380949
1759028400,109593.26,109672.65,109551.84,109586.34,0.95749,3.7261144999999503,112835.55119999993,109538.49579999948,109595.53952380917
1759032000,109586.36,109626.35,109506.97,109520.76,0.85125,3.4975799999999495,112802.16364999994,109545.00039999947,109581.40428571394
1759035600,109520.76,109551,109499.59,109502.31,0.9031,3.286356999999949,112768.46689999994,109550.14779999947,109572.79523809487
1759039200,109502.31,109603.61,109416.98,109566,3.04111,3.1577344999999495,112737.33469999995,109558.70399999946,109567.79666666631
1759042800,109566.01,109684.55,109506.97,109665.73,2.52807,3.0566504999999493,112706.43989999994,109559.01879999947,109565.9328571425
1759046400,109665.74,109741.63,109566.91,109666.75,4.34528,3.0536649999999494,112674.28334999995,109555.46739999946,109571.10619047584
1759050000,109666.75,109719.15,109499.63,109654.06,3.60828,2.9358884999999493,112643.60724999996,109552.07899999946,109576.6847619044
1759053600,109654.07,109654.07,109501.82,109510.16,4.39777,2.984325999999949,112613.98469999996,109548.98239999946,109579.3590476187
1759057200,109510.15,109570.63,109396.52,109472.72,8.36573,3.120580999999949,112585.82619999995,109551.59819999947,109587.71761904728
1759060800,109478.41,109550.61,109306.88,109408.88,4.92298,3.1426314999999496,112556.01199999996,109558.01419999945,109592.17619047585
1759064400,109406.57,109757.31,109406.57,109727.89,5.34868,3.2030754999999496,112525.51669999996,109562.14599999945,109594.46428571391
1759068000,109727.89,109974.52,109597.94,109946.21,5.22061,3.298140999999949,112494.64799999997,109566.57099999944,109595.46285714248
1759071600,109946.21,110130.94,109801.15,110130.85,5.6376,3.4633974999999495,112464.05509999995,109563.33259999944,109588.5185714282
1759075200,110130.17,110473.79,110093.5,110325,7.69692,3.7284704999999496,112433.01939999998,109559.05619999944,109596.40142857106
1759078800,110311.3,110491.94,110229.8,110314.65,6.81996,3.9313724999999495,112402.38234999997,109567.16939999943,109615.34523809486
1759082400,110310.57,110383.69,110158.45,110383.69,4.74697,4.030821499999949,112371.20674999997,109577.70979999943,109642.12380952344
1759086000,110386.85,110475.86,110219.66,110434.67,5.44351,4.214846999999949,112340.56844999996,109587.81979999943,109677.58380952345
1759089600,110434.67,111032.48,110373.34,110894.78,12.29972,4.687357999999949,112309.01084999998,109595.77779999941,109714.00571428535
1759093200,110901.64,110970.39,110706.14,110915.24,4.49188,4.697933499999949,112278.18869999997,109623.98499999942,109750.38761904725
1759096800,110958.79,112108.52,110958.79,112016.25,17.92657,5.477673999999949,112248.54084999998,109648.01619999942,109782.6004761901
1759100400,112020.04,112437.54,112020.04,112258.33,11.88887,6.024242999999949,112218.54644999998,109664.6159999994,109835.3842857139
1759104000,112295.57,112408.61,112088.89,112342.43,4.92824,6.228092499999949,112190.72594999996,109672.70459999942,109890.44619047582
1759107600,112337.26,112388.97,111814.1,111927.99,4.5824,6.412057499999949,112163.16234999997,109693.3513999994,110010.75809523772
1759111200,111928.58,112105.44,111728.38,111830.86,5.10814,6.5154089999999485,112135.47379999998,109725.6543999994,110138.15571428531
1759114800,111827.09,111933.26,111665.34,111930.89,4.08069,6.593039999999948,112107.37934999997,109777.70359999941,110269.39809523769
1759118400,111924.66,111992.06,111840.27,111880.73,4.00139,6.575845499999947,112081.53534999996,109830.65979999941,110384.0280952377
1759122000,111896.94,111900.68,111641.92,111823.88,6.22136,6.706499499999947,112055.68069999998,109883.29599999942,110494.91142857104
1759125600,111788.6,111922.75,111677.4,111707.98,4.66202,6.719711999999947,112035.16764999999,109926.25959999941,110607.52523809482
1759129200,111711.78,111963.74,111639.47,111953.19,10.90948,6.846899499999947,112015.66174999998,109967.29559999942,110713.00142857102
1759132800,111940.79,112453.32,111940.79,112143.28,10.84541,7.143020999999946,111996.31264999999,110014.73879999942,110815.7219047615
1759136400,112158.59,112259.49,112009.71,112146.71,10.97524,7.424348999999947,111976.00309999997,110061.86879999943,110913.52761904725
1759140000,112146.71,112293.57,112078.48,112159.98,14.08309,7.867472999999947,111955.73684999997,110104.34119999941,111029.86238095199
1759143600,112149.87,112246.57,111970.98,112201.74,6.39329,7.905257499999948,111936.07894999995,110142.76999999941,111157.03190476152
1759147200,112232.99,112589.32,112055.36,112118.7,9.0781,7.974316499999948,111916.04339999997,110186.55839999943,111287.40476190438
1759150800,112112.39,113541.03,111996.52,113286.1,28.31443,9.049039999999948,111895.33489999994,110235.59779999942,111403.21857142818
1759154400,113310.23,114315.95,113263.22,114109.72,28.42312,10.232847499999949,111874.08664999995,110287.3339999994,111510.62476190437
1759158000,114099.03,114223.96,113768.97,113899.07,14.95563,10.708453499999948,111854.55139999995,110342.66019999942,111605.28428571389
1759161600,113901.95,114137.68,113683.01,113716.14,13.24387,10.755660999999947,111836.25614999994,110397.71799999941,111746.28904761866
1759165200,113727.76,114229.84,113527.04,114118.25,15.09315,11.285724499999947,111818.80804999993,110447.90059999941,111927.00666666629
1759168800,114123.68,114226.21,113932.28,114094.04,8.76132,10.827461999999947,111800.66694999994,110523.79819999941,112094.40571428534
1759172400,114082.48,114445.78,113917.96,114327.55,12.02889,10.834462999999946,111782.77939999994,110614.7839999994,112250.66619047582
1759176000,114313.8,114474.27,114180.88,114294.87,9.80487,11.078294499999947,111765.27089999994,110703.52319999941,112404.16476190441
1759179600,114252.96,114388.51,114132.12,114189.44,9.5907,11.328709499999947,111752.74849999994,110788.81099999942,112555.53619047583
1759183200,114197.23,114286.16,114073.03,114239.99,4.61597,11.304100999999948,111744.22494999993,110880.0817999994,112665.59809523771
1759186800,114247.25,114468.79,114242.02,114385.43,3.75126,11.287629499999948,111733.97524999994,110970.71559999941,112762.57619047581
1759190400,114349.58,114797.45,114109.89,114595.75,8.94512,11.534815999999948,111723.64699999995,111066.29879999941,112850.5290476187
1759194000,114599.56,114839.74,114358.79,114582.36,4.61138,11.454316999999948,111715.09264999995,111160.82619999941,112960.62428571393
1759197600,114573.23,114683.35,114454.95,114548.75,3.35588,11.389009999999947,111707.30404999993,111253.0081999994,113082.27047619013
1759201200,114540.05,114595.75,114383.88,114443.95,3.59011,11.023041499999948,111700.11789999994,111346.8121999994,113209.16857142822
1759204800,114437.01,114437.01,114158.55,114172.89,3.06704,10.63412299999995,111692.62389999995,111442.1273999994,113337.81761904726
1759208400,114192.36,114285.19,113897.24,113968.03,5.80977,10.37584949999995,111684.71419999994,111538.8783999994,113467.57333333298
1759212000,113971.03,114147.42,113894.43,113947.52,6.8823,10.015809999999949,111677.98634999992,111634.7991999994,113597.85761904728
1759215600,113941.69,114063.24,113646.1,113773.11,9.12911,10.15260099999995,111671.85219999994,111730.5953999994,113703.55761904726
1759219200,113791.48,113814.02,113422.83,113503.9,14.7209,10.43474099999995,111667.68399999994,111829.6803999994,113790.45047619015
1759222800,113502.25,113522.32,112792.55,112833.1,15.1838,9.778209499999948,111661.87459999994,111921.47859999938,113876.20333333297
1759226400,112840.79,113141.75,112711.63,112949.56,13.52622,9.033364499999946,111656.32889999993,112009.11239999939,113953.01904761868
1759230000,112985.86,113203.16,112844.01,113130.11,7.4528,8.658222999999946,111650.52804999992,112097.6475999994,114015.02666666631
1759233600,113146.48,113337.23,113048.29,113102.6,10.5404,8.523049499999946,111644.33609999991,112183.0635999994,114049.04571428536
1759237200,113108.67,113744.36,112940.15,113457.29,17.44925,8.640854499999946,111636.68574999992,112261.8215999994,114033.01999999964
1759240800,113457.94,113712.73,113013.83,113669.99,12.22425,8.814000999999946,111628.34774999991,112325.16899999941,113986.37190476156
1759244400,113664.2,113664.2,112983.59,113163.8,12.18755,8.821933999999946,111620.5825999999,112390.82519999942,113948.4447619044
1759248000,113179.24,113345.37,112846.28,112897.83,11.31423,8.897401999999946,111615.34829999991,112460.34619999942,113936.1185714282
1759251600,112902.62,113563.15,112866.73,113308.3,12.36969,9.036351499999947,111607.5307499999,112532.19499999942,113914.7728571425
1759255200,113310.23,113763.6,113223.58,113762.72,6.89507,9.150306499999946,111600.6985999999,112611.8863999994,113870.47571428536
1759258800,113731.97,114614.59,113731.97,114420.01,20.56297,9.990891999999947,111592.4814499999,112697.1085999994,113802.39380952348
1759262400,114411.14,114751.66,114168.57,114656.68,10.52477,10.069874499999946,111585.1593499999,112765.8267999994,113755.41428571397
1759266000,114736.43,114815.88,114174.64,114195.16,10.97887,10.388248999999947,111583.1932499999,112824.85919999941,113735.09428571395
1759269600,114204.36,114421.02,113919.21,113973.84,5.41413,10.491161499999945,111586.67174999989,112888.40819999941,113743.66666666634
1759273200,113969.37,114064.06,113805.45,114064.06,4.09077,10.516194499999944,111589.2506499999,112957.16259999941,113756.583333333
1759276800,114052.4,114295.87,113998.74,114283.4,3.09479,10.517581999999944,111589.9914499999,113039.26979999941,113737.50761904728
1759280400,114278.44,114590.14,114176.37,114570.45,3.26919,10.390552999999944,111594.22219999992,113124.72959999941,113708.53047619015
1759284000,114557.84,114565.08,114299.87,114301.03,2.201,10.156487999999944,111598.46314999992,113199.93939999942,113685.44999999968
1759287600,114304.91,114556.59,114135.76,114226.81,5.02848,9.951456499999946,111605.38224999992,113261.5205999994,113677.80476190442
1759291200,114233.11,114754.98,114184.88,114338.32,4.33587,9.432204999999945,111614.23179999992,113324.49699999944,113696.73619047586
1759294800,114420.72,114782.56,114314.61,114603.78,5.56642,8.951335999999944,111618.7522999999,113369.83999999943,113712.593333333
1759298400,114630.57,114671.06,114286.93,114327.42,7.43115,8.646582499999946,111623.25344999992,113416.08239999943,113725.8928571425
1759302000,114356.57,114637.17,114313.64,114592.5,18.24438,9.186161499999946,111628.7207499999,113455.25439999944,113752.80761904726
1759305600,114613.95,116576.14,114536.54,116103.18,79.22685,12.620483999999944,111636.30649999989,113501.23079999942,113805.1828571425
1759309200,116136.84,116536.69,116010.49,116425.42,52.0788,14.351961499999945,111646.5123999999,113551.37999999942,113876.3409523806
1759312800,116424.39,116587.12,116176.01,116306.08,28.85834,15.183665999999945,111655.11079999991,113604.83779999941,113954.57619047584
1759316400,116314,116808.96,116273.89,116808.96,31.89988,16.169282499999944,111665.04694999992,113653.77159999943,114096.15095238059
1759320000,116792.04,117002.07,116369.22,116429.85,49.94181,18.100661499999944,111672.11939999992,113709.14399999943,114254.38047619011
1759323600,116431.82,116887.73,116431.82,116841.33,41.13609,19.538981499999945,111679.53604999991,113797.04799999943,114390.03714285677
1759327200,116868.31,117466.99,116774.17,117374.72,84.32753,23.41060449999995,111687.23839999993,113886.49259999942,114539.51190476154
1759330800,117387.75,117634.94,117151.2,117439.61,42.97992,24.53145199999995,111696.23534999993,113969.74859999944,114695.03809523776
1759334400,117403.13,118255.81,117339.27,117594.21,58.29229,26.91982799999995,111714.01954999992,114062.99359999943,114882.82380952344
1759338000,117612.28,117739.41,116718.28,116767.87,40.16625,28.379196999999948,111734.72059999991,114148.39099999942,115076.46285714251
1759341600,116767.56,117348.9,116764.74,117232.98,22.93776,29.25537849999995,111756.46044999991,114241.18279999941,115251.55285714252
1759345200,117244.97,117622.11,117214.05,117425.12,22.16144,30.158911999999948,111778.00524999991,114346.30319999943,115402.7052380949
1759348800,117412.7,117543.44,117172.15,117543.34,22.36904,31.12262449999995,111797.3877499999,114429.37339999941,115503.23809523776
1759352400,117534.32,117574.15,117305.67,117511.42,14.36871,31.677600499999947,111817.6309999999,114499.06319999945,115647.89619047585
1759356000,117531.57,118048.68,117531.57,117741.92,23.30415,32.73275799999995,111838.98589999991,114556.43919999943,115812.24285714251
1759359600,117740.84,118605.91,117675.3,118559.12,26.11463,33.787065499999954,111860.2494999999,114626.77599999942,115977.92285714252
1759363200,118559.93,119357.13,118395.92,118410.88,23.65173,34.75285849999996,111882.0473499999,114692.91339999942,116131.63809523775
1759366800,118396.77,118871.76,118338.88,118603.54,5.97111,34.77309299999995,111900.7562499999,114761.89939999944,116282.66047619015
1759370400,118618.56,118769.06,118464.01,118749.44,8.809,34.84198549999995,111921.5791499999,114825.57679999941,116485.42666666633
1759374000,118747.84,119045.06,118698.6,118740.98,5.1534,34.187436499999954,111943.1795999999,114894.51779999942,116684.66809523775
1759377600,118736.37,118943.78,118442.65,118687.5,10.96609,30.774398499999954,111965.7401999999,114981.91139999943,116887.77380952348
1759381200,118706.03,118722.86,118309.86,118389.5,11.4571,28.743313499999953,111987.9360999999,115065.32919999943,117085.18619047584
1759384800,118421.78,118717.52,118336.12,118698.04,12.50635,27.925713999999953,112012.8828499999,115149.69139999943,117295.35571428537
1759388400,118715.95,118730.73,118444.77,118492.44,8.8452,26.77297999999995,112040.69889999992,115232.76519999944,117490.35571428537
1759392000,118494.23,118699.92,118349.07,118693.28,10.99241,24.82550999999995,112068.0439999999,115315.93759999942,117599.22809523775
1759395600,118694.21,118893.45,118564.1,118888.73,15.62822,23.55011649999995,112100.8845999999,115398.71259999942,117707.44809523775
1759399200,118868.5,118922.13,118600.85,118651.89,16.13748,20.14061399999995,112135.25514999991,115477.62359999944,117811.56047619012
1759402800,118646.83,118915.83,118567.27,118822.75,15.25835,18.75453549999995,112170.30994999992,115568.12659999942,117901.28999999966
1759406400,118831.85,119483.44,118765.02,119477.95,21.79371,16.92960649999995,112203.3808499999,115658.61479999944,118018.37952380918
1759410000,119471.3,119791.57,118955.16,119666.85,38.29665,16.83612649999995,112234.2375499999,115753.52999999945,118104.59666666633
1759413600,119636.21,119843.86,118708.06,118862.5,26.46861,17.01266899999995,112266.61089999991,115855.84239999944,118173.55047619012
1759417200,118849.84,119959.82,118549.93,119933.85,30.09927,17.409560499999948,112298.7532999999,115958.80219999945,118270.61428571395
1759420800,119933.86,120303.86,119617.44,119760.14,35.987,18.09045849999995,112330.80864999989,116078.59519999944,118369.31142857109
1759424400,119756.29,119964.55,119375.04,119929.85,22.2803,18.48603799999995,112362.78739999988,116209.16299999943,118469.05571428538
1759428000,119934.97,120678.65,119917.99,120508.1,24.13597,18.52762899999995,112395.17494999988,116339.89779999944,118597.66857142824
1759431600,120531.01,120984.83,120464.46,120803.73,39.09551,19.17667299999995,112430.48154999988,116455.09579999943,118708.85999999967
1759435200,120775.13,120897.59,120246.78,120577.84,21.29579,19.05887599999995,112466.70734999988,116584.62699999944,118822.50333333302
1759438800,120564.71,120666.2,120062.31,120083.04,15.03741,19.51219099999995,112501.47124999989,116706.42999999944,118965.20238095205
1759442400,120096.35,120376.08,120013.82,120209.4,6.61975,19.402728499999952,112532.45194999989,116841.75099999944,119111.0028571425
1759446000,120206.35,120656.05,120175.39,120506.88,7.1589,19.503003499999956,112568.83154999989,116993.95639999944,119207.13238095204
1759449600,120503.25,120525.26,120061.28,120135.1,5.27365,19.218381499999953,112604.39459999988,117143.86499999944,119286.75904761872
1759453200,120148.22,120287.59,119836.29,119914.78,6.08155,18.94960399999995,112640.00834999987,117280.16739999942,119363.22857142825
1759456800,119908.27,120256.36,119898.89,120139.55,6.65786,18.657179499999952,112677.63864999988,117393.42799999943,119446.91619047587
1759460400,120143.35,120464.93,120143.35,120221.88,5.59712,18.494775499999953,112716.28809999987,117504.48239999944,119513.30285714254
1759464000,120225.97,120311.55,119986.13,120021.03,3.97571,18.143940499999953,112753.50489999987,117630.71679999944,119571.74476190444
1759467600,120006.46,120038.17,119748.31,119903.34,11.26508,17.925783499999955,112789.49514999987,117753.94199999943,119655.08047619017
1759471200,119914.59,120067.48,119738.55,119908.34,12.31131,17.734474999999954,112821.56944999988,117870.95639999943,119727.64428571396
1759474800,119928.32,120019.41,119578.89,119628.9,15.33361,17.738237999999956,112856.94829999987,117988.07939999943,119800.43428571396
1759478400,119632.97,120089.45,119125.63,120036.17,23.73262,17.835183499999957,112888.64259999986,118101.10799999943,119858.05619047587
1759482000,120025.95,120382.64,120006.26,120355.79,17.12328,16.776514999999957,112919.02309999987,118215.50799999943,119906.60904761872
1759485600,120355.8,120563.23,120287.5,120480.24,12.61984,16.08407649999996,112951.00539999986,118329.03859999943,119953.13333333301
1759489200,120487.43,120523.31,120186.78,120381.21,9.02578,15.030401999999958,112984.50809999986,118440.43899999945,120010.91523809491
1759492800,120412.61,120486.87,120131.79,120438.47,11.79577,13.820840499999957,113016.58499999985,118540.94139999944,120052.71714285681
1759496400,120436.42,120762.8,120184.1,120460.89,16.9885,13.556250499999956,113048.98124999987,118655.11639999945,120091.44999999965
1759500000,120498.18,121057.27,119940.14,120991.21,24.83113,13.591008499999958,113081.49484999986,118770.38219999945,120163.76952380917
1759503600,120974.01,122313.97,120715.37,122202.04,56.92327,14.48239649999996,113112.77789999986,118857.92339999946,120187.79904761871
1759507200,122217.78,123700.82,122193.12,122227.18,111.24884,18.98004899999996,113147.34034999987,118937.03919999945,120221.16809523775
1759510800,122208.44,122792.87,121242.66,121680.34,66.17895,21.537125999999954,113185.47954999987,119019.68699999945,120271.7090476187
1759514400,121695.45,122398.1,121023.67,122170.02,31.38026,22.775151499999957,113223.07639999986,119092.72559999945,120352.3728571425
1759518000,122196.66,122676.84,121988.36,122555.66,27.59079,23.796745999999956,113261.85539999985,119183.95279999943,120420.15619047583
1759521600,122582.59,122612.64,121935.9,122280.16,19.03017,24.484571999999957,113304.98054999986,119291.16699999943,120472.65619047584
1759525200,122272.65,122304,121856.04,122136.62,10.50655,24.70582199999996,113348.29429999986,119388.21619999946,120572.03619047585
1759528800,122136.63,122510.21,122136.63,122321.33,4.12156,24.579006999999955,113395.32974999986,119473.03079999944,120683.7628571425
1759532400,122313.37,122313.37,122030.67,122106.14,2.9519,24.446745999999955,113447.19484999984,119564.54699999945,120768.2047619044
1759536000,122110.09,122148.6,121828.32,121983.45,4.75971,24.485945999999956,113499.30159999985,119680.30279999947,120863.51523809487
1759539600,121983.45,121992.87,121604.48,121756.93,4.76621,24.161002499999956,113549.49114999986,119781.24639999947,120978.11285714249
1759543200,121761.65,121931.54,121611.59,121784.35,4.44477,23.767675499999957,113601.86589999984,119875.47639999946,121071.75999999962
1759546800,121775.87,122225.86,121762.33,122144.34,2.32101,23.117045499999954,113657.64194999983,119971.03619999945,121155.64428571392
1759550400,122148.61,122467,122125.03,122431.76,2.86135,22.073481999999956,113713.25894999984,120062.93059999944,121238.30619047582
1759554000,122437.88,122707.06,122306.52,122413.71,9.20375,21.677505499999956,113768.80724999985,120147.76119999946,121327.87809523774
1759557600,122410.21,122469.49,122238.28,122263.8,9.23135,21.508080999999954,113822.46044999984,120211.71739999944,121434.35428571393
1759561200,122263.8,122291.56,122103.68,122168.25,7.63258,21.438420999999956,113874.79134999985,120279.18679999944,121567.82380952347
1759564800,122168.25,122397.97,121997.56,122068.7,8.95953,21.296608999999954,113929.58844999984,120350.00279999943,121681.03999999966
1759568400,122068.71,122258.9,121984.75,122006.41,8.97206,20.895786999999956,113993.78924999984,120423.64919999945,121771.89761904729
1759572000,122006.41,122144.3,121869.88,121898.63,5.81457,19.944958999999955,114053.71024999983,120497.10379999943,121852.27904761871
1759575600,121894.1,122002.73,121728.65,121746.53,8.42802,17.520196499999955,114117.37859999985,120568.62979999943,121932.63571428538
1759579200,121746.53,121893.74,121730.14,121784.35,6.23294,12.269401499999955,114183.44714999985,120644.20479999942,122007.2995238092
1759582800,121784.35,122247.23,121781.28,122153.67,8.3975,9.380328999999957,114248.21024999983,120711.61799999943,122075.76333333299
1759586400,122149.85,122218.61,121674.75,121676.47,6.70497,8.146564499999958,114312.02139999984,120781.89739999945,122111.7309523806
1759590000,121676.46,121814.05,121381.26,121438.96,14.32499,7.483274499999956,114377.55319999985,120846.00439999944,122091.8409523806
1759593600,121439.51,121586.23,121029.1,121306.42,22.0797,7.635750999999956,114440.06049999986,120903.16039999945,122088.34047619013
1759597200,121306.42,121509.07,121207.45,121304.66,10.15234,7.618040499999957,114501.27299999986,120965.80959999945,122088.15619047584
1759600800,121309.01,121406.48,121086.92,121136.23,7.58715,7.791319999999958,114562.31524999985,121032.42799999943,122053.34380952349
1759604400,121136.24,121538.26,121136.23,121538.26,6.98273,7.992861499999958,114622.76219999984,121076.39839999944,121993.85619047585
1759608000,121538.27,121667.77,121470.14,121504.74,5.21514,8.015632999999957,114684.50789999984,121111.84059999944,121947.40380952347
1759611600,121504.27,121993.95,121492.83,121853.25,4.38471,7.996557999999958,114748.55159999985,121160.71899999943,121899.76619047587
1759615200,121857.04,122023.68,121797.94,121968.79,4.09377,7.979007999999958,114809.63314999985,121188.13519999942,121862.4771428568
1759618800,121968.79,122100.32,121884.76,122077.58,2.72363,7.999138999999957,114869.66389999984,121215.65699999941,121833.8390476187
1759622400,122077.57,122100.33,121822.09,121822.09,1.36264,7.924203499999957,114927.83559999983,121247.82519999942,121827.6390476187
1759626000,121822.09,122080.05,121804.91,122054.05,1.79146,7.553588999999958,114985.92619999984,121267.7579999994,121837.72761904728
1759629600,122050.9,123843.35,122010.74,123457.43,43.64446,9.27424449999996,115046.59124999985,121288.7483999994,121851.69095238061
1759633200,123476.38,123604.69,122804.5,123219.28,10.56261,9.42074599999996,115108.27819999986,121316.56739999939,121836.34571428534
1759636800,123219.6,124851.01,123165.11,124280.59,79.79157,12.96234799999996,115168.59834999985,121356.45819999938,121818.35952380917
1759640400,124284.88,124512.36,123941.28,124251.11,26.33973,13.83073149999996,115229.19984999984,121388.7119999994,121868.06047619012
1759644000,124251.11,124350.05,123864.38,124054.95,18.57724,14.46886499999996,115294.47059999986,121419.65539999939,121913.55952380916
1759647600,124056.63,124281.64,123712.53,123815.39,24.90806,15.292866999999958,115359.29304999985,121486.1019999994,122014.14714285677
1759651200,123823.05,123921.02,123613.47,123623.97,20.34524,15.998481999999958,115420.63499999985,121552.1919999994,122118.07142857106
1759654800,123623.97,123705.15,121838.21,122034.24,43.35468,17.746340999999962,115480.75404999986,121635.01279999939,122215.62095238057
1759658400,122037.61,122219.37,121543.26,122149.37,21.35539,18.47886199999996,115548.72899999986,121715.59739999939,122306.89523809488
1759662000,122149.37,122724.53,122063.54,122690.84,17.16316,18.62077049999996,115618.32494999986,121796.27579999939,122396.29714285678
1759665600,122684.36,122684.36,122171.02,122309.74,10.4875,18.04116049999996,115692.65894999987,121874.51679999939,122408.1966666663
1759669200,122310.7,122555.99,122279.32,122396.26,7.98965,17.933025999999963,115765.86189999986,121948.8293999994,122407.99190476155
1759672800,122400.52,122568.73,122026.91,122286.42,9.28158,18.017747499999963,115837.58354999985,121996.9361999994,122456.2952380949
1759676400,122280.3,122280.3,121934.28,122093.14,6.80728,18.00897499999996,115907.76144999986,122039.2001999994,122497.7609523806
1759680000,122096.12,122603.52,121616.04,122530.52,18.90169,18.69330249999996,115976.98599999986,122085.9011999994,122549.65809523776
1759683600,122527.5,122732.45,122258.61,122453.82,10.54407,19.001270499999958,116039.36354999985,122122.4911999994,122596.40857142823
1759687200,122453.82,122708.13,122258.6,122638.69,11.9658,19.394871999999957,116102.48924999984,122162.79219999939,122641.97571428535
1759690800,122647.5,122661.93,122176.18,122270,14.93848,20.005614499999957,116167.44214999983,122199.7511999994,122689.22619047582
1759694400,122270,122734.13,122149.95,122424.25,8.45828,20.360396499999958,116230.05814999985,122232.39619999939,122734.4204761901
1759698000,122420.97,122664.81,122321.57,122580.46,12.60253,20.90094999999996,116293.22059999986,122263.1823999994,122771.822380952
1759701600,122422.79,122891.87,122422.79,122732.6,5.89996,19.013724999999962,116356.19614999986,122268.21799999937,122786.16571428534
1759705200,122722.01,123037.93,122686.52,123001.73,6.90538,18.83086349999996,116418.86234999986,122276.44819999937,122802.67380952343
1759708800,123009.09,123824.11,122701.3,122945.51,22.53819,15.968194499999962,116484.54659999986,122288.24139999937,122838.78666666629
1759712400,122935.01,123813.61,122778.52,123645.47,18.96486,15.599450999999963,116549.57144999987,122293.32599999938,122871.09857142821
1759716000,123651.03,123844.44,123050.18,123818.35,17.55478,15.54832799999996,116614.71704999988,122293.82199999937,122849.3985714282
1759719600,123818.35,123883,123549.1,123656.63,4.94939,14.550394499999962,116678.61094999987,122302.8707999994,122836.36190476154
1759723200,123647.65,123813.89,123379.45,123392.49,5.52836,13.809550499999963,116742.93004999988,122320.17299999937,122806.11809523772
1759726800,123391.57,123503.9,123076.59,123305.99,16.86335,12.484983999999963,116808.52179999987,122332.65659999939,122785.51047619009
1759730400,123324,123872.37,123324,123645.7,16.15403,12.224915999999963,116874.92604999988,122363.44319999937,122766.54285714247
1759734000,123633.78,123790.4,123001.67,123159.75,44.61371,13.597443499999963,116942.16114999987,122400.14119999937,122746.40476190438
1759737600,123153.71,123632.3,123144.2,123596.7,17.3585,13.940993499999962,117009.07694999987,122438.13519999938,122731.26285714249
1759741200,123595.71,123754.96,123413.41,123646.2,16.47694,14.365357999999963,117079.56234999988,122470.2979999994,122807.99904761866
1759744800,123647.24,123818.3,123527.74,123686.59,16.6568,14.73411899999996,117150.81159999987,122493.5309999994,122856.11238095202
1759748400,123684.45,124324.91,123536.54,124015.12,23.27664,15.55758699999996,117221.19304999987,122517.80979999939,122899.24857142821
1759752000,124066.58,124493.91,123970.16,124309.32,22.95913,15.760458999999964,117290.40654999988,122532.73059999938,122962.88952380915
1759755600,124300.12,124814.21,124116.78,124761.36,39.9061,17.228560499999965,117358.83814999986,122559.3885999994,123024.33380952345
1759759200,124734.7,125070.05,124260.58,124416.91,37.55924,18.508232499999963,117428.27564999986,122588.94759999939,123106.65285714247
1759762800,124406.71,125229.6,124390.2,124750.4,20.00251,18.761433999999962,117495.14279999986,122621.3053999994,123212.18523809487
1759766400,124752.02,125285,124545.5,125222.7,19.42466,19.309752999999965,117564.33159999986,122661.4795999994,123318.41571428534
1759770000,125221.63,125516.59,124652.38,124764.99,39.68368,20.66381049999996,117635.11409999985,122709.6933999994,123411.89619047583
1759773600,124760.74,125726.83,124589.81,125534.31,48.35105,22.78636499999996,117705.63214999984,122769.98999999941,123512.45380952345
1759777200,125542.82,125761.31,123607.55,125056.03,52.80415,25.08130349999996,117777.77604999985,122822.6411999994,123653.05857142822
1759780800,125031.31,125155.16,124796.3,124878.32,20.86657,24.997722499999963,117851.71884999987,122874.57579999938,123764.52238095204
1759784400,124829.9,124921.48,123519.4,124784.48,21.48106,25.123532499999964,117928.01409999987,122945.5003999994,123905.18190476156
1759788000,124794.14,125023.71,124490.21,124755.82,11.61401,24.826493999999965,118002.26864999987,123012.0209999994,124015.82142857107
1759791600,124759.02,124825.87,124359.33,124373.93,4.4719,24.802619499999967,118077.69199999986,123096.57879999939,124105.18285714251
1759795200,124391.53,124665.93,124342.88,124657.58,3.69326,24.710864499999964,118155.47174999985,123171.6061999994,124192.75285714252
1759798800,124635,124834.16,124243.73,124583.37,8.17255,24.276324499999966,118231.02639999986,123246.4479999994,124245.62666666631
1759802400,124591.86,124610.85,124112.43,124176.19,6.41246,23.789245999999967,118311.14714999984,123311.37239999938,124272.0828571425
1759806000,124181.51,124466.94,124008.97,124222.08,8.0374,21.960430499999966,118389.06369999987,123376.39399999939,124319.74714285678
1759809600,124206.52,124535.88,124029.19,124395.94,6.91205,21.438107999999964,118466.41089999987,123426.8075999994,124376.45571428534
1759813200,124380.76,124577.68,124156.51,124319.6,8.85339,21.056930499999964,118541.69384999987,123480.58339999938,124417.89380952346
1759816800,124283.45,124416.71,123702.67,123813.14,17.65845,21.107012999999966,118615.74189999985,123530.69919999939,124445.34047619013
1759820400,123830.11,123932.27,123467.81,123604.75,15.04456,20.695408999999966,118686.95729999985,123577.78119999937,124504.20666666633
1759824000,123600.01,123868.89,123229.9,123729.8,22.08418,20.651661499999967,118758.62019999984,123621.14179999939,124538.63047619013
1759827600,123757.43,124107.13,123747.46,123969.14,14.58999,19.38585599999997,118829.96379999985,123639.91199999937,124546.57999999965
1759831200,123972.32,124331,123854.6,124226.54,14.28394,18.222090999999967,118898.92629999986,123661.91839999938,124542.68285714251
1759834800,124210.58,124490.02,124114.61,124434.41,12.71624,17.857777499999965,118967.86334999984,123652.56939999938,124529.09619047583
1759838400,124428.76,125123.56,124332.51,124904.07,25.55143,18.164115999999964,119035.36914999984,123639.64219999938,124512.89714285677
1759842000,124901.92,125040.88,123417.85,123903.82,30.28249,17.694056499999967,119102.39094999984,123633.13919999936,124487.42952380917
1759845600,123851.63,123976.37,122604.42,122747.87,47.20747,17.636877499999965,119161.37539999984,123636.21419999936,124488.2628571425
1759849200,122761.83,122894.91,121194.31,121848.16,51.86465,17.589902499999965,119218.10749999985,123648.26559999937,124495.58047619012
1759852800,121857.69,122092.41,120824.59,121695.69,36.74205,18.383676499999964,119275.04434999985,123696.26899999937,124432.77666666631
1759856400,121711.54,121876.19,121107.23,121145.37,21.39111,18.379178999999965,119335.25009999984,123751.36299999937,124336.723333333
1759860000,121136.02,121317.19,120599.77,120859.45,41.41695,19.869325999999965,119397.22849999987,123775.62259999938,124161.19238095205
1759863600,120864.63,122034.79,120840.55,121657.99,27.21034,21.006247999999964,119459.74609999986,123784.38519999936,124001.17619047585
1759867200,121659.55,122261.98,121659.55,121990.94,12.77111,21.460140499999962,119524.86279999986,123773.42319999936,123823.41666666634
1759870800,121989.71,122334.84,121815.21,122058.08,8.61949,21.482487499999962,119585.26249999985,123761.60859999938,123636.51047619016
1759874400,122087.81,122212.93,121853.28,122067.38,4.90497,21.40711299999996,119640.46194999985,123742.65319999937,123488.99476190444
1759878000,122063.21,122063.21,121318.72,121369.27,7.76958,21.39372199999996,119689.93679999985,123709.23179999937,123375.51904761873
1759881600,121363.03,122113.5,121316.16,121941.64,8.04451,21.450344999999963,119737.69884999986,123693.31519999939,123251.733333333
1759885200,121869.63,122056.53,121621.69,121942.22,5.40429,21.277889999999964,119782.69214999984,123680.36019999938,123131.92428571396
1759888800,121892.92,122219.86,121774.95,122038.28,5.17152,20.653543499999962,119826.18949999985,123676.12179999938,122998.2614285711
1759892400,122028.02,122028.02,121216.57,121372,5.47229,20.17492999999996,119873.47074999986,123668.98439999938,122889.66904761872
1759896000,121387.54,121906.56,121088.87,121897.94,5.21178,19.33130999999996,119922.83194999985,123644.76059999937,122772.82523809491
1759899600,121871.04,121873.69,121154.7,121381.61,7.97926,19.00077349999996,119966.69184999986,123628.94139999937,122664.19095238062
1759903200,121398.48,121879.13,121057.57,121825.94,5.6107,18.56711149999996,120006.48014999986,123607.75119999937,122547.94619047586
1759906800,121817.45,121937.39,121336.29,121629.09,9.95018,18.42880849999996,120043.83114999985,123589.60659999937,122466.66952380922
1759910400,121623.69,122870.36,121539.1,122422.24,23.92357,18.34741549999996,120084.95864999985,123544.13719999937,122354.85095238064
1759914000,122417.13,122676.55,122390.48,122555.04,12.69278,17.46792999999996,120124.07849999984,123505.7289999994,122252.79380952351
1759917600,122522.85,123143.7,122522.85,123009.27,15.24879,15.869995999999961,120163.79969999986,123460.22859999938,122129.10571428541
1759921200,123015.37,123257.99,122808.85,122918.08,15.32642,14.04308449999996,120199.02194999985,123428.89759999939,122033.28809523777
1759924800,122919.89,123134.31,122577.83,122673.74,10.84447,12.74820549999996,120237.03729999985,123395.35959999937,121921.42952380922
1759928400,122667.57,122834.12,121686.71,122618.24,17.27534,12.542416999999961,120272.99814999984,123370.89039999938,121878.83190476161
1759932000,122594.48,123388.37,122130.83,122351.83,25.46561,11.74484999999996,120310.92789999986,123358.7961999994,121886.93714285684
1759935600,122346.55,122655.13,121975.1,122202.4,11.02598,10.935631999999961,120347.14619999986,123347.04759999938,121926.25047619018
1759939200,122201.51,123143.21,122109.74,123059.64,11.58156,10.876154499999961,120386.27864999988,123332.48519999938,121970.18142857112
1759942800,123062.81,124192.65,122973.57,124039.48,39.60087,12.425223499999962,120426.14204999985,123312.22819999939,122027.6319047616
1759946400,123979.46,124125.35,123441.2,123447.72,24.46644,13.403296999999961,120468.44464999987,123284.2905999994,122091.58190476161
1759950000,123486.02,123753.72,123164.71,123444.11,12.31609,13.630622499999959,120510.81529999989,123245.14079999938,122158.32714285684
1759953600,123457.91,123726.8,122755.42,122781.02,13.59426,13.90810999999996,120553.31954999987,123193.96159999938,122255.87666666634
1759957200,122812.59,123303.88,122789.54,123279.43,5.8345,13.92962049999996,120596.57059999986,123166.81619999938,122322.04999999965
1759960800,123295.11,123415.95,123188.36,123188.36,4.29949,13.886018999999958,120638.59214999987,123152.59779999938,122387.60857142822
1759964400,123175.81,123531.52,123052.91,123313.35,3.6329,13.79404949999996,120680.73859999987,123117.09819999938,122454.83476190442
1759968000,123305.94,123360.58,122863.68,122863.68,3.58842,13.71288149999996,120728.51729999986,123090.68059999937,122518.5390476187
1759971600,122897.11,122905.85,122337.78,122566.34,6.40792,13.63431449999996,120784.54919999986,123035.61479999938,122577.87904761871
1759975200,122565.28,122565.28,121527.04,121670.45,15.63926,14.135742499999958,120837.03999999986,123000.08279999938,122638.59666666634
1759978800,121659.47,122156.19,121646.62,122082.09,7.35416,14.005941499999958,120888.60999999987,122966.28359999938,122709.62904761871
1759982400,122082.08,122298.9,121949.5,122185.63,5.97208,13.108366999999959,120937.00209999988,122936.86099999938,122741.4576190473
1759986000,122181.45,122259.16,121878.43,122149.45,7.15161,12.831308499999958,120986.11279999989,122899.01819999937,122755.2119047616
1759989600,122144.02,122212.06,121889.44,121987.77,12.25269,12.681503499999959,121033.70464999988,122862.86639999937,122767.40952380921
1759993200,122022.42,122093.69,121743.76,121924.39,14.28895,12.629629999999958,121084.45239999988,122803.12379999938,122793.91142857113
1759996800,121921.17,121976.92,121143.68,121281.87,22.73944,13.224378499999958,121134.28164999987,122753.09819999937,122780.92142857112
1760000400,121292.32,121872.29,121287.95,121833.98,14.87853,13.104537999999957,121180.57184999988,122713.28699999937,122753.90857142827
1760004000,121831.87,122403.55,121709.17,122220.05,11.46057,12.404285999999956,121220.11049999988,122671.83439999937,122702.24761904732
1760007600,122224.52,122921.84,122220.73,122788.85,15.98486,12.652229999999957,121258.42089999987,122623.67099999936,122624.33285714255
1760011200,122769.82,123798.36,122729.16,123619.94,26.38028,13.392165999999957,121296.06564999986,122575.76679999936,122584.34428571397
1760014800,123600.79,123677.39,122313.65,122409.46,32.16086,13.020165499999958,121335.83709999986,122525.14139999935,122565.38285714255
1760018400,122373.35,122633.99,120797.34,121348.01,56.47954,14.62082049999996,121375.90674999988,122489.72599999937,122586.19333333301
1760022000,121336.88,121737.28,120654.83,121166.39,26.74852,15.34244199999996,121415.20839999987,122459.53099999936,122653.69523809494
1760025600,121205.17,121482.34,119790.38,119919.94,36.89071,16.50726449999996,121450.20074999989,122435.92519999939,122622.73428571397
1760029200,119889.61,121074.99,119737.71,121017.52,49.1773,18.67440449999996,121486.51839999988,122423.79319999937,122494.56904761874
1760032800,121012.29,121146.92,120425.65,120668.94,15.54393,19.23662649999996,121526.11349999989,122383.29419999936,122385.93428571399
1760036400,120694.94,121145.12,120686.3,120985.38,10.36426,19.57319449999996,121568.9236999999,122312.17299999935,122218.11666666636
1760040000,121013.68,121230.72,120884.05,121131.88,13.04153,20.045849999999962,121615.3317999999,122257.42439999936,122134.14047619018
1760043600,121120.53,121530.73,121050.29,121485.71,6.09454,20.030180999999963,121654.36019999991,122200.86579999937,122009.83142857114
1760047200,121511.06,121776.14,121415.38,121699.26,4.61246,19.478840999999964,121689.46314999991,122184.25299999937,121904.92761904733
1760050800,121689.78,121757.26,121358.16,121632.15,4.71911,19.347088499999963,121722.3325999999,122163.71799999937,121801.04809523781
1760054400,121633.45,121864.05,121594.34,121754.01,3.15936,19.206452499999962,121741.41639999991,122160.51819999937,121735.43047619022
1760058000,121747.68,121893.38,121503.8,121649.13,2.71145,18.984444499999963,121764.37689999992,122165.96679999934,121694.14095238068
1760061600,121663.86,121673.25,120924.28,121088.03,10.58427,18.901023499999965,121786.19119999991,122162.52119999936,121692.31714285689
1760065200,121075.83,121581.07,120949.37,121052.53,3.98423,18.385787499999967,121807.0732999999,122156.68759999936,121676.69428571402
1760068800,121037.89,121388.89,121022.23,121250.07,5.12426,17.505028499999966,121830.58344999989,122148.16899999935,121651.1466666664
1760072400,121252.72,121591.22,121005.46,121582.06,14.09071,17.465637499999964,121853.80534999991,122141.90159999934,121600.60285714257
1760076000,121569.92,121757.86,121291.27,121369.48,8.31301,17.308259499999966,121875.42804999993,122147.49879999936,121556.06761904735
1760079600,121342.21,121386.44,120892.59,120961.86,17.92359,17.405195999999965,121896.39074999992,122130.42659999935,121523.95714285686
1760083200,120943.07,121656.63,120931.99,121617.35,9.90676,16.581519999999962,121917.1897499999,122112.63279999937,121538.25190476162
1760086800,121628.57,121807.09,121299.74,121342.05,12.93256,15.620104999999963,121941.5960499999,122096.86859999936,121516.13285714257
1760090400,121332.68,121590.92,121208.99,121537.56,10.93076,13.342665999999966,121960.8712999999,122101.06979999937,121456.21904761874
1760094000,121538.21,121696.19,121418.91,121578.41,6.45448,12.327963999999966,121979.0083499999,122090.50059999937,121400.43333333304
1760097600,121598.8,121746.77,121475.52,121624.01,7.69881,10.868368999999966,121997.54199999991,122082.10559999937,121291.96238095209
1760101200,121613.67,122572.45,121431.63,121724.72,28.95521,9.857264499999966,122017.8951999999,122077.93379999936,121250.44333333305
1760104800,121702.51,122114.99,120532.19,120579.69,26.02083,10.381109499999965,122036.0329999999,122072.19299999936,121261.41476190447
1760108400,120592.66,120697.2,118539.3,119127.16,97.87358,14.756575499999965,122048.0466999999,122054.49939999936,121283.2061904759
1760112000,119126.44,119549.88,118275.33,118299.74,52.30758,16.719877999999966,122064.0790499999,122034.96679999937,121369.1480952378
1760115600,118297.06,118511.34,117687.06,117713.4,38.96077,18.363189499999965,122077.77159999989,122007.26159999937,121348.29904761876
1760119200,117721.33,117929.15,117293.41,117293.41,25.99344,19.432238499999965,122091.71219999989,121983.39439999936,121274.88095238067
1760122800,117249.96,117394.47,115984.52,116771.74,65.38643,22.465604499999966,122105.89934999989,121941.51339999937,121146.99333333304
1760126400,116765.11,117383.91,113456.35,114484.99,112.96076,27.955674499999965,122120.58189999989,121871.69179999936,120984.20857142827
1760130000,114484.99,119953.05,107485.59,118303.81,700.90386,62.86529499999997,122137.25799999987,121790.64999999937,120784.57523809496
1760133600,118355.77,118620.14,112664.53,115425.38,507.63005,87.71758399999996,122146.66624999986,121700.86999999937,120549.93142857116
1760137200,115436.18,116439.37,114375.51,114558.93,351.9676,105.11675249999996,122149.83984999986,121585.54539999936,120209.5904761902
1760140800,114543.66,114790.3,113190.51,113640.18,116.71249,110.69616399999995,122147.87214999986,121440.19059999938,120045.29523809499
1760144400,113633.54,113635.26,112015.04,112057,35.69375,111.77631599999995,122141.99549999987,121260.93599999936,119748.92619047593
1760148000,112059.44,114168.57,111978.21,114079.05,30.31576,112.87645349999995,122135.20309999987,121158.12999999936,119438.0166666664
1760151600,114073.23,114210.12,112647.44,113178.65,23.07396,113.13397199999997,122124.94804999986,121011.01719999938,119085.04761904736
1760155200,113137.73,114069.78,112713.61,114035.09,16.29998,113.45363299999997,122099.98324999986,120836.60719999936,118647.28238095212
1760158800,114069.79,114089.25,113199.78,113598.21,28.05826,114.20991799999994,122093.16804999986,120645.64359999936,118289.99619047594
1760162400,113598.21,114105.04,113282.74,113671.54,41.38278,115.73251899999994,122075.98244999986,120420.51659999936,117899.95666666642
1760166000,113678.85,113723.4,112178.82,112462.81,50.83463,117.95152649999993,122049.10784999987,120244.82399999935,117570.11047619022
1760169600,112470.54,113685.9,112258.01,113555.03,46.77379,119.90527549999995,122018.50804999987,120057.07019999936,117188.24666666643
1760173200,113555.03,114270.53,113513.56,113775.31,46.86063,120.80054649999995,121979.14379999986,119904.36299999936,116822.98428571406
1760176800,113746.83,114456.36,113740.28,114352.29,30.09625,121.00431749999996,121946.99854999986,119734.68539999936,116390.85333333311
1760180400,114356.86,114654.12,113912.39,114570.15,21.76378,117.19882749999996,121908.87314999984,119564.40359999936,116008.7876190474
1760184000,114567.33,114770.22,114296.01,114624.57,19.61002,115.56394949999996,121876.15939999984,119370.67079999937,115635.03999999978
1760187600,114628.54,114764.16,114089.99,114481.58,19.01444,114.56663299999995,121843.73524999985,119202.01599999938,115283.97190476167
1760191200,114504.41,114588.35,114060.51,114112.27,14.97044,114.01548299999995,121811.04594999985,119039.03439999936,114997.8033333331
1760194800,114108.18,114463.92,113827.18,113836.86,17.21329,111.60682599999996,121770.82559999985,118900.44279999936,114783.39428571405
1760198400,113836.86,114129.15,113486.41,113863.86,20.03749,106.96066249999997,121737.92524999985,118755.16619999935,114601.57714285688
1760202000,113858.16,114236.51,113727.94,114036.68,18.14072,72.82250549999998,121707.22789999987,118603.25659999937,114430.0947619045
1760205600,114039.06,114081.14,113821.76,113931.45,13.64355,48.123180499999975,121678.29159999987,118437.11119999936,114265.4971428569
1760209200,113931.45,114017.21,112803.91,113098.97,37.76531,32.41306599999998,121650.03294999986,118246.95779999938,114127.02666666641
1760212800,113110.34,113309.8,111360.19,111886.46,43.43423,28.74915299999998,121623.05064999989,118075.50579999937,114105.67857142833
1760216400,111889.54,112572.53,110922.3,112529.23,33.9567,28.662300499999976,121595.94184999989,117925.82279999938,113897.4709523807
1760220000,112535.24,113051.68,112395.04,112840.3,11.44012,27.718518499999977,121566.96149999989,117783.22859999936,113786.68952380925
1760223600,112838.75,112924.23,112465.08,112469.12,7.68245,26.948942999999975,121538.00129999987,117663.45879999935,113659.42904761877
1760227200,112469.12,112500.23,111395.21,111453.56,19.21365,27.094626499999976,121507.13974999989,117505.08779999935,113606.52666666641
1760230800,111465.23,112118.92,111449.25,111768.73,66.09805,28.99661599999997,121475.54419999987,117329.43819999935,113643.8266666664
1760234400,111763.36,112216.76,111084.06,111598.74,22.03491,28.029222499999968,121442.80024999987,117160.31519999934,113567.16333333305
1760238000,111587.57,112801.03,111476.92,112118.77,18.90275,26.43262849999997,121406.38904999988,116994.48359999934,113485.01619047592
1760241600,112118.78,113325.05,112037.21,112842.6,12.45086,24.716481999999967,121363.62899999987,116814.15179999935,113377.09428571402
1760245200,112846.52,113105.9,112469.12,112994.39,13.05772,23.026336499999967,121323.97069999987,116609.23779999935,113281.88142857117
1760248800,112996.66,113461.01,112939.93,113086.82,15.55469,22.29925849999997,121283.21614999988,116411.96939999936,113207.93999999974
1760252400,113097.94,113363.11,112928.04,113004.22,16.36887,22.02951299999997,121234.55154999986,116208.86399999935,113226.02523809498
1760256000,113001.44,113329.26,112664.53,112666.11,13.72482,21.735252999999968,121180.68344999988,116018.25679999936,113199.32809523784
1760259600,112666.1,114406.76,112492.55,113241.58,20.46907,21.807984499999968,121131.12539999987,115853.34819999937,113166.5428571426
1760263200,113244.61,113438.24,112859.01,113081.11,12.64179,21.69155199999997,121078.2689999999,115692.18539999938,113102.3490476188
1760266800,113084.8,113625.26,112957.61,113361.69,12.45623,21.453698999999972,121026.08454999988,115528.92039999938,113011.68047619023
1760270400,113361.69,113764.11,113105.9,113323.75,15.65128,21.234388499999973,120978.89674999988,115357.36359999936,112945.82380952357
1760274000,113323.81,113417.09,112580.04,112642.73,27.38665,21.69668499999997,120933.1855999999,115183.29619999936,112879.13476190453
1760277600,112642.74,114174.82,112506.93,113607.36,57.07346,23.868180499999973,120887.01304999989,115028.89059999937,112843.39285714264
1760281200,113616.44,115302.45,113354.56,114818.43,79.30165,25.94499749999997,120841.5034499999,114858.16579999936,112818.95904761882
1760284800,114812,116138.62,114812,115643.43,67.77937,27.16225449999997,120794.91674999987,114698.55859999938,112760.80999999975
1760288400,115645.61,116078.29,115150.66,115403.23,35.78108,27.253473499999973,120752.3399999999,114534.28239999937,112740.36619047595
1760292000,115403.24,115828.17,115105.03,115388.55,22.53895,27.808414999999975,120708.82379999988,114355.56879999937,112782.60333333309
1760295600,115388.56,115916.69,115371.03,115708.08,20.78271,28.463427999999972,120664.91054999988,114195.23579999938,112903.76809523783
1760299200,115708.09,116580.83,115650.77,115650.77,49.82425,29.99395799999997,120619.3704999999,114057.10999999939,113071.23333333306
1760302800,115650.77,116069.45,114604.1,115149.94,45.57977,28.968043999999974,120570.5155999999,113958.38479999939,113207.39142857117
1760306400,115107.59,115951.23,115107.59,115565.31,25.08044,29.120320499999973,120527.23339999991,113883.90619999937,113343.95238095213
1760310000,115568.3,115665.39,115055.13,115247.29,12.59712,28.805038999999976,120490.48429999991,113825.68239999936,113495.45952380927
1760313600,115258.54,116185.62,115107.25,115644.37,15.26861,28.945926499999974,120458.3579499999,113785.57599999938,113671.47761904736
1760317200,115646.44,116054.21,115373.61,116008.96,13.76563,28.98132199999997,120425.3420499999,113752.72319999937,113852.26714285689
1760320800,116030.93,116297.79,115295.53,115521.14,14.6216,28.934667499999968,120392.7916499999,113720.28719999938,114026.00761904736
1760324400,115529.93,115828.16,114862.59,115034.4,12.93475,28.762961499999967,120362.59939999989,113741.89359999936,114193.89333333308
1760328000,115029.07,115222.3,114604.48,114889.9,19.98171,29.075805999999965,120331.93149999989,113680.76319999938,114344.67238095212
1760331600,114904.95,115019.35,114702.15,114794.41,11.42449,28.623576999999965,120296.91284999989,113685.14299999936,114464.99380952356
1760335200,114790.93,115522.43,114592.55,115391.73,14.29354,28.706164499999964,120266.3570499999,113714.14359999936,114557.73571428546
1760338800,115367.89,115738.28,115199.84,115548.09,23.79673,29.273189499999965,120235.39869999992,113751.76279999939,114647.52999999972
1760342400,115578.94,115663.37,115247.66,115408.65,20.68636,29.524943499999967,120207.08844999991,113811.31079999938,114748.87761904736
1760346000,115403.49,115432.79,114948.56,115252.33,16.27953,28.969587499999967,120180.60994999991,113827.52779999939,114851.26571428546
1760349600,115260.69,115298.96,114892.77,114973.8,14.47831,26.839829999999967,120152.53449999992,113859.84299999937,114968.74095238069
1760353200,114991.39,114991.39,113821.2,114359.59,29.54135,24.351814999999966,120120.01519999992,113886.97579999937,115066.21523809497
1760356800,114345.97,114937.19,114116.62,114592.21,18.60752,21.89322249999997,120086.9409999999,113925.97339999938,115158.05238095213
1760360400,114598.15,115671.49,114415.13,115542.78,42.32286,22.22031149999997,120051.6467999999,113960.71559999937,115269.05571428544
1760364000,115503.99,115667.82,113987.25,114223,33.84364,22.785545999999968,120018.7614999999,114016.50599999938,115304.87619047592
1760367600,114228.94,114889.24,114163.05,114487.36,11.6941,22.331115499999967,119986.11404999992,114044.88139999937,115294.10380952356
1760371200,114492.31,115335.06,114438.62,114830.26,16.88116,20.683960999999968,119954.04684999991,114056.56699999938,115289.31095238069
1760374800,114833.59,115196.01,114381.64,115194.85,13.21462,19.06570349999997,119920.03824999993,114061.36539999937,115233.10952380925
1760378400,115187.91,115532.94,114890.97,115309.72,16.28056,18.625709499999967,119877.62009999993,114080.81799999937,115190.19571428547
1760382000,115311.93,116041.08,115221.22,115946.84,24.17246,19.204476499999966,119833.3216499999,114072.78659999937,115148.39476190449
1760385600,115942.84,116036.29,115557.66,115900.37,11.17982,19.000036999999967,119784.8797499999,114072.90219999937,115126.68428571404
1760389200,115872.07,115958.63,115697.16,115860.18,6.65688,18.644599499999966,119741.3380999999,114087.26199999936,115134.2928571426
1760392800,115841.24,115999.43,115612.83,115666.87,6.89961,18.258499999999966,119692.17834999991,114114.42179999939,115152.46095238072
1760396400,115667.87,115670.48,115177.58,115325.22,7.2045,17.971987499999965,119645.53819999991,114143.33899999937,115183.55999999975
1760400000,115306.76,115549.35,115014.85,115101.28,6.89768,17.317785999999963,119601.56964999992,114181.54219999937,115193.83666666641
1760403600,115125.05,115136.77,114292.9,114435.86,10.35877,17.264499999999963,119567.37269999992,114220.92059999937,115177.5466666664
1760407200,114438.52,114466.63,113806.62,113806.64,11.72133,17.135889499999966,119533.17444999993,114276.14479999938,115168.21714285688
1760410800,113802.36,113870.18,113436.87,113651.61,10.38978,16.465541999999964,119499.45444999993,114351.75299999937,115171.40190476166
1760414400,113671.77,113748.37,112970.6,113228.46,17.88781,16.325614499999965,119467.40759999995,114407.67279999937,115149.78095238071
1760418000,113192.2,113818.62,112491.31,112599.96,31.16037,17.06965649999996,119434.72719999994,114452.89239999939,115102.74428571404
1760421600,112633.7,112869.8,111486.36,112077.48,27.51684,17.72158299999996,119401.62944999993,114492.2271999994,115019.88142857117
1760425200,112061.18,112294.05,111535.28,111798.42,31.25772,17.807401499999962,119367.78984999991,114539.2887999994,114909.4228571426
1760428800,111748.55,112273.25,111614.11,111954.89,19.32702,17.84337649999996,119330.64364999993,114576.94639999939,114775.67571428546
1760432400,111909.34,112171.96,111222.98,111471.42,37.25219,17.58984299999996,119290.55384999992,114609.54079999939,114624.49238095213
1760436000,111473.32,111544.26,110221.34,110815.9,35.18373,17.65684749999996,119246.39359999992,114619.16459999939,114473.28380952356
1760439600,110806.11,111841.31,110784.49,111501.39,40.41255,19.09276999999996,119203.30164999992,114603.86219999939,114358.77428571403
1760443200,111511.96,111567.12,110953.54,111025.42,19.06397,19.201910499999958,119157.32269999992,114579.9427999994,114210.16523809501
1760446800,111020.46,111475.75,110057.26,111190.52,49.33579,21.007968999999957,119107.42019999992,114557.30419999939,113985.07571428546
1760450400,111181.08,112348.8,111114.54,111601.4,45.22535,22.45520849999996,119054.14459999991,114526.64819999938,113855.475238095
1760454000,111601.25,113075.66,111237.6,113045.81,39.73198,23.233184499999957,118998.12804999993,114489.64399999939,113690.62095238069
1760457600,113069.18,113340.8,112325.51,112478.96,35.09446,24.428916499999957,118943.17494999991,114454.8401999994,113517.29999999973
1760461200,112485.03,113097.4,111874.31,112899.66,26.63732,25.427938499999957,118882.30469999989,114413.72639999939,113346.18333333307
1760464800,112894.8,113598.08,112769.2,112948.21,19.76539,26.071227499999956,118817.29244999989,114370.30299999939,113238.37809523784
1760468400,112985.31,113637.75,112160.32,112742.18,29.41419,27.181711999999955,118756.51624999988,114335.85599999939,113073.24095238069
1760472000,112757.52,113173.91,112382.83,113141.31,10.0819,27.340922999999954,118694.68089999989,114343.91759999939,112930.34999999974
1760475600,113134.52,113265.38,112809.29,113188.57,7.09462,27.177715499999948,118634.1035499999,114321.34959999938,112791.68476190449
1760479200,113213.34,113654.72,112937.17,113306.59,7.65146,26.97422199999995,118573.88204999988,114282.97419999939,112652.41380952352
1760482800,113298.42,113620.4,113105.43,113121.5,5.3049,26.71997799999995,118523.3123499999,114229.06979999939,112548.41809523782
1760486400,113135.75,113262.75,112727.76,113120.22,6.57566,26.15437049999995,118467.72364999988,114175.8487999994,112457.3366666664
1760490000,113115.6,113126.86,112464.69,112857.99,8.95601,25.044152499999946,118413.99094999992,114130.90399999938,112403.56190476163
1760493600,112854.12,113713.43,112786.18,112934.13,6.63627,24.00012399999995,118360.2990499999,114080.51379999939,112370.93619047591
1760497200,112931.96,113004.82,111964.8,112120.54,9.87173,22.93082449999995,118303.9343499999,114033.63019999937,112345.63190476161
1760500800,112135.87,112579.24,111874.76,112466.1,7.14375,22.32166099999995,118248.09429999991,113993.0613999994,112327.99047619019
1760504400,112465.04,112783.32,112326.27,112556.06,7.64177,20.84113999999995,118190.2303499999,113944.15959999939,112343.90333333303
1760508000,112542.83,112726.89,112021.95,112622.61,10.73602,19.61875449999995,118134.6787499999,113896.37359999938,112345.95380952352
1760511600,112632.29,112821.16,112405.11,112717.24,16.30348,18.41330099999995,118076.5342499999,113842.16879999939,112377.74809523781
1760515200,112721.34,113664.76,112672.77,113080.92,21.22488,18.52134649999995,118016.02184999989,113764.4003999994,112406.37523809497
1760518800,113078.35,113257.42,112536.7,112717.15,16.54045,16.88157949999995,117956.4868499999,113703.29959999939,112461.19380952354
1760522400,112694.86,112799.1,112245.74,112405.52,16.71536,15.456079999999949,117893.4859499999,113653.73279999937,112551.73380952355
1760526000,112431.64,112758.29,111903.22,112084.65,23.31137,14.635049499999948,117828.8084999999,113608.38699999938,112626.94952380925
1760529600,112076.7,112277.37,111565.1,111853.08,24.60014,14.11033349999995,117766.7473999999,113566.84359999938,112707.50809523785
1760533200,111820.62,112237.95,110975.76,111587.13,42.54483,14.90570899999995,117705.6052999999,113520.62739999939,112765.365238095
1760536800,111598.4,112424.81,110982.24,111238.63,26.96663,15.26577099999995,117644.9392499999,113464.00859999938,112788.3771428569
1760540400,111222.24,111802.59,110509.57,110937.5,38.48645,15.719383999999948,117586.65579999989,113403.94599999936,112731.58047619025
1760544000,110916.11,111234.36,110703.54,110865.54,16.67715,16.049146499999946,117528.7724999999,113340.59239999937,112689.11238095215
1760547600,110847.57,111250.91,110238.73,111240.69,28.78478,17.133654499999945,117469.4413999999,113278.17799999936,112610.0157142855
1760551200,111227.79,111542.5,110875.42,111486.28,12.58167,17.380164999999945,117410.58804999989,113222.72879999937,112514.2676190474
1760554800,111503.52,111608.21,111162.53,111332.08,8.8889,17.559364999999946,117349.90089999989,113155.65719999938,112424.90380952359
1760558400,111344.98,111626.34,110598.39,111182.36,13.65499,17.913331499999945,117287.18659999988,113063.55159999937,112334.39809523786
1760562000,111134.09,111478.49,110549.64,110888.39,15.07873,18.219467499999944,117223.52424999987,112996.40239999937,112253.33666666644
1760565600,110921.62,111453.49,110730.18,110731.13,7.08219,18.241763499999944,117160.65169999987,112931.46899999936,112159.31238095216
1760569200,110733.97,111048.84,110653.56,110814.37,5.16848,18.006600999999943,117097.3154499999,112864.58939999936,112066.97238095215
1760572800,110790.34,110920.88,110430.28,110510.04,11.01932,18.200379499999944,117032.99414999988,112787.33399999935,111960.69476190454
1760576400,110491.3,111392.01,110482.25,111368.51,6.56109,18.146345499999942,116969.35189999986,112704.78679999936,111859.41571428547
1760580000,111384.49,111628.93,111092.1,111588.81,6.22106,17.920597499999943,116905.65059999988,112603.61779999937,111758.47476190452
1760583600,111572.2,111917.86,111353.23,111400.56,9.31911,17.571378999999943,116840.13894999988,112500.23299999935,111681.78428571405
1760587200,111404.77,111743.52,110883.07,111042.58,8.95591,16.957930499999947,116771.53039999987,112399.31679999935,111629.51809523787
1760590800,111049.5,111547.7,110830.87,111019.97,12.47604,16.754709999999946,116706.45324999987,112296.18019999935,111583.45857142835
1760594400,111029.26,111772.64,110995.55,111725.32,11.39581,16.488732499999948,116646.36954999987,112217.04599999935,111525.2657142855
1760598000,111724.53,111838.09,110605.7,110642.41,26.10472,16.628399999999946,116591.20059999985,112146.79659999933,111445.51999999977
1760601600,110621.59,110946.49,110472.05,110885.4,13.25664,16.061224999999943,116535.27234999987,112086.09059999934,111347.37952380929
1760605200,110869.74,111721.3,109725.38,111223.4,47.78693,16.323329999999945,116486.38804999986,112030.80939999933,111300.14952380929
1760608800,111218.65,111785.66,111101.11,111551.44,19.4192,15.945958499999943,116440.03484999987,111978.17659999935,111216.19190476165
1760612400,111537.95,111628.98,111087.19,111473.68,16.85615,14.864443499999945,116388.74769999985,111948.11379999934,111159.08476190451
1760616000,111468.1,112055.75,111398.85,111604.81,25.04427,15.282799499999944,116334.00589999984,111908.96279999934,111129.09999999974
1760619600,111596.07,111637.02,110761.62,110928.82,34.62124,15.574622499999943,116278.81534999986,111885.12119999934,111127.40047619023
1760623200,110935.89,111494.51,109845.15,110618.75,49.38277,17.414677499999947,116227.10504999988,111873.62079999935,111138.59333333309
1760626800,110611.21,110772.07,108409.96,108636.61,81.76728,21.058596499999947,116173.47074999988,111865.55179999935,111170.36999999978
1760630400,108650.45,109358.14,107626.9,109302.98,74.20149,24.085921499999948,116118.18954999986,111865.59699999935,111173.3833333331
1760634000,109338.61,109345.33,108281.63,108338.5,33.86465,25.025217499999947,116064.59544999989,111881.37519999937,111143.76714285692
1760637600,108361.02,108727.78,107732.75,108722.54,28.95482,26.118848999999948,116012.16124999989,111869.92379999938,111008.06857142835
1760641200,108716.53,108827.52,107760.18,108260.07,28.24128,27.272488999999943,115962.66964999988,111861.79039999936,110911.44476190454
1760644800,108257.06,108475.35,107511.2,107870.67,31.08561,28.275803499999945,115911.2039999999,111810.71219999935,110776.02285714264
1760648400,107837.23,108522.17,107627.98,108488.88,11.33754,28.514625999999943,115858.94004999987,111764.74379999936,110672.88714285691
1760652000,108497.24,108557.19,107848.33,107870.29,8.01563,28.604354499999943,115802.90409999988,111670.59759999937,110555.21761904738
1760655600,107851.37,108489.37,107803.95,108255.95,6.79469,28.478133499999938,115737.9416999999,111595.46919999937,110415.04142857122
1760659200,108245.39,108876.14,107986.09,108845.39,7.97195,28.428935499999938,115672.34539999987,111502.67739999937,110318.79571428549
1760662800,108870.12,109167.2,108550.24,108875.28,9.05702,28.257984499999935,115601.26269999986,111401.12659999936,110152.2138095236
1760666400,108902.94,109148.66,108464.86,109032.11,8.2013,28.098258999999935,115529.82904999988,111316.06059999937,109993.50619047596
1760670000,109046.74,109292.94,108966.81,109241.49,5.88117,27.087081499999933,115456.53899999987,111210.64019999938,109871.83142857121
1760673600,109242.81,109293.15,108852.46,108857.44,6.32019,26.740258999999934,115382.52364999987,111111.98779999938,109768.62666666645
1760677200,108869.54,108972.75,108386.79,108447.01,10.84208,24.893016499999938,115311.87684999987,111022.76379999937,109673.96666666644
1760680800,108437.76,108600.6,106697.96,106779.2,54.17666,26.630889499999938,115239.46914999986,110937.83939999939,109555.68904761881
1760684400,106764.22,106912.19,105540.07,105651.28,59.12584,28.744373999999944,115169.73689999986,110856.07719999937,109470.69047619023
1760688000,105678.36,105732.81,104528.45,104893.74,79.36832,31.460576499999945,115098.66564999986,110783.74719999939,109354.57666666644
1760691600,104896.91,105662.38,104570.36,104570.36,31.19233,31.289130999999948,115022.84464999987,110702.21339999938,109142.94809523787
1760695200,104559.38,104926.73,103587.26,104782.37,55.31096,31.585540499999944,114950.76659999986,110628.74279999938,108861.98809523784
1760698800,104814.69,107525,104728.45,105786.24,69.67995,30.981173999999942,114879.75349999986,110515.00479999938,108548.65761904737
1760702400,105759.85,106164.18,105401.11,105535.61,23.36421,28.43930999999994,114810.13559999986,110376.90919999938,108213.68380952356
1760706000,105529.27,106253.69,104947.13,105902.93,49.7605,29.23410249999994,114735.97349999986,110222.33179999939,107920.99571428548
1760709600,105930.8,106080.05,104632.33,105238.54,46.70395,30.121558999999934,114653.92769999984,110059.39419999937,107690.87619047596
1760713200,105247.38,106925.6,105182.78,106879.5,39.15514,30.667251999999934,114565.61734999987,109893.42319999936,107543.2095238093
1760716800,106854.73,107645.46,106339.57,106485.03,32.84724,30.75533349999994,114475.76764999986,109754.80499999937,107381.30238095217
1760720400,106490.84,106838.49,106173.87,106549.29,16.86582,31.031747499999938,114385.78774999986,109617.40679999939,107233.68523809503
1760724000,106515.57,107202.74,106515.57,106753.41,21.29965,31.69594849999994,114301.34734999987,109493.77239999938,107145.9214285712
1760727600,106780.7,107017.3,106336.61,106555.19,11.68293,31.940360499999947,114219.86809999988,109361.48159999939,107061.39571428548
1760731200,106566.55,107253.32,106453.81,107090.91,10.2905,32.056287999999945,114136.61799999986,109267.32899999937,106998.47285714262
1760734800,107101.29,107536.87,107081.31,107410.77,8.36869,32.021871499999946,114055.38539999985,109172.25699999937,106915.83142857121
1760738400,107399.3,107517.77,106917.82,107101.24,8.11966,32.01778949999995,113971.63924999988,109084.49279999938,106853.20761904742
1760742000,107093.58,107097.39,106505.43,106554.76,5.69406,32.00843399999995,113896.41479999987,109002.25019999938,106797.72952380932
1760745600,106554.76,106963.65,106446.85,106959.83,5.03557,31.94420299999995,113822.43059999988,108908.54019999938,106729.41428571405
1760749200,106963.65,107400.96,106940.73,107273.19,4.30976,31.617586999999947,113746.00714999989,108820.63279999938,106644.93619047596
1760752800,107269.38,107410.75,106596.79,106680.86,9.46721,29.38211449999995,113668.67394999988,108742.20659999936,106526.9671428569
1760756400,106680.86,107226.58,106661.76,107177.2,5.9446,26.723052499999948,113587.50564999986,108660.58419999939,106418.31666666645
1760760000,107166.19,107173.47,106539.46,106559.08,11.64429,23.33685099999995,113504.86049999988,108573.91159999938,106342.87619047596
1760763600,106558.65,106936.22,106558.65,106906.33,4.33747,21.99410799999995,113429.86704999987,108498.48559999939,106258.77380952358
1760767200,106902.51,107051.31,106809.63,106983.22,5.05039,19.48107949999995,113358.63319999987,108427.6619999994,106277.72619047597
1760770800,106983.22,107643.48,106839.35,106889.32,15.96181,16.79517249999995,113285.57504999988,108351.0783999994,106320.95476190453
1760774400,106894.67,107171.78,106826.09,106955.51,10.80796,16.16735999999995,113220.77449999988,108267.25219999939,106416.79238095215
1760778000,106952.19,107210.89,106864.51,107150.9,7.80928,14.06979899999995,113152.05284999988,108166.6575999994,106531.69047619023
1760781600,107150.9,107368.72,106722.51,107170.01,20.25312,12.74725749999995,113082.11244999986,108076.77299999939,106632.0214285712
1760785200,107170,107472.61,107024.08,107459.93,7.6119,11.170095499999949,113013.07154999986,107995.5857999994,106687.70095238072
1760788800,107459.92,107589.82,107246.44,107339.37,6.66439,9.860952999999949,112940.20754999988,107912.97279999939,106764.61952380929
1760792400,107339.37,107373.95,107076.19,107173.08,7.48216,9.391769999999948,112867.31064999987,107817.5765999994,106824.95666666642
1760796000,107173.09,107379.46,107006.56,107287.62,7.75615,8.714594999999946,112793.73044999987,107747.7463999994,106930.7371428569
1760799600,107287.62,107407.19,107059.19,107167.4,5.64403,8.412649999999946,112720.01629999986,107673.43859999941,106952.63571428547
1760803200,107166.2,107266.06,106664,106838.75,11.00799,8.448524499999944,112646.02379999986,107598.16919999941,106985.39999999975
1760806800,106838.76,107107.36,106745.88,107043.9,5.00884,8.280531999999944,112573.53264999986,107513.92779999942,107020.55857142832
1760810400,107044.68,107085.23,106881.52,107017.31,3.8822,8.068658999999943,112503.94254999986,107427.9157999994,107040.27238095214
1760814000,107017.31,107257.28,106940.79,107238.81,3.98913,7.983412499999943,112435.97954999987,107341.5719999994,107053.77523809501
1760817600,107234.98,107498.23,107139.86,107170.01,8.5642,8.159843999999943,112366.42604999988,107266.3435999994,107051.53666666645
1760821200,107168.83,107383.85,107013.53,107329.9,4.37133,8.162922499999942,112294.38114999988,107190.74359999938,107032.80047619026
1760824800,107327.69,107448.77,107234.98,107284.27,3.57428,7.868275999999942,112223.97184999987,107158.88939999937,107039.3514285712
1760828400,107278.68,107343.87,107174.45,107326.97,2.30466,7.686278999999942,112154.99954999989,107113.17599999938,107068.64904761882
1760832000,107326.96,107413.59,106923.92,107065.81,8.8486,7.546494499999942,112081.10654999988,107091.18219999937,107086.2714285712
1760835600,107065.81,107147.06,106899.1,107108.87,3.70986,7.515113999999942,112009.61579999987,107060.13159999937,107086.79904761881
1760839200,107105.36,107147.27,106952.2,106994.32,2.547,7.389944499999942,111937.01454999988,107041.52819999937,107117.56619047595
1760842800,106994.22,107498.26,106953.46,107403.11,5.1686,6.850283999999941,111865.31654999989,107029.80019999936,107112.26190476169
1760846400,107406.94,107414.59,107132.82,107189.19,3.25796,6.472783999999942,111793.04654999987,107006.56199999937,107138.44238095215
1760850000,107189.19,107322.6,106955.27,107029.68,4.04563,6.284601499999942,111721.07244999988,106990.47239999934,107142.63238095216
1760853600,107024.79,107060.06,106711.43,106925.27,6.51282,5.5975864999999425,111654.59534999987,106967.53079999935,107162.62714285692
1760857200,106914.36,107059.19,106830.75,106902.44,3.36278,5.385130499999942,111595.59439999987,106930.50939999934,107176.90666666644
1760860800,106902.44,107316.65,106385.17,106550.93,18.49314,5.976567999999942,111539.42474999986,106901.06599999937,107180.43857142834
1760864400,106547.11,108291.85,106189.62,107479.55,47.85098,7.995008999999942,111486.40209999986,106864.20759999937,107169.69428571404
1760868000,107491.02,107974.13,107072.85,107974.13,15.58483,8.386442999999943,111434.90664999986,106819.97139999937,107156.95285714262
1760871600,107974.68,108352.2,107762.35,107907.57,14.71365,8.839923999999943,111388.06349999987,106781.32799999937,107113.66714285691
1760875200,107908.86,107983.98,107588.42,107798.11,7.13166,8.646107499999944,111351.58449999988,106750.43659999938,107120.34238095216
1760878800,107799.47,108382.78,107518.76,108211.52,12.94203,9.042766999999944,111295.21384999987,106745.87119999938,107158.48761904739
1760882400,108224.74,108664.97,108027.37,108582.42,14.31639,9.564476499999945,111252.71329999987,106782.43659999938,107188.00904761882
1760886000,108582.39,108795.66,108510.12,108692.53,13.62878,10.046458999999945,111214.43084999987,106844.04439999937,107218.04285714263
1760889600,108692.54,109131.94,108438.76,108817.09,13.65025,10.300761499999945,111178.98459999988,106910.78859999937,107283.41285714261
1760893200,108820.9,109604.22,108805.74,109316.04,26.60709,11.412549499999944,111156.09734999988,106971.10339999938,107356.67571428546
1760896800,109321.51,109661.39,109256.68,109603.4,11.23829,11.795749999999945,111125.57274999989,107019.60899999937,107436.44809523787
1760900400,109600.49,109600.49,108964.47,109061.17,12.14263,12.287648499999944,111099.2173499999,107080.54519999938,107511.60428571404
1760904000,109061.17,109097.41,108893.51,108893.51,10.52253,12.371344999999945,111068.03244999988,107136.3371999994,107613.79619047596
1760907600,108900.88,108920.26,108575.35,108782.51,7.35196,12.553449999999945,111041.09899999989,107207.9081999994,107722.05809523787
1760911200,108822.67,109475.69,108822.67,109257.63,9.71356,12.911777999999945,111015.65339999991,107256.63899999938,107806.67238095214
1760914800,109246.31,109246.31,108566.7,108745.85,7.04367,13.005531499999943,110996.8019999999,107319.00639999939,107881.26952380929
1760918400,108772.69,108772.69,107509.38,108161.16,17.72575,13.728920999999943,110973.11229999989,107369.2439999994,107963.01714285692
1760922000,108166.03,108373.77,107999.34,108145.32,7.13886,13.883582499999942,110950.81594999992,107412.0459999994,108065.3390476188
1760925600,108159.8,109057.37,107955.71,108846.31,12.1207,14.163976499999944,110927.0714999999,107456.59239999938,108148.74523809501
1760929200,108852.18,110491.83,108659.45,110223.01,15.85168,14.788421499999945,110899.52659999991,107499.92679999938,108184.84285714262
1760932800,110226.17,110593.81,110016.49,110503.48,13.73337,14.550432999999945,110870.87129999991,107526.62839999939,108230.37285714262
1760936400,110490.15,111169.93,110369.64,111092.89,17.50949,13.033358499999945,110842.37594999991,107547.82679999938,108316.8790476188
1760940000,111064.15,111427.36,111064.15,111355.86,28.2402,13.666126999999946,110818.1027499999,107579.6379999994,108473.91428571405
1760943600,111341,111509.75,111109.69,111232.14,16.89341,13.775114999999948,110792.6476999999,107617.3675999994,108645.39238095215
1760947200,111223.54,111682.79,111000.51,111126.88,16.90298,14.263680999999949,110764.13419999993,107676.36399999939,108861.67619047596
1760950800,111144.24,111207.29,110735.13,110995.34,22.54917,14.74403799999995,110734.67739999991,107752.81639999938,109046.26238095215
1760954400,110996.99,111145.77,110687.06,110779.05,16.40129,14.848282999999949,110709.2516999999,107831.13019999937,109201.40571428549
1760958000,110760.01,111083.08,110679.7,111065.95,10.8408,14.70888399999995,110694.8718999999,107927.06579999937,109354.70619047599
1760961600,111084.13,111264.79,110836.69,110901.08,11.25748,14.589245499999947,110687.9569999999,108013.58199999938,109506.95523809505
1760965200,110905.02,111246.03,110629.87,111213.09,19.42096,14.229938999999948,110680.7752999999,108096.45519999939,109629.21857142837
1760968800,111206.11,111422.46,110770.91,111251.82,19.96445,14.666246999999947,110673.35309999989,108178.57559999939,109747.48190476169
1760972400,111259.4,111737.23,111033.89,111144.16,29.05672,15.511951499999947,110667.16819999991,108255.04639999937,109852.65095238075
1760976000,111155.95,111328.28,110142.94,110703.43,36.98892,16.835270999999945,110665.53479999989,108333.34739999937,109966.74619047598
1760979600,110691.27,111113.33,109885,110314.31,20.44376,17.489860999999944,110661.6678499999,108407.96879999938,110058.92619047598
1760983200,110300.72,111018.16,110266.41,110969.72,11.51761,17.580063499999945,110657.56939999988,108483.03199999938,110132.29571428552
1760986800,110977.34,111114.88,110577.78,110845.61,9.99082,17.727420999999943,110652.30529999988,108561.28099999938,110210.49857142835
1760990400,110849.88,111294.32,110697.34,111113.53,11.86793,17.434529999999945,110642.59769999988,108640.70259999941,110278.15571428549
1760994000,111119.05,111284.59,110493.71,110564.73,7.99526,17.47734999999994,110633.69119999988,108709.0187999994,110382.30857142835
1760997600,110572.26,110886.19,110431.67,110824.2,4.53953,17.09829149999994,110624.51619999988,108771.9569999994,110457.92666666645
1761001200,110815.45,110857.03,110556.99,110566.48,3.63454,16.487434499999942,110615.21589999986,108854.5763999994,110570.67333333312
1761004800,110566.37,110567.44,110191.73,110489.04,7.40739,16.171135499999945,110605.40249999987,108930.61059999939,110685.12904761883
1761008400,110478.25,110528.29,109600.25,109891.4,10.36163,15.813742499999943,110590.76614999986,109012.53499999936,110812.69476190451
1761012000,109884.35,109946.96,109342.92,109525.64,9.00301,14.851882999999944,110580.20919999987,109079.05339999938,110894.60761904737
1761015600,109539.1,109630.07,109101.38,109101.38,6.38359,14.326391999999945,110567.62879999987,109152.13719999937,110907.27571428545
1761019200,109095.74,109095.74,107657.05,107809.76,24.73299,14.717892499999943,110556.57769999988,109216.86879999937,110878.1290476188
1761022800,107808.85,107993.5,107491.23,107555.77,19.93301,14.587084499999943,110546.18769999988,109280.96419999939,110803.49809523785
1761026400,107560.79,108246.1,107478.19,107941.45,15.97057,14.565548499999943,110532.27189999988,109332.25279999938,110696.14190476164
1761030000,107942.38,108227.1,107643.06,108111.71,13.95109,14.721062999999944,110511.0121499999,109381.44939999939,110533.1714285712
1761033600,108095.88,108123.66,107465.65,107712,15.10838,14.913607999999945,110485.24019999988,109421.29959999939,110363.11857142832
1761037200,107704.59,107895.31,107543.28,107768.51,12.5524,14.570179999999946,110457.68104999987,109437.6083999994,110217.69523809498
1761040800,107774.62,108834.81,107590.48,108530,22.48288,14.696101499999946,110428.36649999987,109440.66159999938,110090.67904761879
1761044400,108529.46,108660.98,108205.85,108592.23,12.55087,13.870808999999946,110395.33299999988,109455.7067999994,109930.9671428569
1761048000,108584.75,109518.86,108476.74,108826.79,22.69918,13.156321999999946,110356.12794999986,109477.3473999994,109781.79714285689
1761051600,108843.8,108924,107907.91,108459.67,25.07857,13.388062499999947,110318.15709999988,109493.08199999941,109654.03095238071
1761055200,108482.28,112341.62,108456.1,112233.57,64.9792,16.061141999999947,110280.03779999987,109510.40339999943,109527.38380952357
1761058800,112238.42,113580.73,111784.16,113439.73,68.49046,18.986123999999947,110244.3598999999,109549.98479999942,109417.0328571426
1761062400,113493.79,114022.83,112431,112525.09,54.42253,21.113853999999947,110204.6980499999,109572.23839999942,109310.18714285691
1761066000,112520.25,112988.03,111818.54,112010.81,39.27937,22.67805949999995,110163.49579999989,109589.29159999944,109401.58047619025
1761069600,112023.91,112306.14,111369.43,111999.4,24.72166,23.687165999999948,110128.54009999988,109600.33359999943,109519.1999999998
1761073200,112001.48,112228.86,111594.52,111797.29,14.15708,24.213292999999947,110096.32924999988,109689.04279999943,109599.17523809502
1761076800,111791.71,111816.72,110557.85,110793.37,26.70192,25.178019499999948,110066.01369999988,109793.60699999944,109641.90285714263
1761080400,110793.65,111093.16,110077.16,110796.12,15.12131,25.41600349999995,110034.3399999999,109872.46039999943,109710.22047619027
1761084000,110777.01,110834.43,108340.81,109081.42,54.55095,27.69340049999995,110018.54919999986,109938.82599999943,109756.55809523788
1761087600,109079.4,109447.81,108088.76,108342.91,16.34034,28.19123799999995,110008.00739999987,110002.47219999944,109767.36238095218
1761091200,108331.87,108679.99,107877.07,108027.02,16.5253,27.78085349999995,109993.58959999988,110052.09719999944,109781.98523809503
1761094800,108027.94,108505.13,108027.94,108394.19,11.57471,27.36293849999995,109977.38199999988,110075.89659999943,109743.41476190455
1761098400,108404.74,108721.67,108262.14,108262.14,6.14842,26.87183099999995,109962.50999999986,110110.5955999994,109687.09428571409
1761102000,108255.06,108284.28,107917.59,108259.59,9.52233,26.65039299999995,109949.69849999987,110114.35379999942,109635.93428571409
1761105600,108256.5,108695.92,108220.48,108678.28,8.02824,26.29638599999995,109930.70429999988,110105.56179999941,109663.7642857141
1761109200,108677.34,108701.94,107924.5,108231.19,19.02854,26.62019299999995,109906.97099999986,110080.94959999941,109697.40095238078
1761112800,108234.9,108410.76,108005.16,108042.24,11.03349,26.04772349999995,109881.26309999988,110073.91639999943,109712.5504761903
1761116400,108057.58,108382.43,107657.29,108360.87,14.40082,26.14022099999995,109850.54084999987,110075.93599999943,109739.52999999982
1761120000,108366.74,108419.03,108108.54,108274.69,8.19971,25.41524749999995,109816.52464999986,110078.22139999943,109764.25333333315
1761123600,108279.45,108328.21,107831.32,108003.87,11.72771,24.747704499999948,109782.52134999988,110074.86079999943,109777.28809523793
1761127200,108003.38,108147.57,107663.41,107681.5,15.38841,22.26816499999995,109747.28344999987,110035.02439999944,109769.2342857141
1761130800,107682.43,108243.2,106485.12,107606.97,43.73044,21.03016399999995,109708.84719999987,109985.79959999943,109754.11333333315
1761134400,107581.49,108451.06,107487.2,108069.73,17.00674,19.15937449999995,109672.73674999988,109931.15919999943,109714.92666666649
1761138000,108079.75,109064.15,107696.58,108835.17,34.64568,18.92768999999995,109634.59179999988,109869.53579999943,109677.87095238078
1761141600,108826.93,109038.63,107556.41,108937.56,54.76562,20.429887999999952,109596.4686499999,109804.97039999944,109457.55666666648
1761145200,108982.6,109185.5,107759.11,108430.28,33.85493,21.414780499999953,109561.64689999988,109736.06279999942,109201.8423809522
1761148800,108412.07,108815.68,107874.87,108230.11,30.91478,21.62542349999995,109527.51394999988,109668.29539999942,109026.13190476174
1761152400,108230.36,108340.97,107569.81,107786.5,20.95507,21.91711149999995,109495.35399999989,109614.10899999941,108879.78666666649
1761156000,107778.44,108208.49,107480.03,108019.97,22.95372,20.337249999999948,109464.72829999989,109569.49339999942,108709.82857142841
1761159600,108022.74,108408.1,107673.08,107868.12,20.85758,20.563111999999947,109434.5050999999,109530.22299999942,108539.96285714269
1761163200,107851.36,108077.33,107491.84,107675.2,18.8313,20.678411999999945,109408.7114499999,109474.56679999942,108396.7785714284
1761166800,107719.35,107750.86,106695.9,107168.98,28.37207,21.518279999999947,109389.8874999999,109414.13259999942,108264.58095238078
1761170400,107172.91,107680.69,106916.54,107187.94,23.73853,22.397785499999948,109374.18789999987,109346.97939999941,108206.80476190458
1761174000,107176.86,107938.13,107153.25,107589.65,10.45755,22.44454649999995,109357.34719999987,109293.31019999944,108175.00904761886
1761177600,107575.53,108000.02,107510.49,107858.74,4.30739,22.258503999999952,109338.7232999999,109244.38639999944,108134.14999999982
1761181200,107868.57,108544.31,107834.64,108168.83,14.91048,22.05260099999995,109320.29869999988,109178.49599999942,108076.70952380936
1761184800,108152.59,108420.29,108075.65,108417.07,4.70634,21.73624349999995,109306.31904999987,109104.96339999943,108044.68619047602
1761188400,108419.55,108728.99,108328.95,108370.69,5.45798,21.28910149999995,109288.15269999989,109026.45159999942,108025.59809523792
1761192000,108370.88,108956.2,108368.45,108685.34,3.96849,21.07754049999995,109271.4015999999,108966.9499999994,108001.3385714284
1761195600,108669.05,109013.11,108651,108975.09,4.57006,20.719657999999953,109251.29389999987,108907.64079999941,108010.18999999981
1761199200,108977.26,110336.15,108883.41,110287.13,27.81916,21.34119549999995,109229.22659999988,108859.6877999994,108025.8304761903
1761202800,110283.68,110289.88,109241.73,109299.17,12.75143,19.79224499999995,109201.94579999987,108818.2483999994,108041.28142857124
1761206400,109291.58,109920.42,109262.65,109526.64,27.15189,20.299502499999953,109178.84469999987,108787.8341999994,108074.63380952361
1761210000,109523.79,109570.47,109164.68,109462.09,34.22323,20.27837999999995,109155.19054999988,108771.0281999994,108183.3604761903
1761213600,109449.82,109740.69,109412.43,109463.13,15.87412,18.33380499999995,109132.53484999988,108768.5023999994,108260.39238095221
1761217200,109457.98,109697.01,109137.05,109260.05,15.06222,17.39416949999995,109110.67739999987,108818.04979999941,108351.80523809504
1761220800,109284.55,109284.55,108716.97,109184.48,15.53894,16.62537749999995,109088.39754999988,108852.91779999941,108418.1080952379
1761224400,109187.21,109663.08,108800.53,109519.39,12.73428,16.21433799999995,109067.33014999988,108884.6215999994,108448.01095238075
1761228000,109545.32,109887.19,108761.2,109642.12,18.2073,15.977016999999952,109052.23284999987,108911.6291999994,108463.3676190474
1761231600,109656.08,110150.96,109540.64,109929.6,24.37224,16.15274999999995,109033.12119999988,108946.6517999994,108499.28190476171
1761235200,109958.01,110584.39,109693.82,110286.47,14.21243,15.921806499999951,109015.15329999987,108976.4825999994,108560.676190476
1761238800,110294.28,111334.9,109674.81,111283.22,24.83832,15.745118999999951,108998.17379999987,108989.57219999941,108649.03904761883
1761242400,111264.8,111322.51,110292.02,110604.48,17.50672,15.433528499999948,108980.81879999988,109008.11539999941,108739.97380952362
1761246000,110627.52,110659.76,110141.06,110237.14,9.35509,15.378405499999948,108966.51634999987,109024.42199999941,108855.13333333313
1761249600,110223.87,110223.87,109382.99,109569.44,13.21033,15.823552499999948,108950.10824999986,109053.82059999942,109026.9438095236
1761253200,109553.4,109732.97,109356.47,109511.98,9.3112,15.543588499999947,108934.92489999987,109014.87859999943,109190.53904761883
1761256800,109607.29,110186.19,109571.7,109968.04,6.72038,15.644290499999945,108920.02244999986,108971.74839999941,109335.73904761884
1761260400,109964.57,110114.63,109859.7,110099.42,3.80676,15.561729499999945,108906.08424999988,108933.33619999944,109430.01476190456
1761264000,110102.03,110729.57,110024.82,110530.79,9.46053,15.836331499999947,108892.11199999986,108897.86279999942,109508.74047619027
1761267600,110526.65,110684.56,110161.88,110630.03,4.72243,15.843949999999944,108884.94234999987,108849.26359999942,109594.41714285694
1761271200,110620.81,110845.83,110373.83,110597.72,3.99034,14.652508999999943,108875.93714999987,108803.55739999941,109674.52904761884
1761274800,110597.66,110653.72,110303.59,110460.18,3.66917,14.198395999999946,108866.69959999986,108787.05079999943,109777.39095238075
1761278400,110466.59,111482.34,110354.44,111193.64,14.85884,13.583743499999946,108855.28139999986,108773.11679999942,109869.99523809503
1761282000,111188.89,111333.07,110952.55,111291.58,7.86296,12.265729999999945,108844.90564999987,108802.1041999994,109947.26333333312
1761285600,111279.74,111539.83,111147.7,111510.27,7.89953,11.867000499999945,108838.55269999987,108847.84659999941,109955.50380952361
1761289200,111507.45,111531,110810.61,111085.68,13.83426,11.805602499999946,108834.36229999988,108899.2605999994,110045.71666666646
1761292800,111107.66,111255.45,110709.99,111120.59,17.75683,11.916496999999946,108832.68854999988,108940.5803999994,110129.76142857123
1761296400,111105.75,111552.49,111027.88,111386.96,12.03189,11.881377499999946,108829.63524999989,108999.21039999937,110227.2938095236
1761300000,111378.51,111392.24,111118.97,111164.85,5.82111,11.262067999999946,108825.1924499999,109059.8501999994,110304.55809523791
1761303600,111157.21,111318.01,110642.19,111105.76,12.27178,10.657044999999945,108820.83294999991,109116.48999999938,110393.15523809505
1761307200,111114.38,112182.09,110894.23,111317.82,27.83457,11.338151999999946,108820.8893499999,109173.5797999994,110498.03523809505
1761310800,111298.31,111491.98,110380.57,110936.97,23.34282,11.263376999999945,108822.9052999999,109235.14679999938,110576.39047619028
1761314400,110949.94,110949.94,109727.77,110225.6,30.03317,11.889699499999944,108826.80099999989,109295.66859999938,110646.08761904744
1761318000,110241.99,110639.25,109881.19,110063.8,14.4385,12.143869999999945,108828.15754999987,109353.4717999994,110712.19333333315
1761321600,110075.16,110402.48,109812.12,110264.62,6.15871,11.791288999999946,108831.21029999988,109415.5095999994,110743.16952380932
1761325200,110277.48,110589.65,110134.28,110239.03,8.01431,11.726444499999944,108831.30254999988,109488.2359999994,110692.80666666648
1761328800,110230.48,110653.84,110170.32,110630.48,5.78803,11.679826999999943,108829.18274999988,109554.83599999938,110667.05999999981
1761332400,110645.6,110965.22,110542.91,110643.64,8.72889,11.925933499999944,108827.70874999989,109597.95339999939,110668.36857142838
1761336000,110633.37,111024.4,110508.7,110912.73,4.04732,11.655272999999944,108829.0849499999,109622.52599999939,110700.25380952364
1761339600,110912.74,111120.35,110665.11,111095.02,8.23395,11.830848999999944,108828.66994999988,109649.06719999938,110753.51571428555
1761343200,111098.72,111146.3,110941.02,111040.29,3.34636,11.798649999999943,108821.17134999989,109685.24219999937,110785.68714285696
1761346800,111033.11,111137.01,110908.42,111016.54,2.69324,11.749853499999944,108818.27829999989,109733.24959999937,110824.416190476
1761350400,111020.87,111046.82,110676.12,110774.34,2.99155,11.156488999999944,108815.1743999999,109790.39239999937,110851.2842857141
1761354000,110778.66,111202.52,110757.05,111059.79,4.05884,10.966282999999944,108810.2525499999,109848.24759999936,110870.82047619027
1761357600,111063.31,111116.01,110930.05,111022.09,1.58367,10.650489999999945,108805.64774999989,109912.78559999935,110890.7642857141
1761361200,111025.19,111120.33,110985.3,111016.56,2.18465,10.068009499999945,108801.4975499999,109980.08739999936,110905.72428571411
1761364800,111016.56,111425.85,111016.56,111203.39,8.72189,9.616262499999944,108798.03714999989,110057.03859999936,110899.35047619027
1761368400,111202.81,111366.28,111064.12,111345.25,27.15552,10.372443999999945,108798.86814999988,110128.76659999935,110886.51761904743
1761372000,111349.58,111441.05,111198.24,111293.35,4.67151,10.314963999999945,108800.9758499999,110198.16939999936,110863.00761904742
1761375600,111301.74,111765.38,111301.73,111462.02,9.15313,10.159031499999944,108812.8754999999,110261.43639999935,110868.61285714267
1761379200,111462.02,111779.03,111440.96,111758.16,6.85765,9.110185499999945,108820.23229999989,110318.39099999935,110879.31095238077
1761382800,111763.54,111821.96,111466.1,111496.88,9.92355,8.439221999999946,108833.8387499999,110374.11739999935,110874.85333333316
1761386400,111496.88,111695.57,111357.01,111526.03,5.40631,7.207878999999944,108845.33649999987,110433.60859999934,110889.0042857141
1761390000,111524.46,111652.17,111457.69,111533.6,4.72189,6.722048499999945,108859.11894999986,110485.76879999935,110920.07095238076
1761393600,111533.6,111900.6,111504.26,111862.56,9.0461,6.8664179999999435,108875.78254999987,110535.50739999935,110928.59761904743
1761397200,111866.67,111874.71,111462.98,111603.22,4.77507,6.704455999999944,108890.06439999986,110564.92799999936,110956.6480952379
1761400800,111608.04,111692.44,111451.82,111556.46,5.27757,6.678932999999944,108907.17969999988,110608.88219999935,111018.93380952363
1761404400,111556.46,111556.46,111281.91,111342.89,7.61874,6.623425499999944,108923.21004999986,110648.86999999937,111104.58904761885
1761408000,111350.97,111421.79,111129.87,111324.24,10.07606,6.924862499999944,108937.77389999985,110690.30019999936,111168.33190476171
1761411600,111324.24,111416.17,111243.55,111334.04,3.35063,6.680696499999944,108950.88189999985,110738.28879999937,111231.06666666649
1761415200,111334.05,111684,111270.58,111669.42,3.94835,6.710795999999943,108963.35149999986,110785.15219999937,111264.99095238076
1761418800,111669.44,111669.44,111535.14,111581.18,5.15875,6.8340714999999435,108974.81204999985,110832.59179999937,111297.40047619026
1761422400,111581.19,111615.36,111343.31,111404.78,4.302,6.899593999999944,108989.83764999986,110869.06179999937,111317.46285714264
1761426000,111404.78,111437.95,111297.26,111427.71,2.50938,6.822120999999943,109005.61869999985,110902.70419999935,111344.81523809505
1761429600,111427.72,111647.71,111366.32,111573.28,3.11547,6.898710999999942,109029.50499999984,110930.79299999934,111370.57190476172
1761433200,111581.18,111645.9,111489.1,111608.22,2.20154,6.899555499999941,109057.96304999985,110958.45199999934,111389.05952380932
1761436800,111608.23,111859.1,111504.44,111678.31,4.40487,6.683704499999941,109090.11554999987,110964.41119999933,111420.1723809522
1761440400,111686.12,111804.78,111511.48,111634.89,2.80755,5.466305999999941,109123.93394999986,110980.41719999934,111444.6242857141
1761444000,111619.55,111665.58,111391.43,111430.95,2.18354,5.341907499999941,109158.36919999986,111004.22859999935,111472.53523809505
1761447600,111430.94,111489.1,111236.44,111246.08,1.9055,4.979525999999941,109187.34389999983,111044.30539999934,111504.04714285696
1761451200,111246.08,111445.57,111235.17,111392.79,0.87376,4.680331499999942,109216.68974999984,111086.23019999932,111524.59476190458
1761454800,111392.78,111623.38,111343.3,111588.84,1.62623,4.265465499999942,109244.31364999984,111120.43559999933,111528.67571428553
1761458400,111583.27,111638.73,111513.63,111619.58,1.29779,4.060039499999942,109275.98734999985,111151.14499999933,111526.42476190458
1761462000,111619.59,111721.19,111611.87,111721.19,2.23735,3.9358124999999418,109299.63094999985,111169.14819999933,111523.12809523792
1761465600,111721.17,111845.9,111721.17,111773.03,5.36032,3.751523499999942,109325.59734999985,111181.46919999932,111515.06523809505
1761469200,111779.28,112744.49,111711.86,112484.72,35.01111,5.263325499999942,109351.02534999985,111197.37059999934,111520.90809523789
1761472800,112486.66,112525.03,112156.69,112437.3,9.31632,5.4652629999999425,109374.41304999984,111219.94379999934,111530.20142857122
1761476400,112437.3,113322.17,112365.74,113181.13,25.9581,6.382230999999942,109397.86749999985,111228.46259999933,111541.60285714264
1761480000,113197.83,113715.28,113197.83,113477.87,22.6916,7.013007999999942,109419.37689999986,111237.05479999933,111571.22952380929
1761483600,113495.73,113854.33,113192.62,113526.42,22.38488,7.9647204999999435,109440.26724999986,111242.30999999934,111610.9476190474
1761487200,113536.67,113737.45,113392.14,113392.14,15.5509,8.544847999999943,109462.85894999986,111270.29079999935,111688.31285714262
1761490800,113395.99,113581.57,113265.59,113546,11.16675,8.845247999999945,109488.69109999987,111296.62499999935,111789.97857142834
1761494400,113553.28,113650.02,113145.83,113414.31,11.71112,9.215703999999944,109512.75709999986,111332.50839999935,111894.84428571406
1761498000,113411.32,113644.46,113350.26,113365.28,6.94568,9.437518999999945,109538.81474999984,111378.76879999934,111992.84904761883
1761501600,113361.45,113731.39,113361.45,113517.47,8.67837,9.715663999999945,109567.59694999986,111427.18199999935,112082.20999999979
1761505200,113523.84,113644.95,113434.34,113484.21,6.4349,9.927331999999947,109597.61659999985,111468.66839999933,112169.50190476168
1761508800,113484.2,113484.2,113172.02,113203.97,7.51803,10.082989999999947,109632.21054999984,111520.84899999933,112262.85904761883
1761512400,113196.17,113471.13,112727.11,113366.93,10.52732,10.468978499999947,109665.31099999984,111584.62319999933,112362.37142857122
1761516000,113370.09,115255.61,113370.09,114529.65,47.0218,12.71089149999995,109697.35559999985,111650.65279999934,112453.36809523788
1761519600,114534.71,114783.27,114235.98,114502.75,7.0068,12.965956499999951,109730.63899999985,111715.70979999933,112529.35619047597
1761523200,114505.9,115102.48,114309.65,114720.93,11.21783,13.48315999999995,109762.93299999986,111780.61339999933,112609.76666666644
1761526800,114708.9,115346.03,114673.57,115242.33,5.63991,13.683843999999947,109794.00489999987,111832.08319999931,112747.61238095215
1761530400,115244.3,115410.42,114785.83,114862.87,6.95201,13.966554999999946,109825.74219999986,111886.54899999932,112893.88857142834
1761534000,114852.23,115225.82,114809.25,114949.14,4.24684,14.067029499999947,109855.86359999987,111958.88739999931,113059.35761904738
1761537600,114945.02,115272.12,114909.56,115261.72,4.5922,14.028623499999947,109885.18659999987,112027.04199999932,113242.66904761882
1761541200,115264.69,115635.94,115264.69,115559.64,26.39574,13.597854999999948,109916.15584999986,112100.65479999932,113398.57523809501
1761544800,115564.75,116094.91,115360.07,116035.27,21.74012,14.219044999999946,109952.36599999985,112185.17059999931,113557.1257142855
1761548400,116041.24,116316.72,115497.58,115536.7,38.86938,14.864608999999945,109989.04274999985,112266.94119999932,113725.72238095215
1761552000,115516.81,115595.15,114848.25,114984.29,18.80511,14.670284499999946,110028.45364999985,112344.72819999933,113906.0371428569
1761555600,114988.87,115334.37,114779.54,115239.47,15.50947,14.326513999999946,110069.44579999986,112429.52079999933,114075.11095238074
1761559200,115223.03,115514.69,115105.4,115423.15,11.25482,14.111709999999945,110108.67359999985,112520.38239999933,114222.7014285712
1761562800,115425.13,115534.06,115097.84,115347.86,17.38471,14.422607999999945,110147.22524999986,112617.01999999933,114308.56619047598
1761566400,115335.46,115463.98,114991.36,115063.83,7.51452,14.212777999999947,110187.68379999985,112700.84899999932,114392.45190476168
1761570000,115058.66,115344.14,114555.07,115221.02,16.38605,14.684796499999948,110228.83249999984,112774.66779999933,114482.77238095214
1761573600,115218.27,115326.27,114500.57,114826.09,12.61741,14.881748499999949,110272.58749999985,112850.21679999931,114575.90190476167
1761577200,114806.29,115215.19,114777.45,114937.92,9.03141,15.011573999999948,110313.63614999987,112923.51659999932,114648.1795238093
1761580800,114946.81,115686.77,114854.11,115510.03,14.58278,15.364811499999949,110353.22854999985,113000.53619999932,114734.21333333311
1761584400,115504.49,115709.45,113003.04,115696.39,20.12752,15.844821499999949,110393.88154999986,113071.29219999931,114803.77571428551
1761588000,115683.75,115775.25,115295.29,115328.83,9.62446,13.97495449999995,110436.02569999985,113145.04059999931,114871.41619047598
1761591600,115302.27,115302.27,114767.75,114919.86,10.68078,14.158653499999952,110475.74944999987,113204.3111999993,114967.88380952358
1761595200,114917.69,114917.69,114368.48,114424.21,11.96128,14.19582599999995,110515.12264999986,113271.0051999993,115086.57047619026
1761598800,114415.19,114582.48,114073.43,114260.23,9.95054,14.411357499999951,110556.07934999985,113350.07659999929,115179.99428571406
1761602400,114273.96,114559.55,114037.63,114074.63,8.44268,14.485890999999953,110595.58344999986,113437.1465999993,115198.57571428551
1761606000,114086.11,114187.11,113815.33,114080.07,7.16096,14.631596999999951,110635.76084999986,113517.23839999929,115194.83571428551
1761609600,114062.71,114348.74,113761.78,113931.74,4.0636,14.605166999999952,110680.55634999985,113588.95479999928,115172.8976190474
1761613200,113939.3,114503.95,113939.3,114393.95,3.62213,13.466486499999954,110721.64054999987,113644.05059999927,115117.29285714266
1761616800,114407.27,114458.97,113560.17,113929.27,4.91244,12.625102499999954,110758.41404999986,113697.6315999993,115080.01666666644
1761620400,113941.09,114093.6,113735.44,113926.51,4.26307,10.894786999999955,110793.47549999988,113751.02859999929,115031.56904761883
1761624000,113920.9,114080.94,113779.38,113983.43,1.79272,10.044167499999954,110826.60599999987,113804.0757999993,114990.24666666645
1761627600,113978.8,114002.21,113491.34,113603.71,5.0499,9.521188999999953,110856.84954999987,113851.2449999993,114912.60999999978
1761631200,113609.21,114189.5,113609.21,114123.42,7.26122,9.321508999999955,110884.31059999988,113906.95959999929,114812.19285714265
1761634800,114095.15,114388.08,114087.49,114192.61,8.01618,8.853082499999955,110911.24829999988,113951.9787999993,114738.22761904741
1761638400,114204.82,114516.17,114124.74,114429.52,7.08698,8.831705499999956,110936.82154999986,113997.8111999993,114672.48571428552
1761642000,114444.26,114641.85,114215.4,114540.06,5.38194,8.281499999999955,110962.21109999984,114048.86079999931,114619.34047619028
1761645600,114540.08,114648.32,114450.17,114632.88,4.47308,7.8742834999999545,110983.84044999984,114096.0133999993,114560.74333333313
1761649200,114631.13,114673.69,114304.32,114361.49,7.24295,7.784860499999955,111008.16714999986,114150.6259999993,114517.01285714266
1761652800,114359.53,114510.22,114153.51,114451.52,5.10157,7.310799999999956,111033.61674999986,114202.70139999929,114492.0714285712
1761656400,114441.99,115518.07,114441.99,115518.07,21.87376,7.398111999999957,111057.72274999986,114258.9001999993,114464.06476190453
1761660000,115512.05,116099,114254.36,115080.85,30.01502,8.417639999999956,111082.05169999985,114315.2775999993,114441.94095238073
1761663600,115116.39,115414.57,114508.79,114653.4,13.37194,8.552197999999956,111109.28549999985,114372.47459999932,114418.77904761882
1761667200,114649.81,115523.32,114514.22,115368.24,8.70748,8.389507999999957,111140.62729999986,114410.00999999931,114419.16190476168
1761670800,115370.58,115595.82,115232.52,115283.52,6.32667,8.208314499999958,111172.60099999985,114450.29439999933,114389.85047619024
1761674400,115272.63,115340.16,114634.97,115007.41,7.98756,8.185558499999958,111201.53384999985,114497.03319999934,114357.68714285693
1761678000,115016.3,115062.5,113546.67,113710.07,26.71014,9.163017499999958,111222.22624999985,114529.09279999933,114379.03857142838
1761681600,113674.95,113689.21,112347.36,112833.28,44.67453,11.193563999999958,111241.96644999985,114551.63239999932,114419.95809523787
1761685200,112821.93,113302.1,112267.38,113054.15,15.10266,11.767590499999958,111264.09234999985,114591.15439999933,114455.53809523786
1761688800,113060.93,113370.71,112915.45,113288.25,3.95479,11.719707999999958,111282.71729999984,114625.90479999932,114438.17809523789
1761692400,113280.63,113280.63,112837.34,112986.02,4.70702,11.741905499999957,111299.82359999984,114657.76679999931,114378.80714285692
1761696000,112982.14,112989.9,112506.06,112506.06,4.71767,11.888152999999956,111321.03039999984,114664.66259999933,114337.01714285693
1761699600,112506.07,113021.69,112153.96,112557.98,8.54554,12.062934999999957,111342.47129999984,114650.97879999931,114284.36476190455
1761703200,112554.66,112828.6,112473.17,112713.16,3.08147,11.853947499999956,111363.61309999984,114642.37759999931,114239.44809523788
1761706800,112708.2,112708.2,112396.03,112557.16,3.0231,11.604293499999956,111376.83369999984,114644.06319999932,114171.8076190474
1761710400,112553.5,112909.5,112526.67,112852.96,3.48183,11.424035999999955,111386.49469999984,114636.44499999931,114103.92904761883
1761714000,112850.03,113394.45,112840.73,113091.07,6.11771,11.460824499999955,111395.69999999984,114595.97319999934,114061.52190476168
1761717600,113081.34,113387.69,112996.34,113322.42,5.41524,11.507932499999956,111405.88214999982,114557.07779999933,113986.9380952379
1761721200,113324.38,113627.44,113258.63,113600.95,7.05776,11.498672999999956,111415.09144999983,114516.92239999933,113923.14523809504
1761724800,113608.86,113673.8,112986.17,113106.99,6.70536,11.578862499999955,111424.10459999982,114463.21899999933,113859.40952380933
1761728400,113099.03,113146.45,112851.43,113045.71,6.03124,10.786736499999956,111435.32294999983,114423.02079999933,113801.42666666646
1761732000,113054.45,113261.33,112805.07,112967.31,4.91799,9.531884999999956,111444.04014999984,114385.85939999932,113752.28714285693
1761735600,112963.24,113303.05,112756.35,113175.48,8.0621,9.266392999999955,111452.59789999986,114347.07339999932,113692.54904761886
1761739200,113173.47,113358.61,113080.22,113187.54,6.10619,9.136328499999955,111461.29504999984,114307.89959999933,113625.60571428553
1761742800,113185.6,113685.64,112717.29,112892.95,12.76112,9.458050999999955,111473.92674999985,114249.33399999932,113504.14095238075
1761746400,112923.98,112949.61,112273.78,112511.42,14.23299,9.770322499999955,111486.41784999985,114199.51419999934,113413.40904761884
1761750000,112527.26,112577.73,111445.21,111553.4,37.06335,10.287982999999954,111501.59019999986,114159.17459999934,113343.60619047598
1761753600,111561.18,111561.18,110993.32,111136.8,18.22423,8.965467999999955,111514.67994999986,114117.89479999934,113225.73523809503
1761757200,111141.55,111961.14,111034.29,111879.02,14.53227,8.936948499999955,111530.45149999985,114073.18259999935,113093.73047619029
1761760800,111815.84,112030.26,109325.05,110849.81,91.45612,13.312014999999956,111547.65984999987,114024.08439999934,112929.25380952364
1761764400,110894.37,111465.47,110160.62,110657.59,23.60412,14.256869999999958,111568.03034999986,113973.03619999936,112806.71714285694
1761768000,110668.69,111541.09,110429.82,111441.28,15.18544,14.780258499999956,111594.91924999986,113899.68379999934,112761.276190476
1761771600,111426.78,111797,111379.11,111620.43,6.34597,14.670279999999957,111621.60514999987,113825.89799999933,112656.30761904742
1761775200,111623.33,111627.2,110975.99,111045.48,4.76395,14.754403999999957,111644.45499999987,113764.71999999935,112531.03809523789
1761778800,111055.04,111081.73,109768.51,110045.77,13.74194,15.290345999999957,111661.66344999988,113671.51559999936,112457.47904761884
1761782400,110040.84,110607.92,109767.43,110583.75,5.00407,15.366457999999957,111678.78744999989,113570.73959999936,112415.30619047598
1761786000,110603.1,110742.98,110292.08,110468.79,4.79878,15.30051149999996,111699.3399999999,113492.98859999934,112343.28238095217
1761789600,110479.62,111024.1,110349.04,110986.99,5.22105,15.29080199999996,111710.93904999988,113426.99999999935,112216.26380952359
1761793200,111012.08,111016.19,110579.64,110801.24,6.27484,15.25165599999996,111721.26584999988,113359.42539999935,112122.2919047617
1761796800,110783.6,110783.6,107998.8,108634.05,50.79112,17.45594399999996,111734.33829999987,113275.13619999934,112008.75999999978
1761800400,108643.53,110483.57,108457.58,110302.8,15.18868,17.913815999999958,111750.14209999988,113205.31859999936,111908.5657142855
1761804000,110317.06,111012.16,110026.82,110815.1,14.05747,18.37078999999996,111744.20164999989,113133.09299999935,111788.50952380933
1761807600,110823.67,111655.36,110702.3,111413.49,14.29284,18.68232699999996,111727.2318499999,113074.19799999933,111551.99047619029
1761811200,111421.16,111466.1,110707.74,110761.87,11.74527,18.96428099999996,111717.5251499999,113002.34379999936,111418.45761904743
1761814800,110765.21,110871.34,110160.38,110194.38,9.50347,18.80139849999996,111709.8150499999,112896.43939999935,111312.23809523792
1761818400,110202.01,110265.79,109866.18,110133.56,9.55126,18.567311999999962,111704.7529999999,112823.96519999937,111238.24666666647
1761822000,110105.85,110186.2,109697.56,109735.57,8.56275,17.14228199999996,111699.77274999989,112760.59859999934,111123.31285714268
1761825600,109729.23,109795.14,108242.37,108362,21.79726,17.32093349999996,111688.97614999989,112716.79419999935,110980.78142857124
1761829200,108340.1,108748.18,107409.23,107673.56,41.00513,18.644576499999964,111686.5095499999,112649.56319999935,110849.3819047617
1761832800,107618.78,108374.11,107604.27,108299.36,20.28687,15.086113999999963,111695.17794999991,112569.59859999936,110717.19857142837
1761836400,108293.29,108370.97,107352.77,107728.91,17.4398,14.777897999999961,111710.53084999992,112483.67939999937,110565.22714285692
1761840000,107738.59,108264.68,107559.76,108167,11.42113,14.589682499999961,111724.2050999999,112387.58959999935,110400.31095238074
1761843600,108163.68,108167.28,106827.95,107484.81,29.02182,15.72347499999996,111733.2060499999,112262.17199999937,110229.85095238073
1761847200,107476.17,107572.06,106808.63,106854.08,15.19314,16.24493449999996,111742.5631499999,112128.41339999938,110081.23666666646
1761850800,106872.55,107151.39,106340.73,106545.35,33.64231,17.23995299999996,111749.94304999989,112005.37019999936,109962.63714285694
1761854400,106532.27,107683.47,106324.93,107523,20.8351,18.03150449999996,111748.3616499999,111849.58699999937,109774.23380952359
1761858000,107526.72,107995.19,107436.35,107938.96,10.54841,18.31898599999996,111745.57349999988,111711.30999999937,109547.26476190455
1761861600,107955.51,107981.56,107520.21,107981.56,8.41157,18.47851199999996,111746.85909999989,111567.93819999936,109332.97285714264
1761865200,107980.75,108376.83,107635.86,108341.19,9.51354,18.64044699999996,111743.6992999999,111397.65499999937,109212.84095238073
1761868800,108368.19,109613.16,108325.34,109332.15,14.89381,16.84558149999996,111743.16084999991,111222.89159999939,109086.89857142835
1761872400,109362.32,110027.03,109217.68,109611.99,18.38401,17.00534799999996,111740.5655499999,111073.20339999939,108968.45904761886
1761876000,109610.46,109680.56,108563.12,108845.36,9.4429,16.774619499999957,111736.42844999992,110957.78119999937,108842.46857142838
1761879600,108855.45,109324.22,108631.62,109232.99,7.81811,16.450882999999955,111731.12034999991,110860.74679999938,108772.5119047617
1761883200,109218.66,110232.81,109122.38,110095.47,19.20324,16.823781499999956,111728.3866999999,110766.48759999938,108819.0804761903
1761886800,110088.46,110088.46,109697.28,109878.43,7.02015,16.699615499999958,111723.9056499999,110687.3655999994,108749.67857142838
1761890400,109887.86,109954.08,109530.71,109636.65,6.43901,16.544002999999954,111719.1256499999,110619.88499999938,108674.33999999981
1761894000,109645.09,109800.55,109260.25,109445.08,11.43466,16.687598499999957,111718.6801999999,110546.67099999938,108611.57714285694
1761897600,109430.9,110104.69,109193.59,110087.78,12.99766,16.247618499999955,111724.19039999992,110480.1711999994,108569.50857142838
1761901200,110049.75,110443.13,109807.24,109848.32,12.25326,14.810024999999957,111733.3178499999,110427.81739999939,108542.9499999998
1761904800,109848.81,110101.74,109703.04,109806.64,8.009,14.196131499999955,111737.44479999991,110374.24279999938,108510.16523809503
1761908400,109799.52,110501.46,109314.48,110370.68,13.59388,14.003835499999957,111744.26914999992,110309.91659999939,108526.93714285693
1761912000,110345.93,110623.77,109559.83,109582.09,32.38301,15.051929499999957,111756.37049999992,110236.99679999938,108597.71428571406
1761915600,109578.37,110192.21,109320.3,110079.2,18.8685,14.544263499999957,111769.9177499999,110172.30399999939,108699.2895238093
1761919200,110109.9,110982.09,109546.25,110713.17,49.6652,16.267866499999958,111782.16129999992,110097.2513999994,108797.92380952358
1761922800,110707.72,111146.6,110076.21,110142.71,23.18578,15.745039999999957,111791.43844999993,110031.2443999994,108886.17047619025
1761926400,110149.91,110236.21,108617.48,108764.45,16.7134,15.538954999999955,111802.58364999993,109977.7437999994,108977.2276190474
1761930000,108737.82,109338.22,108540.27,109225.76,12.26391,15.624729999999957,111810.98109999992,109910.03939999938,109130.95904761882
1761933600,109229.7,109729.21,108889.22,109368.61,13.87951,15.898126999999956,111817.92894999991,109848.1137999994,109287.56047619024
1761937200,109370.5,110136.87,109031.62,109722.85,11.14038,15.979468999999957,111827.92889999993,109798.6263999994,109393.23190476166
1761940800,109734.11,109734.11,109369.07,109410.04,7.034,15.58647849999996,111832.41264999993,109743.62159999939,109474.31571428546
1761944400,109414.54,109625.98,109235.94,109392.06,5.49235,14.941895499999958,111837.93319999993,109668.68219999937,109542.39428571404
1761948000,109401.49,109651.21,109329.06,109439.34,3.00576,14.620038499999959,111840.06339999994,109622.12939999938,109625.3128571426
1761951600,109439.34,109549.52,109377.57,109474.58,2.57798,14.35803199999996,111844.28109999993,109586.76559999939,109676.21047619023
1761955200,109480.53,109661.35,109284.06,109643.94,3.85925,13.590832499999959,111840.47014999994,109543.64219999939,109679.06333333309
1761958800,109639.51,109983.31,109612.51,109646.09,3.12579,13.396114499999959,111839.28849999994,109514.84679999939,109670.84190476165
1761962400,109644.01,109761.06,109372.66,109689.01,3.51778,13.25005299999996,111838.81589999994,109489.53619999938,109700.80476190451
1761966000,109684.52,110201.94,109684.52,110116.46,5.85193,12.970916499999959,111841.12989999994,109449.49739999938,109720.37380952357
1761969600,110120.96,110436.39,110021.97,110179.45,5.70956,12.606511499999959,111842.25769999994,109406.58039999938,109698.97476190451
1761973200,110183.95,110282.96,109949.52,110008.47,2.81031,12.134363999999959,111841.62104999993,109378.54959999937,109689.9547619045
1761976800,110008.47,110026.46,109791.33,109886.88,4.17727,11.94277749999996,111840.60714999994,109370.55599999939,109712.80285714261
1761980400,109888.98,110161.45,109878.87,109958.57,3.89666,11.457916499999957,111838.33204999994,109352.66119999939,109747.77285714261
1761984000,109964.09,110165.95,109954.71,110146.81,4.61262,10.069396999999958,111835.11939999995,109345.61459999939,109743.99619047597
1761987600,110135.71,110148.81,109865.24,109893.35,6.97298,9.474620999999958,111826.93374999994,109329.46379999942,109745.83238095215
1761991200,109893.35,110066.96,109722.5,110041.55,4.73819,7.228270499999958,111822.35639999995,109313.6083999994,109753.0671428569
1761994800,110043.92,110125.38,109891.23,110005.73,3.7536,6.256661499999959,111821.75299999995,109338.6649999994,109742.40666666644
1761998400,110007.84,110071.45,109858.57,109903.78,3.90557,5.616269999999958,111824.80304999996,109331.78039999939,109757.22857142834
1762002000,109903.79,109929.88,109580.34,109799.95,5.56527,5.281337999999958,111827.28549999997,109318.41459999939,109755.43571428549
1762005600,109788,109835.9,109573.05,109774.39,9.76316,5.075520499999959,111826.87969999998,109288.01179999938,109721.74809523787
1762009200,109776.46,110180.91,109751.04,110127.53,9.45612,4.991307499999958,111826.17544999998,109273.60539999939,109710.37047619025
1762012800,110128.49,110364.3,110020.1,110296.62,7.36971,5.008092999999958,111824.25554999997,109269.83239999939,109759.67999999975
1762016400,110289.9,110328.42,110046.02,110066.96,5.73766,5.020358499999958,111820.57214999998,109265.23679999939,109785.805238095
1762020000,110064.28,110219.92,110046.01,110191.75,2.94472,5.017306499999958,111817.79129999997,109266.52439999938,109821.94428571404
1762023600,110186.24,110186.24,110076.86,110144.26,1.65228,4.971021499999958,111815.51904999997,109294.77219999937,109849.26666666643
1762027200,110144.28,110359.43,110144.28,110256.08,2.96672,4.926394999999959,111809.06975,109343.85159999937,109880.54857142833
1762030800,110261.61,110282.93,109680.31,109686.24,4.7833,5.009270499999959,111801.6116,109383.79679999939,109918.6290476188
1762034400,109686.24,109909.63,109686.23,109909.5,3.43952,5.005357499999958,111792.93219999998,109430.55779999938,109952.19666666644
1762038000,109909.5,109959.8,109794.09,109916.81,2.25358,4.825439999999959,111788.14144999998,109471.05279999938,109989.41095238073
1762041600,109916.82,109968.52,109732.33,109845.61,3.93925,4.736924499999959,111784.02159999998,109524.24179999938,109991.425238095
1762045200,109834.25,109960.63,109777.31,109828.99,2.82795,4.737806499999959,111777.42159999999,109592.28179999939,110003.96857142834
1762048800,109828.98,110134.63,109742,109868.22,3.90613,4.724249499999958,111772.55609999999,109655.09959999938,110014.81619047595
1762052400,109865.32,109911.84,109795.28,109885.67,1.82613,4.620722999999959,111767.74859999998,109702.82959999937,110001.91857142835
1762056000,109880.94,110607.56,109844.29,110491.85,5.67769,4.6739764999999585,111762.43989999998,109742.38659999937,109985.22999999978
1762059600,110496.21,110512.68,110078.64,110291.25,5.81838,4.616246499999959,111756.18624999998,109779.66759999936,109978.55142857121
1762063200,110288.74,110500.72,110087.96,110443.19,2.79471,4.519072499999959,111754.60574999999,109809.42359999938,109978.49380952357
1762066800,110447.65,110859.4,110266.26,110705.56,8.75497,4.7691409999999586,111753.8708,109820.14499999936,110003.88809523787
1762070400,110718,110830.49,110539.83,110675.02,7.79416,4.963570499999959,111751.77575000002,109825.61859999938,110010.76619047599
1762074000,110679.38,110880.56,110383.45,110557.26,10.23824,5.19721899999996,111749.72555,109858.54839999939,110036.94904761884
1762077600,110557.27,110708.34,110197.23,110330.5,7.18832,5.06847699999996,111745.91425,109879.71359999938,110068.56857142835
1762081200,110330.5,110987.86,110323.39,110969.05,12.03747,5.197544499999959,111742.1244,109886.66799999938,110100.4395238093
1762084800,110969.05,111019.55,110526.75,110577.22,12.01094,5.42960599999996,111740.01999999997,109903.21059999937,110131.5576190474
1762088400,110583.99,110605.94,110081.22,110455.25,7.93376,5.53941099999996,111736.00114999998,109923.97799999938,110156.82190476167
1762092000,110452.31,110564.77,110103.34,110328.06,7.7488,5.77961499999996,111733.01565,109946.22159999936,110213.71047619024
1762095600,110328.07,110483.45,110010.99,110037.46,15.31021,6.46251149999996,111731.46074999997,109951.07599999936,110235.12428571406
1762099200,110029.58,110039.84,109655.99,109995.8,14.52142,7.040246499999959,111730.96414999999,109973.49059999938,110242.67809523789
1762102800,109992.11,110151.52,109903.12,110060.58,8.79712,7.24093749999996,111728.45149999998,109988.90219999936,110255.1114285712
1762106400,110060.6,110260.07,109982.67,110259.37,7.96696,7.467309499999961,111724.99354999998,109990.59359999937,110247.76428571406
1762110000,110251.5,110251.5,109896.41,110115.52,6.36099,7.67267999999996,111724.756,110005.51299999935,110240.69476190454
1762113600,110115.52,110150.59,109815.94,110017.57,7.84805,7.86811999999996,111721.62514999999,110004.67819999935,110231.38523809501
1762117200,110017.59,110095.87,109940.84,109962.69,5.41464,7.997454499999961,111717.17514999998,109990.33079999936,110258.6771428569
1762120800,109913.13,109941.5,109379.27,109805.82,9.29468,8.266881999999962,111712.34869999999,109988.68819999935,110268.48761904739
1762124400,109819.52,110665.09,109819.52,110473.3,10.25152,8.688151499999961,111705.2259,110018.58659999935,110273.28571428549
1762128000,110477.3,110671.56,109682.74,109682.74,5.63614,8.68607399999996,111696.4141,110036.38179999935,110278.86095238074
1762131600,109676.22,109827.38,109324.45,109607.97,11.36027,8.963168499999961,111689.2326,110049.36099999935,110277.7576190474
1762135200,109595.89,109706.38,108637.39,108972.67,11.97555,9.42221049999996,111682.89929999999,110054.15779999932,110306.57095238072
1762138800,108977.03,109106.27,107883.79,107901.79,20.48855,10.00888949999996,111675.80889999999,110062.07339999932,110296.90761904737
1762142400,107889.21,107962.68,107467.82,107868.73,17.90133,10.51424799999996,111666.58394999997,110083.69819999931,110254.81809523786
1762146000,107891.75,108044.82,107395.5,107586.81,11.71095,10.58788349999996,111658.38129999996,110088.56619999932,110192.02857142834
1762149600,107575.87,107687.88,106979.2,107456.24,19.13419,11.185176999999959,111649.62809999997,110091.23399999931,110071.00952380929
1762153200,107467.39,107809.58,107253.75,107455,20.3028,11.598443499999957,111645.28014999996,110077.80859999932,109935.92238095214
1762156800,107425.74,107673.72,106921.27,107535.79,20.08177,12.001984999999959,111637.07264999994,110042.92259999932,109788.86476190452
1762160400,107503.15,107868.9,107033.34,107169.94,14.2315,12.316871999999957,111628.44229999995,110006.51699999932,109641.19714285691
1762164000,107183.9,107587.02,106708.43,106937.3,15.95179,12.727021499999958,111614.95854999995,109955.92399999932,109504.26857142833
1762167600,106927.22,107905.89,106921.75,107772,18.19919,12.871470499999958,111596.56159999993,109901.45979999933,109340.77999999975
1762171200,107765.45,108237.02,107691.44,107742.18,16.4841,12.969604499999956,111578.88134999994,109850.39039999933,109178.52857142834
1762174800,107742.17,108061.99,107554.45,107909.23,12.13628,13.136562499999958,111559.67684999993,109803.36859999935,109011.00714285692
1762178400,107919.05,108307.9,107374.88,108030.42,19.33709,13.705068999999957,111539.09164999991,109747.59599999932,108889.28999999978
1762182000,108113.05,108169.03,105520.11,105752.3,67.71459,16.772748999999955,111518.32554999992,109683.40579999932,108779.99095238073
1762185600,105758.69,106790.41,105360.42,106682.17,30.16177,17.888434999999955,111497.61294999992,109640.97879999931,108680.63047619024
1762189200,106678.67,107728.37,106515.13,107444.16,20.46814,18.641109999999955,111475.28819999992,109594.99139999932,108583.95619047595
1762192800,107461.75,107558,106769.59,106939.52,12.42293,18.797522499999953,111452.81994999993,109553.06139999932,108369.33380952358
1762196400,106926.44,107355.78,106421.94,107069.44,16.26037,19.097964999999956,111435.44954999995,109515.59419999932,108205.84095238069
1762200000,107069.35,107136.76,106251.62,106598.24,12.47152,19.439733999999955,111417.19649999995,109434.64119999931,108083.29761904737
1762203600,106598.33,107035.13,106043.82,106853.84,19.19754,19.831597499999955,111398.79844999994,109372.79679999933,107939.33714285691
1762207200,106827.43,106827.43,105751.07,106424.7,13.40399,19.903019499999957,111380.85264999993,109319.12939999934,107809.03333333308
1762210800,106432.13,106704.58,105978.5,106514.23,5.76479,19.166831499999958,111351.00819999995,109251.98739999933,107624.50666666644
1762214400,106503.77,106742.53,105795.6,106418.05,9.80907,18.76221849999996,111325.55389999993,109192.03699999934,107489.79714285691
1762218000,106414.21,107226.31,106220.65,107001.65,12.99173,18.82625749999996,111300.35109999994,109120.16679999935,107338.2128571426
1762221600,106991.98,107172.54,106416.01,106445.12,8.70777,18.30493649999996,111272.86219999995,109054.35839999933,107221.14428571404
1762225200,106469.17,107167.92,106159.82,107103.85,6.68792,17.62419249999996,111242.30374999995,108977.73079999934,107150.48999999973
1762228800,107105.13,107238.46,106661.37,106695.02,5.49805,16.89500649999996,111207.90559999995,108914.29059999931,107109.20047619024
1762232400,106686.83,106686.83,104142.58,104168.39,49.07972,18.637417499999962,111174.54269999996,108844.46159999933,107054.83428571402
1762236000,104162.96,105175.44,104097.6,104701.93,31.0076,19.390207999999962,111139.70549999995,108786.15839999933,107038.05380952355
1762239600,104699.91,104910.2,104264.21,104437.23,29.29798,19.945147499999962,111104.54664999996,108718.14859999935,107001.86428571404
1762243200,104446.32,104528.83,103691.04,103961.02,39.2612,21.08400249999996,111069.56534999995,108663.64579999933,106841.51190476166
1762246800,103956.71,104043.61,103537.01,103756.2,25.42181,21.74827899999996,111037.74719999995,108600.18179999935,106723.98761904739
1762250400,103778.51,103999.5,103496.66,103730.63,25.13482,22.038165499999963,111002.38544999994,108485.83619999934,106604.93666666641
1762254000,103730.73,104619.47,103688.31,104523.96,20.52678,19.678774999999963,110970.48364999995,108370.03779999934,106423.46142857119
1762257600,104540.85,104635.88,103760.39,103888.6,24.12196,19.376784499999964,110937.93889999994,108252.95739999933,106233.65285714262
1762261200,103877.63,104182.57,103511.55,103873.78,17.10323,19.208538999999963,110891.94619999993,108123.31399999936,106034.67190476165
1762264800,103874.67,104623.98,102902.39,104450.79,43.69146,20.77196549999996,110842.80759999994,107984.32679999934,105867.69761904737
1762268400,104448.01,104888.33,103157.42,103157.42,35.47495,21.73269449999996,110792.47999999994,107845.43899999936,105778.94999999975
1762272000,103166.04,103471.67,102127.87,102201.35,55.3189,23.87506349999996,110738.68044999994,107724.77299999936,105645.21714285688
1762275600,102209.11,102209.11,100758.95,101054.8,81.96262,27.01331749999996,110681.24979999993,107595.93499999934,105502.67571428545
1762279200,101042.32,101418.68,99926.22,101297.45,71.61937,29.92408649999996,110625.58859999994,107454.02959999934,105322.57571428546
1762282800,101292.16,101640.68,100341.26,100461.11,41.28848,31.700270999999965,110573.46269999995,107331.50099999935,105090.76190476166
1762286400,100448.43,101063.25,99526.44,100697.47,71.33397,34.776515999999965,110516.59709999994,107185.54439999934,104826.7885714283
1762290000,100702.24,100776.77,98734.02,100232.67,77.62316,38.00808749999997,110458.16779999994,107023.01019999936,104562.19857142831
1762293600,100245.09,101836.56,100025.96,101289.24,40.85344,39.61537099999997,110400.24539999994,106843.35699999936,104278.21809523783
1762297200,101296.45,101727.6,100892.51,101496.66,21.23723,40.34283649999996,110338.34899999993,106669.38999999934,104001.22952380925
1762300800,101484.68,101728.03,100345.68,100526.88,18.15002,40.97543499999996,110274.43429999992,106477.40059999935,103706.68761904736
1762304400,100547.59,101022.32,98979.7,100708.89,25.67851,39.805374499999964,110203.51094999994,106286.16259999934,103434.66809523782
1762308000,100775.91,101920.66,100775.91,101653.72,30.16412,39.76320049999997,110132.88244999993,106088.50559999933,103199.02714285687
1762311600,101699.07,102279.63,101491.6,102141.38,20.51746,39.32417449999996,110058.44869999992,105913.93899999936,102885.8380952378
1762315200,102148.58,102247.81,101528.2,101988.18,12.72742,37.99748549999997,109986.61689999992,105744.61839999935,102600.784285714
1762318800,101993.07,102364.23,101618.07,101843.75,9.35989,37.19438949999996,109911.67514999991,105559.03959999933,102481.03809523782
1762322400,101835.5,102168.46,101512.92,102156.77,11.1834,36.49681849999996,109843.9908999999,105363.75139999934,102359.10714285688
1762326000,102151.42,102176.63,101629.86,102005.9,12.12253,36.076605999999956,109776.7845999999,105203.17099999935,102242.48571428543
1762329600,102017.97,102017.97,101192.09,101702.64,19.25524,35.833269999999956,109701.86884999991,105053.83919999935,102141.66333333307
1762333200,101674.26,102212.02,101555.33,102012.13,15.90532,35.77337449999995,109626.93134999991,104914.14939999935,102065.49999999974
1762336800,102003.54,102010.02,101301.88,101402.84,13.45683,34.26164299999995,109558.55579999991,104792.98859999936,101983.36999999973
1762340400,101398.57,102138.61,101393.49,102132.49,13.75705,33.175747999999956,109494.66339999992,104678.74939999936,101849.02142857117
1762344000,102126.36,102784.75,101967.59,102698.17,25.21574,31.670589999999955,109432.48324999992,104567.13119999936,101759.66571428547
1762347600,102687.35,103242.95,102284.95,102992.4,23.11006,28.727961999999952,109370.40084999992,104452.05919999936,101642.00190476167
1762351200,102981.06,103498.04,102207.57,103203.4,30.83464,26.688725499999954,109310.8115499999,104343.20179999937,101531.60666666641
1762354800,103106.17,103806.76,102806.8,103743.04,33.44926,26.296764499999956,109250.4406999999,104220.54279999938,101509.73761904736
1762358400,103739,104048.65,103067.96,103919.46,22.43807,23.851969499999953,109189.2951999999,104119.79379999937,101547.40666666643
1762362000,103914.95,104013.65,103386.42,103930.52,19.56662,20.949142499999954,109127.3860999999,104035.01119999938,101649.72095238071
1762365600,103914.24,104466.18,103774.11,104392.15,16.86599,19.749769999999955,109064.7539499999,103939.41919999938,101766.17761904738
1762369200,104401.29,104567.55,104023.75,104050.4,11.24759,19.250287999999955,109005.78384999989,103848.64359999938,101930.86095238071
1762372800,104063.09,104585.5,103670.31,103876.8,13.96348,19.040960999999957,108949.3575499999,103765.31979999939,102084.81571428546
1762376400,103869.55,103869.55,103535.71,103671.93,11.63837,18.338953999999955,108896.30099999989,103683.1005999994,102282.88619047594
1762380000,103669.23,103785.15,103288.62,103715.87,7.90363,17.225929499999957,108841.70089999988,103646.6649999994,102414.36999999976
1762383600,103721.24,104110.14,103672.84,103897.48,8.22074,16.611093499999953,108789.45304999991,103600.86459999942,102527.70999999976
1762387200,103881.58,103884.84,103352.22,103682.32,9.32661,16.441052999999954,108736.90274999989,103532.98939999942,102677.47428571404
1762390800,103699.97,103699.97,102728.11,103380.72,11.45883,16.545999999999953,108683.8550499999,103471.73499999942,102820.66380952357
1762394400,103371.72,103571.53,102870.75,103332.18,6.83957,16.32880849999995,108632.6513999999,103403.78479999941,102927.50952380929
1762398000,103347.16,103968.12,103347.16,103661.54,8.06131,16.125747499999953,108581.0959499999,103346.13739999941,103000.88761904738
1762401600,103668.15,104251.43,103611.8,104063.18,6.05378,15.465674499999952,108528.2223499999,103287.01019999942,103067.19904761881
1762405200,104052.85,104052.85,103109.3,103158.61,6.03933,14.972374999999952,108468.9916499999,103232.1625999994,103138.07666666641
1762408800,103146.06,103609.43,103041.63,103336.14,5.83661,14.59136399999995,108412.1667499999,103169.4923999994,103209.73238095213
1762412400,103336.13,103583.05,102948.06,103209.24,9.6361,14.38531649999995,108358.38714999991,103107.7749999994,103307.69809523784
1762416000,103220.37,103456.07,102995.88,103202.35,9.40767,13.594912999999952,108299.95754999992,103040.97279999939,103377.02999999975
1762419600,103197.16,103279.17,102823.9,102823.9,17.51269,13.315044499999951,108240.44354999991,102993.3339999994,103440.07809523784
1762423200,102800.92,103298.53,102652.01,103111.26,11.346,12.340612499999951,108182.06739999991,102914.42919999942,103526.09714285687
1762426800,103113.31,103340.85,102733.09,103250.06,11.97775,11.26703699999995,108131.8247499999,102847.25159999942,103577.0428571426
1762430400,103227.45,103336.54,102383,102558.69,21.35597,11.212931999999949,108087.97424999991,102828.06859999942,103583.02999999975
1762434000,102552.69,103612.32,102552.69,103287.02,12.12919,10.84106049999995,108038.4965499999,102798.07699999941,103588.68999999974
1762437600,103291.69,103551.66,102003.2,102072.45,26.93701,11.344611499999948,107988.73599999989,102765.81039999942,103590.91190476166
1762441200,102087.3,102894.13,101618.22,101992.52,38.13326,12.688894999999949,107939.8520999999,102748.8151999994,103534.51428571402
1762444800,101992.46,102333.26,100279.95,100821.05,45.34309,14.25787549999995,107893.3335499999,102738.6923999994,103504.39809523782
1762448400,100841.89,101934.16,100716.1,101775.18,27.09387,15.030650499999947,107844.66314999988,102715.25359999941,103415.91857142831
1762452000,101775.17,102305.46,100882.03,101696.62,20.04207,15.637572499999948,107796.65364999988,102690.51479999942,103301.65047619022
1762455600,101676.72,101965.88,101176.12,101343.15,17.22644,16.08785749999995,107750.11814999988,102654.19179999942,103147.87190476165
1762459200,101364.36,101613.38,100610.01,100878.57,16.51443,16.44724849999995,107698.64679999989,102616.56659999942,103047.79476190449
1762462800,100880.3,101186.93,100501.29,101084.48,15.8968,16.66914699999995,107649.62654999988,102543.97179999942,102953.73238095213
1762466400,101046.5,101422.94,100939.46,101364.5,6.59959,16.65714799999995,107593.37669999989,102516.32699999941,102840.74571428545
1762470000,101402.43,101504.29,101094.46,101300.72,8.06412,16.65728849999995,107535.33454999991,102506.23239999943,102696.98809523783
1762473600,101296.93,101585.29,100718.68,101408.3,10.06847,16.85802299999995,107473.9048499999,102511.99939999942,102573.28142857116
1762477200,101415.49,101819.11,100856.59,101491.09,12.53578,17.18284549999995,107417.55219999992,102503.6217999994,102477.2709523807
1762480800,101496.42,101878.99,101207.33,101852.12,7.91503,17.28676649999995,107361.19874999991,102516.0891999994,102380.53476190452
1762484400,101858.4,102301.45,101821.65,101883.81,9.93911,17.301916999999946,107302.0370999999,102529.4297999994,102273.23761904736
1762488000,101868.23,102026.16,101518.1,101969.28,8.12522,17.237794499999946,107240.49224999991,102550.7907999994,102150.75714285689
1762491600,101978.37,102477.75,101978.12,102399.86,9.21274,16.822796999999944,107181.4498999999,102553.1719999994,102088.54333333307
1762495200,102409.53,102456.46,101797.63,101797.63,4.96316,16.503654999999945,107125.7152999999,102553.06059999939,102019.38476190453
1762498800,101809.12,102037.75,101612.78,101992.34,11.81075,16.495304999999945,107074.4518999999,102579.5653999994,101960.3390476188
1762502400,102001.17,102033,101393.87,101474.57,8.26237,15.840624999999942,107025.8093999999,102603.06379999939,101922.12523809499
1762506000,101484.36,101488.24,100770.93,101003.85,14.04041,15.936185999999944,106973.8697499999,102609.37499999939,101873.255238095
1762509600,100981.83,101248.69,100569.66,100769.05,13.09753,15.244211999999944,106928.88129999992,102614.5445999994,101819.97333333308
1762513200,100763.42,100887.87,99809.58,100373.61,34.31662,15.053379999999944,106885.0123999999,102610.73359999938,101735.42619047596
1762516800,100375.77,100584.68,99196.55,99587.13,39.22877,14.747663999999947,106837.65239999993,102613.7053999994,101661.38619047594
1762520400,99599.59,100547.32,99426.32,100267,28.90226,14.838083499999948,106791.54954999992,102600.0613999994,101541.48285714262
1762524000,100289.27,100859.32,99462.86,100741.32,28.73357,15.272658499999945,106745.31029999992,102580.02039999941,101460.58571428547
1762527600,100805.7,101213.24,100338.39,100757.88,23.99864,15.611268499999946,106705.04314999992,102561.3485999994,101346.0433333331
1762531200,100767.22,101608.69,100481.65,101141.28,37.61463,16.666278499999944,106659.49724999993,102528.57819999939,101319.65999999976
1762534800,101129.83,102683.47,100922.65,102347.01,26.77621,17.210248999999944,106612.17254999992,102492.26399999941,101270.42857142833
1762538400,102349.08,102811.73,102248.6,102552.63,25.72703,18.166620999999946,106561.0828499999,102454.9541999994,101225.72666666644
1762542000,102539.33,103359.57,102429.3,103354.39,16.74855,18.60084249999995,106508.94469999989,102415.8171999994,101216.11380952357
1762545600,103346.41,103872.32,102928.31,103755.09,14.49976,18.82240699999995,106463.71009999988,102371.1267999994,101286.03952380929
1762549200,103749.01,103855.63,103261.73,103855.63,8.39021,18.615128499999948,106413.5310999999,102329.8843999994,101355.95142857118
1762552800,103855.64,104050.52,103547.55,103598.4,10.74515,18.75663449999995,106363.16219999989,102301.96379999939,101450.70809523786
1762556400,103582.81,103703.54,103235.93,103243.46,7.9053,18.65494399999995,106309.8841499999,102274.62719999939,101567.5828571426
1762560000,103243.46,103321.55,102438.17,102585.02,14.132,18.955282999999948,106261.78119999988,102263.1045999994,101684.12238095213
1762563600,102577.23,103101.4,102530.47,102869.55,6.78063,18.833677499999947,106222.54434999988,102250.3633999994,101784.47047619025
1762567200,102865.66,103204.78,102639.6,102725.35,10.54284,19.11266149999995,106184.63969999988,102246.4679999994,101850.72476190452
1762570800,102725.34,103170.8,102464.61,102468.09,7.9172,18.917983999999947,106152.73379999986,102240.89999999938,101884.11571428548
1762574400,102478.2,102715.31,102288.85,102433.01,6.39558,18.82464449999995,106129.69924999986,102232.33059999939,101926.98571428547
1762578000,102427.26,102612.06,102132.9,102166.12,4.19405,18.332326499999947,106110.60959999988,102209.71359999939,101942.48523809502
1762581600,102176.33,102419.8,101938.56,102093.93,8.4792,18.101409999999948,106087.10479999987,102189.1549999994,101974.41190476166
1762585200,102096.76,102301.18,101777.28,102246.75,5.90644,16.680900999999945,106064.67754999988,102170.01559999939,101995.39619047596
1762588800,102246.75,102605.31,102061.62,102367.11,9.2462,15.181772499999946,106036.76764999988,102151.7629999994,102028.3271428569
1762592400,102363.48,102540.81,102162.23,102311.16,4.6178,13.967549499999944,106013.69134999989,102133.7795999994,102080.23571428547
1762596000,102311.16,102489.96,102222.6,102391.64,4.05072,12.733406999999946,105993.04769999988,102103.8711999994,102150.60238095213
1762599600,102391.64,102562.47,101649.57,101787.92,10.23226,12.045087999999947,105972.66139999988,102064.4861999994,102245.53095238071
1762603200,101770.14,102042.57,101667.19,102002.44,7.95659,10.562185999999945,105947.21144999989,102046.24899999941,102375.24666666643
1762606800,102002.49,102121.96,101640.77,101747.67,7.6205,9.604400499999945,105918.34724999989,102026.8683999994,102476.41999999975
1762610400,101733.34,102023,101401.55,101756.8,12.13857,8.924977499999944,105888.90909999987,102008.90679999939,102526.25809523785
1762614000,101758.72,101892.57,101451.87,101659.75,8.52942,8.514020999999945,105858.43689999987,101992.69259999938,102585.52285714261
1762617600,101659.75,101879.68,101462,101781.42,7.52458,8.165261999999945,105823.61169999986,101971.97299999937,102614.39857142833
1762621200,101779.73,101924.75,101505.15,101911.42,7.00535,8.096018999999945,105787.10754999986,101949.79659999939,102586.29333333307
1762624800,101908.67,102154.17,101763.77,102065.63,4.66458,7.791990499999945,105754.83894999984,101919.74879999938,102543.77523809498
1762628400,102064.43,102125.84,101474,101919.11,6.4968,7.721565499999945,105717.61359999987,101903.71099999937,102468.87190476166
1762632000,101908.16,102101.85,101883.82,102010.1,3.1873,7.174330499999944,105677.14844999986,101871.16559999937,102381.07809523784
1762635600,102004.52,102304.32,101965.02,102212.84,2.29551,6.950074499999944,105636.49464999985,101865.34499999936,102295.83999999973
1762639200,102212.84,102362.26,102118.74,102317.8,3.79801,6.612832999999943,105597.09539999986,101863.72299999937,102215.87380952355
1762642800,102317.79,102415.94,102210.54,102243.98,4.51933,6.4429394999999445,105558.16874999985,101888.61459999936,102157.14238095212
1762646400,102241.75,102267.4,101554.49,101715.47,7.15266,6.480793499999945,105516.63694999985,101891.49319999937,102139.41952380927
1762650000,101704.46,102033.4,101618.89,101971.19,3.19501,6.430841499999945,105476.95244999984,101897.76279999936,102113.14571428545
1762653600,101961,101961,101511.92,101596.81,3.06056,6.1599094999999435,105438.24739999985,101915.15659999936,102090.22333333308
1762657200,101570.58,101744.9,101324.93,101605.94,5.34969,6.132071999999943,105395.98954999985,101943.94119999938,102054.38428571404
1762660800,101610.83,102069.66,101594.73,101655.11,3.55988,5.8477559999999436,105358.12959999985,101967.13119999938,102032.39285714261
1762664400,101655.1,101939.04,101618.88,101852.31,2.83701,5.758716499999943,105318.79779999987,101974.15059999937,102005.2828571426
1762668000,101852.32,101908.53,101651.08,101691.31,2.53748,5.683054499999944,105276.82094999986,101987.55999999937,101982.04523809499
1762671600,101691.32,101922.88,101631.37,101895.7,3.83672,5.363277499999944,105237.32729999987,101991.33019999936,101953.87190476166
1762675200,101900.51,101999.26,101759.75,101896.59,3.87772,5.1593339999999435,105202.08239999987,101993.62719999935,101929.35761904737
1762678800,101900.62,102069.65,101576.05,101606.8,6.56947,5.106782499999943,105165.80954999987,101989.68699999937,101899.84095238069
1762682400,101602.78,101878.71,101457.9,101812.07,7.737,4.886703999999943,105126.95054999986,101989.05699999937,101876.22476190451
1762686000,101816.09,102230.64,101816.09,102158.2,7.79969,4.850217499999943,105086.36599999986,101983.49759999938,101881.39952380929
1762689600,102162.23,102355.56,101984.07,102017.32,8.1829,4.883133499999943,105047.59134999987,101973.41439999938,101862.55952380928
1762693200,102017.34,102922.27,102005.87,102850.48,11.07787,5.0867594999999435,105009.89259999986,101975.39359999938,101865.62619047594
1762696800,102845.59,103961.87,102698.62,102947.07,29.47997,6.327528999999943,104971.15244999986,101967.68279999935,101884.74047619023
1762700400,102955.12,104159.23,102914.88,103738.02,18.26394,6.915885999999942,104933.25804999987,101974.43279999938,101901.76761904739
1762704000,103728.55,103862.27,103301.27,103800.33,12.61622,7.387331999999942,104894.52129999986,101997.51979999937,101952.675238095
1762707600,103803.43,103914.22,103280.81,103578.97,10.5505,7.800081499999942,104854.32484999986,102022.48519999938,102001.99190476167
1762711200,103578.97,104536.09,103465.05,104470.06,15.00462,8.360411999999942,104814.94014999986,102072.02259999939,102081.62952380929
1762714800,104475.88,104814.58,104105.41,104803.51,21.11953,9.190421999999941,104775.14884999987,102139.2213999994,102171.21142857119
1762718400,104811.68,105075.04,104409.52,104641.67,11.69967,9.417772499999941,104734.33819999985,102208.6417999994,102245.91952380928
1762722000,104613.35,104860.67,104327.82,104555.33,9.73875,9.744959499999942,104698.54824999986,102269.8219999994,102353.40619047594
1762725600,104461.17,104765.61,104054.53,104673.21,13.91592,10.287727499999942,104663.84919999987,102326.24379999941,102471.77333333308
1762729200,104662.74,105419.48,104432.45,104641.01,17.1536,10.877922999999942,104632.74644999986,102392.8193999994,102585.94904761881
1762732800,104733.98,106419.05,104202.15,106215.7,29.43594,12.171725999999941,104601.01404999988,102441.9493999994,102721.18047619023
1762736400,106187.97,106586.47,105620.8,105645.77,19.69953,13.014851999999943,104569.44214999987,102483.7301999994,102849.84809523786
1762740000,105635.35,105969.65,105507.76,105896.8,7.50365,13.263160499999941,104541.58469999986,102507.74899999938,102994.80999999976
1762743600,105924.5,106191.12,105757.28,105971.82,10.36306,13.58947749999994,104515.57359999986,102526.11139999941,103214.32238095214
1762747200,105967.69,106239.6,105761.96,106068.14,7.31762,13.76147249999994,104489.26304999986,102541.8189999994,103404.35380952357
1762750800,106082.81,106390.88,105944.79,106014.45,9.40634,13.903315999999938,104463.03994999986,102594.1649999994,103596.94857142832
1762754400,106018.47,106265.4,105909.3,106170.81,11.72164,14.102547999999937,104437.53404999984,102642.21119999941,103800.78238095215
1762758000,106176.32,106516.93,106125.32,106462.12,13.23805,14.374465999999936,104410.10144999987,102708.44679999942,103999.46999999977
1762761600,106444.09,106565.21,105880.15,105950.63,13.03343,14.616992499999935,104389.69684999986,102770.49219999941,104195.55857142832
1762765200,105960.07,106601.81,105832.82,106441.97,14.42132,14.784164999999934,104367.59089999985,102837.34799999942,104412.89238095215
1762768800,106429.55,106430.01,105958.19,106008.97,7.40317,13.680324999999934,104346.11614999986,102908.27519999942,104634.32333333309
1762772400,106004.38,106344.37,105942.49,106204.37,8.43993,13.189124499999934,104325.25394999987,102983.03119999942,104814.91523809501
1762776000,106202.08,106234.1,105863.95,105921.63,9.56389,13.036507999999936,104304.31424999986,103068.95119999941,105025.61285714262
1762779600,105925.99,106575.8,105890.49,106549.66,10.44775,13.031370499999934,104285.95529999986,103146.08519999942,105176.01714285689
1762783200,106529.44,106529.44,104631.37,104881.19,25.07968,13.535123499999935,104267.26184999985,103229.98959999942,105331.12666666643
1762786800,104867.54,105583.35,104625,105017.18,27.1867,13.838481999999933,104249.98839999987,103302.82679999941,105435.10809523785
1762790400,105051.19,105345.45,104756.38,105189.93,15.37653,14.022324999999933,104230.51349999987,103380.69099999942,105566.02857142834
1762794000,105182.64,105949.01,105146.39,105926.63,14.35898,14.253336499999932,104213.57839999987,103451.29079999942,105628.03904761882
1762797600,105943.52,106081.44,105449.75,105453.91,8.62819,13.988949999999932,104194.28214999985,103546.52559999943,105654.09238095216
1762801200,105463.02,106010.14,105391.79,105798.96,6.92194,13.477366999999933,104175.87564999987,103604.10059999942,105672.4933333331
1762804800,105803.53,106255.25,105782.7,105985.34,8.7994,12.445539999999934,104153.02454999987,103669.49079999942,105733.68190476167
1762808400,105986.21,105986.21,105225.82,105589.86,9.10755,11.915940999999933,104134.31659999987,103738.15339999943,105776.4714285712
1762812000,105571.41,106057.83,105330.31,105974.52,10.84348,12.082932499999933,104106.50659999988,103823.49099999941,105830.07857142834
1762815600,105994.34,106221.59,105841.03,105939.79,5.85812,11.857685499999935,104078.06469999986,103896.94079999943,105894.09428571405
1762819200,105949.85,106091.45,105455.68,106091.43,7.10039,11.846823999999934,104050.63924999988,103974.69159999942,105864.29238095215
1762822800,106085.01,107400.61,105920.31,106003.6,31.94178,12.973595999999935,104027.48609999988,104053.08579999942,105879.94714285691
1762826400,106015.12,107034.27,105515.84,106555.07,16.21677,13.198352499999936,104003.10314999986,104126.50079999943,105881.99428571404
1762830000,106559.69,107016.03,106283.61,106389.88,7.51152,12.912025999999937,103977.25269999988,104205.78919999942,105887.68999999977
1762833600,106394.35,106472.24,105653.23,105684.15,6.18243,12.569475999999938,103954.29329999987,104280.32819999942,105884.61666666644
1762837200,105685.52,105685.52,105112.6,105178.33,8.7202,12.284419999999937,103929.96634999987,104355.80079999943,105910.36047619022
1762840800,105191.05,105274.63,104806.04,105205.53,12.75179,12.551850999999939,103908.19864999987,104430.9931999994,105920.79238095215
1762844400,105193.67,105262.56,104684.85,104734.11,9.74029,12.616868999999937,103887.71029999988,104527.78519999942,105883.74619047594
1762848000,104742.08,105248.44,104724.68,105100.22,8.64738,12.571043499999936,103868.18844999987,104616.1589999994,105846.96999999974
1762851600,105099.85,105459.76,104886.89,104942.33,8.21974,12.459642999999938,103847.90354999986,104697.90579999941,105788.09190476165
1762855200,104958.46,105231.41,104928.29,105154.82,6.26426,11.518871999999938,103829.38204999987,104769.35359999942,105727.38428571404
1762858800,105167.54,105499.08,105116.27,105280.98,8.85282,10.602177999999938,103810.75384999986,104840.36199999941,105674.80571428547
1762862400,105286.71,105499.97,104368.31,104514.1,15.08674,10.587688499999938,103789.08674999986,104897.99799999941,105628.17238095212
1762866000,104563.29,104702.36,104230.21,104406.27,22.72747,11.006112999999939,103765.16494999987,104966.17619999942,105561.75142857118
1762869600,104415.16,104676.53,103848.49,104580.66,15.72193,11.360799999999937,103742.16349999986,105027.1087999994,105580.78904761882
1762873200,104567.88,104567.88,103170.34,103440.84,24.11391,12.220398499999938,103713.46754999988,105092.27339999941,105556.83285714262
1762876800,103433.31,103719.76,103191.97,103401.05,9.27509,12.24418299999994,103690.55494999987,105165.75699999942,105519.51571428547
1762880400,103407.42,103640.74,102839.37,103326.22,17.50266,12.663938499999938,103667.2267499999,105219.79759999941,105455.42190476168
1762884000,103309.72,103556.02,103035.66,103379.46,10.16817,12.630172999999939,103648.1374999999,105264.7589999994,105359.56142857119
1762887600,103362.38,103445.55,102831.88,103104.81,16.15243,13.144888499999936,103635.03344999987,105316.02579999939,105245.37523809499
1762891200,103105.89,103211.56,102626.27,102750.9,11.10031,13.344884499999935,103618.26029999988,105327.83299999939,105118.75047619022
1762894800,102759.45,103046.88,102446.1,102602.73,16.00299,12.547944999999936,103602.35759999989,105336.9125999994,105013.4933333331
1762898400,102593.18,103122.92,102484.9,102964.44,7.08521,12.091366999999936,103587.9796999999,105328.67659999941,104876.84047619025
1762902000,102959.52,103188.98,102784.23,103043.33,7.20068,12.075824999999936,103567.9088999999,105320.2591999994,104724.98857142834
1762905600,103041.57,103290.89,102797.42,102843.47,8.24859,12.179132999999936,103547.23519999988,105310.7759999994,104558.85999999978
1762909200,102861.01,103346.49,102655.2,103229.32,6.00461,12.043353499999935,103528.01659999989,105276.39279999939,104414.13809523787
1762912800,103223.47,103382.93,102915.74,103121.17,6.12783,11.712155499999934,103510.22739999989,105232.37719999939,104246.91238095217
1762916400,103117.58,103413.96,103070.6,103292.37,3.50823,11.400552499999936,103486.89144999991,105198.8325999994,104078.03571428548
1762920000,103298.43,103443.36,102994.04,103219.51,2.56292,11.096329499999936,103461.93504999991,105168.59259999938,103961.13904761882
1762923600,103233.16,103463.18,103209.85,103388.97,3.82719,10.876701999999934,103435.40254999991,105131.99779999937,103863.17904761883
1762927200,103393.62,103684.72,103364.23,103389.17,4.00152,10.763564999999934,103410.07264999991,105103.76399999937,103772.07619047597
1762930800,103398.08,103567.04,103067,103124.6,6.1594,10.628893999999935,103396.52779999992,105041.87339999937,103699.95238095218
1762934400,103112.66,104236.16,103112.66,104146.52,21.39254,10.944183999999934,103377.33429999993,104994.80539999936,103618.46428571409
1762938000,104137.52,105079.79,104137.52,104536.99,18.11446,10.713533499999935,103356.2600999999,104941.25959999938,103544.50428571408
1762941600,104529.85,105052.08,104529.85,104903.19,10.28828,10.441850999999934,103337.16834999992,104889.60259999936,103447.82714285694
1762945200,104892.5,105225.92,104772.53,105052.83,8.09772,9.641041499999934,103318.28299999991,104836.02319999937,103393.80523809504
1762948800,105040.01,105374.13,104812.52,104992.41,12.29764,9.792168999999934,103301.38934999991,104778.22619999938,103394.89523809505
1762952400,105026.78,105153.33,104604.56,105040.54,12.08556,9.521313999999935,103284.0649999999,104737.74039999937,103418.55809523791
1762956000,105033.97,105033.97,103595.15,103972.52,17.8024,9.903025499999934,103268.88734999992,104699.23779999938,103441.04238095219
1762959600,104009.57,104290.76,101999.28,102192.99,31.34242,10.662524999999935,103251.93919999992,104678.2889999994,103514.92666666649
1762963200,102183.15,102300.75,101348.17,101453.24,40.78902,12.146960499999933,103240.58154999992,104650.50619999938,103592.99761904743
1762966800,101472.35,102185.91,101421.94,101770.64,16.6372,12.178670999999934,103228.25824999991,104630.17499999939,103623.77380952363
1762970400,101787.18,101972.58,101438.78,101563.29,9.36027,12.292423999999935,103220.54859999992,104606.89839999938,103567.27523809507
1762974000,101558.03,101572.28,100806.69,101309.07,17.76809,12.820794499999934,103210.29349999993,104567.91619999938,103488.62904761889
1762977600,101304.7,101856.63,101155.5,101558.84,10.14094,12.915411999999936,103201.78044999992,104480.78279999938,103441.94999999984
1762981200,101568.59,102045.02,101537.66,101951.3,9.83482,13.106922499999934,103206.14119999991,104412.22379999938,103392.45285714269
1762984800,101940.96,102014.07,101482.97,102011.44,6.7049,13.135775999999932,103202.4941499999,104347.29299999938,103313.62571428555
1762988400,102022.85,102022.85,101488.79,101672.37,7.71869,13.34629899999993,103191.27294999991,104274.76019999938,103242.93571428556
1762992000,101664.43,102043.15,101491.13,101857.59,9.8417,13.71023799999993,103178.7340499999,104182.40899999939,103200.45142857128
1762995600,101847.94,102605.89,101847.94,102027.13,24.29367,14.733561999999932,103168.8062499999,104104.50759999939,103142.45714285698
1762999200,102021.67,102350.33,102004.35,102078.94,5.17233,14.792102499999931,103157.9695499999,104027.55439999938,103073.4666666665
1763002800,102077.63,102583.76,100942.58,102153.11,15.98357,15.28331099999993,103141.8950999999,103948.0763999994,103005.14380952365
1763006400,102151.47,102423.4,101688.58,102137.11,11.78063,14.802715499999929,103130.24629999991,103869.72659999941,102948.36380952367
1763010000,102134.05,103395.68,101793.98,103144.43,14.74922,14.634453499999927,103120.63389999991,103787.3879999994,102885.98142857126
1763013600,103154.74,103679.49,102942.12,103583.11,21.12325,15.176201999999927,103108.43714999993,103709.13479999939,102827.12142857126
1763017200,103576.04,104086.06,103310.94,103463.46,25.53829,16.048230499999928,103101.0118999999,103628.88499999938,102780.09809523795
1763020800,103483.97,103828.74,103284.89,103688.93,7.72244,15.819470499999928,103099.2930999999,103551.8751999994,102732.37952380936
1763024400,103705.27,103755.44,102547.58,102800.8,16.23306,16.02684549999993,103104.1547499999,103463.51599999938,102686.9566666665
1763028000,102802.58,103291.14,102773.45,102990.38,8.72557,15.573003999999932,103108.0621999999,103398.60699999939,102618.39809523794
1763031600,102969.09,103155.31,102720.57,102933.73,7.07048,14.35940699999993,103116.52219999989,103356.5861999994,102553.45047619032
1763035200,102946.15,103280.41,102758.11,103159.02,10.67256,12.85358399999993,103123.7203999999,103322.2887999994,102449.08809523792
1763038800,103156.35,103167.03,102147.08,102329.15,29.86896,13.51517199999993,103138.27919999989,103291.9567999994,102351.46142857127
1763042400,102347.44,103436.2,101745.26,102862.82,32.73673,14.68399499999993,103149.74854999989,103253.29059999941,102301.99523809509
1763046000,102859.19,102978.5,101192.58,101398.24,31.12369,15.351774999999929,103159.58254999989,103211.0937999994,102347.9966666665
1763049600,101368.94,101535.21,100551.91,100627.72,36.76543,16.68299949999993,103175.39279999989,103170.92179999941,102389.7066666665
1763053200,100615.81,100804.69,99616.91,99661.06,47.22964,18.55274049999993,103185.8523499999,103131.00579999942,102441.71523809509
1763056800,99642.75,99891.38,98125.27,98573.59,73.01374,21.86818249999993,103192.5356499999,103071.96919999942,102433.85571428554
1763060400,98578.45,99276.21,98291.58,98673.66,45.74601,23.76954849999993,103196.4973999999,103038.94359999942,102401.4104761903
1763064000,98670.97,98976,97977.78,98094.8,49.02111,25.72851899999993,103202.3515999999,102978.78299999943,102311.03999999983
1763067600,98076.06,98877.89,97932.19,98774.15,23.54181,25.690925999999934,103204.77859999992,102899.72419999941,102150.19666666651
1763071200,98797.07,99945.24,98673.59,99866.76,19.83913,26.424265999999932,103208.3088499999,102824.12859999941,101991.2547619046
1763074800,99834.16,100505.91,99561.87,99675.14,14.81323,26.36574899999993,103205.27054999993,102727.57939999942,101820.89428571412
1763078400,99676.19,99763.16,98697.68,98934.39,20.45015,26.799224999999932,103199.89594999992,102634.52819999942,101674.06380952365
1763082000,98955.62,99547.21,98696.39,99242.77,13.5814,26.740833999999932,103188.14059999991,102528.83499999942,101571.1890476189
1763085600,99247.1,99861.18,99247.1,99621.58,8.86384,26.127863499999933,103173.99434999994,102442.22179999942,101456.72238095224
1763089200,99633.18,99655.29,98773.08,99129.68,10.51358,25.376627999999933,103156.70019999992,102384.53899999942,101303.44999999985
1763092800,99131.46,99169.74,96747.97,97796.16,59.70396,27.975703999999933,103133.68334999992,102325.98719999944,101165.62428571415
1763096400,97807.52,98034.32,97027.26,97530.28,30.66359,28.697230499999932,103112.59209999992,102245.38619999943,100997.86952380938
1763100000,97527.64,97561.88,95861.12,97532.15,41.74929,30.348416499999935,103095.90889999991,102169.37499999945,100785.80142857127
1763103600,97551.1,97722.84,96767.26,97103.44,26.79801,31.334792999999934,103075.56939999992,102104.93719999943,100515.92999999986
1763107200,97120.12,97420.14,96732.05,97329.59,26.38344,32.120336999999935,103050.64404999994,102022.94439999944,100222.66095238081
1763110800,97316.2,97516.48,96646.7,96804.6,24.66087,31.859932499999935,103027.20529999994,101916.44419999945,99971.7728571427
1763114400,96796.27,97238.27,96620.34,96714.2,22.93828,31.370009999999933,103003.35244999993,101801.20239999944,99691.44238095223
1763118000,96702.13,96919.97,95668.72,96102,37.64725,31.696187999999932,102978.74884999995,101687.45519999946,99424.57857142841
1763121600,96076.93,96093.27,94511.28,95302.65,67.49512,33.232672499999936,102948.34564999996,101561.74459999945,99121.98714285699
1763125200,95306.93,95595.73,94502.46,95133.47,49.74129,33.358254999999936,102917.63739999996,101440.55299999945,98854.60857142841
1763128800,95131.98,96684.36,94854.83,96450.58,47.29431,32.072283499999934,102886.71879999997,101314.15299999945,98532.6647619046
1763132400,96414.46,97247.15,95788.53,96760.38,34.12918,31.49144199999994,102852.74859999996,101165.50659999945,98242.3985714284
1763136000,96769.99,97342.24,96213.14,96971.94,27.51991,30.416381999999935,102820.98494999997,100996.80679999945,97980.76761904746
1763139600,96972.76,97085.61,95539.26,95800.05,23.94159,30.436370999999934,102788.10434999997,100804.79599999945,97827.88761904745
1763143200,95789.39,96342.23,94896.56,94998.27,36.40851,31.264839999999936,102755.01444999996,100606.40879999945,97741.54428571413
1763146800,95003.17,95851.54,94729.29,95733.28,20.20205,31.534280999999936,102717.21674999996,100435.57219999944,97660.50999999985
1763150400,95735.83,95883.67,94122.58,94287.85,30.94572,32.05905949999994,102673.41409999998,100269.96899999944,97551.23619047605
1763154000,94287.14,95071.84,94149.79,94961.71,14.0652,32.08324949999994,102633.28839999998,100129.95739999945,97371.43238095223
1763157600,94961.78,95381.39,94588.37,95065.88,15.92293,32.43620399999993,102598.86059999997,100002.09859999943,97174.59999999985
1763161200,95068.68,95068.68,93942.12,94499.28,28.47616,33.33433299999994,102566.61629999997,99872.99919999942,96918.06238095224
1763164800,94505.18,95349.18,94481.58,95059.98,17.61935,31.230102499999937,102535.46424999998,99752.25199999944,96728.887142857
1763168400,95062.93,95698.2,94660.81,95583.16,12.80005,30.33692549999994,102500.34499999999,99606.74319999943,96529.98761904748
1763172000,95567.59,96389.67,95325.58,96389.67,13.15103,28.90701249999994,102459.78004999997,99479.79599999942,96286.06857142843
1763175600,96364.08,96719.82,96042.59,96310.16,15.07705,28.32096449999994,102422.19614999999,99349.93679999941,96092.2733333332
1763179200,96313.21,96414.51,95850.87,96027.56,6.04442,27.30401349999994,102380.84195,99200.89639999942,95986.89238095225
1763182800,96033.84,96332.24,95888.37,96251.09,9.05477,26.523708499999934,102339.21539999999,99061.86719999943,95932.57761904749
1763186400,96243.37,96515.15,95895.07,96078.11,9.02789,25.828188999999934,102304.18254999998,98940.08299999943,95874.38761904748
1763190000,96072.21,96303.4,95898.1,96259.66,11.32924,24.512288499999936,102266.71634999997,98830.72459999943,95823.15523809509
1763193600,96265.43,96284.68,95602.84,95878.8,15.18976,21.897020499999936,102237.91099999998,98716.38519999944,95771.79809523796
1763197200,95872.2,96099.12,95624.2,95782.64,7.13236,19.766573999999938,102206.95089999998,98595.35759999944,95737.2033333332
1763200800,95782.62,96009.55,95654.55,95896.05,8.58112,17.83091449999994,102180.41615,98477.31719999945,95715.55857142844
1763204400,95902.06,95925.95,95585.55,95649.6,6.59953,16.454431999999937,102155.2512,98356.13719999944,95704.92999999986
1763208000,95649.59,95829.16,95538.1,95775.64,13.55801,15.75633699999994,102130.99615,98218.44179999943,95727.78666666654
1763211600,95771.88,96359.62,95690.07,96355.92,12.49378,15.183946499999939,102106.8292,98064.35559999943,95764.09999999987
1763215200,96357.93,96451.47,96009.58,96221.56,27.77717,14.752379499999941,102080.39725,97910.73919999943,95725.95809523796
1763218800,96215.6,96412.79,96097.98,96237.61,7.76531,14.130542499999942,102055.19195000001,97754.88159999943,95679.06571428559
1763222400,96248.42,96320.77,95709.06,96120.03,15.36279,13.351395999999943,102027.54444999999,97611.85759999942,95649.73142857131
1763226000,96123.02,96343.44,95796.76,96198.06,12.56757,13.276514499999942,101999.00219999999,97467.56279999943,95669.8033333332
1763229600,96194.68,96308.15,95920.27,96009.87,10.04767,12.98275149999994,101969.22184999999,97336.00659999943,95728.81952380939
1763233200,96012.78,96113.77,95896.09,95978.22,3.17264,11.717575499999942,101938.0508,97197.25739999942,95747.23619047606
1763236800,95985.67,95994.04,95085,95229.09,13.84882,11.52904899999994,101907.0826,97075.42659999941,95838.19857142844
1763240400,95215.31,95639.29,95079.26,95237.58,10.58358,11.418225499999942,101876.86290000001,96940.57079999942,95888.1109523808
1763244000,95239.19,95619.43,95203.37,95559,6.60701,11.091024499999943,101848.98254999999,96836.56719999941,95931.55571428558
1763247600,95596.47,95658.16,95457.16,95575.86,3.08881,10.491612499999942,101820.20890000001,96744.21019999942,95966.30857142844
1763251200,95582.57,95682.45,95212.8,95388.48,6.59473,10.519127999999942,101793.43620000001,96670.55339999942,95974.76571428559
1763254800,95382.51,95503.85,94860.98,95275.02,10.05953,10.569365999999942,101769.40724999999,96603.66339999942,95973.6152380951
1763258400,95269.04,95921.35,95096.5,95921.35,10.98107,10.667024999999942,101745.61134999999,96534.94179999942,95934.86238095224
1763262000,95922.28,95925.95,95589.1,95771.56,3.99033,10.300079499999942,101723.6344,96484.22579999942,95890.97285714273
1763265600,95764.71,95872.33,95603.45,95767.69,3.44821,9.71300199999994,101701.84419999999,96420.25999999943,95855.13761904748
1763269200,95767.72,96132.19,95767.69,95846.7,5.19733,9.61625049999994,101676.6971,96330.69439999941,95839.43571428557
1763272800,95839.36,95992.64,95715.46,95755.75,2.51217,9.31280299999994,101650.78550000001,96242.69199999941,95824.83809523795
1763276400,95758.74,96070.73,95689.15,96069.89,3.94132,9.17989249999994,101624.8754,96182.43119999941,95801.41095238081
1763280000,96069.87,96197.17,95811.47,96074.88,7.75426,8.889704999999939,101596.11140000001,96113.00699999942,95799.88238095224
1763283600,96071.69,96602.06,95884.59,96580.55,10.39123,8.78457749999994,101560.75145000001,96035.9291999994,95798.60190476177
1763287200,96578.95,96578.95,96343.99,96411.66,7.66758,7.779097999999939,101527.59505000003,95970.26959999942,95806.87999999986
1763290800,96412.64,96412.64,95486.12,95615.11,16.21753,8.20170899999994,101489.68090000002,95929.4613999994,95827.13142857129
1763294400,95609.44,95888.93,95424.08,95741.84,8.57091,7.862114999999941,101449.7439,95900.2535999994,95865.46047619035
1763298000,95731.86,95833.29,94109.04,95388.48,26.48843,8.55815799999994,101409.69925,95871.10819999939,95868.11476190462
1763301600,95386.13,95635.28,95286.99,95490.01,9.09115,8.51033199999994,101370.48599999999,95860.65039999937,95839.23619047606
1763305200,95491.44,95501.95,94300.73,94504.65,26.72947,9.68817349999994,101334.61815,95842.29179999938,95815.62809523795
1763308800,94528.86,94862.62,93906.23,94122.46,54.74563,11.73301399999994,101302.06744999999,95818.5019999994,95780.79238095225
1763312400,94122.45,94407.62,93644.3,94249.26,28.82417,12.64504349999994,101270.62245,95799.05479999939,95747.07571428557
1763316000,94247.55,95492.26,93051.85,93934.08,51.52865,14.89112549999994,101239.05399999999,95784.78439999938,95675.39857142844
1763319600,93925.39,94440.99,93728.32,93812,27.65793,16.119581499999942,101204.78909999998,95788.53159999939,95587.02904761891
1763323200,93817.87,94534.51,93758.16,93864.04,19.96713,16.78820149999994,101171.33324999997,95775.95519999939,95540.37047619034
1763326800,93876.43,93979.11,93106.04,93255.33,25.94489,17.582469499999938,101137.44505,95729.39279999938,95478.2990476189
1763330400,93255.4,94363.23,92891.32,94030.52,45.2955,19.29819099999994,101104.42544999998,95679.17039999939,95395.10857142844
1763334000,94014.83,94392.11,92819.18,94117.89,20.97738,20.14754349999994,101065.71494999998,95618.41319999938,95313.59333333319
1763337600,94103.9,95166.75,93589.11,95059.99,22.53705,21.10198549999994,101024.49169999996,95578.65219999939,95212.01476190463
1763341200,95089.8,95271.45,94511.78,94555.37,10.82643,21.383440499999942,100984.18219999997,95555.96759999938,95152.75285714271
1763344800,94555.56,95187.87,94485.38,94792.52,9.87175,21.75141949999994,100941.89439999998,95506.4085999994,95066.87380952368
1763348400,94791.62,95387.29,94791.16,95325.63,9.07099,22.00790299999994,100902.01479999999,95501.26199999938,95032.98952380937
1763352000,95322.85,95410.75,94718.36,94944.56,10.35001,22.13769049999994,100861.32279999998,95484.38559999937,94975.25999999986
1763355600,94956.83,95088.94,94733.96,94940.07,7.96804,22.016530999999937,100818.8611,95484.26779999938,94925.06095238082
1763359200,94952.04,95192.95,94749.9,95151.08,5.31039,21.89867149999994,100780.22969999998,95485.3895999994,94904.57904761891
1763362800,95154.52,95762.89,95084.51,95547.92,12.28784,21.702186999999938,100742.5204,95480.04039999937,94850.99190476176
1763366400,95538,95886.81,95393.59,95488.39,17.79562,22.163422499999935,100708.91325,95474.8897999994,94796.9533333332
1763370000,95480.01,95749.71,95191.09,95521.13,13.16534,21.497267999999938,100672.133,95445.98759999938,94728.88333333319
1763373600,95516.63,95787.21,95420.74,95524.58,10.90131,21.587775999999938,100635.76745000001,95418.58579999936,94687.75285714271
1763377200,95516.35,95808.6,95218.37,95480.59,28.34787,21.668695999999937,100602.80005,95401.05619999938,94681.71857142841
1763380800,95492.11,95509.07,95171.45,95201.27,9.938,19.428314499999935,100567.47235,95386.99279999938,94671.20857142843
1763384400,95205.26,95274.18,92708,93860.87,44.34254,20.204232999999938,100531.1085,95375.19839999937,94677.68952380939
1763388000,93856.98,95913.14,93700.12,94648.74,41.79561,19.71758099999994,100495.2749,95360.42779999936,94677.24095238082
1763391600,94658.09,94927.53,93683.77,93857.03,31.29732,19.89955049999994,100461.79460000001,95353.34339999937,94710.4133333332
1763395200,93860.59,94295.83,92951.68,94194.29,43.41442,21.07191499999994,100430.6592,95347.30239999937,94697.95666666652
1763398800,94211.9,94298.82,92516.13,92639.84,26.68686,21.10901349999994,100398.40890000001,95333.40679999936,94716.97952380938
1763402400,92647.13,93078.03,92297.43,92425.73,38.74075,20.78127599999994,100368.04775000003,95297.63219999937,94713.31047619034
1763406000,92430.97,92531.77,91379.58,91473.32,52.7101,22.36791199999994,100337.42100000002,95275.09419999937,94731.51476190463
1763409600,91476.95,92064.57,91115.24,91750.59,36.32497,23.057307999999942,100305.15180000002,95225.11639999937,94673.21952380938
1763413200,91743.36,92086.53,91356.08,91753.52,21.18174,23.575073499999938,100265.1946,95184.57099999936,94633.71476190463
1763416800,91756.82,92213.21,91599.47,92088.3,12.85532,23.72425199999994,100229.98175,95112.61559999938,94511.9433333332
1763420400,92101.81,92128.43,91624.98,92006.91,10.64054,23.802729499999938,100189.78840000002,95038.72959999938,94399.21476190463
1763424000,92009.47,92144.84,91005.73,91941.99,19.56179,24.263318499999937,100151.27690000001,94944.23479999937,94241.76380952368
1763427600,91938.05,92020.71,91326.6,91549.45,13.8473,24.557281499999938,100106.44210000001,94859.04919999937,94124.28428571414
1763431200,91544,91581.67,90523.78,90716.11,22.26989,25.40525649999994,100059.51040000001,94774.55519999936,93991.63619047606
1763434800,90669.28,90752.54,89532.42,90695.76,43.66807,26.974267999999938,100006.086,94711.73939999937,93830.51047619033
1763438400,90688.72,90695.18,89176.33,89935.92,40.54488,28.111730999999942,99954.75235,94647.12599999936,93668.83857142844
1763442000,89942.23,90324.41,89585.06,90067.8,20.06466,28.45669699999994,99899.26754999999,94574.78579999937,93467.69761904747
1763445600,90054.57,90054.57,89143.34,89407.72,24.95983,29.159622999999943,99844.97369999999,94494.25759999937,93255.53952380938
1763449200,89420.99,90335.08,89125.67,90283.53,42.21731,29.85309499999994,99786.31814999999,94400.81019999938,92988.30142857127
1763452800,90290.56,91197.97,90282.06,91027.49,42.25179,31.46878449999994,99727.02644999998,94309.22499999937,92730.17809523795
1763456400,91015.71,91317.33,90728.47,91238.61,24.306,30.466957499999943,99666.87884999998,94189.51639999937,92439.06333333318
1763460000,91236.58,91436.43,91085.11,91401.44,13.21923,29.038138499999945,99598.10909999999,94075.44119999938,92189.48952380937
1763463600,91400.9,91451.78,91091.92,91348.17,14.81449,28.213996999999942,99527.57034999998,93948.24179999938,91977.437142857
1763467200,91345.49,91710.58,90961.01,91386.12,21.20959,27.10375549999995,99454.04159999998,93836.97839999938,91788.7390476189
1763470800,91379.31,91525.82,90788.32,91367.73,19.05616,26.722220499999946,99381.60394999998,93742.41319999938,91671.62333333319
1763474400,91374.04,92324.31,91091.23,91232.43,38.02573,26.686469499999948,99305.27649999998,93645.78759999938,91514.4533333332
1763478000,91248.16,92919.55,90902.94,92809.39,49.43456,26.52269249999995,99233.48909999998,93552.3187999994,91396.79095238082
1763481600,92803.77,93754.65,92471.29,93425.2,44.82906,26.947896999999948,99157.54805,93447.67119999937,91262.19285714271
1763485200,93429.23,93583.26,92761.11,93202.57,18.69322,26.823470999999948,99085.51225,93347.16039999938,91195.1733333332
1763488800,93198.33,93715.23,93112.1,93291.01,14.22564,26.89198699999995,99013.03545,93262.21279999938,91213.44285714273
1763492400,93279.07,93560.56,92954.88,93132.28,11.96562,26.958240999999948,98939.91720000001,93172.0245999994,91306.38952380938
1763496000,93141.61,93250.05,92598.09,92735.66,17.41532,26.850917499999944,98866.50709999999,93120.4427999994,91375.5314285713
1763499600,92732.06,92964.67,92383.19,92417.16,11.78005,26.74755499999994,98793.2735,93079.14659999941,91448.7452380951
1763503200,92403.58,93342.18,92398.97,93085.37,6.2979,25.948955499999943,98718.5816,93053.1049999994,91498.45857142845
1763506800,93091.53,93091.53,92654.59,92899.61,7.49451,24.140277499999943,98650.31795,93036.4759999994,91533.16095238083
1763510400,92885.76,92906.32,91893.97,92336.57,11.5716,22.691613499999942,98587.6908,93014.1363999994,91555.78809523796
1763514000,92359.7,92570.45,91864.33,92373.27,9.76755,22.176757999999943,98521.4938,92990.1679999994,91628.927142857
1763517600,92368.48,92785.49,92205.81,92488.94,6.19732,21.238632499999945,98457.90399999998,92962.27119999942,91732.9033333332
1763521200,92488.4,92553.88,91590.01,91821.8,8.73975,19.564754499999943,98392.54354999999,92946.6977999994,91811.03714285702
1763524800,91814.94,91920.72,91106.86,91106.86,13.58008,18.131168999999947,98326.61369999999,92939.5833999994,91927.10142857132
1763528400,91107.91,91208.23,89955.7,90392.64,25.76228,18.203982999999944,98255.9512,92905.7043999994,92042.3938095237
1763532000,90395.68,91057.31,90220.39,90933.32,20.49289,18.567665999999946,98196.97209999998,92870.8119999994,92157.34999999987
1763535600,90930.17,91969.15,90895.68,91821.01,21.73839,18.913860999999947,98136.38424999999,92819.3909999994,92196.55619047607
1763539200,91858,91910.64,91251.72,91431.25,17.03705,18.705233999999948,98072.11744999999,92764.71959999941,92166.32523809512
1763542800,91425.01,91443.74,91040.88,91442.17,17.02199,18.60352549999995,98004.35065,92691.00639999942,92151.78761904749
1763546400,91455.67,91622.69,91167.25,91248.14,10.98201,17.25133949999995,97939.52579999999,92592.34659999941,92171.76714285702
1763550000,91242.06,91743.61,91241.16,91367.02,11.39276,15.349249499999951,97869.63999999998,92512.12179999938,92175.72333333321
1763553600,91372.4,91806.86,91174.34,91722.03,9.70019,13.59280599999995,97795.24759999997,92449.74059999941,92178.39238095225
1763557200,91726.51,91851.29,91172.57,91327.78,11.18134,13.21721199999995,97719.26149999998,92375.3439999994,92172.69761904751
1763560800,91328.5,91775.33,90974.31,91643.62,16.34393,13.32312649999995,97644.05549999997,92293.22899999941,92179.10666666654
1763564400,91639.75,92329.57,89799.07,89868.7,39.46724,14.698207499999949,97573.46159999997,92208.4239999994,92127.32761904749
1763568000,89864.47,90159.04,89373.84,89806.34,34.79804,15.56734349999995,97500.16069999998,92125.3417999994,92027.45047619035
1763571600,89807.02,90044.01,88787.11,89415.52,35.94041,16.77536149999995,97427.35354999999,92049.29079999939,91953.21476190464
1763575200,89414.62,89633.48,88694.92,89098.23,29.97305,17.959118999999948,97350.81889999998,91966.2345999994,91790.2476190475
1763578800,89109.67,89246.01,88456.14,88775.07,28.45813,19.007299999999947,97275.7046,91895.08159999941,91631.86952380941
1763582400,88779.95,89601.34,88504.14,89414.56,32.06222,20.031830999999947,97205.89399999999,91815.23819999941,91473.7676190475
1763586000,89413.27,90757.91,89358.23,90513.04,29.29628,21.00826749999995,97136.64124999999,91718.3901999994,91315.72333333323
1763589600,90509.2,90549.03,90010.32,90384.02,7.33026,21.06491449999995,97068.83169999998,91629.5599999994,91110.47095238084
1763593200,90402.45,91496.03,90402.45,91474.55,14.20985,21.33841949999995,96994.50465,91527.63879999942,90944.51619047608
1763596800,91449.02,92210.14,91102.65,91788.77,11.60969,21.23989999999995,96918.03525,91450.34339999942,90857.68142857132
1763600400,91812.41,92616.83,91729.36,92501.93,13.9393,20.64875099999995,96840.4012,91390.11999999943,90762.95523809514
1763604000,92497.02,92711.08,92233.84,92494.86,10.05292,20.126752499999952,96760.11825,91370.91439999941,90714.65095238085
1763607600,92510.42,92628.19,92270.22,92347.36,9.59112,19.519388999999954,96677.5887,91343.58299999943,90713.07809523799
1763611200,92340.23,92888.66,92039.99,92876.66,14.79092,19.40708249999995,96602.091,91338.00359999941,90779.5099999999
1763614800,92886.28,93071.96,92485.3,92530.36,7.24405,18.91818549999995,96532.62485,91332.01299999941,90879.61571428561
1763618400,92520.7,92772.92,91596.02,91874.02,10.7775,18.90795999999995,96461.64164999999,91341.91339999942,90946.95095238085
1763622000,91858.87,92358.99,91708.23,92240.78,11.61884,18.91926399999995,96401.81019999999,91352.9707999994,90997.2199999999
1763625600,92244.21,92308.22,91955.42,92039.54,10.52902,18.960705499999946,96343.7488,91368.9289999994,91049.55857142847
1763629200,92045.54,92045.63,91342.18,91834.92,15.91652,19.197464499999946,96289.62735000001,91412.1399999994,91070.12285714275
1763632800,91847.74,91973.43,91502.1,91719.96,12.40825,19.000680499999948,96235.20435,91448.8319999994,91117.39142857133
1763636400,91711.2,91925.87,91401.22,91834.9,10.49895,17.552265999999946,96181.4171,91487.59399999939,91149.41619047608
1763640000,91833.29,91903.94,91592.35,91742.48,12.29212,16.426969999999947,96132.0459,91531.05359999937,91154.79190476179
1763643600,91761.62,92485,91398.27,91440.69,35.60137,16.410017999999944,96081.68405000001,91583.68999999939,91173.46714285703
1763647200,91461.32,91637.18,90332.63,91011.39,36.27145,16.724937999999945,96026.23195,91614.71779999937,91182.5757142856
1763650800,91021.86,91096.85,89750.36,89788.66,30.20635,16.812348999999948,95972.21919999999,91628.56719999938,91271.80333333321
1763654400,89788.92,89829.2,87386.38,87797.62,76.98617,19.058546499999945,95918.19955000002,91640.49299999938,91349.6295238094
1763658000,87771.78,88078.98,86288.53,87172.65,93.73191,22.280327999999948,95861.22755000001,91647.31379999936,91425.62333333322
1763661600,87171.89,87712.2,86249.51,86412.01,40.56615,23.942122499999947,95804.2215,91649.16419999936,91458.50095238083
1763665200,86407.11,87055.48,86023.95,86828.56,36.57758,25.060508999999946,95746.93414999999,91641.66959999935,91411.9557142856
1763668800,86831.55,87049.25,86206.77,86348.86,35.71933,26.265990999999946,95689.549,91610.08819999936,91305.19809523798
1763672400,86352.4,87623.99,86320.65,87234.56,25.24675,26.831363499999945,95629.8076,91541.39199999934,91109.91095238084
1763676000,87177.18,88182.92,87118.01,87983.18,20.87082,27.372258499999948,95567.91870000001,91428.65719999933,90940.60333333323
1763679600,87996.38,88099.05,86462.38,86534.12,21.23018,27.954211499999946,95501.239,91288.39339999935,90696.52285714274
1763683200,86518.09,87391.85,86483.98,87178.44,11.51246,27.790288499999946,95419.49449999999,91160.91319999933,90479.6557142856
1763686800,87197.07,87365.61,86750.34,86948.34,11.57652,28.006911999999943,95332.6728,91022.07019999935,90264.47714285704
1763690400,86954.37,86959.34,85280.76,85374.42,36.06149,29.271111499999943,95240.2169,90904.11579999934,89980.63238095227
1763694000,85352.62,86032.27,85352.62,85729.58,16.38964,29.509651499999944,95149.09554999998,90809.06619999935,89734.49333333323
1763697600,85716.91,86035.83,85305.94,85975.88,13.38639,29.652519999999946,95055.87779999999,90691.40539999933,89452.19238095227
1763701200,85962.85,86291.62,85741.19,86107.44,19.26595,29.819991499999947,94966.8479,90573.26679999933,89111.43333333323
1763704800,86113.63,86171.16,85407.85,85474.67,20.7329,30.236223999999947,94886.9012,90454.24139999933,88818.84095238085
1763708400,85466.52,85660.57,81708.69,83924.01,140.75705,36.74912899999995,94808.60685000001,90314.99839999934,88520.51238095228
1763712000,83920.35,84644.79,81456.32,83528.12,68.55583,39.56231449999995,94737.23285,90182.12459999934,88238.03142857132
1763715600,83528.54,83883.57,81992.66,82104.11,56.28025,40.596258499999955,94663.12135,90051.86339999935,87935.16238095227
1763719200,82085.24,82808.65,81517.73,82608.19,70.74315,42.319843499999955,94582.17700000001,89937.57619999934,87563.92666666656
1763722800,82619.91,83232.22,82072.32,82205.57,48.60571,43.23981149999996,94504.27955,89824.93239999934,87168.36571428562
1763726400,82226.53,83487.75,80522.72,83171.6,99.57828,44.369416999999956,94426.36475,89695.55979999932,86709.39571428562
1763730000,83171.84,84344.27,83020.75,84030.79,65.12593,42.93911799999996,94347.14545,89547.45579999933,86288.80047619037
1763733600,84028,85432.86,83466.23,84788.03,62.68126,44.04487349999995,94264.4616,89353.11779999932,85869.47571428563
1763737200,84813.08,85039.87,82671.22,82844.78,64.52228,45.442108499999954,94175.7198,89176.65659999933,85554.37761904753
1763740800,82849.95,84864.58,82240.32,84864.58,51.64791,46.23853749999996,94084.07244999999,88991.92459999934,85375.00476190467
1763744400,84886.85,85511.75,84540.66,84849.91,40.55082,47.003740999999955,93984.45735,88830.39379999934,85261.45142857134
1763748000,84847.71,85012.97,83229.59,84538.05,43.73832,48.14711599999996,93887.10359999999,88683.66919999933,85091.58333333324
1763751600,84531.13,84995.27,84056.6,84172.56,23.98148,48.28468099999996,93787.36589999998,88544.98919999933,84998.06047619038
1763755200,84164.8,84632.06,83418.64,84526.09,27.28261,49.07318849999996,93692.53834999997,88375.32919999932,84926.68190476182
1763758800,84522.4,85379.78,84325.35,85151.47,17.84813,49.38676899999996,93596.97014999996,88239.74839999933,84798.27666666657
1763762400,85152.52,85363.63,84243.68,84257.81,14.91842,48.32961549999995,93502.99474999995,88139.37259999933,84616.81857142848
1763766000,84253.6,85326.65,84085.93,85108.96,17.75607,48.397936999999956,93399.90134999996,88034.00679999933,84521.19809523801
1763769600,85106.85,85608.45,84560.41,84728.26,17.477,48.60246749999995,93305.77959999995,87929.14759999933,84424.67571428564
1763773200,84730.14,85194.69,84579.52,85158.87,13.10325,48.29433249999995,93216.02514999997,87837.70479999934,84296.55523809516
1763776800,85164.49,85192.58,84273.43,84507.01,10.3088,47.77312749999996,93123.76349999996,87765.23279999933,84283.9142857142
1763780400,84519.62,84596.85,84203.55,84433.47,6.10399,41.04047449999995,93029.95764999997,87662.09779999932,84236.23238095231
1763784000,84439.57,84535.1,83822.03,84234.44,10.81909,38.15363749999995,92936.79299999998,87554.01619999931,84197.32714285706
1763787600,84229.81,84305.57,83866.37,84274.01,7.44393,35.71182149999995,92850.90459999995,87440.90099999931,84121.11619047611
1763791200,84269.99,84784.57,84068.69,84609.85,7.53928,32.55162799999995,92757.87954999997,87314.58739999932,84071.53523809517
1763794800,84602.55,84651.68,84388.72,84579.99,6.60821,30.451752999999947,92676.43314999995,87168.95219999932,84086.31761904754
1763798400,84575.75,84575.75,83948.01,84052.3,14.56641,26.201159499999942,92596.93584999995,87007.58299999931,84121.83619047611
1763802000,84052.29,84371.74,83888.94,83976.35,19.86593,23.938159499999944,92524.42489999997,86842.37459999933,84241.15714285706
1763805600,83979.67,84264.49,83547.39,83746.47,21.98313,21.903252999999943,92454.09199999996,86680.90759999932,84335.05238095231
1763809200,83747.5,84389.78,83641.23,84137.18,13.87519,19.370898499999942,92382.89104999995,86515.57139999932,84422.99190476183
1763812800,84145.6,84213.47,83679.38,83963.78,16.85527,17.631266499999942,92313.58924999995,86356.56399999931,84461.31333333327
1763816400,83958.58,84204.19,83731.03,84006.1,10.47936,16.127693499999943,92241.08854999994,86200.1295999993,84447.7742857142
1763820000,84006.48,84819.14,84004.7,84549.15,15.95905,14.738729999999942,92164.80399999995,86034.8409999993,84416.78142857135
1763823600,84545.12,84626.42,84092.3,84345.97,9.27075,14.003193499999943,92089.32824999996,85868.97959999931,84470.06714285706
1763827200,84345.97,84930.26,84287.1,84713.55,11.54155,13.216140499999943,92014.91779999995,85715.0247999993,84429.18714285706
1763830800,84713.51,84723.59,84413.23,84534.02,7.46314,12.696890999999944,91938.58569999997,85559.90119999931,84414.86523809515
1763834400,84534.02,84662.96,84444.81,84629.26,8.01023,12.351481499999945,91859.21014999997,85403.32519999931,84405.7185714285
1763838000,84622.07,84754.08,84474.48,84575.87,7.91735,11.859545499999944,91784.24764999995,85259.4585999993,84431.47999999991
1763841600,84572.61,84767.58,84235.89,84461.4,11.59718,11.565554499999944,91715.08574999995,85117.56419999931,84431.85761904754
1763845200,84458.48,84512.55,84245.56,84428.7,6.65692,11.243237999999945,91647.46484999996,84991.6073999993,84406.9904761904
1763848800,84431.97,85272.25,84283.81,85099.36,12.6114,11.358367999999945,91582.54984999995,84886.5145999993,84422.1361904761
1763852400,85082.78,85180.89,84688.03,84759.01,7.78943,11.442639999999946,91518.76249999997,84823.14739999929,84391.29999999993
1763856000,84762.01,85329.84,84696.87,84987.94,9.33726,11.368548499999946,91455.68229999994,84771.2117999993,84377.03523809517
1763859600,84988.04,86167.29,84973.72,85917.09,15.51726,11.772214999999946,91394.32939999996,84732.1995999993,84374.20142857135
1763863200,85906.93,86364.78,85701.75,86040.05,20.6931,12.429905999999946,91333.90469999997,84684.20239999931,84386.20142857135
1763866800,86024.65,86345.15,85854.6,86345.15,7.79545,12.489267999999946,91276.27404999995,84659.21239999929,84412.60476190469
1763870400,86351.69,86914.19,86195.04,86610.57,19.87162,12.754528499999946,91222.06779999996,84609.70139999929,84492.73095238087
1763874000,86615.31,86652.56,86076.99,86443.27,8.26702,12.174582999999947,91168.54394999996,84549.79659999929,84576.82809523802
1763877600,86445.65,86600.69,85952.56,85952.92,9.61662,11.556257499999948,91111.78784999996,84537.45599999929,84659.46142857133
1763881200,85952.92,85998.49,85501.39,85870.95,11.38294,11.431644999999948,91051.78099999997,84514.68819999929,84756.15571428563
1763884800,85868.42,86334.14,85857.86,86275.38,16.74492,11.426127499999948,90991.86099999998,84502.62439999929,84870.01142857134
1763888400,86279.7,86673.33,86223.68,86605.21,13.83886,11.594102499999948,90942.44619999998,84527.3473999993,84964.13380952373
1763892000,86608.85,86656.51,86227.42,86242.59,12.97829,11.445064499999948,90897.65509999997,84541.6211999993,85065.29952380943
1763895600,86238.27,86563.12,85999.91,86475.97,12.62313,11.61268349999995,90850.71444999997,84541.16199999933,85167.11857142848
1763899200,86479.24,87057.18,86423.53,86722.17,17.54019,11.912615499999948,90812.32804999995,84536.43219999931,85292.90095238086
1763902800,86711.74,87143.13,86510.97,87143.13,14.6373,12.271323499999948,90769.73584999997,84552.44639999932,85399.40047619038
1763906400,87146.23,87417,86664.61,86721.54,20.51756,12.896689999999946,90724.17104999996,84606.07039999933,85491.15380952372
1763910000,86730.22,87398.21,86626.42,87248.48,17.20463,13.361053999999948,90681.02939999997,84660.35979999932,85604.3061904761
1763913600,87247.81,87671.32,86865.01,86873.69,23.6835,13.965369999999947,90637.10639999998,84747.79699999931,85720.0004761904
1763917200,86878.1,87123,86685.28,86877.11,19.24812,14.594929999999948,90592.21664999997,84830.07659999932,85824.16809523801
1763920800,86877.11,87379.6,86847.71,87126.47,13.45686,14.637202999999948,90541.48124999997,84928.8277999993,85948.89285714278
1763924400,87135.24,87820.96,87075.46,87500.18,20.64772,15.28011749999995,90492.31029999995,84999.82659999929,86058.31285714278
1763928000,87503.31,87878.76,87411.32,87663.23,21.77231,15.901869999999949,90445.78334999995,85064.1803999993,86173.34666666659
1763931600,87673.41,88159.92,87307.14,88154.37,14.75028,15.863520999999945,90400.24354999996,85105.89359999931,86301.81190476182
1763935200,88159.88,88294.19,87641.73,88070.05,23.44644,16.001187999999946,90353.46069999995,85186.5401999993,86416.1366666666
1763938800,88088.85,88160.49,86768.86,86857.52,20.62049,16.642439999999944,90308.40479999995,85231.77799999929,86554.43285714279
1763942400,86865.81,87226.07,85959.59,86756.31,24.11372,16.854544999999945,90263.37924999997,85284.78339999929,86705.21523809517
1763946000,86760.78,87100.87,86412.28,87072.89,17.14856,17.298621999999945,90218.85159999997,85347.28699999928,86807.73714285708
1763949600,87074.42,88076.26,87035.4,87524.02,21.11966,17.873773999999944,90175.00369999996,85426.92319999929,86846.66428571423
1763953200,87525.02,87789.04,87208.83,87462.07,8.30943,17.720098499999942,90134.25659999995,85497.80239999929,86866.24333333327
1763956800,87485.26,87597.7,86442.77,86735.81,10.75109,17.420406999999944,90093.69454999994,85531.92339999929,86888.25857142851
1763960400,86742.31,87834.61,86688.41,87449.92,13.65785,17.411356499999943,90052.68679999994,85581.8933999993,86939.72285714278
1763964000,87470.94,87497.91,86768.49,86874.18,16.14347,17.56961549999994,90011.92924999996,85621.17199999931,87011.58714285708
1763967600,86880.21,87336.61,86680.71,87018.15,12.80751,17.57883449999994,89965.02879999996,85677.0871999993,87052.77095238089
1763971200,87039.95,87043.65,86687.08,86921.87,24.929,17.94827499999994,89918.21019999996,85723.15119999931,87108.70142857137
1763974800,86925.63,86925.63,85800.69,85941.47,24.4417,18.43849499999994,89872.58434999995,85767.7271999993,87121.50952380945
1763978400,85963.83,86179.67,85685.91,86050.51,17.90153,18.30769349999994,89830.15509999996,85828.05619999931,87158.44095238089
1763982000,86043.4,86412.96,85838,86246.43,15.0301,18.19896699999994,89787.57434999995,85880.85099999928,87179.67428571422
1763985600,86237.03,86305.92,85854.37,85986.51,18.78868,17.95422599999994,89745.10794999996,85935.73379999929,87142.49809523804
1763989200,85992.13,86553.28,85948.14,86127.27,15.89726,17.78668299999994,89706.16964999994,85981.9741999993,87090.46857142852
1763992800,86140.74,86637.37,85225.26,86112.08,32.20665,18.72417249999994,89662.74554999996,86009.20379999928,87067.84428571422
1763996400,86126.21,86711.65,85866.29,86584.6,33.80654,19.38211349999994,89619.95699999995,86049.16799999928,87007.75047619041
1764000000,86594.34,87683.29,86594.34,87149.77,39.56322,20.27165899999994,89577.62394999996,86094.56959999926,86972.2066666666
1764003600,87150.52,88446.08,86925,88364.4,32.65795,21.16704249999994,89530.95619999996,86139.37039999929,86935.7766666666
1764007200,88363.25,88722.02,88172.84,88709.61,32.43408,21.61642449999994,89481.60199999996,86179.17219999927,86909.97333333327
1764010800,88698.51,88839.53,88106.41,88341.07,27.91117,21.98095849999994,89433.97634999995,86222.13819999927,86893.2871428571
1764014400,88326.06,89245.1,88326.06,89101.17,31.27434,22.33898949999994,89385.07044999994,86273.70819999928,86926.67619047614
1764018000,89104.15,89154,88736.97,88772.42,15.19902,22.241512499999942,89336.47329999997,86325.72059999927,86953.11619047614
1764021600,88776.57,89084.4,88612.2,88652.51,10.29769,21.70041399999994,89288.25494999996,86406.08919999927,86966.02190476183
1764025200,88641.32,88699.44,88249.31,88303.26,6.78517,21.62420099999994,89240.82849999996,86486.01039999927,87072.86238095231
1764028800,88300.95,88300.95,87879.14,88098.82,11.73991,21.67364199999994,89196.20294999996,86562.15139999926,87168.86761904757
1764032400,88118.57,88222.12,87702.12,87733.4,9.92761,21.487129999999944,89155.12219999997,86651.58959999926,87244.08761904755
1764036000,87748.09,87943.92,87445.23,87908.56,10.27822,21.193867499999943,89116.61194999996,86735.52059999926,87281.19428571423
1764039600,87924.02,88041.26,87541.56,87822.06,6.14754,20.860868999999944,89080.24174999997,86819.34279999927,87311.51571428565
1764043200,87803.95,88513.7,87784.52,88353.26,7.77504,20.003170999999945,89047.03839999996,86896.83399999926,87359.01999999993
1764046800,88349.89,88349.89,87945.86,88137.98,4.19832,18.991001999999945,89013.95809999997,86956.82319999927,87380.85999999994
1764050400,88125.2,88173.96,87808.35,88010.21,9.09914,18.550882499999943,88979.77059999995,87016.31099999927,87425.99714285707
1764054000,88036.19,88070.55,87273.12,87401.64,16.61223,18.629988999999945,88948.76364999996,87074.72339999927,87489.57380952375
1764057600,87395.77,87611.51,86992.17,87022.63,18.38675,18.609892499999944,88918.64544999997,87112.82279999927,87547.48380952374
1764061200,87018.41,87262.75,86692.77,87258.73,19.67915,18.798986999999943,88886.06614999997,87159.08699999929,87645.99523809516
1764064800,87248.47,87464.85,86972.07,87434.87,12.91624,17.83446649999994,88855.93854999999,87194.94359999927,87710.33476190468
1764068400,87429.57,87557.21,87322.7,87383.34,8.9166,16.589969499999945,88825.98884999998,87222.93639999928,87747.29666666659
1764072000,87390.16,87755.06,87390.16,87545.5,17.47224,15.485420499999943,88798.43494999997,87242.10379999928,87807.87857142849
1764075600,87553.73,87766.61,86905.79,87087.21,23.2409,15.014567999999946,88772.84819999998,87263.49799999928,87870.14523809515
1764079200,87095.51,87348.64,86124.16,86751.69,35.09462,15.147594999999948,88742.74664999999,87291.25359999927,87930.68142857135
1764082800,86758.51,87306.47,86214.97,86987.81,26.31081,15.067576999999947,88709.1654,87314.44339999928,87976.43857142849
1764086400,87000,87296.17,86709.76,87120.71,14.0913,14.208424999999945,88668.97859999999,87330.00599999927,87973.45952380945
1764090000,87189.75,88162.02,87035.78,87643.79,21.09533,14.503240499999944,88632.49539999999,87356.06419999927,87896.66380952373
1764093600,87625.84,87840.88,87242.74,87246.21,10.84731,14.530721499999945,88595.70715,87368.28899999928,87814.67333333325
1764097200,87252.23,87353.3,86183.27,86904.81,21.05556,15.244240999999946,88555.99570000003,87368.87939999929,87756.56095238087
1764100800,86904.81,87459.2,86720.45,87386.76,13.39751,15.327120999999945,88519.0004,87365.77299999929,87687.16190476183
1764104400,87381.36,87441.95,86999.25,87040.76,14.15966,15.538723499999943,88479.73610000001,87373.75639999929,87614.48523809515
1764108000,87016.23,87725.9,86586.63,87641.91,11.12203,15.580913999999945,88437.73915000001,87381.66259999928,87531.26142857134
1764111600,87642.24,87893.29,87317.95,87368.29,9.34,15.740536999999943,88394.93860000001,87389.11299999928,87487.61857142848
1764115200,87381.89,87772.09,87346.57,87568.71,7.13215,15.708392499999945,88353.10020000002,87389.66699999929,87437.23476190466
1764118800,87585.18,88236.93,87337.17,87915.62,8.59743,15.928347999999943,88313.71350000003,87394.87279999928,87432.878095238
1764122400,87930.46,88079.39,87654.32,87710.06,6.0977,15.778275999999943,88272.32165000003,87385.68439999929,87407.15095238086
1764126000,87706.99,87888.91,87062.54,87117.78,9.13701,15.404514999999941,88229.44275000002,87385.25799999927,87395.08666666658
1764129600,87122.65,87363.69,86901,87230.36,7.49634,14.859994499999939,88190.37020000003,87369.53639999928,87374.24666666659
1764133200,87229.86,87748.65,87229.86,87521.47,5.16287,14.134180499999939,88156.26965000002,87359.50959999928,87353.86952380945
1764136800,87512.07,87888.55,87458.58,87807.42,6.19372,13.798054499999939,88121.23550000002,87380.67159999927,87311.37285714278
1764140400,87817.37,87972.2,87703.09,87940.47,6.45184,13.674816499999938,88088.79180000002,87399.74659999927,87303.21666666659
1764144000,87941.03,87957.11,87408.32,87432.48,7.82688,13.192548499999939,88055.66390000003,87400.64439999929,87326.97095238087
1764147600,87435.49,87454.57,86766.88,86834.17,16.91478,12.876242499999938,88032.04280000002,87394.77119999929,87353.09904761896
1764151200,86851.43,87084.08,86687.32,86967.54,12.41715,11.742368999999938,88008.46445000003,87395.95919999927,87377.17523809515
1764154800,86962.29,87132.27,86855.92,87121.77,11.92328,11.022992499999939,87986.68675000002,87417.39139999928,87379.51523809515
1764158400,87105.98,87215.53,86358.03,86692.11,23.14284,11.475569499999938,87964.08560000002,87427.2023999993,87345.6423809523
1764162000,86699.59,87152.37,86573.93,87143.19,18.41406,11.34150599999994,87942.92535000002,87438.3683999993,87339.94380952373
1764165600,87121.19,87721.49,86841.01,86935.43,21.78073,11.88817699999994,87921.52095000002,87434.6887999993,87357.56666666658
1764169200,86959.44,87369.79,86694.68,86973.2,23.09089,11.989943499999942,87901.18875000003,87435.6021999993,87343.48571428563
1764172800,86993.6,87942.41,86977.86,87822.31,19.47454,12.29379499999994,87878.64120000003,87459.2081999993,87344.55619047611
1764176400,87822.22,89989.68,87705.79,89855.68,33.22371,13.24699749999994,87855.06480000002,87472.0401999993,87310.82476190467
1764180000,89864.58,90436.08,89710.81,90167.84,31.37646,14.259718999999942,87836.32195000003,87489.9753999993,87297.8242857142
1764183600,90161.58,90233.02,89750.91,89987.7,17.09937,14.647687499999943,87818.45200000003,87508.9537999993,87341.51476190468
1764187200,89966.09,90129.83,89527.1,89890.29,12.95457,14.938808499999942,87802.23295000003,87525.8723999993,87459.0823809523
1764190800,89899.5,90517.07,89839.51,90207.17,18.70405,15.444139499999944,87787.60990000005,87560.07699999929,87607.99095238086
1764194400,90204.07,90689.25,90135.06,90388.52,13.45405,15.811956999999945,87775.24845000004,87625.4985999993,87719.69523809516
1764198000,90411.05,90634.99,90357.77,90515.1,20.2136,16.365786499999945,87758.69680000005,87685.85999999927,87839.7904761904
1764201600,90493.61,90615.01,90106.57,90494.27,14.42444,16.712191499999946,87742.67090000004,87718.32599999927,87965.43142857135
1764205200,90507.57,91258.18,90408.96,91193.08,13.31658,17.119876999999946,87735.75625000003,87741.93959999928,88083.1885714285
1764208800,91191.9,91911.69,90922.93,91391.07,21.78451,17.899416499999948,87729.58825000004,87779.2615999993,88216.76190476182
1764212400,91414.27,91633.34,91079.47,91109.76,8.27116,17.990382499999946,87722.78590000003,87805.00859999929,88377.54714285706
1764216000,91105.83,91380.95,91075.55,91294.99,6.27324,17.912700499999946,87715.30675000005,87839.8621999993,88566.24809523801
1764219600,91287.87,91579.36,90904.73,90990.2,14.88124,17.811023499999944,87709.50395000006,87876.69739999929,88750.51476190469
1764223200,90992.56,91458.47,90989.37,91281.31,9.39241,17.659786499999946,87705.28440000005,87934.4937999993,88907.76904761896
1764226800,91282.09,91570.54,91166.2,91468.54,13.88052,17.757648499999945,87693.81295000005,88000.3387999993,89067.50809523801
1764230400,91474.06,91586.79,91254.82,91545.08,13.54632,17.277822499999946,87679.15830000005,88067.86599999931,89236.92333333325
1764234000,91549.83,91988.88,91522.56,91620.45,20.34203,17.374220999999945,87669.11085000004,88135.59459999931,89448.69190476181
1764237600,91615.65,91822.18,91392.74,91668.72,21.59982,17.365175499999946,87659.61115000006,88198.95739999932,89663.02523809516
1764241200,91675.76,91679.22,91348.88,91422.59,15.04374,16.96281799999995,87649.49855000005,88257.5183999993,89873.65904761897
1764244800,91419.59,91475.5,90959.47,90989.32,18.51748,16.914964999999945,87642.29520000005,88324.12959999932,90108.34190476182
1764248400,90990.25,91096.34,90239.88,90862.46,27.1664,16.61209949999995,87635.16040000005,88394.82699999932,90323.84333333325
1764252000,90860.09,90995.61,90594.3,90800.47,14.85134,15.785843499999947,87626.14010000003,88479.20319999932,90537.51761904753
1764255600,90813.63,91017.41,90665.35,90987.22,8.92863,15.377306499999946,87618.98475000003,88572.12499999933,90728.76142857135
1764259200,90975.9,91600.51,90879.13,91504.5,16.63037,15.561096499999945,87615.02730000002,88655.40219999934,90873.5304761904
1764262800,91501.29,91661.01,91345.47,91515.61,12.1931,15.235548999999946,87611.26320000004,88726.49119999932,90918.5204761904
1764266400,91517.19,91878.29,91373.82,91825.35,11.02251,15.113971999999947,87607.16210000003,88796.07359999932,90957.53857142848
1764270000,91828.51,91828.51,91540.11,91562.28,8.46223,14.526403499999947,87605.16605000003,88861.17299999931,91029.76714285706
1764273600,91561.72,91625.6,91430.67,91464.57,10.3531,14.322836499999946,87604.57835000003,88939.17319999932,91107.16333333326
1764277200,91472.45,91623.38,91247.46,91437.29,8.75297,14.094655999999947,87606.92745000003,89034.22939999933,91184.21952380944
1764280800,91437.65,91609.45,91147.27,91354.06,7.28276,13.369568499999946,87606.26320000002,89124.78539999932,91240.11285714277
1764284400,91365.68,91607.98,91251.24,91359.31,5.74852,13.243436499999945,87602.09425000002,89218.87819999931,91285.32571428565
1764288000,91364.04,91442.28,91096.04,91222.89,6.17904,13.238726499999945,87602.46050000004,89297.24799999932,91330.23142857135
1764291600,91239.11,91239.12,90820.5,90828.45,8.57987,12.923657999999943,87602.82770000004,89381.61519999933,91337.89714285705
1764295200,90821.42,91159.65,90687.15,91102.89,9.56899,12.932486999999943,87605.71375000004,89472.26479999932,91336.38476190467
1764298800,91091.88,91325.02,91017.04,91235.31,4.96235,12.486578499999943,87606.69005000005,89551.61079999933,91341.77190476182
1764302400,91225.76,91518.21,91133.71,91456.48,4.08331,12.013427999999944,87605.40275000004,89637.98179999931,91319.55571428563
1764306000,91451.18,91729.24,91327.06,91634.92,9.49744,11.471198499999945,87605.95030000003,89709.60139999932,91324.92190476181
1764309600,91593.07,91593.07,91165.63,91325.29,9.07542,10.844978499999945,87604.50250000003,89778.80459999932,91322.73142857135
1764313200,91317.83,91583.43,90854.87,90910.36,11.79707,10.682644999999944,87611.95555000003,89849.48819999934,91322.15714285706
1764316800,90888.22,91698.97,90888.22,91678.78,16.14461,10.564001499999943,87619.03830000004,89915.88199999933,91326.43523809516
1764320400,91705.07,91890.9,91467.46,91621.34,16.79002,10.045182499999942,87626.10295000003,89990.81039999932,91312.37999999992
1764324000,91606.68,91916.41,91496.63,91905.15,13.55345,9.980287999999943,87636.12625000003,90081.15319999933,91276.26761904753
1764327600,91906.17,92088.82,91118.85,91501.13,20.84342,10.576027499999944,87648.42745000005,90163.05179999933,91288.46714285706
1764331200,91461.08,91752.72,91444.29,91562.06,13.25984,10.407500999999943,87658.63705000003,90230.82959999931,91318.56333333325
1764334800,91584.22,92669.86,91424,92410.72,30.58807,11.327249499999944,87664.24645000004,90308.25679999933,91368.21523809514
1764338400,92449.56,93150.55,91874.75,92305.29,51.80533,13.366390499999943,87668.95280000003,90381.87419999932,91401.57999999991
1764342000,92309.27,92850.57,92016.35,92446.09,28.65735,14.376146499999944,87666.13185000002,90471.3275999993,91428.95333333325
1764345600,92421.29,92421.29,90964.44,91026.36,33.9224,15.554611499999945,87665.58190000003,90564.66679999932,91472.10666666657
1764349200,91022.3,91281.53,90300.62,90784.21,35.34067,16.883996499999945,87661.17895000002,90656.55719999934,91509.71047619039
1764352800,90758.27,91050.89,90517.73,90935.02,17.31083,17.385399999999944,87658.23040000001,90762.33619999934,91539.26952380943
1764356400,90934.23,91257.01,90931.01,91176.44,9.62646,17.579296999999947,87653.99925000001,90874.59979999933,91513.74952380944
1764360000,91165.37,91251.77,90897.26,91230.45,5.60964,17.55082699999995,87647.42625000002,90980.65779999935,91481.35142857133
1764363600,91235.97,91281.74,90915.11,90915.11,5.8218,17.412923499999945,87646.82805000004,91062.47639999933,91457.43380952373
1764367200,90923.19,91205.88,90747.48,91156.66,6.46014,17.25748099999995,87648.98440000003,91138.69659999933,91448.97571428564
1764370800,91167.05,91244.46,90951.43,90955.98,3.25843,17.172284999999945,87650.01095000004,91200.95079999934,91442.83952380944
1764374400,90957.45,91050.6,90828.67,90959.57,3.20778,17.128508499999946,87644.94505000004,91227.36599999933,91428.18333333325
1764378000,90959.31,91191.37,90869.08,90952.63,2.82972,16.795122499999948,87639.69150000004,91248.61819999933,91443.8123809523
1764381600,90957.18,91014.51,90622.23,90876.66,4.28989,16.55584599999995,87635.76680000006,91267.16639999933,91436.81666666658
1764385200,90875.14,90936.12,90737.76,90748.06,1.53424,16.04270449999995,87632.47450000005,91292.49379999934,91423.6861904761
1764388800,90748.07,90990.39,90624.61,90982.94,2.11729,15.34133849999995,87629.91435000004,91307.46999999933,91399.69333333324
1764392400,90978.74,90998.02,90806.69,90828.7,3.48333,14.67600399999995,87627.28645000006,91318.89099999935,91363.58571428563
1764396000,90836.27,90908.27,90377.03,90636.31,8.29578,14.413120499999948,87628.01280000005,91327.64159999933,91336.09857142849
1764399600,90636.3,90724.58,90455.57,90649.01,3.77221,13.559559999999948,87633.84940000005,91335.28939999934,91339.55476190468
1764403200,90616.13,90834.52,90567.58,90714.13,4.957,13.144417999999948,87649.65915000006,91326.38899999933,91299.07476190467
1764406800,90710.1,90751.95,90603.56,90663.24,5.02308,11.866168499999947,87668.55905000007,91318.22639999933,91252.16857142848
1764410400,90663.25,90757.55,90482.04,90662.96,5.73595,9.562699499999948,87690.88230000008,91312.60519999935,91192.35238095229
1764414000,90662.92,90800.58,90574.91,90795.18,3.87202,8.323432999999948,87710.47980000007,91299.43159999933,91154.87619047609
1764417600,90786.31,90930.14,90649.43,90737.94,3.83387,6.819006499999946,87733.65020000009,91292.60779999933,91112.07523809516
1764421200,90737.94,90928.47,90711.9,90893.29,6.75018,5.389481999999946,87751.6209000001,91281.26419999934,91028.84857142849
1764424800,90886.21,90886.21,90716.49,90728.67,3.06473,4.677176999999946,87764.88655000008,91265.15819999934,90956.93857142849
1764428400,90728.67,91214.89,90728.67,91181.75,7.24057,4.5578824999999465,87785.46100000008,91247.51579999932,90875.598095238
1764432000,91168.11,91270.07,90980.83,91115.58,3.05793,4.430296999999947,87803.13945000009,91231.01039999934,90869.26142857135
1764435600,91116.04,91136.23,90554.85,90554.85,6.48284,4.463348999999947,87821.71395000009,91212.39479999934,90866.61666666658
1764439200,90554.84,90844.42,90279.53,90823.54,13.9712,4.838901999999947,87848.15665000008,91201.80879999936,90878.36571428564
1764442800,90832.63,90954.17,90717.14,90771.29,5.7069,4.961325499999947,87873.48465000009,91196.59579999936,90875.46761904753
1764446400,90753.28,91162.57,90529.67,91089.15,6.41597,5.121734999999947,87897.2949500001,91202.98159999934,90843.2961904761
1764450000,91133.29,91162.92,90928.27,91118.75,4.69442,5.214969999999947,87921.2242000001,91209.28379999935,90838.93571428562
1764453600,91118.75,91118.75,90812,90855.32,3.57628,5.179289499999947,87947.49420000009,91200.63639999935,90820.58476190467
1764457200,90864.38,90999.04,90796.65,90906.28,1.86529,5.1958419999999474,87983.78290000008,91187.01719999936,90826.9261904761
1764460800,90923.9,91042.66,90867.44,90991.93,1.94349,5.187151999999947,88021.72020000007,91172.13079999937,90834.5061904761
1764464400,90986.98,91154.78,90955.72,91010.87,1.93549,5.109759999999947,88063.97390000006,91157.40679999936,90829.87238095229
1764468000,91010.87,91133.59,90851.32,90883.55,1.49626,4.769783999999947,88105.05065000006,91148.53619999938,90831.28285714277
1764471600,90895.07,91022.26,90581.12,91011.6,2.96362,4.729354499999948,88147.87925000006,91136.35119999938,90842.89571428562
1764475200,91011.6,91076.72,90906.18,90962.4,1.49687,4.556347999999948,88187.46700000006,91125.73099999939,90844.22571428561
1764478800,90951.74,90951.74,90771.15,90896.47,1.88761,4.3995744999999475,88222.90680000007,91118.48839999936,90846.83761904752
1764482400,90899.05,91042.91,90819.35,91000.56,1.53971,4.189762499999947,88253.24325000009,91111.51959999937,90864.70857142848
1764486000,90987.57,91146.53,90973.54,91083.39,2.4417,4.118246499999946,88293.55075000008,91104.73279999937,90879.63190476182
1764489600,91084.75,91541.35,91046.53,91297.81,8.68273,4.360689499999947,88324.18750000009,91108.39579999937,90888.31476190466
1764493200,91305.54,91757.8,91237.47,91522.05,11.66203,4.606281999999947,88354.9923000001,91105.58599999937,90904.37761904753
1764496800,91517.53,91582.97,91306.73,91335.81,6.10729,4.758409999999947,88386.7198000001,91098.80919999936,90924.398095238
1764500400,91351.22,91492.11,91108.44,91172.34,6.42695,4.717728999999947,88420.9150000001,91089.69079999937,90948.33285714277
1764504000,91172.34,91630.6,91133.98,91576.02,6.8359,4.9066274999999475,88453.0965500001,91078.66019999939,90985.67142857134
1764507600,91572.56,92106.44,91510.22,91858.87,12.89179,5.227074999999948,88481.82155000011,91078.11059999937,91006.74380952372
1764511200,91859.22,91869.9,91356.37,91591.74,6.70624,4.863826999999947,88515.53530000009,91090.34439999938,91027.87095238085
1764514800,91582.96,91703.9,91416.58,91529.94,4.18177,4.787570499999947,88545.4074500001,91083.48499999936,91046.64571428562
1764518400,91529.96,91946.64,91502.71,91911.77,5.72907,4.753225499999947,88578.2552000001,91074.50499999936,91082.04047619038
1764522000,91914.69,91914.69,91387.04,91576.47,5.62393,4.799700999999947,88610.0711000001,91067.92239999937,91131.41619047608
1764525600,91576.47,91579.56,91237.34,91549.04,7.08345,4.975059499999947,88644.2151000001,91075.07719999937,91165.05428571418
1764529200,91549.05,91581.21,91388.31,91529.12,5.10416,5.137002999999948,88677.90945000011,91075.67079999937,91219.36285714275
1764532800,91526.88,91691.43,91250.03,91378.55,10.59806,5.569731499999948,88714.6173500001,91058.05519999938,91242.56857142846
1764536400,91378.54,91406.68,90966.15,91240.27,9.72,5.958956999999947,88752.5416500001,91050.18479999938,91263.05857142847
1764540000,91231.3,91381.79,91088.75,91290.76,7.27564,6.247925999999947,88787.45110000011,91032.79239999937,91295.14428571418
1764543600,91298.93,91320.06,90379.23,90408.56,17.92434,6.995961999999946,88822.2008500001,91043.24599999936,91317.63333333323
1764547200,90383.89,90460.45,87015.2,87022.35,81.93506,11.017871499999945,88861.49820000009,91058.14419999937,91329.45904761895
1764550800,87010.85,87779.97,86973.79,87202.75,24.76576,12.161778999999946,88899.4988000001,91067.01479999936,91342.78714285705
1764554400,87194.14,87537.14,86502.1,86741.9,17.95586,12.982586499999945,88938.5116500001,91068.29139999938,91320.16857142847
1764558000,86729.46,86827.82,86203.68,86361.44,16.80842,13.700922499999944,88975.4713500001,91069.49759999936,91130.20428571418
1764561600,86351.02,86387.76,85722.62,85822.91,15.8128,14.057425999999944,89012.5452000001,91059.36659999937,90951.17333333322
1764565200,85825.73,86042.92,85632.65,86011.64,13.8728,14.167964499999943,89048.7160500001,90976.68039999936,90753.33666666655
1764568800,86016.82,86396.14,85983.15,86268.53,15.66827,14.646013499999944,89082.42410000009,90901.61579999934,90532.4261904761
1764572400,86287.11,86621.68,86082,86574.94,21.20342,15.384836999999944,89112.7370500001,90817.26239999935,90281.92714285704
1764576000,86549.5,86927.11,86422.14,86914.87,26.34426,16.360254999999945,89124.28105000009,90725.43859999935,90030.20476190466
1764579600,86908.16,86984,86569.95,86739.06,16.39852,16.535591499999946,89137.62470000009,90624.36359999936,89780.03714285704
1764583200,86725.62,86850.23,86570.33,86659.22,14.06113,16.903335999999946,89148.18790000008,90529.63519999936,89553.32904761894
1764586800,86655.51,86717.59,86142.46,86142.46,17.20235,17.55436499999995,89157.1157500001,90435.34699999935,89350.5923809523
1764590400,86157.27,86219.83,84762.12,85445.27,51.72167,19.85399499999995,89163.9233000001,90350.27179999936,89120.26095238085
1764594000,85433.58,86159.66,85371.27,85989.02,31.5091,21.148253499999953,89171.8380000001,90275.84299999937,88872.65857142847
1764597600,85973.71,86701.72,85912.3,86083.46,32.7373,22.430945999999953,89177.6838500001,90197.64399999937,88613.16904761894
1764601200,86131.89,86175.8,83762.32,84679.84,67.85309,25.568392499999952,89186.7635000001,90116.54579999937,88323.42285714275
1764604800,84684.68,85457.63,84029.94,84551.61,47.41315,27.409146999999955,89196.39815000011,90026.13019999936,88041.38714285704
1764608400,84565.34,85259.21,84446.89,84948.82,20.77047,27.961670499999958,89200.5080000001,89921.77639999935,87779.81523809514
1764612000,84946.28,85543.85,84721.71,85185.02,22.89983,28.742879999999957,89203.60385000012,89825.65319999937,87452.71047619038
1764615600,85177.02,85293.31,84599.68,85028.56,16.878,28.69056299999996,89202.59040000009,89732.56359999938,87120.448095238
1764619200,85036.91,85844.76,85020.04,85547.56,31.15528,26.151573999999954,89196.76390000008,89608.29459999938,86814.27047619037
1764622800,85538.12,86529.67,85511.52,86465.01,28.27588,26.327079999999956,89194.49265000009,89484.75339999939,86525.92523809512
1764626400,86444.95,86854.39,86250.91,86581.27,21.67241,26.512907499999955,89195.14535000008,89360.0947999994,86227.72523809512
1764630000,86573.69,86831.95,86254.31,86295.35,8.11105,26.078038999999954,89189.18980000008,89241.48359999938,85996.24904761894
1764633600,86290.7,86665.27,86181.51,86520.98,8.84215,25.729506499999957,89180.57095000008,89130.95779999939,85969.70904761895
1764637200,86514.19,87350.2,86390.68,86487.12,11.58719,25.615225999999957,89172.28900000008,89025.4381999994,85940.11476190465
1764640800,86475.12,86850.56,86267.5,86568.28,10.45225,25.354424999999956,89167.00115000008,88939.31259999938,85918.85047619038
1764644400,86560.31,87107.06,86229.11,86976.61,6.9517,24.641838999999955,89159.76410000007,88849.15499999939,85926.44761904753
1764648000,86980.99,87291.61,86909.08,86982.37,5.69865,23.609558499999956,89153.89105000008,88752.68699999938,85958.07666666659
1764651600,86984.6,87140.03,86831.49,87035.1,5.16833,23.048048999999956,89150.50045000008,88666.00019999938,85984.58333333324
1764655200,87017.33,87212,86871.78,87118.92,11.7596,22.932972499999956,89149.79910000008,88577.61699999937,86018.30142857133
1764658800,87123.43,87160.83,86915.41,87043.5,8.19961,22.482835499999954,89145.03345000008,88489.14399999939,86037.70285714275
1764662400,87062.98,87099.55,86356.3,86484.15,21.78021,20.985762499999954,89143.2699000001,88408.4587999994,86043.42809523799
1764666000,86498.97,87012.78,86478.71,86801.29,13.49859,20.085236999999953,89141.31995000009,88330.4351999994,86061.51666666658
1764669600,86791.89,87616.98,86783.37,87312.55,20.05539,19.451141499999952,89138.52900000008,88250.9051999994,86079.81571428562
1764673200,87302.24,87611.11,87041.89,87388.14,16.03065,16.86001949999995,89135.91115000007,88174.03559999939,86096.08666666657
1764676800,87407.56,87574.47,87225.9,87292.44,14.88939,15.233831499999948,89132.50685000008,88096.9761999994,86160.65904761894
1764680400,87284.95,87921.45,87060.29,87767.81,21.99425,15.29502049999995,89126.91050000006,88006.6479999994,86223.68428571417
1764684000,87770.83,89323.77,87634.01,89317.49,42.97456,16.29875699999995,89122.15485000006,87921.0059999994,86285.81190476181
1764687600,89306.59,91209.34,89306.59,90853.58,70.11113,18.96041349999995,89123.08475000007,87841.30079999939,86410.22142857133
1764691200,90849.67,91278.91,90172.68,90737.7,38.80072,19.342685499999952,89121.72395000006,87758.6225999994,86563.37380952372
1764694800,90747.68,92015.68,90737.38,91465.64,38.36311,19.847046999999954,89120.36595000006,87677.7551999994,86771.40571428562
1764698400,91478.81,92241.49,91381.05,91964.3,31.2669,20.326771499999953,89119.30860000005,87609.6645999994,87041.33714285705
1764702000,91963.69,92337.21,91863.64,91926.43,19.95912,20.919174999999953,89118.93895000005,87564.49399999942,87313.20095238085
1764705600,91960.37,91960.37,90663.3,91021.99,36.02369,22.278251999999952,89121.72210000004,87544.3881999994,87595.01428571419
1764709200,91021.85,91655.94,90970.3,91573.43,17.04797,22.551290999999953,89123.31155000004,87527.30739999941,87856.88523809514
1764712800,91540.31,92018.51,91508.71,92009.7,19.53388,23.005372499999954,89135.52810000004,87526.02139999942,88111.41666666657
1764716400,92009.39,92020.56,91286.6,91301.78,7.59299,23.03743699999995,89154.70525000004,87527.0719999994,88336.49476190466
1764720000,91300.19,91762.15,91012.82,91646.7,9.361,23.220554499999952,89173.78440000005,87534.0711999994,88577.08761904751
1764723600,91689.48,92482.67,91488.83,92250.21,12.11275,23.56777549999995,89201.40525000005,87523.53019999938,88840.06761904752
1764727200,92269,93047.1,92156.34,92821.14,18.41157,23.90037399999995,89230.97420000006,87524.41639999939,89065.47238095228
1764730800,92830.6,93089.27,92607.03,92638.92,6.09843,23.795314999999952,89259.37420000005,87537.0393999994,89287.85761904751
1764734400,92645.38,93473.22,92622.66,93373.35,14.29234,23.420921499999952,89284.55160000008,87538.26959999939,89538.70714285703
1764738000,93351.44,93669.28,93114.58,93654.6,16.49269,23.570626499999953,89311.78240000005,87545.38839999939,89814.23285714275
1764741600,93670.11,93997.8,93176.32,93462.03,23.20732,23.72822299999995,89341.27050000006,87582.2213999994,90077.0899999999
1764745200,93470.56,93502.58,92904.01,93028.24,13.66444,23.609912499999954,89364.85640000006,87698.1971999994,90378.51142857132
1764748800,93043.72,93221.02,92708.36,92792.1,13.26451,23.528668499999952,89387.34105000006,87806.92059999939,90719.96142857133
1764752400,92778.28,93249.89,92736.96,93209.74,17.09969,23.28394049999995,89406.77010000007,87939.54959999939,91037.13952380943
1764756000,93220.52,93443.5,92906.08,92987.41,16.75712,21.97306849999995,89427.32775000008,88085.4127999994,91309.31523809514
1764759600,92985.97,93106.71,92723.91,93072.65,13.19832,19.127427999999952,89448.81700000007,88238.19519999938,91566.64666666657
1764763200,93066.8,93161.21,92741.09,92961.62,13.04854,17.839818999999952,89470.17790000007,88378.52719999939,91848.42285714275
1764766800,92962.88,93306.78,92912.48,93195.87,15.79182,16.71125449999995,89494.58880000007,88508.9985999994,92096.97523809514
1764770400,93205.13,93692.95,91739.46,92381.07,56.80707,17.98826299999995,89518.63640000006,88641.69459999939,92275.79238095228
1764774000,92353.93,93031.12,91983.8,92400.52,27.18316,18.34946499999995,89542.26130000007,88763.1453999994,92376.17523809514
1764777600,92412.94,92777.37,91828.78,92285.78,17.39497,17.41802899999995,89565.72770000005,88889.8171999994,92493.23095238085
1764781200,92285.08,93080.54,92232.94,92989.18,21.14848,17.62305449999995,89593.10940000004,89015.8651999994,92536.82285714276
1764784800,92993.81,93542.07,92411.74,92653.58,21.12663,17.70269199999995,89618.50365000004,89156.93339999938,92557.59523809512
1764788400,92647.54,93125.04,92565.12,93048.81,10.06206,17.826145499999946,89644.75660000004,89295.6493999994,92574.70714285703
1764792000,93053.22,93413.26,92849.61,92993.49,15.23158,18.11967449999995,89667.79840000003,89423.8793999994,92668.38285714274
1764795600,92982.19,93776.28,92871.07,93731.33,13.61078,18.194575999999948,89693.08785000004,89547.9257999994,92719.81857142846
1764799200,93672.88,94177.34,93314.21,93848.02,15.79274,18.063634499999946,89714.94215000006,89714.11259999943,92769.29999999989
1764802800,93830.63,94119.85,93386.33,93450.14,14.01393,18.459409499999946,89739.93655000004,89876.15199999942,92849.85761904751
1764806400,93430.6,93485.63,92676.44,93058.37,14.01566,18.445575499999947,89766.25230000004,90038.1517999994,92949.1257142856
1764810000,93059.96,93759.86,92996.02,93180.9,9.23222,18.082551999999946,89794.90455000004,90194.32119999941,93025.2119047618
1764813600,93213.02,94065.41,93118.26,93967.8,10.62597,17.45348449999995,89820.99810000004,90368.3765999994,93055.16428571419
1764817200,93915.2,94064.42,93393.93,93532.6,11.38353,17.33943899999995,89849.32545000006,90534.3857999994,93075.13809523798
1764820800,93549.03,93594.29,93227.35,93348.68,4.21872,16.88714949999995,89876.56540000005,90674.0883999994,93065.9738095237
1764824400,93351.32,93357.11,92743.45,92971.38,9.76465,16.52039749999995,89909.78600000005,90803.6303999994,93080.88809523798
1764828000,92955.43,93359.8,92834.92,93151,12.35098,16.30009049999995,89945.26765000007,90941.3413999994,93084.24857142847
1764831600,93146.68,93444.36,92887.58,93424.69,11.5143,16.21588949999995,89977.57930000007,91090.2777999994,93099.50761904751
1764835200,90990.23,99000,90990.23,93182.61,0.06461,15.56669299999995,90007.26760000008,91231.18739999938,93108.04476190466
1764838800,93428.3,93512.7,93319.19,93512.7,0.02191,14.778197499999951,90034.95315000007,91366.79539999938,93105.24761904751
1764842400,93574.12,93574.12,93182.61,93182.61,0.0042,11.93805399999995,90068.56110000006,91486.69079999939,93126.07047619038
1764846000,93293.58,93293.58,92134.53,92970.97,0.08592,10.583191999999949,90101.70005000006,91610.06339999939,93131.30666666657
1764849600,92954.53,93120.07,92802.17,93105.39,0.18633,9.722759999999948,90131.50965000008,91737.85519999938,93157.54857142847
1764853200,92828.44,93052.21,91833.91,92534.54,0.0224,8.666455999999949,90161.16275000008,91859.12899999938,93156.91714285706
1764856800,92668.26,92802.16,92001.58,92001.58,0.00597,7.6104229999999475,90188.70820000008,91988.51299999938,93185.00761904752
1764860400,92134.53,93138.62,92134.53,92936.28,0.00306,7.107472999999947,90218.99020000009,92122.48219999937,93218.57285714278
1764864000,92802.17,93030.93,92655.59,92659.19,0.00246,6.346016999999948,90247.05970000009,92245.87579999937,93230.41857142848
1764867600,92287.83,92929.83,92001.58,92267.67,0.44142,5.687548999999947,90275.04510000008,92361.73259999936,93183.38999999991
1764871200,92310.68,92534.58,92002.64,92002.64,0.00176,4.897999999999948,90302.40785000008,92464.66059999939,93196.85190476182
1764874800,92207.09,92363.53,91076.27,92022.99,0.01288,4.197947499999947,90331.67380000006,92558.84339999939,93178.29857142849
1764878400,92134.53,92401.01,91868.82,92401.01,0.00059,3.497193999999948,90361.04895000007,92662.21279999938,93143.73571428562
1764882000,92534.54,92534.54,92134.53,92134.53,0.00111,3.0356384999999477,90386.11430000007,92729.04679999939,93061.41714285706
1764885600,92250.88,92534.53,92250.88,92534.53,0.00181,2.5044304999999474,90407.08510000007,92757.32859999938,92974.51095238086
1764889200,92316.74,92534.53,92172.2,92409.95,0.00217,1.9353624999999475,90432.06415000006,92782.62739999937,92924.55238095229
1764892800,92267.67,92267.67,92267.67,92267.67,0.00007,1.7244299999999477,90458.19770000005,92793.77439999935,92880.55999999991
1764896400,92534.54,92534.54,92448.07,92448.07,0.00034,1.2362144999999478,90485.36520000006,92802.50859999938,92849.78047619038
1764900000,92600.54,92668.25,92426.13,92426.13,0.00291,0.6188109999999478,90510.54070000006,92806.67059999937,92775.59714285706
1764903600,92253.86,92253.86,92134.53,92134.53,0.0021,0.04320099999994775,90535.04680000005,92836.92139999937,92715.3623809523
1764907200,92410.07,92485.13,92001.58,92190.13,0.00545,0.04024299999994775,90563.59130000004,92853.65179999938,92672.4761904761
1764910800,92116.99,92294.06,92001.58,92001.58,0.00349,0.039321999999947746,90588.54800000004,92858.81119999937,92646.51190476182
1764914400,92035.25,92369.58,92035.25,92369.58,0.00142,0.039182999999947746,90616.54350000006,92881.73699999938,92598.10857142849
1764918000,92514.84,92514.84,92514.84,92514.84,0.00095,0.03493449999994775,90643.72725000005,92897.32559999939,92539.3199999999
1764921600,92141.06,92439.6,91868.82,92087,0.09033,0.03013449999994775,90665.95405000004,92895.01199999939,92483.08047619039
1764925200,92030,92030,91084.85,91186.36,0.01892,0.029960499999947755,90678.91600000006,92882.3917999994,92428.64619047611
1764928800,91191.56,91572.71,91191.56,91393.27,0.03198,0.031260999999947754,90690.20745000005,92869.64499999941,92396.84761904753
1764932400,91450.77,91554.62,91239.86,91554.62,0.00679,0.03144749999994775,90700.94160000003,92849.56959999939,92354.75380952373
1764936000,91554.62,91554.62,91144.75,91246.93,0.00165,0.031406999999947754,90712.44080000004,92826.7743999994,92263.37142857135
1764939600,91162.18,91246.93,90551.71,90551.71,0.00623,0.009647499999947757,90721.41285000005,92799.2737999994,92209.02523809516
1764943200,90396.78,90664.05,90061.15,90293.28,0.04823,0.011970999999947756,90731.31815000005,92762.4361999994,92187.74142857135
1764946800,90397.67,91436.96,90328.68,90331.81,0.36471,0.029562499999947756,90741.31685000006,92734.45959999938,92107.29619047612
1764950400,90553.29,90553.29,88228.33,89045.17,0.14629,0.036847499999947755,90749.28050000005,92701.35719999939,92006.93999999992
1764954000,88875.13,89124.7,88749.06,89124.7,0.17869,0.04572649999994775,90749.24690000006,92666.54759999938,91912.92142857134
1764957600,89328.98,89735.26,89170.83,89247.1,0.00273,0.04577249999994776,90749.25790000004,92616.1287999994,91833.35809523801
1764961200,89000,89511.64,89000,89511.64,0.00023,0.04567549999994776,90751.48220000006,92562.76199999939,91691.55714285707
1764964800,89402.68,89476.08,89382.47,89399.07,0.00026,0.045684999999947754,90751.24190000005,92505.48079999941,91535.54238095229
1764968400,89399.07,89527.92,89240.09,89382.47,0.02012,0.04667399999994776,90749.04945000006,92438.7627999994,91398.04571428562
1764972000,89396.23,89782.97,89396.23,89782.97,0.00323,0.04668999999994776,90744.10930000007,92373.2463999994,91254.09857142848
1764975600,89253.49,89610.5,89124.7,89307.57,0.00435,0.046802499999947754,90738.42565000006,92312.47279999942,91110.72333333324
1764979200,89253.49,89253.49,89253.49,89253.49,0.00007,0.046533499999947756,90725.92610000007,92242.92199999941,90973.33285714277
1764990000,89511.64,89741.06,89511.64,89741.06,0.00039,0.04637849999994776,90713.44735000009,92177.83179999942,90846.42333333324
1764993600,89698.52,89700.6,89698.52,89698.85,0.00425,0.046519999999947756,90701.33925000008,92104.50499999942,90697.92047619038
1765000800,89653.51,89759.12,89653.51,89759.12,0.12314,0.05262949999994776,90691.78450000008,92040.29459999941,90560.728095238
1765004400,89684.69,89770.51,89671.11,89770.51,0.1911,0.05766799999994776,90683.83325000008,91951.8193999994,90444.10571428562
1765008000,89652.02,89652.02,89382.47,89382.47,0.0011,0.056776999999947765,90676.43330000009,91859.92879999941,90334.45190476181
1765011600,89511.64,89511.64,89511.64,89511.64,0.00007,0.05518149999994777,90671.3458000001,91785.74719999942,90210.14428571418
1765015200,89540.75,89540.75,89540.75,89540.75,0.00098,0.054890999999947766,90662.94755000008,91718.55679999942,90079.46190476179
1765018800,89664.78,89735.61,89650,89720.63,0.00056,0.05483649999994776,90651.69250000009,91650.12119999941,89950.67476190465
1765022400,89644.9,89719.01,89616.51,89616.51,0.00039,0.05454449999994776,90642.81975000008,91566.17539999941,89870.92619047608
1765026000,89674.91,89674.91,89674.91,89674.91,0.00097,0.052181499999947756,90632.18725000009,91483.1727999994,89782.71095238083
1765029600,89770.53,90160.27,89770.53,90160.27,0.00049,0.03397049999994776,90623.17145000008,91406.43199999939,89695.37809523797
1765033200,89640.99,89953.67,89640.99,89953.67,0.00539,0.026925499999947755,90614.70115000008,91337.81939999941,89617.73904761893
1765036800,89955.93,89955.93,89480.39,89480.39,0.02252,0.019116999999947752,90604.4270500001,91269.21199999942,89575.98666666656
1765040400,89747.94,89782.37,89672.41,89776.97,0.00377,0.019168999999947752,90595.21495000008,91193.04839999942,89569.65285714275
1765044000,89780.79,89780.79,89700.23,89700.23,0.0017,0.019242499999947753,90586.1221500001,91122.89439999944,89551.64619047607
1765047600,89763.37,89763.37,89573.69,89573.69,0.00125,0.01929199999994775,90578.61085000008,91055.84579999943,89572.37095238084
1765051200,89575.95,89575.95,89575.95,89575.95,0.00056,0.01831399999994775,90572.55115000007,90991.26699999941,89603.4314285713
1765054800,89575.95,89770.5,89495.2,89514.06,0.00133,0.01821899999994775,90565.41125000008,90921.45539999941,89625.00904761892
1765058400,89382.48,89382.48,89382.48,89382.48,0.00108,0.01805549999994775,90560.03605000008,90854.88699999942,89627.96380952369
1765062000,89382.47,89382.47,89253.49,89253.49,0.00074,0.01808899999994775,90552.52200000007,90798.20079999942,89636.38666666656
1765065600,89342.55,89342.55,89244.11,89244.11,0.00108,0.01812349999994775,90541.74935000009,90749.64299999941,89642.65285714275
1765069200,89511.64,89542.57,89427.49,89427.49,0.00114,0.01796799999994775,90534.00775000008,90682.43639999941,89623.5819047618
1765072800,89418.12,89418.12,89418.12,89418.12,0.00151,0.011886499999947751,90527.95710000009,90619.53379999944,89621.00666666655
1765080000,89592.1,89592.1,89592.1,89592.1,0.00107,0.002384999999947752,90517.43165000009,90561.82999999942,89620.5599999999
1765083600,89521.41,89530.69,89521.41,89530.69,0.00333,0.002496499999947752,90507.20470000007,90506.84699999941,89605.62809523797
1765087200,89744.61,90070.51,89744.61,90070.51,0.04001,0.004493499999947752,90495.24925000008,90451.26939999944,89592.2599999999
1765090800,89640.99,89640.99,89382.47,89382.47,0.00014,0.0044514999999477525,90484.65600000008,90391.79899999945,89584.30666666655
1765098000,89294.03,89294.03,89154.44,89154.44,0.00028,0.004437499999947752,90473.11315000009,90337.47079999943,89572.88666666656
1765101600,89414.31,89414.31,89414.31,89414.31,0.0001,0.004422999999947752,90457.28010000008,90278.62219999945,89605.65047619036
1765105200,89316.9,89316.9,89316.9,89316.9,0.00023,0.004385999999947752,90442.89110000007,90221.03699999943,89599.49952380941
1765108800,89252.01,89665.94,89252.01,89554.71,0.04238,0.006480499999947752,90427.75125000007,90177.09379999943,89581.1038095237
1765112400,89392.73,89392.73,88739.43,89121.27,0.01535,0.006978499999947751,90420.57995000009,90115.78179999941,89566.51714285703
1765116000,89055,89055,87973.88,88200,0.03463,0.007583999999947752,90414.31235000007,90050.34799999943,89552.24999999988
1765119600,88483.51,89511.64,88483.51,89511.64,0.38123,0.02645699999994775,90409.98980000005,89995.94359999943,89546.52619047608
1765123200,89550,89770.53,89336.52,89770.53,0.11375,0.03205949999994775,90401.01995000006,89938.47899999944,89497.04999999989
1765126800,89665.76,91115.55,89665.76,90813.61,0.0162,0.03280699999994775,90390.63990000005,89889.54159999944,89413.54190476179
1765130400,91207.89,91603.87,91207.89,91471.69,0.00177,0.03286749999994775,90383.13590000005,89824.57539999945,89415.02999999988
1765134000,91339.69,91565,91195.21,91467.01,0.01897,0.03374949999994775,90373.93710000007,89738.27859999944,89414.72333333323
1765137600,91467.01,91467.01,91432.46,91436.09,0.0036,0.03387549999994775,90366.93075000004,89686.77139999943,89467.74142857132
1765141200,91339.69,91339.69,90160.27,90160.27,0.01389,0.03453299999994776,90357.73925000004,89658.45479999942,89558.12238095226
1765144800,90093.38,90165.53,89253.49,89605.16,0.0254,0.03574899999994775,90343.97610000004,89646.86159999944,89648.17285714274
1765148400,89770.53,90350,89770.53,90350,0.00137,0.03576049999994775,90337.15100000006,89645.20299999943,89739.69809523798
1765152000,90337.62,90421.04,90337.62,90421.04,0.00055,0.03571249999994776,90332.26335000005,89649.60459999944,89776.7357142856
1765155600,91207.89,91800,91076.27,91076.27,0.00794,0.036055999999947755,90331.41670000003,89667.29219999944,89793.4819047618
1765159200,90967.24,91329.76,90967.24,91309.35,0.00247,0.03601299999994775,90334.63165000002,89664.63199999943,89846.14333333322
1765162800,91339.69,91339.69,91221.28,91222,0.00065,0.03404499999994775,90338.78515000004,89650.09899999942,89893.45523809514
1765166400,91206.18,91206.18,91206.18,91206.18,0.00164,0.03411999999994775,90342.72055000003,89676.19559999942,89972.41476190466
1765170000,91205.51,91433.04,91085.23,91433.04,0.02691,0.03545149999994775,90339.95125000004,89702.12239999943,90054.18857142846
1765173600,91550,91550,91433.35,91433.35,0.00041,0.03546699999994775,90334.66085000003,89738.70579999943,90134.72714285702
1765177200,91603.87,91736.25,91508.43,91620.47,0.00124,0.03551749999994776,90333.09605000004,89774.65999999942,90188.80666666654
1765180800,91868.82,91868.82,91868.82,91868.82,0.00007,0.03340199999994776,90331.22535000004,89811.11859999942,90286.45285714274
1765184400,92134.53,92217.57,91870.83,91870.83,0.0175,0.033509499999947755,90332.91700000004,89847.59279999942,90394.97238095225
1765188000,91923.04,92265.69,91923.04,92265.69,0.03017,0.033286499999947754,90334.99730000005,89880.59419999942,90500.02761904748
1765191600,92158.98,92237.72,92001.58,92224.74,0.0008,0.014264999999947755,90337.46395000003,89923.10979999942,90621.54761904749
1765195200,92001.58,92176.63,91846.14,91883.73,0.0024,0.008697499999947756,90337.58610000003,89970.44939999942,90731.83904761892
1765198800,91883.67,91883.67,91471.69,91614.3,0.00201,0.007987999999947756,90339.17340000003,90013.00459999943,90881.57333333322
1765202400,91471.69,91722.41,90754.46,90754.46,0.00262,0.008030499999947757,90343.56590000003,90056.44419999942,91073.2276190475
1765206000,90813.61,90813.61,89644.4,90030.17,0.08375,0.011269499999947757,90347.55055000006,90106.57559999941,91186.18428571417
1765209600,89900.26,90030.17,89641.04,90030.17,0.00215,0.01119699999994776,90353.03820000004,90155.66019999942,91273.98285714274
1765213200,89900.26,90030.18,89900.26,90030.17,0.10452,0.01572849999994776,90356.94660000004,90205.68539999942,91271.16619047607
1765216800,90421.04,90421.04,90290.57,90290.57,0.00111,0.01451399999994776,90362.68130000004,90247.73859999941,91202.52238095226
1765220400,90228.91,90290.57,90110.56,90110.56,0.01352,0.01512149999994776,90369.52840000004,90272.01279999941,91134.1014285713
1765224000,90421.04,90457.52,90421.04,90457.52,0.00031,0.015109499999947758,90374.41565000004,90278.20359999941,91067.15285714275
1765227600,90829.15,91207.89,90829.15,91207.89,0.00055,0.014739999999947758,90377.52750000004,90286.47679999942,91073.35761904751
1765231200,91076.27,91076.27,90909.47,90909.47,0.00033,0.014632999999947757,90376.24545000003,90293.58199999943,91097.42428571418
1765234800,90698.99,90698.99,90692.04,90692.04,0.00021,0.014610999999947758,90371.97855000004,90296.18799999944,91102.54428571418
1765242000,90595.13,90595.13,90117.77,90117.77,0.00034,0.014545999999947759,90367.07140000003,90299.32579999944,91140.01333333322
1765245600,90238.7,90380.01,90117.77,90380.01,0.01087,0.01374399999994776,90362.41025000002,90318.86839999945,91132.07047619036
1765249200,90030.17,90030.17,90030.17,90030.17,0.00007,0.013726999999947758,90359.38075000001,90347.48679999943,91102.67476190465
1765256400,89837.57,90030.17,89640.99,90030.17,0.00041,0.013685499999947759,90354.93075000001,90371.67159999945,91050.09238095226
1765260000,90030.17,90030.17,90030.17,90030.17,0.00007,0.013685499999947759,90351.80140000003,90394.03859999943,91010.75095238083
1765263600,90219.87,90421.04,90219.87,90421.04,0.00089,0.012854999999947759,90351.35180000002,90404.87499999945,90943.94761904751
1765267200,90571.77,90608.3,90571.77,90574.68,0.00872,0.011782499999947758,90348.28890000003,90422.19399999945,90877.12952380942
1765270800,90412,90412,90290.57,90290.57,0.00113,0.011798999999947758,90345.07005000002,90435.14779999945,90801.40095238083
1765274400,90066.58,90247.89,90030.18,90247.89,0.00108,0.011732999999947757,90339.79720000004,90450.68139999945,90732.45904761893
1765278000,90278.19,90278.19,90019.7,90019.7,0.00365,0.011814999999947756,90333.81715000003,90466.40259999946,90670.73761904749
1765281600,90381.01,90645.63,90381.01,90645.63,0.00484,0.011925999999947756,90324.67365000004,90486.27359999945,90576.68428571416
1765285200,90600.84,90772.05,89929.42,90407.68,0.01489,0.008482999999947758,90316.86580000006,90509.40479999947,90482.54857142844
1765288800,90421.04,90551.29,90211.8,90211.8,0.02867,0.009808999999947757,90309.36695000005,90523.37419999945,90393.78523809511
1765292400,90421.04,92842.18,90421.04,92747.5,0.01835,0.005500499999947757,90301.91330000004,90537.71819999946,90347.65809523796
1765296000,92936.28,95738.76,92802.18,94323.43,2.76083,0.14348649999994775,90296.90435000004,90536.70199999945,90331.14476190464
1765299600,94323.43,94593.87,93551.82,93551.82,0.18755,0.15218799999994775,90290.61200000005,90561.96519999945,90339.79380952369
1765303200,93910.32,94288.04,93745.02,94176.94,0.00186,0.15226549999994776,90284.20585000004,90587.02999999945,90469.19047619034
1765306800,94016.15,94115.81,93745.02,93745.02,0.00413,0.15244449999994775,90277.41160000004,90602.97979999943,90673.6314285713
1765310400,93691.28,93691.28,92999.92,93456.99,0.23859,0.16435749999994775,90274.43840000004,90671.59179999941,90828.92904761892
1765314000,93180.65,93180.65,92388.01,92534.54,0.00961,0.16482749999994775,90270.02300000004,90766.96619999943,91022.56619047605
1765317600,92668.26,93265.61,92668.26,93265.61,0.0267,0.16614549999994774,90269.03920000004,90855.57719999943,91179.11380952367
1765321200,92808.86,93308.02,92677.29,92701.44,0.00474,0.16583899999994772,90297.66495000005,90975.11599999941,91286.21380952367
1765324800,92534.54,92534.54,92134.53,92134.53,0.0058,0.16612549999994772,90333.26835000004,91059.78359999944,91363.59809523796
1765328400,92267.67,92267.67,92026.67,92026.67,0.05419,0.16881449999994774,90367.31795000004,91133.51279999943,91486.1490476189
1765332000,92267.67,92401.01,92267.67,92401.01,0.00014,0.16881799999994773,90406.39545000004,91167.93139999945,91609.18095238082
1765335600,92534.54,92534.54,92129.46,92483.46,0.02642,0.17009449999994772,90446.00600000004,91203.80979999945,91692.72952380938
1765342800,92534.54,94015.08,92534.54,92698.16,0.74902,0.20710949999994774,90483.23275000002,91228.49839999944,91787.80095238083
1765346400,92668.26,92668.26,92668.26,92668.26,0.00007,0.20705649999994774,90514.56280000003,91242.46719999943,91900.69809523795
1765350000,92565.74,92698.16,92549.91,92698.16,0.00049,0.20702699999994775,90548.01615000004,91279.79519999944,92017.52142857129
1765353600,92802.17,92802.17,92700,92700,0.00125,0.20690699999994772,90576.94900000004,91335.71219999944,92125.95571428558
1765357200,92642.03,92802.17,92511.02,92802.17,0.00917,0.20712349999994775,90603.92635000002,91378.38139999945,92225.64999999986
1765360800,92936.28,93205.08,92228.66,92419.75,0.00616,0.20668699999994775,90630.7636,91423.92379999945,92340.29714285702
1765364400,92334.58,92431.53,91835.23,92128.36,0.01912,0.20620949999994775,90662.05635000001,91455.76359999945,92457.06428571415
1765368000,92251.09,92251.09,91880.38,92051.07,0.00975,0.20577949999994777,90697.24730000002,91483.53979999945,92589.56285714272
1765371600,92023.68,92226.07,92010.92,92105.37,0.00711,0.06809349999994778,90730.79300000002,91513.09979999944,92674.04476190463
1765375200,92104.92,92105,91683.89,91841.77,0.16335,0.06688349999994778,90763.71700000003,91545.01959999943,92755.98190476178
1765378800,91842.91,92164.25,91722.79,91978.02,0.16367,0.07497399999994778,90803.80860000003,91564.75379999945,92843.56619047606
1765382400,92061.32,92573.36,92017.51,92317.69,0.0107,0.07530249999994779,90844.55055000003,91578.65399999944,92812.98857142843
1765386000,92258.04,92636.73,92220.17,92465.24,0.20083,0.07341449999994779,90883.81730000004,91587.26599999944,92694.81428571415
1765389600,92413.82,93045.33,92095.49,92534.54,0.00925,0.07339649999994778,90919.99095000005,91591.99699999944,92619.87142857129
1765393200,92668.26,93167.32,91868.82,92941.98,0.03754,0.07393849999994778,90955.48995000003,91591.41579999943,92531.33571428558
1765396800,92779.84,94489.37,92392.25,92474.31,0.45466,0.09643449999994778,90988.00750000004,91585.66239999946,92470.39380952368
1765400400,92474.83,92668.26,91958.24,92668.26,0.0039,0.09633949999994779,91016.20930000005,91587.52139999944,92426.46761904749
1765404000,92441.81,92668.26,92162.75,92580.56,0.05379,0.0963194999999478,91042.51180000005,91599.15159999946,92445.8695238094
1765407600,92532.7,92532.7,92001.59,92001.59,0.02145,0.09738499999994779,91070.92515000004,91617.55639999946,92408.18857142844
1765411200,92093.63,92106.24,91250.37,91428.58,0.04502,0.09831499999994779,91099.90870000004,91661.30679999945,92406.60857142844
1765414800,91339.69,91339.69,90813.61,90813.61,0.00598,0.0611629999999478,91129.79930000006,91710.18959999944,92427.84809523796
1765418400,90692.57,90692.57,89985,90090.22,0.00863,0.06159099999994779,91159.63060000005,91762.95139999945,92426.65380952368
1765422000,89892.68,90030.17,89563.64,89866.04,0.00281,0.06170699999994779,91189.45745000005,91813.95919999944,92380.34761904748
1765425600,89869.47,90421.04,89763.02,90421.04,0.00172,0.061730499999947785,91216.91715000004,91848.17959999945,92300.83095238081
1765429200,90399.16,90399.16,90152.83,90212.48,0.0125,0.061896999999947785,91245.08295000004,91874.53999999944,92176.6433333332
1765432800,90300.69,90653.34,90030.17,90290.57,0.11971,0.06757449999994779,91272.39115000005,91881.66179999943,92043.20428571415
1765436400,90178.68,90301.73,90160.27,90301.73,0.00029,0.06663299999994779,91297.18160000005,91859.30839999944,91934.76999999986
1765440000,90284.04,90284.04,90021.12,90209.67,0.00276,0.06628349999994779,91321.90375000006,91838.43979999944,91816.31666666653
1765443600,90260.17,90520.25,90197.05,90207.57,0.00475,0.0661654999999478,91341.96535000006,91833.01979999944,91696.71666666653
1765447200,90333.14,90341.96,90207.02,90257.73,0.01665,0.05883049999994779,91355.85370000007,91834.91399999947,91595.85857142844
1765450800,90421.04,90422.64,90290.57,90290.57,0.02035,0.0516644999999478,91368.24320000006,91833.12519999946,91504.49238095224
1765454400,90216.59,90380.8,90160.27,90160.27,0.00119,0.051188999999947804,91383.88620000005,91838.55639999945,91416.70666666652
1765458000,90066.85,90119.76,90030.17,90119.76,0.00108,0.0412014999999478,91396.10955000005,91842.14639999944,91328.72380952367
1765461600,90252.49,90483.55,89373.52,89605.96,0.01321,0.0413994999999478,91400.97495000005,91845.69439999945,91254.85714285701
1765465200,89567.59,90551.71,89511.64,89983.68,0.41457,0.0602509999999478,91398.21570000006,91842.42819999946,91168.29761904747
1765468800,89828.25,90120.13,89382.47,89720.85,0.01311,0.03817349999994779,91395.57555000005,91836.74599999946,91063.63428571414
1765472400,89900.26,90160.27,89900.26,90047.63,0.00082,0.03801949999994779,91389.28520000006,91834.13999999946,90927.47809523795
1765476000,90250.45,91038.89,90242.29,90649.25,0.07817,0.03923849999994779,91380.75235000005,91831.57739999944,90806.00857142842
1765479600,90813.61,91426.25,90682.57,90807.81,0.08352,0.042341999999947796,91372.57305000005,91823.30259999946,90652.62142857129
1765483200,91207.89,91736.25,91076.27,91736.25,0.0137,0.0407759999999478,91368.26445000005,91810.06359999944,90537.06523809509
1765486800,92000,93583,92000,92950.62,0.05937,0.043445499999947804,91360.99610000005,91796.32699999945,90440.92190476175
1765490400,93191.07,93191.07,92239.2,92288.4,0.0044,0.0432339999999478,91348.97740000003,91793.04359999945,90356.5052380951
1765494000,92607.61,92802.17,92527.91,92530.57,0.00868,0.0435274999999478,91342.38690000006,91751.07859999944,90343.86999999985
1765497600,92486.79,92486.79,91599.96,91599.96,0.01182,0.0440324999999478,91332.75765000004,91680.76619999943,90416.34809523795
1765501200,91736.25,92267.67,91736.25,92267.67,0.0005,0.0434324999999478,91321.74475000006,91644.45479999942,90486.57619047604
1765504800,92001.58,92668.26,92001.58,92668.26,0.00882,0.037887999999947804,91310.88530000007,91619.92839999942,90602.78333333318
1765508400,92626.52,92672.41,92261.48,92261.48,0.05419,0.0405829999999478,91301.72975000007,91590.79599999942,90685.3509523808
1765512000,92401.01,92401.01,92401.01,92401.01,0.00007,0.040448499999947804,91293.54425000006,91572.26759999942,90773.28571428556
1765515600,92143.02,92143.02,92143.02,92143.02,0.00163,0.0402924999999478,91290.02435000007,91553.57599999942,90890.22761904747
1765519200,92534.54,92668.26,92534.54,92581.24,0.00654,0.039786999999947795,91284.15620000004,91533.61719999941,90984.08047619031
1765522800,92507.95,92507.95,92507.95,92507.95,0.00054,0.038796499999947796,91281.66785000004,91532.95359999941,91084.04619047603
1765526400,92249.71,92367.06,92249.71,92367.06,0.00059,0.038766499999947794,91275.70715000003,91535.49259999942,91176.11047619033
1765530000,92293.34,92534.54,92229.5,92534.54,0.001,0.0387624999999478,91270.99680000004,91542.97939999941,91289.14238095221
1765533600,92597.16,92597.16,92470.99,92470.99,0.10453,0.0433284999999478,91269.40105000003,91537.8195999994,91396.29571428556
1765537200,92399.44,92399.44,92388.01,92397.69,0.00028,0.0226139999999478,91265.34520000004,91539.77519999942,91495.17619047602
1765540800,92378.88,92464.59,92142.14,92464.59,0.00521,0.0222189999999478,91262.54215000004,91535.97099999942,91608.2366666665
1765544400,92406.11,92406.11,92343.7,92343.7,0.00169,0.022262499999947803,91257.27790000004,91529.94699999942,91720.19999999984
1765548000,92341.17,92668.26,92001.58,92553.11,0.02896,0.0198019999999478,91258.27875000006,91526.67459999942,91853.13952380937
1765551600,92483.2,92483.2,90030.17,90030.17,0.0252,0.0168859999999478,91258.81590000006,91522.09439999942,91971.27809523794
1765555200,90030.17,90421.04,89640.99,90030.17,0.03092,0.0177469999999478,91259.22230000007,91514.00479999941,92096.17571428555
1765558800,90421.04,90551.71,90030.17,90063.66,0.0151,0.015533499999947803,91256.94910000006,91514.9015999994,92215.48428571413
1765562400,90248.03,90585.66,90248.03,90551.71,0.00505,0.015565999999947802,91256.03615000006,91519.20839999942,92186.00428571412
1765566000,90290.57,90322.29,90160.27,90322.29,0.00539,0.0154014999999478,91252.78055000007,91529.24919999941,92148.97380952365
1765569600,90208.82,90322.29,90063.66,90063.66,0.0456,0.0170904999999478,91250.13605000007,91487.74519999942,92069.3266666665
1765573200,90293.73,90301.33,90293.73,90294.05,0.00038,0.0170844999999478,91243.19790000009,91451.51319999942,91955.0928571427
1765576800,90303.27,90414.65,90303.27,90335.84,0.01112,0.0171994999999478,91236.72335000009,91413.22599999941,91861.46857142841
1765584000,90421.04,90450.23,90411.76,90411.76,0.00227,0.0146034999999478,91219.62350000007,91377.90639999943,91743.99666666651
1765587600,90402.24,90402.24,90290.57,90290.57,0.00122,0.014660999999947799,91204.48250000007,91335.04739999943,91681.81047619032
1765594800,90421.04,90421.04,90421.04,90421.04,0.00161,0.014659999999947798,91188.89630000007,91285.62979999943,91589.81857142842
1765598400,90443.57,90443.57,90443.57,90443.57,0.00043,0.014354499999947798,91171.81585000007,91232.67119999943,91482.36619047604
1765605600,90356.36,90357.2,90333.79,90333.79,0.00154,0.014404499999947798,91155.76430000007,91189.90179999942,91388.51333333318
1765612800,90394.91,90583.57,90394.91,90583.57,0.00971,0.0148604999999478,91139.33920000006,91144.77179999942,91294.2290476189
1765620000,90494.77,90527.35,90494.77,90527.35,0.03577,0.0165989999999478,91125.95255000005,91098.97199999941,91213.30285714271
1765623600,90587.09,90587.09,90438.1,90438.1,0.00226,0.0114854999999478,91111.87675000007,91067.36099999944,91106.28142857127
1765627200,90424.74,90424.74,90424.74,90424.74,0.00032,0.0114874999999478,91096.81210000007,91047.66079999944,91014.64428571412
1765630800,90418.26,90418.26,90290.57,90307.52,0.00165,0.0113094999999478,91082.35190000007,91038.06439999944,90927.03904761889
1765634400,90243.76,90243.76,90070.4,90160.27,0.01192,0.0118209999999478,91066.89360000007,91047.93139999945,90827.2085714284
1765638000,90160.27,90160.27,90097.53,90097.53,0.00017,0.010381499999947802,91053.19840000007,91061.15759999944,90729.76809523795
1765641600,90248.46,90248.46,90102.65,90160.28,0.00312,0.009277499999947803,91040.01250000007,91061.49879999943,90630.23619047603
1765645200,90050,90115.67,90050,90115.67,0.0016,0.007811499999947802,91027.40340000005,91065.74399999942,90520.50666666651
1765648800,90118.52,90534.75,90118.52,90534.75,0.0313,0.008621499999947801,91017.36745000006,91066.08299999943,90413.54619047602
1765652400,90243.14,90243.14,90243.14,90243.14,0.00013,0.008375499999947801,91009.55005000006,91063.25379999942,90299.60190476173
1765656000,90223.06,90223.06,90160.27,90160.27,0.00322,0.0082669999999478,90996.99235000007,91061.01099999943,90303.67333333316
1765659600,90151.39,90151.39,89932.08,90083.61,0.01046,0.006509999999947801,90985.23400000005,91060.06519999943,90327.70095238078
1765663200,90160.27,90160.27,90160.27,90160.27,0.00014,0.006497999999947801,90974.69700000007,91057.22399999942,90336.24761904746
1765666800,90221.26,90250.15,90203.28,90250.15,0.0018,0.0060319999999478005,90965.17145000007,91062.10759999944,90317.60761904746
1765670400,90275.93,90421.04,90275.93,90421.04,0.00018,0.005927499999947801,90955.85790000009,91063.76499999945,90306.24190476173
1765674000,90427.71,90427.71,90290.57,90290.57,0.00571,0.006151999999947801,90944.43120000008,91064.57519999944,90310.8423809522
1765684800,90290.57,90290.57,90290.57,90290.57,0.00037,0.0060899999999478,90936.43230000007,91074.12819999942,90308.75190476174
1765688400,90160.27,90160.27,90131.31,90139.47,0.00295,0.0062159999999478,90924.97535000008,91077.65999999942,90312.80904761888
1765692000,90195.37,90195.37,90195.37,90195.37,0.00022,0.0061499999999478,90913.72695000008,91088.24599999942,90307.03809523793
1765699200,90250.81,90327.83,90210.74,90210.74,0.00364,0.005846499999947801,90902.80665000009,91095.7141999994,90307.03809523793
1765706400,90030.17,90030.17,90030.17,90030.17,0.00007,0.0040614999999478004,90891.3676500001,91088.54059999941,90293.62999999983
1765710000,89799.43,89799.43,88866.66,89327.92,0.11937,0.009916999999947801,90880.4877500001,91078.1957999994,90281.8109523808
1765713600,89327.92,89511.64,89327.92,89442.34,0.00216,0.010008999999947801,90871.9203000001,91046.2601999994,90275.95142857126
1765717200,89385.72,89394.51,89248.93,89248.93,0.00079,0.009965999999947801,90862.42250000012,90991.1551999994,90249.59904761889
1765720800,89511.64,89539.8,88867.66,89124.7,0.16141,0.0174404999999478,90853.8674500001,90949.60199999942,90192.48333333316
1765724400,89124.7,89124.7,88989.85,89074.24,0.00163,0.0175134999999478,90842.71690000009,90899.5939999994,90145.06619047602
1765728000,89124.7,89124.7,88598.38,88867.66,0.00174,0.0174444999999478,90831.11955000009,90854.1531999994,90089.07523809507
1765731600,88965.68,88996.09,88739.43,88800.95,0.00369,0.017548999999947804,90821.73825000008,90797.64659999941,90032.75047619031
1765735200,88810.45,88996.09,88810.45,88896.55,0.07883,0.019925499999947804,90815.9573000001,90729.2599999994,89981.0347619046
1765738800,89015,89015,88739.43,88739.43,0.00041,0.019939499999947805,90805.63055000009,90666.52439999941,89922.46952380936
1765742400,88715.51,88844.31,88437.75,88722.38,0.0241,0.020983499999947804,90795.0691500001,90599.9889999994,89857.73952380934
1765746000,88653.43,88653.43,88600,88600,0.01155,0.021037999999947803,90785.0791500001,90534.48179999943,89799.68619047602
1765749600,88611.37,88611.37,88123.94,88165.13,0.03153,0.022607499999947805,90777.9441000001,90458.87599999942,89714.19476190458
1765753200,88483.51,88611.37,87767.28,88200.76,0.01748,0.023391499999947805,90771.8489000001,90386.6479999994,89641.77761904745
1765756800,88375.66,88611.37,88168.83,88547.05,0.00617,0.023690999999947802,90764.5281500001,90314.09539999941,89567.47904761888
1765760400,88611.37,89276.54,88611.37,89253.49,0.00098,0.023454499999947802,90763.30705000012,90237.85219999941,89476.12285714268
1765764000,89511.64,90030.17,89369.64,89369.64,0.00787,0.023829499999947802,90762.1663000001,90160.43239999941,89382.81285714268
1765767600,89382.47,89382.47,89323.37,89323.37,0.00289,0.023826499999947803,90759.6279500001,90075.78119999942,89301.71285714269
1765771200,89336.14,89770.53,89336.14,89770.53,0.00058,0.023844499999947803,90755.68165000009,89990.50459999942,89246.11523809507
1765774800,89640.99,89672.69,89640.99,89672.69,0.00014,0.023669499999947805,90751.6863000001,89914.57159999943,89202.26142857125
1765778400,89578.66,89900.26,89578.66,89900.26,0.00279,0.023805499999947806,90745.5996000001,89848.5791999994,89156.2042857141
1765782000,89640.99,89770.53,89633.63,89770.53,0.00083,0.017878499999947804,90737.6885500001,89835.36859999942,89138.63571428553
1765785600,89761.68,89905.59,89761.68,89898.75,0.00372,0.017956499999947806,90733.88595000008,89821.23259999942,89113.74619047601
1765789200,89930.15,89930.15,89906,89906,0.00144,0.017988999999947804,90733.88595000008,89815.36999999943,89098.96142857125
1765792800,89900.26,89900.26,89900.26,89900.26,0.00007,0.009921999999947804,90732.02885000008,89797.78959999944,89086.59761904743
1765796400,89887.52,89887.52,89640.99,89640.99,0.00165,0.009922999999947805,90730.15145000006,89789.34899999942,89113.77999999982
1765800000,89644,89770.53,89573.02,89754.8,0.00356,0.010013999999947806,90730.20850000007,89783.48639999943,89135.85904761885
1765803600,89710.6,89806.45,89382.47,89518.75,0.07222,0.013440499999947808,90729.71940000007,89775.58039999944,89166.87476190458
1765807200,89599.1,89770.53,87973.88,88101.01,0.12758,0.015877999999947805,90732.30835000006,89766.98359999944,89191.45999999982
1765810800,87973.88,88101.01,86698.07,87333.16,1.32556,0.0821354999999478,90733.60280000005,89756.75359999943,89223.86761904744
1765814400,86966.02,87170.51,86213.19,86337.77,0.12192,0.0870264999999478,90735.39280000005,89743.76199999943,89254.87190476172
1765818000,86462.54,86462.54,85716.64,85747.28,0.008,0.0868489999999478,90736.31965000005,89730.43719999945,89221.54142857125
1765821600,85772.53,86297.93,85346.1,86261.32,0.21103,0.09582399999994781,90737.73840000006,89711.94079999944,89147.09428571409
1765825200,86111.58,86548.16,85946.88,86285.76,0.00629,0.09526449999994781,90737.56880000005,89667.28519999943,89032.72952380932
1765828800,86000,86088.78,85730.21,85910.5,0.05771,0.0978414999999478,90735.54145000005,89602.27699999943,88891.05809523791
1765832400,85657.55,86278.75,85657.55,86224.46,0.01245,0.09841499999994781,90733.36685000005,89518.48539999944,88779.69238095218
1765836000,86234.84,86234.84,85964.55,86104.68,0.00124,0.0980834999999478,90726.46995000004,89424.66899999944,88690.19857142838
1765839600,86355.45,86490.22,86240.98,86480.75,0.01975,0.09892649999994779,90714.25090000006,89341.40059999944,88581.13857142838
1765843200,86423.65,86590,85849.51,85849.51,0.1615,0.1069724999999478,90697.43860000005,89260.96539999945,88470.53904761885
1765846800,86088.78,86130.61,85697.74,85808.56,0.01885,0.1079079999999478,90678.30655000004,89175.96999999945,88320.59571428553
1765850400,85900.39,86225.86,85840.51,85840.51,0.0033,0.1079334999999478,90661.73340000004,89098.50859999943,88183.02952380934
1765854000,85966.69,85966.69,85592.95,85875.97,0.00644,0.10821399999994778,90645.59190000003,89017.39659999944,88017.60761904743
1765857600,85718.58,85744.96,85322.71,85744.96,0.02121,0.10908849999994778,90628.23200000005,88944.69819999945,87828.94238095218
1765861200,85840.51,86178.41,85836.14,86017.16,0.00672,0.10935249999994778,90613.08685000004,88850.99339999944,87646.45761904742
1765864800,86066.34,86526.06,86066.34,86493.94,0.01206,0.10995199999994779,90597.38970000004,88762.30179999943,87454.82476190457
1765868400,86401.09,86402.95,85930.93,86071.14,0.00237,0.10998799999994777,90582.65600000003,88675.90659999945,87263.13095238076
1765872000,85967.88,86214.15,85967.88,86213.12,0.01403,0.11051149999994778,90564.81295000004,88591.75379999942,87078.29333333313
1765875600,86296.18,86296.18,86296.18,86296.18,0.00014,0.10690749999994778,90545.89525000005,88503.44759999942,86915.81428571408
1765879200,86426.27,87110.6,86426.27,86942.97,0.02389,0.10172299999994779,90527.44435000002,88418.78779999941,86733.47523809502
1765882800,86942.97,87127.15,86901.48,87127.15,0.01134,0.03601199999994778,90506.47165000002,88340.24579999942,86570.24333333311
1765886400,87153.78,87392,87140.29,87256.46,0.0209,0.03096099999994778,90488.28410000002,88255.85719999942,86405.54714285693
1765890000,87284.18,87720.17,86462.54,86462.54,0.12083,0.03660249999994778,90472.59770000003,88174.3081999994,86282.89095238074
1765893600,86364.36,87720.17,86213.12,87148.28,0.02096,0.027098999999947776,90457.99585000002,88097.44239999942,86236.51666666644
1765897200,87211.96,88105.18,87009.8,87973.88,0.00342,0.026955499999947775,90441.76705000002,88032.39439999942,86232.86428571407
1765900800,87958.92,87996.06,87467.19,87593.59,0.00267,0.024203499999947774,90425.05910000001,87970.72259999943,86238.8057142855
1765904400,87566.6,87806.81,87190.04,87190.04,0.00298,0.023729999999947772,90410.93365000002,87915.24839999941,86305.51999999979
1765908000,87141.6,87846.93,87135.74,87846.93,0.00296,0.023815999999947775,90404.64850000001,87857.94079999943,86387.07047619026
1765911600,87467.19,87794.37,87340.97,87794.37,0.00104,0.022880499999947772,90392.72605,87812.05959999943,86449.34809523787
1765915200,87597.24,87783.61,87467.19,87783.61,0.01216,0.015413499999947775,90380.1557,87786.55859999944,86510.27857142835
1765918800,87720.17,87846.93,87720.17,87823.62,0.00293,0.014617499999947775,90358.40035,87755.93639999945,86587.53904761883
1765922400,87846.93,87846.93,87733.08,87761.63,0.00583,0.014743999999947775,90336.7833,87718.25239999943,86668.00047619027
1765926000,87846.93,87846.93,87846.93,87846.93,0.00007,0.014425499999947775,90319.31764999998,87697.83779999944,86730.04142857122
1765929600,87563.83,87574.31,87467.19,87480.73,0.00261,0.013495499999947775,90300.10514999999,87677.70619999942,86824.04666666646
1765933200,87846.93,87846.93,87745.25,87745.25,0.01316,0.013817499999947774,90285.25399999999,87655.44739999942,86917.04999999978
1765936800,87467.19,87467.19,87281.77,87363.57,0.00754,0.013591499999947774,90276.46284999998,87637.13119999942,87012.59380952359
1765940400,87593.59,87593.59,87214.94,87214.94,0.00747,0.013846499999947772,90263.68469999997,87617.91619999941,87089.01095238075
1765944000,87214.94,87214.94,86837.92,86837.92,0.00582,0.013435999999947773,90250.49754999997,87602.85479999943,87184.26285714263
1765947600,86661.11,86712.62,86237.89,86587.49,0.01436,0.014146999999947774,90234.23429999998,87589.16679999942,87248.3776190474
1765951200,86712.62,86947.11,86712.62,86781.4,0.01023,0.013463999999947773,90216.49569999998,87580.05659999943,87282.71095238074
1765954800,86721.37,87108.23,86632.32,86963.41,0.00669,0.013231499999947771,90199.62034999997,87556.38699999943,87319.22428571408
1765958400,86587.49,86587.49,86519.7,86519.7,0.00016,0.012194499999947771,90180.99309999996,87515.61599999944,87337.05142857123
1765962000,86337.77,86337.77,86337.77,86337.77,0.00007,0.006156499999947771,90162.55414999997,87464.98159999945,87360.15714285694
1765965600,86420.91,86732.61,86420.91,86587.49,0.00218,0.00521749999994777,90142.20524999997,87410.26399999944,87361.13047619029
1765969200,86712.62,87036.75,86712.62,87028.6,0.00071,0.00508199999994777,90120.17759999997,87350.48139999942,87332.20428571409
1765972800,87151.18,87151.18,86896.69,86896.69,0.03627,0.00676199999994777,90095.02309999996,87296.29579999944,87288.45714285696
1765976400,87047.5,87720.17,87047.5,87467.19,0.01092,0.007158999999947768,90068.60639999995,87228.68459999943,87294.40714285696
1765980000,87598.02,89511.64,87214.94,89308.69,0.02755,0.008388499999947768,90041.18494999995,87160.02939999942,87288.70809523792
1765983600,89770.53,90311.1,87194.46,87214.94,0.01997,0.009334999999947769,90014.87829999997,87093.80419999942,87237.41333333316
1765987200,87089.08,87720.17,86213.19,86837.92,0.03032,0.01024299999994777,89988.05814999994,87036.25619999942,87231.39428571411
1765990800,86668.17,86837.92,86328.99,86548.98,0.6121,0.040701499999947766,89961.67549999995,86976.1847999994,87332.2823809522
1765994400,86712.62,86712.62,85773.62,85814.17,0.00449,0.04063449999994777,89940.84064999995,86932.70879999941,87302.18761904744
1765998000,85615.59,86088.78,85346.1,86088.78,0.00222,0.040741999999947764,89925.83279999996,86923.78659999941,87256.64238095221
1766001600,85964.55,86179.3,85706.13,85880.79,0.00353,0.04078799999994777,89910.16539999995,86877.71039999941,87197.85047619029
1766005200,86013.1,86013.1,85840.51,85915.17,0.00568,0.04041399999994777,89897.35049999997,86852.44859999942,87102.1623809522
1766008800,85971.08,86337.77,85971.08,86256.43,0.01413,0.040743499999947766,89892.44109999995,86836.76499999942,87022.50285714267
1766012400,86230.28,86230.28,86000,86000,0.00086,0.04041299999994777,89877.96299999997,86826.29299999941,86928.87714285695
1766016000,86150.53,86287.94,86100,86287.94,0.58213,0.06922849999994776,89859.86499999996,86833.12299999941,86854.32666666647
1766019600,86000,86113.58,85964.55,86081.75,0.00189,0.06860499999994776,89836.57044999996,86825.51239999942,86783.43047619027
1766023200,86081.75,86796.16,86081.75,86712.62,0.02051,0.06911899999994778,89811.09394999995,86818.10059999941,86718.49857142837
1766026800,86587.49,86587.49,86337.77,86356.18,0.00026,0.06879749999994776,89788.07764999996,86825.0191999994,86674.3557142855
1766030400,86837.92,86840.16,86774.46,86774.46,0.00041,0.06880999999994777,89766.89274999997,86820.5299999994,86638.34761904742
1766034000,86761.49,86761.49,86524.13,86524.13,0.00719,0.06916599999994777,89744.56854999997,86824.1951999994,86644.30619047598
1766037600,86483.62,86484.92,86459.24,86459.24,0.00403,0.06925849999994776,89725.69984999998,86816.2151999994,86624.05761904742
1766041200,86651.98,86801.71,86651.98,86769.88,0.00985,0.06971549999994776,89705.54899999998,86833.47739999939,86615.0599999998
1766044800,86837.92,87075.9,86750.9,86963.41,0.01259,0.06853149999994776,89686.83784999998,86844.42979999939,86615.27095238076
1766048400,86853.13,87214.94,86853.13,87214.94,0.00818,0.06839449999994776,89665.14139999996,86863.1087999994,86621.05523809504
1766052000,87376.85,87376.85,87214.94,87214.94,0.00057,0.06704549999994777,89645.83109999998,86876.0719999994,86629.74047619027
1766055600,87214.94,87590.88,87089.08,87590.88,0.0616,0.06912699999994777,89626.15914999998,86890.3575999994,86626.636190476
1766059200,87214.94,87376.78,87214.88,87214.88,0.00448,0.06783499999994777,89608.79199999997,86905.4119999994,86641.79095238075
1766062800,87593.59,89124.7,87560.78,88815.11,0.01514,0.03798699999994778,89591.31414999999,86914.80139999941,86629.77904761884
1766066400,88996.09,89259.46,87801.4,88347.26,0.64137,0.06983099999994777,89570.3822,86937.6773999994,86547.97857142838
1766070000,88347.26,89228.81,87973.88,88550.87,0.12926,0.07618299999994776,89552.19319999998,86957.71379999939,86547.97571428551
1766073600,88355.82,88480.57,87872.37,87973.88,0.02159,0.07708599999994777,89535.95125,86983.6077999994,86642.12761904742
1766077200,87867.97,87867.97,85543.31,86248.26,0.01984,0.07779399999994777,89508.28845000001,86989.0459999994,86727.7599999998
1766080800,86462.54,86737.98,85821.86,85933.76,0.03141,0.07865799999994777,89472.74600000001,87022.8051999994,86858.07904761886
1766084400,85942.72,85968.74,84505.33,84565.22,0.7602,0.11662499999994776,89442.9413,87044.6211999994,86947.84571428552
1766088000,84609.83,85222.95,84609.83,84609.83,0.06346,0.09069149999994776,89408.13100000001,87086.3877999994,86965.34428571409
1766091600,84854.54,85794.33,84854.54,85606.43,0.04211,0.09270249999994776,89383.48145000002,87102.8997999994,86966.22952380932
1766095200,85346.1,85614.39,85346.1,85614.39,0.0024,0.09179699999994775,89357.93280000001,87068.38739999941,86885.69571428552
1766098800,85504.12,85581.56,85346.1,85461.37,0.01417,0.09249249999994777,89338.01445000002,87035.1907999994,86819.49714285696
1766102400,85471.4,85498.95,85316.63,85469.43,0.00327,0.09263549999994777,89311.55580000002,86982.6943999994,86787.04428571409
1766106000,85469.43,85469.43,85114.12,85114.12,0.0125,0.09290099999994776,89279.28990000002,86917.95239999938,86764.78904761885
1766109600,85469.43,85840.51,85469.43,85840.51,0.00524,0.09296149999994777,89248.28605000002,86874.1935999994,86705.20571428552
1766113200,85840.51,87467.19,85840.51,86712.62,0.04059,0.09449849999994776,89210.97880000003,86830.8091999994,86662.97952380932
1766116800,87010.14,87241.6,86963.41,86963.41,0.01383,0.09456049999994776,89172.02290000003,86783.5641999994,86583.91571428551
1766120400,87053.07,87171.96,86684.89,87116.3,0.00754,0.09452849999994775,89137.63775000002,86737.7201999994,86551.36238095218
1766124000,87049.8,87392.67,86948.31,87392.67,0.66077,0.12753849999994776,89102.21890000002,86683.06399999939,86563.42809523789
1766127600,87593.59,88307.67,87593.59,87846.93,0.01189,0.12505299999994776,89066.18445000002,86650.2595999994,86572.64380952361
1766131200,87973.88,88101.01,87846.93,88101.01,0.00196,0.12492699999994776,89030.04080000002,86629.60699999939,86579.92428571408
1766134800,88072.57,88072.57,87953.39,87973.88,0.00091,0.12421549999994777,88992.11140000001,86621.6037999994,86588.38761904741
1766138400,88194.27,88194.27,87973.88,88162.72,0.00069,0.09218149999994776,88957.3031,86619.63099999938,86618.48238095218
1766142000,88228.33,88228.33,88184.25,88184.25,0.00064,0.08575049999994777,88928.76745000001,86630.72599999938,86642.77428571408
1766145600,88099.53,88184.58,87926.16,87926.16,0.03665,0.08650349999994777,88902.94270000001,86655.91479999939,86678.91714285694
1766149200,87971.51,88101.01,87916.22,87949.71,0.01151,0.08608699999994776,88878.26885000002,86682.30699999939,86647.85095238073
1766152800,88014,88488.2,87699.74,87916.21,0.73398,0.12121549999994777,88854.70535,86702.51639999941,86640.08857142835
1766156400,87973.88,89349.16,87720.17,87720.17,0.14908,0.09065949999994775,88834.73115,86735.3767999994,86610.34047619026
1766160000,88101.01,88739.43,87900,87978.74,0.11134,0.09305349999994775,88815.3461,86772.3063999994,86609.18952380931
1766163600,88101.01,88355.82,86948.31,87108,0.67416,0.12465599999994774,88793.62704999998,86799.07979999941,86688.61571428551
1766167200,86963.41,87422.67,86963.41,86963.41,0.37401,0.14323649999994775,88772.11444999998,86817.5019999994,86773.68285714264
1766170800,87218.21,87848.65,87218.21,87848.65,0.0429,0.14467299999994773,88750.36299999998,86837.8923999994,86936.23142857123
1766174400,87754.62,88362.9,87747.39,87973.88,0.0027,0.14464449999994772,88725.28390000001,86842.95199999941,87055.19190476171
1766178000,87931.97,88039.49,87882.89,88039.49,0.01783,0.14491099999994772,88702.6609,86816.3529999994,87119.8099999998
1766181600,87973.88,88393.83,87973.88,88228.33,0.06098,0.1476979999999477,88678.90065000001,86814.2141999994,87226.20333333313
1766185200,88274.54,88298.89,88211.88,88211.88,0.0024,0.14578849999994772,88654.59869999999,86816.7239999994,87345.84666666648
1766188800,88116.23,88122.25,87963.65,87963.65,0.00118,0.14515599999994772,88634.48445,86842.71739999941,87468.23047619028
1766192400,88101.01,88101.01,88086.4,88086.4,0.00034,0.14479599999994772,88612.88154999999,86885.91159999941,87616.526190476
1766196000,88064.29,88203.79,88042.39,88203.79,0.01706,0.11261049999994772,88593.63055,86924.9257999994,87729.44857142838
1766199600,88188.83,88327.4,88188.83,88277.83,0.00844,0.1124379999999477,88582.4227,86971.8765999994,87789.02142857124
1766203200,88147.63,88226.28,88147.63,88226.28,0.00048,0.1123639999999477,88572.9619,87017.81079999941,87842.49714285696
1766206800,88253.08,88483.51,88253.08,88297.94,0.00063,0.1123499999999477,88561.05415,87051.95519999941,87894.2823809522
1766210400,88335.43,88400.17,88287.83,88287.83,0.00119,0.11237499999994768,88551.13339999999,87093.68319999943,87936.43285714266
1766214000,88244.52,88250.62,88184.43,88184.43,0.00679,0.11268249999994769,88540.73994999999,87132.00019999941,87954.49714285696
1766217600,88284.43,88361.13,88231.98,88259.77,0.01012,0.11135599999994769,88529.04955,87175.92179999941,87963.87476190458
1766221200,88228.33,88528.3,88136.28,88136.28,0.11968,0.11676449999994769,88518.4332,87206.19499999942,87978.82476190457
1766224800,88220.66,88220.66,88106.76,88112.74,0.04429,0.0822799999999477,88508.4143,87245.03019999944,87979.85857142838
1766228400,88134.98,88279.43,87508.57,88231.41,0.84013,0.11683249999994771,88498.5148,87275.29759999942,87983.45476190458
1766232000,88238.75,88260.62,88192.53,88192.53,0.00088,0.1113094999999477,88488.19335000002,87308.50359999941,87993.46047619029
1766235600,88223.76,88285.95,87781.48,88203.48,0.17633,0.0864179999999477,88478.8817,87344.51419999942,88001.22380952362
1766239200,88215.19,88215.19,87992.75,88118.09,0.00917,0.0681759999999477,88469.72205,87371.84219999942,88016.23333333313
1766242800,88154.25,88212.95,88018.4,88018.4,0.22516,0.0772889999999477,88462.61439999999,87394.82879999944,88038.72666666648
1766246400,88121.53,88121.53,88109.62,88109.62,0.0012,0.07721399999994771,88453.99485000002,87415.15819999941,88049.42857142838
1766250000,88144.5,88164.05,88081.67,88164.05,0.00164,0.07640449999994772,88446.07200000001,87434.70999999942,88097.52809523791
1766253600,88143.29,88329.23,88131.99,88297.57,0.01294,0.07400249999994771,88436.39755000001,87446.96199999942,88147.76571428553
1766257200,88267.51,88267.51,88185.12,88208.43,0.00128,0.0739464999999477,88424.30835000002,87465.02619999944,88160.19285714267
1766260800,88187.28,88274.22,88169.98,88214.34,0.00353,0.07406399999994771,88411.23195000002,87449.09199999944,88169.2485714284
1766264400,88263.91,88336.18,88254.48,88287.07,0.00679,0.07438649999994772,88393.56810000002,87444.33919999942,88181.53809523792
1766268000,88165.87,88281.94,88165.87,88281.94,0.00203,0.07363499999994771,88369.40545000003,87436.60279999944,88180.59047619031
1766271600,88392.7,88392.7,88392.7,88392.7,0.00063,0.07324449999994771,88348.05545000004,87443.07659999945,88180.70761904745
1766275200,88347.93,88400,88318.45,88348.84,0.00573,0.07350699999994771,88325.95070000002,87482.27999999945,88196.10857142841
1766278800,88348.83,88393.62,87995.69,88007.83,0.01535,0.07424299999994771,88308.77115000002,87527.89159999946,88205.41999999982
1766282400,88007.89,88089.31,87875.06,87886.72,0.39802,0.09408449999994771,88288.92065000001,87602.32859999946,88214.41571428554
1766286000,88026.78,88026.78,88026.78,88026.78,0.00011,0.09375049999994771,88266.62150000002,87675.77079999946,88217.79714285697
1766289600,88068.27,88101,88068.27,88085.84,0.00052,0.09327049999994771,88246.38580000003,87731.49619999946,88207.39476190458
1766293200,88060.99,88074.15,88050.99,88050.99,0.00033,0.08730299999994771,88225.81610000003,87786.18519999945,88187.8128571427
1766296800,88101.01,88136.21,88101.01,88136.21,0.00018,0.08509749999994773,88206.51070000003,87837.11439999944,88175.38190476174
1766300400,88050.99,88109.78,88050.99,88109.78,0.00574,0.04337799999994772,88185.56800000001,87885.46019999945,88170.68714285697
1766304000,88353.4,88660.12,88353.4,88486.08,0.01257,0.04396249999994772,88164.77245,87943.71339999944,88160.74523809509
1766307600,88611.37,89024.19,88523.42,88864.5,0.00526,0.03540899999994772,88142.97630000002,87988.61999999944,88160.74190476174
1766311200,88892.08,88892.08,88487.53,88613.75,0.13427,0.04166399999994772,88119.73720000003,88015.38739999944,88160.60095238079
1766314800,88590.44,88689.32,88590.44,88592.06,0.00774,0.030792999999947716,88097.51615000002,88038.84339999946,88172.72809523794
1766318400,88739.43,88797.06,88639.13,88639.13,0.00069,0.03076749999994772,88075.95690000002,88058.71299999945,88204.72666666651
1766322000,88358.12,88358.12,87671.91,87671.91,0.0193,0.03165049999994772,88053.88890000002,88080.58119999945,88224.26333333318
1766325600,87770.39,88101.01,87770.39,88000,0.00757,0.031381999999947716,88032.85145000002,88100.93259999946,88246.83333333318
1766329200,88006.17,88168.83,87891.21,88168.83,0.00342,0.03148899999994772,88010.6348,88111.18739999944,88276.39190476175
1766336400,88349.75,88404.71,88324.7,88324.7,0.00145,0.03138499999994772,88002.91435,88123.55099999945,88255.54857142842
1766340000,88226.88,88355.82,87973.88,88355.82,0.00196,0.031143499999947716,87997.08600000001,88133.07919999945,88247.7366666665
1766343600,88398.21,88483.51,88361.41,88483.51,0.00038,0.03106099999994772,87989.83645000002,88122.83239999946,88241.60619047603
1766347200,88457.47,88457.47,88257.81,88257.81,0.01611,0.03183499999994772,87980.03820000001,88124.30919999948,88247.1428571427
1766350800,88228.33,88396.61,88228.33,88386.38,0.00235,0.031665999999947715,87971.62240000002,88128.69159999947,88253.87999999984
1766354400,88228.25,88363.46,88228.25,88363.46,0.00057,0.03092699999994771,87959.66365,88136.86139999947,88263.23428571413
1766358000,88501.33,88791.95,88465.74,88465.74,0.00328,0.011189999999947714,87948.19340000002,88149.57439999947,88262.08523809508
1766361600,88739.43,89572.32,88650.04,88650.04,0.16652,0.019510499999947715,87937.35835000002,88159.66979999946,88261.78428571412
1766365200,88552.32,89160.26,88552.32,88867.66,0.15067,0.027017999999947712,87926.92305000001,88182.66599999946,88262.48047619032
1766368800,88402.02,88483.51,87973.88,88355.82,0.03136,0.028569499999947713,87917.24930000001,88211.12539999945,88284.28571428556
1766372400,88604.79,88739.43,88604.79,88699.86,0.01171,0.029145999999947714,87907.56165000003,88221.42159999945,88320.63428571413
1766376000,88800.46,88996.09,88800.46,88867.66,0.00235,0.028976499999947714,87896.63285000002,88231.25879999943,88360.67619047604
1766383200,88771.6,88989.99,88771.6,88989.99,0.0073,0.028712999999947714,87886.89580000001,88243.46979999942,88373.53238095224
1766386800,89124.7,89156.14,89093.27,89093.27,0.01914,0.029406999999947715,87875.79525000002,88256.25639999943,88404.4309523808
1766390400,89278.93,89770.53,89232.11,89253.49,0.01389,0.023387999999947715,87865.4872,88259.13519999942,88439.26190476175
1766394000,89511.64,89770.53,89511.64,89770.53,0.00182,0.023091999999947713,87856.54690000002,88273.85939999943,88481.1766666665
1766397600,89774.61,89774.61,89640.99,89759.21,0.01248,0.02368149999994771,87848.76150000001,88289.48459999943,88510.09047619032
1766401200,89900.26,90030.17,89900.26,89987.64,0.00086,0.022759499999947714,87839.00300000001,88305.20859999943,88528.61380952367
1766404800,89955.23,90421.04,89955.23,90061.01,0.30932,0.037846999999947714,87831.70095000001,88321.51739999943,88583.69857142844
1766408400,90160.27,90160.27,89882.43,89882.43,0.38077,0.05671449999994771,87825.5516,88342.06159999945,88639.277142857
1766412000,89909.28,90194.59,89640.99,90160.27,0.00597,0.056940499999947713,87819.70015,88371.51339999944,88703.49190476177
1766415600,90082.19,90334.26,89250.74,89781.43,0.00964,0.05732449999994772,87814.58815,88400.94099999944,88817.25857142845
1766419200,89900.26,90030.17,89640.99,89640.99,0.00967,0.05778899999994772,87808.18185,88437.00519999943,88906.89809523796
1766422800,89382.47,89507.43,89253.49,89507.43,0.01361,0.057663999999947715,87805.8188,88473.02999999942,89001.72857142844
1766426400,89268.31,89421.85,89268.31,89421.85,0.00244,0.057668499999947706,87803.81349999997,88507.95299999943,89071.09666666655
1766430000,88892.05,88892.05,87973.88,87973.88,0.06897,0.06108849999994771,87803.33364999999,88548.90359999944,89132.29523809512
1766433600,88101.01,88220.6,87973.88,88220.6,0.14481,0.06816499999994771,87802.83734999999,88579.90399999944,89181.0533333332
1766437200,88483.51,88515.99,88228.33,88228.33,0.0011,0.059893999999947725,87800.99874999998,88608.87319999945,89236.48380952368
1766440800,88390.81,88761.22,88390.81,88607.67,0.05798,0.05525949999994771,87799.69489999999,88634.95219999945,89216.84095238082
1766444400,88512.49,88540.87,88512.49,88540.87,0.00106,0.053744499999947716,87797.1492,88661.02739999947,89210.03809523796
1766448000,88512.49,88854.44,88512.49,88673.23,0.15155,0.060736499999947714,87793.90129999998,88660.13699999945,89198.73285714274
1766451600,88832.72,88832.72,88483.51,88483.51,0.00224,0.06073099999994771,87790.7411,88662.35659999946,89196.7152380951
1766455200,88355.82,88641.98,88084.02,88244.68,0.01705,0.061218499999947704,87786.8735,88663.64219999946,89181.15380952368
1766458800,88035.75,88101.01,87842.89,88101.01,0.00041,0.06028199999994771,87775.6892,88669.84419999945,89196.26857142843
1766462400,88234.02,88242.99,87948.56,87948.56,0.00084,0.05962949999994771,87766.64134999999,88676.49299999945,89185.96619047606
1766466000,87842.89,87956.62,87593.59,87720.17,0.01163,0.060119999999947715,87761.1434,88685.67079999944,89156.30047619034
1766469600,87720.17,87720.17,87053.52,87396.13,0.04425,0.06170849999994771,87756.97005,88689.59959999945,89113.96809523796
1766473200,87525.41,87593.59,87525.41,87593.59,0.00018,0.06167449999994771,87753.42975000001,88688.85439999946,89059.45809523796
1766476800,87577.26,87577.26,87465.91,87465.91,0.00231,0.046323999999947706,87751.17240000002,88683.02059999945,88986.44285714273
1766480400,87557.16,87557.16,87437.48,87437.48,0.02522,0.028546499999947704,87748.21875000001,88675.01499999945,88873.37619047605
1766484000,87593.59,87593.59,87527.61,87527.61,0.00156,0.028325999999947706,87745.10385000001,88669.26179999943,88770.25142857128
1766487600,87720.17,87727.97,87720.17,87727.97,0.00219,0.027953499999947708,87741.60415000001,88659.44999999943,88650.16904761891
1766491200,87846.93,87870.12,87661.35,87870.12,0.57364,0.05615199999994771,87736.86420000001,88650.78619999943,88525.2390476189
1766494800,87722.29,87846.93,87467.19,87540.43,0.01967,0.05645499999994772,87731.76790000004,88638.38759999943,88413.10476190463
1766498400,87720.17,87761.61,86750,86837.92,0.01496,0.05708099999994772,87725.13665000003,88626.11739999945,88297.28095238081
1766502000,86837.92,87454.15,86770.99,87379.9,0.03733,0.05549899999994773,87720.10460000002,88613.94539999944,88206.26619047605
1766505600,87393.74,88113.95,87393.74,87929.05,0.26063,0.061289999999947734,87716.60850000002,88606.30919999944,88106.23952380937
1766509200,88101.01,88101.01,87214.94,87214.94,0.00775,0.06162249999994772,87712.79210000002,88593.98999999944,87979.11999999986
1766512800,87214.94,88101.01,87214.94,87872.47,0.00464,0.05895549999994772,87707.6949,88567.50859999945,87881.88428571414
1766516400,87884.24,87885.93,87704.82,87704.82,0.00512,0.059158499999947725,87700.06730000002,88531.99199999945,87879.74952380938
1766520000,87720.17,88101.01,87720.17,87973.88,0.00028,0.051594999999947724,87692.56970000002,88507.74879999945,87831.86095238081
1766523600,87623.39,87827.38,87623.39,87729.49,0.00133,0.05154949999994772,87683.65500000001,88493.54719999945,87814.9152380951
1766527200,87722.49,87722.49,87268.07,87467.19,0.00182,0.05078799999994772,87668.99195000003,88484.40779999943,87771.92238095224
1766530800,87340.97,87340.97,87203.02,87203.02,0.0002,0.05077749999994772,87657.528,88481.85719999945,87744.92285714271
1766534400,87593.59,87593.59,87467.19,87593.59,0.00078,0.05077449999994772,87647.67195,88472.57699999944,87699.9828571427
1766538000,87720.17,87720.17,87720.17,87720.17,0.00014,0.05019999999994772,87634.894,88465.56059999944,87651.58666666652
1766541600,87467.19,87467.19,86938.99,87025.7,0.00602,0.04828849999994772,87624.76260000002,88453.03399999945,87601.98380952368
1766545200,87163.47,87217.53,87163.47,87202.27,0.00161,0.04835999999994772,87613.75670000001,88432.70759999944,87577.8209523808
1766548800,87348.7,87348.7,87067.8,87067.8,0.00099,0.048293999999947726,87604.1248,88411.61179999942,87566.94523809508
1766552400,87130.13,87130.13,87130.13,87130.13,0.0001,0.04703799999994772,87594.56730000001,88395.75599999944,87533.87523809509
1766556000,86891.2,86891.32,86891.2,86891.32,0.00574,0.04724699999994772,87583.12925000001,88382.89019999944,87524.64380952367
1766563200,86891.32,86955.36,86850.51,86866.91,0.00269,0.04727199999994772,87571.55059999999,88354.08939999942,87499.60619047604
1766566800,86837.92,87163.31,86779.21,86779.21,0.03921,0.020550499999947715,87569.01349999997,88325.13399999941,87483.61666666652
1766570400,86828.46,87091.3,86761.29,87091.3,0.00175,0.019654499999947714,87570.94854999999,88289.1367999994,87457.6090476189
1766574000,87210.81,87235.3,87210.81,87225.95,0.00055,0.018933999999947715,87574.38819999999,88264.6229999994,87426.147142857
1766577600,87097.69,87179.92,87097.69,87179.92,0.00091,0.01711299999994772,87581.66315,88228.45219999942,87380.96809523796
1766581200,87261.62,87261.62,87033.95,87256.97,0.00695,0.004428999999947719,87585.69555,88188.43719999939,87343.88142857129
1766584800,87331.25,87387.21,86587.49,87089.08,0.01434,0.0047584999999477195,87589.91739999998,88144.2215999994,87328.90619047605
1766588400,86981.19,87007.6,86587.49,86957.9,0.0011,0.004581499999947719,87594.82149999999,88104.1821999994,87345.19190476176
1766592000,87139.79,87639.74,86927.94,87214.94,0.039,0.006275499999947719,87598.03375,88063.63139999939,87339.33809523795
1766595600,87329.49,87452.58,87308.83,87385.73,0.00099,0.006310999999947718,87601.40639999999,88011.8191999994,87299.33952380938
1766599200,87228.3,87396.3,87228.3,87396.3,0.0024,0.006364499999947719,87604.45914999997,87961.7743999994,87287.09952380939
1766602800,87396.3,87396.3,87396.3,87396.3,0.001,0.00632349999994772,87611.34134999997,87903.80319999941,87255.78857142843
1766606400,87593.59,87650.72,87593.59,87617.41,0.01053,0.0068399999999477195,87618.19814999998,87841.7409999994,87240.59380952366
1766610000,87617.41,87742.94,87587.36,87636.27,0.03513,0.00855749999994772,87625.28044999996,87788.3911999994,87213.08999999987
1766613600,87696.65,88018.19,87696.65,87943.02,0.00618,0.008859499999947718,87631.34599999998,87732.9003999994,87197.22380952367
1766617200,87831.35,87831.35,87628.29,87691.1,0.00404,0.008760499999947718,87637.41069999998,87685.1977999994,87204.377142857
1766620800,87607,87714.67,87500.93,87502.41,0.00592,0.008975999999947719,87643.39959999999,87640.3039999994,87225.00809523796
1766624400,87568.8,87633.74,87568.8,87633.74,0.00185,0.009018999999947718,87647.85854999999,87602.50359999941,87241.64761904748
1766628000,87626.09,87627.85,87626.09,87627.85,0.00033,0.00903049999994772,87654.48434999997,87566.79199999942,87240.26333333319
1766635200,87782.95,87782.95,87782.95,87782.95,0.00007,0.008746999999947718,87660.40024999996,87566.17479999941,87262.96380952366
1766638800,87737.04,87737.04,87737.04,87737.04,0.0011,0.008667499999947719,87667.00639999997,87555.58479999941,87283.50999999986
1766642400,87737.04,87737.04,87737.04,87737.04,0.00715,0.0070644999999477185,87670.47289999998,87541.06639999943,87310.1790476189
1766646000,87737.04,87782.45,87737.04,87782.45,0.0009,0.0070219999999477185,87674.55224999998,87521.58779999944,87341.26571428558
1766649600,87770.63,87837,87353.86,87540.92,0.14621,0.01430499999994772,87676.72544999998,87503.32739999943,87381.53809523795
1766653200,87540.72,87540.72,87462.59,87462.59,0.00943,0.01473099999994772,87681.92479999996,87485.52179999942,87422.97285714273
1766656800,87340.97,87340.97,86975.79,86975.79,0.09891,0.019328999999947718,87684.35209999997,87470.59239999943,87470.74619047606
1766660400,87488,87495,87488,87495,0.03349,0.020286499999947718,87682.62194999997,87460.43959999943,87492.15666666653
1766664000,87532.66,87532.66,87487.16,87487.98,0.00119,0.02029099999994772,87683.56874999996,87454.06839999944,87503.42523809511
1766667600,87487.98,87593.59,87387.55,87593.59,0.00095,0.01838849999994772,87686.30374999998,87445.91559999943,87493.70476190462
1766671200,87618.94,87692.21,87572.32,87692.21,0.00212,0.018444999999947722,87685.75429999997,87440.76399999943,87505.03952380939
1766674800,87720.17,88537.89,87720.17,88326.79,0.04109,0.020379499999947724,87685.6947,87432.35719999943,87524.03476190462
1766678400,88402.65,88402.65,88207.14,88266.97,0.00074,0.020366499999947725,87684.48124999998,87430.38539999943,87554.30571428558
1766682000,88015.92,88166.57,87993.65,88166.57,0.00327,0.020003499999947723,87682.6761,87430.82679999944,87577.03285714274
1766685600,88166.57,88215.35,88166.57,88215.35,0.00271,0.018382499999947725,87678.7469,87433.94899999943,87621.8452380951
1766689200,88062.17,88098.87,88062.17,88098.87,0.00012,0.018079499999947724,87676.98724999998,87437.24099999944,87663.30571428558
1766692800,88057.5,88057.5,87637.42,87847.08,0.02033,0.018893999999947723,87677.02349999998,87449.21739999944,87699.9852380951
1766696400,87909.36,87942.18,87890.62,87890.62,0.01527,0.019361499999947726,87676.2652,87457.15439999943,87728.45857142845
1766700000,87904.53,87904.53,87340.97,87593.59,0.00115,0.019326499999947726,87677.9084,87469.67719999945,87750.487142857
1766703600,87575.14,87661.8,86936.26,87204.13,0.00398,0.019508999999947724,87683.46764999999,87497.22579999945,87745.91857142844
1766707200,87067.42,87136.25,86963.41,87136.25,0.02127,0.020568999999947723,87690.61289999998,87511.60519999944,87755.4195238094
1766710800,87205,87302.32,87205,87302.32,0.00156,0.020591999999947725,87698.50829999999,87509.96579999944,87759.76142857129
1766714400,87593.59,89253.49,87593.59,89196.01,0.02169,0.021318999999947724,87705.67805,87523.47939999943,87739.30380952368
1766718000,89174.61,89174.61,88729.64,88729.64,0.048,0.023673999999947723,87711.35535,87517.90179999944,87715.89428571417
1766721600,88611.37,88996.09,88611.37,88996.09,0.00021,0.016373999999947722,87717.99225,87507.88799999945,87693.00714285702
1766725200,88867.66,88867.66,88817.44,88817.44,0.00313,0.016058999999947723,87725.7565,87491.13539999945,87762.48190476178
1766728800,88996.09,89131.21,88994.46,89131.21,0.00143,0.011184999999947723,87730.787,87482.59199999945,87809.74857142844
1766732400,89340.4,89382.47,88355.82,88355.82,0.01897,0.010458999999947724,87731.66464999999,87517.16839999944,87867.54095238082
1766736000,88611.37,88820.18,88483.51,88584.47,0.01766,0.011282499999947725,87732.86244999999,87547.70079999944,87928.32761904749
1766739600,88691,88852.56,88623.45,88852.56,0.06786,0.014627999999947724,87732.03809999999,87575.75079999944,88007.78571428558
1766743200,88768.55,88818.42,88680.32,88777.01,0.0079,0.014916999999947726,87731.4747,87597.69619999944,88073.5014285713
1766746800,88676.85,88687.24,88534.1,88534.1,0.00443,0.013083999999947724,87739.0482,87639.80639999943,88125.38095238082
1766750400,88515.13,88695.67,88515.13,88671.93,0.00269,0.013181499999947725,87749.83905,87662.87739999943,88190.36095238083
1766754000,88673.47,88994.99,88673.47,88963.12,0.00714,0.013374999999947724,87761.18135,87693.21079999942,88246.71428571416
1766757600,88987.07,88994.99,87349.49,87383.05,0.10303,0.018390999999947723,87777.76655,87727.65939999942,88286.80428571416
1766761200,87366.32,87366.32,86655.51,86998.26,0.01927,0.019348499999947723,87789.10174999999,87765.37319999942,88303.2395238094
1766764800,87190.12,87317.61,87001.92,87089.08,0.00436,0.018549999999947723,87802.62015,87798.71699999942,88336.3895238094
1766768400,86838.84,87382.29,86810.62,87275.7,0.03175,0.01937399999994772,87817.3071,87836.5713999994,88299.07904761893
1766772000,87257.34,87303.52,87110.71,87269.65,0.00418,0.019525499999947724,87829.91,87874.00779999941,88241.12238095226
1766775600,87217.29,87494.98,87217.29,87412.71,0.00315,0.019483999999947724,87842.58050000001,87877.1497999994,88193.03714285702
1766779200,87487.61,87720.16,87398.65,87603.11,0.00361,0.018600999999947722,87854.50044999999,87873.5165999994,88165.82857142846
1766782800,87553.85,87620.44,87428.06,87433.48,0.01962,0.019503999999947723,87868.90729999999,87870.15879999941,88136.25857142845
1766786400,87433.48,87516.58,87291.1,87416.57,0.00096,0.018467499999947727,87872.25944999998,87873.89119999942,88127.64523809512
1766790000,87454.6,87467.14,87323.1,87323.1,0.00208,0.016171499999947728,87875.46985,87880.12619999942,88146.64428571418
1766793600,87340.53,87340.53,87242.71,87242.71,0.00193,0.016257499999947727,87877.04294999997,87884.08159999942,88160.798095238
1766797200,87355.2,87415.97,87327.4,87403.34,0.00063,0.016132499999947727,87880.80079999997,87888.42919999942,88166.23857142848
1766800800,87432.47,87432.47,87403.34,87403.34,0.00123,0.016122499999947727,87884.85284999997,87889.17279999942,88077.05238095229
1766804400,87373.09,87373.09,87373.09,87373.09,0.0001,0.015178999999947729,87888.06699999995,87889.57819999942,88006.24619047609
1766808000,87471.63,87471.63,87444.52,87444.52,0.00454,0.014522999999947727,87891.26549999995,87883.69199999943,87930.40095238085
1766811600,87467.48,87467.48,87393.91,87466,0.00266,0.011262999999947728,87892.35819999996,87875.82079999942,87863.06285714277
1766815200,87401.05,87401.05,87401.05,87401.05,0.0001,0.010872999999947727,87893.36634999997,87865.02719999943,87779.34285714275
1766818800,87593.59,87627.54,87537.29,87537.29,0.00105,0.010703999999947728,87892.02744999998,87859.27199999942,87735.94761904751
1766822400,87532.88,87616.78,87532.86,87532.86,0.00046,0.010592499999947727,87892.16659999997,87856.68559999943,87682.68714285704
1766826000,87573.49,87632.77,87526.06,87588.61,0.00337,0.010403999999947728,87885.10774999997,87852.90119999944,87613.5676190475
1766829600,87580,87585.89,87373.39,87392.88,0.00645,0.005574999999947728,87880.38814999997,87849.66419999942,87554.53333333324
1766833200,87464.63,87491.25,87461.83,87486.25,0.00102,0.0046624999999477276,87874.49924999996,87842.02619999941,87506.85523809513
1766836800,87452.72,87500.11,87407.27,87458.88,0.0048,0.004684499999947728,87871.85244999995,87838.03119999942,87455.26857142846
1766840400,87454.38,87465.35,87305.01,87465.35,0.01546,0.0038699999999477278,87877.94114999997,87833.94759999942,87380.49523809513
1766844000,87418.53,87500,87385.17,87500,0.00444,0.0038829999999477277,87885.27759999996,87830.07079999942,87385.40952380943
1766847600,87496.16,87582.97,87496.16,87537.6,0.02344,0.0048974999999477275,87900.13794999995,87827.10999999942,87407.34380952372
1766851200,87512.33,87515.64,87439.26,87515.64,0.01453,0.005443499999947728,87914.75309999993,87827.58319999943,87425.26142857134
1766854800,87473.49,87562.79,87473.49,87562.79,0.00247,0.004585999999947727,87924.66399999993,87837.24499999943,87435.9423809523
1766858400,87520.15,87543.92,87473.49,87473.49,0.01752,0.005413999999947727,87933.55644999995,87836.65199999943,87448.70190476181
1766862000,87462.66,87551.44,87462.66,87523.98,0.00051,0.0053354999999477275,87943.68084999993,87836.89239999943,87453.60333333325
1766869200,87593.59,87593.59,87593.59,87593.59,0.00007,0.005242499999947727,87953.62809999993,87835.77259999941,87451.68333333325
1766872800,87720.17,87846.93,87523.98,87523.98,0.00085,0.005253499999947727,87965.38424999993,87832.24119999944,87453.58857142848
1766876400,87653,87846.93,87653,87846.93,0.00065,0.0052244999999477276,87973.68169999994,87816.96119999944,87458.70333333325
1766880000,87747.8,87844.58,87720.17,87844.58,0.00079,0.005258999999947727,87977.80659999992,87801.09159999945,87471.58380952373
1766883600,87794.7,87797.41,87746.98,87746.98,0.00077,0.005070499999947727,87980.56774999993,87788.23979999944,87484.97761904754
1766887200,87800.26,87830.94,87800.26,87830.94,0.00066,0.004970499999947727,87982.80019999994,87775.80459999944,87506.10095238088
1766890800,87734.18,87734.18,87734.18,87734.18,0.00012,0.004971499999947727,87983.20429999994,87764.30679999944,87527.1123809523
1766898000,87650.83,87650.83,87650.83,87650.83,0.00172,0.005004999999947727,87981.58954999995,87764.30379999946,87544.91666666658
1766901600,87714.26,87715.15,87714.26,87715.15,0.00764,0.0053639999999477266,87979.05244999996,87763.38299999946,87563.31761904752
1766905200,87692.24,87692.24,87679.44,87679.44,0.00121,0.005255999999947727,87976.80294999994,87766.45079999947,87576.088095238
1766908800,87761.67,87887.58,87761.67,87850.14,0.03143,0.006504999999947728,87975.22399999994,87778.98699999946,87587.9823809523
1766912400,87781.31,87781.31,87781.31,87781.31,0.00109,0.006508499999947728,87973.52564999994,87790.94559999947,87596.45190476181
1766916000,87846.93,87846.93,87832.67,87832.67,0.00019,0.006277999999947728,87972.62974999993,87797.91579999946,87603.43190476182
1766919600,87834.43,87873.25,87813.24,87813.24,0.00139,0.005574499999947728,87972.03589999996,87768.29859999947,87615.88571428563
1766923200,87795.1,87795.1,87748.05,87795.1,0.0288,0.0067924999999477275,87971.12574999995,87747.29459999948,87634.3823809523
1766926800,87796,87850.84,87741.81,87850.84,0.00171,0.005705999999947728,87970.77904999995,87724.37559999946,87650.87857142849
1766930400,87957.16,87957.16,87957.16,87957.16,0.0001,0.004984499999947728,87969.46109999996,87703.65299999947,87667.75285714277
1766934000,87920.33,87920.33,87920.33,87920.33,0.00113,0.0049174999999477284,87972.31829999994,87677.68219999949,87683.45523809515
1766937600,87848.43,87848.43,87762.19,87802.3,0.0071,0.004396499999947729,87976.75194999995,87666.83059999946,87700.16190476183
1766941200,87737.86,87737.86,87737.86,87737.86,0.00011,0.004376499999947729,87976.41524999995,87651.04319999948,87720.14095238087
1766944800,87696.48,87696.48,87483.17,87634.15,0.00727,0.004736499999947729,87975.70919999997,87631.00879999947,87739.41190476183
1766948400,87634.15,87634.15,87555.39,87555.39,0.00286,0.004836999999947729,87974.57794999995,87614.61179999947,87750.81714285706
1766952000,87467.19,87591.05,87467.19,87591.05,0.0004,0.004824499999947728,87972.41179999994,87602.33639999946,87763.40619047612
1766955600,87548.67,87548.67,87548.67,87548.67,0.00017,0.0047934999999477285,87970.60659999994,87584.94379999947,87768.6523809523
1766959200,87593.59,87868.39,87593.59,87868.39,0.00408,0.004958999999947728,87970.57414999994,87560.43859999947,87766.83333333326
1766962800,87897.76,87897.76,87648.61,87648.61,0.00431,0.005141499999947728,87969.74379999994,87565.46059999947,87770.02714285706
1766966400,88101.01,88291.63,88092.62,88228.33,0.02745,0.0065079999999477275,87967.73634999995,87576.60319999946,87755.8242857142
1766970000,88119.37,88119.37,87958.3,88101.01,0.00198,0.006520999999947728,87965.03649999994,87586.64259999945,87756.958095238
1766973600,88483.51,89267.42,88483.51,89124.7,0.04805,0.008541499999947728,87962.07584999995,87592.10199999945,87752.27380952371
1766977200,89106.01,89990,89059.99,89990,0.50283,0.03362249999994773,87958.36309999993,87604.07679999946,87771.19714285705
1766980800,89990,90213.27,89880.8,90139.47,0.2213,0.04311599999994773,87954.87919999994,87608.79479999945,87788.66523809514
1766984400,90102.03,90200.42,89910.83,89910.83,0.00725,0.04342399999994773,87951.70039999993,87621.29919999944,87858.84952380943
1766988000,89910.83,90026.32,89691.59,89691.59,0.05149,0.045988999999947724,87949.74349999994,87634.64979999945,87967.17571428562
1766991600,89640.99,89640.99,89466.38,89549.83,0.01032,0.04643549999994773,87947.30514999993,87668.81239999944,88084.31999999992
1766995200,89520.51,89718.18,89371.57,89504.6,0.01645,0.04581799999994772,87947.88309999993,87722.15039999945,88182.44809523801
1766998800,89509.61,89511.04,87722.6,87817.33,0.02805,0.047134999999947726,87947.23109999993,87780.08559999945,88273.41380952373
1767002400,88001.3,88152.3,87617.15,87617.15,0.03012,0.04863599999994773,87951.89194999995,87830.23539999945,88355.18333333326
1767006000,87706.12,87722.42,87527.74,87549.13,0.00594,0.048876499999947726,87960.82454999995,87876.00039999944,88435.72428571421
1767009600,87500,87568.7,86716.15,87322.95,0.69066,0.08305449999994773,87970.93144999995,87919.53519999943,88436.78285714278
1767013200,87280.45,87428.54,87111.64,87268.52,0.22259,0.09417849999994773,87980.39359999994,87960.73679999943,88425.65476190469
1767016800,87278.15,88264.78,87201.14,87267.62,0.05974,0.09680199999994772,87988.30344999995,87967.76339999944,88406.22476190468
1767020400,87362.96,87843.96,87178.01,87676.04,0.03598,0.09845799999994771,87995.23234999993,87972.08539999943,88377.77809523803
1767024000,87578.73,87747.93,87420.45,87479.33,0.03663,0.10026949999994772,88001.26749999994,87972.32219999943,88352.35999999993
1767027600,87557.59,87776.41,87320.28,87776.41,0.52377,0.12644949999994773,87999.31199999993,87968.12399999943,88329.96761904754
1767031200,87846.93,87924.89,87340.97,87415.43,0.0131,0.12690049999994774,87996.32604999993,87961.7221999994,88331.96238095232
1767034800,87415.43,87566.33,87298.31,87307.27,0.0128,0.12732499999994773,87992.63634999993,87959.21699999942,88328.34047619041
1767038400,87299.07,87499.34,87040.43,87173.92,0.04524,0.12821449999994775,87987.84139999993,87963.01279999941,88337.16714285707
1767042000,87156.23,87309.97,87156.23,87267.53,0.00589,0.12840999999994773,87982.22049999994,87963.42179999941,88330.82238095233
1767045600,87032.88,87311.6,87032.88,87311.6,0.00308,0.12616149999994775,87976.81439999992,87969.64299999943,88304.10238095232
1767049200,87228.09,87314.91,87172.23,87185.69,0.00736,0.10138799999994774,87975.1554499999,87967.95159999942,88281.49809523804
1767052800,87223.95,87255.73,87058.54,87208.89,0.06947,0.09379649999994774,87973.11849999992,87963.34499999945,88235.74571428566
1767056400,87172.68,87250.64,87101.05,87250.07,0.00312,0.09358999999994774,87971.86664999992,87956.51059999943,88198.15476190469
1767060000,87124.41,87295.27,86927.32,86929.52,0.02221,0.09212599999994774,87968.51459999992,87950.60539999943,88105.82095238089
1767063600,87005.52,87349.85,86780.01,87277.58,1.18701,0.15096049999994773,87964.7959999999,87947.36759999942,87973.38714285709
1767067200,87273.87,87400.02,87224.14,87239.74,0.0432,0.15229799999994775,87959.9845499999,87940.60179999942,87835.7966666666
1767070800,87229.86,87229.86,87088.02,87160.43,0.00695,0.15124299999994775,87955.77329999988,87932.90779999942,87693.82952380946
1767074400,87305.08,87420.5,87305.08,87380.52,0.00528,0.15000099999994773,87949.90089999989,87927.4295999994,87578.8766666666
1767078000,87358.01,87443.86,87062.05,87331.65,0.23653,0.16153049999994776,87941.50684999989,87909.08139999943,87468.87238095232
1767081600,87467.19,88101.01,87467.19,87801.81,2.53321,0.25365799999994776,87934.4825499999,87897.74139999943,87357.24523809517
1767085200,87783.2,88012.51,87617.57,87880.29,0.0866,0.24685849999994774,87927.77259999991,87887.59659999942,87336.4447619047
1767088800,87966.13,88127.73,87840.23,87840.23,0.05536,0.24663949999994778,87919.22454999988,87874.18639999942,87322.84952380946
1767092400,87854.81,87926.88,87757.81,87821.73,0.00155,0.24491799999994773,87917.25289999988,87867.11319999942,87334.88190476185
1767096000,87846.93,88268.43,87846.93,87953.76,0.06944,0.24655849999994778,87913.45159999988,87860.72959999941,87361.42190476184
1767099600,87913.38,88113.83,87883.44,87983.75,0.02874,0.22180699999994777,87908.40959999988,87862.46279999941,87388.64619047614
1767103200,88014.46,88896.54,87774.18,88775.77,0.0214,0.2222219999999478,87903.68869999988,87866.47979999943,87415.03238095233
1767106800,88805.12,89041.28,88179.61,88933.7,0.08116,0.22563999999994774,87898.56784999988,87866.28159999942,87428.25714285708
1767110400,88929.36,89279.42,88520.69,88573.58,0.03316,0.22503599999994775,87895.15934999987,87867.08999999943,87452.27714285708
1767114000,88680.68,88827.83,88073.35,88330.8,0.0538,0.22743149999994774,87893.27174999985,87869.51179999944,87499.86571428565
1767117600,88253,88377.74,88114.07,88114.07,0.01708,0.22813149999994775,87890.54099999987,87872.92199999944,87572.16428571423
1767121200,88254.71,88324.03,87949.42,88154.31,0.06143,0.23083499999994772,87887.83234999988,87892.53539999945,87632.4647619047
1767124800,88155.73,88155.73,87846.44,87858.1,0.02146,0.22843449999994775,87885.27244999987,87914.19259999944,87687.55428571423
1767128400,87963.57,88304.54,87963.57,88244.69,0.05376,0.23096649999994773,87881.94099999986,87926.52099999944,87727.86571428564
1767132000,88356.75,88395.9,88228.34,88280.5,0.02784,0.23124799999994772,87881.48154999988,87934.73039999945,87767.9947619047
1767135600,88394.95,88525.95,88341.71,88483.16,0.01118,0.17245649999994772,87884.37094999988,87940.96579999944,87800.01428571423
1767139200,88355.82,88355.82,88213.84,88213.84,0.03735,0.17216399999994772,87883.73954999988,87949.29479999945,87849.33809523804
1767142800,88264.49,88676.68,88174.17,88609.15,0.00607,0.1721199999999477,87881.05524999989,87953.77379999944,87898.40619047612
1767146400,88496.48,88634.58,88461.13,88550.6,0.00346,0.17202899999994772,87876.67564999989,87967.55979999942,87972.38904761898
1767150000,88679.9,88679.9,88355.82,88396.13,0.00285,0.16034499999994772,87871.98084999989,87981.34879999942,88016.9728571428
1767153600,88434.42,88434.42,88189.03,88331.71,0.00775,0.034071999999947714,87865.00389999988,88000.03859999943,88082.18285714279
1767157200,88332.9,88399.36,88300.63,88380.45,0.00418,0.029950999999947714,87857.37469999987,88006.94759999943,88148.38142857137
1767160800,88398.73,88438.37,88398.73,88438.37,0.00385,0.027375499999947716,87849.98114999988,88026.15839999943,88196.74380952374
1767164400,88438.37,88483.51,88415.63,88483.51,0.00228,0.02741199999994771,87842.45874999989,88032.60379999943,88244.36571428565
1767168000,88611.37,88714.81,88355.83,88714.81,0.02807,0.02534349999994771,87833.22289999988,88038.50619999945,88271.91999999995
1767171600,88367.35,88633.18,88367.35,88570.59,0.00552,0.02418249999994771,87826.85649999988,88022.64639999943,88298.49523809517
1767175200,88677.81,88880.7,88589.14,88768.96,0.04223,0.025223999999947715,87818.80814999987,87990.45539999945,88329.12761904756
1767178800,88765.86,88874.21,88765.86,88874.21,0.01104,0.021717999999947717,87811.88164999988,87956.43339999944,88371.65523809518
1767182400,88935.08,88944.59,88696.12,88696.12,0.0445,0.022284999999947715,87805.33524999989,87927.88699999945,88401.02809523804
1767186000,88700.59,88810.36,88685.89,88780.48,0.01978,0.020583999999947714,87799.70034999988,87908.35139999945,88438.419047619
1767189600,88945.81,89092.43,88228.33,88228.33,0.01422,0.020440999999947716,87794.78294999989,87888.76659999942,88443.10666666662
1767193200,88327.44,88337.18,87747.68,87972.69,0.01352,0.018045499999947714,87797.33109999988,87874.05379999946,88431.79333333328
1767196800,87794.71,87797.28,87417.98,87672.76,0.0735,0.020647499999947715,87799.80214999989,87895.19139999944,88441.64571428567
1767200400,87586.37,87641.9,87402.56,87562.52,0.06655,0.021286999999947716,87801.5134499999,87916.77079999945,88436.76619047613
1767204000,87590.27,87913.14,87590.27,87846.2,0.00625,0.020207499999947715,87802.31989999989,87941.39779999945,88430.03380952377
1767207600,87607.96,87720.17,87510.07,87582.86,0.08063,0.02367999999994771,87803.98659999989,87959.50539999946,88407.1028571428
1767211200,87467.19,87593.59,86003.41,87593.59,2.01271,0.12244799999994774,87804.1010499999,87973.58879999944,88393.02761904757
1767214800,87673.26,87759.16,87640.43,87759.16,0.05186,0.12473749999994774,87805.58589999989,87981.69159999947,88374.05190476186
1767218400,87708.44,87743.56,87601.65,87619.13,0.60324,0.15472649999994775,87805.50414999988,87979.42119999946,88340.8309523809
1767222000,87614.98,87614.98,87552.07,87552.07,0.00314,0.15474099999994775,87804.86254999987,87986.75859999945,88298.47047619043
1767225600,87626.01,87720.17,87626.01,87720.17,0.01071,0.15488899999994774,87803.48354999989,87982.88759999946,88276.819047619
1767229200,87846.93,87875.52,87814.2,87814.2,0.00045,0.15470249999994773,87802.69529999988,87986.45079999947,88229.6752380952
1767232800,87919,88250.07,87808.39,87808.39,0.14778,0.16189899999994775,87804.94564999988,87995.48859999946,88182.12619047615
1767236400,87823.23,87865.82,87776.19,87776.19,0.00814,0.16219199999994777,87804.89199999988,88004.39279999945,88149.93761904759
1767240000,87752.55,87752.55,87467.19,87467.19,0.00026,0.16080149999994775,87805.53039999987,88010.08359999946,88125.29428571425
1767243600,87593.57,87593.57,87576.27,87576.27,0.002,0.16062549999994774,87807.13879999988,88018.25499999947,88098.0533333333
1767247200,87592.81,87592.81,87512.24,87551.79,0.00271,0.15864949999994774,87807.59639999988,88030.82519999945,88066.52095238092
1767250800,87529.04,87533.47,87500.27,87533.47,0.00132,0.15816349999994775,87806.71689999988,88042.81519999946,88018.12476190472
1767254400,87593.59,87621.05,87593.59,87621.05,0.00098,0.15598749999994774,87805.96714999987,88053.33759999946,87963.90857142853
1767258000,87720.17,87778.24,87720.17,87778.24,0.00363,0.15517999999994775,87807.33599999986,88064.09099999946,87915.39428571424
1767261600,87778.24,87778.24,87720.17,87761.62,0.07526,0.15823199999994775,87812.18834999987,88070.06479999944,87856.56142857138
1767265200,87745.79,87902.29,87745.79,87893.09,0.00612,0.15786199999994774,87814.16979999987,88076.30579999946,87796.8871428571
1767268800,87948.35,87948.35,87853.48,87853.48,0.05701,0.15703749999994773,87811.86049999986,88083.76659999946,87753.17857142854
1767272400,87853.48,87924.33,87853.48,87920.39,0.0006,0.15373999999994775,87813.66714999986,88088.57719999946,87704.66142857139
1767276000,87783.68,87885.02,87769.32,87878.4,0.01161,0.15400799999994774,87812.06374999987,88097.50899999947,87688.69761904758
1767279600,87893.34,87982.58,87881.03,87982.58,0.00811,0.15038199999994772,87811.20699999986,88096.70519999947,87683.02095238092
1767283200,87930.74,87930.74,87925.48,87926.09,0.00438,0.04996549999994772,87809.44284999988,88096.9611999995,87694.81285714282
1767286800,88101.01,88409.41,88101.01,88203.77,0.00108,0.04742649999994771,87809.68659999987,88097.2261999995,87709.85476190473
1767290400,88137.92,88137.92,88027.12,88027.12,0.07358,0.020943499999947712,87811.15874999987,88099.19939999947,87716.349047619
1767294000,88302.88,88302.88,88302.88,88302.88,0.00314,0.020943499999947712,87814.60909999987,88097.69219999947,87732.69333333329
1767297600,88256.83,88305.02,88194.24,88194.24,0.00769,0.02079249999994771,87815.90854999986,88097.66879999946,87761.74952380949
1767301200,88170.6,88336.17,88170.6,88336.17,0.0947,0.02550499999994771,87816.90964999986,88080.67519999947,87774.5095238095
1767304800,88370.87,88507.87,88370.87,88502.64,0.01046,0.018638999999947708,87821.17314999987,88066.07659999946,87807.069047619
1767308400,88611.37,88739.43,88474.69,88739.43,0.03672,0.02006799999994771,87825.07469999985,88055.14739999946,87837.64857142854
1767312000,88744.02,88744.02,88539.69,88739.43,0.00602,0.020355999999947715,87829.36614999987,88054.58899999944,87866.98190476187
1767315600,88734.85,88734.85,88734.85,88734.85,0.00007,0.020259499999947715,87834.73434999987,88056.19239999946,87899.76476190472
1767319200,88355.82,88355.82,88355.82,88355.82,0.00007,0.020127499999947715,87840.41334999986,88059.82959999947,87944.09999999996
1767322800,88534.64,89017.32,88534.64,88867.66,0.00323,0.020222999999947717,87847.59319999987,88072.72039999945,87989.96857142853
1767326400,88797.6,88797.6,88356.75,88637.59,0.17753,0.029050499999947715,87854.66834999986,88082.61519999946,88050.3333333333
1767330000,88611.32,88644.91,88504.43,88510.22,0.01189,0.029463499999947712,87860.89269999987,88091.79379999945,88087.45476190474
1767333600,88739.43,88972.58,88739.43,88939.86,0.00227,0.025813999999947712,87867.27614999987,88096.82759999945,88150.1152380952
1767337200,88896.68,88896.68,88695.39,88695.39,0.00163,0.025589499999947713,87875.07369999986,88099.66719999947,88202.69238095234
1767340800,88952.89,89052.33,88920.06,89003.65,0.02635,0.02405649999994771,87882.48599999986,88104.83739999947,88245.03380952377
1767344400,89084.86,89380.13,89035.33,89380.13,0.03158,0.025605499999947712,87890.71484999986,88106.57719999945,88300.349047619
1767348000,89408.38,89842.99,89408.38,89587.14,0.02124,0.026086999999947715,87897.70444999986,88108.85899999944,88344.81428571425
1767351600,89576.25,89576.25,89353.16,89488.38,0.02118,0.026740499999947716,87905.96804999985,88121.02199999943,88397.69809523805
1767355200,89396.13,89618.47,89382.47,89418.42,0.06949,0.02999599999994771,87912.22734999987,88127.32079999945,88470.39571428567
1767358800,89416.38,89569.31,89358.58,89358.58,0.00668,0.030275999999947713,87917.79694999986,88138.62639999943,88549.76476190472
1767362400,89313.58,90000,88562.46,89616.26,0.8915,0.07117199999994771,87925.51474999987,88156.55879999945,88626.43047619045
1767366000,89725.35,89800,88803.53,89382.47,0.23539,0.08278449999994772,87930.90464999987,88174.00539999943,88694.80380952377
1767369600,89387.84,90725.46,89193.35,90334.42,2.13997,0.1893984999999477,87937.74154999986,88192.36119999943,88763.01761904759
1767373200,90421.04,90896.42,90133.27,90250.43,0.2366,0.19649349999994772,87944.92709999988,88205.35039999943,88830.27904761901
1767376800,90275.81,90475.8,89640.99,89729.55,0.02278,0.1971094999999477,87954.40729999988,88215.03779999944,88894.8195238095
1767380400,89640.99,90084.91,89640.99,89882.43,0.07551,0.1990489999999477,87964.33714999986,88233.44059999945,88991.5595238095
1767384000,89870.26,89900.26,89616.04,89616.04,0.01878,0.1996869999999477,87973.26054999985,88245.48039999943,89089.47333333331
1767387600,89707.21,90088.9,89707.21,90088.9,0.03228,0.20129749999994773,87981.91419999985,88287.60219999943,89155.82476190473
1767391200,90064.96,90264.84,90042.12,90205.59,0.01794,0.20219099999994775,87991.08074999986,88333.15699999944,89221.52904761901
1767394800,90160.27,90291.03,89924.18,89932.07,0.03277,0.20366799999994772,87999.30789999985,88374.29279999943,89263.27238095234
1767398400,90018.56,90359.47,90018.56,90162.61,0.084,0.19899149999994775,88012.29479999986,88420.69099999945,89327.53285714283
1767402000,90138.1,90212.33,90138.1,90191.5,0.00865,0.19882949999994773,88024.63469999986,88456.08779999946,89397.56809523806
1767405600,90191.5,90356.99,90151.02,90304.14,0.0186,0.19964599999994773,88035.57784999987,88506.20859999943,89472.62761904758
1767409200,90217.14,90244.81,90217.14,90240.27,0.00077,0.19960299999994774,88047.67704999985,88558.44859999945,89534.29190476186
1767412800,90401.05,90421.04,90160.27,90160.27,0.00931,0.19875099999994775,88060.87829999987,88601.90679999946,89608.2876190476
1767416400,90160.27,90160.27,90160.27,90160.27,0.00016,0.19717999999994776,88073.84779999984,88652.77639999945,89693.71238095235
1767420000,90115.97,90115.97,89895.96,89895.96,0.00439,0.19633749999994773,88087.43584999986,88705.56499999946,89755.63666666664
1767423600,89932.67,89936.41,89382.47,89595.3,0.00591,0.19557399999994773,88099.12824999986,88757.24439999946,89825.39285714284
1767427200,89640.99,89829.59,89489.93,89829.59,0.03135,0.19366699999994774,88111.48024999988,88805.76579999944,89880.46999999999
1767430800,89642.34,89909,89642.34,89832.78,0.04075,0.19537049999994777,88120.80379999986,88852.80339999944,89905.03333333331
1767434400,89758.99,90000.56,89758.99,89816.18,0.02898,0.15224449999994777,88130.98964999987,88900.48499999945,89905.42190476188
1767438000,89770.39,89803.43,89682.97,89710.67,0.0201,0.14147999999994776,88141.35814999987,88949.06039999943,89921.66999999998
1767441600,89682.98,90005.01,89676.69,89997.26,0.02432,0.035697499999947764,88151.08274999986,88989.44099999944,89941.40142857141
1767445200,89984.67,90017.53,89954.28,89986.4,0.00404,0.02406949999994776,88161.38974999984,89034.99699999944,89963.19190476189
1767448800,89986.4,90086.62,89977.17,90086.62,0.00276,0.02306849999994776,88171.63414999984,89080.98319999945,89967.6876190476
1767452400,90030.17,90086.52,89966.37,89966.37,0.06341,0.022463499999947754,88180.15754999984,89124.88579999944,89996.9633333333
1767456000,89992.92,90097.36,89975.12,90097.36,0.00251,0.021649999999947756,88191.33754999984,89163.53439999944,89980.39095238093
1767459600,90082.65,90097.36,90082.65,90094,0.00194,0.020132999999947755,88204.48079999983,89208.24719999943,89972.59047619045
1767463200,90089.62,90330.79,90061.04,90141.68,0.05687,0.022079499999947756,88217.88044999981,89250.11339999943,89983.8676190476
1767466800,90132.89,90132.89,90132.89,90132.89,0.00005,0.020443499999947753,88229.92219999983,89294.77619999944,89994.10238095236
1767470400,90040.49,90373.04,90040.49,90373.04,0.03065,0.017775999999947754,88233.92844999982,89335.69579999945,90016.86238095236
1767474000,90371.43,90551.71,90371.43,90534.77,0.00158,0.017422499999947754,88240.21224999981,89380.07499999946,90019.37571428569
1767477600,90499.63,90559.3,90499.63,90559.3,0.00147,0.016565999999947754,88245.66489999981,89422.30339999945,90015.91380952377
1767481200,90583.88,90638.44,90583.88,90638.44,0.003,0.016677499999947755,88251.40954999981,89466.61519999943,90036.91238095234
1767484800,90809,91517.54,90809,91287.8,0.06017,0.01922049999994776,88256.2402999998,89505.19759999946,90054.63428571424
1767488400,91339.69,91339.69,91022.22,91022.22,0.00864,0.019644499999947756,88264.9311999998,89552.11599999946,90072.14857142854
1767492000,91207.89,91207.89,91076.27,91076.27,0.0006,0.019454999999947757,88272.7172499998,89596.75379999945,90088.06761904756
1767495600,91207.89,91207.89,91207.89,91207.89,0.00007,0.019162999999947757,88279.1188999998,89644.05499999945,90137.94999999995
1767499200,91277.9,91500,91207.89,91500,0.07749,0.021469999999947757,88287.09904999979,89690.10039999947,90178.9952380952
1767502800,91398.16,91398.16,91398.16,91398.16,0.00006,0.019435499999947755,88297.10239999979,89745.80359999946,90222.61428571425
1767506400,91603.87,91736.25,91284.97,91316.01,0.00666,0.018319499999947756,88306.53924999978,89791.45939999945,90285.0871428571
1767510000,91345.32,91480.5,91345.32,91480.5,0.00354,0.017491499999947754,88314.91584999979,89838.19619999947,90375.7871428571
1767513600,91345.32,91369.99,91207.89,91351.34,0.01306,0.016928499999947756,88334.43959999978,89887.65699999947,90450.48095238091
1767517200,91351.34,91478.23,91351.34,91478.23,0.00626,0.017039499999947756,88354.55939999977,89950.54059999947,90521.11095238091
1767520800,91568.65,91568.65,91493.75,91514.3,0.00334,0.017068499999947757,88374.49534999978,90001.15059999948,90600.36428571425
1767524400,91440.85,91489.66,91339.69,91339.69,0.02765,0.015280499999947758,88394.15629999977,90054.71899999946,90678.4914285714
1767528000,91207.89,91288.33,91154.47,91165.92,0.27765,0.029037499999947758,88415.30804999977,90114.12459999949,90749.01380952376
1767531600,91205.94,91226.23,91076.27,91225.23,0.00354,0.029117499999947755,88435.23529999978,90162.35419999949,90821.77095238092
1767535200,91312.4,91312.4,91173.17,91173.17,0.01616,0.027081999999947752,88453.79979999978,90218.01099999949,90881.44095238092
1767538800,91337.64,91337.64,91142.65,91222.97,0.03742,0.028950499999947754,88474.03489999978,90268.2239999995,90938.56238095235
1767542400,91281.89,91511.14,91281.89,91339.69,0.07042,0.03093899999994776,88493.70874999977,90307.41519999951,90992.27047619045
1767546000,91372.15,91419.7,91318.56,91339.69,0.01474,0.03159699999994776,88514.48439999978,90338.99079999952,91043.65952380949
1767549600,91339.69,91339.69,91076.27,91230.78,0.03128,0.033087499999947756,88535.84234999979,90373.72779999951,91095.1495238095
1767553200,91076.27,91181.13,90944.85,91094.12,0.05957,0.035915999999947754,88555.52409999979,90408.82279999951,91152.61619047617
1767556800,91207.89,91349.14,91207.89,91302.28,0.00109,0.032961999999947755,88574.33699999981,90446.1105999995,91198.64714285712
1767560400,91300.61,91302.28,91245.76,91245.76,0.00166,0.03261299999994775,88593.59769999981,90480.5791999995,91231.79047619046
1767564000,91204.8,91252.57,91068.34,91068.34,0.1346,0.03931299999994775,88612.2409499998,90519.72359999949,91257.25809523807
1767567600,91418.93,91576.51,91268.37,91576.51,0.01108,0.039863499999947746,88631.02579999981,90537.65079999948,91288.8695238095
1767571200,91580.43,92267.67,91580.43,92225.09,0.60508,0.06624299999994773,88650.71899999982,90554.52459999948,91286.8676190476
1767574800,92401.01,93323.24,92401.01,92920.21,0.32533,0.08250649999994775,88669.73099999981,90585.97919999948,91289.0638095238
1767578400,93103.09,93103.09,92768.19,92977.14,0.01054,0.08270049999994775,88688.22059999983,90613.24579999948,91312.88476190474
1767582000,93132.23,93132.23,92851.99,92864.22,0.03119,0.08408299999994774,88705.74814999981,90642.2917999995,91361.32285714285
1767585600,92864.22,92864.22,92320.94,92373.27,0.05449,0.08615449999994773,88725.2951499998,90672.04399999949,91428.9519047619
1767589200,92616.79,92635.47,92296.94,92296.94,0.007,0.08619149999994773,88744.0926999998,90712.4339999995,91504.14142857141
1767592800,92402.64,93780.93,92118.08,92471.9,1.62574,0.16731149999994774,88762.13999999981,90772.1967999995,91577.8657142857
1767596400,92627.19,92635.05,92518.28,92518.28,0.01651,0.16675449999994774,88782.69579999981,90828.4873999995,91620.37857142856
1767600000,92528.16,92702.2,92404.86,92513.49,0.91757,0.19875049999994773,88806.32124999983,90881.94179999949,91665.40714285712
1767603600,92438.93,92797.33,92297.41,92700.21,0.0923,0.20318849999994773,88833.23429999984,90923.32439999949,91712.72476190474
1767607200,92672.37,93090.05,92672.37,93088.55,0.19867,0.2123139999999477,88860.54179999983,90964.4577999995,91760.53333333331
1767610800,93005.49,93271.21,92888.77,93076.1,0.06595,0.2137404999999477,88887.04894999982,91010.69039999951,91816.42857142855
1767614400,93125.53,93452.89,92755.6,92847.78,0.08118,0.2142784999999477,88911.54784999983,91057.85059999948,91889.48999999998
1767618000,92842.21,92973.48,92553.25,92684,0.01496,0.2142894999999477,88935.41264999984,91110.20119999949,91978.2195238095
1767621600,92833.3,95074.64,92347.85,93401.81,2.69437,0.34744399999994774,88959.80419999985,91172.2993999995,92068.83523809521
1767625200,93390.67,93948.71,93178.16,93904.49,0.05956,0.3474434999999477,88984.77569999985,91237.47859999951,92146.2071428571
1767628800,93914.61,94016.14,93336.18,93674.09,0.24709,0.35974349999994776,89008.10849999984,91302.34499999949,92210.22190476187
1767632400,93702.73,94424.32,93260.61,94335.01,0.01251,0.36028599999994776,89032.38664999985,91362.97699999949,92308.41809523807
1767636000,94310.41,94489.31,93940.12,94489.31,0.02894,0.3550029999999478,89059.09449999985,91422.44359999949,92435.73761904759
1767639600,94443.92,94485.08,94167.56,94269.44,0.09115,0.35900649999994777,89085.32029999985,91490.53459999949,92558.5933333333
1767643200,94297.61,94765.34,94051.34,94051.34,0.01277,0.32939099999994775,89110.88829999985,91568.8963999995,92703.00904761902
1767646800,94150.93,94210.95,93809.39,94152.01,0.04901,0.31557499999994776,89136.05414999987,91640.64579999947,92857.46380952378
1767650400,94083.8,94361.84,94040.41,94155.38,0.00707,0.31540149999994777,89164.48744999986,91728.01859999947,93009.89714285711
1767654000,94165.26,94165.26,93893.4,93903.62,0.00276,0.3139799999999478,89195.61269999987,91815.85759999948,93127.74619047616
1767657600,93867.77,93935.66,93570.34,93745.01,0.0081,0.31166049999994777,89224.73244999986,91899.36639999949,93219.50428571424
1767661200,93880.48,94168.84,93721.29,93721.29,0.04001,0.31331099999994777,89257.50094999986,91977.55959999948,93278.32190476188
1767664800,93761.24,93840.55,93539.78,93559.71,0.00557,0.23230249999994776,89290.78414999986,92057.94199999947,93322.43999999997
1767668400,93621.36,94558.16,93612.38,93854.76,0.69395,0.26617449999994774,89323.06514999988,92133.58879999947,93364.38238095235
1767672000,93760.26,93991.26,93760.26,93823.83,0.02748,0.22166999999994777,89354.34634999986,92200.96579999948,93428.57380952378
1767675600,93760.26,93774.48,93574.97,93574.97,0.01974,0.21804199999994775,89385.85219999986,92264.67999999948,93488.70571428568
1767679200,93564.86,93895.25,93539.31,93885.86,0.00461,0.20833899999994773,89416.84329999985,92326.33699999948,93554.55619047617
1767682800,93732.15,93732.15,93190.41,93281.81,0.02391,0.20623699999994774,89446.75974999987,92371.77519999948,93616.7252380952
1767686400,93220.23,93417.31,93186.96,93248.59,0.00963,0.20265949999994773,89476.47329999985,92428.42599999947,93667.27190476187
1767690000,93229.38,93531.54,93229.38,93477.48,0.00748,0.20228549999994772,89506.39044999988,92483.37719999946,93723.7314285714
1767693600,93427.45,93633.43,93427.45,93577.91,0.02465,0.06879949999994771,89536.01824999986,92530.71879999946,93732.93428571425
1767697200,93711.29,94072.31,93669.5,93837.02,0.07813,0.0697279999999477,89567.51509999987,92578.43599999946,93741.14809523807
1767700800,93889.17,93959.34,93801.9,93938.57,0.10097,0.06242199999994771,89598.67899999987,92616.10899999946,93771.13380952377
1767704400,93884.23,93884.23,93675.1,93682.55,0.09064,0.06632849999994771,89628.81049999986,92654.76059999947,93813.70095238092
1767708000,93780.75,94436.64,93577.91,93889.01,0.04936,0.06734949999994772,89658.89784999988,92694.70019999947,93834.4252380952
1767711600,93857.42,94284.51,93366.62,93448.37,0.06109,0.06584649999994771,89687.06384999986,92739.23159999946,93836.04809523806
1767715200,93745.01,93746.82,92346.81,92668.26,0.05568,0.06799199999994772,89712.16514999986,92786.40739999949,93836.45095238092
1767718800,92676.61,92720.65,91558.55,91580.01,0.38071,0.08457699999994772,89739.04749999987,92834.89279999948,93815.21285714282
1767722400,91471.69,92168.35,91305.73,92072.97,0.12455,0.09045099999994773,89761.31354999988,92881.74999999948,93765.64428571425
1767726000,92006,92300.78,91912.12,92127.07,0.0049,0.09055799999994771,89780.54864999987,92936.21179999945,93689.3976190476
1767729600,92267.67,92668.25,92267.67,92541.57,0.01399,0.09085249999994771,89799.54414999989,92980.67459999947,93571.7152380952
1767733200,92476.69,93799.41,92379.44,93239.37,0.01487,0.0895954999999477,89818.40274999988,93010.57639999948,93472.7133333333
1767736800,93342.42,93506.26,93002.71,93306.57,0.03639,0.09113649999994769,89839.38984999988,93017.71719999946,93376.1271428571
1767740400,93417.17,93745.01,93369.16,93745.01,0.00269,0.05657349999994771,89858.8825499999,93032.38279999947,93311.26761904758
1767744000,93751.84,93751.84,92663.16,92663.16,0.01013,0.05570599999994771,89874.70084999989,93048.13039999947,93287.18952380947
1767747600,92841.62,92841.62,92335.79,92457.54,0.00466,0.05495199999994771,89893.51424999988,93074.34619999948,93267.44095238092
1767751200,92368.18,93004.27,92245.8,93004.27,0.01187,0.05531499999994771,89915.79334999988,93117.25119999947,93276.26476190472
1767754800,92908.85,93041.81,92769.63,92803.01,0.00093,0.054165999999947714,89938.68304999989,93157.33699999948,93219.52190476187
1767758400,92778.41,92864.66,92612.7,92733.56,0.02874,0.05512149999994771,89964.77614999989,93207.32199999948,93154.46047619043
1767762000,92630.77,92804.06,92506.31,92533.07,0.00131,0.05481299999994771,89994.63039999989,93239.21839999947,93127.28428571425
1767765600,92514.51,92835.27,92514.51,92605.58,0.00444,0.053802499999947705,90024.82514999987,93256.83899999947,93075.71999999996
1767769200,92605.58,92826.6,92605.58,92798.54,0.00232,0.05001199999994771,90055.16999999988,93272.42259999948,93049.61285714283
1767772800,92864.08,92904.79,92692.39,92726,0.02356,0.04614149999994771,90081.08914999988,93270.07859999947,93015.54047619045
1767776400,92626.68,92627.97,91588.1,91705.1,0.07113,0.045165999999947706,90104.49479999987,93265.20699999947,92974.0214285714
1767780000,91572.22,91912.37,91572.22,91898.34,0.04243,0.04481949999994771,90132.43899999987,93258.58399999946,92936.90857142855
1767783600,91919.54,92463.17,91919.54,92078.43,0.0995,0.04673999999994771,90159.91769999986,93263.23019999945,92884.00285714283
1767787200,92076.87,92464.4,91942,91959.04,1.42757,0.11533449999994771,90187.71589999986,93273.26219999947,92777.64714285711
1767790800,91966.99,92220.16,91824.88,91998.01,1.79195,0.1858964999999477,90214.04359999986,93278.34419999945,92692.68476190472
1767794400,92009,92175.66,91343.9,91944.55,3.31235,0.3452864999999477,90240.51349999987,93262.08059999946,92606.46666666663
1767798000,91944.55,91945.99,91000,91323.96,6.69973,0.6800279999999477,90268.57774999988,93249.77759999946,92535.54619047616
1767801600,91268.96,91711.04,91113.96,91210.35,3.86751,0.8727039999999476,90296.16329999987,93237.34199999947,92503.62952380949
1767805200,91231.16,91638.47,91043.45,91248.93,2.02971,0.9734459999999479,90318.43844999987,93214.75179999946,92520.98857142853
1767808800,91166.99,91326.98,90813.61,90813.61,0.02755,0.9730039999999478,90343.28254999987,93193.18999999946,92485.32142857139
1767812400,90939.32,91218.17,90659,91131.1,0.03974,0.9748564999999477,90367.28679999989,93175.12539999947,92441.66809523807
1767816000,91138.5,91138.5,90758.97,91047.35,0.02646,0.9756729999999477,90390.88329999987,93147.92459999947,92380.11380952377
1767819600,91138.44,91142.69,91047.54,91047.54,0.0054,0.9757099999999477,90415.07119999986,93104.09539999947,92264.6014285714
1767823200,90944.85,91243.84,90893.41,91109.47,0.06055,0.9781439999999477,90437.89134999987,93050.98419999948,92161.0076190476
1767826800,91109.47,91406.04,90946.2,91306.99,2.33746,1.0949704999999477,90457.85289999988,92993.77459999947,92032.54761904759
1767830400,91229.19,91439.04,91039.31,91278.81,0.40091,1.1135789999999477,90474.89559999987,92929.69639999946,91955.6133333333
1767834000,91276.07,91547.36,91229.23,91363.09,2.75385,1.2512059999999479,90491.73879999986,92860.85719999946,91891.4195238095
1767837600,91343.71,91397.03,90682.57,90890,3.96969,1.4494684999999479,90506.60569999985,92796.41919999947,91810.59666666664
1767841200,90886.92,91047.96,90566,90732.95,2.75047,1.5868759999999478,90523.15254999985,92737.58179999946,91738.01571428568
1767844800,90725.02,91048.98,90645.28,90965,2.77205,1.7243004999999478,90538.62049999986,92680.68139999946,91672.7552380952
1767848400,91021.64,91055.02,90670.16,90708.27,0.36758,1.7391229999999478,90553.93944999986,92623.14999999946,91594.51380952376
1767852000,90755.26,90755.26,89799.91,89799.91,0.03025,1.7385139999999477,90565.60794999985,92572.33939999946,91505.34095238091
1767855600,89877.8,90421.04,89560.99,90421.04,0.13063,1.7400704999999477,90577.47439999985,92515.23919999946,91418.02952380948
1767859200,90463.16,90557.58,90064.02,90081.74,0.02474,1.6699289999999476,90591.00054999987,92455.47239999945,91321.9471428571
1767862800,90135.42,90226.48,89903,89903,0.02768,1.5817154999999476,90606.16199999984,92403.57819999945,91231.22380952377
1767866400,89884.46,90524.91,89696.26,90393.58,0.10686,1.4214409999999478,90620.04164999984,92340.64839999945,91160.87619047615
1767870000,90393.58,90393.58,89948.82,89948.82,0.01445,1.0871769999999477,90632.93484999983,92260.16999999946,91065.79571428568
1767873600,90023.99,90023.99,89733,89900.25,0.08113,0.8978579999999479,90648.46934999984,92197.09139999947,90967.88904761901
1767877200,89874.27,89989.1,89835.06,89835.06,0.01241,0.7969929999999479,90660.78724999983,92121.00899999947,90891.48761904759
1767880800,89835.06,90030.17,89253.49,89948.96,0.09556,0.8003934999999478,90668.38429999983,92053.43279999947,90796.45285714282
1767884400,89926.97,90782.5,89801.94,90369.17,0.06738,0.8017754999999479,90678.07369999982,91996.33259999947,90728.6571428571
1767888000,90682.57,90826.31,90290.57,90290.57,0.0425,0.8025774999999479,90687.41319999984,91925.75939999947,90663.16714285711
1767891600,90964.91,91350.17,90870.06,91350.17,0.02479,0.8035469999999478,90693.88244999983,91852.20619999945,90601.26380952376
1767895200,91302,91302,90944.85,90952.57,0.04054,0.8025464999999479,90703.09734999985,91772.16699999945,90580.09999999996
1767898800,91112.18,91216.34,90813.61,90813.61,0.11129,0.6912379999999478,90710.86079999983,91692.37479999947,90540.07476190472
1767902400,90863.22,90923.87,90551.71,90923.87,0.01446,0.6719154999999478,90718.70349999984,91626.10719999945,90554.49476190472
1767906000,90952.76,91242.06,90952.76,91227.78,0.04639,0.5365424999999479,90725.97654999985,91554.13839999946,90549.97238095233
1767909600,91202.51,91358.03,91074.33,91177.59,0.01086,0.33860099999994786,90733.52949999986,91512.17439999945,90535.88380952377
1767913200,91207.89,91295,91020.57,91024,0.03605,0.2028799999999479,90742.95779999986,91477.86059999946,90517.63999999997
1767916800,91076.31,91259.02,91023.32,91259.02,0.06948,0.0677514999999479,90750.83659999985,91462.53259999945,90515.20999999995
1767920400,91210.08,91545.3,90840.94,90982.09,0.90603,0.0946739999999479,90764.73449999986,91439.55059999946,90506.37666666662
1767924000,90995.4,91398,90953.34,90953.67,0.24011,0.1051669999999479,90775.65254999985,91421.56479999944,90512.75761904757
1767927600,90951.86,91153.31,90923.3,91153.31,0.21758,0.10951449999994789,90785.34954999987,91394.28519999943,90537.80857142851
1767931200,91115.23,91115.23,90865.19,90921,0.92112,0.1543334999999479,90796.48829999987,91349.97779999945,90538.62238095232
1767934800,90922,91013.96,90813.61,90975.56,1.37826,0.2218624999999479,90808.72479999985,91309.02679999945,90550.30809523804
1767938400,91018.22,91058,90906.01,91057.25,2.73526,0.3532824999999479,90823.47109999986,91253.76839999946,90614.75571428565
1767942000,91044.92,91044.92,90661.94,90661.94,0.75198,0.39015899999994785,90838.72764999986,91219.57859999946,90638.56333333327
1767945600,90666.96,90751,89362.92,89900.26,2.64354,0.5182794999999478,90856.65894999987,91193.49399999944,90681.12619047615
1767949200,89942.04,90372.02,89912.72,90257.97,1.51313,0.5933154999999479,90873.75679999987,91151.82859999944,90736.09047619042
1767952800,90266,90461,90197.46,90420.71,0.45844,0.6114594999999479,90889.29414999986,91115.27959999946,90748.86952380947
1767956400,90420.99,90623.93,90313,90373.04,0.65592,0.6408864999999478,90907.14639999985,91081.75339999943,90746.55714285708
1767960000,90373.81,90517,90152,90371,0.54387,0.6659549999999478,90923.78344999986,91044.33079999944,90763.59142857137
1767963600,90369,90817.11,90362.21,90608.24,1.21113,0.7252719999999478,90939.86544999987,90990.22439999944,90791.47952380947
1767967200,90532.96,90551.71,89988.73,90030.17,0.421,0.7442949999999479,90957.05604999987,90939.41299999945,90811.67380952377
1767970800,90030.17,92011.21,89900.26,90813.61,0.25122,0.7512914999999478,90972.60539999988,90893.30719999943,90811.76095238091
1767974400,91076.27,91745.49,91076.27,91515.69,0.13536,0.7573364999999479,90983.50584999988,90866.66599999944,90826.88809523804
1767978000,91541.19,91968.52,91003.89,91470.15,0.1609,0.7630619999999478,90995.72469999988,90836.11919999943,90764.0309523809
1767981600,91355.31,91441.06,90468.75,90836.98,0.04477,0.7647574999999478,91008.78629999988,90806.71539999943,90757.41380952376
1767985200,90715.58,90715.58,90160.27,90290.57,0.05645,0.7657774999999478,91021.77054999988,90768.13799999942,90790.84619047614
1767988800,90293.77,90457.19,90214.75,90214.75,0.01218,0.7629124999999479,91036.28959999987,90744.44999999944,90816.85952380947
1767992400,90251.61,90443.62,90160.27,90424.77,0.03295,0.7192584999999478,91051.4494499999,90735.87279999943,90798.24999999993
1767996000,90470.14,90587.21,90290.57,90543.03,0.06847,0.7106764999999479,91063.84134999989,90738.79659999942,90756.0109523809
1767999600,90542.21,90624.24,90538.96,90570.03,1.36978,0.7682864999999479,91080.24204999988,90731.32919999944,90717.47523809517
1768003200,90594.06,90594.06,90464.03,90507.45,0.02681,0.7235709999999479,91099.71524999989,90712.16199999943,90677.74904761899
1768006800,90551.23,90551.23,90550.91,90550.91,0.0023,0.6547729999999479,91118.17479999988,90700.18479999942,90656.84142857137
1768010400,90592.84,90599.59,90592.84,90599.59,0.00459,0.5182394999999478,91133.55159999988,90686.05819999943,90638.5728571428
1768014000,90555.54,90558.92,90520.1,90558.92,0.00604,0.48094249999994787,91145.53899999989,90675.97179999942,90607.81761904756
1768017600,90443.6,90457.96,90366.97,90366.97,0.00164,0.3488474999999479,91157.34534999989,90666.42159999945,90590.19428571423
1768024800,90508.46,90508.46,90414.96,90434.32,0.0132,0.2738509999999479,91169.86724999988,90654.38119999944,90572.29095238089
1768028400,90482.88,90528.89,90482.88,90528.89,0.00566,0.25121199999994787,91183.19039999988,90639.25959999944,90548.5609523809
1768032000,90568.81,90568.81,90564.88,90564.88,0.00532,0.21868199999994786,91196.1276499999,90625.67519999943,90534.5147619047
1768035600,90569,90653.26,90538.24,90653.26,0.03314,0.19314549999994785,91209.03444999989,90609.59179999944,90559.94619047614
1768039200,90661.54,90749.52,90661.54,90749.52,0.02779,0.13397849999994785,91220.77014999991,90599.13119999944,90572.84714285709
1768042800,90749.52,90755.31,90650.06,90650.06,0.03905,0.11488099999994786,91233.6324999999,90593.15859999944,90579.71238095233
1768046400,90650.06,90768.5,90631.68,90768.5,0.04509,0.10457449999994786,91244.91269999988,90584.43639999942,90593.05619047614
1768050000,90654.81,90654.81,90593.67,90654.27,0.05522,0.10056749999994785,91255.7763499999,90581.56859999943,90611.0809523809
1768053600,90602.99,90602.99,90512.27,90512.27,0.0175,0.09339749999994786,91266.2670999999,90598.63559999943,90613.07238095233
1768057200,90562.04,90618.73,90562.04,90576.47,0.00674,0.09149599999994786,91276.3983499999,90605.20519999944,90648.23095238091
1768060800,90625.23,90625.23,90549.67,90617.9,0.02726,0.09003649999994785,91285.52559999989,90616.57159999943,90640.64333333328
1768064400,90617.9,90673.39,90523.52,90523.52,0.00799,0.08982699999994784,91295.0947499999,90633.88159999943,90592.8614285714
1768068000,90510.05,90596.12,90423.6,90523.14,0.01763,0.08906099999994785,91305.1680999999,90639.09539999944,90550.3052380952
1768071600,90523.14,90580.33,90523.14,90556.78,0.01385,0.08632999999994784,91316.63929999991,90650.36439999944,90539.87285714282
1768075200,90558.67,90583.54,90512.06,90512.06,0.0167,0.01867599999994784,91326.1434999999,90663.88879999943,90550.96571428567
1768078800,90453.36,90505.78,90376.82,90437.96,0.02101,0.01838599999994784,91336.2268999999,90679.54559999943,90565.65095238092
1768082400,90437.96,90437.97,90335.91,90414.81,0.02111,0.019326499999947837,91346.2371499999,90691.03679999942,90571.93714285709
1768086000,90368.32,90551.71,90368.32,90414.99,0.61491,0.04984249999994784,91354.42019999992,90694.11619999941,90570.46238095233
1768089600,90409.96,90536.03,90369.01,90536.01,0.9064,0.09486049999994783,91364.03274999991,90699.44039999941,90564.1733333333
1768093200,90539.96,90571.59,90460.97,90507.96,1.15322,0.15243949999994783,91371.63209999992,90682.67819999943,90559.76190476186
1768096800,90534.36,90634.04,90533.97,90604.49,0.79945,0.19175199999994783,91377.34714999993,90672.38599999943,90553.28952380948
1768100400,90619.77,90645.99,90553.02,90645.99,0.71422,0.2271799999999478,91382.19534999992,90664.40999999942,90550.26190476186
1768104000,90628,90701.88,90605.81,90683.99,0.52227,0.2530274999999478,91387.31374999991,90654.23239999944,90547.83523809518
1768107600,90682.45,90765,90682.45,90691,0.5064,0.27669049999994777,91392.41144999993,90640.39699999943,90559.14571428567
1768111200,90708,90737,90528.94,90635.17,0.00777,0.27568949999994774,91397.69259999992,90627.00439999944,90569.22523809518
1768114800,90586.26,90647.19,90576.21,90615.96,0.18698,0.28308599999994777,91401.68624999993,90618.61419999944,90576.6109523809
1768118400,90613.96,90717.04,90521.88,90704.97,1.44837,0.3532499999999478,91407.45394999992,90606.35359999943,90582.61666666662
1768122000,90674.01,90717.82,90596.67,90684,1.35525,0.4182514999999477,91408.32164999991,90600.39159999945,90581.75523809518
1768125600,90675.98,90675.98,90563.65,90613.04,0.20295,0.4275239999999477,91410.09194999993,90595.13819999945,90575.39523809518
1768129200,90662.03,90662.03,90604.37,90656.16,0.15621,0.43499749999994763,91414.67414999992,90584.77539999943,90578.00999999994
1768132800,90641.04,90913.92,90641.04,90840.01,0.4681,0.45703949999994764,91418.68194999993,90578.67459999943,90573.98619047613
1768136400,90864.97,90869.04,90748.48,90761.01,0.22098,0.46768899999994773,91424.05674999992,90573.26279999943,90572.0228571428
1768140000,90763.99,91018.97,90763.99,91018.97,0.50407,0.4920109999999477,91426.78809999992,90565.79779999943,90578.8747619047
1768143600,91055,91055,90666.02,90754.99,0.59599,0.5211179999999478,91428.83994999992,90564.81979999943,90591.42428571424
1768147200,90816.12,91149.25,90808.96,90991.58,0.45551,0.5430584999999477,91432.7044499999,90579.93779999943,90598.239047619
1768150800,91008.32,91062,90823,90916,0.02057,0.5430364999999477,91435.31139999992,90591.57859999941,90621.83190476186
1768154400,90823,90842,90663.71,90814.55,0.30546,0.5572539999999477,91437.41909999991,90598.38459999941,90632.87238095232
1768158000,90757.15,90823.99,90599.19,90604.61,0.45658,0.5493374999999477,91439.17919999993,90611.30319999941,90653.57714285709
1768161600,90601,90711.59,90340.04,90636,0.22821,0.5154279999999478,91442.17789999992,90618.98299999941,90672.81238095232
1768165200,90572.38,90722.04,90522.1,90708.28,0.17665,0.4665994999999478,91445.18159999991,90626.6497999994,90690.74523809517
1768168800,90586,90625.3,90374.99,90461.83,0.29159,0.44120649999994777,91449.47509999992,90644.36639999943,90699.78333333328
1768172400,90404.87,90879.97,90160.27,90849.64,0.18969,0.41497999999994784,91453.77024999991,90644.38519999942,90710.30761904755
1768176000,90889.27,91048.7,90682.57,90682.57,0.01799,0.3897659999999479,91460.75164999992,90626.16359999942,90718.5109523809
1768179600,91200,91703.45,90976.72,91298.66,0.0437,0.36663099999994786,91466.18369999992,90609.48059999943,90716.31428571424
1768183200,91377.99,92227.26,91339.63,92132.55,0.00522,0.36650349999994786,91471.09254999991,90606.90659999942,90727.98809523803
1768186800,92237.58,92376.88,91815.44,91815.44,0.02857,0.35858299999994786,91475.03469999992,90610.33179999942,90729.72999999994
1768190400,91742.04,92130.54,91742.04,92058.61,0.02178,0.28725349999994787,91479.66134999991,90623.02959999943,90758.99999999994
1768194000,92051.78,92128.26,91959.3,92007.65,0.02332,0.22065699999994787,91483.2164499999,90628.18559999943,90827.64523809518
1768197600,91994.29,92090.03,91756.37,91797.61,0.0853,0.21477449999994785,91485.5935999999,90643.29819999944,90883.84857142852
1768201200,91772.97,91854.44,91336.29,91343.21,0.01124,0.20752599999994786,91489.40869999991,90674.54859999944,90952.54619047615
1768204800,91294.13,91502.62,90324.58,90651.42,0.02314,0.18527799999994787,91492.98969999992,90700.70839999944,91014.57857142852
1768208400,90674.34,91086.43,90590.7,90680,0.23748,0.1861029999999479,91498.99619999992,90730.86239999943,91067.60761904756
1768212000,90551.71,90666.6,90346.71,90351.21,0.15413,0.16860599999994788,91509.18894999992,90759.02359999942,91102.37761904758
1768215600,90318.64,90862.23,90318.64,90572.85,0.04286,0.14094949999994788,91517.5577499999,90783.79739999943,91102.15190476186
1768219200,90558.43,90980.84,90558.41,90658.2,0.10083,0.1232154999999479,91527.18634999992,90803.32219999941,91094.53238095234
1768222800,90702.64,90702.64,90482.85,90570.93,0.00613,0.1224934999999479,91535.35939999991,90807.66419999942,91075.01809523805
1768226400,90538.99,90998.67,90063.68,90800.49,0.61674,0.1380574999999479,91541.67359999992,90810.68639999941,91053.77428571424
1768230000,90820.59,91569.42,90666.38,91569.42,0.02453,0.1164549999999479,91545.59314999991,90806.41299999942,91049.16523809519
1768233600,91603.87,92226.61,91518.96,92035.27,0.2203,0.11605949999994791,91545.65804999993,90804.8047999994,91029.13428571423
1768237200,92035.52,92222.51,90948.7,91385,0.08201,0.11132749999994791,91542.61904999992,90802.9783999994,91023.63380952376
1768240800,91425.74,91823.13,91347.51,91637.59,0.01914,0.0977049999999479,91539.26399999992,90801.39579999942,91059.57999999996
1768244400,91395.51,91801.55,91395.51,91711.65,0.01495,0.08896799999994791,91536.74689999993,90802.0355999994,91127.70666666662
1768248000,91877.16,91877.16,91392.71,91395.75,0.02078,0.08910749999994791,91533.99844999991,90820.33859999939,91163.37333333328
1768251600,91339.69,91382.12,90899.1,90899.1,0.00515,0.08717999999994791,91529.3530999999,90850.7985999994,91207.62619047615
1768255200,91150.16,91284.44,91150.16,91215.32,0.07496,0.0906669999999479,91526.36474999992,90866.96919999941,91267.14142857137
1768258800,91076.27,91197.22,91076.27,91197.22,0.00134,0.0893054999999479,91527.63179999992,90887.36299999939,91293.14666666661
1768262400,91207.89,91445.07,91207.89,91445.07,0.00142,0.08828749999994791,91530.40564999991,90911.12559999939,91303.45761904756
1768266000,91382.26,91382.26,91076.27,91115.13,0.00528,0.08738549999994791,91530.5739499999,90928.5777999994,91299.489047619
1768269600,91158.88,91219.44,91040.2,91040.2,0.0222,0.0842304999999479,91531.3707499999,90935.4241999994,91254.94952380948
1768273200,91064.7,91351.12,91064.7,91321,0.0163,0.0844834999999479,91532.35749999988,90949.48939999942,91237.31285714281
1768276800,91349.49,91503.6,91328.7,91328.7,0.01298,0.08397549999994791,91532.63779999988,90964.67459999942,91192.3852380952
1768280400,91471.68,92026.34,91471.68,91993.57,0.06466,0.07533449999994792,91531.30369999987,90985.27979999942,91146.31619047615
1768284000,91965.51,92159.96,91865.12,92159.96,0.02903,0.06907949999994792,91531.25414999988,90999.28259999942,91123.62047619044
1768287600,92040.08,92069.08,91819.55,91838.88,0.01427,0.06764999999994792,91531.37439999988,91009.36639999943,91122.92952380948
1768291200,91878.58,92134.52,91874.35,92134.52,0.00221,0.06271899999994793,91532.4848999999,91025.62719999944,91186.8414285714
1768294800,92080.57,92566.52,91895.33,92115.5,0.02024,0.06342449999994793,91531.36209999988,91040.11139999943,91257.31571428568
1768298400,92205.33,92260.6,91967.45,92113.66,0.1194,0.03855749999994793,91529.86464999989,91067.06299999943,91328.1571428571
1768302000,92053.43,92176.25,91945.24,91989.03,0.02496,0.038578999999947926,91530.31574999988,91096.58239999943,91402.52238095233
1768305600,91960.41,92093.58,91857.58,92014.6,0.01517,0.02832249999994793,91531.4886499999,91119.53999999944,91471.91761904757
1768309200,91969.8,92478.1,91945.8,92138.88,0.13449,0.03094649999994793,91534.94509999988,91149.52699999943,91545.3809523809
1768312800,91868.82,92802.17,91794.87,92474.55,0.06399,0.03318899999994793,91539.51609999988,91179.51779999943,91601.97809523805
1768316400,92267.67,93344.43,92083.08,93316.89,0.21251,0.043066999999947925,91543.36879999988,91207.69159999942,91623.1771428571
1768320000,93365.66,93665.36,93026.06,93307.31,0.4362,0.06383799999994792,91546.15884999989,91233.79219999943,91628.1109523809
1768323600,93375.74,93420.68,93063.51,93195.78,0.07915,0.06753799999994793,91545.61089999988,91261.82339999944,91679.99428571423
1768327200,93472.28,93745.01,93331.36,93565.26,0.03605,0.06559249999994793,91541.57814999988,91291.47779999944,91759.96095238089
1768330800,93529.68,94037.65,93455.39,94037.65,0.15454,0.07325249999994794,91536.63759999989,91324.16859999944,91835.94476190471
1768334400,94152.01,94396.4,94094.54,94396.39,0.08324,0.07734349999994794,91532.3894999999,91375.28619999943,91921.66047619042
1768338000,94396.39,94438.06,94063.92,94063.92,0.01146,0.07765249999994794,91531.2175499999,91421.05299999945,92048.62047619042
1768341600,94217.85,96491.94,94217.85,95745.83,1.69358,0.16122149999994795,91532.10559999988,91469.86879999944,92183.01714285709
1768345200,95797.76,95986.32,95208.85,95383.64,0.09835,0.16532399999994793,91536.33054999987,91521.34239999946,92335.35857142851
1768348800,95372.84,95594.16,95130.86,95210.51,0.03765,0.16655749999994793,91540.27569999987,91583.77539999947,92460.06571428567
1768352400,95142.2,95521.48,95122.25,95259.98,0.16081,0.17136499999994795,91543.68714999988,91655.41219999947,92680.57523809519
1768356000,95281.43,95470.71,95281.43,95434.95,0.00869,0.17034799999994793,91548.01239999989,91724.59839999948,92887.40571428566
1768359600,95373.37,95550.91,95373.37,95550.91,0.00237,0.16975299999994795,91552.75789999988,91826.79499999947,93072.62047619042
1768363200,95450,95450,95246,95246,0.0008,0.16968249999994794,91559.35934999987,91920.30219999948,93259.82428571423
1768366800,95171.86,95211.09,94971.32,95005.69,0.00534,0.16893749999994795,91565.44004999987,92015.27579999948,93423.69952380947
1768370400,94971.32,94979.4,94637.23,94900,1.07981,0.21695799999994794,91580.74919999989,92103.48259999948,93585.17333333327
1768374000,94899.83,95201.02,94870.64,95201.02,0.02702,0.21706099999994793,91590.65834999988,92198.53019999947,93747.41714285707
1768377600,95236.5,95266.92,94847.82,94847.82,0.02553,0.21757899999994793,91597.18844999986,92283.5751999995,93884.13952380947
1768381200,95006.96,95245.09,94971.32,94971.32,0.05852,0.2137804999999479,91605.11789999988,92345.84419999948,94016.7347619047
1768384800,94971.32,95206.74,94949.5,95206.74,0.08182,0.21467199999994788,91610.61759999987,92409.64919999948,94163.75190476184
1768388400,94972.94,95000.98,94859.03,94863.08,0.02211,0.20515199999994788,91615.92559999987,92466.47699999949,94299.8847619047
1768392000,94668.26,95361.29,94668.26,95069.59,0.08078,0.18738099999994787,91620.80839999989,92530.34439999948,94440.68095238088
1768395600,94971.32,95223.82,94936.73,94995.54,0.04976,0.18591149999994788,91625.58014999989,92591.34859999947,94586.76952380946
1768399200,95123,96744.13,95123,96631.39,0.08359,0.18828849999994787,91629.32009999988,92663.91079999946,94700.50904761898
1768402800,96352.71,97015.11,96205.47,96586.99,0.11117,0.18611999999994788,91634.5482999999,92755.01719999948,94783.97095238089
1768406400,97050.92,97623.61,97050.92,97270.42,0.08654,0.18628499999994788,91639.2692999999,92838.67879999948,94864.36285714278
1768410000,97267.64,97900,96756.19,96971.67,0.17344,0.19438399999994788,91645.4008499999,92933.04639999948,95027.96333333326
1768413600,96910.88,97222.23,96302.07,97218.03,0.16279,0.11784449999994787,91652.82809999987,93021.50019999947,95171.85523809517
1768417200,96815.37,97472.27,96815.37,97302.19,0.0651,0.11618199999994787,91659.34494999988,93140.96399999948,95325.7966666666
1768420800,97276.74,97876.1,97276.74,97472.27,0.09308,0.11895349999994786,91665.41909999987,93261.28519999949,95448.42904761896
1768424400,97494.32,97620.91,97439.05,97462.18,0.03019,0.11242249999994787,91671.27764999987,93390.68379999949,95598.62476190469
1768428000,97449.84,97493.78,96877.46,96912.25,0.07519,0.11574749999994786,91686.55974999987,93498.72879999947,95672.73714285708
1768431600,96990.64,97286.06,96890.8,97038.53,0.08465,0.11986149999994786,91700.06539999986,93602.38399999948,95772.19571428564
1768435200,96910.88,96992.51,96602.07,96642.35,0.03317,0.12147999999994788,91720.00844999986,93720.72779999948,95879.41809523801
1768438800,96782.43,96782.43,96352.71,96352.71,0.008,0.12161299999994787,91738.62384999984,93837.4213999995,95958.09761904755
1768442400,96503.02,96503.02,96165.27,96226.1,0.02241,0.06874299999994789,91757.32659999985,93952.43199999949,96034.4585714285
1768446000,96074.83,96074.83,95936.2,95936.2,0.00552,0.06766799999994788,91775.94799999986,94062.7619999995,96086.43190476183
1768449600,96045.92,96316.62,96045.92,96302.3,0.0093,0.06685649999994789,91794.12424999983,94185.55059999951,96139.1323809523
1768453200,96398.79,96465.35,96293.29,96382.79,0.01686,0.06477349999994789,91811.74229999985,94294.0911999995,96197.24714285706
1768456800,96410.83,96531.32,96184.91,96305.6,0.01163,0.061263999999947895,91827.89079999985,94397.20099999949,96246.58999999992
1768460400,96208.16,96753.04,96208.16,96538.69,0.02653,0.06148499999994789,91843.63839999987,94492.8215999995,96299.03190476184
1768464000,96583.93,96585.13,96302.87,96585.13,0.05933,0.06041249999994789,91859.60829999988,94589.2429999995,96372.12571428565
1768467600,96616.22,97155.38,96576.96,97155.38,0.04144,0.05999649999994788,91878.03054999986,94694.48499999949,96435.66285714279
1768471200,97056.74,97057.38,96746.13,96830.54,0.15306,0.06346999999994787,91901.26099999987,94795.7207999995,96499.08904761898
1768474800,96855.06,96906.22,96486.18,96654.07,0.05942,0.06088249999994788,91920.57714999988,94895.25879999949,96581.09142857135
1768478400,96561.35,96921.81,96538.48,96912.49,0.04409,0.058759999999947875,91941.45329999989,94986.1611999995,96680.41476190469
1768482000,97007.61,97021.65,96634.85,96892.29,0.02965,0.05157049999994787,91960.65939999989,95074.6645999995,96767.79571428563
1768485600,96860.14,97121.52,95624.15,96026.32,0.10009,0.048435499999947874,91975.9905499999,95180.99459999951,96768.87571428565
1768489200,96234.64,96749.57,95469.69,96749.57,0.12778,0.051569499999947865,91992.1511499999,95274.9149999995,96784.37571428563
1768492800,96715.68,96910.88,96288.35,96803.75,0.05906,0.049868499999947864,92006.3517499999,95365.6863999995,96766.36952380945
1768496400,96746.26,97071.16,96442.5,96634.07,0.13986,0.055351999999947867,92028.81284999989,95461.6629999995,96721.35285714277
1768500000,96568.88,96625.39,95756.92,95879.79,0.54552,0.07886849999994786,92050.6778499999,95559.7281999995,96699.04523809516
1768503600,95816.32,95900,95237,95487.71,0.82226,0.11574899999994785,92068.92684999989,95639.96259999949,96675.30999999992
1768507200,95663.72,95663.72,95206.08,95206.08,0.04173,0.11617699999994784,92089.4742499999,95732.17639999949,96635.39571428562
1768510800,95170.75,95629.88,95163.43,95629.88,0.01555,0.11655449999994785,92110.26789999992,95818.76039999949,96560.04380952373
1768514400,95720.71,95839.72,95503,95723.88,0.00717,0.11579249999994785,92127.73414999992,95885.1039999995,96492.20857142848
1768518000,95533.7,95700.65,95409.71,95551.77,0.01105,0.11606899999994784,92148.45409999989,95936.55359999949,96404.94904761895
1768521600,95635.07,95776.84,95635.07,95775.93,0.00669,0.11593849999994783,92168.48014999992,95982.39219999948,96356.7361904761
1768525200,95489.27,95797.76,95450,95681.01,0.00992,0.11559149999994785,92188.0204999999,96015.20859999949,96326.7919047618
1768528800,95517.15,95624.47,95425.99,95449.27,0.01243,0.11563149999994786,92208.8939499999,96047.0531999995,96294.68095238086
1768532400,95548.06,95576.94,95439.55,95467.03,0.01195,0.11490249999994787,92226.8407999999,96073.60299999951,96287.04904761897
1768536000,95359.23,95550.18,95179.62,95220.48,0.0252,0.11319599999994785,92242.47904999992,96103.35999999949,96257.46380952373
1768539600,95383.64,95521.48,95310,95521.48,0.00496,0.11137199999994785,92260.83324999992,96103.9619999995,96213.0104761904
1768543200,95748.36,95748.36,95723.51,95744.01,0.01152,0.10429499999994785,92279.46259999993,96109.9093999995,96173.0785714285
1768546800,95744.01,95744.01,95520.77,95676.8,0.04261,0.10345449999994785,92297.49869999992,96114.68459999951,96110.30666666658
1768550400,95628.65,95857.74,95628.65,95732.78,0.02649,0.10257449999994783,92319.75854999991,96118.8255999995,96059.65666666659
1768554000,95668.07,95768.26,95608.62,95674.22,0.08954,0.10556899999994782,92342.11184999991,96114.53619999951,95992.4485714285
1768557600,95536.08,95536.08,95301.47,95434.82,0.00902,0.10101549999994783,92363.1135499999,96113.94759999952,95937.5085714285
1768561200,95323.26,95408.12,95295.66,95408.12,0.01107,0.09517999999994783,92386.3806499999,96123.90779999949,95893.63761904754
1768564800,95472.71,95531.39,95394.67,95394.67,0.01533,0.09299349999994784,92406.82754999991,96137.32999999949,95834.6723809523
1768568400,95402.4,95536.09,95327.49,95377.87,0.00341,0.08617099999994783,92429.1981999999,96153.9855999995,95765.26904761896
1768572000,95428.89,95662.11,95246,95246,0.09798,0.06379399999994782,92452.6805499999,96163.44959999951,95735.83095238087
1768575600,95227.26,95607.33,94274.95,94607.15,0.1886,0.03211099999994783,92475.51719999991,96175.1895999995,95671.31190476182
1768579200,94697.43,94980.59,94695.9,94800.3,0.03833,0.031940999999947824,92497.64614999991,96183.92559999951,95603.41285714277
1768582800,94862.44,95000,94584.63,95000,0.02337,0.032331999999947826,92519.62319999991,96187.68419999951,95537.31428571421
1768586400,95107.12,95229.18,95077.74,95132.47,0.01756,0.032851499999947825,92539.9818499999,96197.97999999952,95476.71238095232
1768590000,94971.32,95016.19,94926.6,95016.19,0.02005,0.033301499999947824,92562.5724499999,96201.50819999952,95443.9785714285
1768593600,94989.26,95383.64,94742.52,95383.64,0.01165,0.03354949999994783,92585.8810499999,96193.74039999953,95434.16523809516
1768597200,95521.48,95564.22,95407.75,95535.61,0.07644,0.036875499999947825,92607.9453999999,96157.11859999952,95410.47904761897
1768600800,95477.85,95477.85,95303.12,95349.32,0.0358,0.03804399999994782,92630.63404999988,96125.37879999953,95376.77952380945
1768604400,95513,95571,95512.19,95512.19,0.00591,0.03774199999994782,92654.6702499999,96082.61979999952,95368.77333333326
1768608000,95553.99,95553.99,95496.84,95496.84,0.00166,0.03656499999994782,92676.5665499999,96043.51019999951,95357.32952380944
1768611600,95509.55,95509.55,95411.68,95411.68,0.07314,0.039973999999947815,92701.15784999989,96006.8223999995,95341.53476190467
1768615200,95259.34,95331.76,95246,95331.76,0.00494,0.03964499999994782,92727.30519999989,95971.4907999995,95344.53095238085
1768618800,95291.66,95291.66,95291.66,95291.66,0.0002,0.037524499999947815,92750.41824999989,95929.03179999949,95345.95047619038
1768622400,95307.38,95307.38,95279.16,95289.82,0.00047,0.03622349999994781,92777.59234999988,95890.03199999951,95355.05523809514
1768626000,95314.54,95314.54,95314.54,95314.54,0.00016,0.03175449999994782,92805.76914999989,95861.72379999951,95346.02095238087
1768629600,95304.06,95333.95,95245.87,95248.67,0.01312,0.031959499999947814,92833.34044999989,95829.1867999995,95324.4804761904
1768633200,95138.68,95155.95,95138.68,95155.95,0.00349,0.03158049999994782,92861.15659999989,95802.9749999995,95306.05285714276
1768636800,95156.9,95268.52,95156.9,95268.52,0.04562,0.03309499999994782,92886.79494999988,95781.7539999995,95286.13666666657
1768640400,95262.15,95262.15,95209.53,95262.15,0.01083,0.033465999999947815,92912.40049999987,95763.0283999995,95265.87238095228
1768644000,95251.75,95276.54,95145.07,95145.07,0.01975,0.02955449999994782,92932.30844999988,95750.59519999952,95252.59285714275
1768647600,95206.41,95332.74,95206.41,95265.18,0.0039,0.02031949999994782,92954.00389999988,95729.52259999952,95245.94523809514
1768651200,95265.18,95299.64,95262.31,95270.18,0.01872,0.01933899999994782,92976.38494999986,95704.98579999951,95239.63476190467
1768654800,95224.15,95435.99,95191.19,95391.3,0.02328,0.019334499999947824,92998.33829999987,95684.24419999952,95228.54904761896
1768658400,95391.3,95537.75,95346.13,95458.88,0.02854,0.019883499999947825,93018.44274999987,95658.71339999951,95229.46238095229
1768662000,95498.84,95609.94,95498.84,95511.56,0.02494,0.020127999999947823,93038.33454999987,95629.9121999995,95261.03523809515
1768665600,95508.5,95508.5,95267.13,95270.19,0.01762,0.020426499999947827,93059.55714999986,95592.1081999995,95289.17809523799
1768669200,95357.04,95405.66,95313.06,95313.06,0.02436,0.017822499999947825,93079.57279999988,95560.90099999952,95311.02952380943
1768672800,95378.02,95485.06,95378.02,95443.41,0.00237,0.016150999999947825,93100.38769999986,95535.64559999951,95329.08142857134
1768676400,95460.46,95720.76,95304.24,95304.24,0.07578,0.019644499999947822,93121.94524999987,95506.5733999995,95341.17666666658
1768680000,95310.44,95404,95268.02,95345.3,0.01172,0.020147499999947825,93142.52959999988,95478.9587999995,95337.81571428562
1768683600,95371.3,95396.9,95297.78,95325.49,0.01015,0.016997999999947826,93164.88109999988,95463.83619999951,95333.42523809514
1768687200,95326.84,95326.84,95082.57,95121.91,0.00331,0.016916499999947824,93187.29769999988,95435.1059999995,95331.27857142847
1768690800,95180.02,95185.93,95165.75,95168.83,0.00241,0.017026999999947827,93209.56924999988,95407.89919999949,95323.33142857134
1768694400,95262.03,95262.03,95118.67,95118.67,0.00243,0.017124999999947824,93232.61049999988,95381.3025999995,95315.17190476182
1768698000,95014.1,95014.1,94856.67,94921.45,0.02722,0.018477999999947824,93259.67449999988,95370.6127999995,95301.37333333325
1768701600,95027.2,95027.2,95027.2,95027.2,0.00015,0.017829499999947825,93285.60169999988,95367.3683999995,95293.61476190468
1768705200,95108.56,95108.56,95108.56,95108.56,0.00007,0.017658499999947824,93310.0193499999,95365.68499999947,95285.37714285705
1768708800,95108.35,95108.35,95082.77,95082.77,0.00243,0.015498999999947824,93334.8806499999,95356.4639999995,95267.83571428563
1768712400,95108.8,95108.8,95108.8,95108.8,0.00024,0.014969499999947825,93359.6530999999,95344.3597999995,95254.15285714278
1768716000,95187.03,95564.6,95148.59,95148.59,0.0675,0.017356999999947824,93382.22144999988,95331.75339999949,95247.48095238087
1768719600,95148.79,95148.79,95048.72,95050.01,0.00537,0.017430499999947825,93407.91474999988,95316.7787999995,95243.99619047611
1768723200,95126.68,95126.68,95126.68,95126.68,0.00632,0.016810499999947822,93429.4400499999,95305.3297999995,95236.3904761904
1768726800,95211.54,95262.55,95181.26,95257.68,0.01409,0.01635099999994782,93446.46884999989,95297.9997999995,95230.98285714278
1768730400,95263.62,95263.62,95108.56,95138.6,0.02804,0.01632599999994782,93464.25409999989,95290.83519999949,95226.4561904761
1768734000,95131.72,95953.63,95069.64,95164.17,0.29921,0.030039499999947816,93485.6119999999,95289.39739999949,95219.86095238088
1768737600,95156.79,95197.36,95091.52,95091.52,0.02424,0.03037049999994782,93509.57299999992,95279.9679999995,95219.26571428563
1768741200,95114.89,95325.36,94970.23,95183.43,0.06784,0.03254449999994782,93534.04324999992,95267.62139999948,95207.2323809523
1768744800,95156.36,95557.32,94971.32,94971.32,0.03177,0.034014499999947816,93557.66234999993,95259.2389999995,95193.1985714285
1768748400,95078.44,95094.17,95049.07,95088.02,0.01699,0.031074999999947818,93580.19724999992,95247.3553999995,95173.19666666658
1768752000,95168.03,95193.07,95100.8,95193.07,0.00191,0.030584499999947817,93602.98049999992,95237.15439999949,95169.06523809515
1768755600,95193.07,95302.43,95178.26,95214.32,0.01209,0.03068149999994782,93626.73164999991,95230.2883999995,95152.7919047618
1768759200,95256.09,95486.53,95205.34,95486.53,0.00311,0.030671499999947817,93649.67009999993,95225.7945999995,95135.86857142848
1768762800,95459.56,95515.91,95371.8,95371.8,0.00912,0.031006999999947816,93672.49299999991,95217.3275999995,95130.57476190467
1768766400,95333.64,95467.41,95322.37,95322.66,0.01413,0.031591999999947815,93695.1559999999,95211.5305999995,95124.33761904754
1768770000,95304.19,95541.03,95293.77,95323.72,0.02635,0.03154849999994781,93719.23829999991,95210.47199999948,95132.00619047611
1768773600,95439.86,95522.1,95433.57,95491.66,0.0327,0.03317599999994781,93741.9232999999,95222.61539999949,95143.90571428563
1768777200,95478.14,95478.14,93624.72,93628.05,0.17498,0.041921499999947806,93764.71894999988,95236.33999999947,95151.23095238085
1768780800,93664.19,93664.19,91973.24,92723.49,0.27502,0.0555509999999478,93787.8598999999,95243.77599999947,95160.99523809514
1768784400,92536.7,92839.89,92255.26,92553.93,0.01006,0.0560419999999478,93810.66519999989,95247.57979999947,95188.148095238
1768788000,92540.14,92620.91,92397.23,92540.47,0.00546,0.05293999999994779,93834.35024999987,95253.73039999948,95121.52190476182
1768791600,92668.26,92749.61,92522.12,92524.43,0.00047,0.05269499999994779,93857.95894999987,95255.89079999946,95007.94714285705
1768795200,92654.15,92710.08,92511.26,92680.77,0.05697,0.055227499999947784,93880.72974999987,95217.73959999945,94887.5261904761
1768798800,92671.47,92800.51,92551.58,92551.58,0.00571,0.05480849999994779,93904.07699999986,95165.22299999945,94765.22476190467
1768802400,92519.18,92620.06,92389.02,92583.28,0.04641,0.05572699999994779,93928.97394999987,95106.05779999943,94640.26476190468
1768806000,92583.28,92688.44,92531.21,92659.03,0.00692,0.041112499999947795,93944.23184999988,95046.93039999944,94527.44380952374
1768809600,92802.16,93296.7,92691.58,93296.7,0.01458,0.04062949999994779,93954.75979999987,94989.18539999945,94404.81999999992
1768813200,93205.08,93205.08,92977.99,93033.92,0.00496,0.03748549999994779,93964.91184999987,94936.16559999944,94277.46761904753
1768816800,92900.02,93050.75,92900.02,93025.53,0.03659,0.037726499999947795,93974.99849999987,94881.36399999946,94159.39285714278
1768820400,93017.66,93283.98,92985.13,93199.63,0.05473,0.0396134999999478,93984.83674999987,94827.23319999946,94070.46571428563
1768824000,93150.66,93216.69,92980.31,93058.96,0.04273,0.0416544999999478,93995.68029999986,94774.12299999947,93972.48476190468
1768827600,93033.5,93108.23,92734.92,93027.62,0.02373,0.0422364999999478,94006.24839999987,94735.08359999947,93869.72761904754
1768831200,93039.45,93039.45,92680.46,92788.85,0.01593,0.042877499999947805,94017.09074999986,94692.64299999947,93785.36142857136
1768834800,92936.28,93007.13,92886.36,92983.05,0.13474,0.0491584999999478,94028.31094999985,94647.78319999947,93688.73952380945
1768838400,93106.05,93353.44,93028.78,93292.2,0.04059,0.0504814999999478,94042.11439999985,94606.53279999948,93585.62285714278
1768842000,93247.01,93568.89,93126.14,93461,0.13207,0.0557674999999478,94054.74419999986,94564.81059999946,93470.1242857142
1768845600,93265.75,93265.75,92937.24,93065.99,0.0293,0.05559749999994781,94066.84939999985,94520.05939999947,93350.91095238089
1768849200,93065.99,93175.76,93018.84,93175.76,0.01989,0.0478429999999478,94079.61759999985,94470.43279999947,93251.8823809523
1768852800,93182.59,93224.63,93087.66,93117.92,0.00486,0.03433499999994781,94091.49244999985,94422.26779999948,93163.23190476184
1768856400,93194.26,93280.16,92996.68,92996.68,0.00827,0.03424549999994781,94103.17554999985,94378.93419999946,93055.72095238089
1768860000,92916.8,93017.54,92668.26,92668.26,0.005,0.03422249999994781,94113.94394999984,94337.92299999947,92945.43999999993
1768863600,92561.24,92690.69,92183.2,92615.92,0.21906,0.04515199999994781,94125.77939999984,94293.83899999947,92921.14809523802
1768867200,92590.15,92797.63,92375.46,92639.96,0.01467,0.04303699999994781,94138.71554999985,94251.09299999947,92934.15714285708
1768870800,92720.68,92816.27,92526.96,92783.55,0.00115,0.04280899999994781,94152.60054999984,94204.58319999947,92939.60142857136
1768874400,92450.22,92640.96,92382.58,92598.59,0.00188,0.04058249999994781,94164.86529999984,94158.43199999945,92943.19428571423
1768878000,92562.66,92601.61,92257.32,92434.67,0.0018,0.040326499999947814,94177.46329999983,94104.89119999945,92948.69571428566
1768881600,92375.16,92410.39,92000,92022.8,0.11396,0.04529549999994781,94188.85284999984,94050.69979999945,92953.58999999994
1768885200,92030.53,92030.53,91300,91721.85,2.12061,0.1510779999999478,94200.03119999984,94001.06079999945,92955.82857142852
1768888800,91525.09,91540.27,90755.09,90858.2,0.048,0.15164849999994784,94208.27764999984,93953.35519999947,92948.75190476184
1768892400,90869.19,91245.55,90839.47,91121.07,0.02833,0.15032849999994782,94217.58229999983,93902.95359999947,92918.45523809518
1768896000,91126.69,91146.91,90641.2,90992.01,0.25305,0.16084449999994782,94225.82419999983,93853.21799999947,92843.46238095232
1768899600,91084.31,91084.31,90872.94,91021.13,0.12376,0.1658459999999478,94235.16194999983,93793.12999999948,92739.85666666662
1768903200,90963.91,91531.59,90960.71,91223.49,0.183,0.1741994999999478,94244.08214999983,93725.39579999946,92649.16809523804
1768906800,91298.06,91675.05,91217.53,91217.53,0.16817,0.1758709999999478,94253.23244999984,93640.90439999948,92544.04333333329
1768910400,91157.63,91256.97,91031.33,91256.97,0.01598,0.1746404999999478,94260.16644999984,93561.14979999946,92447.00380952375
1768914000,91224.21,91224.21,90761.83,90890.48,0.04358,0.1702159999999478,94265.23429999984,93478.01819999947,92361.09285714281
1768917600,90956.78,91299.05,90281.96,90487.84,0.15496,0.17649899999994778,94267.21614999983,93397.44059999946,92286.26809523805
1768921200,90481.91,91044.73,89341.1,90651.93,1.00749,0.22587899999994776,94268.57329999983,93319.37679999946,92204.07380952376
1768924800,90719.53,90886.11,90010.42,90155.76,0.11067,0.23116949999994776,94270.12049999984,93238.57379999945,92089.70619047614
1768928400,90176.74,90412.34,89417.41,89737.16,0.17405,0.23945849999994775,94268.73284999984,93160.94119999945,91948.12714285709
1768932000,89770.53,89863.53,89368.1,89495.28,0.59257,0.26883699999994776,94264.18754999984,93075.46739999944,91833.17190476185
1768935600,89511.64,89711.01,89247.84,89693.72,0.03525,0.25964649999994777,94261.19799999984,92983.39379999944,91689.36238095234
1768939200,89632.76,89746.04,89349.32,89635.59,0.04876,0.26135099999994776,94257.18979999982,92892.76379999943,91528.37380952376
1768942800,89647.37,89777.2,89408.03,89429.99,0.06509,0.2645479999999477,94251.60394999983,92796.45259999944,91361.64047619043
1768946400,89438.31,89584.12,87890.06,88396.62,1.87533,0.35822049999994776,94245.05509999982,92689.43539999943,91219.99571428567
1768950000,88416.07,88481.37,87855.16,88371.68,0.09449,0.36285499999994775,94241.59869999984,92575.47959999944,91078.0752380952
1768953600,88444.48,88908.22,88223.35,88908.22,0.01554,0.35793399999994774,94239.12039999984,92465.06759999943,90925.21952380949
1768957200,88860.05,89075.17,88795.09,88980.68,0.03076,0.25344149999994775,94234.40619999982,92348.04879999941,90716.31809523806
1768960800,89124.7,89227.49,88962.55,88963.06,0.02367,0.25222499999994774,94230.12654999984,92229.21259999942,90515.03666666662
1768964400,88958.6,89478.54,88958.6,89335.05,0.03061,0.25233899999994774,94225.73089999983,92090.69179999942,90347.11047619043
1768968000,89337.23,89511.64,89270.22,89356.22,0.05184,0.24227849999994774,94220.61784999985,91951.65099999942,90202.24761904759
1768971600,89356.22,90018.93,89356.22,89917.69,0.01324,0.23675249999994774,94214.91314999985,91819.98219999942,90070.87666666663
1768975200,89764.7,89764.7,89503.94,89533.51,0.03736,0.22947049999994773,94202.89379999985,91727.03479999941,89998.34571428566
1768978800,89577.2,89577.2,89186.5,89186.5,0.00945,0.22153449999994773,94186.90509999984,91651.82619999941,89914.3052380952
1768982400,89179.48,89347.84,88970.97,89124.7,0.0272,0.22209549999994774,94171.26984999982,91587.44859999942,89863.14714285711
1768986000,89187.25,89385.92,89031.24,89052.35,0.01106,0.2204694999999477,94159.24824999983,91523.7635999994,89792.30809523806
1768989600,89101.56,89602.01,89101.56,89245.92,0.06299,0.2158709999999477,94145.87559999984,91471.6287999994,89695.30857142854
1768993200,89124.7,89325.32,88682.92,88711.6,0.89184,0.21008849999994772,94133.99259999982,91408.6835999994,89595.64999999998
1768996800,88726.8,88763.8,88150,88681.21,4.32813,0.4209614999999477,94123.79494999982,91341.38199999942,89490.66809523807
1769000400,88649.81,88909.72,88510.62,88632.43,1.24763,0.47464049999994773,94118.8878999998,91272.21039999941,89412.35571428567
1769004000,88611.37,89900.25,88545.65,89743.23,4.08593,0.6493084999999477,94110.47884999981,91200.0767999994,89327.77285714282
1769007600,89716.48,90479.49,89716.24,90258.71,2.3375,0.7644209999999477,94100.42524999981,91119.0611999994,89233.929047619
1769011200,90246.75,90246.75,87536.93,87536.93,4.89214,1.0065899999999477,94088.82339999982,91032.61479999938,89161.38952380948
1769014800,87678.55,88057.56,87214.95,87913.25,2.7428,1.1404754999999476,94078.50949999981,90945.7283999994,89161.67857142852
1769018400,87924.37,88563.84,87535.82,88429.18,1.26663,1.1100404999999476,94069.5380999998,90854.38439999938,89198.03238095234
1769022000,88440.72,90373.88,88211.54,90284.29,3.48174,1.2794029999999474,94056.49109999981,90788.06979999939,89095.32809523804
1769025600,90287.71,90295.03,89415.95,90126.96,2.05075,1.3811634999999476,94043.2536499998,90732.69159999938,89013.31190476185
1769029200,90132.15,90273.25,89927.2,90224.98,2.06447,1.4828489999999475,94026.44794999977,90627.65319999939,88965.65428571423
1769032800,90212.53,90295.55,89747.22,89747.22,0.72586,1.5179584999999476,94014.36429999977,90526.25719999937,89055.54333333329
1769036400,89708.23,90103.29,89319.73,89423.87,1.12909,1.5728824999999476,94006.46344999978,90428.99679999937,89139.12809523805
1769040000,89466.13,89927.37,89436.41,89927.37,0.31629,1.5861049999999477,93983.47549999978,90365.46259999936,89201.8309523809
1769043600,89783.82,90117.35,89783.82,90001.98,0.49834,1.6103599999999478,93962.46424999979,90306.68199999936,89238.3328571428
1769047200,90049.27,90244.47,89794.8,89794.8,0.27726,1.6223549999999478,93944.04184999978,90247.66639999938,89260.27619047614
1769050800,89891.23,90077.58,89655.51,89825.61,0.25858,1.6348114999999477,93935.51814999977,90180.25239999937,89288.48190476185
1769054400,89812.44,89999,89746.85,89920.99,0.89077,1.677989999999948,93926.07994999977,90108.79619999937,89319.23238095234
1769058000,89959.78,89988.09,89837.86,89947.38,0.53033,1.703953499999948,93916.51044999975,90053.97839999938,89313.38047619043
1769061600,89956.55,90138.66,89821.99,90099.69,0.13349,1.707478499999948,93902.87379999977,90001.69959999938,89327.28999999995
1769065200,90117.65,90117.65,89718.89,89740.82,0.55801,1.690786999999948,93883.40869999977,89944.79639999937,89362.26571428566
1769068800,89759.69,89896.96,89724.06,89850.09,0.41028,1.494894499999948,93866.50899999976,89885.63759999936,89401.4409523809
1769072400,89850.09,90073.18,89850.09,89959.74,0.0495,1.4349879999999477,93850.53999999976,89832.08559999937,89451.31428571422
1769076000,89977.58,90046.25,89914.71,90044.35,0.24637,1.2430099999999478,93831.68769999975,89782.33979999938,89474.8809523809
1769079600,90024.03,90090.96,89843.34,89858.23,0.38991,1.1456304999999478,93810.62749999975,89743.87759999938,89529.09476190471
1769083200,89882.81,90012.52,89818.05,89955.87,0.48813,0.9254299999999478,93788.25049999976,89704.25699999937,89589.97714285708
1769086800,89955.87,90274.94,89511.64,89554.24,1.39728,0.8581539999999478,93767.66779999975,89684.0947999994,89657.21142857138
1769090400,89516.57,89643.46,89007.82,89027.13,1.23838,0.8567414999999479,93739.43709999975,89660.86819999937,89662.68761904757
1769094000,89009.54,89299.29,88542.85,88942.75,1.05754,0.7355314999999478,93711.22299999975,89641.91499999937,89648.26666666662
1769097600,89012.4,89124.7,88659.09,88937.09,1.77898,0.7219429999999478,93684.42089999975,89618.65699999938,89744.329047619
1769101200,89010.4,89511.64,89010.4,89511.64,0.60508,0.6489734999999478,93657.91969999977,89593.30459999938,89797.3709523809
1769104800,89497.19,89715.8,89130.93,89358.84,1.52866,0.6891134999999479,93630.96669999976,89560.0387999994,89821.82666666662
1769108400,89305.17,89853.02,89073.44,89762.51,0.31366,0.6483419999999479,93602.50329999976,89515.4419999994,89757.67428571424
1769112000,89682.23,89883.03,89382.47,89382.47,0.31985,0.6485199999999479,93576.05264999976,89476.4873999994,89728.37333333328
1769115600,89337.48,89595.85,89173.53,89214.88,0.28549,0.6378774999999479,93548.79539999977,89445.4723999994,89687.12857142852
1769119200,89177.77,89497.58,89064.03,89256.52,0.02623,0.6253259999999479,93519.43104999977,89422.6665999994,89687.85666666662
1769122800,89304.79,89511.63,89120.37,89460.25,0.35261,0.6300274999999479,93488.13969999977,89406.7281999994,89685.8852380952
1769126400,89491.15,89580.26,89442.95,89513.53,0.35622,0.6032999999999479,93458.58604999977,89407.2351999994,89651.9571428571
1769130000,89581.35,89852.68,89545.21,89842.46,0.19599,0.5865829999999479,93431.28764999977,89404.97899999941,89616.459047619
1769133600,89860.35,89860.36,89640.99,89640.99,0.63662,0.6117394999999479,93402.04814999977,89395.40219999941,89600.52809523806
1769137200,89642.03,89860.16,89642.03,89817.06,0.73332,0.6205049999999479,93376.54529999977,89387.8207999994,89585.6671428571
1769140800,89873.76,90030.16,89873.76,89915.95,0.22124,0.6110529999999479,93348.10969999977,89388.4259999994,89581.92761904758
1769144400,89891.22,89910.36,89419.55,89419.55,1.78261,0.6977084999999479,93319.20639999978,89410.76419999938,89567.33761904758
1769148000,89529.03,89689.99,89321.73,89425.55,0.60887,0.7158334999999478,93282.33204999978,89440.17979999939,89553.879047619
1769151600,89448.5,89618.59,89382.48,89477.83,0.43041,0.7178584999999479,93246.69834999977,89454.8351999994,89562.21857142852
1769155200,89457.82,89549.8,89087.41,89152.46,0.68419,0.7276614999999478,93207.91389999978,89471.5627999994,89541.71666666663
1769158800,89138.56,89253.48,88804.11,88888.13,0.77835,0.6967149999999478,93172.2678499998,89490.62059999938,89516.279047619
1769162400,88888.12,89068.85,88801.49,88961.31,0.57747,0.6636694999999478,93134.38264999978,89492.31059999941,89489.30190476186
1769166000,88961.3,89242.15,88929.95,89101.91,0.28894,0.6252394999999479,93096.95699999979,89493.69719999941,89455.69380952376
1769169600,89155.67,89281.58,89027.18,89179.72,0.70503,0.5715419999999478,93059.17539999977,89484.8999999994,89404.84904761899
1769173200,89179.71,89363.57,89150.45,89258.31,2.15775,0.649175499999948,93018.96224999978,89477.27899999941,89376.61428571424
1769176800,89258.31,89629.47,88560.51,88908.12,4.27401,0.7864429999999478,92981.52874999978,89471.3115999994,89380.1752380952
1769180400,88962.61,89717.88,88469.26,89656.4,5.34892,1.0382059999999478,92943.72524999976,89468.04379999942,89391.45952380946
1769184000,89655.25,90350.82,89401.56,90062.8,2.0216,1.1232934999999478,92906.27579999976,89469.0349999994,89406.75571428565
1769187600,89967.68,91132.7,89896.35,90508.83,1.2465,1.1713439999999478,92868.95289999974,89467.71099999941,89378.0166666666
1769191200,90461.45,90930.95,90421.04,90442.5,0.44637,1.1923509999999478,92832.62894999975,89478.64519999942,89392.18619047612
1769194800,90318.53,90421.03,89537.04,89881.95,0.7295,1.211195499999948,92798.45749999976,89483.1833999994,89406.48571428565
1769198400,89863.25,90071.16,89124.71,89405.35,1.40583,1.263675999999948,92762.84459999975,89503.66279999941,89460.12190476184
1769202000,89404.9,89598.68,89252.94,89263.49,0.97621,1.302686999999948,92727.22219999974,89510.0541999994,89518.57999999994
1769205600,89266.62,89691.73,89266.47,89549.88,0.4387,1.292790999999948,92690.23479999974,89515.0565999994,89548.36238095231
1769209200,89507.7,89549.07,89389.27,89516.72,0.28322,1.270285999999948,92655.82334999974,89573.16799999941,89545.74809523804
1769212800,89520.31,89561.94,89338.03,89382.48,0.32226,1.275336999999948,92623.21169999975,89612.54199999939,89533.84142857137
1769216400,89361.54,89510.17,89361.54,89452.24,0.18106,1.1952594999999477,92589.97894999976,89632.06539999941,89519.90904761899
1769220000,89477.77,89633.38,89477.77,89614.93,0.26128,1.1778799999999479,92558.03874999975,89611.6493999994,89513.99142857136
1769223600,89614.93,89817.12,89573.91,89672.46,0.89128,1.2009234999999479,92524.17814999976,89600.1077999994,89493.29714285707
1769227200,89672.46,89748.34,89641,89748.34,0.06512,1.1699699999999478,92486.64244999975,89585.94259999938,89471.21571428564
1769230800,89748.34,89769.59,89663.73,89693.16,0.04274,1.1331894999999477,92448.49844999975,89578.6477999994,89480.51952380946
1769234400,89693.16,89693.16,89545.77,89550.42,0.12237,1.1104344999999476,92416.11624999976,89579.21519999938,89492.27714285708
1769238000,89535.82,89582.04,89459.83,89520.24,0.1606,1.1040174999999475,92379.95199999977,89572.9663999994,89505.1585714285
1769241600,89508.61,89581.9,89476.8,89567.67,0.13962,1.0757469999999476,92342.84564999977,89566.37599999938,89530.90619047612
1769245200,89567.67,89567.67,89480.88,89491.53,0.17285,0.9765019999999476,92306.93649999976,89565.44679999938,89562.44380952374
1769248800,89493.82,89550.31,89465.26,89511.69,0.28049,0.7768259999999476,92275.61219999977,89562.79779999937,89589.05952380945
1769252400,89520.82,89559.08,89483.49,89483.49,0.14916,0.5168379999999476,92246.53594999976,89555.38639999938,89611.2385714285
1769256000,89483.51,89483.51,89374.75,89408.67,0.15843,0.4236794999999476,92219.24724999975,89546.84359999938,89626.0866666666
1769259600,89424.05,89445.76,89285.84,89285.84,0.41708,0.3822084999999476,92189.56364999976,89536.20319999936,89638.1523809523
1769263200,89285.84,89400.77,89106.19,89344.63,0.35494,0.3776369999999476,92158.69634999975,89531.21739999937,89665.55095238087
1769266800,89344.63,89391.94,89150.41,89169.86,0.25361,0.3538424999999476,92128.53869999977,89524.44939999936,89653.75428571421
1769270400,89169.86,89253.48,89043.01,89183.01,0.90099,0.3286004999999476,92097.49739999976,89514.92439999938,89616.75619047612
1769274000,89183.01,89306.35,89183,89287.7,1.24273,0.3419264999999476,92066.54999999976,89502.21079999936,89561.31809523804
1769277600,89287.7,89356.92,89266.41,89310.76,1.02471,0.3712269999999476,92036.86209999977,89490.76299999938,89500.71619047613
1769281200,89310.76,89310.76,89166.11,89227.72,1.40347,0.42723949999994765,92006.94439999975,89478.53819999937,89467.43333333328
1769284800,89227.72,89297.61,89227.72,89286.62,0.69687,0.4459699999999477,91977.88534999976,89470.85059999936,89461.8309523809
1769288400,89286.62,89286.62,89163.83,89281.98,0.73574,0.4737039999999476,91946.70714999977,89473.96819999936,89464.08190476184
1769292000,89281.98,89388.52,89228.46,89314.04,0.33217,0.4772484999999477,91914.71024999979,89480.86719999937,89448.74095238089
1769295600,89335.52,89360.79,89102.7,89128.69,0.53159,0.4592639999999476,91882.1755499998,89488.34059999937,89437.78380952375
1769299200,89128.69,89193.13,89084.37,89193.13,0.34256,0.47313599999994765,91849.42669999978,89482.6621999994,89432.99809523803
1769302800,89193.13,89209.47,88995.14,89055.92,0.44715,0.4933564999999477,91817.49409999978,89481.21779999937,89426.41714285707
1769306400,89055.9,89151.74,89016.29,89031.34,0.24937,0.4997064999999477,91786.87379999977,89471.60719999939,89403.26285714279
1769310000,89031.34,89074.29,88740.61,88866.11,0.20701,0.5020269999999477,91755.97179999975,89470.2385999994,89380.43761904755
1769313600,88866.11,88981.66,88844.65,88936.96,0.17431,0.5037614999999477,91725.43154999975,89468.5147999994,89347.46523809517
1769317200,88936.96,88942.13,88759.41,88879.5,0.11894,0.5010659999999476,91694.95209999976,89467.24699999939,89315.94999999994
1769320800,88879.5,88879.5,88568.56,88727.96,0.55361,0.5147219999999477,91665.29229999974,89459.1603999994,89283.36380952375
1769324400,88727.96,88727.96,88515.05,88548.51,0.35825,0.5251764999999476,91637.89999999976,89449.51659999939,89255.58857142851
1769328000,88548.51,88642.4,88000.94,88222,0.52935,0.5437224999999477,91609.86414999975,89429.98959999938,89222.8185714285
1769331600,88222,88397.37,88133.28,88295.82,0.48809,0.5472729999999477,91580.14374999976,89415.90899999937,89186.45809523803
1769335200,88295.82,88550.29,88295.82,88538.53,0.37472,0.5482619999999477,91549.63809999976,89397.15779999938,89140.59238095232
1769338800,88516.55,88595.45,88428.36,88458.93,0.29123,0.5501429999999478,91518.88769999976,89373.39799999938,89080.52142857137
1769342400,88442.59,88703.07,88322.98,88684.23,1.18319,0.5642529999999477,91486.65429999976,89355.97719999937,89027.52857142851
1769346000,88684.23,88867.65,88545.11,88827.11,1.01156,0.5526944999999477,91453.37374999974,89331.90619999936,88991.94238095233
1769349600,88827.11,88827.11,88510.98,88613.67,0.85584,0.5442509999999477,91420.26694999974,89308.26599999936,88949.76619047613
1769353200,88613.67,88675.05,88287.17,88347.69,0.28753,0.4884539999999477,91385.44854999974,89295.98739999934,88926.6409523809
1769356800,88352.57,88352.57,87478.38,87990.87,2.6546,0.5863404999999478,91349.07434999975,89287.40339999934,88909.69333333329
1769360400,87977.89,88012.13,87670.32,87780.35,1.09164,0.6041354999999478,91313.49504999974,89281.86179999936,88877.5966666666
1769364000,87762.11,87879.75,86733.42,87321.34,1.61943,0.6684984999999477,91279.52889999974,89276.36579999934,88831.73619047613
1769367600,87304.44,87437.19,86143.91,86416.41,1.74639,0.7292384999999477,91245.36524999974,89265.04479999935,88772.83857142853
1769371200,86478.5,86632.61,86163.76,86552.37,0.96789,0.7605049999999477,91212.33729999974,89246.83239999934,88701.11142857137
1769374800,86595.43,86920.44,86347.87,86497.31,0.53844,0.7650694999999477,91179.90014999974,89228.48739999934,88607.74761904756
1769378400,86497.31,86587.49,86190.31,86340.61,0.65979,0.7855904999999476,91146.72514999972,89190.96639999934,88469.76523809518
1769382000,86445.2,86689.6,86054.28,86563.18,0.6815,0.8093149999999476,91112.68384999974,89136.13719999934,88347.08333333328
1769385600,86609.82,87062.39,86445.23,86733.62,0.59579,0.8303889999999476,91076.29559999972,89054.28879999934,88218.71095238089
1769389200,86827.39,87686.61,86804.4,87584.94,0.61249,0.8550664999999478,91038.88659999972,88976.48619999934,88089.41047619042
1769392800,87450.13,87862.23,87414.47,87460.95,0.2719,0.8409809999999478,90999.76794999972,88908.79339999934,87971.87904761899
1769396400,87487.72,87593.57,87089.08,87150.56,1.01534,0.8738354999999476,90955.52409999972,88847.49859999934,87870.33190476184
1769400000,87219.48,87846.93,87150.47,87689.01,4.20879,1.0578074999999476,90911.93504999972,88793.49239999933,87805.94999999994
1769403600,87720.17,87846.93,87720.15,87764.4,0.40963,1.0538844999999477,90867.46509999974,88737.16719999934,87738.39999999995
1769407200,87716.45,87949.65,87706.99,87872.88,0.12755,1.0415259999999475,90821.87374999972,88698.53159999933,87663.28571428567
1769410800,87797.86,87955.87,87669.88,87936.98,0.35876,1.0449024999999477,90777.13184999973,88660.10099999934,87622.3571428571
1769414400,87936.98,88295.7,87785.35,87911.81,0.63688,1.0175869999999478,90734.44899999973,88614.06739999933,87600.56666666662
1769418000,87824.9,87824.9,87529.64,87590.35,0.17176,0.9755969999999478,90695.80839999972,88575.54899999932,87580.42666666662
1769421600,87592.41,87872.37,87583.93,87835.19,0.158,0.9407049999999477,90655.89609999972,88537.38779999933,87551.7814285714
1769425200,87835.19,87913.85,87700,87772.6,0.09256,0.9309564999999477,90615.12769999972,88499.87859999934,87525.72809523805
1769428800,87826.74,87915.62,87651.98,87712.19,0.1397,0.8052114999999477,90576.84624999973,88464.75499999935,87473.63857142853
1769432400,87718.47,87972.33,87623.4,87901.03,0.16482,0.7588704999999477,90539.04079999973,88431.98279999934,87426.40428571423
1769436000,87901.02,88360.81,87381.39,88135.03,1.76186,0.7659919999999477,90502.79564999971,88393.38499999933,87386.3533333333
1769439600,88124.2,88759.5,87266.93,87593.59,1.78837,0.7680909999999478,90466.63639999973,88358.73539999934,87356.0914285714
1769443200,87601.86,87846.93,87161.56,87569.43,0.29789,0.7345909999999478,90430.60209999973,88324.35679999932,87351.8133333333
1769446800,87528.67,87694.63,86974.35,87644.12,0.78181,0.7467594999999478,90393.94659999972,88288.3667999993,87368.70285714282
1769450400,87632.82,88311.1,87609.84,88311.1,1.61507,0.7945234999999478,90357.98654999971,88256.71759999933,87381.66714285711
1769454000,88359.5,88470.02,87896.41,87963.97,0.85612,0.8032544999999478,90321.30674999971,88231.24479999932,87436.57285714282
1769457600,87963.97,88063.98,87475.37,87537.55,0.28926,0.7879279999999478,90284.45384999971,88197.39979999932,87488.56095238091
1769461200,87536.66,88126.21,87500.29,88015.95,0.44261,0.7794339999999479,90248.41499999972,88161.89579999931,87574.93190476186
1769464800,87990.5,88209.02,87957.74,88108.47,0.03162,0.7674199999999478,90213.34719999971,88131.38099999931,87652.23476190472
1769468400,88101.72,88602.83,87973.9,88311.6,0.2183,0.7275679999999478,90176.06509999972,88113.9427999993,87698.6333333333
1769472000,88324.31,88390.54,88142.42,88320.55,0.39318,0.5367874999999478,90138.27884999971,88087.46819999932,87759.69666666664
1769475600,88200.61,88612.66,88132.41,88467.33,0.04901,0.5187564999999479,90100.21104999972,88052.0039999993,87784.62666666663
1769479200,88485.18,88776.97,88483.51,88697.14,0.59866,0.542311999999948,90066.07354999971,88027.76859999928,87825.13380952377
1769482800,88796.25,88797.21,88629.21,88658.19,0.07084,0.527915999999948,90030.0725499997,88004.2055999993,87880.84761904759
1769486400,88683.18,88865.89,88417.73,88489.36,0.52173,0.522158499999948,89992.3026999997,87984.7979999993,87917.91047619045
1769490000,88489.36,88504.98,88330.87,88365.87,0.40599,0.5338699999999479,89956.46529999972,87964.92819999931,87962.32666666663
1769493600,88365.87,88448.76,88173.62,88240.54,0.23493,0.537716499999948,89922.15104999972,87951.7009999993,87999.72238095236
1769497200,88240.54,88483.5,88230.03,88231.36,0.30331,0.5482539999999478,89888.26894999972,87941.7811999993,88026.02619047617
1769500800,88231.36,88303.08,88027.73,88079.2,0.36263,0.5594004999999479,89853.90634999971,87933.82659999929,88047.64809523808
1769504400,88079.2,88079.2,87770.6,87771.14,1.01714,0.6020164999999478,89820.1713999997,87922.98699999928,88078.6095238095
1769508000,87865.46,87931.11,87663.84,87681.86,0.65411,0.5466289999999477,89786.22444999972,87912.9821999993,88097.47476190476
1769511600,87689.42,87983.81,87676.55,87886.85,0.12779,0.4635999999999477,89752.65639999973,87899.05379999928,88112.07476190475
1769515200,87887.16,88057.98,87850.45,87875.13,1.45392,0.5214014999999477,89718.48989999972,87886.09099999929,88114.88190476189
1769518800,87889.33,87971.68,87694.47,87909.03,2.96405,0.6305134999999477,89683.70064999972,87873.11579999927,88104.44523809521
1769522400,87909.02,88364.22,87548.85,87615.26,5.35402,0.8174609999999477,89647.4450499997,87857.56839999929,88092.62714285713
1769526000,87565.47,88059.38,87468.44,87923.39,6.76081,1.1126954999999477,89620.4615999997,87846.76559999929,88106.0338095238
1769529600,87974.98,88684.54,87960.21,88572.71,0.48069,1.1222669999999477,89597.24014999972,87838.58619999928,88122.20523809522
1769533200,88547.17,88566.54,87214.94,87469.76,1.15813,1.1580429999999478,89573.32619999973,87825.3181999993,88120.83095238094
1769536800,87414.45,88355.82,87414.45,88228.33,0.8462,1.1987719999999478,89549.03314999971,87814.32019999929,88102.36857142855
1769540400,88182.88,88429.66,87973.88,88287.67,0.88634,1.2321739999999477,89525.84524999972,87792.9407999993,88131.35619047617
1769544000,88290.34,89407.99,88290.34,89282.1,1.00071,1.2625504999999477,89501.81704999972,87774.86639999929,88128.12809523808
1769547600,89253.01,89446.9,88914.52,88914.52,1.19585,1.319892499999948,89478.60429999973,87774.04719999926,88138.2414285714
1769551200,89061.75,89266.38,88932.56,89168.69,0.18564,1.299241499999948,89453.76419999971,87756.48859999927,88146.77476190474
1769554800,89124.7,89428.68,89062.14,89136.9,0.38522,1.3149604999999478,89430.08599999972,87761.23779999929,88192.98904761902
1769558400,89170.16,89356.85,89054.36,89356.84,0.76628,1.3271879999999476,89406.46604999973,87771.38419999927,88221.2733333333
1769562000,89322.01,89377.65,89083.84,89302.74,0.65543,1.3396599999999477,89378.64524999972,87810.59939999926,88254.6714285714
1769565600,89302.74,89329.08,89029.23,89124.7,0.02008,1.3289174999999478,89354.65924999974,87860.56159999927,88275.61238095236
1769569200,89147.63,89147.63,88890.87,89027.16,0.34631,1.3310674999999477,89330.09944999975,87912.88799999926,88308.88142857139
1769572800,88993.25,89064.5,88719.34,88880.13,0.23068,1.3244699999999479,89311.21514999973,87965.67979999926,88347.61380952377
1769576400,88909.85,88977.17,88749.98,88924.04,0.15878,1.2815519999999476,89290.64964999974,88026.00439999926,88383.74857142854
1769580000,88996.09,89307.4,88996.09,89217.54,0.26966,1.2623294999999477,89272.54884999973,88080.79559999928,88421.20666666662
1769583600,89256.59,89265.65,88998.95,89040.48,0.31571,1.2717254999999477,89253.31809999973,88128.61719999927,88452.10047619043
1769587200,89040.48,89136.23,88801.05,88835.19,1.25398,1.2617284999999474,89233.64129999973,88157.46159999928,88492.3309523809
1769590800,88842.8,89444.03,88771.21,89444.03,0.83838,1.1554449999999474,89212.84999999974,88185.84519999927,88561.2071428571
1769594400,89464.98,89516.78,89253.49,89323.55,1.27767,0.9516274999999474,89193.14354999975,88221.31479999928,88625.90333333329
1769598000,89323.37,90030.17,89253.49,89990.55,0.59181,0.6431774999999476,89172.40054999973,88251.88539999927,88671.06238095234
1769601600,89907.15,90065.36,89726.51,89901.99,0.98796,0.6685409999999475,89151.21159999975,88277.40699999926,88745.77190476186
1769605200,89922.92,90391,89901.99,90160.27,0.3027,0.6257694999999475,89130.84839999976,88296.65319999927,88813.12999999996
1769608800,90160.27,90493.1,89382.48,89524.05,0.51731,0.6093249999999475,89113.59479999974,88326.79419999928,88926.23904761902
1769612400,89524.11,89753.74,88815.36,89430.97,0.80258,0.6051369999999475,89095.71759999976,88355.02899999928,89020.45809523806
1769616000,89396.03,89694.89,89171.85,89596.08,0.92132,0.6011674999999476,89076.69374999976,88403.03299999928,89096.05619047616
1769619600,89541.64,90487.86,89229.4,90070.73,3.66164,0.7244569999999475,89059.99614999974,88444.36899999928,89193.87952380949
1769623200,90046.37,90046.37,89314.33,89451.74,0.46718,0.7385339999999476,89043.62094999975,88492.12239999928,89251.14809523805
1769626800,89408.22,89515.53,88928.57,89438.53,0.58863,0.7487044999999476,89031.40034999973,88528.35959999928,89313.4533333333
1769630400,89259.95,89770.53,88897.16,88975.7,1.28471,0.7746259999999476,89020.79629999975,88558.95839999929,89351.00714285711
1769634000,89070.07,89377.36,88779.8,89340.99,1.11336,0.7975224999999476,89012.98839999975,88588.17939999928,89376.58904761903
1769637600,89325.87,89325.87,89055.45,89268.21,0.28386,0.8107114999999476,89006.31764999975,88637.72219999928,89389.43857142853
1769641200,89306.15,89325.22,89122.16,89194.06,1.00159,0.8434754999999475,88997.86714999974,88675.3683999993,89381.76238095234
1769644800,89200.03,89251.92,88814.6,89039.78,0.66944,0.8654134999999477,88990.88749999974,88711.2565999993,89381.00761904758
1769648400,89025.81,89061.83,88439.3,88503.02,0.5852,0.8867344999999476,88986.13549999974,88724.54859999931,89379.3633333333
1769652000,88480.96,88633.78,87608.91,87753.35,0.99709,0.9231059999999477,88977.27674999973,88752.0889999993,89382.66619047616
1769655600,87716.06,88116.22,87688.8,87880.18,1.27686,0.9711634999999477,88968.38174999972,88786.7021999993,89383.26714285712
1769659200,87939.36,88236.71,87799.56,88219.04,0.7889,0.9479094999999479,88956.97539999973,88810.2643999993,89365.3095238095
1769662800,88274.69,88274.69,88060.66,88078.66,0.16928,0.9144544999999479,88949.22794999972,88828.8905999993,89309.56238095235
1769666400,88075.9,88232.64,88066.3,88231.06,0.58753,0.8799474999999479,88943.12979999972,88832.71899999931,89245.87857142853
1769670000,88260.69,88329.94,88140.34,88206.4,1.45499,0.9231064999999479,88935.84044999974,88821.37499999932,89206.76238095235
1769673600,88223.37,88335.05,87663.32,87962.3,3.28925,1.0381709999999478,88930.26054999973,88809.6319999993,89170.7371428571
1769677200,88006.82,88006.82,87642.88,87642.88,0.45515,1.0457934999999476,88924.08984999971,88800.06999999931,89112.97666666664
1769680800,87769.48,87859.96,87720.17,87850.97,0.86869,1.0633624999999478,88915.38019999972,88788.47939999931,89059.77904761901
1769684400,87823.16,87932.45,87685.1,87726.48,0.2466,1.035563499999948,88906.31249999972,88783.31339999932,88963.19571428568
1769688000,87709.96,87995.18,87709.26,87995.18,0.79266,1.029130499999948,88899.22974999974,88780.1239999993,88855.61904761902
1769691600,88032.72,88035.77,87847.63,87923.11,1.29688,0.910892499999948,88892.47309999973,88774.55919999929,88745.65238095235
1769695200,87923.12,87966.55,86947.74,86948.46,2.46618,1.0108424999999481,88891.64529999973,88762.7895999993,88660.05380952379
1769698800,86900,86900,84300,84798.5,6.93754,1.3282879999999484,88890.81889999972,88758.22499999931,88591.68285714283
1769702400,84732.1,85243.33,84187.67,85173.93,2.17193,1.3726489999999483,88886.08929999973,88757.3317999993,88512.01761904759
1769706000,85183.65,86024.73,83954.21,84126.48,3.24097,1.4790294999999483,88879.40029999973,88763.59819999931,88363.33809523807
1769709600,84170.91,84509.92,83339.14,83348.13,4.09548,1.6696104999999484,88873.83984999973,88764.32339999932,88141.75523809521
1769713200,83352.8,84177.56,83276.45,83878.34,4.1035,1.8247059999999486,88865.79699999973,88745.78999999932,87938.67904761902
1769716800,83871.74,84196.28,83700,84091.52,1.2968,1.8560739999999485,88858.99179999971,88683.57939999932,87707.76380952378
1769720400,84159.92,84530.95,84106.74,84401.96,1.44565,1.8990964999999485,88849.01889999973,88634.75279999932,87422.38952380948
1769724000,84425.81,84503.71,84208.52,84431.57,2.36969,1.9677264999999484,88836.0936499997,88558.81459999934,87165.72904761901
1769727600,84460.66,84614.57,84321.4,84614.57,1.27656,1.967711499999948,88814.15364999972,88454.32299999932,86922.75095238091
1769731200,84643.59,84646.43,84059.95,84118.75,2.17979,2.037255999999948,88794.39979999972,88382.49459999932,86701.90238095235
1769734800,84073.97,84083.05,81000,82390.26,1.78531,2.1180574999999484,88769.77044999972,88299.75839999932,86508.02380952376
1769738400,82319.94,82413.7,80815.64,81935.9,2.18567,2.1979644999999484,88740.28149999972,88222.04419999933,86358.55809523806
1769742000,82082.53,82603.04,82005.05,82578.88,0.89028,2.169728999999948,88716.11519999974,88125.03359999933,86179.44238095234
1769745600,82578.88,83206.19,82576.59,82801.8,1.5975,2.085141499999948,88693.16674999973,88039.03459999932,85901.88142857139
1769749200,82814.16,83218.61,82814.16,82898.93,0.82646,2.1037069999999476,88672.01439999971,87938.03579999931,85609.36904761901
1769752800,82799.51,82799.51,81966.6,82551.37,0.90971,2.1057579999999474,88645.45609999972,87803.10299999932,85340.21761904757
1769756400,82510.5,82962.95,82374.69,82706.24,2.37666,2.2122609999999474,88617.23539999971,87654.6841999993,85082.85571428567
1769760000,82708.35,82880.62,82322.73,82554.48,5.51269,2.4482624999999474,88600.14449999972,87520.20699999933,84841.74285714282
1769763600,82558.03,82709.95,82041.78,82250.75,4.13647,2.5902419999999475,88572.52954999974,87393.74899999933,84599.28999999995
1769767200,82264.01,82780.71,82077.4,82715.85,0.92191,2.513028499999947,88540.06314999971,87271.18439999933,84354.3028571428
1769770800,82715.84,83197.98,82597.14,83045.29,0.45633,2.188967999999947,88501.53609999974,87144.60919999931,84108.01714285709
1769774400,83060.47,83202.89,82533.87,82720.51,1.96359,2.178550999999947,88464.91029999973,87020.25319999934,83834.47285714281
1769778000,82698.97,82916.46,82297.89,82637.79,1.71729,2.102366999999947,88428.28004999971,86886.99199999933,83586.50809523805
1769781600,82761.56,83672.44,82701.88,82896.09,2.03564,1.9993749999999468,88392.30079999972,86751.1973999993,83400.6428571428
1769785200,83014.67,83514.86,82293.36,82796.67,2.75988,1.932193999999947,88358.71264999971,86628.81059999933,83301.6909523809
1769788800,82769.72,83348.95,82466.66,82958.65,1.09444,1.9220759999999468,88321.84819999972,86500.83579999933,83180.92238095232
1769792400,83018.68,83371.96,82542.3,82814.48,14.6054,2.5800634999999468,88283.09204999972,86368.77499999935,83122.33238095234
1769796000,82830.75,84044.13,81764.99,83801.43,7.73135,2.8481464999999466,88247.69729999972,86221.71979999934,83096.07238095233
1769799600,83801.42,84487.73,83801.42,84210.01,1.90142,2.8793894999999465,88213.79569999973,86081.60179999932,83052.27761904757
1769803200,84132.04,84145.5,83490.19,83754.5,4.22526,2.981662999999947,88177.79329999973,85934.32979999934,82991.46619047613
1769806800,83848.62,84378.5,83671.3,84138.88,1.43961,2.9643779999999467,88141.24534999972,85803.02179999933,82962.86952380947
1769810400,84161.55,84201.41,83807.03,84079.64,0.47895,2.8790419999999464,88105.22734999971,85670.69199999934,82952.31904761899
1769814000,84104.61,84160.03,83817.33,84156.7,0.16687,2.842871499999947,88070.5065999997,85554.79899999933,82911.36333333325
1769817600,84131.08,84131.08,83906.41,83941.87,0.48444,2.787218499999947,88036.04939999971,85437.58459999933,82912.32190476183
1769821200,84059.26,84138.13,83813.75,83913.15,0.61163,2.776476999999947,88000.3230999997,85323.63979999935,82992.7685714285
1769824800,83914.8,84074.14,83710.83,84052.38,0.18175,2.7400789999999473,87969.10849999971,85217.64679999936,83098.52095238089
1769828400,84045.59,84100.86,83942.88,83942.88,0.03763,2.623127499999947,87940.8673999997,85119.72559999935,83163.42523809518
1769832000,83984.04,83984.04,83827.98,83885.68,0.04041,2.349513499999947,87909.86054999972,85016.03979999936,83216.3466666666
1769835600,83813.78,83991.98,83789.54,83905.14,0.09611,2.1474954999999474,87882.78374999973,84909.51299999935,83271.27285714279
1769839200,83905.14,83936.53,83534.93,83686.5,0.22867,2.1128334999999474,87858.04629999973,84803.89479999935,83337.53523809517
1769842800,83631.56,83689.93,83286.06,83424.33,0.17388,2.0987109999999474,87834.11604999975,84704.14679999936,83393.69904761898
1769846400,83450.15,83502.33,82465.44,83068.79,1.18475,2.059768999999947,87809.13994999974,84612.94399999935,83458.01619047612
1769850000,82971.79,83156.28,82811.03,82991.94,0.22041,1.9849249999999472,87781.14749999974,84535.59059999936,83526.38523809516
1769853600,83026.38,83084.31,82842.12,83034.88,0.19803,1.8930444999999474,87754.61519999975,84456.08979999933,83560.12238095229
1769857200,83012.1,83012.1,82744.3,82870.55,0.18136,1.764118499999947,87725.51704999973,84365.43899999936,83561.24142857135
1769860800,82964.91,83034.87,82640.63,82640.63,1.14641,1.7667169999999472,87698.03309999974,84272.35239999935,83574.16666666657
1769864400,82645.32,82764.15,82413.57,82584.69,0.50553,1.0617234999999474,87671.48439999975,84169.10699999933,83593.07571428562
1769868000,82677.34,82755,80744.31,81436.05,2.06913,0.7786124999999473,87643.63429999976,84064.81779999933,83591.85952380943
1769871600,81384.22,81635.67,81014.71,81163.2,1.4598,0.7565314999999473,87613.45469999977,83966.26939999935,83584.42904761895
1769875200,81235.33,82091.38,80000,80292.68,4.64836,0.7776864999999473,87581.23099999975,83870.82279999935,83566.62142857134
1769878800,80323.67,80437.57,78100,78756.28,4.99644,0.9555279999999474,87546.97839999976,83766.61599999934,83500.98190476181
1769882400,78829.84,78989.6,75678,77966.1,3.98784,1.1309724999999473,87513.94784999976,83663.78019999935,83375.35190476182
1769886000,77966.1,78441.6,77156.21,77721.72,2.05117,1.2251874999999472,87479.21529999975,83532.59759999935,83188.8123809523
1769889600,77723.31,78021.83,77045.38,77941.71,1.19865,1.2608979999999472,87442.83869999975,83397.39939999935,82950.80190476181
1769893200,77918.58,78247.43,77325.49,78109.26,1.01932,1.2812824999999473,87408.66439999975,83264.28379999935,82656.8599999999
1769896800,78245.26,78411.96,78000,78091.41,0.21169,1.2827794999999473,87368.71689999975,83143.43939999933,82354.10190476182
1769900400,78137.94,79123.88,78078.19,78610.81,1.54341,1.3580684999999473,87327.14374999976,82999.28279999935,82058.14999999989
1769904000,78744.33,79344.22,78726.63,78851.75,0.90089,1.4010924999999472,87282.84484999975,82871.18759999934,81780.40666666657
1769907600,78772.1,78787.77,78249.99,78421.58,0.19582,1.4060779999999473,87232.18559999976,82763.05919999933,81503.18095238085
1769911200,78517.78,78818.3,78319.43,78685.55,0.13888,1.4015884999999473,87177.20954999975,82647.67759999934,81244.05857142847
1769914800,78898.95,78898.95,78644.2,78771.93,0.27692,1.4067404999999473,87120.30859999977,82527.67539999932,81001.6238095237
1769918400,78771.93,79041.55,78714.12,78913.05,0.49405,1.3722054999999473,87064.11854999977,82411.85239999933,80741.42857142848
1769922000,78914.64,78914.64,78475.57,78530.53,1.08296,1.4153329999999473,87008.37329999977,82300.25599999934,80492.87666666656
1769925600,78591.78,78741.06,78203.92,78275.46,0.26792,1.4188274999999473,86954.28974999979,82176.39619999932,80258.84952380942
1769929200,78264.67,78595.27,77931.12,78376.82,0.6388,1.4416994999999473,86899.06179999979,82067.73219999931,80044.02666666656
1769932800,78380.57,78752.71,78211.56,78504.97,0.30726,1.3997419999999472,86843.00654999979,81995.36559999932,79827.91904761894
1769936400,78546.2,79033.03,78507.53,79033.03,0.26935,1.3879329999999472,86782.57029999979,81934.90859999933,79603.32476190466
1769940000,78930.85,79170.8,78100.37,78220.82,0.44493,1.306722999999947,86723.7855499998,81853.94159999934,79381.51238095228
1769943600,78357.21,78832.08,78283.42,78675.9,0.38967,1.2532164999999469,86668.23544999979,81763.41479999933,79173.6276190475
1769947200,78697.33,78697.33,78214.93,78417.76,1.52428,1.097012499999947,86615.77394999978,81672.97259999934,79001.83714285704
1769950800,78443.85,78707.09,78194.89,78249.13,0.47308,0.870844499999947,86562.10914999979,81592.04459999935,78794.0338095237
1769954400,78260.3,78383.27,77213.08,78165.88,2.44211,0.7935579999999469,86505.73704999979,81518.58039999935,78662.59809523799
1769958000,78100.04,78175.05,76741.63,77585.28,3.02681,0.842339999999947,86450.03754999979,81431.90719999935,78531.86285714275
1769961600,77512.04,77760.8,77049.04,77459.35,1.81522,0.873168499999947,86395.64999999979,81360.41019999933,78434.55095238084
1769965200,77404.26,77693.08,77288.27,77570.09,1.508,0.8976024999999469,86343.5539499998,81274.44839999934,78406.43666666656
1769968800,77780.5,78382.29,77728.29,77995.97,1.06408,0.9402219999999468,86286.5833999998,81178.52519999933,78388.30238095226
1769972400,77994.38,77994.38,76963.88,76996.42,1.14972,0.9205374999999467,86231.60059999979,81087.43259999933,78375.80857142845
1769976000,76996.42,77584.46,76635.3,77064.21,1.47523,0.9492544999999467,86174.94769999977,80986.38239999933,78358.11238095227
1769979600,77066.32,77112.41,76323.61,76454.53,1.67273,1.0230999999999466,86117.72754999976,80877.64759999933,78352.71761904751
1769983200,76538.22,77677.36,76137.17,77179.78,2.30254,1.1312829999999467,86060.80484999977,80773.11599999934,78300.57523809513
1769986800,77179.75,77491.19,75678,77004.32,3.03438,1.2691559999999467,86001.13004999979,80673.86239999934,78226.9276190475
1769990400,76985.19,78074.95,76600,77586.99,2.15894,1.3524004999999466,85940.58844999978,80557.50119999933,78112.77428571417
1769994000,77645.95,77866.49,76671.45,77587.75,2.23672,1.4100884999999466,85880.98124999978,80422.75679999933,78053.64095238084
1769997600,77358.45,77458.3,76393.9,76393.9,1.70087,1.4817359999999464,85823.40264999977,80267.64719999934,77973.58238095227
1770001200,76417.59,76442.06,74544.95,76218.04,19.1897,2.4092809999999463,85760.96729999976,80136.15279999933,77917.15666666655
1770004800,76238.25,76510.85,75281.79,75800.04,3.87044,2.5874399999999467,85699.24499999978,79993.46159999933,77854.04714285703
1770008400,75852.93,75906.8,74859.11,75399.67,3.28673,2.7383089999999464,85635.08844999978,79863.60859999934,77752.30285714274
1770012000,75464.22,76735.87,74906.59,76421.79,3.34817,2.8834709999999464,85574.26419999977,79732.22959999932,77654.33047619036
1770015600,76411.66,76816.66,76291.79,76566.03,1.99419,2.9636969999999465,85513.43649999978,79581.27019999933,77531.62666666655
1770019200,76556.37,77096.5,76556.37,76843.1,1.40693,2.9578294999999466,85455.4563999998,79427.36799999933,77383.75523809512
1770022800,76840.13,77778.79,76611.97,77663.65,2.62753,3.0655519999999465,85396.95664999979,79262.32119999932,77259.41047619036
1770026400,77681.5,77794.98,77397.4,77453.62,2.08192,3.0475424999999468,85332.37234999977,79091.45699999933,77180.61095238084
1770030000,77458.73,77897.28,77402.55,77669.06,4.16991,3.104697499999947,85267.32394999977,78942.17919999934,77093.33476190465
1770033600,77669.07,78323.88,77664.28,77950.98,1.79164,3.1035184999999474,85199.89104999979,78795.39699999933,77057.42476190465
1770037200,77940.23,78406.01,77767.02,78406.01,0.83437,3.0698369999999473,85130.47949999978,78658.52899999934,77019.54333333322
1770040800,78219.05,78825.42,77304.32,77797.22,3.23422,3.178343999999947,85066.01824999979,78543.31539999932,76995.88523809513
1770044400,77783.17,79283.74,77549.18,78815.25,3.97853,3.3197844999999475,85003.20494999978,78431.01199999933,77013.29952380942
1770048000,78788.77,79209.28,78554.94,78593.01,0.86099,3.2890724999999477,84941.45479999977,78324.55439999934,77058.37857142846
1770051600,78586.22,79176.29,78586.22,78966.51,1.14586,3.262728999999948,84884.49344999976,78222.87639999934,77069.19428571418
1770055200,78885.01,78891.17,78311.94,78618.51,0.33915,3.1645594999999473,84826.60484999977,78133.58559999934,77108.20761904752
1770058800,78527.62,78621.27,78228.1,78327.92,0.47524,3.0366024999999475,84770.61959999977,78036.71739999932,77184.2357142856
1770062400,78291.01,78601.84,77870.89,77937.25,0.90112,2.9737114999999474,84715.68969999977,77961.32859999934,77274.82142857132
1770066000,77985.21,78496.68,77871.61,78481.6,1.4176,2.9327554999999474,84663.32224999975,77904.46779999934,77377.86809523798
1770069600,78511.13,78802.26,78493.38,78742.28,1.64974,2.9301989999999476,84608.66854999977,77860.53399999933,77432.5414285713
1770073200,78755.09,78910.26,78525.12,78690.16,2.27618,2.0845229999999475,84560.00224999976,77827.05059999933,77476.96666666654
1770076800,78706.21,79004.31,78371.25,79004.31,2.68559,2.025280499999947,84511.85729999976,77818.48339999934,77519.56714285703
1770080400,79029.83,79135.76,78750.3,78910.87,0.10661,1.8662744999999474,84465.21074999975,77817.90639999934,77574.54476190465
1770084000,78777.79,78784.56,77740.69,77740.69,2.89996,1.8438639999999473,84415.61064999975,77833.10399999934,77683.89047619037
1770087600,77792.06,78834.83,77609.02,78713.02,4.59628,1.9739684999999472,84364.95559999974,77849.11539999934,77816.56999999989
1770091200,78622.96,78932.04,78460.2,78792.27,1.76958,1.992100999999947,84311.22069999974,77860.73339999934,77964.70476190464
1770094800,78709.8,78723.95,78196.26,78200.45,0.80741,1.901094999999947,84259.49314999973,77878.99139999934,78076.18190476179
1770098400,78183.82,78598.93,77915.41,78525.68,3.09289,1.9516434999999468,84210.13619999973,77884.99259999934,78185.288095238
1770102000,78510.5,78837.17,78446.05,78685.64,1.84018,1.8351569999999466,84161.84854999972,77862.77139999934,78291.2995238094
1770105600,78707.91,79024.61,78425.47,78678.96,2.72282,1.8817159999999464,84116.91574999974,77868.60019999935,78355.93523809512
1770109200,78755.33,78773.53,77920.72,78340.44,1.48837,1.9144159999999466,84072.56834999975,77870.73459999934,78396.98428571418
1770112800,78433.37,78497.43,78028.42,78032.46,0.16741,1.7610754999999465,84024.66509999975,77859.30499999934,78455.65190476179
1770116400,78092.19,78287.82,77867.75,77998.46,1.57426,1.6408619999999465,83986.14814999975,77851.55759999935,78503.74238095226
1770120000,77998,78324.53,77961.85,78243.55,1.58926,1.6772754999999466,83947.34764999975,77854.65979999935,78522.288095238
1770123600,78278.22,78369.6,78126.04,78196.78,0.54999,1.6474819999999468,83905.86334999975,77862.72979999935,78504.49999999988
1770127200,78244.11,78390.43,77133.81,77133.81,2.15324,1.7381864999999468,83866.78869999974,77862.00219999935,78514.08285714274
1770130800,77169.9,78109.61,77028.49,78084.34,2.16698,1.822773499999947,83827.40099999975,77852.55199999936,78486.85904761894
1770134400,78073.34,78073.34,76439.79,76439.79,4.94798,2.025116499999947,83787.12769999975,77831.86059999936,78467.99095238083
1770138000,76447.22,76452.37,74813.76,74840.72,2.8042,2.0944464999999473,83740.90519999975,77832.31519999936,78380.71952380941
1770141600,74881.07,75191.05,73088.78,73112.75,5.53256,2.2885874999999474,83693.76274999975,77822.73279999936,78355.28285714274
1770145200,73040.77,75185.5,72897.64,74878,3.70537,2.3600469999999474,83648.00224999974,77797.05379999935,78265.37190476178
1770148800,74984.22,76616.5,74541.16,76407.29,3.00168,2.3758514999999476,83600.77494999974,77793.75799999935,78117.91809523797
1770152400,76414.47,76854.02,76058.37,76185.68,2.25753,2.4833974999999477,83552.93684999975,77759.23619999934,77862.25857142845
1770156000,76164,76164,75341.8,75585.01,0.56917,2.3668579999999477,83499.24149999974,77704.34499999935,77678.24523809511
1770159600,75609.26,75900.01,75377.19,75628.32,0.17032,2.1455599999999473,83449.97829999974,77617.41299999935,77569.537142857
1770163200,75671.04,76146.64,75405.51,75822.7,0.25358,2.0697599999999476,83392.61819999974,77563.57119999935,77435.31666666653
1770166800,75906.75,76659.27,75906.75,76350.65,0.26268,2.0425234999999478,83328.87004999974,77531.79759999935,77276.94238095226
1770170400,76492.37,76492.37,75646.39,75891.59,2.02536,1.989146999999948,83255.25784999973,77515.58279999933,77176.3533333332
1770174000,75886.02,76874.87,75828.59,76608,19.96542,2.8954089999999484,83190.78484999973,77485.99879999933,77038.71904761891
1770177600,76598.85,76721.17,76350.33,76380.48,7.11031,3.114783499999948,83134.26034999973,77469.47459999933,76922.4514285713
1770181200,76381.97,76428.16,76012.13,76176.43,5.08526,3.2946279999999484,83075.68359999973,77442.33299999934,76812.50571428558
1770184800,76224.21,76681.05,76174.46,76567.48,4.52389,3.5124519999999477,83012.93349999974,77429.25959999934,76721.18761904749
1770188400,76551.11,76571.22,76168.09,76411.48,7.5864,3.813058999999948,82953.10714999975,77395.35159999935,76611.41809523795
1770192000,76410.68,76574.14,75992.8,76525.49,7.37777,4.102484499999948,82894.37349999975,77375.75659999934,76492.24999999985
1770195600,76466.35,76515.74,75904.79,75991.17,4.43424,4.2966969999999485,82837.90614999976,77375.48819999934,76407.82333333319
1770199200,76033.74,76241.15,75989.21,76234.09,1.16218,4.247143999999949,82775.80859999976,77374.65599999935,76330.63380952369
1770202800,76193.98,76193.98,75592.99,75912.5,2.6315,4.270369999999949,82719.02874999976,77390.00479999934,76260.49238095226
1770206400,75961.31,76165.91,75917.8,76093.19,0.60189,4.053065499999949,82663.24339999977,77410.24099999935,76153.23619047606
1770210000,76083.72,76083.72,74864.75,74864.75,1.46429,3.9860699999999496,82604.04579999977,77412.31499999936,76059.77476190463
1770213600,74732.18,75650.43,74067.13,74236.89,3.55413,3.8871484999999497,82546.34084999976,77400.81779999935,76001.61714285701
1770217200,74255.44,75188.51,73734.67,74054.82,3.62035,3.8828974999999497,82486.84024999976,77388.63759999936,75906.80047619034
1770220800,74066.58,74117.75,72984.8,73505.83,2.93364,3.87949549999995,82427.86494999977,77353.61459999935,75831.79857142844
1770224400,73497.7,73717.67,72039.17,72446.27,3.04514,3.91887599999995,82365.48414999977,77326.40599999935,75803.04476190463
1770228000,72434.5,73963.81,72135.21,73238.39,16.89549,4.73519199999995,82303.16889999977,77270.31979999936,75847.90523809512
1770231600,73288.73,73845.26,72952.36,73778.69,10.98658,5.27600499999995,82239.44044999976,77196.03799999936,75782.5638095237
1770235200,73822.01,73978.57,73264.49,73348.75,11.49071,5.83786149999995,82177.45959999977,77109.01419999936,75593.94380952368
1770238800,73354.01,73484.56,72059.36,72668.81,4.52678,6.0510664999999495,82109.95399999977,77023.18639999937,75453.59666666655
1770242400,72668.59,73501.15,71755.42,72372.48,5.69147,6.234371999999949,82039.93574999976,76895.80679999937,75367.58142857131
1770246000,72374.6,73353.37,72342.79,73037.85,1.45417,5.30880949999995,81969.05304999975,76788.71439999937,75259.03047619035
1770249600,73006.91,73043.07,72620.87,72776.29,1.21746,5.01416699999995,81896.18619999976,76684.95799999937,75108.84523809512
1770253200,72928.24,73168.31,71874.99,72319.01,0.96243,4.80802549999995,81819.56184999977,76579.56279999937,74919.40857142846
1770256800,72278.18,72533.18,71199.65,71281.69,2.75714,4.71968799999995,81747.34449999976,76466.38059999938,74783.51619047608
1770260400,71325.76,71736.17,71052.79,71108.31,2.68081,4.47440849999995,81676.80369999977,76355.08519999938,74601.0538095237
1770264000,71128.25,71279.89,70537.29,70726.05,5.20053,4.36554649999995,81604.17179999978,76246.21019999938,74407.65047619036
1770267600,70796.31,70976.94,70037.13,70593.63,5.61337,4.42450299999995,81527.97069999977,76126.89039999936,74174.5676190475
1770271200,70754.21,70862.69,70311.18,70819.81,5.6607,4.64942899999995,81451.75679999977,75999.46739999937,73914.60714285703
1770274800,70844.16,71475.15,70506.13,70592.2,5.65742,4.80072499999995,81377.32909999977,75845.01499999937,73643.87238095226
1770278400,70694.44,71397.48,70584.39,70945.07,3.1836,4.929810499999951,81298.34699999978,75688.96379999937,73361.40285714275
1770282000,70939.01,71803.28,70939.01,71437.7,3.86275,5.049733499999951,81222.59324999977,75548.67099999936,73115.14761904751
1770285600,71456.97,71625.99,70555.17,70767.46,2.45913,4.99498349999995,81137.86004999977,75386.28319999937,72846.48619047608
1770289200,70789.08,70958.79,69843.72,70204.97,9.15454,5.27169299999995,81051.96324999977,75226.83399999936,72609.94190476178
1770292800,70189.81,70476.66,69077.12,69442.6,5.7017,5.4100959999999505,80959.18299999977,75074.66899999937,72388.25190476177
1770296400,69314.88,69710.6,69171.91,69608.06,5.19975,5.51782649999995,80867.57854999979,74923.05679999937,72193.14285714272
1770300000,69732.65,70760.81,69184.7,69348.13,7.50433,5.04826849999995,80775.83414999978,74778.09799999936,72001.14666666654
1770303600,69297.19,69493.51,66608.56,67400.02,20.82045,5.53996199999995,80683.11064999978,74619.86799999936,71781.51714285702
1770307200,67403.9,68549.92,66835.36,68157.04,9.7946,5.45515649999995,80591.05179999977,74457.15859999935,71595.90904761892
1770310800,68097.7,68097.7,66046.46,66053.13,7.00152,5.57889349999995,80501.72659999978,74285.36139999937,71448.37857142845
1770314400,66112.84,66404.98,65285.18,66246.52,16.16599,6.102619499999951,80409.94039999979,74117.55339999936,71170.36095238083
1770318000,66219.42,66468.34,65076.35,65180.35,4.99988,6.2799049999999506,80315.82944999979,73939.64499999936,70902.66333333321
1770321600,65182.22,65577.63,62254.5,63636.92,23.24058,7.38106099999995,80218.64179999978,73723.70979999937,70555.25285714274
1770325200,63612.53,64552.46,62824.31,63178.23,6.85981,7.6759299999999495,80122.06189999978,73544.17439999938,70249.4295238094
1770328800,63171.32,64486.19,62570.35,63811.14,5.84201,7.830173499999949,80022.71484999979,73303.55019999937,69906.94714285701
1770332400,63792.79,64789.68,62639.52,62734.53,5.87787,7.990026499999949,79914.51254999978,73099.68479999936,69459.2838095237
1770336000,62855.61,69455.82,60000,63421.09,10.98692,8.27934599999995,79811.12179999978,72906.47739999936,69002.23333333322
1770339600,63697.33,65663.81,63520.67,65522.78,4.36727,8.217040999999949,79694.16729999978,72716.96079999936,68597.09666666655
1770343200,65553.09,65896.1,64184.52,64907.57,12.79632,8.57382199999995,79578.78214999978,72482.96539999936,68190.08904761894
1770346800,64928.49,65071.59,63718.5,64123.37,19.34848,9.25837499999995,79454.73114999977,72231.04239999937,67824.03095238084
1770350400,64098.13,64928.68,63847.87,64853.12,10.96885,9.647637499999949,79323.40579999977,71962.01939999936,67576.25619047608
1770354000,64835.33,66724.31,64726.23,66327.12,3.94226,9.65161299999995,79188.49559999978,71718.74099999937,67305.4914285713
1770357600,66345.26,66717.26,64794.26,64913.02,11.7766,10.11748649999995,79059.93104999977,71516.63019999937,66986.61333333321
1770361200,64915.81,65455.74,64577.04,64780.2,8.03663,10.06159099999995,78926.44884999977,71298.32759999938,66713.32380952369
1770364800,64757.43,65125.2,64451.16,64833.82,2.75199,9.914105499999952,78795.57389999977,71053.78199999938,66493.4214285713
1770368400,64864.88,66099.8,64711.51,65744.48,2.40162,9.774198999999951,78672.83414999976,70833.01259999938,66182.72238095224
1770372000,65741.46,66152.6,65493.64,65877.26,4.04612,9.601288499999951,78550.11329999976,70627.395,65897.61476190462
1770375600,65894.47,66676.6,65718.75,66554.1,5.11586,8.816058999999951,78423.53749999977,70398.0458,65641.84571428558
1770379200,66574.09,66574.09,66056.8,66466.6,3.6915,8.51090399999995,78302.92459999978,70170.12120000001,65465.74476190462
1770382800,66521.45,67626.2,66437.37,67272.96,3.33598,8.327626999999952,78187.85524999977,69935.448,65288.08761904749
1770386400,67235.9,68609.01,66590.27,68159.67,9.4461,7.991632499999952,78066.07929999978,69722.10800000001,65155.03857142844
1770390000,68159.55,69132.94,67752.08,68585.3,6.95615,8.089445999999953,77944.00999999978,69509.1434,65110.589999999866
1770393600,68564.53,70200.43,68429.83,69931.05,17.55812,7.805322999999953,77822.98019999977,69320.402,65068.49095238081
1770397200,69900.57,71480.85,69595.31,70805.53,6.40617,7.782640999999953,77709.18749999977,69125.0522,65168.80238095223
1770400800,70726.04,70759.05,69344.32,69729.42,6.68209,7.824644999999952,77599.80704999977,68952.2614,65280.17285714271
1770404400,69719.33,70884.14,69623.1,70689.41,4.38377,7.7499399999999525,77493.17664999976,68793.591,65506.396666666515
1770408000,70636.71,70921.26,69972.5,70024.77,2.41892,7.3215399999999535,77384.41444999976,68668.00200000001,65847.7590476189
1770411600,70015.88,70456.69,69872.12,70352.21,3.4658,7.2764664999999535,77280.38594999976,68581.8852,66159.72047619033
1770415200,70283.83,71521.9,70255.96,71331.44,2.24774,6.749037499999953,77180.02899999976,68516.89940000001,66487.257142857
1770418800,71346.63,71707.85,70506.97,70528.32,1.25403,5.844314999999954,77081.92349999976,68441.37120000001,66834.41142857129
1770422400,70543.86,70550.83,69713.9,69945.76,1.71328,5.381536499999953,76991.76724999976,68406.23400000001,67164.46476190462
1770426000,69889.08,70657.53,69748.93,70471.41,1.57142,5.262994499999953,76907.58049999975,68341.96160000001,67441.06761904748
1770429600,70433.77,70598.4,70162.89,70335.77,0.18357,4.683342999999953,76816.97274999974,68273.43200000002,67708.72238095224
1770433200,70371.15,70902.13,70272.26,70902.13,0.71477,4.317249999999953,76731.78739999975,68233.0858,67985.97904761891
1770436800,70842.93,71652.4,70624.66,70670.08,1.44399,4.251849999999953,76641.93534999975,68190.27600000001,68253.51666666652
1770440400,70756.65,71148.57,69942.42,70078.97,2.72042,4.267789999999954,76554.08084999977,68141.74160000001,68444.4047619046
1770444000,70118.2,70263.61,68727.17,68752.26,4.10017,4.270492499999953,76475.99574999977,68090.4128,68729.60047619032
1770447600,68794.25,69041.06,67335.95,68076.36,7.5513,4.392264499999953,76404.64484999978,68041.60240000002,69010.0709523808
1770451200,68060.91,68783.69,67780.46,68508.72,2.8672,4.351049499999953,76328.50399999978,68013.26480000002,69259.83999999984
1770454800,68476.27,68722.22,67898.68,68091.7,1.99432,4.283966499999953,76260.22864999977,68001.03260000002,69403.06761904746
1770458400,68206.96,68274.41,67607.41,67977.86,0.72474,3.8478984999999524,76195.16684999978,67980.44580000002,69507.7866666665
1770462000,67992.52,68110.58,67687.77,67928.01,1.15441,3.5578114999999526,76130.2857999998,67940.97000000002,69600.86380952365
1770465600,67887,69920.9,67887,68922.48,4.11061,2.885435999999953,76063.1785999998,67890.62460000001,69678.24952380935
1770469200,68999.16,69285.98,68791.84,68962.45,2.51711,2.6909829999999526,75991.5636499998,67844.40280000001,69711.81619047602
1770472800,69000.43,69127.44,68292.11,68606.25,1.26415,2.4200859999999524,75913.1670999998,67794.39280000002,69700.7847619046
1770476400,68606.25,69692.56,68545.7,69081.8,2.7222,2.337007499999953,75830.4760499998,67735.04860000001,69716.84095238078
1770480000,69126.29,69811.65,68851.74,68976.74,5.40084,2.486103499999953,75752.42589999978,67664.85480000002,69670.71714285697
1770483600,68917.38,69353.79,68548.12,69127.46,0.12668,2.3191474999999526,75680.93309999979,67627.95520000001,69565.98952380936
1770487200,69120.54,69661.35,69007.01,69474.75,0.09426,2.211473499999953,75611.14289999979,67603.10480000002,69535.1504761903
1770490800,69500,69555.98,69252.95,69293.56,0.05603,2.1515734999999525,75537.88854999979,67586.37780000002,69453.59476190459
1770494400,69305.92,69600,69269.98,69581.98,0.03537,2.067677999999953,75468.49194999979,67575.85260000001,69410.86571428555
1770498000,69558.41,69576.02,69353.15,69422.27,0.13208,1.9957109999999527,75398.80954999979,67568.42480000001,69369.08190476174
1770501600,69668.58,69668.58,69339.32,69393.95,0.02234,1.9876494999999526,75329.0839499998,67602.97360000001,69272.03999999983
1770505200,69411.98,69411.98,68808.28,69309.57,0.2081,1.9623159999999527,75260.9617499998,67629.32780000001,69226.97619047602
1770508800,69286.85,69397.85,68855.17,69008.93,0.65759,1.9229959999999526,75193.07304999979,67694.13640000002,69202.04809523793
1770512400,69172.6,69381.13,69136.6,69324.73,0.20681,1.7973154999999525,75127.4565999998,67760.84560000002,69150.74047619032
1770516000,69367.44,69610.03,69149.5,69334.63,0.89478,1.6370459999999525,75061.2510999998,67845.68400000001,69101.87380952363
1770519600,69329.71,69352.04,69058.21,69076.73,0.85684,1.3023229999999526,74992.4924499998,67960.8246,69011.72142857125
1770523200,69149.9,69306.36,68964.34,69224.99,0.20246,1.1690859999999526,74926.7997999998,68083.45140000002,68947.65714285697
1770526800,69298.84,69367.9,69132.69,69188.64,0.42562,1.0906509999999523,74860.7221999998,68187.4072,68912.2123809522
1770530400,69193.02,69373.56,69065.08,69328.03,1.19959,1.1143934999999523,74793.2114999998,68319.2112,68927.66333333317
1770534000,69350.93,69607.21,69200,69607.21,0.79669,1.0965074999999525,74725.7759999998,68437.48200000002,68982.35999999983
1770537600,69642.62,70722.19,69577.49,70587.4,2.99019,1.0404864999999526,74656.02739999979,68508.56100000002,69014.73714285697
1770541200,70622.81,70637.44,70062.22,70111.84,0.84978,0.9571199999999525,74588.57864999979,68594.90940000002,69073.60999999983
1770544800,70168.89,70355.33,69854.07,70191.6,0.57193,0.9225089999999525,74516.2446499998,68696.2148,69151.19809523792
1770548400,70323.23,71068.67,70323.23,70922.76,0.7246,0.8226289999999524,74440.5782499998,68785.713,69277.83571428555
1770552000,70984.89,71208.78,70672.89,71195.47,1.20081,0.6126274999999526,74367.93069999981,68851.31480000001,69334.47190476174
1770555600,71188.58,71470.4,70961.78,71431.14,0.82957,0.6477719999999525,74293.17949999981,68964.80240000002,69393.0028571427
1770559200,71493.92,71500.5,71084.9,71164.91,0.67191,0.6766544999999525,74219.4214499998,69071.4352,69503.3128571427
1770562800,71211.84,71399.28,70786.92,71087.24,0.60092,0.7038989999999525,74146.6739999998,69178.5908,69603.96380952366
1770566400,71102.52,71202.34,70208.85,70371.64,0.53103,0.7286819999999525,74079.9016499998,69282.1564,69720.83999999984
1770570000,70471.12,70806.61,70455.1,70729.4,0.85058,0.7646069999999525,74010.89509999979,69388.5206,69817.86142857128
1770573600,70785.36,71333.17,70735.9,71146.53,0.59601,0.7932904999999526,73941.59119999979,69486.0614,69894.64666666652
1770577200,71191.48,71449.47,71133.63,71394.56,0.1048,0.7881254999999525,73876.49059999979,69580.0276,69945.98380952366
1770580800,71289.33,71289.33,70690.85,70824.84,0.61534,0.7860129999999524,73813.03954999978,69656.3132,70000.6228571427
1770584400,70709.03,71088.51,70541.74,70647.68,0.54172,0.8027584999999524,73750.66954999979,69700.55260000001,70082.73047619032
1770588000,70695.2,70978.67,70695.2,70978.67,0.15395,0.7657169999999524,73688.06159999978,69743.43460000001,70177.99761904747
1770591600,71022.56,72243.49,69997.93,70302.22,3.48671,0.8972104999999523,73626.37614999976,69767.74420000002,70250.15333333318
1770595200,70349.63,70734.64,70122.85,70452.65,2.74801,1.0244879999999523,73562.89039999977,69779.52480000001,70328.1890476189
1770598800,70460.65,70875.22,70069.43,70325.88,2.32871,1.1196424999999526,73501.57769999978,69801.4332,70406.94809523795
1770602400,70294.1,70957.05,70209.19,70589.62,7.21556,1.4204409999999525,73442.13594999978,69800.5986,70453.02380952367
1770606000,70602.78,71384.24,70573.82,71272.16,1.52429,1.4568209999999524,73384.75599999978,69819.6766,70518.54380952366
1770609600,71271.91,71272.16,70903.99,70958.65,0.94127,1.3543749999999526,73325.67704999978,69818.6768,70570.967142857
1770613200,70965.53,71081.1,70792.26,70994,0.46264,1.3350179999999525,73265.99199999978,69801.10100000001,70637.68047619032
1770616800,71003.02,71003.02,70298.37,70658.07,1.36456,1.3746494999999526,73213.70509999977,69797.0522,70730.25809523794
1770620400,70582.39,70857.1,70327.81,70375.17,1.00945,1.3888919999999527,73159.40019999979,69809.92940000001,70794.61238095223
1770624000,70399.04,70548.45,69364.96,69864.46,2.15378,1.4365404999999527,73110.20004999978,69825.94440000001,70813.97428571412
1770627600,69886.81,70062.75,69408.19,69563.98,2.64358,1.5272409999999526,73068.04804999978,69838.40200000002,70839.98523809508
1770631200,69578.69,69660.67,68396.71,68666.89,2.99249,1.6432699999999527,73031.16564999978,69840.23940000002,70848.7266666665
1770634800,68738.28,68932.18,68537.54,68823.57,1.78877,1.7026624999999527,72998.9178499998,69839.9992,70798.33142857125
1770638400,68896.53,69188.03,68895.8,69081.89,1.3831,1.7452659999999525,72964.0025499998,69845.92320000002,70720.64142857127
1770642000,69099.43,69248.46,68539.88,68539.88,1.50092,1.7777829999999526,72928.4262499998,69868.16720000001,70589.01047619032
1770645600,68539.88,69686.16,68273.32,69259.41,4.03403,1.9496839999999527,72891.2595499998,69897.91960000002,70477.51809523793
1770649200,69308.47,69815.78,68774.21,69459.83,3.04008,2.096447999999953,72850.08134999982,69901.08300000001,70382.02523809507
1770652800,69524.13,70344.35,69060.48,70018.84,2.26006,2.178683999999953,72805.14489999981,69915.72040000002,70294.7985714284
1770656400,70088.62,70923.71,69854.87,70591.24,2.82662,2.292928999999953,72760.8568999998,69937.80100000002,70224.79904761889
1770660000,70559.23,70843.09,70127.91,70299.29,1.24993,2.347727999999953,72710.7635999998,69950.03840000002,70144.47999999984
1770663600,70347.14,71018.31,70306.08,70889.48,1.838,2.2652924999999526,72661.0217999998,69956.77700000002,70078.96952380936
1770667200,70775.81,71091.79,70499.93,70754.06,1.99533,2.227658499999953,72611.8659999998,69966.72460000002,70067.84571428556
1770670800,70737.84,70750.62,69875.23,70378.95,0.99038,2.160741999999953,72561.91274999981,69994.97640000001,70051.25571428555
1770674400,70394,70612.43,70262.4,70378.15,0.2898,1.814453999999953,72516.8324999998,70025.1652,70047.0085714284
1770678000,70349.43,70517.48,70082.71,70082.71,0.4197,1.759224499999953,72472.24754999981,70051.6162,70068.52476190461
1770681600,70162.71,70191.58,69738.44,69855.34,1.35968,1.7801449999999526,72429.81689999982,70086.85660000001,70065.01523809509
1770685200,69997.83,70467.59,69923.11,70370.32,0.89005,1.8015154999999528,72387.60794999983,70112.4428,70067.50428571414
1770688800,70417.43,70417.43,69971.79,70073.26,2.59036,1.8628054999999528,72348.00029999983,70134.15060000001,70043.36571428557
1770692400,70073.27,70124.1,69167.08,69481.99,8.56282,2.240473999999953,72309.06819999982,70150.07400000001,69975.89809523795
1770696000,69442.94,69844.88,69442.93,69798.28,1.04207,2.184888499999953,72270.74969999983,70163.2828,69947.88238095223
1770699600,69799.09,69817.11,69172.54,69428.58,2.18165,2.161791999999953,72231.39879999984,70172.51060000001,69904.03761904746
1770703200,69408.78,69446.89,68651.91,68855.2,9.47638,2.4859864999999526,72192.46014999982,70193.7256,69848.03380952365
1770706800,68834.94,69074.15,68834.94,68871.7,0.17962,2.4055289999999525,72154.94729999983,70215.01220000001,69820.5628571427
1770710400,68904.86,69175.5,68679.13,69092.17,1.21825,2.397286499999953,72116.92724999983,70218.1574,69799.80666666651
1770714000,69092.17,69684.79,68931.12,69108.73,2.10412,2.4274464999999528,72080.92839999982,70227.4304,69766.05523809508
1770717600,69135.32,69225.55,68881.08,68881.08,0.72844,2.2621669999999527,72041.31484999982,70234.46740000001,69775.80809523794
1770721200,68881.08,69030.31,68421.93,68486.22,1.62119,2.1912224999999523,72003.74269999983,70227.07160000001,69788.5985714284
1770724800,68538.56,68809,68409.02,68578.1,1.62814,2.1596264999999524,71967.41304999981,70220.73280000001,69789.8766666665
1770728400,68542.75,69086.39,68319.65,69005.98,2.61679,2.1491349999999523,71932.28329999982,70216.01560000001,69806.12428571412
1770732000,68975.46,69518.67,67900.78,68454.61,2.10596,2.1919364999999527,71890.66039999982,70206.04600000002,69769.30571428555
1770735600,68296.51,69467.75,68266.52,69197.68,1.38761,2.1694169999999526,71849.99729999981,70171.91960000002,69727.31857142842
1770739200,69246.12,69733,69002.4,69531.43,2.3491,2.1871054999999524,71807.5231999998,70139.40720000002,69679.087142857
1770742800,69488.67,69955.68,69309.09,69885.4,2.16842,2.246007499999952,71765.1280999998,70107.13720000001,69577.3428571427
1770746400,69903.43,69903.43,68609.42,68877.91,0.80989,2.2720119999999526,71727.56399999981,70068.80160000002,69524.88523809508
1770750000,68890.97,69251.93,68682.48,69038.38,0.89382,2.2957179999999524,71688.9048999998,70013.98440000002,69460.21619047604
1770753600,68996.62,69074.51,68620.74,68707.22,0.8416,2.2698139999999527,71652.7951999998,69969.31520000001,69418.85142857127
1770757200,68726.72,68913.22,68354.08,68605.37,0.27038,2.2388304999999527,71620.8267499998,69936.64560000002,69347.37333333318
1770760800,68673.73,68749.6,68544.57,68614.03,0.13212,2.1159184999999527,71580.9908499998,69912.60880000003,69283.5747619046
1770764400,68701.06,68783.24,68489.82,68783.24,0.15756,1.6956554999999525,71544.1490999998,69882.73420000002,69218.07523809506
1770768000,68790.26,69176.97,68752.62,69176.97,0.40329,1.6637164999999523,71507.5907499998,69848.91380000002,69158.55285714268
1770771600,69151.3,69239.8,68926.59,68958.32,0.40653,1.5749604999999522,71468.69949999981,69800.12760000002,69074.91999999982
1770775200,68977.81,69071.2,68664.68,68664.74,1.04019,1.1531509999999523,71425.8209499998,69744.34380000003,69013.49047619032
1770778800,68655.57,68702.33,67960.06,68153.89,1.57249,1.2227944999999523,71382.6675499998,69700.12760000002,68998.96571428554
1770782400,68172.66,68290.15,67334.8,67547.85,1.92358,1.2580609999999521,71336.44874999979,69662.83880000003,68958.96761904744
1770786000,67534.45,67761.73,67364.31,67385.35,2.4302,1.2743649999999522,71287.4455499998,69626.80480000003,68922.59428571412
1770789600,67384.03,67433.23,66527.72,66761.06,3.44249,1.4100674999999523,71241.52959999979,69599.92680000003,68889.1985714284
1770793200,66754.19,67208.59,66643.39,67012.47,0.81033,1.3695244999999523,71191.36954999978,69564.16860000003,68826.15809523793
1770796800,67013.81,67076.86,66776.76,66971.89,1.08182,1.3422084999999524,71144.28934999979,69520.72880000003,68744.88095238079
1770800400,66988.65,67073.86,66715.57,66785.36,0.68235,1.2454864999999526,71094.24839999978,69459.89340000003,68633.08714285698
1770804000,66759.8,66854.2,66355.68,66485.47,1.20453,1.2004149999999527,71044.47954999977,69382.15720000003,68544.10571428556
1770807600,66506.85,67082.97,66488.49,67019.13,2.17407,1.2397379999999527,70993.60939999977,69298.20540000004,68471.9947619046
1770811200,67038.9,67384.05,66939.35,67114.38,1.32306,1.1884359999999528,70941.66239999978,69218.57480000003,68386.62619047603
1770814800,67128.04,67613.19,66785.22,67408.76,2.85622,1.222825999999953,70886.18114999977,69144.85120000003,68266.60190476174
1770818400,67443.99,68780.19,66436.94,66518.66,3.06041,1.3353519999999528,70826.27504999978,69073.05500000002,68198.24571428556
1770822000,66566.68,66734.78,65766.56,66512.14,2.64222,1.4227719999999529,70767.88659999977,69005.47520000003,68099.04095238079
1770825600,66433.52,67213.12,65931.92,66013.62,2.30809,1.4960964999999529,70707.72449999976,68954.57820000005,67997.96142857127
1770829200,65965.47,66873.97,65900,66489.09,1.69906,1.5675304999999529,70647.09694999977,68923.52800000003,67837.64047619031
1770832800,66489.07,67214.84,66176.84,67214.84,0.86761,1.6043049999999528,70590.82084999977,68895.23180000004,67724.9847619046
1770836400,67243.14,67800.26,67240.82,67553.91,1.33764,1.6633089999999526,70532.35139999977,68843.96720000003,67580.9485714284
1770840000,67585.99,67684.76,67146.96,67501.46,0.92469,1.6893789999999527,70473.96194999976,68803.41240000003,67475.32333333317
1770843600,67556.92,68306.44,67459.77,67766.65,2.35566,1.786835499999953,70420.00349999977,68738.49660000004,67409.10761904746
1770847200,67797.01,67823.79,67352.92,67413.08,0.45926,1.7577889999999528,70359.96839999978,68679.08180000003,67358.62571428555
1770850800,67273.67,67448.21,66774.56,67047.96,0.56664,1.7074964999999527,70299.10089999977,68623.00180000003,67297.58857142841
1770854400,67023.33,67640.42,67023.31,67449.62,1.20622,1.6716284999999527,70235.77419999978,68562.25520000003,67230.43047619032
1770858000,67431.62,67927.14,67431.62,67642.32,3.53509,1.7268729999999526,70176.51744999978,68506.29860000004,67156.84761904746
1770861600,67581.81,67696.88,67381.05,67395.02,1.67143,1.6383199999999527,70122.42934999977,68443.84200000003,67079.85809523794
1770865200,67364.51,67550.82,67259.14,67550.82,4.9111,1.8433584999999524,70070.20659999977,68377.02240000003,67046.32142857127
1770868800,67523.41,67621.69,66959.11,66994.21,0.43157,1.8108459999999524,70016.49614999977,68310.40260000003,67050.81999999985
1770872400,66947.11,67121.55,66619.59,67097.39,0.92342,1.8228994999999526,69964.34549999978,68251.83200000002,67051.28047619031
1770876000,67097.38,67457.7,67046.22,67059.85,0.58181,1.7917634999999525,69915.74184999979,68203.02420000003,67088.88809523794
1770879600,67089.36,67278.35,66916.16,67173.4,0.38299,1.7022094999999524,69860.55994999978,68153.81780000002,67088.01857142842
1770883200,67205.34,67286.22,66869.07,67095.08,1.35737,1.7039249999999526,69815.60909999978,68097.42780000002,67093.9947619046
1770886800,67111.08,67658.45,67024.73,67512.43,2.97936,1.7100819999999526,69779.61709999977,68035.84680000003,67107.06571428556
1770890400,67503.53,67989.83,67392.87,67971.87,0.92819,1.6034709999999524,69751.02844999978,67988.15480000003,67139.82428571413
1770894000,67955.95,68236.32,67728.39,68055.69,4.36799,1.6897594999999523,69714.39254999977,67933.38620000002,67143.4409523808
1770897600,68068.55,68068.55,67693.48,67805.4,2.08915,1.6788124999999525,69667.32714999978,67888.28260000002,67162.39571428557
1770901200,67823.37,68298.12,67662.9,68298.12,1.32387,1.6600529999999527,69621.88569999978,67853.08020000003,67189.21047619033
1770904800,68341.01,68341.01,67469.52,67561.2,5.79738,1.9065414999999526,69579.25989999977,67825.89480000002,67262.40238095223
1770908400,67583.81,67980.78,67002.15,67045.39,1.44459,1.9118889999999524,69536.98529999978,67803.48880000002,67323.98619047605
1770912000,67109.93,67198.78,65524.98,65778.51,3.20166,2.0257374999999525,69493.34719999979,67782.42800000003,67432.77190476176
1770915600,65815.53,66210.82,65341.21,65341.21,6.09131,2.2125199999999525,69449.15609999977,67760.91440000004,67483.82476190462
1770919200,65382.52,65742.9,65126.71,65554.78,1.84654,2.2818839999999523,69409.55749999979,67757.15240000004,67475.75571428557
1770922800,65591.55,66076.27,65238.55,65747.7,3.35386,2.421244999999952,69366.79594999978,67736.81440000002,67391.21285714272
1770926400,65769.63,65986.7,65169.83,65335.34,3.38847,2.530357499999952,69323.92054999978,67697.60260000001,67288.34380952365
1770930000,65468.17,65836.08,65406.34,65784.47,1.56771,2.431988499999952,69284.52899999978,67644.08060000003,67183.01666666652
1770933600,65768.81,66286.46,65608.6,66244.04,2.76857,2.486845499999952,69239.49759999977,67566.95120000002,67103.71285714272
1770937200,66242.96,66419.6,66128.66,66237.88,1.61097,2.321838999999952,69192.66714999978,67487.41820000001,67022.15952380939
1770940800,66188.92,66413.41,65850.81,65919.94,1.68584,2.384552499999952,69138.93224999978,67404.66420000001,66942.86666666652
1770944400,65885.49,66570.35,65880.79,66383.58,1.20895,2.398828999999952,69085.68244999977,67333.81280000001,66876.28190476177
1770948000,66416.2,66713.77,66396.95,66679.03,0.65079,2.402277999999952,69032.28590000002,67268.73460000003,66821.17999999986
1770951600,66693.16,66713.71,66416.9,66473.23,1.44801,2.4555289999999523,68981.46190000002,67219.47100000002,66743.5190476189
1770955200,66518.32,66625.63,66267.9,66283.77,0.53076,2.4141984999999524,68927.67265000002,67172.12120000002,66714.44142857128
1770958800,66283.77,66455.81,66196.5,66196.5,1.10758,2.3206094999999523,68882.27125000002,67118.23940000003,66694.51952380937
1770962400,66181.02,66305.12,65966.73,66305.12,0.13744,2.281071999999952,68842.30700000002,67070.24620000002,66666.5852380951
1770966000,66329.67,66644.94,66078.78,66260.55,0.85824,2.105584499999952,68803.22230000002,67020.28740000002,66624.22190476175
1770969600,66187.21,66675.76,66171.8,66606.52,0.60945,2.031599499999952,68765.29285000003,66970.58560000002,66581.43238095223
1770973200,66627.28,67397.93,66586.36,66918.41,1.80153,2.055482499999952,68734.97940000003,66922.96620000002,66523.94142857128
1770976800,66906.21,67061.44,66783.56,66957.67,2.0156,1.8663934999999523,68702.18260000003,66883.81840000003,66442.44999999984
1770980400,66933.97,67174.11,66765.53,67124.4,1.6426,1.8762939999999524,68665.65530000003,66858.96380000003,66373.44190476176
1770984000,67117.6,67155.29,66877.7,67053.54,2.56375,1.8443984999999525,68630.33040000002,66836.46780000003,66331.20428571414
1770987600,67068.24,67563.51,66933.74,67282.52,3.08528,1.6940969999999524,68597.96885000002,66833.37700000004,66267.37333333318
1770991200,67226.06,67972.4,66833.56,67696.84,2.53531,1.7285354999999527,68567.63205000003,66831.49580000003,66246.57333333317
1770994800,67783.76,69258.95,67695.66,68655.15,4.85386,1.8035354999999527,68533.74555000004,66831.21140000003,66246.96142857126
1770998400,68648.58,69393.69,68510.6,68894.29,2.76994,1.7726089999999526,68502.89670000003,66837.99220000002,66318.58095238078
1771002000,68886.81,69198.88,68593.56,69002.71,3.41995,1.8652209999999527,68475.89370000003,66849.35360000002,66430.75380952365
1771005600,69005.63,69357.69,68873.18,69116.96,0.63286,1.758435499999953,68454.27360000001,66854.62140000002,66578.39047619031
1771009200,69120.23,69189.62,68901.24,68969.11,0.44557,1.7001654999999531,68434.35405000002,66866.27060000002,66728.22809523794
1771012800,68901.73,68957.47,68663.01,68748.44,1.44484,1.688115499999953,68415.99150000002,66891.19840000002,66902.8647619046
1771016400,68729.3,69039.06,68720.17,68870.01,1.42178,1.698756999999953,68399.43595000003,66938.71100000002,67061.5547619046
1771020000,68868.84,68978.12,68728.18,68908.51,2.28931,1.780682999999953,68383.82110000002,66988.52240000002,67191.31999999983
1771023600,68925.64,68952.64,68794.55,68811.29,2.41816,1.829190499999953,68374.13585000002,67050.58920000003,67310.8704761903
1771027200,68811.48,69111.26,68753.94,69027.45,0.88793,1.8470489999999529,68363.88195000002,67100.18960000003,67451.34999999983
1771030800,69010.67,69051.6,68938.49,68949.78,0.47524,1.8154319999999529,68351.70700000002,67130.86160000003,67571.5847619046
1771034400,68900.1,68982.13,68834.3,68863.71,0.87966,1.8525429999999532,68343.45450000004,67157.18360000003,67673.12095238078
1771038000,68878.35,68967.45,68838.17,68943.35,1.04719,1.861990499999953,68337.27520000002,67185.32460000002,67794.75047619031
1771041600,68984,68984,68770,68770.01,0.52492,1.857763999999953,68333.80440000002,67206.21740000002,67921.70333333316
1771045200,68770,68888.97,68745.31,68762.75,0.09506,1.7724404999999528,68330.11415000002,67238.50480000004,68048.71333333317
1771048800,68745.87,68917.79,68707.6,68901.7,0.15297,1.679308999999953,68327.91605000003,67276.54120000004,68174.34333333316
1771052400,68917.78,69328.08,68867.06,69210.44,0.20698,1.607527999999953,68334.97240000003,67304.82300000003,68293.84142857126
1771056000,69210.25,69811.8,69210.21,69718.38,0.86904,1.522792499999953,68339.32445000004,67330.84360000004,68396.51904761889
1771059600,69719.39,69860.68,69553.96,69700.12,0.31895,1.384475999999953,68353.80770000005,67358.34340000003,68490.96142857127
1771063200,69685.08,69685.08,69559.6,69637.93,0.22203,1.268811999999953,68366.89365000003,67382.58200000002,68598.23619047603
1771066800,69655.09,70525.5,69655.09,70435.49,0.97179,1.074708499999953,68385.70865000003,67420.73180000002,68721.75904761889
1771070400,70511.61,70693.64,69595.09,69657.93,1.77296,1.0248594999999532,68411.37410000004,67462.99280000004,68847.7866666665
1771074000,69593.54,69726.65,69191.55,69443.04,1.22304,0.9150139999999531,68439.29670000004,67516.16340000002,68959.9490476189
1771077600,69450.03,69823.57,69205.42,69754.85,2.54934,1.010837999999953,68464.74950000003,67566.69780000002,69090.36095238078
1771081200,69688.28,70012.71,69562.35,69773.57,0.26622,1.0018704999999533,68497.12905000005,67617.55480000003,69138.11238095223
1771084800,69783.86,69790.65,69286.76,69725.9,0.39557,0.9494069999999531,68528.61550000003,67676.01600000002,69164.24333333317
1771088400,69705.97,69884.63,69595.31,69679.76,0.13937,0.8852864999999532,68549.50220000005,67709.73720000003,69200.05952380937
1771092000,69701.53,69807.92,69659.77,69715.4,0.05233,0.7734374999999531,68573.15400000004,67737.48420000002,69231.3266666665
1771095600,69724.96,69865.77,69689.48,69820.75,0.05781,0.6554199999999532,68604.71460000004,67776.47320000004,69267.36428571412
1771099200,69820,69991.61,69700.96,69991.31,0.17178,0.6196124999999532,68628.73865000004,67805.98220000003,69311.7128571427
1771102800,70051.12,70236,69661.69,69895.31,0.59082,0.6253914999999532,68644.31825000004,67849.27620000002,69351.96952380937
1771106400,69899.99,70015.32,69747.83,69939.34,0.29773,0.5962949999999532,68668.52740000004,67901.96360000003,69395.40952380937
1771110000,69932.4,69976.61,69714.95,69739.93,1.62198,0.6250344999999532,68693.49425000003,67980.70140000003,69451.6009523808
1771113600,69765.1,69805.34,69618.52,69710.3,0.41348,0.6194624999999532,68717.95465000003,68070.29220000004,69492.92761904748
1771117200,69736.52,69870.58,69356.32,69616.03,0.58568,0.6439934999999533,68737.63105000004,68159.02280000004,69540.04952380937
1771120800,69678.14,69678.14,69346.73,69481,0.43417,0.6580534999999532,68756.82175000003,68241.97500000005,69581.77428571414
1771124400,69551.56,69939.14,69255.67,69896.65,0.92756,0.6940824999999532,68773.15500000004,68334.05500000005,69618.29571428557
1771128000,70000,70447.79,69880.33,70141.62,0.80789,0.6910249999999533,68790.77855000005,68413.16420000004,69658.58238095223
1771131600,70161.2,70443.83,70161.2,70277.77,0.16818,0.6834864999999533,68803.89030000004,68482.48940000003,69692.78476190461
1771135200,70242.32,70516.12,70217.97,70381.85,0.19352,0.6820609999999532,68812.78865000005,68550.05240000004,69740.16333333318
1771138800,70381.84,70892.55,70303.57,70755.88,3.51967,0.8094549999999533,68818.56180000004,68621.27360000004,69784.5052380951
1771142400,70794.6,70921.62,70160.38,70396.91,0.52383,0.7469984999999533,68817.45805000006,68691.53500000003,69811.1428571427
1771146000,70415,70611.37,70367.87,70381.14,0.03903,0.6877979999999534,68811.51055000005,68760.78680000005,69843.60619047603
1771149600,70382.62,70487.43,70205.91,70409.72,0.19441,0.5700514999999533,68810.26845000005,68836.87760000005,69896.84190476176
1771153200,70425.84,70515.19,70258.97,70259.87,0.32522,0.5730014999999533,68806.30465000005,68918.83920000003,69895.00476190461
1771156800,70282.12,70381.01,69287.16,69287.16,3.37283,0.7218644999999533,68806.88890000005,69010.02680000005,69929.44333333318
1771160400,69510.54,69570.65,68791.29,68872.41,1.04543,0.7671674999999534,68806.51670000005,69091.86260000004,69975.47571428555
1771164000,68988.73,69173.12,68862.03,69107.16,1.56,0.8425509999999534,68801.76875000005,69174.27440000004,69999.52428571413
1771167600,69153,69218.68,68891.5,69052.41,1.03136,0.8912284999999533,68802.90655000004,69250.33840000005,69976.36190476174
1771171200,69048.7,69050.25,68781.93,69026.16,1.04681,0.9349799999999535,68805.16230000005,69317.16760000004,69935.71952380936
1771174800,69029.42,69064.88,68197.74,68582.32,2.78478,1.0446779999999536,68804.71095000004,69363.75740000005,69908.4528571427
1771178400,68564.28,68763.8,68355.03,68407.63,4.53024,1.2563034999999534,68805.08070000005,69398.71760000005,69876.88190476174
1771182000,68473.47,68526.58,68043.78,68268.6,1.95221,1.2728149999999534,68801.86940000005,69439.79000000005,69839.04428571413
1771185600,68239.99,68503.63,68102.33,68412.07,2.49095,1.3766884999999536,68794.95480000005,69475.18780000004,69771.94952380937
1771189200,68446.06,68910.45,68446.06,68858.4,0.41681,1.3682449999999535,68788.92200000006,69501.77420000006,69701.10761904747
1771192800,68831.73,69066.66,68777.78,68921.66,0.56213,1.3746429999999534,68790.69650000006,69500.31760000005,69621.54857142842
1771196400,68953.62,68953.62,68189.57,68787.94,1.3052,1.3935249999999535,68795.57675000005,69490.58440000007,69558.31714285699
1771200000,68786.66,68997.5,68685.24,68812.83,1.33427,1.4198439999999535,68798.16395000006,69475.90220000006,69517.75047619033
1771203600,68784.97,68970.4,68432.97,68603.23,0.30728,1.4267989999999533,68800.61705000006,69461.80440000007,69484.68523809509
1771207200,68586.35,68690.24,68215.8,68310.69,0.40011,1.4371284999999534,68802.76590000006,69459.59020000005,69451.68238095223
1771210800,68301.43,68415.1,68122.69,68401.48,0.51289,1.2867894999999534,68804.46885000006,69463.05460000006,69400.07190476175
1771214400,68583.42,68835.43,68583.42,68828.32,0.26044,1.2736199999999533,68801.91680000006,69461.41320000005,69326.81523809509
1771218000,68815.49,68854.52,68279.62,68354.98,0.20935,1.2821359999999533,68801.39655000006,69459.49960000005,69233.14476190461
1771221600,68371.49,68495.86,68228.56,68441.66,0.02898,1.2738644999999533,68802.97360000006,69455.33840000005,69138.84142857126
1771225200,68420.51,68643.2,68352.34,68556.56,0.08053,1.2616299999999532,68801.50430000006,69441.00320000005,69047.0528571427
1771228800,68559.51,68776.81,68531.31,68757.86,0.14674,1.1003254999999532,68800.68475000006,69430.03720000005,68949.81809523793
1771232400,68751.54,69038.38,68736.35,68968.29,0.20072,1.0580899999999533,68798.06360000005,69429.32940000005,68857.46190476175
1771236000,68954.8,68954.8,68675.62,68773.22,0.31933,0.9960564999999534,68792.24330000006,69417.56200000005,68769.21619047604
1771239600,68773.22,68880.39,68347.52,68837.63,0.18611,0.9537939999999534,68787.78290000006,69410.99500000005,68697.69190476176
1771243200,68809.15,69806.44,68791.72,69710.25,3.80996,1.0919514999999533,68784.01460000007,69406.87120000005,68682.50761904746
1771246800,69680.1,70092.16,68154.85,68368.85,6.30323,1.2678739999999533,68778.67815000007,69403.99440000005,68677.78428571414
1771250400,68372.68,68703.17,68248.13,68400.59,3.62932,1.2228279999999532,68773.91670000007,69399.15140000005,68664.94952380937
1771254000,68383.98,68571.61,67270.76,67501.72,5.96563,1.4234989999999532,68770.15165000007,69380.24820000005,68696.27523809508
1771257600,67518.9,67967.64,67501.15,67882.78,1.28747,1.363324999999953,68768.89630000008,69362.99840000004,68664.97476190461
1771261200,67861.53,68032.82,67618.1,67940.26,1.6961,1.427289499999953,68767.11410000008,69364.44480000004,68656.3209523808
1771264800,67890.84,68198.77,67809.84,67828.86,2.73103,1.5357344999999532,68764.30705000008,69323.11200000004,68613.18238095223
1771268400,67846.39,68076.47,67805.78,67887.84,1.9315,1.5670494999999531,68763.11155000007,69297.96520000004,68594.80999999985
1771272000,67887.85,68528.02,67823.87,68528.02,2.78333,1.6395024999999532,68765.53785000007,69259.13880000003,68572.3428571427
1771275600,68527.88,68919.51,68412.4,68843.21,1.93866,1.7210714999999532,68761.43890000007,69221.69740000003,68523.31714285699
1771279200,68813.42,68824,68465.08,68594.1,2.48629,1.825380499999953,68756.80170000007,69185.03120000004,68474.08761904745
1771282800,68553.14,68931.75,68553.14,68877.94,0.825,1.8409859999999534,68746.27425000007,69147.09040000004,68461.71047619032
1771286400,68831.96,68998.75,68687.98,68845.64,0.86631,1.8712794999999531,68732.75115000008,69111.25200000004,68463.15714285697
1771290000,68890.26,68951.4,68538.06,68621.03,0.45986,1.883804999999953,68721.89325000008,69087.50440000003,68462.72238095223
1771293600,68622.16,69219.37,68371.73,68852.16,0.51306,1.9080089999999532,68710.07955000008,69067.95360000004,68489.73428571413
1771297200,68803.32,68803.32,68447.64,68447.64,0.65795,1.936879999999953,68694.90495000007,69040.00940000004,68510.88476190461
1771300800,68454.03,68638.93,68266,68435.17,0.26613,1.9428494999999528,68681.56770000007,69019.66200000004,68501.01380952366
1771304400,68475.57,68475.57,67919.75,68190.95,0.22191,1.943908999999953,68668.62805000007,68997.78800000003,68524.68904761889
1771308000,68209.53,68484.02,68209.53,68392.07,1.00428,1.9781564999999532,68655.77400000008,68975.41000000003,68524.97380952365
1771311600,68358.63,68469.22,68138.57,68392.63,0.74187,2.005944499999953,68644.72750000008,68958.24720000004,68519.19333333318
1771315200,68385,68472.29,68107.75,68145.39,0.64143,1.8475179999999534,68637.09750000008,68934.87940000003,68492.19761904747
1771318800,68146.68,68301.49,67966.38,68084.83,4.01831,1.7332719999999533,68626.55565000008,68913.96280000004,68464.75857142842
1771322400,68092.54,68165.05,67683.66,67836.12,5.2535,1.8144809999999534,68615.08380000008,68879.84880000004,68446.63523809508
1771326000,67807.37,67895.52,67649.4,67810.83,2.62135,1.6472669999999536,68600.34920000007,68844.85780000004,68413.67142857128
1771329600,67810.82,68291.81,67803.69,67886.05,3.14344,1.7400654999999534,68588.40085000008,68807.15500000004,68336.27047619033
1771333200,67929.25,68327.89,67717.13,68101.33,4.37747,1.8741339999999536,68576.11720000007,68762.42580000003,68310.90238095223
1771336800,68103.64,68301.23,66705.28,66846.39,9.91231,2.2331979999999536,68563.18420000008,68709.00480000004,68282.81857142842
1771340400,66862.32,67349.18,66604.72,67303.23,9.03699,2.5884724999999533,68553.63625000007,68657.78900000003,68301.11999999985
1771344000,67353.59,68113.63,67321.15,67511.88,2.28789,2.5637004999999533,68542.09995000006,68606.38280000004,68311.527142857
1771347600,67503.3,67654.8,66855.17,67213.5,3.59648,2.6465914999999534,68530.89470000008,68555.90940000003,68259.43809523794
1771351200,67215.64,68191.14,67097.43,68106.51,1.23113,2.5838334999999537,68517.12720000008,68512.73860000003,68234.40809523796
1771354800,68056.35,68167.39,67743.23,67766.41,0.61232,2.5731994999999532,68499.82055000008,68463.92320000003,68216.5052380951
1771358400,67758.13,67883.07,67467.33,67701.99,2.31806,2.6457869999999533,68484.45755000008,68432.53960000003,68153.9090476189
1771362000,67705.2,67840.74,67513.06,67641.5,0.49076,2.6473319999999534,68469.99420000009,68400.63400000003,68118.82809523794
1771365600,67622.68,67736.3,67502.77,67523.06,0.10945,2.6271514999999535,68450.93580000008,68363.85580000003,68079.41428571414
1771369200,67523.05,67552.17,67125.7,67478.78,1.73863,2.6811854999999536,68435.5761000001,68345.46280000002,68023.41666666651
1771372800,67501.35,67574.53,67272.19,67321.26,0.45195,2.6904764999999538,68423.81320000009,68329.14460000003,67966.07666666651
1771376400,67313.26,67313.26,66866.67,67137.62,0.63107,2.7109344999999534,68412.0608000001,68315.03180000003,67913.79238095223
1771380000,67139.9,67372.89,67113.57,67342.16,0.17253,2.6693469999999535,68409.25890000009,68302.48980000002,67848.3933333332
1771383600,67319.96,67662.47,67319.96,67657.34,0.19695,2.6421009999999536,68403.97310000009,68284.70960000003,67794.75619047604
1771387200,67595.79,67840.97,67485.61,67840.97,0.47345,2.633701999999954,68397.07360000009,68257.11720000002,67732.96809523796
1771390800,67745.9,67912.76,67603.52,67628.07,0.3127,2.4484214999999536,68392.58170000008,68225.10920000002,67692.54952380939
1771394400,67618.95,67945.33,67618.95,67818.54,0.27922,2.1997074999999535,68383.89995000008,68192.10280000002,67657.56238095222
1771398000,67819.4,68189.24,67668.87,68109.24,0.42517,2.0898984999999537,68373.99470000008,68162.68940000002,67631.2928571427
1771401600,68091.63,68435.76,68045.41,68112.85,0.28334,1.946893499999954,68360.50680000008,68143.77160000004,67606.65857142843
1771405200,68116.61,68259.6,68006.28,68134.68,0.30157,1.7430984999999537,68343.23870000007,68134.37720000003,67593.97809523795
1771408800,68133.95,68162.44,67739.25,67781.9,1.48817,1.3218914999999538,68328.45305000008,68118.90900000003,67606.98380952366
1771412400,67743.49,67788.3,67043.37,67339.2,4.33642,1.086862999999954,68312.29235000009,68098.71340000002,67621.36571428557
1771416000,67369.35,67650.7,67349.1,67465.55,3.29756,1.1373464999999539,68297.72690000008,68093.79860000004,67633.20523809509
1771419600,67495.75,67556.74,67057.96,67193.08,1.12607,1.013825999999954,68283.97250000009,68087.22240000003,67617.99428571414
1771423200,67283.52,67324.97,66694.65,67173.64,1.38052,1.021295499999954,68271.1744500001,68078.78480000002,67641.46142857127
1771426800,67199.83,68253.44,67181.03,67665.48,2.12952,1.0971554999999538,68261.3071000001,68059.26560000003,67649.19095238078
1771430400,67672.6,67672.6,66975.85,67047.77,3.81774,1.172139499999954,68252.59465000009,68026.68380000003,67634.00999999983
1771434000,67142.92,67446.42,67060.75,67162.13,0.63618,1.1794104999999537,68241.41645000009,68000.53040000002,67632.11190476174
1771437600,67144.5,67183.76,66191.1,66304.19,7.80463,1.5641694999999538,68229.95965000009,67967.63940000001,67611.11047619031
1771441200,66322.82,66553.72,65849.05,66144.05,3.72054,1.663264999999954,68219.2457000001,67916.90720000003,67576.88952380935
1771444800,66180.17,66527.8,66132.35,66210.9,1.22026,1.7016804999999544,68207.5820500001,67902.83980000002,67551.18190476175
1771448400,66332.95,66454.24,66077.9,66309.29,0.60043,1.7001484999999543,68196.40455000011,67875.78340000001,67487.50047619031
1771452000,66311.55,66456.46,66222.05,66385.08,0.30641,1.7068424999999543,68187.99675000011,67868.99160000002,67421.83333333317
1771455600,66417.86,66459.18,66253.19,66438.72,1.92103,1.7930464999999542,68181.9656500001,67837.41980000002,67361.45809523793
1771459200,66405.75,66570.97,66325.12,66379.98,0.60411,1.7995794999999544,68171.74365000009,67801.49560000001,67313.26904761887
1771462800,66446.97,66870.44,66446.97,66841.26,1.42214,1.8550514999999543,68162.0106500001,67769.13640000002,67277.43380952363
1771466400,66844.86,66930.23,66616.17,66830.74,0.90855,1.886517999999954,68149.1262000001,67737.56540000002,67234.41285714268
1771470000,66815.16,66963.94,66741.65,66946.33,3.22564,2.026541499999954,68137.4153500001,67694.70660000002,67173.58619047601
1771473600,66979.62,67040.16,66736.06,66797.06,0.82634,2.053691499999954,68125.5793500001,67646.61680000002,67125.98095238078
1771477200,66817.3,66873.06,66659.98,66873.06,0.10014,2.043619999999954,68112.09590000009,67602.33440000002,67088.01285714268
1771480800,66835.27,67262.86,66835.27,67112.61,0.13153,1.9757879999999541,68101.74825000009,67561.60080000001,67046.47904761888
1771484400,67138.71,67276.38,67024.28,67177.34,0.14312,1.7661229999999546,68087.95345000009,67521.30280000002,66983.99428571411
1771488000,67155.13,67163.67,66767.56,66938.06,0.56179,1.6293344999999548,68072.19620000008,67487.80880000001,66924.95666666649
1771491600,66938.06,67135.16,66749.33,66818.26,2.52441,1.699251499999955,68056.97550000009,67446.7068,66876.28666666649
1771495200,66765.44,67009.17,66743.93,66792.24,0.29444,1.6449474999999552,68046.73965000009,67415.21520000002,66847.49809523791
1771498800,66898.87,66913.22,66463.6,66463.6,0.14307,1.5456249999999554,68036.27940000009,67388.76400000001,66828.39619047602
1771502400,66480.88,66698.17,66307.53,66546.06,3.30565,1.5200204999999554,68026.72860000009,67368.4918,66797.57285714269
1771506000,66528.94,66567.13,65773.98,65887.28,5.2617,1.7512964999999554,68018.06705000009,67339.4116,66778.48523809506
1771509600,65887.11,66610.45,65621.02,66351.82,6.32625,1.6773774999999553,68010.55995000008,67307.92420000001,66744.67380952364
1771513200,66398,66724.96,65951.84,66404.32,4.30312,1.7065064999999553,68002.53045000008,67280.86120000001,66691.36809523792
1771516800,66368.61,66506.5,65874.49,66304.78,3.7106,1.831023499999955,67991.33590000008,67248.43660000002,66636.1066666665
1771520400,66304.58,67029.39,66161.53,66339.75,5.56369,2.079186499999955,67980.63560000008,67222.63540000001,66597.5204761903
1771524000,66339.74,67053.21,66236.28,67026.36,2.27327,2.177529499999955,67971.27310000008,67184.16440000001,66602.2885714284
1771527600,66986.16,67171.21,66682.49,67031.17,0.36482,2.099718999999955,67962.82165000007,67153.4798,66609.94238095221
1771531200,67025.98,67150.47,66824.78,67122.25,0.33272,2.0861494999999555,67957.81270000007,67119.5396,66616.07809523793
1771534800,67114.23,67140.73,66901.71,66901.71,0.86549,2.0583169999999553,67950.32235000007,67108.7074,66650.22428571411
1771538400,66815.04,66887.09,66625.77,66848.24,0.68287,2.0470329999999555,67948.27615000006,67089.4378,66680.9904761903
1771542000,66841.22,66995.26,66841.22,66951.21,1.50468,1.9609849999999558,67945.23540000008,67079.7274,66713.53952380935
1771545600,66935.58,67456.4,66915.45,67221.49,2.80461,2.0598984999999557,67941.89985000007,67076.0808,66738.38380952363
1771549200,67236.52,67309.02,67129.33,67207.02,1.50014,2.1298984999999555,67939.67180000007,67056.3956,66738.71619047601
1771552800,67305.94,67305.94,67163.17,67263.94,0.0184,2.1242419999999553,67942.37625000007,67039.1016,66744.45285714268
1771556400,67242.36,67442.29,67233.15,67333.46,0.08515,2.121343499999955,67942.43645000007,67022.0266,66757.55571428554
1771560000,67315.52,67340.57,67095.25,67232.75,0.0996,2.0982339999999553,67942.47580000007,67008.2208,66777.07761904744
1771563600,67227.88,67984.75,67215.7,67765.54,0.89816,2.016921499999955,67939.94055000007,67002.1894,66795.69095238077
1771567200,67785.96,67872.69,67656.34,67846.58,0.67954,2.036176499999955,67941.58845000007,66996.75420000001,66806.20761904745
1771570800,67805.35,67960.62,67757.63,67779.85,0.35906,2.046975999999955,67943.78380000008,66995.6078,66808.84619047602
1771574400,67824.24,67929.52,67734.79,67876.96,0.07416,1.8854014999999549,67949.82315000007,66999.5246,66848.24999999983
1771578000,67857.46,68191.33,67857.46,68191.33,0.09816,1.627224499999955,67953.41280000008,66997.33640000001,66897.21761904744
1771581600,68175.9,68293.88,67846.94,67915.58,0.21632,1.321727999999955,67953.65830000007,66999.50040000002,66944.24666666648
1771585200,67927.1,67936.13,67264.3,67264.3,0.24404,1.1187739999999549,67952.55605000007,66999.61260000002,67011.54952380934
1771588800,67319.25,67577.88,67267.85,67511.21,1.67577,1.017032499999955,67951.21250000008,67002.64820000003,67089.89571428552
1771592400,67513.71,67513.71,66393.14,66769.42,5.85219,1.0314574999999548,67951.20695000008,67003.81660000002,67186.48142857125
1771596000,66790.95,67270.56,66479.47,67039.68,5.9307,1.214328999999955,67953.37445000009,67005.45840000002,67229.93285714267
1771599600,67072.81,68059.95,66518.51,67569.52,8.27859,1.6100174999999548,67957.03390000008,67001.51300000002,67282.64190476171
1771603200,67527.35,67890.84,67293.07,67855.62,2.06459,1.696610999999955,67959.17060000008,66984.10540000001,67304.76761904743
1771606800,67773.72,67773.72,66970.22,67586.66,2.20951,1.7638119999999549,67961.91565000008,66978.69160000002,67338.09761904743
1771610400,67603.69,67993.65,67459.53,67950.85,1.34207,1.796771999999955,67964.51845000008,66967.29600000003,67363.9623809522
1771614000,67956.9,67956.9,67547.61,67606.62,0.61409,1.7522424999999546,67963.08585000008,66958.77860000002,67403.22190476173
1771617600,67716.42,67867.69,67497.73,67703.98,0.56559,1.640291499999955,67965.67085000007,66966.30740000003,67425.33666666648
1771621200,67813.77,67820.35,67688,67812.3,0.80575,1.605571999999955,67964.03100000008,66979.94700000003,67475.29571428553
1771624800,67812.3,68079.93,67638.54,68055.9,3.57168,1.783235999999955,67963.93015000009,66978.37060000002,67511.40904761886
1771628400,68051.58,68221.35,67877.89,67981.69,3.52543,1.955249999999955,67965.91075000008,66996.43220000002,67547.25523809505
1771632000,67995.58,68013.2,67780.42,67811.54,1.4035,2.020444999999955,67969.71345000007,67005.32200000003,67575.38904761887
1771635600,67846.94,67958.8,67840.27,67939.83,0.28263,1.989668499999955,67970.08460000007,67033.31780000002,67615.81190476172
1771639200,67925.65,68049.07,67925.65,68017.79,0.02849,1.9571159999999548,67969.97950000007,67066.68280000002,67649.99047619029
1771642800,67945.11,67945.11,67547.27,67641.5,0.16256,1.9472909999999548,67967.73415000006,67103.58280000002,67672.756190476
1771646400,67603.48,67823.67,67601.71,67815.83,0.08778,1.947971999999955,67967.22705000007,67137.03080000002,67706.42666666648
1771650000,67837.69,67850.85,67805.71,67850.85,0.08438,1.947282999999955,67964.79795000008,67165.56000000001,67718.43857142839
1771653600,67848.24,67935.16,67743.62,67773.48,0.53679,1.963306499999955,67967.27145000007,67195.58220000002,67708.67285714266
1771657200,67779.54,67864.89,67779.54,67830.97,0.34372,1.968290499999955,67971.95295000006,67228.33840000002,67710.386190476
1771660800,67830.96,68068.09,67830.96,68033.65,0.50003,1.9095034999999552,67982.11810000007,67244.34320000002,67709.14285714267
1771664400,68021.97,68270.61,67977.95,68129.46,0.42406,1.638096999999955,67995.11120000007,67264.04500000003,67689.24523809506
1771668000,68204.78,68243.11,68131.83,68150.06,0.11559,1.347341499999955,68007.42625000006,67282.13540000003,67685.216190476
1771671600,68252.01,68256.23,68079.9,68085.52,0.04602,0.935712999999955,68016.89525000006,67301.66380000004,67721.85190476172
1771675200,68114.54,68214.37,67927.46,68214.37,0.07501,0.8362339999999551,68029.29770000005,67320.82200000003,67751.29238095219
1771678800,68214.06,68313.24,68140.04,68253.16,0.37171,0.744343999999955,68039.62960000006,67339.24280000004,67817.03714285695
1771682400,68253.27,68625.34,68178.35,68457,8.34183,1.094331999999955,68047.27680000005,67358.28520000003,67866.83904761885
1771686000,68459.3,68757.64,68415.57,68613.97,4.53913,1.290583999999955,68055.24225000005,67382.52520000003,67897.546190476
1771689600,68596.67,68616.08,68146.61,68329.43,2.01596,1.363102499999955,68065.81080000005,67407.87040000003,67916.47666666648
1771693200,68347.33,68476.44,68213.21,68416.63,6.33313,1.6394714999999551,68074.54020000005,67436.31300000002,67957.92142857124
1771696800,68434.12,68637.12,68399.26,68598.68,7.15548,1.8186614999999549,68081.89535000005,67472.10420000003,67989.49857142838
1771700400,68571.63,68649.07,68528.48,68544.9,4.06884,1.8458319999999548,68089.95680000006,67510.32300000003,68023.91809523791
1771704000,68528.54,68587.77,68198.19,68213.67,2.1603,1.883671999999955,68099.60980000005,67564.85680000002,68057.85380952361
1771707600,68212.52,68405.03,68183.11,68374,3.08371,2.023725999999955,68109.89310000004,67604.40900000003,68095.30047619028
1771711200,68390.92,68428.25,67837.13,67965.91,2.87672,2.166137499999955,68120.65250000005,67644.65520000002,68118.58619047601
1771714800,67965.9,68118.07,67936.77,67972.75,2.84254,2.3001364999999554,68132.41960000005,67690.53320000002,68129.63285714267
1771718400,67972.59,68053.62,67793.28,67913.16,2.90541,2.441017999999955,68141.03415000005,67734.63620000002,68156.41666666648
1771722000,67968.96,68183.34,67968.96,68183.34,1.87442,2.530519999999955,68148.52525000005,67758.38240000002,68157.65857142839
1771725600,68141.38,68195.45,67870.95,67885.82,3.06029,2.6566949999999547,68156.73030000005,67785.23900000002,68155.51380952362
1771729200,67907.71,68023.76,67816.06,67991.53,0.2137,2.650193999999955,68163.83280000005,67802.11220000002,68168.44999999981
1771732800,68049.17,68049.23,67959.12,67981.07,0.59664,2.655024499999955,68169.63345000005,67823.53300000001,68185.95047619028
1771736400,67974.55,67985.94,67861.45,67956.15,0.93066,2.680354499999955,68175.09085000005,67844.83140000001,68187.61571428551
1771740000,67968.2,68186.56,67968.2,68029.28,0.62249,2.7056994999999553,68176.43620000005,67869.47400000002,68197.99904761885
1771743600,68026.49,68067.72,67987.4,68004.23,0.82911,2.7448539999999553,68173.02420000006,67882.76060000001,68205.14666666646
1771747200,67989.92,68027.95,67933.66,67960.14,0.27837,2.7550219999999555,68168.11855000006,67898.45080000002,68201.45619047599
1771750800,67955.41,68084.78,67953.1,68064.74,0.65444,2.7691584999999557,68164.02170000006,67912.79340000002,68196.68571428552
1771754400,68064.74,68173.64,68019.91,68131,0.27573,2.3658534999999556,68157.86600000005,67925.24720000001,68189.74142857123
1771758000,68124.17,68279.71,68124.17,68279.71,0.35592,2.1566929999999553,68152.97810000005,67941.1778,68183.77095238076
1771761600,68140.09,68140.09,67876.93,67964.78,3.08452,2.2101209999999556,68149.14125000006,67945.95160000001,68176.6457142855
1771765200,67966.14,68033.34,67570,67650.31,6.12647,2.1997879999999554,68144.57195000006,67948.22280000002,68170.82857142836
1771768800,67636.26,67758.06,67379.73,67452.74,11.90556,2.437291999999956,68140.17580000007,67953.92060000001,68162.38619047597
1771772400,67476.98,67797.76,67315.19,67705.84,12.24021,2.8458604999999553,68136.14050000007,67959.00140000001,68131.47238095217
1771776000,67666.44,67702.83,67528.65,67635.08,4.71689,2.9736899999999555,68130.80395000006,67960.76900000003,68099.13333333313
1771779600,67639.19,67639.19,67188.49,67346.83,3.14576,2.9767924999999553,68126.37875000006,67961.75300000001,68053.2338095236
1771783200,67362.52,67447.17,67311.89,67429.75,3.08075,2.9869939999999557,68122.71520000006,67969.47320000002,68010.71761904741
1771786800,67468.64,67513.85,67390.01,67477.23,3.25462,3.007597999999956,68119.39700000006,67968.30380000002,67967.39285714265
1771790400,67414.46,67481.6,67339.91,67427.22,1.86285,2.955469999999956,68115.37085000005,67987.03220000003,67926.11476190455
1771794000,67439.03,67641.5,67439.03,67619.4,1.93975,2.9587364999999557,68109.80865000006,67998.94020000003,67881.15047619028
1771797600,67632.19,67757.09,67486.4,67683.36,3.40145,2.9757944999999557,68102.56385000005,67994.48640000004,67857.87999999979
1771801200,67672.93,67729.06,67466.68,67629.47,4.66742,3.198480499999955,68095.04085000005,67985.96900000003,67831.90238095218
1771804800,67639.37,67643.61,66697.88,66706.35,4.93316,3.415306499999955,68084.62435000006,67983.78040000003,67817.9138095236
1771808400,66689.35,66695.65,64339.05,64434.46,6.10766,3.6741564999999548,68072.85790000006,67973.30780000004,67794.10523809504
1771812000,64411.39,64891.28,64331.99,64754.94,0.62303,3.6741834999999545,68061.81700000005,67973.56340000004,67781.89809523789
1771815600,64775.76,65037.09,64713.52,64972.02,0.29864,3.647659999999955,68047.02570000006,67973.15100000003,67720.69904761885
1771819200,64945.44,65004.16,64680.57,64695.35,0.31106,3.649294499999955,68035.87215000007,67969.49440000003,67551.81285714266
1771822800,64815.57,65212.91,64815.57,64983.94,0.28316,3.630730499999955,68026.75395000007,67942.50340000003,67399.37428571408
1771826400,65039.37,65788.46,65039.37,65705.65,0.41955,3.6379214999999556,68016.39650000008,67871.55880000004,67253.79047619028
1771830000,65740.92,65990.78,65641.09,65950.97,0.66684,3.6534674999999552,68005.67600000006,67810.42680000003,67096.22476190457
1771833600,65947.73,65956.69,65567.03,65675.16,1.44065,3.5712739999999554,67990.57825000006,67751.07060000004,66954.50095238075
1771837200,65719.09,66476.43,65719.09,66380.7,0.43607,3.2867539999999558,67964.35175000006,67684.62180000002,66842.16333333313
1771840800,66411.1,66590.71,66235.19,66323.71,0.82282,2.732616999999956,67939.54945000006,67631.47060000003,66738.35238095217
1771844400,66323.71,66481.55,66131.03,66246.1,1.12305,2.1767589999999557,67915.30580000007,67589.26700000004,66614.326190476
1771848000,66246.1,66512.03,65953.96,66307.52,6.03557,2.2426929999999556,67888.82600000007,67551.26940000002,66538.89380952361
1771851600,66306.39,66475.13,66187.1,66371.51,1.3651,2.1536599999999555,67864.26915000008,67509.30300000003,66475.72238095218
1771855200,66191.98,66285,65578.29,65990.59,6.01712,2.3004784999999552,67843.10070000008,67480.29760000002,66418.26333333313
1771858800,66065.67,66211.39,65713.89,65745.07,4.88278,2.3818864999999554,67824.15590000007,67446.09880000002,66351.67666666646
1771862400,65629.87,65702.1,65268.76,65326.15,3.08115,2.4428014999999554,67803.98020000006,67408.43160000003,66291.50666666646
1771866000,65383.2,65429.24,64155.41,64732.17,6.25772,2.658699999999955,67787.80355000007,67371.58080000003,66226.9238095236
1771869600,64782.8,65145.15,64587.08,64640.7,2.15806,2.596530499999955,67772.01710000007,67337.30060000002,66146.70095238076
1771873200,64676.61,64810.77,64098.53,64307.93,4.0885,2.5675844999999553,67753.76435000006,67292.82500000001,66044.26857142837
1771876800,64277.24,64442.51,63900,64433.78,3.79369,2.5106109999999555,67734.59385000006,67242.66320000001,65915.93285714266
1771880400,64558.57,64754.38,64507.99,64564.01,0.97647,2.2540514999999552,67715.06255000006,67180.04620000001,65774.08999999981
1771884000,64589.21,64991.69,64581.53,64720.97,1.54329,2.300064499999955,67693.10625000006,67102.41020000001,65613.35523809504
1771887600,64698.31,64877.15,64528.92,64660.26,3.38656,2.4544604999999553,67668.05220000006,67028.63560000002,65461.179523809325
1771891200,64679.25,65105.69,64661.9,64956.03,0.38858,2.4583364999999553,67642.69840000007,66946.46160000002,65359.163333333134
1771894800,64906.21,64936.96,63466.19,64164.62,0.53809,2.471082999999955,67614.45355000006,66863.16360000003,65372.80666666647
1771898400,64150.76,64477.26,64032.22,64139.45,0.11566,2.455888499999955,67585.60845000006,66783.54580000002,65368.29809523789
1771902000,64095.68,64095.68,63333,63583.92,0.86579,2.4658359999999546,67555.84875000006,66713.69180000003,65367.53666666647
1771905600,63604.43,63604.43,62917.1,63512.61,1.79985,2.4837959999999546,67531.58185000005,66639.41700000002,65342.26380952361
1771909200,63339.18,63527.44,62698.83,63058.19,2.18813,2.5713989999999547,67510.03985000006,66579.21940000002,65302.0499999998
1771912800,63070.39,63301.24,62887.56,63078.25,0.78745,2.569630499999955,67488.10890000006,66503.05680000002,65201.01523809504
1771916400,63063.9,63472.8,62907.88,63166.17,0.46665,2.536810499999955,67466.14815000005,66427.58260000002,65084.90285714267
1771920000,63160.33,63419.17,63039.91,63419.17,0.44395,2.257229499999955,67445.79750000006,66335.59420000002,64960.285238095035
1771923600,63377.54,63385.51,63007.05,63239.26,0.1199,2.194969499999955,67423.70900000006,66248.13000000003,64803.02571428552
1771927200,63226.08,63349.77,63169.48,63299.02,0.16676,1.9024514999999549,67402.36810000005,66149.46320000003,64652.666666666475
1771930800,63295.31,63295.31,63047.6,63189.3,0.08188,1.6624064999999546,67378.94470000005,66051.40680000003,64518.050952380756
1771934400,63133.23,63459.02,62992.61,62992.61,0.07483,1.5120904999999545,67354.44740000006,65955.60720000003,64371.94333333314
1771938000,62992.61,63272.25,62526.8,62922.24,0.42718,1.2205634999999546,67325.44635000006,65863.40500000003,64225.63428571408
1771941600,62905,63854.89,62804.56,63479.28,0.13405,1.1193629999999546,67296.22930000005,65768.10560000002,64092.23952380932
1771945200,63430.5,64000.93,63340.26,63982.05,0.14556,0.9222159999999546,67268.12045000005,65674.88320000001,63961.1699999998
1771948800,64162.91,64405.91,63749.82,64314.83,0.1258,0.7388214999999546,67241.15215000005,65577.37440000002,63846.698095237894
1771952400,64302.15,64516.85,64087.81,64266.82,0.10786,0.6953909999999547,67214.33230000005,65474.606600000014,63787.036666666456
1771956000,64266.82,64506.53,63984.32,64359.97,0.06068,0.6212604999999546,67189.27395000005,65367.45720000002,63755.67238095218
1771959600,64538.4,64659.75,64304.95,64509.1,0.09497,0.45668099999995465,67163.21305000005,65277.74720000001,63756.000952380746
1771963200,64479.62,64602.17,64382.86,64515.18,0.05936,0.44021999999995465,67134.03450000005,65204.38200000001,63748.05047619027
1771966800,64417.29,64417.29,63891.97,64015.9,0.04831,0.41573099999995466,67106.87080000006,65141.623800000016,63738.334285714074
1771970400,64103.21,64207.4,64051.64,64130.61,0.02794,0.41134499999995466,67082.05890000005,65072.84340000002,63728.24523809502
1771974000,63946.95,64264.96,63919.94,64139.19,0.00319,0.36821499999995466,67059.18635000005,65007.34120000002,63721.33666666646
1771977600,64096.7,64314.86,64005.21,64314.86,0.00798,0.27862149999995467,67036.97120000004,64950.58660000002,63676.56857142836
1771981200,64320.53,66305,64320.53,65941.74,0.12245,0.17533749999995465,67013.46385000004,64892.29520000002,63674.94904761884
1771984800,66085.21,66296.36,65884.57,65907.14,0.38678,0.15530399999995464,66991.39760000004,64823.06860000002,63674.93666666645
1771988400,65916.62,65944.97,65370.68,65395.71,2.11664,0.23780349999995462,66969.75495000005,64757.136400000025,63709.743333333114
1771992000,65385.66,65630.86,65142.41,65427.95,0.09313,0.22026249999995465,66943.77960000005,64687.53220000002,63825.41619047618
1771995600,65464.86,65507.62,64743.12,64853.44,0.54731,0.24163299999995463,66922.01485000004,64620.16220000003,63961.080476190466
1771999200,64885.13,65155.38,64872.94,64887.56,0.03268,0.23492899999995465,66900.66495000005,64586.40760000003,64071.4357142857
1772002800,64907.46,65195,64804.49,65033.9,0.26869,0.24426949999995468,66883.85230000006,64570.42340000003,64179.1395238095
1772006400,65032.93,65550.59,64980.02,65548.01,0.17952,0.24950399999995465,66866.01270000005,64589.648400000035,64247.43809523808
1772010000,65528.24,65664.74,65445.3,65561.78,0.091,0.23269499999995466,66856.02010000005,64603.10860000003,64325.92857142855
1772013600,65597.39,65616.06,65379.56,65389.79,0.10734,0.23135949999995464,66846.41150000005,64600.73700000003,64408.54190476188
1772017200,65372.59,65463.79,65202.42,65440.77,0.14153,0.23115799999995468,66833.95085000005,64604.58120000003,64520.8614285714
1772020800,65473.99,66330.35,65353.56,66077.56,1.18717,0.2842264999999547,66818.45050000005,64605.58040000003,64643.20285714282
1772024400,66041.88,66687.94,66041.88,66267.77,0.19268,0.2884674999999547,66798.50165000005,64602.427600000025,64760.70523809521
1772028000,66236.82,67215.76,66236.82,67215.76,0.30083,0.30047499999995475,66779.96895000005,64594.643800000034,64854.10952380949
1772031600,66989.96,67553.99,66765.32,67311.7,0.43052,0.31725249999995475,66760.74875000006,64588.936400000035,64953.89571428568
1772035200,67506.3,68367.94,67465.42,68278.68,0.36448,0.33250849999995474,66744.26060000007,64570.13780000003,65046.89285714283
1772038800,68340.43,68853.07,68067.52,68742.22,0.16803,0.33849449999995473,66728.96435000005,64565.21479999999,65187.31857142855
1772042400,68697.37,69568.56,68393.25,69381.12,0.58685,0.36643999999995475,66711.65250000005,64565.64819999998,65327.87714285712
1772046000,69381.12,69381.12,68835.38,69088.12,0.3015,0.3813554999999548,66696.61815000005,64583.81299999999,65507.38095238093
1772049600,69100.58,69431.98,68683.04,69227.15,0.17001,0.38945699999995476,66684.83010000002,64602.61679999999,65708.66857142856
1772053200,69181.73,70027.62,68847.69,68992.97,0.14365,0.3905169999999548,66675.21420000002,64648.37859999998,65964.15523809522
1772056800,68963.49,69171,68107.05,68395.67,0.15102,0.3787289999999548,66669.33265000003,64708.321599999996,66200.22714285713
1772060400,68551.81,68686.38,67811.58,67973.02,0.10057,0.27792549999995486,66663.92800000003,64789.42099999999,66442.51095238092
1772064000,67845.93,68477.27,67845.93,68398.16,0.77774,0.3121559999999548,66664.59445000002,64876.53999999999,66665.27809523807
1772067600,68334.96,68688.95,68133.19,68275.66,0.78641,0.3241109999999548,66667.88140000001,64968.268999999986,66782.13190476189
1772071200,68067.52,68324.42,67790.6,68300.8,0.15452,0.3302029999999548,66675.60640000002,65061.969799999984,66880.50714285712
1772074800,68269.52,68376.34,68067.52,68226.98,0.0711,0.3203234999999548,66681.99285000002,65141.20759999998,67023.48095238095
1772078400,68250.37,68833.19,68201.55,68585.73,0.07922,0.3153084999999548,66688.69835000002,65209.38779999998,67159.08619047618
1772082000,68565.99,68565.99,68169.45,68415.06,0.04249,0.3128829999999548,66693.15655000001,65282.93159999998,67323.24619047617
1772085600,68434.4,68510.97,68085.28,68190.07,0.03568,0.3092999999999548,66700.90295000002,65355.23959999998,67482.26619047618
1772089200,68223.26,68292.59,67845.49,67850.36,1.19192,0.3618194999999548,66704.25190000002,65422.13499999998,67651.40095238094
1772092800,67882.96,68229.39,67840.01,67945.51,0.33415,0.3191684999999548,66708.68330000003,65503.38219999998,67787.92714285714
1772096400,67984.62,68646.2,67966.8,68566.55,0.19565,0.3193169999999548,66713.99410000003,65592.30779999998,67913.08380952381
1772100000,68604.48,68708.34,68285.75,68343.45,0.16012,0.31228149999995475,66714.96555000002,65688.93059999999,68030.2538095238
1772103600,68295.39,68414.06,67959.21,67991.94,0.2529,0.3034004999999548,66717.26840000003,65782.47979999999,68149.52714285713
1772107200,68108.23,68351.48,68043.28,68151.53,0.11095,0.29072399999995474,66721.68710000002,65878.32319999998,68268.05047619047
1772110800,68196.74,68196.74,67938.24,67938.24,0.03708,0.28417649999995476,66725.55490000002,65975.6684,68366.89238095238
1772114400,67918.28,68231.59,67283.12,67690.08,0.2319,0.26642899999995473,66728.88995000003,66083.67599999999,68403.85333333333
1772118000,67716.98,67716.98,66890.15,67442.19,0.22029,0.26236849999995476,66730.74785000003,66182.16159999998,68443.84523809522
1772121600,67406.34,67549.93,66540.75,66540.75,0.23093,0.2654144999999547,66733.86910000003,66277.21519999998,68427.6338095238
1772125200,66708.02,67020.06,66672.32,66853.89,0.0826,0.26236199999995474,66741.01375000003,66374.26539999997,68377.5319047619
1772128800,66898.31,67374.18,66639.52,67362.96,0.06609,0.25811549999995476,66746.02020000003,66469.24419999999,68285.20190476191
1772132400,67425.78,67931.87,67425.78,67690.55,0.12886,0.25952999999995474,66747.69320000004,66563.19359999997,68163.89857142857
1772136000,67657.42,67871.42,67348.36,67427.16,0.0595,0.22361799999995474,66749.24600000003,66653.59259999997,68050.88619047619
1772139600,67470.31,67539.13,67219.23,67456.04,0.02183,0.18538899999995476,66750.79685000003,66714.82199999999,67973.26666666666
1772143200,67499.38,67679.26,67387.85,67613.05,0.06352,0.18083899999995473,66750.15455000004,66772.25879999998,67939.68952380952
1772146800,67542.81,67641.5,67461.9,67514.55,0.04856,0.17971199999995474,66746.81930000003,66833.22139999998,67913.69619047618
1772150400,67514.55,67514.55,67055.49,67261.39,0.01035,0.17626849999995475,66738.95880000002,66901.69599999998,67868.83333333333
1772154000,67135.16,67329.08,66935.78,67316.12,0.0097,0.17462899999995476,66732.55485000003,66963.03979999997,67837.28047619046
1772157600,67362.06,67542.53,67313.52,67332.45,0.02471,0.17408049999995473,66730.46015000003,67021.97859999997,67799.83999999998
1772161200,67282.22,67715.76,67135.16,67619.42,0.01859,0.11541399999995475,66732.21690000003,67083.93599999996,67753.85952380951
1772164800,67600.34,68223.89,67600.34,67730.71,0.17685,0.10754899999995475,66732.02495000004,67153.90899999997,67693.4019047619
1772168400,67759.62,67892.21,67704.33,67710.79,0.01796,0.09866449999995475,66733.33975000004,67216.52459999996,67641.84904761903
1772172000,67768.04,67798.71,67529.55,67709.15,0.03149,0.09223299999995474,66735.53680000005,67280.06319999996,67614.67523809522
1772175600,67680.27,67753.9,67478.45,67753.9,0.04432,0.08180399999995473,66734.78215000004,67340.41499999996,67608.97761904761
1772179200,67727.53,68095.64,67727.53,67952.68,0.49721,0.10111699999995474,66735.85025000005,67373.96859999996,67597.80047619047
1772182800,67945.69,68311.9,67338.28,67418.78,0.95851,0.14718849999995473,66736.62020000005,67410.43999999996,67556.97190476189
1772186400,67382.79,67397.6,66596.88,66635.67,0.21286,0.14623649999995475,66741.76150000007,67456.74159999995,67528.89809523808
1772190000,66635.58,66787.79,66000,66128.1,0.22383,0.14641349999995473,66749.13835000005,67502.36559999995,67527.02857142857
1772193600,66101.94,66196.12,65778.07,65898.41,0.12252,0.14099299999995477,66756.73740000006,67560.37479999995,67492.1357142857
1772197200,66038.24,66316.57,65707.36,66274.13,0.52697,0.16321149999995474,66763.74490000006,67621.67719999995,67430.10857142854
1772200800,66287.9,66350.63,65749.43,65851.24,1.477,0.23375699999995475,66770.36525000006,67669.37479999993,67355.72857142855
1772204400,65915.19,66345.69,65861.38,66125.87,0.19084,0.2368559999999547,66776.94115000006,67691.12799999994,67282.21523809522
1772208000,66100,66120.63,65510.44,65510.44,0.30817,0.2492894999999547,66784.80465000006,67702.45439999994,67269.51904761902
1772211600,65552.26,65629.9,65147.42,65616.06,0.0863,0.2525129999999547,66787.69225000007,67712.62679999994,67221.77380952377
1772215200,65745,65753.33,65241.89,65360.75,0.11665,0.2551694999999547,66786.71690000007,67729.29399999994,67162.86476190474
1772218800,65360.74,65480.06,65218.58,65440.61,0.07264,0.2563734999999547,66782.62575000008,67724.76759999993,67059.04999999997
1772222400,65554.07,65697.77,65554.07,65658.65,0.02691,0.2572014999999547,66778.13250000008,67721.92959999993,66972.80714285711
1772226000,65622.47,65774.34,65622.47,65678.93,0.00537,0.2569849999999547,66775.13785000007,67687.82319999994,66873.0314285714
1772229600,65522.61,65663,64985.76,65594.07,0.16891,0.26419499999995477,66768.83100000008,67653.91039999994,66769.58190476187
1772233200,65614.68,66127.9,65614.68,65929.48,0.06177,0.2663539999999548,66763.57365000008,67595.55179999993,66681.20571428568
1772236800,65875.04,66025.75,65787.26,65983.74,0.02218,0.25862049999995473,66756.43555000008,67529.51959999993,66605.85047619043
1772240400,65860.41,65864.29,65852.8,65864.29,0.0011,0.25777749999995475,66750.42455000007,67455.07019999993,66523.84809523805
1772244000,65814.61,66007.18,65814.61,66007.18,0.20112,0.2662589999999548,66743.26710000008,67386.88639999993,66457.03999999995
1772247600,65933.96,65970.02,65799.25,65800.36,0.01011,0.2645484999999548,66738.15215000008,67314.22479999994,66379.15047619044
1772251200,65800.36,65817.48,65568.29,65568.29,0.01379,0.24037749999995478,66733.71510000009,67252.95499999993,66290.27333333329
1772254800,65696.19,65696.19,65546.86,65546.86,0.00413,0.1926584999999548,66732.67335000008,67204.71639999993,66209.14904761901
1772258400,65572.35,65584.79,63127.6,63280.57,1.16328,0.24017949999995478,66728.88460000008,67162.54179999995,66118.25428571424
1772262000,63210.54,64333.34,63108.72,63893.14,0.37596,0.24778599999995476,66726.51040000009,67114.72219999993,66014.17761904758
1772265600,63860.95,63860.95,63462.76,63462.76,0.09645,0.24648249999995478,66724.9052000001,67065.21619999994,65899.61476190473
1772269200,63532.02,63946.29,63426.93,63723.99,0.19129,0.22969849999995479,66722.52790000009,67010.56599999993,65702.55714285711
1772272800,63578.01,64070.08,63551.42,64003.27,0.11197,0.16144699999995477,66717.43200000007,66956.96359999994,65571.96047619043
1772276400,64188.61,64321.33,63881.44,63930.14,0.0604,0.15492499999995474,66711.27795000008,66850.86039999995,65445.039523809486
1772280000,63966.56,64102.76,63908.08,64016.12,0.30454,0.15474349999995474,66703.50815000008,66760.42199999993,65341.49571428568
1772283600,64016.12,65262.72,63972.43,65170.02,0.15502,0.15817949999995473,66696.73390000008,66665.87579999994,65233.35952380948
1772287200,65256.17,65420.06,64434.39,64434.39,0.12195,0.15844449999995475,66678.89555000007,66583.34839999993,65141.878571428526
1772290800,64517.35,64932.42,64285.73,64854.28,0.33716,0.17167049999995473,66663.60520000008,66504.50359999994,65041.414285714236
1772294400,64859.17,65224.42,64801.42,65216.66,0.02078,0.17136399999995472,66644.81155000007,66411.77539999994,65025.203809523766
1772298000,65154.43,65548.01,64935.68,65503.86,0.09119,0.17565499999995474,66627.39640000007,66325.22879999994,64968.93380952376
1772301600,65467.57,66124.72,65255.29,65962.18,0.04046,0.16923249999995474,66611.09305000008,66268.79039999994,64944.816190476144
1772305200,65905.86,66670.03,65720.56,66330.51,0.091,0.17069399999995474,66594.07645000008,66194.44759999993,64934.15190476186
1772308800,66373.36,67032.28,66303.57,66957.62,0.04165,0.17166749999995473,66577.99330000009,66132.76839999993,64926.780952380905
1772312400,66899.33,67037.79,66476.57,66800.58,0.06512,0.17486849999995474,66565.01570000009,66083.29999999994,64940.269047619
1772316000,66817.14,67700.28,66814.25,67159.47,0.11798,0.17071149999995475,66547.95475000009,66044.53339999994,64975.33761904757
1772319600,67195.24,67322.85,66886.91,67049.54,0.02693,0.17155249999995476,66533.3269000001,66032.96199999994,65024.29666666662
1772323200,67049.54,67049.54,66776.4,66915.69,0.03442,0.17258399999995472,66520.0254000001,66022.49439999995,65063.19380952376
1772326800,66797.43,67679.25,66180.5,67300,0.23566,0.18416049999995474,66506.5880500001,66014.38759999996,65124.869047619
1772330400,67466.49,68190.46,67466.49,67676.2,0.36163,0.14407799999995471,66496.8210500001,65996.58819999994,65174.50523809519
1772334000,67686.93,67961.85,67422.41,67422.41,0.14847,0.13270349999995473,66492.15210000011,65991.23439999994,65227.61619047615
1772337600,67631.94,67631.94,67129.11,67357.11,0.09648,0.13270499999995472,66489.3841500001,65983.10439999995,65310.07857142852
1772341200,67413.7,67561.42,67278.96,67366.74,0.04231,0.12525599999995474,66489.53995000011,65969.15719999996,65411.47571428566
1772344800,67356.33,67356.33,66836.82,66965.77,0.13825,0.12656999999995475,66490.1389000001,65964.86619999995,65608.70619047614
1772348400,66955.61,67439.5,66824.23,67173.41,0.13402,0.13025099999995476,66487.5390000001,65973.16239999994,65773.65714285709
1772352000,67150.04,67334.21,66482.4,66560.95,0.05961,0.11800449999995477,66482.83935000011,65975.28819999994,65959.5609523809
1772355600,66590.47,66791.93,66296.06,66396.64,0.04152,0.11232949999995476,66481.4060500001,65975.78139999993,66113.93142857138
1772359200,66465.34,66757.08,66261.94,66498.23,0.0293,0.10769699999995477,66480.0328000001,65970.72779999994,66264.89047619043
1772362800,66497.61,66673.15,66419.4,66501.11,0.09759,0.09571849999995477,66479.1117500001,65955.42899999995,66390.1671428571
1772366400,66530.53,66558.06,66299.46,66331.99,0.0185,0.09560449999995477,66477.3774000001,65944.68139999994,66503.5252380952
1772370000,66356.77,67374.59,66179.33,66971.7,0.49547,0.11581849999995478,66475.1496000001,65921.71739999995,66566.77333333329
1772373600,67048.53,67270.85,66802.42,66894.48,0.2927,0.12843049999995476,66469.6989500001,65894.57219999994,66665.18857142853
1772377200,66951.64,67283.85,66885.61,67154.61,0.69396,0.15857849999995477,66465.6575500001,65865.48319999994,66735.55571428567
1772380800,66862.67,67113.32,65775.78,66183.16,0.31316,0.17215399999995476,66459.4046000001,65847.12979999995,66819.12904761902
1772384400,66192.95,66260.8,65822.46,66108.92,0.04403,0.17109949999995475,66451.6886500001,65841.05619999995,66885.34904761902
1772388000,66081.16,66590.3,66081.16,66379.24,0.09803,0.17010199999995473,66444.09085000011,65857.92819999995,66942.13142857139
1772391600,66367.85,66367.85,65885.83,65947.35,0.02249,0.16987999999995473,66438.3889000001,65877.84959999996,66935.11476190474
1772395200,65762.18,65762.18,65158.04,65358.7,1.76717,0.25651749999995477,66430.9697000001,65895.45919999994,66894.70047619045
1772398800,65401.04,65787.26,65393.82,65787.26,0.01983,0.24572599999995473,66426.57395000011,65902.09759999994,66874.63666666664
1772402400,65776.75,66491.36,65148.79,65285.55,0.33351,0.2443199999999547,66422.1789500001,65901.75859999994,66816.91666666664
1772406000,65463.76,65958.92,65463.76,65852.23,0.06078,0.23993549999995473,66418.7971500001,65919.13459999995,66736.40047619045
1772409600,65958.92,66834.21,65933.11,66534.53,0.18802,0.24451249999995475,66409.54470000011,65925.76039999996,66682.66571428569
1772413200,66552.43,67093.89,66408.75,66554.65,0.07509,0.24615149999995478,66399.4420000001,65925.71939999994,66586.73952380952
1772416800,66609.31,66609.71,65927.96,66298.53,0.08979,0.24372849999995477,66390.58790000012,65932.65239999995,66499.8838095238
1772420400,66284.17,67047,66162.46,66829.42,1.46508,0.31028149999995475,66379.89705000012,65925.19039999995,66457.6038095238
1772424000,66856.52,66957.43,66654.88,66829.16,0.06972,0.31078699999995474,66365.61870000011,65928.65639999995,66419.39142857143
1772427600,66875.36,67007.12,66567.47,66718.39,0.31089,0.32425549999995473,66353.28920000012,65947.46559999994,66368.52428571429
1772431200,66729.16,66729.16,66080.96,66218.1,0.07755,0.3266679999999547,66337.4319500001,65959.96899999994,66362.03142857144
1772434800,66201.04,66252.14,65580,66002.51,0.19788,0.3316824999999547,66323.6232500001,65966.26479999995,66345.63857142857
1772438400,65999.08,66306.25,65682.64,66306.25,0.33192,0.3473534999999547,66314.64875000011,65985.56739999994,66353.13571428573
1772442000,66280.69,66705.62,66182.37,66196.62,2.29584,0.4373719999999547,66305.33885000012,66002.00699999994,66344.63380952382
1772445600,66168.67,66367,66093.82,66337.82,0.11116,0.4282949999999547,66293.83810000011,66020.36759999995,66321.02809523811
1772449200,66280.4,66454.84,66019.62,66323.17,0.12399,0.3997964999999547,66285.26070000012,66033.36379999995,66311.74904761906
1772452800,66357.95,66418.36,65950.45,66000.67,0.10729,0.3895029999999547,66278.33815000011,66042.47679999995,66305.30285714286
1772456400,65885.83,66120.04,65387.37,65410.86,0.12755,0.3936789999999547,66270.06010000012,66102.99039999995,66275.11809523811
1772460000,65429.91,67135.34,65299.7,67120.27,0.50871,0.4142129999999547,66261.32105000012,66149.05999999994,66247.91285714286
1772463600,67144.89,69615.85,67011.74,69025,8.44678,0.8354274999999547,66251.46985000011,66206.56119999994,66192.96333333335
1772467200,69169.64,70113.46,69025,69512.03,2.10587,0.8523624999999546,66243.43530000013,66258.54479999995,66156.18714285715
1772470800,69493.91,69724.47,68873.58,69123.84,0.14014,0.8583779999999546,66233.50170000012,66298.49279999995,66204.34666666668
1772474400,69103.27,69233.2,68821.08,68964.03,0.0732,0.8453624999999546,66225.76170000012,66328.10719999995,66330.33523809524
1772478000,68884.61,69038.08,68658.63,69027.23,0.07639,0.8461429999999546,66217.41990000011,66390.19019999995,66500.08190476192
1772481600,69251.82,69422.3,68820.16,69365.76,0.06024,0.8397539999999545,66207.51790000011,66467.28979999995,66679.3742857143
1772485200,69100.96,69549.74,69100.96,69478.29,0.22741,0.8473699999999544,66194.7914500001,66568.84259999995,66830.64904761907
1772488800,69382.58,69429.08,69307.51,69429.08,0.00373,0.8430669999999545,66190.2464000001,66654.23379999996,67008.8242857143
1772492400,69324.95,69406.28,68820.16,68947.36,0.06834,0.7732299999999543,66195.3502500001,66729.18119999995,67176.13523809526
1772496000,68831.82,69035.99,68759.07,68977.87,0.02494,0.7709909999999545,66203.1097000001,66799.64859999996,67316.3142857143
1772499600,69068.36,69213.9,68784.75,68784.75,0.07491,0.7591919999999543,66208.40520000011,66867.72019999995,67453.19190476192
1772503200,68759.37,68759.37,68223.84,68549.42,0.13366,0.7619974999999544,66212.57035000011,66930.67579999995,67579.32666666669
1772506800,68524.47,68524.47,68263.93,68350.8,0.04064,0.7541354999999543,66216.3079500001,66980.10499999995,67681.63380952382
1772510400,68387.57,68446.13,68081.87,68120.49,0.18997,0.7470379999999543,66223.3128500001,67023.04059999995,67774.75714285715
1772514000,68189.75,68565.91,67860.6,67880.44,0.04866,0.6346789999999544,66232.45275000011,67059.40859999995,67861.94904761905
1772517600,67948.21,68227.18,67831.79,68114.42,0.1389,0.6360659999999544,66242.33445000011,67094.11279999996,67963.5061904762
1772521200,68084.55,68270.27,67986.32,68170.5,0.06937,0.6333349999999544,66248.5420500001,67126.78739999996,68064.36238095239
1772524800,68170.36,68307.28,67000,67002.97,1.05212,0.6805764999999544,66255.25600000011,67147.80339999995,68139.32380952382
1772528400,67046.49,67156.47,66415.4,66593.31,0.23275,0.6858364999999543,66262.44560000012,67156.68919999995,68230.64761904764
1772532000,66587.47,66982.71,66460.65,66882.15,0.05009,0.6629054999999544,66268.04395000012,67165.84979999995,68317.91809523811
1772535600,66882.15,67148.82,66878.17,67116.95,0.023,0.24171649999995432,66272.41180000012,67180.99599999996,68350.28952380954
1772539200,67103.69,67884.29,67103.68,67385.54,0.08636,0.14074099999995432,66275.87815000012,67197.07119999995,68378.51047619048
1772542800,67350.07,67350.07,66665.61,66802.38,0.18073,0.14277049999995434,66277.18335000012,67197.81519999995,68448.57190476192
1772546400,66879.98,67489.7,66290.1,66570.38,0.17378,0.14779949999995431,66279.33865000012,67186.21319999994,68448.41380952382
1772550000,66572.43,67800.5,66486.5,67724.93,0.1561,0.15178499999995432,66282.04380000012,67192.63719999995,68370.34428571428
1772553600,67724.93,68946.51,67523.48,68167.6,0.24711,0.16112849999995432,66283.52690000011,67207.04339999995,68241.31333333334
1772557200,68163.99,68335.99,67639.01,68282.95,0.07811999999999998,0.15366399999995434,66294.32115000012,67224.78959999996,68119.72
1772560800,68409.62,68923.21,68063.23,68666.01,0.18267000000000003,0.16261099999995435,66304.95720000012,67230.81499999996,68060.71523809523
1772564400,68639.23,68879.8,68374.6,68524.08,0.14878,0.16663299999995435,66315.68185000011,67235.58279999996,68019.78047619048
1772568000,68415.47,68588.12,68161.2,68253.08,0.41549,0.18616049999995435,66329.13280000011,67250.64739999996,67968.2180952381
1772571600,68118.18,68118.18,67876.92,68089.24,0.03328,0.18407899999995433,66338.22500000011,67276.10979999996,67929.53809523811
1772575200,68053.25,68409.62,68053.25,68285.76,0.09086,0.18193899999995436,66342.54865000011,67298.67659999996,67886.44285714287
1772578800,68285.76,68409.62,68285.76,68362.01,0.04322,0.18206799999995435,66351.41845000011,67348.33359999997,67853.38190476192