time,open,high,low,close,Volume,Volume MA,MA,MA,MA
1749196800,34.37,34.8,34.37,34.77,75.834,,,,
1749211200,34.77,36.99,34.02,35.35,715.443,,,,
1749225600,34.63,35.41,33.85,34.32,49.576,,,,
1749240000,34.42,35.36,33.61,33.61,183.265,,,,
1749254400,33.68,34.51,33.2,34.46,40.08,,,,
1749268800,33.61,34.59,32.24,34.59,28.454,,,,
1749283200,34.02,35.66,34.02,34.34,59.165,,,,
1749297600,33.8,35.31,33.75,34.53,82.415,,,,
1749312000,36.59,36.59,34.13,34.78,25.739,,,,
1749326400,34.78,34.95,34.09,34.15,2.101,,,,
1749340800,35,35.55,34.9,35.53,98.95,,,,
1749355200,35.59,35.71,35.47,35.47,15.829,,,,
1749369600,35.09,35.67,34.99,34.99,1.232,,,,
1749384000,35.5,45,35.1,35.53,296.546,,,,
1749398400,35.66,44.98,35.62,35.62,48.762,,,,
1749412800,36.36,41,35.49,36.25,19.091,,,,
1749441600,36.5,36.5,36.25,36.25,253.742,,,,
1749456000,36.32,40.98,36.32,40.98,36.54,,,,
1749470400,40.98,40.98,36.25,40.98,257.769,,,,
1749484800,40.98,43,37.5,37.5,36.316,116.34244999999996,,,
1749499200,39.44,50,37.62,47,203.095,122.70549999999996,,,
1749513600,47,47,38.7,39.24,40.926,88.97964999999996,,,
1749528000,39.3,46.96,38.32,39.24,793.62,126.18184999999997,,,
1749542400,39.55,41.79,39.55,41.5,1004.018,167.21949999999998,,,36.23809523809524
1749556800,41.71,46.96,39.62,40.17,211.245,175.77774999999997,,,36.45095238095238
1749571200,40.45,48.88,39.9,48.88,1055.603,227.1352,,,36.63619047619048
1749585600,44.7,47.49,41.2,47.49,194.348,233.89434999999997,,,36.978095238095236
1749600000,47.49,47.49,41.05,44.09,60.666,232.80689999999998,,,37.29047619047619
1749614400,44.09,47.43,41.77,44.09,179.189,240.47940000000003,,,37.97714285714286
1749628800,44.09,47.99,41.02,41.02,981.789,289.46380000000005,,,38.59142857142857
1749643200,41.36,47.49,41.36,43.87,396.556,304.3441,,,39.05571428571428
1749657600,43.79,43.79,42.43,42.56,1108.805,358.9929000000001,,,39.51095238095238
1749672000,42.27,42.63,41.16,41.98,908.127,404.33765000000005,,,39.80809523809524
1749686400,42.07,42.07,40.52,41.77,344.041,406.7124,,,40.27095238095238
1749700800,41.97,47,41.75,41.9,336.728,421.1107,,,40.605714285714285
1749715200,42.27,47,40.21,40.21,169.003,428.60630000000003,,,40.91571428571429
1749729600,41.01,46.85,40.23,46,411.573,436.49785,,,41.238571428571426
1749744000,46,46.85,42.8,44,499.241,459.63289999999995,,,41.54190476190476
1749758400,43.48,46.79,41.03,41.03,592.423,476.3656,,,41.76047619047619
1749772800,41.03,44.7,37.62,39.95,1500.338,549.5667,,,42.2247619047619
1749787200,39.95,41.9,39.95,41.9,64.291,542.6265,,,42.59380952380952
1749801600,41.9,43.55,41.9,41.9,47.685,542.9644499999999,,,42.59619047619047
1749816000,41.9,43.92,41.9,42.98,142.967,510.43179999999995,,,42.547142857142845
1749830400,43.59,44.41,41.66,43.2,91.774,464.8195999999999,,,42.75666666666666
1749844800,43.2,44.41,40.91,44.3,85.198,458.5172499999999,,,42.51380952380951
1749859200,44.3,44.3,42.3,44.29,67.916,409.1328999999999,,,42.69190476190475
1749873600,44.29,44.29,41.89,43.79,283.552,413.5930999999999,,,42.88047619047618
1749888000,42.79,42.79,42.79,42.79,1.162,410.6178999999999,,,43.01380952380951
1749902400,41.8,44.9,40.68,43.3,173.202,410.31854999999985,,,43.20999999999999
1749916800,43.26,43.27,39.9,40.08,78.97,365.17759999999987,,,42.96761904761903
1749931200,39.5,41,38.97,40.66,127.188,351.7091999999999,,,42.74380952380951
1749945600,40.45,42.99,40.45,42.59,140.951,303.3164999999999,,,42.706190476190464
1749960000,40.47,42.55,40.43,42.55,13.56,258.5881499999999,,,42.51523809523808
1749974400,40.42,40.63,39.9,40.19,104.91,246.63159999999988,,,42.498095238095225
1749988800,40.9,42,40.61,40.8,55.333,232.56184999999988,,39.9704,42.437142857142845
1750003200,40.8,42.89,40.8,42.29,73.44,227.78369999999987,,40.0882,42.43666666666665
1750017600,40.51,43,40.5,42.99,120.922,213.25114999999983,,40.233000000000004,42.351428571428556
1750032000,42.99,43,41,42.23,90.821,192.83014999999983,,40.397600000000004,42.305238095238074
1750046400,42.71,47.44,42.71,47.44,202.683,173.34314999999984,,40.5292,42.32380952380951
1750060800,47.51,47.99,44.21,47.97,90.014,102.82694999999983,,40.656,42.456190476190464
1750075200,47.97,48,45.01,47.87,703.848,134.80479999999983,,40.81,42.27666666666665
1750089600,47.86,47.87,44.9,46.69,924.394,178.64024999999984,,40.983000000000004,42.440476190476176
1750104000,44.9,46.7,42.9,43,590.716,201.0276999999998,,41.137,42.770952380952366
1750118400,42.23,44.7,41.34,44.09,327.64,212.82099999999983,,41.39020000000001,43.14809523809522
1750132800,44.09,44.2,43.2,44,143.321,215.7271499999998,,41.666599999999995,43.37619047619046
1750147200,44,44.09,41.35,43.79,61.124,215.38754999999978,,41.9134,43.42857142857141
1750161600,43.79,44,40.25,41.67,107.575,206.5886999999998,,42.1378,43.48142857142856
1750176000,41.63,43.11,38.81,41.34,434.597,228.26044999999976,,42.298,43.5195238095238
1750190400,41.67,45.93,39,42.2,520.5,245.62534999999974,,42.4692,43.495238095238086
1750204800,41.34,42,39.85,40.45,316.665,257.51009999999974,,42.6368,43.370476190476175
1750219200,40.22,41.25,40.13,40.13,13.444,251.82289999999975,,42.787600000000005,43.253809523809515
1750233600,40.75,40.75,39.75,39.75,116.166,250.58364999999975,,42.895999999999994,43.225714285714275
1750248000,39.75,40.15,37.91,39.24,1302.358,315.0235499999998,,42.9032,43.089999999999996
1750262400,38.94,39.55,38.5,38.64,1468.026,383.1793499999998,,42.92759999999999,43.09238095238094
1750276800,38.6,40.14,38.4,39.81,206.289,390.72714999999977,,42.986599999999996,43.04904761904761
1750291200,39.85,41,38.54,38.93,188.609,396.4855999999998,,42.8492,42.88952380952381
1750305600,39.24,43.55,37.81,39.24,93.651,395.12204999999983,,42.859399999999994,42.703333333333326
1750334400,39.24,40.16,36.75,37.01,263.141,403.7380499999998,,42.859399999999994,42.68523809523809
1750348800,37.42,41,36.5,38.16,343.767,410.7922499999998,,42.80219999999999,42.59619047619047
1750363200,38.03,38.03,36.51,37.6,420.646,427.32384999999977,,42.795,42.45095238095238
1750377600,37.6,38,36.5,36.5,363.384,410.3006499999998,,42.596,42.16619047619047
1750392000,36.82,37.79,36.25,37.79,21.788,365.17034999999976,,42.431,41.972380952380945
1750406400,37.79,38.95,37.55,38.9,26.609,336.96499999999975,,42.28939999999999,41.503809523809515
1750420800,38.9,38.9,36.52,36.52,159.623,328.5641499999997,,42.1708,40.95761904761904
1750435200,36.21,36.21,33.28,34.35,692.484,356.02229999999975,,42.102399999999996,40.477619047619044
1750449600,34.7,35.3,34,34,599.796,382.95589999999976,,41.955,40.106666666666655
1750464000,33.66,36.86,33.66,35.05,643.655,409.75989999999973,,41.85959999999999,39.79809523809523
1750478400,35.3,38.76,34.7,36.52,759.563,426.00819999999976,,41.797999999999995,39.334285714285706
1750492800,36.52,36.52,36.52,36.52,2.65,400.1156999999997,,41.69299999999999,38.858095238095224
1750507200,36.52,36.52,35.4,36.1,81.973,388.3810999999997,,41.542,38.44190476190475
1750521600,35.61,35.61,31,31.69,641.747,419.7962499999997,,41.4178,38.19666666666666
1750536000,31.75,33.57,31.57,33.57,132.327,420.6042999999997,,41.19879999999999,37.967142857142846
1750550400,34.49,34.6,32.98,33.71,631.417,387.0572499999997,,41.04919999999999,37.676666666666655
1750564800,34.14,35.61,34,34.2,129.333,320.1225999999997,,40.958999999999996,37.2595238095238
1750579200,33.9,34.49,33.9,34.49,10.733,310.34479999999974,,40.88199999999999,36.94714285714286
1750593600,34.08,35.91,32.69,32.7,63.191,304.0738999999997,,40.67779999999999,36.659523809523805
1750608000,32.71,36.5,32.71,35.49,228.831,310.8328999999997,,40.511199999999995,36.41952380952381
1750622400,33.84,40.97,33.84,37.12,273.831,311.36739999999975,,40.325799999999994,36.22190476190476
1750636800,37.12,37.5,35.91,37.49,151.896,301.7738499999997,,40.145799999999994,35.88333333333333
1750651200,37.49,37.5,35.21,35.21,222.254,291.85424999999975,,39.94959999999999,35.71952380952381
1750665600,36.21,37.49,36.21,37.12,27.515,275.06079999999974,,39.71779999999999,35.61857142857143
1750680000,36.52,36.99,35.21,35.21,582.127,303.07774999999975,,39.551799999999986,35.64142857142857
1750694400,35.21,39,34.86,39,475.383,325.51644999999974,,39.43839999999999,35.500952380952384
1750708800,39,40,36.97,39.24,432.631,339.1668499999997,,39.32219999999999,35.47809523809524
1750723200,39.24,39.99,36.72,38.33,559.635,332.52439999999973,,39.22479999999999,35.41666666666667
1750737600,38.63,38.63,37.44,38.33,13.383,303.20374999999973,,39.15399999999999,35.47428571428571
1750752000,38.64,38.64,38.64,38.64,8.172,271.4295999999997,,39.00639999999999,35.490476190476194
1750766400,38.33,39.99,36.97,37.73,62.223,236.5625999999997,,38.93539999999999,35.576666666666675
1750780800,38.33,39.98,38.03,38.03,113.71,242.11559999999972,,38.91639999999998,35.76619047619048
1750795200,37.99,38.8,37.02,37.84,108.722,243.4530499999997,,38.86699999999999,35.98714285714286
1750809600,37.84,40.15,37.77,39.55,83.634,215.5473999999997,,38.78779999999999,36.114761904761906
1750824000,39.5,39.5,38.49,38.56,88.307,213.34639999999968,,38.70079999999999,36.18666666666667
1750838400,38.94,40.95,38,38.33,129.777,188.26439999999968,,38.61079999999998,36.24952380952381
1750852800,38.33,40.95,37.71,38.2,299.89,196.79224999999968,,38.42259999999999,36.413809523809526
1750867200,38.15,38.49,36.87,37.99,339.332,213.22219999999965,,38.219999999999985,36.74095238095238
1750881600,37.99,38.03,36.98,37.13,113.997,215.76249999999968,,38.05359999999998,36.96761904761905
1750896000,37.37,38.64,36.86,37.8,176.022,213.12204999999966,,37.890999999999984,37.181428571428576
1750910400,37.8,38.33,37.3,37.3,36.466,201.25379999999967,,37.79759999999998,37.36190476190476
1750924800,37.54,38.64,37.54,38.32,28.568,195.08739999999966,,37.67979999999998,37.48761904761905
1750939200,38.32,38.64,37.3,37.3,122.918,190.12059999999968,,37.55959999999998,37.73047619047619
1750953600,37.3,37.69,36.82,36.82,47.018,191.09574999999967,,37.42639999999999,37.81666666666667
1750968000,36.82,37.99,35.5,35.5,81.218,166.05029999999968,,37.34899999999999,37.87380952380953
1750982400,36.11,37.68,36.11,37.12,46.506,144.60644999999968,,37.26819999999999,37.864761904761906
1750996800,37.19,37.19,36.82,36.82,7.053,123.32754999999968,,37.19059999999999,37.94142857142857
1751011200,37.12,38.03,37.12,38.03,68.244,98.75799999999967,,37.12759999999999,37.86428571428571
1751025600,38.03,39.5,36.82,37.85,57.928,100.98524999999968,,37.06139999999999,37.95523809523809
1751040000,37.42,37.42,35,36.17,467.654,123.95934999999967,,36.97639999999999,37.85142857142856
1751054400,36.21,36.93,36.21,36.77,84.149,125.05564999999967,,36.934,37.793809523809514
1751068800,36.81,37.37,36.6,37.37,19.483,120.34429999999968,,36.89759999999999,37.77095238095237
1751083200,36.91,37.12,36.43,37.09,127.844,121.30039999999967,,36.86199999999999,37.66809523809523
1751097600,37.12,37.42,37.12,37.42,7.14,117.47569999999966,,36.84039999999999,37.579047619047614
1751112000,37.14,37.16,36.96,37.14,61.012,116.11094999999969,,36.778999999999996,37.561904761904756
1751126400,37.29,38.05,36.75,37.5,337.825,126.51334999999968,,36.77419999999999,37.517142857142844
1751140800,37.9,38.32,37.3,38.02,144.151,118.72639999999967,,36.758399999999995,37.49714285714285
1751155200,38.1,39.5,38.03,38.18,180.876,110.80359999999969,,36.7482,37.38238095238095
1751169600,38.1,38.33,37.77,38.33,65.121,108.3597999999997,,36.7666,37.33190476190476
1751184000,38.6,39,38.36,38.71,29.13,101.01519999999971,,36.7536,37.31714285714285
1751198400,38.94,41.89,38.55,39.24,879.31,143.1573999999997,,36.7256,37.31619047619047
1751212800,39.55,40.31,37.67,39.97,687.344,176.0961999999997,,36.755599999999994,37.332380952380944
1751227200,39.95,41.99,38.92,40.15,370.847,188.49264999999968,,36.8322,37.407619047619036
1751241600,40.76,42,39.6,42,332.996,202.7915499999997,,36.918800000000005,37.47619047619047
1751256000,41.67,42,41.06,41.36,36.303,200.5457999999997,,36.992,37.603333333333325
1751270400,41.67,41.69,39.54,39.54,30.635,199.75224999999972,,37.046400000000006,37.69047619047618
1751284800,39.66,41.05,39.66,41,909.066,244.85289999999972,,37.1154,37.9142857142857
1751299200,41,41,39.82,40.45,55.452,244.21329999999975,,37.196400000000004,38.13047619047618
1751313600,40.76,41.36,39.26,39.79,60.176,244.32569999999978,,37.4026,38.32285714285713
1751328000,39.76,40.28,39.5,40.03,33.66,222.62599999999975,,37.558400000000006,38.50761904761903
1751342400,39.55,40.94,39.09,40.13,76.149,222.22599999999974,,37.675000000000004,38.68047619047618
1751356800,39.68,40.13,39.24,40.13,5.415,221.52259999999973,,37.81100000000001,38.7642857142857
1751371200,40.13,40.9,39.09,39.09,47.55,217.50789999999975,,37.930200000000006,38.86809523809522
1751385600,39,39,37.5,37.5,66.92,220.49689999999973,,38.072,39.05666666666665
1751400000,38.03,38.85,37.51,37.9,200.993,227.49594999999977,,38.162800000000004,39.216666666666654
1751414400,37.5,37.97,37.23,37.97,96.765,215.4429499999998,,38.223000000000006,39.298571428571414
1751428800,37.98,38.74,37.59,38.74,48.576,210.6641999999998,,38.275800000000004,39.31809523809523
1751443200,38.64,39.38,38.64,38.64,16.118,202.4262999999998,,38.3534,39.340952380952366
1751457600,38.36,39.48,38.33,39.48,28.433,200.59189999999978,,38.361000000000004,39.38047619047618
1751472000,39.52,40.74,38.76,39.16,235.862,210.92849999999976,,38.4148,39.4395238095238
1751486400,39.46,40.75,39.16,39.91,119.995,172.96274999999974,,38.3942,39.46904761904761
1751500800,40.43,41.14,39.67,40.39,169.153,147.05319999999975,,38.38419999999999,39.53095238095237
1751515200,40.19,40.69,39.7,40.45,106.236,133.82264999999975,,38.39039999999999,39.57047619047618
1751529600,40.76,41.24,40.76,40.76,5.799,117.46279999999975,,38.413399999999996,39.627619047619035
1751544000,40.45,41.23,40.45,40.87,676.216,149.45844999999974,,38.4238,39.682380952380946
1751558400,41,41.97,40.45,41,204.458,158.14959999999974,,38.4674,39.70523809523808
1751572800,41,41.97,40.76,40.76,257.668,125.57969999999975,,38.514599999999994,39.734285714285704
1751587200,41,41,39.85,40.8,52.26,125.42009999999978,,38.56679999999999,39.68047619047618
1751601600,40.8,40.98,38.72,38.94,35.24,124.17329999999977,,38.590999999999994,39.66333333333332
1751616000,38.64,39.27,38.64,39.27,36.563,124.31844999999979,,38.6372,39.721428571428554
1751630400,38.94,38.94,38.37,38.37,436.594,142.3406999999998,,38.690599999999996,39.71190476190474
1751644800,38.33,39.67,37.77,38.35,269.375,155.53869999999978,,38.74179999999999,39.63999999999998
1751659200,38.64,39.26,38.64,39.2,15.685,153.94544999999977,,38.797999999999995,39.61523809523808
1751673600,39.38,39.54,38.94,39.34,28.87,152.04294999999976,,38.834199999999996,39.536190476190455
1751688000,39.34,39.94,39.34,39.94,1.919,142.08924999999977,,38.8636,39.45142857142855
1751702400,39.55,41.98,39.01,39.85,11.05,137.8034999999998,,38.885,39.40714285714284
1751716800,39.55,41.36,39.55,41.3,38.073,137.27834999999976,,38.8856,39.419047619047596
1751731200,40.76,40.76,39.24,39.45,25.675,137.75619999999978,,38.92359999999999,39.53523809523807
1751745600,39.45,40.15,38.5,38.86,19.604,137.31474999999978,,38.974,39.62809523809522
1751760000,39.24,39.51,39.24,39.4,1.391,125.59119999999977,,39.062799999999996,39.78666666666665
1751774400,39.47,39.7,39.24,39.24,2.002,119.69154999999978,,39.117399999999996,39.820476190476164
1751788800,39.14,40.98,39.14,39.24,6.739,111.5708499999998,,39.207,39.830952380952354
1751803200,39.24,39.46,38.94,39.46,0.143,106.2661999999998,,39.2354,39.82714285714283
1751817600,39.55,41.98,39,39,181.834,115.0679499999998,,39.255599999999994,39.830952380952354
1751832000,39.55,41.67,39.5,40.15,124.979,87.5060999999998,,39.32019999999999,39.79904761904759
1751846400,40.59,41.57,40.59,41.57,6.732,77.6197999999998,,39.36959999999999,39.75476190476188
1751860800,41.57,41.57,40.15,41.55,15.572,65.51499999999979,,39.407,39.68571428571426
1751875200,41.06,41.06,39.7,39.92,3.069,63.055449999999794,,39.45439999999999,39.656666666666645
1751889600,39.9,40.1,39.35,39.75,16.827,62.13479999999979,,39.48599999999999,39.689999999999976
1751904000,39.66,40.3,39.24,40.14,99.546,65.28394999999979,,39.54619999999999,39.716190476190455
1751918400,40.14,40.14,37.91,38.99,834.423,85.17539999999978,,39.62759999999999,39.67619047619045
1751932800,38.82,38.99,37.23,37.65,27.474,73.08034999999978,,39.698199999999986,39.62619047619045
1751947200,37.64,38.33,37.12,38.33,128.153,78.70374999999979,,39.73299999999998,39.683333333333316
1751961600,38.03,38.05,38.03,38.05,7.197,77.62009999999978,,39.76139999999998,39.66999999999998
1751976000,38.33,38.64,38,38.32,43.144,79.68134999999978,,39.789999999999985,39.635714285714265
1751990400,37.73,38.86,37.47,38.78,51.444,81.70104999999978,,39.78499999999999,39.63476190476189
1752004800,38.68,39.33,38.49,39.17,115.307,85.56274999999978,,39.73859999999999,39.57999999999998
1752019200,38.94,39.69,38.87,39.3,25.569,85.55744999999978,,39.70219999999999,39.531428571428556
1752033600,39.3,39.65,39.3,39.65,21.117,85.63309999999977,,39.62319999999999,39.47619047619046
1752048000,39.78,40.4,39.78,40.4,13.156,86.22134999999977,,39.56239999999998,39.443809523809506
1752062400,39.85,39.88,38.9,38.98,4.107,86.32659999999977,,39.54719999999999,39.34857142857142
1752076800,39.15,46.99,39.15,42.45,5847.765,378.3778999999998,,39.51059999999998,39.358095238095224
1752091200,41.97,42.4,40.32,41.54,2961.274,526.4344499999997,,39.487599999999986,39.431428571428555
1752105600,41.4,42.18,41.35,41.8,817.291,558.2072999999997,,39.48479999999998,39.41142857142855
1752120000,41.8,42.99,41.8,42.99,554.017,579.6591999999997,,39.49219999999998,39.5642857142857
1752134400,43,43,41.93,42.58,96.008,584.1229999999997,,39.46919999999998,39.67380952380951
1752148800,42.58,42.98,42.27,42.27,87.991,587.7439499999997,,39.51559999999998,39.78523809523807
1752163200,42.4,44.72,42.39,43.18,864.094,630.7951999999998,,39.564599999999984,39.97523809523808
1752177600,43.18,44.71,42.7,44.64,806.858,670.2967499999997,,39.65059999999998,40.090952380952366
1752192000,44.65,44.65,43.81,44.65,348.209,682.7298999999998,,39.75239999999999,40.1242857142857
1752206400,44.65,46.03,44.14,45.82,1052.829,693.6501999999998,39.2783,39.844599999999986,40.20190476190474
1752220800,45.8,46.71,45.48,46.09,304.437,707.4983499999997,39.313449999999996,39.915199999999984,40.426666666666655
1752235200,45.79,46.46,44.98,45.55,217.283,711.9548499999997,39.35165,40.005999999999986,40.65999999999998
1752249600,45.55,46.89,45.02,46.83,726.749,747.9324499999997,39.39295,40.10919999999999,40.93047619047618
1752264000,46.46,47.02,45.46,46.67,552.661,773.4082999999997,39.43625,40.21899999999999,41.26857142857142
1752278400,46.58,46.68,45.96,46.15,34.897,772.5809499999998,39.47985,40.33719999999999,41.64476190476189
1752292800,46.67,47,46.16,47,257.989,779.7150499999997,39.530100000000004,40.45119999999999,42.0495238095238
1752307200,47,47.82,46.74,47.25,504.192,803.6461999999998,39.581649999999996,40.55319999999999,42.45999999999999
1752321600,47.43,47.47,46.06,46.45,684.713,836.8259999999998,39.6381,40.67459999999999,42.83285714285713
1752336000,46.45,47.22,45.28,47.2,267.699,849.55315,39.69465,40.79059999999999,43.2242857142857
1752350400,47.2,47.48,46.22,47.48,510.39,874.8672999999999,39.75165,40.89359999999999,43.60904761904761
1752364800,47.73,49.99,47.49,47.99,190.963,592.0271999999999,39.80815,41.01839999999999,43.9495238095238
1752379200,47.99,49.99,47.32,48.63,208.922,454.40959999999995,39.86415,41.14739999999999,44.309047619047604
1752393600,48.63,48.96,48.63,48.96,39.313,415.5107,39.91995,41.297599999999996,44.646190476190455
1752408000,48.96,49.99,47.9,49.95,916.193,433.61949999999996,39.9773,41.45619999999999,45.07523809523808
1752422400,49.95,49.95,48.71,48.94,1077.249,482.68154999999996,40.03545,41.63839999999999,45.36952380952379
1752436800,49.62,50.36,47.88,49.06,712.291,513.8965499999999,40.08645,41.83119999999999,45.72285714285712
1752451200,49.58,50.39,48.87,49.37,496.419,495.51279999999997,40.1412,42.0198,46.11095238095237
1752465600,50.19,50.46,49.08,50.46,49.61,457.6504,40.1737,42.212199999999996,46.394285714285694
1752480000,50.47,50.49,48.41,50.17,15.978,441.0388499999999,40.20875,42.41239999999999,46.70285714285713
1752494400,49.58,50.18,48.25,48.39,181.065,397.4506499999999,40.2644,42.594199999999994,47.04095238095236
1752508800,49.49,49.49,47,47.25,628.092,413.6333999999999,40.2742,42.749399999999994,47.38761904761903
1752523200,47.4,47.9,46.24,47.63,105.757,408.0570999999999,40.32775,42.9478,47.65095238095236
1752537600,47.75,48.29,46.8,46.8,157.801,379.60969999999986,40.37625,43.17979999999999,47.82904761904761
1752552000,47.7,48.34,46.51,47.42,256.475,364.8003999999999,40.414049999999996,43.395199999999996,47.89714285714284
1752566400,47.55,47.58,47.55,47.58,64.545,366.2827999999999,40.46005,43.578199999999995,47.97047619047618
1752580800,47.31,48.34,46.87,47.95,267.959,366.78129999999993,40.46795,43.73839999999999,48.02999999999999
1752595200,47.95,48.33,47.09,47.48,233.936,353.2684999999999,40.48135,43.901799999999994,48.05809523809522
1752609600,47.88,48.3,46.9,48.2,101.37,324.1013499999999,40.502849999999995,44.0578,48.101428571428556
1752624000,48.26,48.74,47.15,47.84,217.34,321.5833999999999,40.51865,44.203199999999995,48.18714285714284
1752638400,47.17,48.74,47.17,48.74,58.123,298.9700499999999,40.551700000000004,44.32339999999999,48.20999999999998
1752652800,47.7,48.57,47.7,48.57,9.78,289.9108999999999,40.56635,44.45139999999999,48.255238095238084
1752667200,47.7,48.74,47.36,48.17,311.267,295.0281499999999,40.590650000000004,44.602599999999995,48.32142857142856
1752681600,48.38,49.24,47.72,48.02,440.341,315.0795499999999,40.618649999999995,44.77159999999999,48.39476190476189
1752696000,48.02,48.89,47.12,47.12,132.001,275.8699499999999,40.64955,44.92559999999999,48.44666666666665
1752710400,47.7,47.7,46,46.01,322.253,238.1201499999999,40.67745,45.12059999999999,48.45523809523808
1752724800,46.65,47.33,46.1,47.33,47.547,204.88294999999988,40.7174,45.338999999999984,48.42619047619046
1752739200,46.65,47.41,46.41,47.41,33.407,181.7323499999999,40.7266,45.53579999999998,48.33857142857142
1752753600,46.65,48.48,46.09,47.25,603.444,209.4240499999999,40.750299999999996,45.735199999999985,48.15095238095237
1752768000,47.25,47.93,46.21,46.22,916.824,254.46634999999986,40.788,45.91119999999999,48.0742857142857
1752782400,46.21,47.71,45.43,46.09,498.438,270.3349999999999,40.8291,46.055799999999984,47.99571428571427
1752796800,46.09,47.25,45.65,47,732.274,275.54409999999996,40.8597,46.21899999999999,47.89476190476189
1752811200,47,47.48,46.25,47.01,758.211,308.16679999999997,40.885799999999996,46.38119999999998,47.692857142857136
1752825600,46.29,47.49,45.32,46.21,141.857,307.36959999999993,40.900949999999995,46.53319999999999,47.49857142857142
1752840000,45.58,51.24,44.9,45,1634.501,376.2708999999999,40.9216,46.649599999999985,47.432380952380946
1752854400,44.75,45.25,43.49,44,534.1,399.74864999999994,40.937149999999995,46.79179999999999,47.42095238095237
1752868800,44,46.2,43.49,44.43,1010.104,436.8558999999999,40.95195,46.88279999999998,47.353333333333325
1752883200,45,45.98,44.82,45.89,89.587,429.6384499999999,40.9641,46.992199999999976,47.267619047619036
1752897600,45.29,45.4,44.83,45.4,15.966,425.3682499999999,40.980599999999995,47.08039999999998,47.104761904761894
1752912000,45.52,45.69,44.71,45.69,11.451,415.07379999999984,40.9991,47.120599999999975,46.954761904761895
1752926400,45.69,46.99,44.64,45.06,147.17,419.52614999999986,41.03375,47.14899999999998,46.856666666666655
1752940800,45.53,45.86,44.65,45.08,46.089,421.34159999999986,41.061499999999995,47.19219999999998,46.75761904761904
1752955200,45.86,45.87,45.08,45.6,64.25,408.9907499999998,41.07355,47.24639999999997,46.63809523809523
1752969600,45.6,45.88,44.7,45.79,91.798,391.56359999999984,41.080799999999996,47.26159999999997,46.505714285714284
1752984000,45.01,45.87,45.01,45.87,6.2,385.2735499999998,41.102,47.28239999999997,46.33142857142856
1752998400,45.88,46.99,45.88,46.99,27.095,370.5156499999998,41.127449999999996,47.267199999999974,46.19
1753012800,46.99,47.13,46.99,47.13,65.152,371.39589999999987,41.143,47.24699999999997,46.07666666666666
1753027200,47.14,47.8,46.61,46.63,276.055,383.52829999999983,41.156499999999994,47.247999999999976,45.974285714285706
1753041600,47.13,47.32,45.89,47.03,114.976,359.1048999999999,41.170649999999995,47.227199999999975,45.96809523809524
1753056000,46.09,47.05,45.89,47.04,348.168,330.6720999999999,41.15885,47.21119999999997,46.021428571428565
1753070400,47.04,47.89,46.41,47.67,74.924,309.4963999999999,41.147,47.22799999999997,45.98809523809524
1753084800,47.67,47.67,46.89,47.16,161.497,280.95754999999986,41.1366,47.230599999999974,45.97
1753099200,47.57,47.87,46.45,46.88,241.651,255.12954999999982,41.1325,47.21819999999998,45.96
1753113600,46.65,46.72,44,44,223.069,259.19014999999985,41.15245,47.229799999999976,46.02904761904762
1753128000,44.47,45.93,44.14,45.91,530.801,204.00514999999984,41.16765,47.22659999999997,46.08
1753142400,45.51,46.11,44.31,44.89,119.935,183.29689999999985,41.1808,47.230399999999975,46.07428571428571
1753156800,44.7,44.79,43.16,44.2,305.948,148.08909999999986,41.196999999999996,47.21379999999997,45.93095238095238
1753171200,43.79,44.84,43.79,44.84,167.289,151.97419999999983,41.22385,47.178799999999974,45.916666666666664
1753185600,44.98,45.2,43.79,44.47,201.725,161.26214999999985,41.255500000000005,47.07959999999997,45.911428571428566
1753200000,44.47,45.16,43.94,44.97,352.771,178.32814999999985,41.2803,46.998799999999974,45.92095238095238
1753214400,44.47,46.5,44.16,46.5,211.335,181.53639999999984,41.31245,46.91779999999998,45.94047619047618
1753228800,45.85,46.24,44.92,45.2,254.87,191.97544999999985,41.3318,46.82059999999998,45.872857142857136
1753243200,45.69,45.69,44,44,309.139,204.21989999999985,41.3626,46.729999999999976,45.85238095238095
1753257600,44.01,44.69,44,44.69,56.523,202.45614999999984,41.39085,46.61019999999997,45.89095238095237
1753272000,44.13,44.65,43,43.86,251.426,214.71744999999987,41.41865,46.50619999999997,45.89761904761904
1753286400,43.6,44.13,42.75,43.99,598.843,243.30484999999985,41.4438,46.468399999999974,45.84619047619047
1753300800,43.51,44.81,43.11,44.81,1064.544,293.27444999999983,41.471500000000006,46.42739999999997,45.802857142857135
1753315200,44.81,44.82,43.57,44.82,244.03,291.67319999999984,41.500150000000005,46.35479999999997,45.71095238095237
1753329600,44.77,44.77,42.45,42.57,76.8,289.76439999999985,41.5476,46.31259999999997,45.62142857142856
1753344000,42.56,43.37,41.9,43.25,186.678,281.68989999999985,41.5828,46.24139999999997,45.517619047619036
1753358400,43.33,43.73,42.39,43.73,381.206,297.00399999999985,41.6148,46.169599999999974,45.407619047619036
1753372800,43.1,43.41,42.24,42.76,165.066,297.18244999999985,41.655750000000005,46.106799999999964,45.2142857142857
1753387200,43.1,43.48,42.77,42.77,110.58,290.6288999999998,41.6861,46.05359999999997,45.0342857142857
1753401600,42.76,42.88,41.38,41.93,264.936,292.7222499999998,41.71155000000001,45.94099999999997,44.87666666666665
1753416000,42.07,43.16,42.07,42.76,4.143,266.3893499999998,41.753,45.849199999999975,44.64285714285713
1753430400,42.48,43.2,42.48,43.2,2.891,260.53714999999977,41.805350000000004,45.74899999999998,44.43380952380951
1753444800,43.2,43.73,42.4,42.4,110.749,250.7771999999997,41.848200000000006,45.63279999999997,44.19809523809522
1753459200,42.76,43.5,42.66,42.66,2.982,242.56184999999974,41.88920000000001,45.52479999999998,44.1390476190476
1753473600,42.66,44.24,42.66,43.79,29.806,233.9658999999997,41.925250000000005,45.40299999999998,44.009999999999984
1753488000,44.13,44.81,43.79,44.81,3.845,216.5195999999997,41.956450000000004,45.315799999999975,43.891428571428555
1753502400,44.14,45.1,43.97,45.01,35.431,207.7243999999997,41.9898,45.25959999999997,43.818095238095225
1753516800,44.9,44.9,44.9,44.9,2.895,195.1256499999997,42.041000000000004,45.160999999999966,43.76809523809523
1753531200,44.94,45.03,43.87,44.34,123.178,185.82759999999968,42.08695000000001,45.06599999999997,43.7842857142857
1753545600,44.43,44.47,43.52,44.38,95.856,187.7942499999997,42.13440000000001,44.996799999999965,43.78619047619046
1753560000,44.32,44.35,43.7,44.35,30.369,176.74139999999971,42.17540000000001,44.96859999999997,43.70999999999998
1753574400,43.79,43.95,42.87,43.95,134.183,153.5083999999997,42.21625000000001,44.946999999999974,43.6690476190476
1753588800,43.95,44.01,43.43,43.95,49.985,102.7804499999997,42.27170000000001,44.90499999999997,43.687142857142845
1753603200,43.44,43.62,43.36,43.6,0.912,90.6245499999997,42.31830000000001,44.85159999999997,43.670952380952365
1753617600,43.14,43.35,42.84,43.32,25.322,88.0506499999997,42.35775,44.81499999999997,43.675238095238086
1753632000,43.25,44.47,43,44.44,220.826,89.75804999999971,42.394800000000004,44.80199999999997,43.673333333333325
1753646400,44.44,44.55,43.51,43.54,111.413,76.2683999999997,42.44045000000001,44.80099999999997,43.615714285714276
1753660800,43.54,44.71,43.54,44.64,63.507,71.1904499999997,42.47675000000001,44.791399999999975,43.5442857142857
1753675200,44.13,44.98,44.07,44.13,10.473,66.18509999999971,42.522450000000006,44.745599999999975,43.63333333333332
1753689600,44.8,45.16,44.43,44.43,134.89,59.6827999999997,42.54720000000001,44.70399999999997,43.647142857142846
1753704000,44.14,45.84,44.14,44.98,79.811,63.466199999999695,42.570750000000004,44.67899999999997,43.69047619047618
1753718400,45.16,46.48,44.75,44.75,81.081,67.37569999999968,42.59710000000001,44.64859999999996,43.75571428571428
1753732800,44.49,44.49,43.36,43.36,26.505,63.163499999999694,42.62205000000001,44.63979999999996,43.83476190476189
1753747200,43.79,44.17,43.31,44.17,1058.335,115.9311499999997,42.651050000000005,44.61039999999996,43.97999999999998
1753761600,44.17,44.43,43.44,44.13,182.518,123.5667499999997,42.68010000000001,44.58319999999996,44.07476190476189
1753776000,44.43,45.17,44.43,45.17,2.465,123.49774999999973,42.713150000000006,44.56539999999996,44.082380952380944
1753790400,44.82,45.62,42.56,43.71,144.164,128.93439999999973,42.74460000000001,44.52059999999996,44.16666666666666
1753804800,43.1,44.64,42.55,44.13,99.614,133.77034999999972,42.769000000000005,44.44519999999996,44.23666666666666
1753819200,43.89,43.97,42.42,43.67,89.916,132.10724999999974,42.801100000000005,44.39599999999996,44.302380952380936
1753833600,43.67,43.82,42.54,43.82,161.391,135.38399999999976,42.833200000000005,44.33799999999996,44.249999999999986
1753848000,43.85,43.88,43.44,43.44,47.493,136.24019999999976,42.85900000000001,44.300599999999946,44.208095238095225
1753862400,43.44,43.44,43.1,43.1,0.144,129.53824999999975,42.889900000000004,44.221399999999946,44.14952380952379
1753876800,42.84,43.42,42.56,42.84,234.619,138.76994999999974,42.92490000000001,44.160799999999945,44.12476190476189
1753891200,42.76,43.51,40.63,41.89,237.477,150.59819999999974,42.96175,44.096599999999945,44.079999999999984
1753905600,42.41,42.66,41.81,42.19,68.694,152.76679999999973,42.9938,44.09299999999995,44.020476190476174
1753920000,42.32,43.07,42.14,43.07,49.612,144.20609999999974,43.022850000000005,44.04359999999994,43.96761904761904
1753934400,43.1,43.79,43.1,43.79,3.199,138.79539999999974,43.054700000000004,44.007799999999946,43.869523809523805
1753948800,43.45,44.15,43.45,44.04,23.744,136.80724999999975,43.0897,43.98059999999994,43.80238095238094
1753963200,43.81,44.36,43.79,43.96,27.678,137.66749999999973,43.129400000000004,43.92159999999994,43.790476190476184
1753977600,44.13,44.54,41.95,41.95,625.936,162.21979999999976,43.1593,43.87599999999994,43.759523809523806
1753992000,41.95,42.11,40.72,40.72,304.109,173.43469999999974,43.1894,43.837999999999944,43.783333333333324
1754006400,41.27,41.97,40.7,41.38,100.342,174.39774999999975,43.2087,43.78379999999995,43.75095238095238
1754020800,41.3,41.3,40,40.01,774.263,211.78564999999975,43.2304,43.76059999999994,43.64714285714285
1754035200,39.83,40.2,39.5,40.2,117.01,164.71939999999978,43.2649,43.75979999999994,43.47047619047619
1754049600,40.31,42.72,39.5,40.22,3031.574,307.1721999999998,43.3,43.70499999999995,43.29904761904762
1754064000,39.67,40.22,37.14,37.15,275.001,320.7989999999998,43.33335,43.642199999999946,43.07333333333333
1754078400,37.15,38.19,36.45,37.26,3473.901,487.28584999999987,43.367700000000006,43.58999999999995,42.92285714285714
1754092800,37.45,38.29,37.45,37.91,108.379,487.7240999999999,43.39035,43.49399999999994,42.73476190476191
1754107200,38.15,38.46,37.65,37.87,49.071,485.68184999999994,43.408249999999995,43.401599999999945,42.40238095238095
1754121600,38.29,38.71,38.29,38.29,29.001,479.06235,43.42765,43.354599999999955,42.02571428571429
1754136000,37.95,38.26,37.46,37.46,51.413,479.25834999999995,43.4376,43.23259999999995,41.74952380952381
1754150400,37.26,37.6,35.62,36.74,354.272,496.96475,43.447700000000005,43.10319999999995,41.45142857142857
1754164800,36.66,37.54,36.66,37.54,46.868,487.5772,43.45715000000001,43.00619999999995,41.195238095238096
1754179200,36.92,38.01,36.92,37.93,48.767,478.14169999999996,43.44935,42.90819999999996,40.892380952380954
1754193600,37.95,38.38,37.61,38.38,26.288,476.02139999999997,43.43945000000001,42.835399999999964,40.57333333333334
1754208000,38.39,39.24,38.39,39.24,2.008,473.6412,43.42915000000001,42.72939999999996,40.30857142857143
1754222400,38.64,38.64,37.6,38.12,17.263,474.34440000000006,43.417750000000005,42.60019999999996,40.074761904761914
1754236800,38.29,39.05,38.29,39.05,152.842,480.7993,43.39920000000001,42.50299999999996,39.90761904761906
1754251200,38.75,39.25,38.59,39.25,137.373,486.28405000000004,43.3797,42.40839999999996,39.767142857142865
1754265600,38.64,38.97,38.44,38.97,9.501,455.4623,43.365700000000004,42.30019999999996,39.53142857142858
1754280000,38.39,38.39,37.67,38.23,183.191,449.41640000000007,43.34840000000001,42.18879999999996,39.30571428571429
1754294400,38.1,38.1,37.49,37.49,4.321,444.61535000000003,43.335800000000006,42.05099999999996,39.07761904761905
1754308800,37.54,38.81,37.54,38.46,66.814,409.2429000000001,43.32875000000001,41.93399999999996,38.84
1754323200,38.24,39.77,37.82,38.16,323.112,419.54800000000006,43.32480000000001,41.83219999999996,38.66285714285715
1754337600,38.29,40.13,38.29,39.22,1769.963,356.46745,43.31475000000001,41.723999999999954,38.50904761904762
1754352000,38.9,39.22,38.22,38.91,1148.489,400.14185,43.309350000000016,41.601599999999955,38.370000000000005
1754366400,38.39,39.54,38.39,38.86,8.034,226.84849999999997,43.310150000000014,41.47239999999995,38.28190476190476
1754380800,38.64,40.16,38.59,40.16,58.106,224.33484999999996,43.31750000000002,41.36259999999996,38.235238095238095
1754395200,40.16,40.22,38.56,38.56,140.85,228.92379999999997,43.319150000000015,41.25379999999995,38.17285714285715
1754409600,38.56,39.2,38.1,38.46,32.559,229.1017,43.31675000000001,41.17179999999995,38.25428571428572
1754424000,38.64,38.68,37.94,38.65,46.939,228.87800000000001,43.31535000000002,41.06119999999994,38.39238095238096
1754438400,38.29,38.29,37.54,37.83,170.095,219.66915000000003,43.31295000000002,40.96759999999995,38.42333333333334
1754452800,37.54,37.98,37.29,37.98,7.833,217.7174,43.311650000000014,40.87799999999994,38.45142857142858
1754467200,38.12,38.12,37.5,37.72,0.859,215.32200000000003,43.310400000000016,40.76659999999994,38.46857142857144
1754481600,37.95,39.2,37.95,39.2,263.912,227.20320000000007,43.30515000000001,40.64719999999994,38.48619047619049
1754496000,38.64,39.24,38.6,38.79,308.138,242.50970000000007,43.304000000000016,40.52059999999994,38.545238095238105
1754510400,38.64,38.64,37.95,38.54,275.87,255.44005000000007,43.294550000000015,40.38219999999994,38.553809523809534
1754524800,38.49,38.71,37.79,37.79,239.208,259.75835000000006,43.28305000000001,40.274599999999936,38.61428571428572
1754539200,37.79,38.37,37.57,38.37,106.252,258.2023000000001,43.27195000000002,40.14559999999993,38.63380952380954
1754553600,38.32,39.3,37.85,39.3,50.944,260.2744500000001,43.25610000000002,40.04699999999993,38.60047619047621
1754568000,39,39.64,39,39.59,136.359,257.93285000000014,43.24220000000001,39.91939999999993,38.58476190476192
1754582400,39.6,40.12,38.72,40.12,142.576,264.84560000000016,43.22680000000001,39.81599999999993,38.55238095238097
1754596800,39.67,41.38,39.61,40.82,382.987,280.65425000000016,43.22810000000001,39.68919999999993,38.55476190476192
1754611200,41.18,41.29,40.42,41.29,81.705,268.58390000000014,43.2257,39.58319999999993,38.58428571428573
1754625600,40.7,41.16,40.47,40.47,175.578,188.86465000000015,43.22655000000002,39.492799999999924,38.67428571428573
1754640000,41.04,41.37,41.04,41.37,12.78,132.07920000000016,43.22375000000001,39.41579999999993,38.83285714285715
1754654400,41.38,41.78,40.37,40.37,357.031,149.52905000000015,43.21960000000001,39.35619999999993,38.96761904761906
1754668800,40.57,41.45,40,40.79,574.397,175.34360000000012,43.219400000000014,39.315799999999925,39.07761904761906
1754683200,40.79,41.35,40.58,40.67,70.432,171.8227000000001,43.21765000000001,39.30379999999993,39.18000000000001
1754697600,40.38,41.28,40.26,41.28,252.226,182.8060500000001,43.219000000000015,39.269399999999926,39.24952380952382
1754712000,41.3,42.59,41.3,42.59,209.035,190.91085000000012,43.216600000000014,39.23539999999993,39.34142857142858
1754726400,42.69,43.71,42.6,43.68,35.952,184.2037000000001,43.22580000000002,39.16699999999992,39.3657142857143
1754740800,43.71,44.32,43.45,44.04,186.317,193.12790000000012,43.23385000000002,39.10199999999992,39.49523809523811
1754755200,43.94,44.2,43.46,43.75,285.761,207.37300000000013,43.24370000000002,39.036199999999916,39.69190476190478
1754769600,44.13,44.61,43.54,43.54,363.45,212.34990000000016,43.249350000000014,39.02279999999992,39.93142857142858
1754784000,44.13,44.74,44,44.74,14.203,197.65315000000015,43.257100000000015,39.06019999999992,40.22714285714287
1754798400,44.13,44.77,43.53,44.05,156.24,191.67165000000017,43.26315000000002,39.106199999999916,40.501904761904775
1754812800,43.53,43.53,43.36,43.38,3.229,179.87270000000018,43.27455000000002,39.18679999999992,40.77904761904763
1754827200,43.79,45.2,43.45,45.2,23.754,175.74780000000015,43.28675000000002,39.25779999999992,41.04285714285716
1754841600,45.19,45.57,44.85,44.85,128.337,179.61745000000016,43.29730000000002,39.32419999999992,41.29333333333335
1754856000,45.44,45.51,44.85,44.85,11.883,173.39365000000015,43.309750000000015,39.47599999999992,41.52380952380953
1754870400,45.51,46.53,45.51,46.3,123.273,172.42850000000016,43.32890000000001,39.611799999999924,41.87666666666668
1754884800,46.4,47.26,46.05,46.06,203.793,163.46880000000016,43.347850000000015,39.721199999999925,42.18523809523811
1754899200,46.5,46.5,45,45,128.921,165.82960000000017,43.37085000000002,39.86779999999993,42.449523809523825
1754913600,45.25,45.25,44.19,44.8,66.474,160.37440000000018,43.39615000000001,39.99899999999993,42.76904761904763
1754928000,44.47,44.47,43.36,43.36,89.138,164.19230000000016,43.42480000000001,40.14679999999993,43.05190476190477
1754942400,43.79,44.36,42.88,42.88,42.723,148.47690000000017,43.45915000000001,40.33799999999993,43.2509523809524
1754956800,43.44,43.99,43.3,43.3,95.792,124.54665000000016,43.493150000000014,40.50839999999993,43.418095238095255
1754971200,43.3,43.99,43.3,43.63,3.132,121.18165000000018,43.52580000000001,40.649799999999935,43.5557142857143
1754985600,43.1,43.1,42.24,42.87,16.11,109.37585000000017,43.56340000000001,40.778199999999934,43.62761904761906
1755000000,43.1,44.52,43.1,44.52,228.195,110.33385000000017,43.597850000000015,40.86059999999993,43.76714285714287
1755014400,44.53,44.84,43.75,44.83,228.856,119.97905000000014,43.62635000000001,40.955799999999925,43.90238095238097
1755028800,44.47,45.78,44.47,44.86,29.106,112.11850000000015,43.65210000000002,41.040799999999926,44.007142857142874
1755043200,45.25,45.25,43.81,44.47,65.518,101.10635000000016,43.66690000000001,41.12839999999993,44.16142857142859
1755057600,44.13,44.15,43.52,43.88,44.847,85.17620000000015,43.68640000000001,41.206399999999924,44.268095238095256
1755072000,44.06,46.57,44.06,46.57,35.74,86.25305000000016,43.69065000000001,41.33219999999992,44.32428571428573
1755086400,46.63,47.26,45.23,45.79,341.153,95.49870000000016,43.70110000000002,41.47899999999992,44.34476190476192
1755100800,45.62,47.65,45.62,47.65,119.228,101.29865000000015,43.70645000000001,41.606999999999914,44.3509523809524
1755115200,47.8,48.06,46.92,47.97,705.053,135.36360000000016,43.714100000000016,41.73319999999992,44.49523809523811
1755129600,47.99,48.54,47.57,48.32,22.911,130.09230000000017,43.72535000000002,41.82639999999992,44.545238095238105
1755144000,48.2,48.58,46.92,47.89,219.566,140.47645000000017,43.73830000000002,41.97959999999992,44.71666666666668
1755158400,47.22,47.33,46.51,47.33,15.083,135.06695000000016,43.74475000000001,42.11819999999992,44.935238095238105
1755172800,47.25,47.25,44.19,44.85,345.884,142.17150000000015,43.74095000000001,42.26799999999992,45.08380952380954
1755187200,44.85,46.57,44.49,46.19,173.003,144.37560000000016,43.75055000000001,42.45619999999992,45.22857142857144
1755201600,46.19,46.19,44.82,45.51,43.345,143.21915000000016,43.75040000000002,42.65339999999992,45.34666666666668
1755216000,45.51,49.48,45.51,48.95,126.663,145.09540000000015,43.758200000000016,42.838199999999915,45.27761904761906
1755230400,49.49,49.51,48.39,48.39,354.387,160.67860000000016,43.77030000000001,43.02819999999991,45.28380952380954
1755244800,48.94,49.09,47.91,47.91,110.733,161.4256500000002,43.77775000000001,43.16559999999992,45.30809523809525
1755259200,48.6,48.76,45.93,45.93,187.498,170.6439500000002,43.78385000000001,43.334999999999916,45.505714285714305
1755273600,46.52,47.15,45.95,46.39,128.543,176.26560000000018,43.78975000000001,43.46119999999992,45.74523809523811
1755288000,45.97,48.87,45.81,47.74,339.166,181.81415000000018,43.77900000000002,43.664399999999915,45.98476190476192
1755302400,48.25,48.58,47.73,48.58,31.41,171.94185000000016,43.77370000000002,43.86139999999991,46.11000000000002
1755316800,48.31,48.31,46.86,47.57,206.246,180.79885000000016,43.76900000000001,44.06379999999992,46.24142857142859
1755331200,47.22,47.22,46.62,47.2,40.245,179.53520000000015,43.77775000000001,44.21499999999992,46.47333333333334
1755345600,47.14,47.5,46.73,47.22,89.987,181.79220000000015,43.78230000000002,44.356799999999915,46.666666666666686
1755360000,47.11,47.25,46.71,46.71,73.703,183.69035000000014,43.78190000000002,44.51979999999991,46.79714285714287
1755374400,46.65,47.23,46.52,46.52,76.928,170.47910000000016,43.76840000000002,44.688999999999915,46.90857142857145
1755388800,46.51,46.69,46.23,46.23,146.156,171.82550000000015,43.75555000000002,44.82399999999991,47.03952380952383
1755403200,46.46,47.13,46.46,47.13,16.2,137.38285000000013,43.74450000000002,44.94219999999992,47.17428571428574
1755417600,47.13,47.91,47.12,47.9,14.238,136.94920000000013,43.74270000000002,45.07719999999991,47.171904761904784
1755432000,47.9,47.9,45.73,47.19,137.582,132.85000000000014,43.73525000000002,45.18399999999991,47.192857142857164
1755446400,47.21,47.21,46.14,46.99,67.742,135.48295000000013,43.724400000000024,45.30699999999992,47.16809523809526
1755460800,46.54,46.97,45.93,46.75,168.551,126.61630000000014,43.708200000000026,45.41579999999992,47.16476190476193
1755475200,46.54,46.54,44.29,44.5,255.273,130.72980000000013,43.69090000000002,45.544999999999916,47.11095238095241
1755489600,44.46,44.61,43.43,43.8,141.819,135.65350000000015,43.681550000000016,45.67739999999991,47.06809523809527
1755504000,44.13,44.38,43.63,43.77,28.073,130.72400000000013,43.67645000000002,45.76939999999991,47.04047619047622
1755518400,43.44,44.44,43.33,44.44,152.702,120.63975000000013,43.67395000000001,45.835599999999914,47.023809523809554
1755532800,44.47,44.64,44.14,44.26,729.796,151.59290000000016,43.67945000000002,45.889799999999916,46.910000000000025
1755547200,44.26,44.62,43.69,43.79,69.277,145.68185000000014,43.678300000000014,45.904799999999916,46.82714285714288
1755561600,43.69,43.69,41.9,41.9,323.644,155.43690000000015,43.675350000000016,45.90999999999992,46.612380952380974
1755576000,42.35,42.6,41.9,42.6,507.228,163.84000000000015,43.66935000000002,45.89059999999992,46.415714285714316
1755590400,42.76,43.24,42.76,43.24,348.507,179.69485000000014,43.654450000000026,45.89839999999992,46.219523809523835
1755604800,43.24,43.86,42.57,42.57,47.324,171.74875000000014,43.63245000000002,45.91599999999992,46.02761904761907
1755619200,42.95,43.69,41.93,43.69,39.039,171.68845000000016,43.61210000000002,45.88779999999991,45.847142857142885
1755633600,43.1,43.38,41.3,41.3,93.57,171.86760000000018,43.59060000000002,45.828799999999916,45.63285714285716
1755648000,41.73,42.25,41.73,42.25,93.963,172.8806000000002,43.56905000000002,45.78379999999992,45.346666666666685
1755662400,42.32,42.36,41.59,41.81,31.118,170.59010000000018,43.547150000000016,45.72259999999992,45.16190476190478
1755676800,42.32,42.36,41.5,41.5,29.036,164.73410000000018,43.516550000000024,45.652799999999914,44.8809523809524
1755691200,42.07,43.2,41.08,42.76,129.94,170.4211000000002,43.49395000000002,45.62659999999992,44.644285714285736
1755705600,42.47,43.05,41.76,43.05,31.809,171.2996500000002,43.48010000000002,45.55659999999992,44.4109523809524
1755720000,43.05,43.41,43.05,43.41,35.432,166.19215000000023,43.45630000000002,45.53439999999992,44.171904761904784
1755734400,43.4,43.41,42.61,42.61,31.287,164.3694000000002,43.43770000000002,45.51299999999992,44.00666666666669
1755748800,42.6,42.94,41.71,41.71,24.364,157.1600500000002,43.40795000000002,45.476999999999926,43.81238095238097
1755763200,41.93,41.93,41.37,41.73,7.229,144.7578500000002,43.38810000000002,45.45959999999992,43.598571428571454
1755777600,41.57,42.49,41.28,41.77,83.827,141.85825000000017,43.366700000000016,45.46319999999992,43.380476190476216
1755792000,41.63,41.7,40.53,40.53,83.847,144.6469500000002,43.33920000000002,45.440999999999924,43.12904761904764
1755806400,41.04,41.6,40.85,41.11,171.694,145.59655000000018,43.31795000000002,45.396599999999914,42.89000000000002
1755820800,40.8,41.93,40.43,41.29,84.045,113.3090000000002,43.30215000000002,45.33359999999991,42.760000000000026
1755835200,41.73,42.39,41.29,42.39,77.528,113.72155000000018,43.29420000000002,45.27879999999992,42.60428571428574
1755849600,42.41,42.55,41.79,42.37,54.207,100.24970000000019,43.28725000000002,45.23659999999992,42.47761904761907
1755864000,42.2,44.25,41.28,43.51,113.4,80.55830000000019,43.27365000000002,45.115799999999915,42.32761904761907
1755878400,44.13,45.19,43.79,44.51,240.271,75.14650000000019,43.25285000000002,45.02219999999991,42.23857142857145
1755892800,45.16,45.19,44.52,45.19,179.821,81.77135000000018,43.23470000000002,44.89499999999991,42.17095238095241
1755907200,44.82,45.19,43.88,43.88,73.806,83.50970000000018,43.20890000000002,44.78339999999991,42.24761904761907
1755921600,43.88,45.01,43.63,43.66,57.764,81.71940000000018,43.18915000000002,44.66439999999991,42.33857142857145
1755936000,43.66,44.23,43.65,43.66,45.001,79.27130000000018,43.170200000000015,44.57679999999991,42.4314285714286
1755950400,44.1,44.17,43.42,43.57,198.79,87.65490000000018,43.154150000000016,44.52039999999991,42.493809523809546
1755964800,44.13,44.53,44.07,44.53,11.435,86.77485000000017,43.137050000000016,44.52719999999991,42.49238095238098
1755979200,44.62,44.95,44.3,44.49,520.769,106.31630000000018,43.125250000000015,44.48099999999991,42.60476190476193
1755993600,44.49,44.96,44.17,44.61,80.146,108.73315000000018,43.112850000000016,44.4439999999999,42.66761904761907
1756008000,44.42,44.62,44.22,44.29,27.542,108.33865000000019,43.103150000000014,44.33819999999991,42.79714285714288
1756022400,44.42,44.44,43.71,43.71,11.619,107.35525000000021,43.08940000000001,44.24179999999991,42.939523809523834
1756036800,44.01,44.52,43.79,43.96,20.066,107.1403500000002,43.07255000000001,44.17419999999991,43.02761904761907
1756051200,44.22,47,44.22,45.23,252.401,119.3989500000002,43.05565000000001,44.1453999999999,43.08666666666669
1756065600,45.16,52,44.85,47.91,2402.86,235.3506000000002,43.035150000000016,44.10979999999991,43.1009523809524
1756080000,47.89,47.89,44.29,46.91,661.078,264.2121500000002,43.022000000000006,44.040799999999905,43.16523809523811
1756094400,46.91,46.91,44.62,44.62,86.511,259.9530000000002,43.01005000000001,43.94339999999991,43.33285714285716
1756108800,44.62,45.71,44.34,45.71,16.102,256.5558500000002,43.0131,43.8711999999999,43.62714285714288
1756123200,45.71,46.95,45.45,46.25,65.242,255.94155000000018,43.00500000000001,43.8317999999999,43.87190476190478
1756137600,46.25,46.99,46.25,46.78,301.816,268.3220000000002,42.999100000000006,43.845599999999905,44.066666666666684
1756152000,46.78,46.78,43,43.83,227.927,274.04835000000014,42.99790000000001,43.8495999999999,44.2857142857143
1756166400,43.62,44.46,42.88,43.94,515.362,287.8029000000002,42.999850000000016,43.8115999999999,44.52190476190478
1756180800,44.22,45.82,44.22,45.44,28.669,280.24530000000016,43.01705000000001,43.80119999999991,44.730952380952395
1756195200,45.65,46.06,45.16,45.16,219.865,287.54825000000017,43.02675,43.78359999999991,44.80047619047621
1756209600,45.43,47.5,44.76,46.7,159.974,292.65875000000017,43.01735000000001,43.761199999999896,44.8209523809524
1756224000,46.91,49,46.86,49,308.744,305.84590000000014,43.01990000000001,43.693999999999896,44.86523809523811
1756238400,48.71,51.34,48.5,48.98,586.951,325.25395000000015,43.031150000000004,43.6329999999999,44.863809523809536
1756252800,48.98,51.43,48.71,51.43,367.905,343.0774500000001,43.04160000000001,43.60679999999989,44.99809523809525
1756267200,51.43,52.25,49.86,49.86,1106.016,372.3398000000001,43.041450000000005,43.61999999999989,45.252380952380975
1756281600,49.86,50.12,48.3,50.12,582.289,397.44695000000013,43.04120000000001,43.67799999999989,45.505714285714305
1756296000,49.8,51.15,49.26,50.88,1032.983,447.71900000000005,43.044350000000016,43.7825999999999,45.88000000000001
1756310400,50.89,51.44,49.13,49.43,549.145,474.59530000000007,43.046050000000015,43.87339999999989,46.13380952380954
1756324800,49.44,49.8,46.49,46.7,288.683,488.02615000000003,43.06670000000001,44.0167999999999,46.401904761904774
1756339200,46.7,48.55,46.46,48.21,334.636,492.13790000000006,43.09545000000002,44.1381999999999,46.70047619047621
1756353600,48.6,49.2,48,48.43,209.328,382.46130000000005,43.12170000000002,44.30259999999989,46.94523809523811
1756368000,48.56,48.98,46.34,48.18,225.522,360.68350000000004,43.16505000000002,44.4681999999999,47.087619047619064
1756382400,48.21,49.12,48.21,48.3,437.561,378.236,43.20050000000001,44.59199999999989,47.29000000000002
1756396800,48.21,48.21,46.22,46.22,250.229,389.94235000000003,43.24145000000001,44.6745999999999,47.44238095238098
1756411200,46.22,46.9,45.7,45.71,364.263,404.89340000000004,43.282050000000005,44.764999999999894,47.45523809523812
1756425600,45.7,46.4,45.44,45.99,145.141,397.05965000000003,43.31320000000001,44.907599999999896,47.521428571428594
1756440000,46.03,46.23,44.89,45.42,106.152,390.97090000000003,43.33470000000001,45.026199999999896,47.59761904761907
1756454400,45.42,45.43,44.2,44.61,115.957,371.00065000000006,43.36245000000002,45.15599999999989,47.59761904761907
1756468800,44.61,49.56,44.61,49.56,135.884,376.36140000000006,43.38565000000001,45.2503999999999,47.58523809523812
1756483200,49.56,49.56,44.34,44.84,232.151,376.9757000000001,43.40250000000001,45.3093999999999,47.52047619047622
1756497600,44.84,44.95,42.93,44.47,407.908,389.3724000000001,43.41895,45.368199999999895,47.55761904761907
1756512000,44.47,44.61,44.07,44.61,116.252,379.7478000000001,43.425550000000015,45.4083999999999,47.82523809523813
1756526400,44.62,45.19,44.62,44.89,33.638,352.08215000000007,43.432400000000015,45.4483999999999,47.796666666666695
1756540800,45.18,45.18,45.18,45.18,4.976,333.9357000000001,43.44045000000001,45.6053999999999,47.763809523809556
1756555200,45.18,47.99,44.49,47.06,230.792,290.17450000000014,43.445800000000006,45.6675999999999,47.66428571428575
1756569600,46.91,46.91,44.1,44.62,258.778,273.99895000000015,43.44910000000001,45.721599999999896,47.46857142857146
1756584000,44.89,45.03,44.48,44.48,44.988,224.59920000000017,43.47715000000001,45.8031999999999,47.28761904761908
1756598400,44.89,45.46,44.62,45.46,105.537,202.41880000000015,43.48335000000001,45.8787999999999,47.07952380952384
1756612800,45.16,45.46,45.16,45.44,14.559,188.71260000000015,43.489100000000015,45.956599999999895,46.83000000000003
1756627200,45.44,45.46,44.62,45.13,249.111,184.43635000000015,43.48995000000001,46.0499999999999,46.5614285714286
1756641600,45.13,45.14,44.63,44.63,44.178,176.17885000000015,43.49670000000001,46.0949999999999,46.30333333333336
1756656000,45.16,45.87,45.16,45.87,55.586,167.68205000000015,43.499400000000016,46.1143999999999,46.11333333333336
1756670400,45.87,45.87,44.9,44.9,89.75,150.29150000000013,43.514050000000005,46.133399999999895,46.03857142857146
1756684800,45.41,45.42,44.34,44.6,170.601,146.31010000000015,43.51500000000001,46.13839999999989,45.868095238095265
1756699200,44.19,44.94,44.02,44.89,173.294,136.76165000000015,43.51250000000002,46.16339999999989,45.746190476190506
1756713600,44.89,45.44,44.52,44.52,10.786,130.04390000000015,43.516050000000014,46.1827999999999,45.59000000000003
1756728000,44.88,45.42,44.52,44.77,277.84,138.62830000000014,43.52645000000001,46.2269999999999,45.41380952380956
1756742400,44.77,44.77,43.8,44.52,777.404,171.70065000000017,43.53125000000002,46.2535999999999,45.35047619047622
1756756800,44.52,47.07,43.25,43.51,870.705,208.44170000000017,43.53375000000001,46.2549999999999,45.29380952380956
1756771200,43.51,44.52,43.46,44.52,53.763,199.52230000000017,43.537250000000014,46.2629999999999,45.23571428571432
1756785600,44.52,45.04,44.52,45.04,30.908,180.67230000000018,43.543200000000006,46.261199999999896,45.19285714285718
1756800000,45.04,45.46,44.89,45.14,76.377,178.67855000000017,43.54555000000001,46.2707999999999,45.14047619047623
1756814400,45.14,45.49,44.01,44.47,641.114,209.05235000000022,43.55165000000001,46.28699999999991,44.90047619047622
1756828800,44.43,44.62,43.98,44.46,365.299,227.06850000000023,43.555150000000005,46.27799999999991,44.910000000000025
1756843200,44.61,45.46,44.61,45.46,124.759,221.7668500000002,43.561800000000005,46.26379999999991,44.941904761904794
1756857600,45.46,45.7,45.16,45.16,367.354,227.1956500000002,43.568900000000006,46.2063999999999,44.93523809523813
1756872000,45.44,45.68,44.89,45.16,71.456,228.5190500000002,43.572250000000004,46.17099999999991,44.91476190476194
1756886400,45.16,46.45,45.16,46.3,38.384,225.16140000000019,43.58540000000001,46.167999999999914,44.928095238095274
1756900800,45.98,46.91,44.64,46.52,900.559,269.4614000000002,43.599650000000004,46.14299999999991,44.83761904761908
1756915200,46.52,51.34,46.5,47.6,301.822,272.0969500000002,43.61,46.12719999999991,44.863333333333365
1756929600,47.89,48.15,47.35,47.63,84.539,274.1150000000002,43.6134,46.094799999999914,44.95000000000003
1756944000,48.1,48.55,45.99,46.52,118.195,277.2454500000002,43.615500000000004,46.12139999999992,45.00047619047623
1756958400,46.52,46.52,45.47,46.51,68.779,276.1969000000002,43.623000000000005,46.16859999999993,45.10333333333337
1756972800,46.51,46.51,46.51,46.51,15.077,268.42070000000024,43.639050000000005,46.19019999999992,45.22238095238099
1756987200,46.51,47.17,45.05,45.05,57.847,262.6483500000002,43.66125,46.238999999999926,45.31238095238099
1757001600,45.44,49.25,44.92,48,360.275,280.1228000000002,43.68585,46.25759999999992,45.34285714285718
1757016000,48.43,48.43,45.53,46.64,58.462,269.1539000000002,43.71840000000001,46.20799999999993,45.41952380952385
1757030400,46.65,48.71,45.53,45.98,145.307,237.54905000000022,43.75540000000001,46.158599999999936,45.44095238095242
1757044800,45.98,46.19,45.98,46.19,10.127,194.52015000000023,43.79245000000001,46.06019999999993,45.589047619047655
1757059200,46.19,50.42,46.19,50.42,71.913,195.42765000000023,43.83930000000001,45.963999999999935,45.69000000000004
1757073600,50.42,51.33,46.22,48.76,343.52,211.0582500000002,43.88555000000001,45.921599999999934,45.74761904761909
1757088000,48.76,51.5,47.54,51.16,109.28,212.7034000000002,43.928550000000016,45.83679999999993,45.827142857142896
1757102400,50.89,50.89,49.85,50.88,16.82,181.4887000000002,43.964450000000014,45.76779999999992,46.15619047619052
1757116800,50.34,50.89,48.15,48.48,55.356,165.99155000000022,44.01300000000001,45.75759999999993,46.35809523809528
1757131200,48.98,50.64,48.98,50.34,16.938,160.6005000000002,44.058900000000015,45.80179999999992,46.64952380952385
1757145600,50.64,50.64,50.63,50.64,10.984,142.7820000000002,44.105100000000014,45.80839999999993,46.92285714285718
1757160000,50.64,50.89,47.07,48.98,89.035,143.6609500000002,44.14835000000001,45.86799999999993,47.113809523809564
1757174400,49.25,52.05,47.34,49.52,844.939,183.9887000000002,44.210800000000006,45.91959999999992,47.393809523809566
1757188800,49.86,50.07,48.71,49.25,34.656,140.6935500000002,44.26270000000002,45.964799999999926,47.64047619047623
1757203200,49.63,50.13,48.71,49.27,38.811,127.54300000000019,44.32230000000001,46.057399999999916,47.82238095238099
1757217600,49.27,57,48.98,49.52,93.003,127.96620000000019,44.386100000000006,46.15039999999992,48.03000000000004
1757232000,49.52,49.84,49.52,49.83,3.275,122.22020000000018,44.433250000000015,46.22159999999992,48.17047619047623
1757246400,49.83,49.84,48.15,48.71,33.29,120.44575000000017,44.488700000000016,46.319799999999915,48.30142857142861
1757260800,48.71,49.63,47.06,47.57,699.311,154.65745000000018,44.547050000000006,46.313599999999916,48.39285714285719
1757275200,47.56,49.23,47.31,48.16,54.496,154.48990000000018,44.60080000000002,46.40219999999992,48.49761904761909
1757289600,48.16,49.27,46.75,49.02,269.071,149.92970000000017,44.660950000000014,46.503199999999914,48.601904761904805
1757304000,49.26,50.41,49.17,50.34,42.322,149.12270000000018,44.71490000000001,46.60759999999992,48.652380952380994
1757318400,50.34,51.49,50.16,50.42,218.741,152.79440000000017,44.77045000000001,46.683999999999926,48.730952380952424
1757332800,50.88,52.81,50.43,51.25,849.832,194.77965000000017,44.82195000000001,46.73179999999992,48.92000000000004
1757347200,51.7,52.06,49.84,50.6,737.789,228.07345000000018,44.876550000000016,46.75379999999993,49.03142857142862
1757361600,50.59,51.69,50.12,51.43,731.056,247.45025000000024,44.92580000000001,46.84179999999992,49.21142857142862
1757376000,50.89,51.74,50.34,51.69,320.98,258.03525000000025,44.96285000000001,46.958999999999925,49.462380952381
1757390400,51.7,55.41,51.7,54.3,149.565,264.67250000000024,45.01085,47.05819999999992,49.672380952381005
1757404800,55.21,55.22,53.62,53.62,18.423,262.8258500000003,45.06365000000001,47.17439999999991,49.72047619047624
1757419200,54.5,54.81,52.35,52.51,647.726,294.36525000000023,45.12210000000001,47.28379999999992,49.86000000000005
1757433600,53.33,53.98,52.29,53.37,125.916,300.11185000000023,45.18505000000001,47.41979999999992,50.009523809523856
1757448000,53.89,54.27,52.91,53.98,315.992,311.4597000000002,45.25140000000001,47.536199999999916,50.14000000000004
1757462400,53.9,54.83,52.33,54.43,1070.974,322.76145000000025,45.31580000000002,47.72419999999992,50.33190476190481
1757476800,54.57,55.55,53.98,55.55,235.493,332.80330000000026,45.376950000000015,47.90459999999992,50.47619047619052
1757491200,55.55,56.4,54.14,55.13,478.304,354.77795000000026,45.441450000000025,48.05699999999992,50.635238095238144
1757505600,55.13,55.85,54.45,55.85,233.047,361.7801500000003,45.52025000000001,48.23399999999992,50.89476190476195
1757520000,55.85,56.02,54.6,55.22,489.018,386.0673000000003,45.599400000000024,48.418199999999906,51.1819047619048
1757534400,55.22,56.12,54.75,56.1,74.594,388.1325000000003,45.67010000000002,48.61639999999991,51.461904761904805
1757548800,56.08,56.94,55.29,56.22,295.806,367.9572500000003,45.74045000000002,48.857199999999914,51.77523809523814
1757563200,56.37,56.57,55.52,55.65,145.285,372.49670000000026,45.81240000000002,49.069399999999916,52.04666666666671
1757577600,55.65,55.86,53.75,54.33,78.248,362.95555000000024,45.88395000000001,49.2855999999999,52.34523809523814
1757592000,54.33,55.27,53,55.2,421.726,381.9257500000002,45.95760000000002,49.4871999999999,52.702857142857184
1757606400,55.21,56.27,54.44,56.27,238.235,382.9004500000002,46.02680000000001,49.71979999999991,53.087619047619086
1757620800,56.26,57.35,56.1,57.35,708.108,375.81425000000024,46.10370000000002,49.954999999999906,53.381428571428614
1757635200,57.35,57.96,56.31,57.15,285.098,353.17970000000025,46.17295000000001,50.1587999999999,53.675714285714335
1757649600,57.15,57.92,56.77,57.87,590.548,346.1543000000002,46.25160000000002,50.342199999999906,53.95809523809529
1757664000,57.87,57.87,56.1,56.62,128.604,336.5355000000002,46.32875000000001,50.5429999999999,54.28809523809528
1757678400,57.18,57.73,55.11,56.05,1436.225,400.8685000000002,46.403650000000006,50.7423999999999,54.569047619047666
1757692800,56.05,59,55.11,58.02,1141.827,457.03870000000023,46.46890000000001,50.9589999999999,54.91523809523814
1757707200,58.02,58.03,55.34,55.5,2968.195,573.0621500000002,46.53195000000001,51.1499999999999,55.162380952381
1757721600,56.61,57.75,55.13,56.59,824.313,607.9820000000002,46.59490000000002,51.3547999999999,55.37000000000004
1757736000,56.59,57.87,55.49,55.95,909.387,637.6517500000002,46.661450000000016,51.5567999999999,55.5471428571429
1757750400,55.55,57.07,55.28,57.07,180.148,593.1104500000002,46.72845000000001,51.7475999999999,55.63666666666671
1757764800,57.06,57.74,55.14,56.56,672.64,614.9678000000001,46.800100000000015,51.977799999999895,55.830952380952425
1757779200,56.46,57.89,55.1,55.89,447.799,613.4425500000001,46.859500000000004,52.18679999999989,55.95380952380957
1757793600,55.89,55.93,54.8,55.91,210.871,612.33375,46.9195,52.358599999999896,56.10095238095243
1757808000,55.91,55.91,52,54.75,1378.791,656.8224,46.992700000000006,52.5447999999999,56.202380952381
1757822400,54.2,55.53,53.75,54.94,313.195,668.7524500000001,47.044200000000004,52.7665999999999,56.21857142857148
1757836800,54.94,55.26,53.71,54.47,28.22,655.37315,47.1029,52.9739999999999,56.255714285714326
1757851200,54.47,54.71,53.67,54.68,208.306,658.5242000000001,47.1584,53.0833999999999,56.203333333333376
1757865600,54.44,55.46,54.42,55.17,495.156,679.3696000000001,47.212250000000004,53.226399999999906,56.19000000000004
1757880000,54.83,55,53.98,53.98,150.887,665.8276500000001,47.26475000000001,53.298199999999895,56.11238095238099
1757894400,54.47,55,53.67,54.98,242.427,666.0372500000001,47.3192,53.379399999999904,56.03904761904766
1757908800,54.99,55.04,53.25,53.72,104.942,635.87895,47.37474999999999,53.4991999999999,56.01619047619052
1757923200,53.85,54.1,53.11,53.11,119.819,627.615,47.4317,53.585999999999906,55.999523809523865
1757937600,53.12,53.94,52.55,53.22,448.323,620.50375,47.492,53.67659999999991,55.989047619047675
1757952000,53,53.9,52,53.9,1255.139,676.8304999999999,47.54785000000001,53.77659999999991,55.8676190476191
1757966400,53.98,54.56,53.39,54.55,196.333,614.8358999999999,47.603100000000005,53.8857999999999,55.665714285714344
1757980800,54.63,54.99,53,53.9,283.945,571.9418,47.66460000000001,53.975199999999894,55.47857142857149
1757995200,53.88,54.94,53.88,54.67,72.906,427.17735000000005,47.71190000000001,54.0519999999999,55.28952380952387
1758009600,54.67,54.93,54.29,54.85,192.544,395.5889,47.76265,54.12599999999989,55.19095238095243
1758024000,54.59,55.71,53.32,54.5,1171.397,408.68940000000003,47.80695000000001,54.207399999999886,55.08857142857149
1758038400,54.51,54.99,53.64,54.75,384.557,418.90985,47.85015000000001,54.32419999999989,54.92904761904769
1758052800,54.75,54.94,53.85,54.26,113.325,390.9441,47.896850000000015,54.4507999999999,54.89809523809531
1758067200,54.68,55.7,53.98,55.68,255.857,381.347,47.93350000000001,54.5809999999999,54.79857142857149
1758081600,55.68,55.81,53.95,55.54,156.668,378.63685,47.97730000000001,54.697599999999895,54.74142857142864
1758096000,55.55,55.95,55.05,55.94,123.322,315.86339999999996,48.00855000000001,54.78079999999989,54.607619047619124
1758110400,55.97,56.58,54.6,55.41,128.188,306.61305,48.04205000000001,54.86739999999989,54.56571428571436
1758124800,55.31,56.58,54.64,55.69,93.798,309.89194999999995,48.074700000000014,54.92759999999989,54.54904761904769
1758139200,55.43,58.03,55.43,58.03,889.228,343.93805,48.10775,55.02919999999989,54.55047619047626
1758153600,58.03,61.99,58.03,60.09,4562.162,547.28835,48.144850000000005,55.11139999999988,54.58190476190484
1758168000,59.7,60.14,58.54,59.45,486.251,564.05655,48.191900000000004,55.19639999999988,54.61761904761912
1758182400,59.45,60.13,58.43,58.43,150.152,559.4428,48.239349999999995,55.21859999999989,54.78714285714293
1758196800,58.41,58.99,57.33,58.09,522.253,580.30835,48.2895,55.25999999999989,55.044761904761984
1758211200,58.09,60.15,58.09,60.1,313.616,589.9982000000001,48.32445,55.37039999999988,55.24857142857151
1758225600,59.6,59.6,58.09,59.04,235.305,579.3473000000001,48.35954999999999,55.50479999999989,55.46047619047627
1758240000,59.04,59.59,58.02,58.03,236.995,528.4401000000001,48.39845,55.61419999999989,55.608571428571516
1758254400,58.02,58.02,56.37,57.24,404.155,538.8312000000002,48.45894999999999,55.69419999999989,55.912380952381035
1758268800,57.22,57.22,55.69,56.3,176.83,533.4754500000001,48.52744999999999,55.74499999999989,56.19476190476199
1758283200,56.64,57.33,55.73,56.86,550.974,557.3788500000002,48.58599999999999,55.844399999999894,56.42380952380962
1758297600,56.13,57.34,56.13,57.16,202.098,557.8565500000002,48.63525,55.908199999999894,56.58285714285724
1758312000,57.16,57.16,56.09,56.43,171.787,507.8760500000002,48.68785,55.9643999999999,56.666190476190565
1758326400,56.8,57.35,56.01,56.48,259.766,501.6365000000002,48.75235000000001,55.987199999999895,56.80714285714295
1758340800,56.48,57.35,56.14,56.91,831.402,537.5403500000001,48.811449999999994,55.98879999999989,56.92571428571438
1758355200,56.66,56.66,56.1,56.18,28.349,526.1649500000001,48.86805,56.01299999999989,57.00095238095247
1758369600,56.18,56.93,55.42,55.71,253.169,530.9900000000001,48.92164999999999,56.069599999999895,57.09523809523817
1758384000,55.71,56.29,54,54.88,305.493,540.0985500000002,48.97199999999999,56.094199999999894,57.19809523809532
1758398400,54.81,55.35,54.26,54.73,242.125,545.7954000000002,49.02064999999999,56.09839999999989,57.28952380952389
1758412800,54.73,54.9,54.01,54.36,159.713,549.0911500000001,49.06694999999999,56.08959999999989,57.29095238095246
1758427200,54.39,54.58,53.97,54.24,471.289,528.1942000000001,49.11314999999999,56.07019999999989,57.2595238095239
1758441600,54.19,54.24,53.42,53.63,155.444,307.8583000000002,49.16059999999999,56.0269999999999,57.201904761904856
1758456000,53.63,53.64,52.46,52.5,525.242,309.8078500000002,49.2114,55.99219999999989,57.15190476190485
1758470400,52.54,52.79,51,52.29,1664.57,385.5287500000002,49.2698,55.96579999999989,57.08285714285723
1758484800,52.21,52.64,51.01,51.02,270.539,372.9430500000002,49.32935,55.892599999999895,56.87333333333343
1758499200,51,51.08,49.21,50.05,1117.381,413.1313000000002,49.38489999999999,55.86739999999989,56.51190476190485
1758513600,49.73,50.62,47.22,49.07,1416.32,472.1820500000002,49.43634999999998,55.808199999999886,56.170952380952464
1758528000,49.62,49.87,48.99,49.28,112.786,465.97160000000014,49.48685,55.73919999999988,55.81809523809532
1758542400,49.33,50.31,48.1,48.16,236.92,457.6098500000001,49.53909999999999,55.64359999999988,55.43523809523818
1758556800,48.28,49.04,47.8,47.8,522.852,474.9109500000001,49.59774999999999,55.53279999999988,54.91000000000008
1758571200,47.76,48.46,47.51,47.88,464.965,470.6105000000001,49.647249999999985,55.41599999999988,54.445238095238174
1758585600,47.88,48.3,45.5,46.75,919.198,506.46550000000013,49.69249999999998,55.27919999999988,53.97523809523817
1758600000,46.2,49.05,46.2,48.97,120.4,503.89615000000015,49.734749999999984,55.169799999999874,53.52571428571437
1758614400,49.05,49.37,48.25,48.56,183.045,500.06010000000015,49.76654999999998,55.034199999999885,53.12476190476199
1758628800,48.6,49.24,47.12,47.55,216.713,469.3256500000001,49.805399999999985,54.90079999999988,52.64333333333341
1758643200,47.57,50.95,44.82,45.02,1209.347,528.3755500000001,49.840549999999986,54.76479999999989,52.253333333333416
1758657600,45.02,45.72,44.5,44.95,394.769,535.4555500000001,49.87229999999999,54.59639999999988,51.878571428571504
1758672000,44.88,45.73,44.47,44.81,814.707,560.9162500000001,49.90379999999998,54.49619999999989,51.45333333333342
1758686400,44.46,45.5,43.5,44.35,418.02,569.7110000000001,49.92939999999999,54.36779999999989,50.88714285714294
1758700800,44.62,45.85,43.79,45.85,31.442,563.2974500000001,49.94789999999999,54.244399999999885,50.35238095238103
1758715200,45.85,46.57,44.82,45.29,266.678,553.0669,49.97569999999999,54.082599999999886,49.83333333333341
1758729600,45.46,46.41,45,46.4,841.547,587.3720500000002,50.00544999999999,53.91719999999989,49.33190476190484
1758744000,46.26,46.56,45.55,45.55,355.23,578.8714500000001,50.03464999999999,53.735399999999885,48.909047619047705
1758758400,45.88,46.14,43.28,43.48,970.284,544.1571500000001,50.0511,53.531399999999884,48.477142857142944
1758772800,43.78,43.88,42.65,42.8,973.328,579.2966,50.066999999999986,53.37039999999989,48.10380952380961
1758787200,42.53,43.79,41.65,41.65,323.256,539.5903500000001,50.08839999999999,53.18279999999989,47.7190476190477
1758801600,42.04,42.78,40.73,41.91,1790.261,558.2874,50.10459999999999,53.01379999999988,47.28952380952389
1758816000,42.05,43.45,41.43,42.47,490.574,577.1768000000001,50.127399999999994,52.83479999999989,46.83761904761913
1758830400,42.43,43.35,40,40.19,908.293,610.7454500000001,50.14189999999999,52.60939999999988,46.39142857142865
1758844800,40.35,43.2,40.35,43.18,645.175,616.8616,50.162049999999994,52.380199999999874,46.00380952380961
1758859200,43.16,43.16,42.12,42.71,144.229,600.8248,50.172249999999984,52.09959999999988,45.6895238095239
1758873600,42.75,42.97,40.88,41.09,2165.176,663.1236999999999,50.16709999999999,51.82699999999988,45.256666666666746
1758888000,41.38,44.47,41.38,44.13,427.859,678.4966499999999,50.155149999999985,51.55759999999987,45.01952380952389
1758902400,44.13,46.06,44.13,45.42,891.558,713.9223,50.143999999999984,51.25319999999987,44.77714285714294
1758916800,45.41,45.45,44.22,45.14,191.225,712.6479,50.135249999999985,51.00299999999987,44.45380952380961
1758931200,45.14,45.95,44.43,44.44,617.3,683.04555,50.12929999999997,50.69659999999987,44.3290476190477
1758945600,44.43,45.23,44.13,44.48,42.343,665.42425,50.11239999999998,50.31659999999987,44.16000000000009
1758960000,44.94,44.94,43.32,44.13,315.593,640.46855,50.105649999999976,50.01019999999988,43.99714285714295
1758974400,44.1,46.06,44.01,45.51,161.779,627.6565,50.09674999999997,49.74999999999987,43.8490476190477
1758988800,45.51,46.09,45.48,45.85,126.878,632.4283000000001,50.07914999999997,49.49099999999988,43.823333333333416
1759003200,46.08,47.5,45.34,45.4,663.652,652.2770000000002,50.07834999999997,49.17779999999988,43.784285714285794
1759017600,45.85,46.87,45.46,46.16,106.078,615.5035500000001,50.08689999999998,48.88659999999989,43.817619047619125
1759032000,46.16,46.16,44.23,44.8,72.521,601.3681000000001,50.09279999999998,48.60859999999988,43.8890476190477
1759046400,44.82,44.98,44.14,44.14,9.894,553.3486000000001,50.08884999999997,48.37399999999989,43.86761904761912
1759060800,44.13,48.56,43.77,47.57,399.643,524.6643500000002,50.07169999999997,48.16499999999989,43.909047619047705
1759075200,47.55,47.57,45.15,46.51,248.163,520.9097000000003,50.05779999999997,47.93579999999988,43.83285714285722
1759089600,46.49,47.98,46.1,47.88,380.599,450.42660000000024,50.06224999999997,47.71579999999988,43.76571428571437
1759104000,47.88,48.57,46.65,47.92,193.344,435.56510000000014,50.062949999999965,47.48319999999989,43.96047619047627
1759118400,48.55,48.55,47.22,47.88,72.334,393.7671500000002,50.05869999999996,47.23639999999988,44.13714285714294
1759132800,47.91,48.38,46.54,46.54,183.544,370.68560000000014,50.055599999999956,47.049599999999884,44.43380952380961
1759147200,47.19,48.57,46.55,47.84,195.759,373.26210000000015,50.06044999999995,46.85619999999989,44.720000000000084
1759161600,47.83,47.84,45,46.88,158.842,272.9454000000001,50.06144999999996,46.69959999999989,44.977619047619136
1759176000,46.91,48.07,46.65,46.92,273.538,265.22935000000007,50.07209999999996,46.56039999999989,45.28000000000008
1759190400,46.92,47.14,45,45.09,177.379,229.52040000000005,50.07884999999997,46.423399999999894,45.50190476190485
1759204800,45.02,46.39,44.2,45.45,364.531,238.18570000000005,50.084749999999964,46.26699999999989,45.70047619047627
1759219200,45.25,46.01,44.5,46.01,64.2,210.53070000000002,50.07934999999997,46.13899999999989,45.97809523809532
1759233600,45.53,47.14,44.34,44.34,100.553,213.44120000000004,50.07384999999997,46.003999999999884,46.023809523809604
1759248000,44.27,45.86,44.13,45.86,290.207,212.17190000000005,50.04939999999998,45.89239999999989,46.02523809523817
1759262400,45.82,46.67,44.98,45.46,41.587,206.16230000000004,50.039299999999976,45.74839999999988,46.06666666666675
1759276800,45.51,46.09,45.04,45.36,106.17,205.12690000000003,50.02309999999998,45.63699999999988,46.06190476190485
1759291200,45.21,45.59,44.95,45.51,47.779,174.33325000000002,50.00329999999998,45.55619999999988,46.127619047619135
1759305600,45.51,47.79,45.51,47.78,296.571,183.85790000000003,49.98159999999998,45.46159999999987,46.19095238095247
1759320000,47.8,48.44,47.04,47.67,516.119,206.0378,49.97534999999998,45.39319999999988,46.183809523809614
1759334400,47.52,48.15,47.04,47.89,540.088,232.54749999999999,49.964349999999975,45.33919999999987,46.167619047619134
1759348800,47.7,47.99,47,47.56,224.721,223.8014,49.94389999999998,45.290399999999885,46.28095238095246
1759363200,47.57,49.45,47.57,49.15,222.79,222.53275,49.93229999999998,45.242999999999874,46.352857142857225
1759377600,49.45,50.05,49.22,49.22,457.039,226.35474999999997,49.918099999999974,45.26359999999987,46.500000000000085
1759392000,49.99,50.39,49.19,50.24,376.664,235.52074999999996,49.91379999999997,45.23759999999987,46.662857142857234
1759406400,50.15,50.15,49,49.63,227.803,243.29419999999996,49.91279999999997,45.22419999999988,46.73809523809533
1759420800,49.63,51.13,49.43,51.13,523.456,260.28979999999996,49.921749999999975,45.224399999999875,46.867142857142944
1759435200,50.9,51.12,50.01,50.6,169.678,258.98574999999994,49.93299999999997,45.306999999999874,46.97952380952389
1759449600,50.33,50.79,50.02,50.78,47.932,253.44024999999996,49.94939999999997,45.39239999999988,47.060952380952465
1759464000,50.48,50.88,49.35,49.35,391.401,259.3334,49.93939999999997,45.50099999999988,47.21571428571438
1759478400,49.63,49.87,49.15,49.59,63.996,253.66424999999998,49.960949999999976,45.60659999999988,47.409047619047705
1759492800,49.87,50.77,48.97,50.77,228.158,246.84560000000002,49.98469999999997,45.712199999999875,47.54904761904771
1759507200,50.77,51.22,49.94,50.1,628.343,275.05275,50.012849999999965,45.81839999999988,47.66666666666676
1759521600,50.01,50.59,49.87,49.87,108.366,275.4434,50.03654999999997,45.90599999999988,47.793809523809614
1759536000,50.03,50.03,48.98,49,868.987,304.3824,50.06629999999998,45.98199999999988,48.0642857142858
1759550400,49,49.18,49,49.14,257.273,315.1667,50.08399999999997,46.10419999999987,48.28571428571437
1759564800,49.14,49.15,48.1,48.48,195.834,319.6499,50.114799999999974,46.26359999999987,48.4695238095239
1759579200,48.47,48.93,48.01,48.3,220.133,328.26759999999996,50.13914999999997,46.43259999999987,48.69142857142866
1759593600,48.3,49.06,48.09,48.75,151.024,320.99024999999995,50.15979999999997,46.59179999999988,48.84761904761913
1759608000,49.02,49.18,48.75,49.18,508.551,320.61185,50.186449999999965,46.72239999999988,48.991428571428656
1759622400,49.18,50.3,49.18,50.3,149.367,301.0758,50.21129999999997,46.901399999999875,49.13142857142866
1759636800,50.3,51.64,50.28,51.64,105.49,295.11424999999997,50.237499999999976,47.007399999999876,49.28571428571437
1759651200,51.64,51.73,48.96,49.42,160.507,292.0001,50.25314999999997,47.119199999999886,49.35238095238104
1759665600,49.41,49.98,48.98,49.4,132.001,275.7482,50.27434999999997,47.27239999999988,49.477619047619136
1759680000,49.38,49.51,47.53,48.03,644.685,289.14925000000005,50.293749999999974,47.373399999999876,49.65619047619056
1759694400,47.9,48.35,47.65,48.13,70.066,281.2624,50.31079999999997,47.470999999999876,49.74476190476199
1759708800,48.29,48.83,48.29,48.73,42.858,257.2325,50.33194999999997,47.60099999999988,49.75666666666676
1759723200,48.77,49.42,48.37,48.82,126.101,255.05365,50.35399999999998,47.700599999999866,49.70000000000009
1759737600,49.17,49.17,47.93,48.78,868.547,296.0844,50.38289999999998,47.79899999999988,49.5995238095239
1759752000,48.78,49.48,48.6,49.15,424.832,297.75595000000004,50.42354999999998,47.87699999999988,49.55666666666676
1759766400,49.19,50.22,48.52,49.73,850.124,337.06235000000004,50.448049999999974,47.92939999999988,49.44666666666676
1759780800,49.87,49.87,47.8,47.8,317.648,341.53685,50.46984999999998,47.986999999999874,49.36000000000009
1759795200,47.85,48.01,46.98,46.99,488.465,334.54295,50.48429999999998,48.05539999999987,49.28238095238104
1759809600,46.97,46.97,46.18,46.29,170.51,337.65015000000005,50.50259999999999,48.10779999999988,49.300476190476274
1759824000,46.29,46.45,45.67,46.15,118.847,300.14315,50.52394999999999,48.19479999999988,49.21523809523819
1759838400,46.14,46.33,44.84,45.67,243.843,299.47165,50.54074999999999,48.30659999999988,49.035238095238185
1759852800,45.7,45.84,44.43,45.25,595.68,319.46395,50.558849999999985,48.31119999999988,48.853809523809616
1759867200,45.26,45.87,45.02,45.39,344.848,325.6997,50.57879999999998,48.32079999999988,48.676666666666755
1759881600,45.09,46.33,45.09,45.96,176.375,326.96725000000004,50.59594999999999,48.28899999999988,48.51809523809533
1759896000,45.87,46.19,45.23,46.19,226.768,312.8781,50.60234999999998,48.25359999999988,48.33285714285723
1759910400,46.19,46.54,46.1,46.15,41.528,307.48615,50.599299999999985,48.209399999999874,48.18571428571437
1759924800,46.21,46.93,45.72,46.08,364.868,320.45505,50.59259999999998,48.183599999999885,48.0742857142858
1759939200,46.06,47.5,45.88,46.78,537.591,339.3092500000001,50.590749999999986,48.134599999999885,47.95238095238104
1759953600,46.9,46.97,46.17,46.46,354.466,350.43250000000006,50.58654999999999,48.11619999999988,47.808095238095326
1759968000,46.46,46.87,45.19,45.59,148.031,325.5998000000001,50.580249999999985,48.10159999999988,47.60714285714295
1759982400,45.33,45.87,45.32,45.32,63.949,325.2939500000001,50.581949999999985,48.12279999999988,47.37571428571437
1759996800,45.59,45.59,44.65,44.65,48.36,325.56905000000006,50.57174999999998,48.13539999999987,47.23476190476199
1760011200,44.64,44.91,42.96,43.25,286.067,333.5673500000001,50.56949999999999,48.15079999999987,47.05333333333342
1760025600,43.25,43.84,42.46,43.65,621.574,321.2187,50.57034999999999,48.19319999999988,46.9242857142858
1760040000,43.66,44.65,43.66,44.35,220.998,311.027,50.56979999999999,48.18779999999988,46.758571428571514
1760054400,44.3,44.75,44.03,44.45,94.979,273.26975000000004,50.551599999999986,48.184999999999874,46.49761904761913
1760068800,44.59,44.6,43.47,44.11,105.077,262.6412,50.54009999999998,48.17079999999987,46.251428571428654
1760083200,44.08,44.76,43.89,44.76,40.294,240.23265,50.51224999999999,48.12559999999988,46.04047619047628
1760097600,44.76,45.74,42.37,43.06,204.179,241.9161,50.48444999999999,48.04299999999987,45.816666666666755
1760112000,42.86,43.58,42.39,42.83,252.692,248.60835000000003,50.46529999999998,47.97659999999987,45.549047619047705
1760126400,43.3,43.31,35.35,38.84,2298.444,351.3384,50.42984999999999,47.90779999999988,45.4042857142858
1760140800,38.34,40.61,37.47,40.61,563.628,349.7358,50.394899999999986,47.838799999999885,45.217142857142946
1760155200,40.61,41.02,38.92,39.75,586.67,361.82689999999997,50.37174999999999,47.750999999999884,45.052380952381036
1760169600,39.75,40.43,39.5,40.25,65.645,356.2904,50.34639999999999,47.62779999999988,44.7042857142858
1760184000,40.05,40.16,38.14,38.68,339.01,361.90250000000003,50.32069999999999,47.479599999999884,44.46333333333342
1760198400,38.14,38.63,36.63,36.63,396.195,379.63585,50.298149999999985,47.26379999999988,44.20142857142866
1760212800,36.85,37.95,34.5,37.41,1278.991,425.342,50.26584999999999,47.053399999999876,43.95666666666676
1760227200,37.44,37.89,36.05,37.89,390.849,418.0049,50.230850000000004,46.83639999999988,43.61000000000009
1760241600,37.36,43,37.35,38.35,602.964,430.4298,50.1815,46.62579999999987,43.154761904762
1760256000,38.34,38.83,35.55,37.64,229.886,434.52254999999997,50.14669999999999,46.41239999999987,42.73857142857152
1760270400,37.66,39.76,37.61,39.75,202.405,441.44534999999996,50.10464999999999,46.15319999999987,42.348571428571525
1760284800,39.75,41.41,39.75,40.29,362.113,457.1329999999999,50.06079999999999,45.88599999999987,41.94714285714295
1760299200,40.3,40.86,39.52,40.46,460.229,465.8410999999998,50.00249999999999,45.64179999999987,41.52714285714295
1760313600,40.02,40.48,39.34,39.99,408.318,455.17829999999975,49.93354999999999,45.41139999999987,41.249047619047715
1760328000,39.97,42.22,38.32,41.76,862.142,487.2354999999998,49.86434999999999,45.184199999999876,41.009523809523905
1760342400,42.22,42.69,39.97,39.97,149.042,489.93864999999977,49.80079999999999,44.99639999999987,40.810000000000095
1760356800,40.44,41.29,40.18,40.51,139.767,491.6731499999998,49.735399999999984,44.832599999999886,40.654761904762005
1760371200,40.53,42.43,39.64,42.25,640.916,521.7042499999998,49.66514999999998,44.67579999999988,40.564761904762
1760385600,41.99,43.77,41.75,42.67,558.761,539.4333499999998,49.59239999999999,44.50059999999988,40.35619047619058
1760400000,42.76,43.07,41.3,41.45,967.517,575.1745999999997,49.52574999999999,44.352199999999876,40.168571428571525
1760414400,41.3,41.3,38.65,38.77,220.124,471.2585999999998,49.465499999999984,44.145599999999874,40.0800000000001
1760428800,38.77,39.25,38,38.25,118.131,448.9837499999997,49.39859999999999,43.922999999999874,39.98047619047629
1760443200,38.26,39.95,37.67,39.95,366.426,437.97154999999964,49.337499999999984,43.77959999999988,39.90380952380962
1760457600,39.93,40.63,39.16,39.93,408.82,455.13029999999964,49.265199999999986,43.64499999999988,39.71047619047629
1760472000,39.29,40.08,39.29,39.88,447.602,460.55989999999963,49.18999999999998,43.51339999999988,39.68238095238105
1760486400,39.64,39.8,38.59,39.42,225.47,452.02364999999963,49.12559999999998,43.32619999999988,39.65095238095249
1760500800,39.29,39.96,38.79,39.96,228.31,399.48959999999965,49.059699999999985,43.11659999999988,39.65952380952391
1760515200,39.96,41.14,39.96,40.93,180.642,388.97924999999964,48.99084999999998,42.939199999999886,39.64190476190487
1760529600,40.43,40.43,38.77,39.25,347.604,376.21124999999967,48.90419999999998,42.76219999999987,39.677142857142954
1760544000,39.22,39.25,38.36,39,232.722,376.3530499999996,48.81434999999998,42.57679999999988,39.83571428571439
1760558400,39.07,39.24,37.13,37.37,220.695,377.26754999999963,48.735849999999985,42.37059999999988,40.00333333333343
1760572800,37.51,38,37.36,37.99,199.049,369.1143499999996,48.66384999999998,42.21379999999987,40.068095238095346
1760587200,37.68,38.15,37.47,37.95,399.826,366.0941999999996,48.58724999999998,42.09259999999988,40.09904761904772
1760601600,37.96,38.76,37.16,38.76,617.209,376.5387499999996,48.502999999999986,41.95179999999988,40.08619047619057
1760616000,38.76,39.49,38.12,38.12,680.176,367.4404499999996,48.416049999999984,41.80879999999988,40.00238095238105
1760630400,38.53,38.64,37.21,37.4,395.902,379.78344999999956,48.33494999999999,41.64279999999987,39.890952380952484
1760644800,37.54,37.71,36.31,36.96,470.13,396.3015999999996,48.24184999999999,41.49759999999988,39.8100000000001
1760659200,36.73,37.95,36.73,37.37,230.461,375.7788499999996,48.15374999999999,41.34879999999986,39.72095238095248
1760673600,37.85,37.85,34.06,34.06,549.084,375.29499999999956,48.06035,41.20479999999987,39.51333333333344
1760688000,34,35.94,33.71,35.83,248.657,339.3519999999996,47.96019999999999,41.04339999999986,39.370000000000104
1760702400,35.42,36.35,33.96,35.37,327.643,344.7279499999996,47.872449999999986,40.868399999999866,39.22047619047629
1760716800,35.37,36.4,34.63,35.12,479.683,362.8055499999996,47.78329999999999,40.685999999999865,38.8304761904763
1760731200,35.16,36.28,35.16,35.72,88.931,348.9307999999995,47.69414999999999,40.49779999999986,38.504761904762006
1760745600,35.57,35.96,35.06,35.06,466.987,351.83914999999956,47.59579999999999,40.249799999999865,38.2152380952382
1760760000,35.09,35.56,34.77,35.55,117.069,335.3124999999996,47.49779999999999,40.05459999999986,38.041428571428675
1760774400,35.56,36.26,35.56,36.25,26.826,325.3802999999996,47.40519999999999,39.85559999999986,37.920952380952485
1760788800,36.29,36.36,35.38,36.35,108.797,319.40464999999955,47.29594999999998,39.66499999999987,37.68809523809534
1760803200,36.15,36.49,35.56,36.09,193.944,320.06974999999954,47.20134999999999,39.51439999999987,37.47952380952391
1760817600,36.5,36.76,36.13,36.6,37.255,304.55229999999955,47.1035,39.34259999999987,37.306666666666764
1760832000,36.43,37.02,36.42,37.01,66.457,296.23904999999957,47.00674999999998,39.166599999999875,37.160476190476295
1760846400,36.74,37.02,36.43,37,61.856,288.2970999999996,46.91194999999999,39.002599999999866,36.976190476190574
1760860800,37.01,37.36,36.42,37.35,101.875,283.4383999999996,46.811399999999985,38.847399999999865,36.7700000000001
1760875200,37.35,38.6,37.26,38.55,194.12,273.1530999999996,46.719249999999995,38.673999999999864,36.66333333333343
1760889600,38.54,38.8,38,38,773.657,280.9754999999996,46.625599999999984,38.54479999999987,36.56809523809534
1760904000,38.33,38.48,37.82,38,660.231,279.97824999999955,46.53874999999999,38.42839999999987,36.567142857142954
1760918400,38.29,38.29,36.99,37.96,155.614,267.9638499999995,46.45364999999999,38.39159999999987,36.593809523809625
1760932800,38.18,39.05,38.18,38.56,59.362,247.42544999999956,46.37054999999999,38.326399999999865,36.59619047619057
1760947200,38.68,39.05,37.99,38.46,155.586,243.68169999999955,46.28609999999999,38.302399999999864,36.560000000000095
1760961600,38.54,39.57,38.53,39.16,294.919,230.97344999999956,46.198349999999984,38.25739999999986,36.55238095238104
1760976000,39.16,39.16,37.35,38.15,283.917,232.73644999999956,46.115599999999986,38.243799999999865,36.60761904761914
1760990400,38.18,38.35,37.82,38.13,23.426,217.52559999999957,46.03499999999998,38.27039999999986,36.67904761904771
1761004800,37.87,38.34,37.1,37.12,140.292,200.55604999999957,45.95074999999999,38.29339999999986,36.764285714285805
1761019200,37.09,37.09,35.56,35.99,141.77,203.19799999999958,45.86824999999998,38.304799999999865,36.95904761904771
1761033600,35.95,36.33,35.83,35.95,66.18,183.15764999999956,45.78429999999999,38.32099999999986,37.06857142857152
1761048000,36.36,38.18,36.25,38.18,280.045,191.30644999999956,45.70579999999999,38.33119999999986,37.15190476190485
1761062400,38.1,38.34,37.03,37.36,128.902,196.41024999999956,45.619699999999995,38.29879999999986,37.19333333333342
1761076800,37.03,37.03,35.64,35.64,64.01,194.17089999999956,45.53779999999999,38.235399999999856,37.2042857142858
1761091200,35.79,35.79,35,35.37,1145.514,241.74939999999955,45.44884999999999,38.145999999999866,37.35285714285723
1761105600,35.37,35.37,34.56,34.76,126.015,246.18739999999957,45.36244999999999,38.06519999999986,37.439047619047706
1761120000,35.13,35.96,35.09,35.96,58.826,245.80584999999957,45.26959999999999,37.993599999999866,37.41000000000009
1761134400,35.96,37.09,35.81,36.6,266.157,256.0208999999996,45.159399999999984,37.94139999999987,37.36333333333342
1761148800,36.6,36.81,35.96,36.15,332.096,267.5319499999996,45.03869999999999,37.84399999999986,37.30000000000009
1761163200,36.14,36.57,35.16,36.56,437.199,279.6858999999996,44.932349999999985,37.70639999999987,37.269523809523896
1761177600,36.22,38.29,36.22,37.82,196.702,250.8381499999996,44.82699999999998,37.548199999999866,37.250000000000085
1761192000,37.81,39.56,37.41,38.78,1008.639,268.2585499999996,44.714749999999974,37.43839999999987,37.209523809523894
1761206400,39.35,39.54,38.87,38.87,140.162,267.48594999999966,44.591099999999976,37.39499999999987,37.17190476190484
1761220800,38.78,40.86,38.76,39.94,393.02,284.1688499999997,44.46969999999998,37.35299999999987,37.13714285714294
1761235200,40.31,40.61,39.32,39.66,843.166,318.54784999999964,44.35934999999998,37.28519999999987,37.1742857142858
1761249600,39.7,40.35,39.31,40.35,134.954,310.54959999999966,44.25614999999998,37.24299999999987,37.21571428571437
1761264000,40.35,40.36,39.38,39.62,123.479,302.52769999999964,44.15539999999998,37.220999999999876,37.31000000000009
1761278400,39.48,40.76,39.48,40.3,122.903,307.5015499999996,44.053899999999985,37.20999999999988,37.36238095238104
1761292800,40.29,40.29,39.88,39.88,187.667,309.87029999999965,43.957199999999986,37.20959999999988,37.45238095238104
1761307200,39.88,42.57,39.67,41.6,405.919,323.0777499999996,43.868949999999984,37.18419999999988,37.474285714285806
1761321600,41.58,42.74,39.17,39.2,538.293,346.68339999999955,43.780899999999995,37.20619999999989,37.57666666666676
1761336000,39.49,39.9,39.31,39.65,68.916,336.12694999999957,43.696049999999985,37.21859999999989,37.660000000000096
1761350400,39.59,39.97,39.01,39.97,511.835,355.2735999999996,43.613449999999986,37.27719999999989,37.873333333333434
1761364800,40,40.23,39.96,40.23,20.543,353.10024999999956,43.53664999999999,37.314999999999884,38.02619047619058
1761379200,40.1,40.82,40.09,40.82,43.528,298.00094999999953,43.46034999999998,37.38799999999989,38.202380952381056
1761393600,40.82,42.03,40.82,41.25,1237.248,353.5625999999996,43.388199999999976,37.39679999999989,38.287619047619145
1761408000,41.28,43.58,41.16,43.58,991.522,400.19739999999956,43.31579999999998,37.42739999999989,38.424285714285816
1761422400,43.57,44.74,43.2,44.29,301.544,401.96674999999954,43.25259999999999,37.478799999999886,38.67095238095248
1761436800,44.65,44.87,43.44,43.5,813.928,426.0583499999995,43.18044999999998,37.54419999999989,38.95095238095248
1761451200,43.65,44.64,43.47,44.64,72.113,407.80404999999956,43.11619999999999,37.613199999999885,39.37095238095248
1761465600,44.64,47.9,44.64,47.9,663.718,431.15484999999956,43.05459999999999,37.75699999999989,39.76761904761915
1761480000,47.67,48.86,46.94,47.57,736,417.5228999999996,43.000649999999986,37.91199999999989,40.09619047619058
1761494400,47.56,47.96,47.02,47.78,877.45,454.3872999999996,42.95449999999999,38.09039999999989,40.50047619047629
1761508800,47.62,48.5,46.54,47.5,2317.565,550.6145499999996,42.91539999999999,38.25799999999989,41.0404761904763
1761523200,47.39,50,47.39,48.36,3689.499,692.9311999999996,42.88689999999999,38.43639999999989,41.504761904762006
1761537600,48.42,49.66,47.56,47.86,714.751,721.9210499999997,42.867549999999994,38.69319999999989,41.933333333333444
1761552000,47.81,47.9,46.44,47.9,449.017,738.1979499999997,42.846049999999984,38.933599999999885,42.344285714285824
1761566400,47.84,48.06,46.41,46.73,140.183,739.0619499999997,42.829849999999986,39.164199999999894,42.7452380952382
1761580800,46.84,47.95,45.9,46.64,1815.449,820.4510499999997,42.835599999999985,39.38719999999989,43.13571428571439
1761595200,46.65,48.99,45.96,46.6,2383.632,919.3366999999996,42.82859999999999,39.63259999999989,43.4952380952382
1761609600,46.6,47.9,46.6,47.55,219.399,903.3919999999996,42.82469999999999,39.85779999999989,43.833809523809634
1761624000,47.56,47.96,47.16,47.36,28.843,901.3883499999996,42.824449999999985,40.07559999999989,44.13571428571439
1761638400,47.35,48.27,47.35,48.11,92.428,880.4179999999997,42.84114999999999,40.27019999999989,44.45571428571439
1761652800,48.11,49.25,47.9,47.9,187.627,888.7721999999997,42.855699999999985,40.45599999999989,44.739047619047724
1761667200,48.13,48.87,46.72,46.89,260.572,899.6243999999997,42.871149999999986,40.61699999999989,45.127619047619156
1761681600,46.65,48.24,46.45,48.22,100.822,842.8030999999997,42.88304999999998,40.807999999999886,45.5304761904763
1761696000,48.19,48.57,48,48.05,439.08,815.1809999999997,42.88699999999998,40.99519999999988,45.90809523809534
1761710400,48.57,48.57,47.88,47.88,21.032,801.1553999999996,42.893549999999976,41.198199999999886,46.225238095238204
1761724800,47.8,49.28,47.44,49.28,212.314,771.0746999999997,42.89929999999998,41.38499999999989,46.57761904761916
1761739200,49.28,49.58,47.04,47.04,817.374,808.3377499999997,42.908349999999984,41.553599999999896,46.901428571428674
1761753600,47.04,48.76,46.38,48.36,731.891,811.7463999999997,42.931499999999986,41.73479999999989,47.106190476190584
1761768000,48.11,49.58,46.9,47.79,2154.435,882.6681499999997,42.95699999999999,41.93279999999989,47.34380952380963
1761782400,47.79,48.67,47.77,48.65,31.607,840.3759999999996,42.98319999999999,42.127799999999894,47.51238095238106
1761796800,48.25,49.57,47.22,49.57,112.952,730.1453499999996,43.014749999999985,42.370999999999896,47.68952380952391
1761811200,49.57,49.89,47.83,47.83,395.775,565.4591499999996,43.04264999999999,42.5919999999999,47.68428571428582
1761825600,47.83,47.99,45,45.31,319.718,545.7074999999996,43.081099999999985,42.840199999999896,47.735714285714394
1761840000,45.34,45.69,43.06,43.3,733.286,559.9209499999996,43.11159999999999,43.03239999999989,47.82095238095249
1761854400,43.01,45.53,42.45,45.53,1522.461,629.0348499999997,43.13324999999999,43.25819999999989,47.83666666666678
1761868800,45.51,46.35,44.8,44.8,782.451,577.3849499999997,43.16959999999999,43.53679999999989,47.69142857142868
1761883200,45.19,45.57,44.29,44.29,224.094,469.40804999999966,43.187899999999985,43.78599999999989,47.47428571428583
1761897600,44.24,44.79,43.47,43.85,1768.646,546.8703999999997,43.20404999999999,43.996999999999886,47.36142857142868
1761912000,44.11,44.97,43.32,44.37,115.106,551.1835499999996,43.22619999999999,44.14379999999989,47.26952380952392
1761926400,44.24,44.28,42.7,43.43,200.499,556.5870999999996,43.243149999999986,44.32239999999989,47.15761904761915
1761940800,43.43,44.21,43.43,43.72,113.299,552.8706999999997,43.24729999999999,44.49539999999989,47.02666666666677
1761955200,43.66,44.47,43.16,43.92,75.907,543.6374499999996,43.24314999999999,44.64999999999989,46.8752380952382
1761969600,43.92,44.31,43.68,44.29,45.468,540.8697499999996,43.24324999999999,44.77059999999989,46.68809523809535
1761984000,43.88,44.04,43.31,43.59,73.76,522.6037499999996,43.237999999999985,44.88239999999989,46.47904761904773
1761998400,43.63,43.84,43,43.51,181.142,530.6092499999997,43.23244999999999,44.97359999999989,46.28952380952392
1762012800,43.57,44.37,43.28,43.79,102.965,525.1417999999996,43.220899999999986,45.04919999999989,46.1657142857144
1762027200,43.68,43.82,43.01,43.46,227.41,495.6435999999997,43.21874999999999,45.134399999999886,45.94523809523821
1762041600,43.04,43.04,42.47,42.86,532.705,485.6842999999997,43.21519999999999,45.21319999999989,45.72904761904773
1762056000,43.06,43.56,43.06,43.06,250.476,390.48634999999973,43.195949999999996,45.292599999999894,45.53428571428583
1762070400,43.45,43.45,41.75,42.76,122.247,395.0183499999997,43.18299999999999,45.35679999999989,45.257142857142966
1762084800,42.76,43.24,41.88,41.88,183.8,398.56074999999976,43.165049999999994,45.43499999999989,45.05809523809535
1762099200,42.13,42.13,41.21,41.45,148.403,386.19214999999974,43.143399999999986,45.472199999999894,44.805714285714394
1762113600,41.67,42.8,41.22,42.63,374.67,388.9397499999998,43.12154999999998,45.54539999999989,44.566190476190584
1762128000,42.65,42.65,40.29,40.3,406.183,372.5845999999998,43.107799999999976,45.613599999999884,44.24380952380963
1762142400,40.3,41.63,40.3,41.63,176.546,305.2888499999998,43.08589999999998,45.66939999999989,43.85714285714297
1762156800,41.25,41.25,40.69,41.21,81.431,270.23784999999975,43.06579999999998,45.70239999999989,43.609523809523914
1762171200,41.21,41.82,38.02,39.14,335.472,275.80674999999974,43.04649999999999,45.71499999999989,43.370952380952495
1762185600,39.29,41.2,38.48,40.04,1261.951,250.47199999999975,43.034849999999985,45.7425999999999,43.29142857142868
1762200000,40,40.3,39.35,40.14,400.649,264.74914999999976,43.01699999999999,45.676999999999886,43.08571428571439
1762214400,39.7,40.52,39.17,40.52,109.798,260.2140999999998,42.994199999999985,45.62379999999989,42.816190476190584
1762228800,40.52,40.89,37,37.59,2430.556,376.0769499999998,42.98564999999998,45.57799999999989,42.61380952380963
1762243200,37.61,38.69,36.95,38.69,983.493,421.4562499999997,42.95784999999998,45.46799999999989,42.437142857142966
1762257600,38.11,40,37.12,38.83,557.856,447.07564999999965,42.93869999999997,45.31079999999989,42.253809523809636
1762272000,39.23,39.23,36.57,37.47,1495.874,518.1813499999996,42.917949999999976,45.16219999999989,41.975714285714396
1762286400,37.46,39.15,35.52,39.14,382.891,528.2687999999996,42.88609999999997,45.01699999999989,41.73619047619059
1762300800,39.11,40.29,37.58,40.16,344.843,540.3626999999997,42.84739999999997,44.81879999999989,41.49380952380964
1762315200,40.32,41.19,39.67,40.44,245.733,541.2788499999997,42.809749999999966,44.6253999999999,41.16904761904773
1762329600,40.17,41.56,39.45,41.56,933.332,561.3101999999997,42.77289999999997,44.444799999999894,40.95714285714297
1762344000,41.46,42.09,40.83,42.09,212.696,559.4211999999997,42.723049999999965,44.2361999999999,40.797619047619165
1762358400,42.17,42.2,41.5,41.59,739.442,590.2809499999997,42.67074999999996,44.084399999999896,40.63809523809535
1762372800,41.72,41.72,40.87,41.34,677.351,614.9584999999998,42.618799999999965,43.954799999999906,40.547619047619165
1762387200,41.42,41.49,40.52,41.11,86.773,611.8769999999997,42.55494999999996,43.831599999999895,40.5109523809525
1762401600,40.96,40.96,39.67,39.67,63.969,596.3419499999998,42.50249999999996,43.711799999999904,40.4409523809525
1762416000,39.63,40.25,39,40.25,952.257,623.6456499999997,42.44764999999996,43.6063999999999,40.373333333333456
1762430400,39.67,40.43,38.91,38.91,241.901,626.9133999999997,42.396849999999965,43.47599999999991,40.33666666666679
1762444800,39.05,39.17,37.76,38.61,367.968,641.2402499999997,42.35074999999996,43.34479999999991,40.25190476190488
1762459200,38.78,39,38.3,38.64,131.049,631.0190999999998,42.31444999999996,43.229199999999906,40.138571428571545
1762473600,38.84,39.48,38.48,39.16,45.983,570.2206999999999,42.27444999999996,43.05819999999991,40.07238095238107
1762488000,38.48,40.17,38.46,40.17,273.04,563.84025,42.22729999999997,42.9021999999999,39.928571428571544
1762502400,40.17,40.52,38.54,38.83,199.111,568.3059,42.18234999999997,42.72279999999991,39.806190476190594
1762516800,38.98,40.85,37.82,40.46,489.137,471.2349499999999,42.13134999999997,42.50939999999991,39.80714285714297
1762531200,40.49,42.96,40.18,42.96,479.614,446.0409999999999,42.087599999999966,42.3413999999999,39.813333333333446
1762545600,43.09,43.52,42.39,42.64,497.72,443.0341999999999,42.03644999999996,42.157399999999896,39.7509523809525
1762560000,42.53,43.1,41.76,42.48,66.193,371.5501499999999,41.98709999999996,42.0049999999999,39.74809523809536
1762574400,42.69,42.75,40.6,40.97,86.024,356.70679999999993,41.938799999999965,41.8085999999999,40.00380952380964
1762588800,41,41.56,40.99,41.56,9.72,339.95064999999994,41.890849999999965,41.6263999999999,40.19190476190489
1762603200,41.29,41.55,39.86,40.41,146.207,334.97434999999996,41.84579999999996,41.52899999999989,40.36571428571441
1762617600,40.26,40.87,39.92,40.36,67.157,291.6655999999999,41.78844999999997,41.47559999999989,40.532380952381075
1762632000,40.06,40.56,40,40.56,45.759,283.31874999999997,41.73254999999997,41.45919999999989,40.64761904761916
1762646400,40.17,40.41,39.5,39.7,63.143,249.50379999999996,41.70024999999996,41.36799999999988,40.65952380952393
1762660800,40.07,40.36,39.71,40.16,130.247,222.1486,41.66644999999996,41.303199999999876,40.6557142857144
1762675200,40.14,40.37,39.5,39.81,30.441,219.33199999999997,41.638699999999965,41.225599999999886,40.60809523809536
1762689600,39.87,41.19,39.73,40.81,107.452,221.50615,41.602899999999956,41.15579999999988,40.49428571428583
1762704000,41.11,42.24,40.85,42.24,59.007,176.84364999999997,41.56704999999995,41.079599999999886,40.42619047619059
1762718400,42.24,42.93,41.76,41.88,123.356,170.91639999999998,41.524999999999956,41.00499999999988,40.353333333333445
1762732800,41.88,43.06,41.75,43.06,63.827,155.70935,41.48289999999995,40.933799999999884,40.33904761904773
1762747200,43.08,43.08,42.66,42.66,16.869,150.00035,41.43994999999995,40.851599999999884,40.46142857142869
1762761600,42.51,42.59,41.89,42,167.078,156.05509999999998,41.38979999999996,40.78199999999988,40.539047619047736
1762776000,42.12,42.48,41.25,41.32,61.719,145.48905,41.35159999999996,40.75499999999989,40.73666666666678
1762790400,41.32,41.7,41.06,41.7,90.343,140.05065,41.315699999999964,40.72239999999989,40.92952380952392
1762804800,41.7,42.2,41.18,41.72,104.137,120.80064999999999,41.288299999999964,40.707799999999885,41.089523809523925
1762819200,41.25,42.16,40.7,41.88,115.243,102.5821,41.26874999999996,40.69179999999989,41.19238095238107
1762833600,41.25,41.45,39.98,40.11,98.636,82.62789999999998,41.249799999999965,40.674599999999884,41.26523809523822
1762848000,39.94,40.33,39.93,40.33,78.131,83.22479999999999,41.238849999999964,40.63979999999988,41.402857142857265
1762862400,40.33,40.33,39.79,39.95,178.23,87.83509999999998,41.22519999999996,40.61859999999989,41.47047619047631
1762876800,39.88,39.97,39.01,39.5,97.126,92.20539999999998,41.20539999999996,40.61539999999989,41.334761904762026
1762891200,39.25,39.29,38.54,39.03,130.225,91.40629999999999,41.181049999999956,40.62399999999988,41.224761904762026
1762905600,38.99,39.56,38.51,39.45,221.849,99.14089999999999,41.15879999999996,40.573599999999885,41.10428571428584
1762920000,39.4,39.5,39.4,39.42,25.156,98.11074999999998,41.13699999999995,40.574199999999884,41.03428571428584
1762934400,39.58,40.82,39.58,40.28,107.759,100.34154999999998,41.112499999999955,40.540599999999884,40.91380952380965
1762948800,40.54,40.54,38.79,38.79,189.486,103.30349999999999,41.08074999999996,40.50639999999988,40.86809523809536
1762963200,38.79,39.25,37.7,38.43,238.448,113.70384999999999,41.05444999999995,40.504199999999884,40.82333333333346
1762977600,38.75,38.88,38.33,38.53,44.716,110.56705,41.02759999999996,40.49239999999988,40.81000000000012
1762992000,38.55,38.89,37.83,38.74,109.524,113.09289999999999,41.00184999999996,40.47799999999988,40.766666666666794
1763006400,38.75,39.78,38.75,39.18,92.011,111.52564999999997,40.980749999999965,40.47319999999988,40.68428571428584
1763020800,39.34,39.35,38.79,39.09,125.414,114.60499999999999,40.95974999999996,40.49719999999988,40.62333333333346
1763035200,39.28,39.37,38.19,38.19,339.391,130.7311,40.935099999999956,40.49199999999988,40.52476190476203
1763049600,38.44,38.44,36.76,37.7,129.657,128.86005,40.91424999999996,40.48599999999988,40.37904761904775
1763064000,37.5,39.29,37.24,38.75,203.423,135.94525,40.887649999999965,40.51139999999989,40.24619047619061
1763078400,38.54,38.54,37.77,37.77,46.757,133.76595,40.85599999999996,40.51219999999988,40.01428571428584
1763092800,37.84,38.05,36.46,37.77,278.686,142.4934,40.83334999999996,40.49079999999988,39.77809523809537
1763107200,37.7,37.7,36.74,36.85,191.973,146.3299,40.81289999999996,40.44579999999988,39.62333333333346
1763121600,36.85,37.92,36.22,37.92,204.655,151.63085,40.81459999999997,40.36859999999988,39.454285714285845
1763136000,38.05,38.26,36.82,37.88,259.99,160.72380000000004,40.806999999999974,40.30179999999988,39.267142857142986
1763150400,37.94,38.33,37.12,37.27,92.033,156.41395000000003,40.79919999999997,40.22539999999988,39.03523809523823
1763164800,37.67,38.79,37.67,38.79,59.225,154.5189,40.78644999999997,40.153999999999876,38.8466666666668
1763179200,38.51,39.52,38.51,39.24,218.56,158.93565,40.786799999999964,40.068799999999875,38.74047619047632
1763193600,38.92,39.47,38.35,38.58,198.501,157.76825000000002,40.79249999999996,40.03379999999988,38.59476190476204
1763208000,38.49,39.49,38.44,39.49,303.284,171.67465,40.794299999999964,39.986399999999875,38.53952380952395
1763222400,39.47,39.47,38.38,38.46,291.623,180.86785000000003,40.78909999999997,39.95359999999988,38.527142857143
1763236800,38.92,38.92,38.35,38.57,90.095,175.8983,40.78694999999997,39.95719999999987,38.50571428571442
1763251200,38.33,38.97,38.09,38.74,101.828,169.06730000000002,40.788149999999966,39.96919999999987,38.50761904761919
1763265600,38.93,39.16,38.93,39.16,38.082,168.73560000000003,40.775749999999974,39.95759999999987,38.4619047619049
1763280000,39.16,40.62,38.94,39.2,240.753,175.29705000000004,40.768249999999966,39.943999999999875,38.38047619047633
1763294400,39.19,39.51,38.16,38.16,67.276,174.06030000000004,40.76214999999996,39.93659999999987,38.378095238095376
1763308800,38.4,38.54,37.48,38.12,196.427,177.61095000000003,40.75509999999996,39.898799999999866,38.412857142857284
1763323200,38.33,38.61,37.65,38.61,59.897,163.63625000000002,40.74374999999997,39.81439999999987,38.44476190476204
1763337600,38.32,38.81,38.2,38.33,217.455,168.02615,40.73619999999997,39.74479999999987,38.41714285714299
1763352000,38.75,39.01,38.28,38.4,50.197,160.36485000000002,40.726499999999966,39.679199999999874,38.3666666666668
1763366400,38.53,38.98,38.47,38.98,14.704,158.76220000000004,40.708949999999966,39.62299999999988,38.34380952380966
1763380800,39.16,39.26,35,37.26,1071.244,198.39010000000002,40.69139999999997,39.554199999999874,38.35047619047633
1763395200,37.25,38.09,37.24,37.87,129.832,195.28305000000003,40.68014999999997,39.51819999999987,38.38380952380966
1763409600,37.54,39.16,37.54,39.16,71.564,188.6285,40.67709999999997,39.477599999999875,38.39476190476204
1763424000,39.16,40.73,38.75,40.22,2036.049,277.43145,40.67644999999997,39.434399999999876,38.37047619047633
1763438400,40.59,41.55,39.81,39.81,310.232,288.34139999999996,40.66974999999997,39.419999999999874,38.37523809523823
1763452800,40.42,41.42,40.42,41.1,29.557,286.85799999999995,40.66174999999996,39.361999999999874,38.48523809523823
1763467200,41.23,41.42,38.42,38.9,436.394,297.74969999999996,40.654349999999965,39.32319999999987,38.59476190476204
1763481600,38.81,39.53,38.11,38.63,204.492,298.0492499999999,40.65214999999998,39.29019999999988,38.6866666666668
1763496000,38.71,39.46,38.71,38.75,547.392,310.25464999999997,40.63864999999998,39.24979999999988,38.869047619047755
1763510400,38.71,38.97,38.33,38.97,55.841,298.46555,40.623349999999974,39.20839999999988,38.87428571428585
1763524800,38.33,38.46,37.77,38.45,168.496,302.38559999999995,40.62289999999998,39.169199999999876,38.84523809523823
1763539200,38.46,38.78,37.96,37.96,60.494,300.3188999999999,40.62899999999998,39.09399999999988,38.853333333333474
1763553600,38.28,38.37,37.4,37.4,122.035,304.51654999999994,40.64119999999998,39.026599999999874,38.828571428571564
1763568000,37.3,37.83,37.03,37.67,177.73,301.3653999999999,40.65674999999998,38.97519999999988,38.82809523809537
1763582400,37.67,38.75,37.67,38.29,138.211,304.91214999999994,40.661499999999975,38.92059999999988,38.799047619047755
1763596800,38.58,39.58,38.53,39.54,52.4,297.71079999999995,40.660849999999975,38.855199999999876,38.73523809523823
1763611200,39.58,39.87,38.89,38.89,98.49,299.64044999999993,40.66399999999998,38.776799999999874,38.66428571428585
1763625600,39.36,39.36,39.15,39.26,33.433,290.43934999999993,40.67184999999997,38.72259999999988,38.62095238095252
1763640000,39.38,39.38,38.46,38.68,121.966,294.02779999999996,40.67929999999998,38.669399999999875,38.6866666666668
1763654400,38.41,38.45,37.55,37.79,193.399,302.96254999999996,40.682249999999975,38.63619999999988,38.723333333333464
1763668800,37.79,38.37,37.5,37.5,151.513,256.976,40.698949999999975,38.63699999999987,38.75428571428585
1763683200,37.94,38.61,37.02,37.02,868.869,293.9278499999999,40.70814999999998,38.63419999999988,38.77095238095252
1763697600,37.02,37.22,33.07,34.1,1110.615,345.8803999999999,40.722749999999984,38.630399999999874,38.741904761904905
1763712000,34.23,34.95,32.18,32.34,590.447,273.60029999999995,40.744849999999985,38.61559999999988,38.67142857142871
1763726400,32.15,34.26,31.54,32.86,525.121,284.3447499999999,40.76069999999998,38.565799999999875,38.66000000000014
1763740800,32.67,34.66,32.28,33.71,142.826,290.00819999999993,40.78169999999998,38.53999999999987,38.48047619047633
1763755200,33.56,34.27,33.16,33.71,395.948,287.98589999999996,40.79734999999997,38.51179999999987,38.15571428571443
1763769600,33.71,34.36,33.33,34.22,58.182,280.6703999999999,40.805049999999966,38.42319999999988,37.80523809523824
1763784000,33.92,34.34,33.3,34.13,56.458,256.12369999999993,40.810799999999965,38.29519999999988,37.51476190476205
1763798400,34.07,34.07,32.89,33.1,26.307,254.64699999999988,40.81544999999996,38.16879999999988,37.162857142857284
1763812800,32.98,32.98,32.01,32.01,492.889,270.8666499999999,40.80294999999997,38.06119999999988,36.94000000000014
1763827200,31.9,32.04,30.59,30.59,335.617,284.6227999999999,40.77959999999997,37.97159999999988,36.725714285714425
1763841600,30.52,30.63,29.27,29.96,662.74,311.6580499999999,40.75889999999996,37.90199999999988,36.456666666666806
1763856000,29.92,31.54,29.9,31.46,80.56,306.79954999999995,40.74069999999996,37.809599999999875,36.12523809523824
1763870400,31.26,31.65,30.47,30.74,75.336,303.65579999999994,40.71649999999996,37.71619999999988,35.750952380952526
1763884800,30.74,31.65,30.74,31.55,29.84,302.52779999999996,40.697599999999966,37.60099999999988,35.37000000000015
1763899200,31.55,31.91,30.67,31.2,89.676,302.0871,40.67824999999996,37.47579999999988,35.08714285714301
1763913600,31.2,31.2,30.15,30.94,110.082,305.91955,40.653949999999966,37.31659999999987,34.757142857143
1763928000,31.14,32.51,31.14,31.76,416.102,320.62635,40.621199999999966,37.188199999999874,34.436190476190625
1763942400,31.75,33.69,31.75,33.23,96.075,315.76014999999995,40.58184999999996,37.05759999999987,34.039047619047764
1763956800,33.02,33.02,31.23,31.89,201.646,318.2668,40.53584999999996,36.912799999999876,33.66047619047634
1763971200,31.5,31.88,31.28,31.28,6.677,275.1572,40.502399999999966,36.75199999999987,33.303333333333484
1763985600,31.23,31.64,30.63,30.84,65.531,222.90299999999996,40.46544999999997,36.599199999999875,33.04380952380968
1764000000,31.06,32.35,31.06,32.35,127.335,199.74739999999997,40.43759999999997,36.44459999999988,32.76285714285729
1764014400,32.36,34.2,31.42,33.81,294.189,188.20079999999996,40.41364999999997,36.339999999999876,32.466666666666825
1764028800,33.47,33.5,32.4,32.4,20.468,182.08289999999994,40.38859999999997,36.206399999999874,32.172380952381104
1764043200,32.4,32.62,32.05,32.05,134.42,169.00649999999996,40.35649999999997,36.057199999999874,32.08904761904777
1764057600,32.11,34.18,31.99,32.65,87.936,170.49419999999998,40.33584999999997,35.89079999999988,32.15904761904777
1764072000,32.74,33.09,31.91,32.15,164.584,175.90049999999997,40.317099999999975,35.7538,32.13714285714301
1764086400,32.09,32.4,31.91,32.15,118.132,180.49174999999997,40.29664999999998,35.6668,32.05809523809539
1764100800,32.15,33.69,32.15,33.69,88.061,160.25034999999997,40.277049999999974,35.552400000000006,32.0076190476192
1764115200,33.89,34.46,33.82,33.94,134.089,150.17394999999996,40.25899999999999,35.421200000000006,31.909047619047772
1764129600,34.03,34.99,34.03,34.91,90.269,121.5504,40.24504999999999,35.30760000000001,31.81476190476206
1764144000,34.54,34.7,33.7,34.17,204.052,127.725,40.226299999999995,35.18260000000001,31.842857142857298
1764158400,33.73,34.09,33.08,33.72,122.723,130.09435000000002,40.20374999999999,35.04600000000001,31.934761904762063
1764172800,33.82,35.45,33.7,34.81,821.186,169.66165,40.177899999999994,34.97460000000001,32.14047619047634
1764187200,34.94,36.11,34.93,35.9,85.872,169.47145,40.144749999999995,34.896000000000015,32.34095238095254
1764201600,35.91,36.43,35.82,35.89,71.84,167.55935000000002,40.111149999999995,34.811000000000014,32.44857142857158
1764216000,35.8,36.08,35.42,35.52,162.971,154.9028,40.079899999999995,34.69000000000001,32.6423809523811
1764230400,35.2,35.52,34.55,34.58,54.566,152.82735000000002,40.05129999999999,34.56820000000001,32.849523809523966
1764244800,35.04,35.07,34.55,35.07,61.893,145.83970000000002,40.02409999999999,34.442400000000006,33.0728571428573
1764259200,34.84,35.94,34.57,35.79,126.531,151.8324,39.99684999999999,34.38240000000001,33.29095238095254
1764273600,35.89,35.94,34.74,34.92,112.125,154.1621,39.96394999999999,34.32760000000001,33.42523809523825
1764288000,34.71,34.74,34.16,34.55,35.688,149.57975000000002,39.938599999999994,34.26300000000001,33.5128571428573
1764302400,34.8,35.46,34.64,34.66,43.044,137.0225,39.910099999999986,34.17520000000001,33.69857142857159
1764316800,34.67,36.17,34.66,35.97,43.031,138.15065,39.89354999999999,34.10760000000001,33.871904761904915
1764331200,35.86,36.62,35.64,35.81,180.07,140.43315,39.872899999999994,34.06420000000001,34.048571428571584
1764345600,35.76,35.76,34.54,34.79,245.878,148.33025000000004,39.84595,34.01460000000001,34.158571428571584
1764360000,34.47,35.1,34.26,35,12.519,140.72700000000003,39.82015,33.952200000000005,34.26142857142873
1764374400,35.07,35.3,34.57,35.05,72.636,138.4522,39.795,33.8796,34.42380952380968
1764388800,34.55,36.21,34.54,35.84,123.47,140.22265,39.76335,33.80820000000001,34.55428571428587
1764403200,35.46,35.46,35.41,35.42,0.773,133.55685,39.718199999999996,33.7466,34.66619047619063
1764417600,36,36.02,34.54,34.55,63.662,132.22650000000002,39.670049999999996,33.6572,34.80428571428587
1764432000,34.62,34.89,34.42,34.88,19.578,123.00280000000001,39.6324,33.583600000000004,34.980000000000146
1764446400,34.49,34.82,34.13,34.14,141.148,123.92405000000001,39.588249999999995,33.528800000000004,35.062380952381105
1764460800,34.28,34.38,33.92,34.29,31.114,84.42045,39.5227,33.4956,35.091428571428715
1764475200,33.71,33.75,33.69,33.75,6.896,80.47165,39.45985,33.4636,35.09000000000015
1764489600,33.91,33.91,33,33,20.702,77.91475,39.3962,33.4726,35.08857142857158
1764504000,33.1,33.52,33.02,33.02,26.201,71.07625,39.33790000000001,33.5234,35.11571428571443
1764518400,33.13,33.95,33.13,33.9,20.023,69.34909999999999,39.2732,33.54900000000001,35.06523809523825
1764532800,33.34,33.34,31.71,31.71,123.091,72.40899999999999,39.20665,33.5606,34.92714285714301
1764547200,31.66,32.27,30.73,30.76,131.187,72.64179999999999,39.14155000000001,33.561400000000006,34.79047619047635
1764561600,30.7,31.2,30.3,30.96,164.872,75.27914999999999,39.07860000000001,33.537000000000006,34.713333333333495
1764576000,30.67,31.23,29.84,30.89,241.794,85.58444999999999,39.016850000000005,33.51480000000001,34.576666666666824
1764590400,30.48,30.96,28.75,30.43,394.003,103.13239999999999,38.952600000000004,33.530800000000006,34.37142857142873
1764604800,29.21,30.4,29.17,29.68,97.724,105.86704999999999,38.879850000000005,33.524800000000006,34.14142857142873
1764619200,29.83,31.23,29.83,31.23,20.289,97.878,38.80815,33.528200000000005,33.94952380952397
1764633600,31.4,31.4,30.48,31.24,6.378,85.90299999999999,38.7371,33.54820000000001,33.75333333333349
1764648000,31.22,31.65,31.2,31.65,10.492,85.80165,38.656150000000004,33.53680000000001,33.51619047619064
1764662400,31.65,32.12,31.01,32.02,12.794,82.80955,38.575500000000005,33.53060000000001,33.29047619047635
1764676800,31.83,33.24,30.98,32.6,216.229,87.4475,38.489200000000004,33.49320000000001,33.0728571428573
1764691200,32.64,33.68,32.62,33.67,160.105,95.4141,38.403400000000005,33.49380000000001,32.92333333333349
1764705600,33.03,34.34,32.87,33.98,68.786,95.67030000000001,38.31615000000001,33.49980000000001,32.781428571428734
1764720000,33.99,34.42,33.7,34.38,31.221,96.25245000000001,38.21815000000001,33.49760000000001,32.66476190476207
1764734400,34.55,35.04,34.37,34.59,368.244,107.60725000000002,38.139100000000006,33.47340000000001,32.561428571428735
1764748800,34.41,34.59,34,34,8.484,106.47575000000002,38.05350000000001,33.487600000000015,32.492857142857304
1764763200,33.72,34.53,33.69,34.2,94.094,110.83565000000002,37.972800000000014,33.53540000000001,32.48476190476207
1764777600,34.4,34.51,34.36,34.39,83.085,113.9548,37.88965000000002,33.59820000000001,32.47095238095254
1764792000,34.55,35.36,34.55,34.94,52.325,115.261,37.80480000000001,33.63880000000001,32.46428571428588
1764806400,34.71,36.2,34.57,35.74,23.814,115.45054999999998,37.73400000000001,33.65440000000001,32.460000000000164
1764820800,35.59,35.59,34.86,34.86,11.634,109.87769999999998,37.67735000000001,33.68640000000001,32.49047619047635
1764835200,35.1,35.14,34.86,34.86,4.527,103.54469999999999,37.63275000000001,33.72940000000001,32.5828571428573
1764849600,34.97,34.97,33.95,34.26,55.499,98.07604999999998,37.578050000000005,33.76420000000001,32.71238095238111
1764864000,34.73,34.73,33.62,33.62,111.124,91.54254999999998,37.52405000000001,33.82000000000001,32.7580952380954
1764878400,33.71,33.87,33.08,33.09,48.419,74.26334999999999,37.473600000000005,33.89180000000001,32.9080952380954
1764892800,33.5,33.56,33.5,33.56,3.5,69.55215,37.42630000000001,33.91520000000001,33.07476190476206
1764907200,33.66,33.67,33.41,33.41,6.222,68.8488,37.37915000000001,33.93360000000001,33.201428571428735
1764921600,33.4,33.4,31.74,31.74,73.046,72.1822,37.340700000000005,33.920600000000015,33.30619047619064
1764936000,32.18,32.18,31.4,32.03,103.919,76.85355000000001,37.296400000000006,33.90960000000001,33.45523809523826
1764950400,31.52,31.56,30.75,30.93,258.065,89.11710000000001,37.2511,33.89700000000001,33.632857142857304
1764964800,31.3,31.45,31.15,31.29,35.926,80.10195,37.200950000000006,33.872000000000014,33.657142857143015
1764979200,31.04,31.04,31.03,31.04,22.699,73.23165,37.1511,33.82220000000002,33.69476190476207
1764993600,31.27,31.43,31.27,31.28,18.365,70.7106,37.099000000000004,33.73920000000001,33.66047619047635
1765008000,31.08,31.08,30.76,31.02,9.403,69.6197,37.047850000000004,33.66940000000002,33.625714285714444
1765022400,30.95,31.29,30.95,31.18,17.929,52.10395000000001,36.997600000000006,33.59640000000002,33.55142857142873
1765036800,31.39,31.48,30.96,31.32,35.319,53.44570000000001,36.942,33.520800000000015,33.43761904761921
1765051200,31.27,31.42,30.64,30.71,440.029,70.74245,36.88685,33.425800000000024,33.29666666666682
1765065600,31.1,31.1,30.64,30.64,12.183,67.19735,36.8277,33.35300000000002,33.14428571428587
1765080000,31.06,31.19,30.89,31.19,20.851,65.62365,36.77475,33.282400000000024,32.98857142857158
1765094400,30.64,30.64,29.5,29.57,137.838,71.32485,36.7227,33.21280000000002,32.831904761904916
1765108800,30.11,30.63,28.63,29.95,422.87,91.88664999999999,36.66595,33.11980000000002,32.662380952381106
1765123200,29.93,30.4,29.21,29.91,412.013,112.26094999999998,36.61955,33.01780000000002,32.510000000000154
1765137600,30.04,30.04,28.97,29.4,104.047,114.68834999999999,36.5673,32.93480000000002,32.25428571428587
1765152000,29.79,30.71,29.79,30.23,104.468,114.35555,36.517849999999996,32.85860000000002,31.978571428571577
1765166400,30.23,30.23,29.74,30.1,35.183,113.69375,36.4757,32.74900000000002,31.74285714285729
1765180800,30.46,30.64,30.22,30.22,120.782,119.55785,36.428700000000006,32.631200000000014,31.482857142857288
1765195200,30.18,31.23,29.01,29.26,438.58,141.17575,36.383950000000006,32.521000000000015,31.29095238095253
1765209600,30.14,30.62,29,29,70.864,141.06665,36.32920000000001,32.41800000000001,31.12333333333348
1765224000,29.04,30.48,29.04,29.38,62.897,139.01555000000002,36.29100000000001,32.32500000000002,30.986666666666814
1765238400,29.17,30.13,29,29,88.486,130.5366,36.2471,32.24420000000001,30.78190476190491
1765252800,28.71,29.17,27.86,27.89,222.124,139.8465,36.19995,32.16280000000002,30.571904761904907
1765267200,28.06,28.07,27.67,28.05,118.911,144.65709999999999,36.16375,32.073000000000015,30.459523809523954
1765281600,28.37,28.57,28.02,28.29,96.27,148.55235,36.118550000000006,31.993000000000016,30.315238095238243
1765296000,28.52,29.11,28.52,28.79,593.532,177.7588,36.068850000000005,31.920200000000012,30.17047619047634
1765310400,28.44,28.44,27.84,28.18,152.048,184.46475,36.012950000000004,31.822200000000016,30.016190476190623
1765324800,28.37,29.1,28.01,29.1,154.387,190.41815000000003,35.95015,31.745800000000017,29.885238095238243
1765339200,29.1,30.5,29.01,29.27,101.034,173.46840000000003,35.8866,31.691600000000015,29.766666666666815
1765353600,29.11,29.73,29.11,29.28,18.566,173.78755,35.82365,31.638200000000015,29.63142857142871
1765368000,29.47,29.76,28.88,29.44,32.836,174.3868,35.7564,31.596200000000017,29.532380952381097
1765382400,29.45,29.89,28.82,29.89,55.718,170.28079999999997,35.69109999999999,31.551200000000016,29.434761904762052
1765396800,29.13,29.83,29.13,29.36,67.35,152.5048,35.63419999999999,31.539600000000018,29.36666666666681
1765411200,28.85,28.94,28.44,28.46,28.303,133.31929999999997,35.576899999999995,31.500400000000017,29.30952380952395
1765425600,28.93,28.93,28.02,28.16,13.664,128.80014999999997,35.52324999999999,31.461200000000016,29.247619047619185
1765440000,28.12,28.12,27.38,27.38,92.079,128.1807,35.475699999999996,31.41700000000002,29.237619047619184
1765454400,27.38,27.89,27.2,27.89,28.114,127.82725,35.428850000000004,31.37440000000002,29.166666666666806
1765468800,27.77,28.63,27.77,28.14,107.416,127.15895,35.379450000000006,31.309600000000017,29.083333333333474
1765483200,28.63,29.08,28.63,29.03,6.39,105.54945000000001,35.3258,31.20540000000002,28.987142857143
1765497600,29.11,29.28,28.96,29.28,40.633,104.0379,35.28110000000001,31.08900000000002,28.875714285714427
1765512000,29.34,29.79,29.34,29.79,346.764,118.23125,35.22560000000001,30.94900000000002,28.782380952381097
1765526400,29.82,29.86,29.34,29.86,23.132,114.96355000000001,35.153100000000016,30.81500000000002,28.725714285714428
1765540800,29.87,29.88,28.69,29.09,36.757,105.69520000000003,35.08070000000001,30.69780000000002,28.7266666666668
1765555200,29.4,29.95,29.05,29.05,727.297,136.11450000000002,35.00520000000001,30.594400000000014,28.764285714285847
1765569600,29.11,29.12,28.34,28.81,18.692,132.23560000000003,34.93980000000001,30.492200000000015,28.787142857142992
1765584000,28.53,28.53,28.45,28.45,16.929,103.40545000000002,34.87270000000001,30.389200000000013,28.791428571428707
1765598400,28.29,28.51,28.05,28.05,57.335,98.66980000000002,34.8158,30.271600000000017,28.8466666666668
1765612800,28,28.66,27,28.66,94.435,95.67220000000002,34.76040000000001,30.156200000000013,28.882857142857276
1765627200,28.66,29.48,28.63,29.36,2645.319,222.88645000000002,34.70655000000001,30.040000000000013,28.890476190476328
1765641600,29.15,29.28,28.79,29.28,114.331,227.67470000000003,34.65735000000001,29.93100000000001,28.855238095238228
1765656000,29.15,29.3,28.83,29.21,14.222,226.744,34.60200000000001,29.82760000000001,28.87809523809537
1765670400,29.41,29.41,29.29,29.29,25.274,225.22180000000003,34.54820000000001,29.72680000000001,28.890476190476324
1765684800,28.89,29.06,28.89,29.06,8.605,222.28455,34.48820000000001,29.62880000000001,28.890952380952513
1765699200,29.42,29.42,29.1,29.23,1.967,220.96774999999997,34.41925000000001,29.547800000000006,28.887619047619182
1765713600,29.43,29.88,27.72,29.01,75.992,224.08415,34.35010000000001,29.49860000000001,28.880476190476323
1765728000,28.35,29.28,28.34,29.28,155.486,227.2545,34.27810000000001,29.442200000000007,28.84095238095251
1765742400,29.21,29.27,28.47,28.47,25.296,227.11360000000005,34.211600000000004,29.409400000000005,28.834761904762033
1765756800,28.98,29.28,28.98,29.28,26.657,223.07565000000005,34.14800000000001,29.364800000000006,28.860952380952508
1765771200,29.13,29.21,28.9,28.9,7.93,223.15265000000005,34.08745000000002,29.328600000000005,28.914285714285846
1765785600,29.28,29.6,29.28,29.55,5.218,221.38190000000003,34.02540000000001,29.283200000000008,28.96619047619061
1765800000,29.43,29.43,27.6,27.6,138.78,210.98270000000002,33.962100000000014,29.24840000000001,29.032380952381086
1765814400,27.9,27.91,27,27.44,166.037,218.12795000000006,33.89885000000001,29.19420000000001,29.068571428571556
1765828800,27.47,27.49,27.34,27.49,138.462,223.21320000000006,33.843350000000015,29.153400000000012,29.093333333333465
1765843200,27.49,27.5,26.43,26.51,211.253,197.41100000000006,33.788100000000014,29.11720000000001,29.013333333333463
1765857600,26.5,26.5,26.03,26.03,48.845,198.91865000000004,33.73070000000001,29.095400000000012,28.901428571428703
1765872000,26.47,27.13,26.47,27.13,34.301,199.78725000000003,33.679600000000015,29.023600000000016,28.788571428571554
1765886400,27.13,27.44,27,27.31,120.708,202.95590000000004,33.62895000000001,28.981000000000012,28.665714285714415
1765900800,27.33,27.33,26,26.53,192.05,207.83665000000005,33.57945000000001,28.931800000000017,28.521904761904892
1765915200,26.87,27.02,26.77,26.85,54.939,78.31765000000006,33.520350000000015,28.863800000000015,28.44190476190489
1765929600,26.58,28,26.42,26.93,89.968,77.09950000000006,33.45615000000001,28.796400000000016,28.387619047619175
1765944000,26.7,26.7,26.68,26.7,45.381,78.65745000000007,33.399650000000015,28.73440000000002,28.315238095238225
1765958400,27.53,27.53,27.43,27.43,11.277,77.95760000000007,33.34005000000001,28.67860000000002,28.22904761904775
1765972800,27.47,27.79,26.69,26.69,62.171,80.63590000000008,33.27755000000001,28.60480000000002,28.113333333333465
1765987200,26.95,27.1,24.56,24.91,460.648,103.56995000000006,33.21950000000002,28.556600000000017,27.99047619047632
1766001600,24.5,25.01,24.35,24.35,220.66,110.80335000000007,33.160150000000016,28.515200000000018,27.905714285714414
1766016000,24.39,24.48,24.2,24.25,222.879,114.17300000000007,33.09735000000001,28.46160000000002,27.78190476190489
1766030400,24.56,24.56,23.99,23.99,16.218,113.71910000000007,33.040650000000014,28.430200000000017,27.584285714285844
1766044800,23.98,24.33,23.97,24.33,39.386,114.35555000000006,32.98680000000001,28.406200000000016,27.35190476190489
1766059200,24.67,25.21,24.63,24.95,125.265,120.22230000000006,32.92655000000001,28.34340000000002,27.125238095238224
1766073600,24.63,24.82,22.51,23.14,450.058,142.46430000000007,32.87485000000001,28.264600000000023,26.87333333333346
1766088000,23.17,23.36,22.48,22.48,135.177,142.28415000000007,32.81945000000001,28.173800000000018,26.6761904761906
1766102400,22.39,23.14,21.38,23.14,633.22,165.6433000000001,32.75975000000001,28.090000000000018,26.47000000000013
1766116800,23.22,23.98,23.15,23.88,110.63,164.25170000000008,32.69190000000001,27.99460000000002,26.195714285714416
1766131200,23.94,24.68,23.94,24.68,11.428,154.26045000000008,32.623750000000015,27.90820000000002,25.859047619047754
1766145600,24.33,24.5,23.76,23.77,427.972,173.2168000000001,32.557350000000014,27.785400000000024,25.6466666666668
1766160000,23.93,24.91,23.93,24.91,162.914,179.6474500000001,32.485050000000015,27.64620000000002,25.47714285714299
1766174400,24.92,24.99,24.45,24.99,77.174,177.47075000000012,32.41360000000002,27.51120000000002,25.343333333333465
1766188800,24.77,24.85,24.5,24.52,259.839,180.8602000000001,32.33640000000002,27.401600000000016,25.212857142857267
1766203200,24.75,24.76,24.75,24.76,26.583,179.4424000000001,32.251350000000016,27.32600000000002,25.159523809523936
1766217600,25.19,25.25,24.6,24.6,100.044,179.94620000000012,32.17475000000001,27.23820000000002,25.057619047619173
1766232000,24.68,24.82,24.65,24.79,52.636,180.30895000000012,32.101300000000016,27.18880000000002,24.924761904762033
1766246400,24.79,25.2,24.77,25.12,72.914,183.39080000000013,32.03100000000001,27.13080000000002,24.84047619047632
1766260800,25.06,25.27,23.8,23.8,81.513,184.35790000000014,31.954050000000016,27.058400000000017,24.733333333333462
1766275200,24.21,24.21,23.58,23.88,22.798,162.4654000000001,31.882600000000014,26.973000000000017,24.6314285714287
1766289600,23.82,23.96,23.82,23.96,22.501,152.55745000000013,31.81675000000002,26.879400000000015,24.556190476190608
1766304000,24.25,24.58,24.1,24.23,31.657,142.99635000000015,31.74875000000002,26.779400000000013,24.383333333333468
1766318400,24.08,24.22,23.75,24.06,68.258,145.59835000000015,31.679500000000015,26.684600000000014,24.249523809523943
1766332800,24.19,24.52,24.17,24.52,18.942,144.57615000000015,31.610850000000017,26.578800000000015,24.20428571428585
1766347200,24.12,24.74,24,24.74,125.982,144.61200000000014,31.542800000000014,26.47540000000002,24.198571428571565
1766361600,24.88,24.88,24.51,24.51,271.437,135.68095000000014,31.473500000000016,26.37840000000002,24.189523809523944
1766376000,24.76,25.29,24.63,25.29,24.774,130.16080000000014,31.406200000000016,26.29400000000002,24.214761904762035
1766390400,25.54,25.54,25.01,25.3,12.126,99.10610000000013,31.336250000000014,26.214200000000016,24.234285714285846
1766404800,25.33,25.33,24.39,24.63,134.262,100.28770000000011,31.260250000000013,26.131400000000017,24.213333333333463
1766419200,24.77,25.18,24.71,24.9,124.308,105.93170000000012,31.18030000000001,26.039000000000016,24.31571428571442
1766433600,24.48,24.98,24.48,24.98,7.275,84.89685000000011,31.101550000000017,25.943600000000014,24.450000000000138
1766448000,24.82,24.9,24.45,24.45,34.758,78.48905000000012,31.018650000000015,25.865200000000012,24.520952380952515
1766462400,24.28,24.39,24.18,24.24,164.879,82.87430000000012,30.947850000000013,25.785400000000013,24.569523809523947
1766476800,24.01,24.28,23.87,24.2,69.522,73.35845000000012,30.877250000000014,25.69680000000001,24.58380952380966
1766491200,24.34,24.51,23.8,24.05,677.921,105.92535000000012,30.80995000000001,25.610200000000013,24.61619047619061
1766505600,24.09,24.63,24.08,24.53,56.868,103.76655000000012,30.741600000000016,25.52960000000001,24.584285714285848
1766520000,24.54,24.74,23.94,23.94,51.06,103.68775000000012,30.672500000000017,25.433000000000007,24.5466666666668
1766534400,23.8,24.2,23.73,24.2,41.979,102.14100000000012,30.607200000000017,25.348400000000005,24.524285714285845
1766548800,24.02,24.33,23.81,23.81,120.058,104.06825000000012,30.545100000000016,25.246800000000007,24.513333333333463
1766563200,23.97,23.98,23.92,23.96,11.816,103.51915000000012,30.47900000000002,25.14980000000001,24.481904761904893
1766577600,23.93,24.1,23.87,24.1,119.045,108.34635000000011,30.40875000000002,25.04940000000001,24.453809523809653
1766592000,24.33,24.58,24.1,24.58,522.315,132.87925000000013,30.332050000000017,24.97620000000001,24.3914285714287
1766606400,24.62,25.26,24.6,25.03,165.482,137.74045000000012,30.257850000000015,24.91140000000001,24.39904761904775
1766620800,25.07,25.07,24.9,24.9,99.628,141.77475000000013,30.18420000000002,24.837800000000012,24.40952380952394
1766635200,24.97,24.97,24.66,24.66,8.818,135.91655000000014,30.110500000000016,24.786800000000014,24.43904761904775
1766664000,24.75,24.79,23.47,24.64,644.075,154.54845000000014,30.042550000000016,24.74820000000001,24.477142857142987
1766678400,24.86,25.25,24.85,25.2,53.305,155.97500000000014,29.97410000000001,24.697200000000006,24.517142857142982
1766692800,24.88,25.09,24.11,24.11,70.491,158.89325000000014,29.908800000000014,24.65160000000001,24.523809523809653
1766707200,24.39,24.96,24.39,24.79,41.169,154.2386000000001,29.858800000000016,24.61900000000001,24.519047619047747
1766721600,25.1,25.45,25.01,25.12,38.364,149.9414000000001,29.820000000000014,24.575200000000013,24.551904761904886
1766736000,25.41,25.41,24.92,24.92,27.548,150.95505000000009,29.780850000000015,24.52940000000001,24.495714285714413
1766750400,25.1,25.25,24.88,24.93,20.59,150.2466500000001,29.736800000000013,24.49940000000001,24.4714285714287
1766764800,25.1,25.12,24.71,24.99,179.889,150.99715000000012,29.69155000000001,24.43300000000001,24.494761904762033
1766779200,24.85,25.89,24.8,25.89,215.792,158.31065000000012,29.64365000000001,24.395000000000014,24.495714285714413
1766793600,25.85,26.46,25.82,25.9,898.757,169.35245000000012,29.599000000000014,24.39920000000001,24.49333333333346
1766808000,25.87,26.02,25.78,26.02,74.018,170.2099500000001,29.554050000000014,24.41060000000001,24.519047619047747
1766822400,25.95,26.39,25.95,26.39,49.782,170.14605000000012,29.517950000000013,24.42420000000001,24.597619047619176
1766836800,25.95,26.05,25.66,25.9,340.384,185.06630000000013,29.49060000000002,24.44420000000001,24.67857142857155
1766851200,26.06,26.06,25.46,25.65,707.251,214.42595000000014,29.465400000000017,24.475400000000008,24.772380952381077
1766865600,25.72,26.14,25.72,25.96,146.287,221.14950000000016,29.43275000000002,24.494400000000006,24.860952380952508
1766880000,25.96,26.11,25.66,25.67,358.185,233.10650000000018,29.404000000000014,24.552000000000007,24.954285714285838
1766894400,25.99,25.99,25.71,25.71,14.058,207.69365000000022,29.375700000000016,24.63020000000001,25.023333333333458
1766908800,25.82,26,25.82,25.89,43.908,201.6149500000002,29.349200000000014,24.685400000000005,25.12571428571441
1766923200,25.96,26.06,25.13,25.13,212.553,207.2612000000002,29.324600000000018,24.720800000000004,25.207142857142983
1766937600,25.29,25.39,24.96,24.96,255.344,219.58750000000018,29.29775000000002,24.746400000000005,25.283809523809644
1766952000,25.13,25.29,24.88,25.29,26.56,188.7117500000002,29.261100000000013,24.784400000000005,25.3461904761906
1766966400,25.36,26.25,25.36,26.25,113.63,191.7280000000002,29.229900000000015,24.80040000000001,25.350952380952506
1766980800,26.19,26.31,25.75,26.17,610.205,218.7137000000002,29.203300000000013,24.81840000000001,25.353809523809645
1766995200,26.05,26.05,25.57,25.86,48.467,219.0786000000002,29.17745000000001,24.830600000000008,25.383809523809646
1767009600,25.91,25.94,25.48,25.94,133.196,223.8202000000002,29.144250000000014,24.83460000000001,25.460476190476314
1767024000,26.21,26.41,25.94,25.94,33.498,224.11770000000018,29.104650000000014,24.848400000000012,25.506666666666792
1767038400,25.55,26.07,25.55,25.62,163.512,231.26380000000017,29.06830000000001,24.87760000000001,25.590000000000124
1767052800,25.73,25.73,25.47,25.48,211.199,232.82930000000016,29.03285000000001,24.89860000000001,25.64476190476202
1767067200,25.77,26.36,25.77,26.36,19.533,223.01635000000016,28.996050000000015,24.93980000000001,25.683809523809643
1767081600,26.46,26.6,25.77,25.78,130.165,184.58675000000014,28.966550000000012,24.981000000000012,25.717142857142978
1767096000,25.72,25.91,25.57,25.83,144.783,188.12500000000014,28.936650000000014,25.020600000000012,25.743333333333453
1767110400,25.95,25.95,25.63,25.87,100.106,190.6412000000001,28.897500000000015,25.04840000000001,25.808571428571547
1767124800,25.74,26.06,25.74,25.91,197.981,183.52105000000012,28.857500000000012,25.076800000000013,25.803333333333452
1767139200,25.83,26.12,25.74,25.76,354.943,165.9056500000001,28.812650000000016,25.113600000000016,25.80000000000012
1767153600,25.89,26.01,25.59,25.89,125.139,164.84825000000012,28.76990000000001,25.134400000000014,25.792857142857265
1767168000,25.84,25.89,25.79,25.89,51.5,149.51400000000012,28.728700000000014,25.160800000000012,25.770000000000124
1767182400,25.78,26.13,25.78,25.82,361.615,166.89185000000012,28.686450000000015,25.17240000000001,25.763333333333453
1767196800,26.04,26.04,25.55,25.73,877.715,208.5822000000001,28.635850000000016,25.18460000000001,25.774761904762023
1767211200,25.75,25.82,25.29,25.58,1538.5,274.8795500000001,28.585550000000016,25.20720000000001,25.771428571428686
1767225600,25.51,25.96,25.42,25.42,27.314,263.4780500000001,28.53730000000002,25.22700000000001,25.778571428571542
1767240000,25.4,25.8,25.3,25.56,111.35,267.71755000000013,28.493950000000012,25.245200000000015,25.77952380952393
1767254400,25.79,25.79,25.79,25.79,5.82,262.3270500000001,28.447400000000016,25.272600000000015,25.76476190476202
1767268800,25.77,25.77,24.1,24.18,502.568,256.9452000000001,28.397900000000018,25.302400000000016,25.778571428571542
1767283200,24.26,24.66,23.91,24.12,784.923,293.76800000000014,28.352750000000015,25.33000000000002,25.807142857142974
1767297600,24.39,24.49,23.77,24.28,193.54,296.78520000000015,28.309100000000015,25.35740000000002,25.830952380952496
1767312000,24.18,24.58,23.97,24.33,117.908,301.00570000000016,28.264450000000014,25.37800000000002,25.73238095238107
1767326400,24.66,24.8,24.66,24.78,5.186,293.0894000000002,28.212500000000013,25.415000000000017,25.63476190476202
1767340800,24.93,24.93,24.93,24.93,0.401,282.5495000000002,28.160550000000015,25.414600000000018,25.559523809523924
1767355200,24.72,24.72,24.25,24.27,221.378,292.6417500000001,28.114400000000014,25.42080000000002,25.482857142857256
1767369600,24.54,24.85,24.47,24.73,95.453,290.90615000000014,28.068350000000013,25.42720000000002,25.427619047619164
1767384000,24.78,24.78,24.26,24.57,90.164,288.17520000000013,28.01400000000002,25.43180000000002,25.39476190476202
1767398400,24.67,24.67,24.29,24.36,138.279,290.08385000000015,27.95540000000002,25.43580000000002,25.33714285714297
1767412800,24.69,25.19,24.47,24.47,89.047,284.63715000000013,27.899700000000017,25.43380000000002,25.25952380952392
1767427200,24.69,24.69,24.3,24.36,105.786,272.1793000000001,27.84860000000002,25.42120000000002,25.201904761904878
1767441600,24.41,25.05,24.41,24.92,217.219,276.78330000000017,27.79810000000002,25.42260000000002,25.131904761904874
1767456000,24.91,25.19,24.85,24.85,164.338,282.42520000000013,27.752050000000022,25.42120000000002,25.065238095238207
1767470400,24.8,25.51,24.8,25.32,255.196,277.10425000000015,27.70195000000002,25.40440000000002,24.99142857142869
1767484800,25.36,26.04,25.16,25.16,962.838,281.36040000000014,27.656850000000016,25.411600000000018,24.951428571428686
1767499200,25.52,25.52,25.44,25.45,6.708,204.77080000000012,27.61470000000002,25.403000000000016,24.901904761904877
1767513600,25.36,25.49,25.16,25.33,110.94,208.95210000000012,27.571400000000022,25.399000000000015,24.874761904762018
1767528000,25.29,26.14,25.29,26.14,88.427,207.8059500000001,27.52425000000002,25.39760000000001,24.843333333333447
1767542400,26.26,26.47,25.93,26.19,170.993,216.06460000000015,27.48750000000002,25.405400000000014,24.830000000000116
1767556800,26.24,27.11,26.24,26.89,412.047,211.53855000000013,27.45830000000002,25.408800000000014,24.81809523809536
1767571200,26.96,27.44,26.42,26.57,268.541,185.71945000000014,27.427750000000017,25.400000000000013,24.852380952381072
1767585600,26.48,26.71,25.98,25.98,345.529,193.31890000000016,27.39990000000002,25.38860000000001,24.882380952381077
1767600000,26.66,26.86,26.66,26.86,2.372,187.54210000000015,27.37355000000002,25.391000000000012,24.93476190476203
1767614400,26.07,26.55,25.89,26.23,139.708,194.26820000000015,27.35240000000002,25.38700000000001,25.048571428571545
1767628800,26.76,28.28,26.3,27.49,715.735,230.03490000000016,27.322900000000022,25.40680000000001,25.137142857142976
1767643200,27.28,27.28,26.45,26.57,323.118,235.12190000000018,27.29740000000002,25.425200000000014,25.260000000000122
1767657600,26.65,26.9,24.91,26.3,291.864,244.94245000000015,27.27010000000002,25.425600000000017,25.35047619047631
1767672000,26.51,27.13,26.34,26.35,211.781,251.02330000000015,27.24445000000002,25.44940000000002,25.479523809523933
1767686400,26.33,26.82,25.98,25.98,141.236,251.17115000000018,27.214300000000023,25.45980000000002,25.55761904761917
1767700800,27.13,27.7,26.89,26.99,1127.016,303.06960000000015,27.17585000000002,25.491800000000023,25.654285714285834
1767715200,27,27.81,26.47,27.12,1020.122,348.7864000000002,27.14025000000002,25.520600000000016,25.731428571428687
1767729600,27.22,28.44,27.22,28.44,558.545,365.8527000000002,27.09950000000002,25.547400000000017,25.798571428571545
1767744000,28.39,28.39,27.49,27.6,297.326,372.5021000000002,27.064000000000018,25.568600000000014,25.92380952380964
1767758400,27.91,27.91,27.41,27.66,101.428,364.8137000000002,27.026850000000017,25.563200000000016,26.050000000000118
1767772800,27.16,27.41,27.12,27.12,94.651,321.4043500000002,26.987350000000024,25.579600000000017,26.244285714285834
1767787200,26.93,27.06,26.53,26.53,299.855,336.0617000000002,26.94715000000002,25.60480000000002,26.37190476190488
1767801600,26.68,27.13,26.61,26.75,404.453,350.7373500000002,26.902350000000023,25.65480000000002,26.505714285714404
1767816000,26.72,27.01,26.58,26.63,35.04,348.06800000000027,26.858600000000024,25.68800000000002,26.59142857142869
1767830400,27.09,27.09,26.43,26.43,72.639,343.15030000000024,26.819900000000025,25.72880000000002,26.65666666666679
1767844800,26.4,26.79,26.25,26.56,102.378,327.6668500000002,26.787800000000026,25.761600000000023,26.71857142857155
1767859200,26.44,26.44,26.1,26.12,51.461,316.8128500000002,26.754500000000025,25.76500000000002,26.780476190476314
1767873600,26,26.22,25.75,26.22,70.008,303.0368000000002,26.724700000000027,25.784400000000023,26.794285714285838
1767888000,26.23,26.27,26.01,26.12,5.09,303.1727000000002,26.694850000000024,25.80040000000002,26.811904761904884
1767902400,25.75,25.98,25.64,25.67,331.717,312.7731500000002,26.65970000000003,25.81160000000002,26.77523809523822
1767916800,25.83,25.85,25.5,25.71,343.912,294.18200000000024,26.626400000000025,25.82460000000002,26.75857142857155
1767931200,25.8,26.25,25.74,26.25,212.921,288.6721500000002,26.600850000000023,25.831800000000026,26.765238095238217
1767945600,25.83,25.83,25.18,25.36,504.875,299.3227000000003,26.57285000000002,25.838400000000025,26.70857142857155
1767960000,25.56,25.97,25.5,25.97,417.862,309.62675000000024,26.551000000000027,25.843000000000025,26.683809523809643
1767974400,25.89,25.98,25.22,25.22,94.888,307.3093500000003,26.525150000000025,25.84000000000002,26.624761904762025
1767988800,25.2,25.39,25.2,25.35,85.453,255.2312000000003,26.501050000000028,25.839600000000022,26.567142857142976
1768003200,25.27,25.27,24.29,24.29,169.237,212.6869500000003,26.475250000000027,25.853000000000023,26.551428571428687
1768017600,24.5,24.55,24.32,24.32,141.201,191.81975000000028,26.44850000000003,25.851800000000026,26.497619047619168
1768032000,24.49,24.75,24.49,24.69,15.554,177.7311500000003,26.42115000000003,25.860000000000028,26.46761904761917
1768046400,24.78,24.81,24.47,24.48,37.95,174.5572500000003,26.39580000000003,25.84860000000003,26.33904761904774
1768060800,24.54,25.04,24.26,24.4,226.799,181.1646500000003,26.36905000000003,25.872000000000025,26.2057142857144
1768075200,24.09,24.76,24,24,79.904,170.1671000000003,26.34570000000003,25.875400000000027,26.027142857142973
1768089600,24.89,24.89,24,24.18,171.449,158.5169000000003,26.315850000000033,25.876200000000026,25.878571428571544
1768104000,24.24,24.35,24.22,24.35,28.509,158.1903500000003,26.294750000000032,25.883400000000023,25.72333333333345
1768118400,24.54,24.7,24.54,24.64,42.236,156.6702000000003,26.26645000000003,25.877400000000026,25.574761904762017
1768132800,24.66,24.88,24.5,24.5,125.218,157.81220000000027,26.23850000000003,25.866800000000026,25.462857142857253
1768147200,24.79,24.92,24.66,24.92,177.751,164.1267000000003,26.21495000000003,25.861400000000025,25.34857142857154
1768161600,24.75,24.84,24.47,24.47,57.963,163.52445000000031,26.186200000000035,25.850400000000025,25.253809523809633
1768176000,24.49,25.2,24.31,25.16,381.006,182.3202500000003,26.157700000000037,25.846000000000025,25.161904761904868
1768190400,25.1,25.19,24.8,24.8,31.514,167.31010000000032,26.126600000000035,25.85160000000003,25.08380952380963
1768204800,24.85,24.85,23.88,23.88,136.021,156.91555000000034,26.101200000000034,25.85220000000003,25.005238095238205
1768219200,23.89,24.12,23.46,23.64,172.751,154.90705000000034,26.077950000000033,25.863400000000027,24.954761904762016
1768233600,23.89,23.89,23.2,23.83,155.74,137.45030000000034,26.054250000000035,25.854400000000027,24.891904761904872
1768248000,23.98,24.38,23.95,23.98,217.842,127.44930000000033,26.031750000000034,25.860600000000026,24.80666666666678
1768262400,24.3,24.52,24.18,24.34,118.279,128.61885000000035,26.016900000000035,25.850200000000026,24.708095238095346
1768276800,24.55,24.55,24.38,24.38,14.966,125.09450000000034,25.999000000000038,25.82460000000003,24.59285714285725
1768291200,24.45,24.58,24.27,24.52,18.448,117.55505000000032,25.983350000000037,25.788400000000028,24.52714285714297
1768305600,24.63,24.69,24.35,24.54,69.603,113.97515000000033,25.963400000000032,25.758400000000023,24.44952380952392
1768320000,24.76,24.91,24.54,24.91,55.012,115.94805000000034,25.941900000000032,25.715200000000024,24.409523809523925
1768334400,25.01,25.86,24.77,25.44,380.926,133.09685000000033,25.914600000000032,25.678200000000025,24.370000000000115
1768348800,25.72,26.05,25.72,26.05,28.654,123.18960000000034,25.887400000000028,25.628000000000025,24.38190476190488
1768363200,25.97,26.1,25.72,26.1,271.649,132.77685000000034,25.86090000000003,25.587000000000025,24.41000000000012
1768377600,26.11,26.31,25.87,26.1,70.218,127.71530000000033,25.83540000000003,25.558200000000024,24.4457142857144
1768392000,25.75,26.43,25.72,26.14,566.131,154.5964000000003,25.80785000000003,25.519200000000023,24.52047619047631
1768406400,26.36,26.8,25.79,26.28,660.761,185.5226500000003,25.78365000000003,25.50340000000002,24.60142857142869
1768420800,26.22,26.44,25.76,26.17,427.326,200.62805000000031,25.76405000000003,25.474600000000024,24.701428571428686
1768435200,26.05,26.29,24.8,24.8,108.894,197.1852000000003,25.74780000000003,25.465200000000024,24.79476190476202
1768449600,24.68,26,24.56,26,1246.134,256.5937500000003,25.73810000000003,25.461200000000023,24.88666666666678
1768464000,26.01,30.51,25.07,26.02,931.23,284.10495000000026,25.72890000000003,25.457000000000026,24.959523809523922
1768478400,25.99,26,24.8,24.8,253.842,295.22135000000026,25.71870000000003,25.46300000000002,24.97380952380964
1768492800,25.2,25.98,24.82,24.92,37.635,290.3020500000003,25.70405000000003,25.44660000000002,25.025238095238212
1768507200,25,25.33,24.48,24.98,38.216,283.5753000000003,25.68835000000003,25.40020000000002,25.099047619047735
1768521600,25.09,25.09,24.51,25.02,9.038,276.2402000000003,25.670800000000035,25.351400000000016,25.081904761904877
1768536000,25.18,25.18,25.18,25.18,3.962,265.54620000000034,25.652350000000034,25.31980000000002,25.087619047619164
1768550400,25.06,25.12,25.06,25.12,4.37,259.8507500000003,25.630900000000032,25.26260000000002,25.140000000000118
1768564800,25.03,25.2,25.01,25.2,98.271,264.01600000000025,25.61565000000003,25.218600000000023,25.2057142857144
1768579200,25.08,25.18,25.02,25.06,41.978,265.1925000000002,25.601700000000033,25.18760000000002,25.270000000000117
1768593600,25.08,25.2,25.08,25.2,238.206,273.62265000000025,25.583450000000035,25.15300000000002,25.324285714285832
1768608000,25.2,25.2,25.2,25.2,3.971,271.07060000000024,25.567800000000034,25.12400000000002,25.36523809523821
1768622400,25.19,25.2,25.19,25.2,39.648,254.00670000000022,25.549400000000038,25.09780000000002,25.397619047619163
1768636800,25.21,25.21,25.21,25.21,4.033,252.7756500000002,25.527700000000035,25.070600000000024,25.430000000000117
1768651200,25.45,25.61,25.45,25.61,28.123,240.5993500000002,25.507200000000033,25.04940000000002,25.461428571428687
1768665600,25.62,26.02,25.62,25.62,16.554,237.9161500000002,25.48675000000004,25.029000000000018,25.47523809523821
1768680000,25.57,25.89,25.57,25.78,8.966,210.0579000000002,25.466300000000036,25.010600000000018,25.46428571428583
1768694400,25.47,25.73,25.47,25.5,35.551,178.7974000000002,25.446300000000036,25.001200000000022,25.443333333333445
1768708800,25.78,25.88,25.78,25.88,1.028,157.4825000000002,25.42615000000004,24.991200000000017,25.4204761904763
1768723200,25.99,26.06,25.99,26.06,4.823,152.27895000000018,25.407100000000035,24.978400000000015,25.405238095238207
1768737600,26,26.13,25.81,25.81,30.785,91.5115000000002,25.386700000000037,24.98360000000002,25.374761904762018
1768752000,25.83,26.25,25.36,25.36,197.239,54.811950000000195,25.37040000000004,24.97980000000002,25.355714285714395
1768766400,25.77,25.9,24.82,24.82,13.978,42.81875000000019,25.35205000000004,24.985400000000016,25.3504761904763
1768780800,24.82,24.82,23.81,24.1,315.754,56.72470000000019,25.33565000000004,24.996000000000016,25.398571428571536
1768795200,24.06,24.06,23.8,23.8,8.442,55.236000000000196,25.31680000000004,25.031400000000016,25.368095238095346
1768809600,24.25,24.25,24.25,24.25,2,54.884100000000196,25.306300000000036,25.061200000000017,25.310952380952493
1768824000,24.27,24.27,23.67,24.25,59.961,57.6840500000002,25.29850000000004,25.074600000000018,25.277619047619158
1768838400,24.15,24.2,24.15,24.2,41.297,59.5304000000002,25.291350000000037,25.081400000000016,25.224285714285823
1768852800,23.94,24.24,23.9,23.9,22.805,55.75710000000021,25.287850000000038,25.075400000000013,25.189523809523923
1768867200,23.92,23.93,23.92,23.93,6.258,53.971100000000206,25.28450000000004,25.07140000000001,25.152857142857254
1768881600,23.93,23.93,23.16,23.16,94.641,46.7928500000002,25.27295000000004,25.07280000000001,25.10619047619059
1768896000,23.17,23.17,23,23,93.775,51.28305000000021,25.25690000000004,25.070800000000013,25.04809523809535
1768910400,22.96,22.96,21.83,22.29,477.801,73.1907000000002,25.24325000000004,25.062000000000012,24.987619047619162
1768924800,22.42,22.42,21.17,21.51,241.269,85.05250000000021,25.230250000000037,25.050000000000015,24.897142857142974
1768939200,21.68,21.81,21.15,21.15,242.328,95.76275000000021,25.21685000000004,25.030200000000008,24.792380952381066
1768953600,21.19,21.65,21.19,21.31,7.083,95.2892000000002,25.204350000000037,25.00400000000001,24.653809523809638
1768968000,21.78,21.78,21.49,21.49,1.192,94.90050000000022,25.18670000000004,24.960800000000013,24.47809523809535
1768982400,21.33,21.33,20.68,20.8,137.411,99.99350000000022,25.17290000000004,24.910600000000013,24.284761904762018
1768996800,20.75,21.52,20.55,21.17,139.393,106.91175000000021,25.164150000000042,24.863200000000017,24.080000000000112
1769011200,21.49,21.85,20.69,21.81,44.703,108.90575000000021,25.157400000000038,24.813400000000016,23.883333333333447
1769025600,21.92,23.16,21.92,22.36,320.696,123.40130000000022,25.14760000000004,24.763000000000012,23.64619047619059
1769040000,22.36,22.38,22.35,22.38,23.154,114.69705000000022,25.13520000000004,24.71320000000001,23.440000000000115
1769083200,22.38,22.38,21.04,21.44,55.772,116.78675000000021,25.119300000000038,24.642400000000013,23.246190476190588
1769097600,21.98,22.24,21.43,22.17,138.2,107.9090500000002,25.10110000000004,24.57820000000001,23.070000000000114
1769112000,21.9,21.94,21.48,21.91,6.621,107.81800000000021,25.09285000000004,24.524000000000004,22.90666666666678
1769126400,21.62,22.17,21.4,21.79,144.618,114.94890000000021,25.08445000000004,24.48040000000001,22.720000000000113
1769140800,21.77,21.86,21.63,21.63,149.915,119.44660000000022,25.074600000000043,24.42980000000001,22.59380952380964
1769155200,21.74,21.74,21,21.35,75.656,121.16455000000022,25.064250000000037,24.349800000000005,22.489523809523924
1769169600,21.47,22.27,21.47,22.27,116.579,125.85325000000023,25.05265000000004,24.2722,22.393809523809637
1769184000,22.27,23.14,22.27,22.43,131.448,132.11275000000023,25.04570000000004,24.188400000000005,22.269047619047733
1769198400,22.35,22.67,22.35,22.67,48.91,129.82620000000023,25.028350000000035,24.102200000000007,22.130952380952493
1769212800,22.7,23.31,22.5,23.25,177.113,133.9931000000002,25.01425000000004,24.012000000000008,22.039047619047732
1769227200,23.08,23.08,22.94,22.94,33.233,111.76470000000022,25.00120000000004,23.913400000000006,21.969047619047732
1769241600,23.39,23.39,23.39,23.39,0.574,99.72995000000023,24.986350000000037,23.835400000000007,21.90904761904773
1769256000,23.33,23.51,23.07,23.07,151.571,95.19210000000022,24.97150000000004,23.788000000000007,21.913333333333444
1769270400,23.07,23.95,23.04,23.49,246.386,107.15725000000023,24.95430000000004,23.721400000000003,21.910476190476302
1769284800,23.63,23.87,23.6,23.69,82.751,111.23520000000023,24.94005000000004,23.666000000000004,21.962857142857256
1769299200,23.36,23.45,23.05,23.05,37.643,106.24680000000023,24.93320000000004,23.628800000000005,22.03714285714297
1769313600,22.86,22.87,22.86,22.86,19.95,100.27465000000024,24.927150000000033,23.598200000000006,22.14857142857154
1769328000,23,23,22.65,22.65,2.973,98.18815000000023,24.923600000000032,23.560000000000006,22.261904761904876
1769342400,22.66,22.89,22.39,22.89,63.117,85.30920000000023,24.917150000000035,23.529400000000006,22.33619047619059
1769356800,22.51,22.52,21.73,22.05,455.968,106.94990000000023,24.913800000000034,23.499600000000004,22.434285714285824
1769371200,21.88,22.23,21.71,22.23,211.876,114.75510000000024,24.906550000000035,23.458200000000005,22.504761904762017
1769385600,21.96,22.61,21.96,22.05,185.665,117.12835000000025,24.900300000000033,23.411400000000008,22.556190476190586
1769400000,22.05,22.09,21.79,21.99,60.2,119.80730000000024,24.896200000000032,23.363200000000006,22.541428571428682
1769414400,22.22,22.37,22.07,22.31,109.701,118.06145000000024,24.885000000000034,23.317000000000007,22.534285714285822
1769428800,22.23,22.82,22.23,22.82,82.669,114.69915000000023,24.872800000000034,23.254000000000005,22.563333333333443
1769443200,22.62,24.7,22.62,23.89,376.044,129.71855000000022,24.862900000000035,23.194600000000005,22.554761904762017
1769457600,24.06,25.2,24.06,25.03,177.462,132.76270000000022,24.852850000000036,23.131400000000003,22.573809523809636
1769472000,25.01,26.41,24.91,26.02,435.114,147.94600000000023,24.838200000000032,23.059000000000005,22.622857142857256
1769486400,26.15,27.71,24.91,27.43,812.464,186.12370000000024,24.827100000000033,22.992800000000003,22.730476190476303
1769500800,27.75,27.93,27.2,27.91,111.373,182.83670000000023,24.816150000000036,22.933600000000006,22.9057142857144
1769515200,27.36,28.21,27.31,28.2,112.938,186.82195000000024,24.805100000000028,22.901400000000002,23.08428571428583
1769529600,27.98,29.11,27.55,28.95,510.772,212.33185000000026,24.796400000000034,22.884400000000007,23.322380952381064
1769544000,29.14,31,29.14,31,852.49,247.37780000000026,24.787850000000034,22.8836,23.57190476190488
1769558400,31,33.99,30.93,33.99,1870.247,328.57085000000023,24.787600000000033,22.916000000000004,23.807619047619163
1769572800,33.92,34.12,32.57,33.49,1121.273,380.49695000000025,24.79175000000004,22.967000000000002,24.09380952380964
1769587200,33.86,34.87,33.67,34.48,678.973,412.5634500000002,24.802800000000037,23.0346,24.456190476190592
1769601600,33.63,34.7,33.03,33.37,217.765,422.4542000000001,24.82015000000004,23.1316,24.976190476190588
1769616000,33.36,33.71,32.33,33.71,287.671,436.68910000000017,24.839200000000037,23.2756,25.452380952381066
1769630400,33.74,34.38,32.93,34.38,1617.989,514.4327000000001,24.857300000000038,23.470399999999998,25.966190476190594
1769644800,34,34.07,31.56,31.78,896.697,536.4691500000001,24.876900000000038,23.6552,26.45761904761916
1769659200,31.55,33.18,31.23,32.51,152.309,533.4908,24.907400000000038,23.860800000000005,26.97428571428583
1769673600,32.35,33.51,32.01,33.51,144.05,531.41005,24.954049999999985,24.050200000000004,27.53285714285726
1769688000,33.85,34.52,31.79,33.05,324.538,544.62695,24.998299999999986,24.245800000000003,27.956190476190592
1769702400,33.31,33.89,32.07,32.2,1391.8,608.7319,25.044699999999988,24.4702,28.45428571428583
1769716800,32.02,32.86,30.47,30.79,163.704,612.78365,25.090999999999987,24.645800000000005,28.99142857142869
1769731200,30.73,30.73,28.29,29.22,539.176,620.9402499999999,25.135599999999986,24.850200000000005,29.51523809523821
1769745600,29.23,29.7,28.54,28.98,241.325,624.1333999999999,25.18189999999998,25.090200000000003,30.00142857142869
1769760000,29.18,30.71,29.18,30.71,187.667,611.76105,25.216199999999986,25.328200000000006,30.405238095238207
1769774400,30.84,30.84,29,29.54,176.566,579.96615,25.254099999999983,25.546000000000003,30.710000000000118
1769788800,28.87,32.68,25.32,32.25,962.9,622.5425,25.296699999999987,25.732000000000003,30.952380952381066
1769803200,31.6,31.72,30.47,30.47,325.857,633.18845,25.332499999999992,25.9004,31.222857142857258
1769817600,30.65,32.02,30.65,31.83,255.883,620.444,25.363999999999987,26.056600000000003,31.390476190476306
1769832000,31.79,31.79,30.64,30.64,41.964,579.9177,25.38784999999999,26.2346,31.619999999999997
1769846400,30.87,30.89,29.93,30.41,198.8,496.34534999999994,25.40199999999999,26.378200000000003,31.74190476190476
1769860800,30.55,30.58,28.65,28.69,742.243,477.39385000000004,25.41739999999999,26.575599999999998,31.914761904761907
1769875200,28.99,29.95,27.5,28.99,674.161,477.15325,25.442699999999988,26.7562,31.995238095238093
1769889600,29,31.07,28.99,31.07,101.32,471.331,25.460599999999985,26.9494,31.967142857142854
1769904000,31.45,32.4,31.45,31.8,230.102,468.4525500000001,25.49349999999998,27.124000000000002,31.714761904761904
1769918400,31.24,31.24,30.47,30.71,138.381,394.4721500000001,25.51729999999998,27.2964,31.50047619047619
1769932800,31.26,31.47,30.47,31.04,114.533,355.3639500000001,25.546999999999983,27.437599999999996,31.33809523809524
1769947200,31.13,31.13,28.13,28.46,302.539,362.8754500000001,25.574549999999984,27.5904,31.263333333333332
1769961600,29.2,30.49,28.98,29.39,466.457,378.9958000000001,25.601799999999983,27.766399999999997,31.12047619047619
1769976000,29.27,31.14,29,30.95,786.256,402.0817000000001,25.618799999999986,27.953799999999998,30.96142857142857
1769990400,31.41,32.02,30.27,31.92,254.414,345.2124000000001,25.632499999999983,28.1146,30.803333333333327
1770004800,31.66,31.84,29.73,31.33,422.605,358.15745000000015,25.65699999999998,28.2704,30.654761904761905
1770019200,30.78,31.51,30.63,31.37,136.463,338.0218000000001,25.686699999999984,28.380799999999994,30.532857142857146
1770033600,31.03,33.33,30.5,32.59,456.895,348.80030000000016,25.710549999999984,28.500799999999995,30.479047619047616
1770048000,32.77,33.67,31.78,32.54,2947.795,486.8067000000001,25.73604999999998,28.658399999999997,30.437619047619044
1770062400,32.83,34,32.13,33.53,151.787,485.56775000000005,25.750249999999983,28.826999999999998,30.465238095238096
1770076800,33.53,38.22,33.17,37.97,4998.739,687.3597000000001,25.76979999999998,28.979799999999997,30.625714285714285
1770091200,38.31,38.64,36.84,37.6,1791.058,760.6197500000001,25.792749999999977,29.146199999999993,30.79523809523809
1770105600,37.04,37.76,35.81,36.01,155.179,755.58455,25.82344999999998,29.340799999999994,30.929523809523804
1770120000,36.74,36.74,33.72,34.21,289.85,767.9788500000001,25.85094999999998,29.53859999999999,31.33095238095238
1770134400,33.75,34.65,32.31,33.68,934.884,804.7830500000001,25.87844999999998,29.75139999999999,31.585714285714282
1770148800,33.72,35.6,32.68,32.68,271.46,781.2439,25.911849999999976,30.06979999999999,31.84952380952381
1770163200,32.5,33.69,32.5,33.69,263.929,760.7323,25.94574999999998,30.377199999999995,31.962857142857143
1770177600,33.87,34.1,33.25,33.52,445.672,777.9499000000001,25.98394999999998,30.656399999999994,32.107619047619046
1770192000,33.23,33.68,32.68,33.5,430.914,787.9905000000001,26.044349999999977,30.900799999999993,32.215714285714284
1770206400,33.51,34.38,32.68,34.19,922.478,827.1953500000002,26.10324999999998,31.128199999999996,32.453809523809525
1770220800,34.38,35.42,33.18,35.42,1209.704,881.9539000000002,26.15464999999998,31.325399999999995,32.66952380952381
1770235200,35.38,36.18,34.64,36,297.184,881.6861500000002,26.19779999999998,31.521399999999993,32.78523809523809
1770249600,35.33,35.58,33.31,33.51,185.369,867.6317500000002,26.239099999999976,31.691199999999995,32.89904761904762
1770264000,33.78,34.59,33.51,34.59,71.16,831.8769500000002,26.27469999999998,31.84079999999999,33.123333333333335
1770278400,34.71,35.08,32.51,32.61,133.105,825.8115000000001,26.31419999999998,31.97599999999999,33.359523809523814
1770292800,33.05,33.05,31.23,32.15,1142.826,861.8225500000002,26.36089999999998,32.12619999999999,33.60000000000001
1770307200,31.76,33.42,31.13,32.59,1143.445,912.1716500000002,26.40779999999998,32.282199999999996,33.847619047619055
1770321600,32.3,34.38,32,33,902.324,934.4431000000002,26.457349999999977,32.37339999999999,33.92666666666667
1770336000,32.98,36.79,31.5,34.74,4279.967,1001.0517000000002,26.512799999999974,32.44519999999999,33.93761904761905
1770350400,35.08,35.67,33.18,33.18,449.796,1015.9521500000001,26.568899999999974,32.41759999999999,33.997619047619054
1770364800,33.18,34.45,32.27,34.31,257.213,778.8758500000001,26.611799999999974,32.39079999999999,34.075238095238106
1770379200,33.79,35,32.68,32.68,387.819,708.7139000000001,26.663399999999978,32.352999999999994,34.177619047619054
1770393600,33.39,34.7,32.98,32.98,331.877,717.5488000000001,26.70279999999998,32.34559999999999,34.20809523809525
1770408000,33.52,33.8,32.51,32.51,240.202,715.0664,26.74069999999998,32.36619999999999,34.2452380952381
1770422400,32.5,33.18,32,33.18,120.944,674.3694,26.781849999999977,32.34219999999999,33.99333333333333
1770436800,33.23,33.33,32.57,33.02,4019.928,861.7927999999999,26.82449999999998,32.392799999999994,33.77333333333333
1770451200,32.88,33.69,32.33,32.61,165.935,856.8931,26.87639999999998,32.39619999999999,33.60666666666667
1770465600,33.02,33.03,31.94,31.94,89.332,839.0761,26.91769999999998,32.3856,33.55761904761905
1770480000,32.21,32.51,31.33,31.71,2160.619,925.56135,26.964999999999982,32.37479999999999,33.52619047619047
1770494400,31.6,32.07,31.1,31.53,458.074,902.34115,27.00179999999998,32.39439999999999,33.52285714285714
1770508800,31.57,31.96,31.09,31.09,418.266,862.7692499999999,27.04089999999998,32.43899999999999,33.439523809523806
1770523200,31.38,31.64,30.51,30.95,1682.505,932.0352999999999,27.076199999999982,32.50679999999999,33.35333333333333
1770537600,30.95,32.06,30.85,32.04,13260.872,1585.81045,27.115449999999978,32.565999999999995,33.259523809523806
1770552000,32.04,32.08,31.13,31.38,2848.928,1724.69885,27.14984999999998,32.58599999999999,33.11190476190476
1770566400,31.61,32.92,31.61,32.92,3166.711,1876.37915,27.18194999999998,32.62579999999999,32.899047619047614
1770580800,32.67,32.99,32.16,32.48,325.116,1835.49365,27.207199999999975,32.60259999999999,32.71047619047619
1770595200,32.54,33.5,32.54,33.25,225.417,1789.5922500000001,27.232899999999976,32.612199999999994,32.60904761904762
1770609600,33.18,33.18,32.5,32.5,44.386,1746.69535,27.260649999999984,32.6164,32.52952380952381
1770624000,32.49,32.49,31.26,31.26,131.147,1539.25435,27.28179999999998,32.6312,32.52333333333333
1770638400,31.51,31.99,31.25,31.33,53.968,1519.46295,27.30539999999998,32.6814,32.575714285714284
1770652800,31.25,32.2,31,31.98,3870.403,1700.12245,27.328149999999983,32.757200000000005,32.57142857142857
1770667200,32.14,32.14,31.26,31.36,886.176,1725.0403,27.35219999999998,32.842400000000005,32.488571428571426
1770681600,31.3,31.61,30.68,31.11,271.966,1722.0447499999998,27.385299999999983,32.871,32.326190476190476
1770696000,30.78,30.95,29.81,29.98,366.07,1728.33815,27.415949999999984,32.860200000000006,32.26904761904762
1770710400,29.91,30.21,29.54,29.54,93.374,1726.95965,27.452299999999983,32.872600000000006,32.128571428571426
1770724800,29.53,30.27,29.18,29.81,926.138,1572.2701499999998,27.479849999999985,32.891400000000004,32.05380952380953
1770739200,29.89,30.45,29.72,29.86,5963.168,1862.1317999999999,27.500549999999986,32.949400000000004,31.910952380952374
1770753600,29.65,29.74,28.87,28.87,156.121,1865.4712499999998,27.514999999999986,32.9838,31.769523809523808
1770768000,28.9,29.28,28.7,28.75,105.698,1762.7251999999996,27.53689999999998,32.964400000000005,31.60904761904762
1770782400,28.68,29.35,28.66,28.74,58.211,1742.7320499999998,27.555399999999985,32.9168,31.458571428571425
1770796800,28.59,29.22,28.26,28.94,256.25,1734.6312499999997,27.575349999999986,32.88640000000001,31.280476190476186
1770811200,29.19,29.34,28.42,28.93,321.782,1666.5950999999998,27.592599999999983,32.85620000000001,31.128571428571426
1770825600,29.19,29.78,29.19,29.46,168.805,1011.9917499999998,27.606549999999984,32.781800000000004,30.987142857142853
1770840000,29.94,30.15,29.3,29.49,69.116,873.0011499999998,27.62244999999998,32.70600000000001,30.863809523809522
1770854400,29.57,30.86,29.57,30.5,61.041,717.7176499999998,27.639599999999984,32.610200000000006,30.760952380952375
1770868800,30.65,30.65,30.05,30.45,148.521,708.8879,27.65114999999998,32.42960000000001,30.69
1770883200,30.45,31.78,30.22,31.77,165.024,705.8682499999999,27.664299999999983,32.25620000000001,30.568571428571424
1770897600,31.63,31.85,30.7,30.7,293.295,718.3136999999999,27.676899999999982,32.12520000000001,30.526666666666664
1770912000,30.68,30.68,29.18,30.11,257.53,724.6328499999998,27.69099999999998,32.030800000000006,30.409047619047616
1770926400,29.75,31.26,29.6,31.18,166.874,730.2781499999999,27.707299999999982,31.967200000000005,30.37523809523809
1770940800,31.28,31.38,30.35,30.86,256.869,549.6014499999999,27.726049999999983,31.922600000000006,30.253809523809515
1770955200,30.89,30.98,30.59,30.91,69.913,508.7882999999999,27.74224999999998,31.884200000000007,30.139999999999993
1770969600,30.75,30.94,30.23,30.43,201.979,505.28894999999983,27.76794999999998,31.82780000000001,30.136190476190468
1770984000,30.44,32.38,30,31.62,753.844,524.6776499999999,27.790349999999986,31.76000000000001,30.11380952380951
1770998400,31.84,32.38,31.62,31.62,304.555,535.2366999999998,27.823099999999986,31.69980000000001,30.062857142857133
1771012800,31.62,31.86,31.1,31.46,169.19,497.3892999999998,27.849849999999982,31.60860000000001,30.018571428571416
1771027200,31.59,32.29,31.37,31.99,1296.598,264.06079999999986,27.878949999999982,31.506800000000013,30.04285714285713
1771041600,31.86,31.86,31.52,31.65,187.223,265.61589999999984,27.913249999999984,31.44520000000001,30.120952380952367
1771056000,31.85,32.32,31.54,32.31,380.248,279.3433999999998,27.944099999999985,31.385800000000007,30.212380952380936
1771070400,32.16,32.16,31.1,31.38,488.575,300.8615999999998,27.976249999999983,31.366000000000014,30.31619047619046
1771084800,31.4,31.74,31,31.74,139.746,295.0363999999998,28.006399999999985,31.35220000000001,30.401428571428557
1771099200,31.61,31.99,31.61,31.99,249.547,291.42464999999976,28.044499999999985,31.340200000000014,30.56523809523808
1771113600,32.01,32.07,31.38,31.46,183.113,292.14004999999975,28.081699999999984,31.31320000000001,30.690476190476176
1771128000,31.54,31.97,31.33,31.33,314.035,304.38599999999974,28.117249999999984,31.26460000000001,30.833333333333318
1771142400,31.52,31.7,30.53,31.7,336.823,318.17509999999976,28.153999999999986,31.22860000000001,30.978571428571417
1771156800,31.48,31.69,30.5,30.9,215.527,321.52539999999976,28.189749999999986,31.177200000000013,31.099047619047603
1771171200,31.03,31.21,30.61,30.66,131.638,319.85609999999974,28.226699999999987,31.16340000000001,31.188095238095222
1771185600,30.5,30.85,30.45,30.67,74.072,308.89494999999977,28.261249999999986,31.13300000000001,31.293333333333322
1771200000,30.68,30.95,30.06,30.32,228.826,307.45974999999976,28.294149999999988,31.109400000000008,31.312380952380938
1771214400,30.35,30.39,29.67,29.67,438.888,321.0604499999998,28.330099999999984,31.079800000000013,31.322380952380936
1771228800,29.76,30.31,29.72,30.04,311.225,323.7782499999998,28.36799999999998,31.037400000000012,31.26999999999999
1771243200,30.02,30.59,29.7,29.9,220.178,331.2914999999998,28.40644999999998,30.99840000000001,31.25190476190475
1771257600,29.91,30.25,29.85,30.1,183.456,330.3653499999998,28.445799999999977,30.97300000000001,31.23095238095237
1771272000,29.93,31.15,29.93,31.15,176.703,301.50829999999985,28.48039999999998,30.94520000000001,31.17666666666666
1771286400,31.33,31.44,30.89,30.96,144.429,293.50199999999984,28.51199999999998,30.908000000000012,31.13095238095237
1771300800,31.06,31.06,30,30.33,485.989,309.3419499999998,28.54344999999998,30.88700000000001,31.092380952380942
1771315200,30.15,30.16,29.09,29.1,212.249,255.1244999999998,28.572449999999986,30.866000000000014,31.126666666666658
1771329600,29.34,29.92,29.18,29.74,115.505,251.5385999999998,28.59809999999998,30.827200000000012,31.09523809523809
1771344000,29.73,29.97,29.19,29.77,80.035,236.52794999999983,28.623749999999983,30.822600000000012,31.033809523809516
1771358400,29.65,30.08,29.4,29.55,21.591,213.17874999999987,28.646049999999978,30.783400000000007,30.92142857142856
1771372800,29.45,29.45,28.87,29.31,58.165,209.09969999999984,28.66629999999998,30.740400000000008,30.814285714285706
1771387200,29.46,29.66,29.4,29.66,6.343,196.93949999999984,28.691549999999978,30.657400000000006,30.724761904761895
1771401600,29.65,29.65,29,29,78.281,191.69789999999983,28.71584999999998,30.602200000000007,30.593333333333323
1771416000,28.91,29.38,28.57,29.22,147.399,183.36609999999985,28.73679999999998,30.572400000000012,30.494761904761894
1771430400,29.11,29.11,28.47,28.84,45.618,168.80584999999985,28.75089999999998,30.536800000000014,30.395714285714273
1771444800,28.69,28.88,28.18,28.66,52.837,160.67134999999985,28.768749999999983,30.48340000000001,30.253333333333323
1771459200,28.54,28.73,28.32,28.73,34.673,155.82309999999984,28.79359999999998,30.44940000000001,30.146666666666658
1771473600,28.94,28.94,28.75,28.93,45.683,154.40364999999983,28.81134999999998,30.407200000000007,30.028095238095222
1771488000,29.06,29.06,28.39,28.39,58.043,145.86449999999985,28.82779999999998,30.392000000000007,29.88333333333332
1771502400,28.25,28.38,27.74,27.88,147.992,131.31969999999984,28.85209999999998,30.378000000000007,29.77999999999999
1771516800,28.62,28.89,28.32,28.32,89.192,120.21804999999986,28.872499999999977,30.355000000000004,29.697619047619035
1771531200,28.98,29.46,28.42,28.9,55.393,111.97879999999986,28.893699999999978,30.332400000000003,29.58904761904761
1771545600,28.98,29.61,28.78,29.41,113.961,108.50404999999985,28.912799999999976,30.333600000000004,29.472857142857134
1771560000,29.61,29.61,29.18,29.24,24.253,100.88154999999985,28.93019999999997,30.326400000000003,29.408571428571413
1771574400,29.4,29.69,29.4,29.51,36.885,95.50434999999985,28.94824999999997,30.309200000000004,29.3542857142857
1771588800,29.24,29.9,28.74,29.9,173.589,79.88434999999984,28.966899999999967,30.296800000000008,29.33095238095237
1771603200,29.94,30.44,29.62,29.84,284.995,83.52164999999984,28.983549999999966,30.29620000000001,29.28999999999998
1771617600,30.22,30.38,29.98,30.38,18.78,78.68539999999983,28.996949999999966,30.29520000000001,29.21190476190474
1771632000,30.3,30.53,30.3,30.39,20.555,75.71139999999983,29.01254999999997,30.29020000000001,29.161428571428555
1771646400,30.35,30.49,30.22,30.22,3.711,74.81739999999984,29.03104999999997,30.270400000000006,29.13809523809522
1771660800,30.1,30.42,29.99,29.99,44.341,74.12619999999984,29.052049999999966,30.259400000000007,29.1990476190476
1771675200,30.14,30.33,29.67,29.8,96.374,78.62774999999984,29.07019999999997,30.220800000000004,29.22999999999998
1771689600,29.96,30.11,29.68,30.11,30.805,76.25394999999983,29.08964999999997,30.214400000000005,29.251428571428555
1771704000,29.96,29.96,29.66,29.7,29.99,70.38349999999983,29.11024999999997,30.220000000000006,29.27238095238093
1771718400,29.95,30.04,29.75,29.75,33.413,69.77324999999983,29.13194999999997,30.200800000000008,29.295714285714265
1771732800,29.66,29.82,29.45,29.45,12.147,67.73874999999984,29.15444999999997,30.183400000000006,29.31714285714284
1771747200,29.44,29.91,29.44,29.64,169.592,74.48469999999983,29.176099999999966,30.161200000000008,29.35047619047617
1771761600,29.61,29.61,29.06,29.33,167.923,80.59669999999984,29.19814999999997,30.15480000000001,29.37571428571427
1771776000,29.26,29.26,28.76,28.89,41.157,79.75239999999984,29.221299999999964,30.116400000000013,29.404761904761887
1771790400,29.02,29.06,28.73,28.98,187.576,81.73159999999984,29.246199999999963,30.07900000000001,29.451428571428558
1771804800,28.71,28.71,26.91,27.25,1017.186,128.13129999999984,29.276249999999962,30.03880000000001,29.479999999999986
1771819200,27.38,27.9,27.09,27.9,39.352,127.32924999999985,29.30574999999996,29.99180000000001,29.47809523809522
1771833600,27.87,28.11,27.55,27.55,10.718,122.16709999999985,29.33324999999996,29.94540000000001,29.50619047619046
1771848000,27.43,27.77,26.4,26.76,266.396,134.27424999999985,29.35924999999996,29.877000000000006,29.47619047619046
1771862400,26.27,26.71,25.63,26.25,147.05,139.78249999999986,29.386449999999957,29.82900000000001,29.456190476190457
1771876800,26.41,26.64,26.18,26.31,88.252,135.51564999999985,29.41359999999996,29.73920000000001,29.391904761904748
1771891200,26.09,26.42,25.73,26.26,188.975,130.71464999999984,29.438399999999955,29.65740000000001,29.265714285714267
1771905600,26.16,26.47,26.16,26.47,41.546,131.85294999999982,29.46749999999996,29.57920000000001,29.123333333333317
1771920000,26.46,26.64,26.18,26.64,172.769,139.46364999999983,29.488749999999953,29.48780000000001,28.970952380952365
1771934400,26.41,26.81,26.29,26.66,128.709,145.71354999999983,29.516799999999954,29.378800000000016,28.79761904761903
1771948800,26.99,27.28,26.72,27.2,111.583,149.07564999999983,29.546999999999954,29.287000000000013,28.637142857142845
1771963200,27.07,27.38,27.07,27.38,22.062,145.36004999999983,29.575049999999955,29.199000000000016,28.459047619047606
1771977600,27.44,28,27.05,27.13,104.023,149.02094999999986,29.599749999999954,29.115000000000013,28.28142857142856
1771992000,27,27.39,26.81,26.81,18.327,148.43779999999987,29.62384999999995,29.041400000000014,28.137619047619037
1772006400,26.91,27.2,26.74,27.2,43.199,148.92709999999988,29.65114999999995,28.981200000000012,28.01333333333332
1772020800,27.28,28.51,27.14,27.89,172.082,156.92384999999987,29.677649999999954,28.924400000000013,27.886190476190468
1772035200,28.14,29,28.14,28.98,176.057,157.24709999999988,29.70179999999995,28.874000000000013,27.729047619047613
1772049600,28.79,28.98,27.56,27.56,208.439,159.27289999999988,29.72329999999995,28.81460000000002,27.609999999999992
1772064000,27.81,28.59,27.64,28.07,348.544,174.64224999999985,29.74739999999995,28.727800000000016,27.52142857142857
1772078400,28.11,28.65,28.11,28.42,237.934,177.16014999999987,29.77709999999995,28.65260000000002,27.499047619047616
1772092800,28.19,29.35,28.19,28.44,137.514,133.17654999999985,29.80189999999995,28.60380000000002,27.4
1772107200,28.53,29.22,28.27,28.49,54.024,133.91014999999987,29.826399999999953,28.601400000000023,27.339999999999993
1772121600,28.58,28.69,27.89,28.53,164.496,141.59904999999986,29.853449999999953,28.55780000000002,27.317619047619047
1772136000,28.53,28.7,28.01,28.18,325.028,144.53064999999987,29.884749999999954,28.52380000000002,27.291904761904757
1772150400,28.08,28.79,27.9,28.79,324.558,153.40604999999988,29.92289999999995,28.501200000000022,27.350952380952375
1772164800,28.79,29.5,28.78,29.39,275.073,162.74709999999988,29.94934999999995,28.483800000000024,27.380952380952376
1772179200,29.39,29.95,28.37,28.37,147.951,160.69589999999988,29.977549999999948,28.460400000000018,27.410952380952374
1772193600,28.29,28.4,27.89,28.27,325.136,174.87539999999987,30.006299999999946,28.45100000000002,27.50761904761904
1772208000,28.09,28.09,26.91,27.13,154.858,173.97984999999989,30.032249999999944,28.430200000000017,27.65714285714285
1772222400,27.2,27.46,26.79,27.2,48.136,169.95119999999991,30.059999999999945,28.42920000000002,27.75523809523809
1772236800,27.44,27.52,26.8,26.97,55.332,167.1386499999999,30.085699999999946,28.443800000000014,27.850952380952375
1772251200,27.07,27.08,26.1,26.8,96.719,170.8714999999999,30.111249999999945,28.436600000000016,27.882380952380945
1772265600,27.06,27.63,27.06,27.15,48.967,168.1186999999999,30.13774999999995,28.423400000000015,27.909047619047616
1772280000,27.31,28.15,27.31,28.15,50.424,169.72354999999988,30.16624999999995,28.398200000000017,27.923809523809517
1772294400,28.2,29.66,28.2,29.49,167.268,175.92699999999988,30.19284999999995,28.384600000000013,27.904761904761898
1772308800,29.49,31.44,29.49,31.37,295.206,182.0831999999999,30.21989999999995,28.357600000000012,27.893809523809516
1772323200,31.24,31.28,30.22,30.69,202.8,183.42034999999993,30.24229999999995,28.315600000000007,27.942380952380944
1772337600,31.04,31.49,30.71,30.92,154.499,180.72334999999993,30.263849999999948,28.27040000000001,28.06999999999999
1772352000,31.04,31.15,30.47,31.01,70.05,166.79864999999992,30.288449999999948,28.24860000000001,28.268571428571423
1772366400,30.8,31.54,30.61,31.54,81.792,158.9915499999999,30.31129999999995,28.24820000000001,28.401904761904753
1772380800,31.52,31.88,30.64,31.53,226.804,163.45604999999992,30.336799999999947,28.27760000000001,28.49428571428571
1772395200,31.65,32.26,31.33,31.62,101.229,165.8162999999999,30.367599999999946,28.29460000000001,28.65857142857142
1772409600,31.84,32.67,31.67,32.2,344.387,174.8108499999999,30.403499999999948,28.305400000000013,28.823809523809516
1772424000,32.12,32.15,29.98,30.51,211.646,169.14174999999994,30.44624999999995,28.317800000000013,28.971904761904756
1772438400,30.51,30.63,30.08,30.61,192.933,162.56049999999993,30.480249999999952,28.34420000000001,29.123333333333324
1772452800,30.61,32.49,30.55,32.09,289.517,163.28269999999992,30.50969999999995,28.37500000000001,29.299999999999994
1772467200,32.33,33.65,32,32.54,660.728,188.92154999999994,30.534649999999946,28.411400000000008,29.394285714285708
1772481600,32.55,33.32,32.08,32.92,199.9,182.65974999999995,30.555199999999946,28.45320000000001,29.509999999999998
1772496000,32.9,33.16,32.29,32.88,252.207,187.52719999999994,30.573299999999946,28.46940000000001,29.667142857142856
1772510400,33.16,33.5,32.34,32.95,305.883,200.4145499999999,30.590399999999946,28.486600000000006,29.817142857142855
1772524800,32.61,32.61,31.56,32.01,343.648,214.8303499999999,30.606649999999945,28.539400000000004,30.03380952380952
1772539200,32.01,32.23,31.07,31.84,236.583,221.8235499999999,30.604199999999945,28.597400000000007,30.253333333333337
1772553600,31.85,32.67,31.69,31.8,477.081,243.22924999999992,30.587299999999946,28.669200000000004,30.53047619047619
1772568000,31.76,31.81,30.73,31.28,69.529,244.18449999999993,30.580299999999948,28.74900000000001,30.759523809523813