time,open,high,low,close,Volume,Volume MA,MA,MA,MA
1499990400,0.11576274,0.12749684,0.02315007,0.08574069,12199853.66188398,,,,
1500076800,0.08570053,0.08743224,0.06473563,0.07486424,3673827.54834002,,,,
1500163200,0.07484474,0.08463932,0.07172084,0.07478285,2284867.95091333,,,,
1500249600,0.07476241,0.09348675,0.07368202,0.09018601,2213121.41713436,,,,
1500336000,0.0901855,0.10203789,0.08557035,0.08650331,2929807.78209949,,,,
1500422400,0.09656108,0.11901378,0.09565737,0.10843142,3489435.18715238,,,,
1500508800,0.10843502,0.12560329,0.09947438,0.1185254,5024712.04808494,,,,
1500595200,0.11857634,0.12049316,0.10752172,0.11109801,2578204.04960596,,,,
1500681600,0.11113102,0.12302888,0.10936499,0.1183121,2881717.28891132,,,,
1500768000,0.11825577,0.12130539,0.11101436,0.11960399,5892104.44397507,,,,
1500854400,0.11961333,0.12030133,0.11484526,0.11640894,1506337.51678862,,,,
1500940800,0.11640251,0.11710532,0.10130967,0.10593918,1441985.49278778,,,,
1501027200,0.10603141,0.10882442,0.0991463,0.10534822,1949946.06188028,,,,
1501113600,0.10536583,0.10911556,0.09972571,0.1081641,3200925.47359632,,,,
1501200000,0.10818028,0.10982018,0.10131246,0.10460803,3249241.85188431,,,,
1501286400,0.10446903,0.11179188,0.10020621,0.10702982,3228556.71155772,,,,
1501372800,0.10704004,0.10899726,0.10099742,0.10737212,2109936.93791737,,,,
1501459200,0.10746025,0.10915541,0.1011323,0.10468795,2274639.38198053,,,,
1501545600,0.10460209,0.10697691,0.09714196,0.10000555,3061851.83305729,,,,
1501632000,0.10001432,0.10236972,0.09737869,0.1007273,2620592.9588989,3390583.279922499,,,
1501718400,0.10072823,0.10781837,0.09898679,0.10700469,2857434.95086889,2923462.3443717444,,,
1501804800,0.10700469,0.10820676,0.1026549,0.10735867,2717585.19543286,2875650.2267263858,,,
1501891200,0.10732119,0.14470584,0.10711248,0.12976713,4380816.27789027,2980447.643075233,,,
1501977600,0.12976613,0.13311302,0.12666029,0.13088988,3023308.17328918,3020956.980882974,,,0.10263542476190476
1502064000,0.13084921,0.15008229,0.13076809,0.14976989,5806643.96274093,3164798.7899150457,,,0.1036648523809524
1502150400,0.14960013,0.22696919,0.14939067,0.22582676,11764446.89468986,3578549.37529192,,,0.1062792757142857
1502236800,0.22440727,0.2613062,0.19573201,0.24956494,12722850.82762642,3963456.3142689937,,,0.10895103904761905
1502323200,0.24778736,0.35109858,0.24517,0.35031005,11776296.5248595,4423360.938031671,,,0.11178836666666667
1502409600,0.35023546,0.41160701,0.30625813,0.39227419,11268672.2241985,4842708.68479603,,,0.11842281666666667
1502496000,0.39262573,0.47483227,0.33425903,0.44589312,11437296.92871273,5119968.309032912,,,0.12514346047619046
1502582400,0.44602,1.0238074,0.44270229,0.86096804,15879933.66980148,5838648.116683556,,,0.13618082476190477
1502668800,0.86884671,1.46371749,0.72031093,1.31036199,24056187.65642472,6969358.224865402,,,0.14957016666666667
1502755200,1.31087123,1.43351594,0.92134205,1.0672509,10277992.05290855,7385760.524416815,,,0.16516926285714287
1502841600,1.06603588,1.46687297,1.05947033,1.43747174,14179474.30698323,7934687.966086159,,,0.20047231285714287
1502928000,1.4355109,2.12528555,1.31914484,1.96477883,21425133.67118082,8843482.557050984,,,0.25732722
1503014400,1.94685146,2.79200548,1.88672601,2.41329199,17537079.6010973,9558908.701527964,,,0.3031039685714286
1503100800,2.41167776,2.41320807,1.79158118,2.0633152,11940970.15422967,10050460.36234358,,,0.36653842190476194
1503187200,1.98248738,2.69010417,1.86435002,2.51037841,18139327.56048018,10843694.771268561,,,0.45494864714285715
1503273600,2.50966016,2.92060341,2.39593311,2.72614053,17421730.14206378,11561688.686718887,,,0.5648859785714285
1503360000,2.72642765,2.75140488,2.069532,2.48685765,13598580.59107256,12110588.06832757,,,0.6580424252380952
1503446400,2.48567181,2.96668086,2.45658809,2.61121372,16006255.22691825,12768029.082130037,,,0.7724712961904762
1503532800,2.61321232,2.68712345,2.27525412,2.36897096,11671979.26204266,13215748.785460528,,,0.8973023714285714
1503619200,2.40514541,2.83603598,2.36899465,2.60381768,15577956.7126615,13775605.807199087,,,1.0109619952380953
1503705600,2.60273031,2.6043114,1.91043955,2.19670774,10167907.96157488,14132835.796613371,,,1.1305089676190476
1503792000,2.19788691,2.32896976,1.83805803,2.00088655,5969542.56430913,14140980.726691779,,,1.238221647142857
1503878400,2.00038141,2.19995772,1.9475834,2.11616247,5510700.50244897,13828293.407079736,,,1.3571006476190477
1503964800,2.09623254,2.35350236,1.96395038,2.29162652,6298167.70380553,13507059.25088869,,,1.455526390952381
1504051200,2.27666588,2.37745838,2.04584608,2.36220668,7082810.29364033,13272384.939327732,,,1.5445738514285712
1504137600,2.36049908,2.41065644,2.18601421,2.25056769,6294011.46948472,13023651.901592042,,,1.6382115933333334
1504224000,2.29298936,2.44160465,2.11887225,2.44157741,6242329.87116769,12763903.54871479,,,1.7365830104761903
1504310400,2.44202344,2.88526534,1.72797561,2.00971438,8635875.58338308,12401700.644393872,,,1.837184998095238
1504396800,1.99250893,2.01923158,1.40582108,1.5746722,5086336.50645369,11453208.08689532,,,1.927673457142857
1504483200,1.58008948,1.5814164,0.56766896,1.04358873,14921928.21631608,11685404.895065697,,,2.0252593247619046
1504569600,1.02944423,1.14280842,0.72428574,0.98949084,7683145.53413802,11360588.456423435,,,2.099727003809524
1504656000,0.98914676,1.17470335,0.69197324,1.00676488,12320885.65046533,10905376.055387663,,0.928431025,2.1337129161904764
1504742400,1.00728317,1.573619,0.93877077,1.38913144,8325296.23559827,10444786.88711271,,0.9669104987999999,2.1210094276190476
1504828800,1.38911644,1.40200663,0.88331216,1.01311275,6790412.00436388,10187258.97961942,,0.996906658,2.1173065676190475
1504915200,1.01401617,1.050862,0.85810442,0.96900131,2863194.67004646,9423452.335097734,,1.0162827756,2.096796717142857
1505001600,0.97479199,1.00733966,0.84469765,0.9481624,2435702.18781231,8674150.937385159,,1.0342688722,2.0693849366666663
1505088000,0.94239015,1.10796853,0.89789122,1.04447956,3999901.19595485,8194216.967629273,,1.0526741036,2.0027097347619045
1505174400,1.04386479,1.21034615,0.98500931,1.04038941,5201172.13070053,7653962.8128183875,,1.0782881039999999,1.9505995495238095
1505260800,1.04045433,1.0420393,0.87556045,0.93593538,2143383.80945153,7177533.040188829,,1.096179851,1.876208310952381
1505347200,0.93576913,0.94934201,0.66722675,0.68825994,3360459.31416763,6566658.170264136,,1.113337917,1.7961292171428571
1505433600,0.68837854,0.86526207,0.52188223,0.80459028,4354397.88115428,6275982.666243106,,1.129934923,1.727249777142857
1505520000,0.80458919,0.93041006,0.74783385,0.80187755,2560912.30384372,6105551.153219836,,1.1484324343999999,1.647474618095238
1505606400,0.80138174,0.83646585,0.73107887,0.79463777,1028530.89357928,5881442.672776351,,1.1669120438,1.56744076
1505692800,0.79462544,0.94256737,0.7860175,0.9047494,3424906.44919715,5737779.61004593,,1.1835119678,1.4817632647619046
1505779200,0.90972906,0.91078634,0.78364478,0.8243047,2877086.17496509,5527493.404112169,,1.1951702022,1.4153427795238096
1505865600,0.82363164,0.82373081,0.73877209,0.77374231,2896442.35196713,5357614.9482362885,,1.2090987257999999,1.3579023614285712
1505952000,0.77318117,0.78840826,0.68011162,0.70204526,2643365.19994706,5177666.714675257,,1.2230441161999999,1.3002160247619048
1506038400,0.69899422,0.74244651,0.67799299,0.71879055,2416338.78998875,4866689.875005541,,1.2367962752,1.2303435571428571
1506124800,0.71848913,0.77989048,0.70740927,0.77084512,2481360.52063955,4736441.075714834,,1.2527438208,1.1547023966666667
1506211200,0.77150034,0.78748775,0.73513574,0.78494467,2435616.11143664,4112125.470470862,,1.2671361558,1.0809632333333334
1506297600,0.78498616,0.93256624,0.77047935,0.92305756,3351426.48885125,3895539.5182065233,,1.280610891,0.9989257638095237
1506384000,0.9231494,0.94037749,0.85552733,0.8625843,3103147.51777975,3434652.611572244,,1.2926372502,0.9399319895238092
1506470400,0.86241894,1.20145018,0.85367021,1.15120676,6307302.27739071,3333752.9136618664,,1.3048729674000001,0.9023259166666664
1506556800,1.15142239,1.4477595,1.13458885,1.37272207,8478012.84694152,3418132.9557907484,,1.3181426963999998,0.8965863371428566
1506643200,1.37305229,1.39456769,1.12325353,1.27046225,5725010.21799957,3561223.7331884042,,1.3312462472,0.8905431685714282
1506729600,1.27025027,1.30927603,1.22260202,1.28170371,4146351.17661362,3646756.182628469,,1.3470896008,0.897421353333333
1506816000,1.27879317,1.52673864,1.25648472,1.51768438,5165606.3519765,3705041.440429552,,1.361345889,0.8966399547619043
1506902400,1.51732132,1.97982545,1.50651521,1.96599735,8550577.20854887,3872511.694321969,,1.3798534889999998,0.9088946928571424
1506988800,1.96584654,2.02969494,1.66543309,1.83964662,6921740.13687049,4111429.510692917,,1.4023166316000002,0.9237852833333327
1507075200,1.84854131,1.85830818,1.51362992,1.63656316,3817666.40836792,4134289.865402931,,1.4207196756,0.950905377619047
1507161600,1.63607736,1.74605155,1.41078494,1.68318709,3870822.42229662,4110111.0924600475,,1.4385082660000001,0.9947871771428565
1507248000,1.68273665,1.72897,1.52440413,1.60972267,3299010.64055494,4147016.009295608,,1.4599440912,1.0328470442857136
1507334400,1.60909083,1.61007999,1.49088339,1.58852041,3084614.89939255,4249820.209586272,,1.4820446773999998,1.0662102719047615
1507420800,1.57953871,1.61440201,1.15872624,1.19647389,2963370.86878459,4226743.430565644,,1.4926303699999999,1.1135877552380948
1507507200,1.19589405,1.57890793,1.18247962,1.43631086,5648853.34460442,4365331.789047611,,1.5040166152,1.1519273928571425
1507593600,1.42933764,1.48122627,1.33453987,1.40415879,4161729.4870004,4428596.145799275,,1.5089309222,1.1893865766666663
1507680000,1.39955214,1.51734914,1.37450178,1.4406422,3712080.23262341,4482031.897433093,,1.501829799,1.2085216299999995
1507766400,1.44059736,1.44123945,1.27285034,1.35365061,3398012.17515594,4531115.566691452,,1.4853343674,1.2338340804761903
1507852800,1.3535946,1.50940704,1.17016252,1.45347997,3064230.39967462,4560259.060643205,,1.4679975412,1.2614461799999996
1507939200,1.4526261,1.53701467,1.40237811,1.53585597,1832929.01144742,4530124.705643744,,1.4465161901999999,1.2932033176190472
1508025600,1.53544059,1.6733229,1.38980969,1.56000166,3195583.21405836,4522332.541904099,,1.4200765554,1.3242321438095235
1508112000,1.55982473,1.60527946,1.37650463,1.44508189,1722930.43173512,4453321.687601867,,1.3991522464,1.3592173542857138
1508198400,1.44548296,1.4713604,1.33832655,1.3918787,1092296.34723645,4192571.3910941547,,1.3740009842,1.395646442380952
1508284800,1.39154488,1.43441335,1.20651749,1.3254877,1510216.67388088,3844181.5824411227,,1.3556911643999998,1.4325539180952378
1508371200,1.32547769,1.36762138,1.23716474,1.28774808,1110600.2042902,3613461.081755654,,1.3343319302,1.4574122195238093
1508457600,1.28290371,1.36347385,1.20382281,1.23938249,1185477.58893284,3465417.402371615,,1.3215978085999998,1.4826167147619045
1508544000,1.23892553,1.27380241,1.16741105,1.26492975,915201.35420203,3252897.152482892,,1.3104817154,1.4909158071428568
1508630400,1.2646242,1.31054845,1.1764035,1.20283872,1172597.73486165,2883998.1787985307,,1.29599604,1.4868694266666662
1508716800,1.26364252,1.28045649,1.09569908,1.178978,1664196.86849798,2621121.0153799052,,1.2766732636,1.4853894380952377
1508803200,1.17577691,1.39301359,1.11796154,1.25084982,3018856.75896832,2581180.5329099256,,1.2551840916,1.4845906780952378
1508889600,1.25057206,1.27608399,1.16194819,1.27523485,1517017.75124807,2463490.299357498,,1.2349603876000002,1.4695980276190472
1508976000,1.27543851,1.27555005,1.0866214,1.21731161,1716372.06027673,2384358.3703435874,,1.2114274344000002,1.4321209157142853
1509062400,1.21728526,1.21921162,1.10572089,1.19599477,1434324.12117438,2301843.8314326787,,1.1952899212,1.4040829728571425
1509148800,1.19589077,1.20914967,1.13979015,1.18832024,1221210.35345682,2214735.80566629,,1.1873760372000002,1.3868768628571424
1509235200,1.19405603,1.26227421,1.15910399,1.23314204,1331014.85018581,1998843.8809453598,,1.1915212590000002,1.3646923161904758
1509321600,1.23321439,1.36670344,1.19638948,1.33488703,1556359.12706078,1868575.362948379,,1.1972361392000002,1.3449909876190471
1509408000,1.33488758,1.41066698,1.25875631,1.3483067,2231681.01555964,1794555.4020951905,,1.2014470738,1.3259338366666664
1509494400,1.32966293,1.346858,1.19255686,1.26513161,1392192.37191401,1694264.4119330938,,1.1975843404000002,1.3276799390476188
1509580800,1.26529322,1.37933788,1.19079494,1.29524699,2145352.02198237,1648320.4930484812,,1.2010884902,1.3228502328571423
1509667200,1.29584636,1.4830713,1.29408991,1.45878125,1913664.37419295,1652357.2611857578,,1.2063713048000002,1.320190609523809
1509753600,1.4585576,1.72138793,1.39708503,1.63903621,2239994.82163192,1604577.8415644357,,1.2141057974000002,1.311832962380952
1509840000,1.63351721,1.63870768,1.45449502,1.52865153,1494275.97990364,1593145.1189728617,,1.2201823402,1.309051837619047
1509926400,1.52840468,1.67109987,1.46348094,1.57523222,2428559.45289205,1659958.2742556415,,1.2246771842000002,1.309304279523809
1510012800,1.57488517,1.81958699,1.53722095,1.8001533,2882812.46785449,1728588.0639543221,,1.2318634164000002,1.3142176242857138
1510099200,1.8002294,2.11482528,1.7545422,2.04364532,5474047.38015158,1946760.422747391,,1.2472738426000003,1.3127247609523804
1510185600,2.04434096,2.18862127,1.92858075,2.01328026,5030096.7209808,2138991.379349789,,1.2639627612000002,1.3189223957142853
1510272000,2.02866879,2.06953864,1.62130437,1.80308282,3615479.72006702,2274005.2976430384,,1.2784982408000003,1.3383640433333328
1510358400,1.80199483,1.9304792,1.56977,1.68697298,2816888.3636144,2356219.8290806757,,1.2941101298000002,1.3725620252380946
1510444800,1.68696899,1.68696899,1.39295717,1.51708398,4930760.23371046,2519547.9973413,,1.3120182078000002,1.4071111766666662
1510531200,1.51447822,1.77419702,1.50688051,1.721079,3731987.02886048,2555204.5108359074,,1.3364050202000002,1.4339540495238088
1510617600,1.7189588,1.73968129,1.54402193,1.59411107,1927024.59298105,2575704.8529225565,,1.3611957792,1.4540513461904756
1510704000,1.5888148,1.64380551,1.45458374,1.56798552,2242269.39454601,2601999.7196360203,,1.3832165304,1.4690154061904754
1510790400,1.56776697,1.70580096,1.51256607,1.57108033,2864337.40256348,2673500.3837054754,,1.402580179,1.4948297395238088
1510876800,1.5713319,1.59534824,1.47773656,1.52105527,2264510.64791562,2725665.3984284154,,1.4175049562000002,1.5111755133333327
1510963200,1.50725663,1.6787382,1.48568371,1.66348271,2576997.02235058,2787964.507036654,,1.4362276428,1.5251160214285708
1511049600,1.66396501,1.70443972,1.57185974,1.60701568,2469154.80109304,2833604.290738267,,1.449648713,1.5419621509523804
1511136000,1.5912092,1.66088689,1.54463022,1.63352869,1952432.06436618,2819641.843178594,,1.4637567374,1.5574412223809517
1511222400,1.63575112,1.63806156,1.53152854,1.58563538,1608434.52870696,2830453.9510182417,,1.4721542088000001,1.5800680066666661
1511308800,1.62110537,1.63434497,1.546695,1.62209973,2086231.73003031,2827497.936420639,,1.4751208728,1.597871513333333
1511395200,1.62214403,1.62312696,1.53589112,1.58424688,3691026.82207607,2916366.0588147948,,1.4829812820000001,1.6120925447619041
1511481600,1.58209685,1.82809313,1.52455578,1.7491556,4490386.78757291,3028885.657111844,,1.4894875214,1.62339391047619
1511568000,1.74924307,1.95288016,1.67927235,1.90290627,4738526.6229398,3191098.189263652,,1.4918044075999999,1.6403923923809518
1511654400,1.90300472,1.95114476,1.79957341,1.8916287,2364861.18333454,3187913.275785777,,1.4841971682,1.6541542919047614
1511740800,1.89175375,1.97120493,1.77456024,1.97001237,2343413.57136925,3160943.3309615147,,1.4798462304,1.6679816419047615
1511827200,1.97091009,1.9712227,1.82289253,1.91853782,1988901.44368526,2986686.034138199,,1.4787999047999998,1.6805468828571424
1511913600,1.91983606,2.06877824,1.64258386,1.77719172,5775076.08438918,3023935.002308618,,1.4801192749999998,1.6978315099999997
1512000000,1.78749956,2.07914235,1.76449913,1.9936785,4102135.44965722,3048267.7887881277,,1.4859829469999997,1.7166305647619042
1512086400,1.99063238,2.15073426,1.91323377,2.07204148,3153385.97001328,3065092.669108072,,1.4920451127999999,1.7222679228571427
1512172800,2.07455018,2.11498485,1.98391339,2.06949459,1425349.63793998,2889822.139319548,,1.5075158824,1.7095796561904757
1512259200,2.0696693,2.72627141,2.04856359,2.30657339,3121156.55501268,2859280.615627158,,1.5171604216,1.7086462390476185
1512345600,2.30197556,2.59434469,2.27354214,2.55426219,3742818.39354212,2950070.3056552117,,1.5246210802,1.7214537942857144
1512432000,2.55426273,2.75827155,2.50923798,2.59883577,3791701.46608778,3027541.9092323002,,1.5356818062,1.7396691090476193
1512518400,2.59812452,2.85521353,2.35511999,2.62149007,4023312.27782216,3085490.652995234,,1.5500496235999999,1.777263842857143
1512604800,2.59587854,2.98677459,2.48084476,2.6877682,3792753.67783024,3161902.8044909653,,1.5623699159999997,1.816939232857143
1512691200,2.68760085,2.85938004,2.21566185,2.82431862,4145127.36634061,3240309.3216904667,,1.5777842644,1.8647832661904766
1512777600,2.82431291,2.85882616,2.35657443,2.69877199,2490178.77840105,3241360.520555867,,1.5976694749999998,1.91495014952381
1512864000,2.68371959,2.72135546,2.22517433,2.50945758,1747720.05603026,3231124.920139071,,1.6207445526000002,1.9681257623809527
1512950400,2.50945299,2.86689539,2.45496438,2.71757328,2281812.44038276,3264793.8157228613,,1.64533678,2.030185921904762
1513036800,2.71717013,2.80893608,2.57813307,2.68599463,2343876.11110179,3277676.0347764352,,1.67258239,2.079485411428572
1513123200,2.68653354,2.88259823,2.56059284,2.78032912,3037081.51531074,3244978.769438169,,1.7033138008,2.1224588352380955
1513209600,2.77850762,3.17776892,2.74796366,3.16813223,3999245.34628348,3220421.697373697,,1.7325015908,2.1740800061904766
1513296000,3.1731224,4.42705,2.95477731,4.22710406,5964347.7828534,3281712.7553693773,,1.7573921474,2.2264780657142857
1513382400,4.18398368,4.74948321,3.87410815,4.67838516,5424192.51101599,3434679.3217534497,,1.7876868386,2.2816318461904763
1513468800,4.70208264,6.7264682,4.61997783,6.0801127,9862073.83744792,3810612.335057383,,1.8178271712,2.357054958095238
1513555200,6.07993731,6.15866591,5.08098674,5.99922807,6202178.3535149,4021276.1805488644,,1.8484167572,2.475052503809524
1513641600,6.00678466,6.54552583,5.40102706,5.83716392,7726343.91118358,4118839.5718885846,,1.8862747048000004,2.6072181652380957
1513728000,5.8364097,5.84811841,4.72419563,5.16345291,3755920.65993478,4101528.8324024626,,1.9464705538000002,2.8066697842857145
1513814400,5.16338265,5.70604682,4.74453081,5.17599139,4841132.13169971,4185916.1404867843,,2.0161183616000002,2.9985371985714284
1513900800,5.19723253,5.23943793,3.28633097,4.51279931,3708244.33460823,4300060.875320197,,2.1139542108000002,3.1851384414285713
1513987200,4.5138505,5.3255406,4.38179062,5.02126984,3345551.07049001,4311280.601094064,,2.2092759314,3.346388974285714
1514073600,4.99250475,5.45380807,4.28390419,5.38988375,4713522.51679718,4359815.807256817,,2.2993214692000006,3.4979276833333337
1514160000,5.37975288,7.08532027,5.2874461,6.61430666,5418590.29835894,4441160.248870376,,2.3756243934000003,3.6141542466666667
1514246400,6.6165806,10.85466103,6.49022758,9.3222583,11381048.18560828,4809047.044259681,,2.4538415890000005,3.7547149728571427
1514332800,9.40076614,11.32237305,8.33611895,10.04028818,10143141.4932626,5126566.4350313,,2.5181926354,3.9015392757142857
1514419200,10.04307629,10.2520653,8.18263578,9.49039409,6208698.58231002,5229744.99582977,,2.5894424072000004,4.094874726666667
1514505600,9.48520278,9.6400121,8.4703326,8.78008932,3453874.78693375,5277929.796256406,,2.664459358,4.415037704285714
1514592000,8.73211418,8.79498768,7.2642063,7.79086846,3458201.98151737,5363453.892530762,,2.7661724606,4.768313804761904
1514678400,7.79086692,8.8710111,7.69936496,8.65228603,3688476.57243642,5433787.099133445,,2.9211129822000004,5.0922483709523805
1514764800,8.65230317,8.74353857,7.91159595,8.49318222,2413075.0468994,5437247.045923324,,3.0859156798000003,5.37585649952381
1514851200,8.48540743,9.25505823,7.96848516,8.75869114,4574819.18001857,5514133.929158716,,3.2348506552000003,5.618337283809524
1514937600,8.75750963,9.6510988,7.95283608,9.48131149,3709476.22431942,5499645.473060513,,3.3701868364000007,5.910852924285714
1515024000,9.47663531,9.56577871,8.80831777,9.23494989,7088517.89734826,5555853.978785256,,3.4899425492000007,6.185881921428572
1515110400,9.2351033,16.87196145,8.998143,14.92100264,15214371.12156973,6045362.909312943,,3.6292488102000005,6.475057945714285
1515196800,14.89977124,23.83565896,14.63192439,22.67564667,19695475.90314619,6537033.012597856,,3.7687707750000006,6.794152344285713
1515283200,22.67005183,22.74825673,18.14856719,18.58197132,8751579.88982121,6664503.089413172,,3.9095230178,7.083048423333333
1515369600,18.59387266,19.16393431,14.97457366,18.16239203,10554237.93318892,6805897.790513439,,4.067267026200001,7.59228168904762
1515456000,18.16066347,20.29407574,16.59967345,17.55170061,6830156.26384506,6959609.570708955,,4.2206063136,8.449294141904762
1515542400,17.58396966,17.65483966,14.85,17.55273513,3814256.43664172,6908265.785956055,,4.4876047598,9.044620742857143
1515628800,17.54516945,23.65989119,15.11502865,21.23344203,10195667.25164751,7232636.931808019,,4.9106965878,9.623819026666666
1515715200,21.26657725,24.92406975,19.88282614,22.18754668,10075689.20941051,7569143.838754045,,5.24906636,10.181654107142856
1515801600,22.20688616,23.51287578,20.87493749,22.11761071,4238103.89147755,7545372.907488063,,5.580173887,10.771619927142856
1515888000,22.11617012,22.12237127,18.98925187,20.79799326,2863700.83307856,7417628.434224044,,5.8985373254,11.536260433809522
1515974400,20.79795519,23.6437692,19.0827457,19.58369833,6784509.70760379,7187801.51032382,,6.2178793204,12.37791507047619
1516060800,19.5740582,19.6925552,8.14410231,13.88243661,12872206.3047925,7324254.750900315,,6.6101061664,13.19202654047619
1516147200,13.88380922,15.68720588,9.5539124,14.43989241,6648938.68204033,7346266.75588683,,7.0221721623999995,13.92574604095238
1516233600,14.44578223,16.25775361,13.61438314,14.43597301,4424460.6671532,7394796.049897803,,7.4295412646,14.54333612047619
1516320000,14.44534495,17.24642625,14.09773817,15.04494291,3633627.66427691,7403567.334035779,,7.8074430044,14.760487468571428
1516406400,15.04059709,16.69611588,14.97577483,16.19021001,4749032.80540425,7456595.145684171,,8.161284397000001,14.969992431904762
1516492800,16.19957986,16.37449984,13.22999337,14.14776683,4567750.57791022,7564328.922234711,,8.3995328818,15.20549619
1516579200,14.13792672,14.42856932,11.76853614,12.94901783,4853544.50695494,7578265.188581529,,8.6499599736,15.50382255142857
1516665600,12.9482416,13.99291124,11.64905471,13.19280249,2400875.97402376,7512835.176066746,,8.9031355994,15.903791196666667
1516752000,13.19197466,14.21844186,12.66270442,13.85868328,3618052.56969302,7339311.909683985,,9.1641608876,16.16548075857143
1516838400,13.85869241,14.09771178,12.39718975,13.13909046,4686542.01754073,6812920.454482535,,9.446524258199998,16.377663406666667
1516924800,13.13445089,13.5852239,12.1271649,13.16607822,5111859.39757983,6083739.629204216,,9.688089702999997,16.588811566190476
1517011200,13.14056952,13.46796375,12.78823413,13.26694536,4062061.07192104,5849263.688309208,,9.9009385918,16.797257841904763
1517097600,13.26670491,13.68285157,13.09035709,13.49447648,3737986.12733105,5508451.098016314,,10.1137093978,16.98316929761905
1517184000,13.49066996,13.57682998,12.56895595,12.69715508,3138283.40030606,5323857.454839365,,10.338906347999998,16.899601468095238
1517270400,12.6956367,12.74336387,10.87572824,11.20587938,2079325.21134149,5237110.893574352,,10.549258355799997,16.451568072380955
1517356800,11.20733785,11.3842036,10.41922738,11.12535409,1940384.39945353,4824346.750964655,,10.758824556199997,16.209306413333334
1517443200,11.12651167,11.3288679,8.35378879,9.34005532,2304575.10303108,4435791.045645683,,10.967677090999999,15.949057034761903
1517529600,9.34362782,10.6326909,6.89495475,9.6912244,2792803.15652776,4363526.008898193,,11.183591180799999,15.646875071428573
1517616000,9.67955171,10.33312987,8.44364398,9.77852634,1859992.49529546,4313340.592009039,,11.3873451308,15.340809307619049
1517702400,9.76768091,9.7861279,7.90128981,8.37688343,1661689.70574701,4057199.591916199,,11.557111252799999,14.77445755952381
1517788800,8.37687447,8.54071614,5.95624302,6.67946773,2195304.35830465,3523354.494591807,,11.725898441999998,14.179394593809526
1517875200,6.67701577,8.69662284,5.44138642,8.31133696,3300785.48431213,3355946.8347053966,3.8211489344,11.857092965999998,13.591819147619049
1517961600,8.31582934,9.43959595,7.34390228,8.06432548,2641868.39763679,3266817.2212295765,3.8767496278499998,11.987554809399999,13.000337727142856
1518048000,8.06465343,9.20452819,8.03329688,8.74223866,299788.21285973,3100125.248658717,3.9320020771,12.098583255,12.385850555714288
1518134400,8.74445152,10.03557582,8.21769919,9.85742079,3468953.59015443,3036121.287896226,3.97832843945,12.172553220399998,12.120560096190477
1518220800,9.85764493,10.38979858,8.78153761,9.27186757,3048513.51617362,2960159.4348093956,4.0263336314,12.184540320999997,11.81696167095238
1518307200,9.27140421,9.4077871,8.13484258,8.69353531,3142991.44860457,2874631.7818918773,4.07479374655,12.2307824988,11.545831463809526
1518393600,8.69920887,9.46468269,8.67534098,9.34711971,1970124.31162597,2853094.198771988,4.1161360066,12.275325729999999,11.298806600952384
1518480000,9.34210429,9.38363611,8.74894494,8.98853934,1995542.45023889,2771968.6927992813,4.1489407182499995,12.346901444999999,10.969361722857144
1518566400,8.98513928,10.65944038,8.96223017,10.44131423,2522547.93896016,2663768.988870253,4.189941913,12.440530033,10.709636412380954
1518652800,10.41660752,11.34380429,10.08031378,10.88506806,3072185.50568585,2561785.2942755534,4.2296719799,12.535711398199998,10.538117454285715
1518739200,10.8880982,11.3068374,10.36891125,11.24201273,2739586.02820907,2495661.542089955,4.27278515325,12.6091567076,10.33791444714286
1518825600,11.24480856,11.95486802,10.88192477,11.73531394,2463283.04354673,2431926.387900739,4.3214902125,12.688301426799999,10.175182587619048
1518912000,11.74911053,11.76003079,10.60865989,10.68955774,1980933.40039975,2374058.8879054235,4.36731985445,12.735786080399999,10.067848187619047
1518998400,10.69476206,11.26206993,10.58942059,11.07419721,2167212.48979591,2378453.2518281443,4.4102607899,12.758167198999999,9.976226021428571
1519084800,11.07209623,11.22886434,9.6505829,9.90543169,2160214.42772887,2389444.753241911,4.45645556795,12.7750627966,9.903291191904762
1519171200,9.90712752,10.30445902,9.07299252,9.42703111,1865980.9654232,2367515.046361517,4.5008752245,12.810095169399998,9.769723632857144
1519257600,9.42936825,9.82897918,8.6488648,8.88966383,1905568.30388384,2323153.3037293213,4.55254664655,12.869199661799998,9.692439924761905
1519344000,8.88755571,9.7523688,8.62590929,9.7512984,2421288.10298896,2351218.0841139965,4.60643512625,12.927173447400001,9.630513844285716
1519430400,9.73849747,9.89008256,8.72016825,9.1085286,2157058.00212338,2375986.498932815,4.66212175015,12.975611671,9.549641321428572
1519516800,9.10521494,9.52521438,8.91309222,9.38551529,2448323.43665858,2388637.4528505118,4.7202982921,13.003856660399999,9.528194107619049
1519603200,9.37148903,10.1433795,8.98556158,9.91469955,2309837.08057831,2339090.032663821,4.773242444299999,13.0172234598,9.531054774285716
1519689600,9.91090998,11.1339852,9.78179013,10.56052634,4456401.85204428,2429816.7053841953,4.8280784069,13.0053905066,9.499150120000003
1519776000,10.56140063,11.17703704,10.29713918,10.43770396,3433269.54386204,2586490.771934311,4.877068772,13.015717476799999,9.547180208571431
1519862400,10.43792675,10.67709985,10.21900756,10.457895,3949163.02219872,2610501.2435365254,4.9235550919,12.899467995999998,9.70123886666667
1519948800,10.46344279,10.58094849,10.12153146,10.22645747,2738076.50893764,2594979.3931747265,4.96734896165,12.633665368399999,9.808343122857146
1520035200,10.22691441,10.47752332,10.01255257,10.19641562,2190303.49896937,2547344.9956929665,5.0153566042,12.460319933,9.921361145714288
1520121600,10.18546776,10.50037047,9.85144689,10.38769407,1943964.13075997,2546036.9866496664,5.0597701134,12.3082826192,10.003059066666669
1520208000,10.38937059,10.50667268,9.98780296,10.03761103,2371496.90695552,2564834.709485498,5.10544986515,12.166002686199999,10.020632241904766
1520294400,10.01626399,10.11366787,9.10087308,9.40604254,1953888.89615215,2536401.7573450976,5.153271812650001,12.0241058836,10.064658339523813
1520380800,9.39336385,10.24392131,8.10629248,9.05125525,3785492.95180417,2572067.1296510133,5.2041130734,11.803966192399999,10.14533256619048
1520467200,9.05175327,9.15796343,7.98002158,8.28613518,2715339.95746421,2570854.8261137707,5.2540721276,11.564143571199999,10.178213105238099
1520553600,8.29094421,8.3356195,7.05332833,8.31179121,2010474.9632586,2548214.422099364,5.3020567624,11.329545238399998,10.198094210000002
1520640000,8.30703603,8.37780748,7.58415829,7.6597119,2189680.37560466,2558651.7708596094,5.3466372398,11.114337593799998,10.1319009252381
1520726400,7.6580649,8.46608173,7.27177713,8.24952623,1956555.48980391,2548118.9208600097,5.3922830634,10.910784477999998,10.008142216666668
1520812800,8.25365522,8.5269427,7.62887104,8.01895545,2680957.11618046,2574156.055282589,5.437034175049999,10.814160850799999,9.86860785857143
1520899200,8.01748244,11.11677007,7.81497233,10.1680029,11315893.29843057,3046651.6719329576,5.477398336049999,10.691085706199999,9.674531570952384
1520985600,10.17191996,10.68657128,8.4346744,8.94641118,6355399.52326644,3269143.2329020877,5.5123620888,10.568602070199999,9.558339594285718
1521072000,8.94600449,9.42758401,8.27974143,9.12334396,4905707.27268197,3393364.1913867383,5.54730178905,10.42089745,9.412851891428575
1521158400,9.12123726,9.42530707,8.54371275,9.08361018,4681184.30833198,3519570.506697168,5.5761805729,10.262083774399999,9.425355282380956
1521244800,9.08176352,9.56263682,8.65340179,8.95949478,4555520.08471481,3624930.33909998,5.604108826299999,10.139507546799999,9.402468619047623
1521331200,8.95463639,9.00281733,7.76957315,8.975621,4363197.83547403,3727598.376844766,5.62997309755,10.0838872482,9.413596244285717
1521417600,8.97298571,9.36977844,8.45735323,9.02528474,4016613.11944403,3705608.940214753,5.6581646601,9.998959421999999,9.38180156714286
1521504000,9.02084966,9.28528699,8.60770946,9.16685055,3966271.05130634,3732259.0155869676,5.686414582549999,9.904252635599999,9.374704718571433
1521590400,9.17037436,10.33697653,9.07499505,9.9581872,5054166.61061209,3787509.195007636,5.7242355086500005,9.82314303,9.355185942857148
1521676800,9.95674813,10.94703141,9.50038241,10.07450647,4457808.94520832,3873495.8168211705,5.75798402585,9.739011361200001,9.31283285666667
1521763200,10.07404598,12.00952129,9.49805883,11.76599855,6427780.84181476,4085369.6839634394,5.7935963129,9.653184873999999,9.246467342857146
1521849600,11.73249246,14.9518904,11.5411695,13.23260962,8480706.03341387,4412206.779096135,5.828433551450001,9.563801039200001,9.223633211428576
1521936000,13.26139023,14.25365214,12.4958293,12.92068705,6418785.22226585,4614571.194861651,5.86177289275,9.493194948600001,9.205376614761908
1522022400,12.90788964,12.98315689,10.87589713,12.02518158,4018444.96083089,4717798.998095589,5.89483996435,9.468241105000002,9.27868809476191
1522108800,12.02853495,12.29724375,10.84782897,11.52847725,3419623.27552086,4699505.514281423,5.928713549599999,9.447224152600002,9.423268761428577
1522195200,11.52973861,12.26358546,11.27937923,11.65206006,3294411.65298228,4728459.099057326,5.9623399153,9.4957430172,9.54388747476191
1522281600,11.63589784,11.7248045,10.03357763,10.16874825,2941613.78578315,4775016.040183554,6.002082279400001,9.566570721600002,9.638533691428577
1522368000,10.16665959,10.82751757,9.5442553,10.38742305,2469593.86055186,4789011.714430915,6.044581450749999,9.629413935800002,9.739602010952385
1522454400,10.36981425,11.50121241,10.26013565,11.05126037,2812472.14212031,4831807.547046735,6.098193499850001,9.702379898800002,9.863449859047623
1522540800,11.04847742,11.31987463,10.3483636,11.08756753,2950117.09611136,4845265.54604328,6.159409093750001,9.799360089200002,9.953098100476195
1522627200,11.09228321,12.68179375,10.99064311,12.58887308,3489384.10690552,4453940.086467028,6.2189787046000005,9.866174551200002,10.051937711904765
1522713600,12.58882845,13.9780885,12.24360704,13.30159463,3791427.83094525,4325741.501850968,6.2721589553,9.908263006600004,10.213440020000004
1522800000,13.29915615,13.50041242,11.81428245,12.17092387,3116221.38845015,4236267.207639378,6.3247357778,9.941166694400003,10.348584843809528
1522886400,12.17066412,12.71767248,12.05898583,12.50168075,2828225.66643613,4143619.275544585,6.37815107155,9.965043486000004,10.566199969047622
1522972800,12.50187059,12.67282719,12.01649157,12.26918323,2593711.45192348,4045528.843905018,6.4242540008,10.001357485200005,10.715418622857147
1523059200,12.26915649,12.66550146,12.23286586,12.48357,2293698.48434367,3942053.8763485,6.47096871825,10.079264240600006,10.86896684619048
1523145600,12.479588,12.58109149,12.06467833,12.12056377,2072000.80614728,3844823.2606836623,6.521023073049999,10.158353739000004,11.029840026666669
1523232000,12.12511144,12.57480127,11.5003617,11.88888944,2243169.11063584,3758668.163650138,6.5717812337999995,10.222001429600004,11.181533981428576
1523318400,11.89240403,12.42691527,11.8223776,12.08149655,2366275.15620592,3624273.5909298295,6.631284299499999,10.263208760000005,11.349347087142862
1523404800,12.07662793,12.32347834,11.77597294,12.2857293,2489886.65671322,3525877.4765050737,6.69376932125,10.290891063400004,11.49910626666667
1523491200,12.28568948,13.2508593,11.85835,12.99991672,3543134.64701434,3381645.166765053,6.750614552849999,10.315722208800004,11.6354683952381
1523577600,12.99978541,13.86163706,12.55793017,13.53906023,3777055.13756196,3146462.6219724575,6.80914976775,10.323427205400005,11.774261061904767
1523664000,13.53428808,13.88711337,12.93893185,13.29389562,2320556.37358215,2941551.1795382723,6.8659719369,10.347413839400005,11.885096400000005
1523750400,13.27597331,13.68007517,12.85041674,13.0544931,3042697.68517879,2892763.815755667,6.924268263399999,10.367559826200006,12.024401650000003
1523836800,13.05903852,13.10834093,12.06507503,12.21429616,2028358.91951004,2823200.597955126,6.9810023707,10.415165778400006,12.108833158571432
1523923200,12.20392157,12.46220707,11.60758583,11.77109937,2145608.20225413,2765760.4254187187,7.0369365916,10.486623490600007,12.111751539523814
1524009600,11.77028038,12.4777198,11.48911037,12.31271598,2493160.9010529,2743337.7811822062,7.093750121599999,10.579611418600006,12.118123256190481
1524096000,12.31268726,12.47764325,11.99094248,12.36584885,2249750.97844126,2732345.6370766764,7.1513245425,10.650463363000005,12.127128712380957
1524182400,12.36341606,12.79476135,11.92084875,12.5845157,2099053.03371872,2696674.6816565967,7.21239940275,10.729382653000005,12.138682146666671
1524268800,12.57470109,13.8116956,12.43249166,13.36010568,3638006.54707029,2731069.154204543,7.2754794161,10.785958270400005,12.170141952380957
1524355200,13.3544962,13.43192583,12.81339385,12.87233871,2172109.91749301,2665205.4447339177,7.3376359727,10.823086266800003,12.274765790476195
1524441600,12.8887794,13.91793094,12.84288397,13.63285729,3277467.76691382,2639507.441532346,7.3971524044,10.858130059600006,12.379389250000004
1524528000,13.65161883,15.74709913,13.62577445,15.16782199,4280879.47149888,2697740.345684782,7.45136027485,10.896692957400004,12.489334264761908
1524614400,15.15248605,15.91936574,12.91225848,13.3502164,2791319.68597389,2695895.0466616703,7.50386346045,10.939225371400005,12.574323368571433
1524700800,13.34168774,14.74393392,13.1456235,14.64342577,2965964.18500575,2714507.6833157833,7.5590185218,11.001898335600005,12.624036902380956
1524787200,14.62661329,14.79829633,14.10305359,14.275112,2586777.81386552,2729161.649791876,7.61325934415,11.055416797400005,12.712904871904765
1524873600,14.27026405,15.35107907,14.17686992,15.16366497,2668129.45527841,2758968.0822484326,7.6663519359,11.120320061800005,12.769061659047622
1524960000,15.1594759,15.38346075,14.51126475,15.02090069,1955840.19403718,2744601.6364184995,7.7239542312000005,11.222924281000004,12.871049517142861
1525046400,15.01749429,15.13783209,14.02703617,14.32726225,1716758.59808096,2712125.8085122514,7.78013310895,11.301807758200006,12.966569934761909
1525132800,14.33169757,14.33480552,13.472075,14.14842169,1779543.09663174,2676608.630508178,7.83988145995,11.413651168600007,13.09419350476191
1525219200,14.14575816,14.41428028,13.84033661,14.37823055,1714932.82883634,2585198.5395992775,7.907671956550001,11.533430705000008,13.23230478666667
1525305600,14.38776107,14.83968483,14.018133,14.61991473,2158015.7167839,2504246.5685603744,7.9664804364999995,11.670468180200007,13.348417777619053
1525392000,14.60810965,14.68268815,14.18181525,14.34091175,1585924.50506453,2467514.975134494,8.0337151959,11.817691956000008,13.446842784285721
1525478400,14.31936775,14.61746943,14.15084062,14.36348283,1499879.90361697,2390374.086056403,8.0979092016,11.939246676400007,13.546485700952385
1525564800,14.36441645,14.86905393,13.5592277,13.93795166,1632247.44718902,2370568.5124403522,8.1667067325,12.061836001200009,13.623628463333338
1525651200,13.92973675,13.96625793,12.86801303,13.71646815,1304066.23566084,2328491.4141106876,8.234608024949999,12.146040554200008,13.661811869047623
1525737600,13.71268716,13.94521419,13.07025499,13.4825229,1188775.18874721,2263272.1284954036,8.299476083150001,12.259510625200008,13.712744593333339
1525824000,13.48966467,14.90501238,12.9862152,14.6321333,2504214.96629987,2275995.3278883337,8.36295079175,12.363861981000007,13.754814048571435
1525910400,14.64745087,15.05554904,13.78264734,13.82273017,1834195.15573921,2262752.433989358,8.42716266465,12.469459434000008,13.826346048095242
1525996800,13.80076001,14.11837076,12.53217395,13.00712051,1457818.29505779,2153743.0213887333,8.49246223,12.569028571600006,13.907842406666672
1526083200,13.01844602,13.18309911,12.23369614,12.9751085,1119742.56599913,2101124.653814039,8.5569413793,12.663845514600007,14.018290850476196
1526169600,12.97481381,13.56023956,12.67099266,13.18949541,2612760.33321917,2067889.282129307,8.62179939995,12.752990277800006,14.087666151428577
1526256000,13.19058686,13.20986646,12.28481408,12.85186325,1321847.8194692,1919937.6995278231,8.68486171975,12.862295932800007,14.107790190000006
1526342400,12.84632354,13.3583049,12.48831383,12.55485797,1408704.27859102,1850806.9291586797,8.7470053201,12.939586792200007,14.089456990952385
1526428800,12.56042276,12.58595803,11.90080585,12.29401237,1114094.01931434,1758213.4208741095,8.80822102215,12.998239073000006,14.104559690952385
1526515200,12.28943049,12.96343226,12.2028899,12.38965912,1755636.86443904,1716656.3734027855,8.8750570399,13.022421272000006,14.067369498571436
1526601600,12.38624764,16.28731022,12.03693757,15.13195684,8125427.30663917,1989521.2659708236,8.938156497149999,13.021558987800006,13.942942640476199
1526688000,15.10894737,15.72059212,13.96333646,14.32834183,4806502.56421496,2132054.3844797127,8.997297209700001,13.020182511800005,13.892647210476198
1526774400,14.32500675,14.39154063,13.65116588,14.12006697,3436772.54593247,2218055.081872288,9.055918503100001,13.030776039600006,13.785324989047623
1526860800,14.12205219,14.82183001,13.74271179,14.69685535,3472251.52124794,2302690.503103098,9.115489805900001,13.046086742000007,13.826127124285723
1526947200,14.70164898,14.8679325,13.67972131,13.89599408,2994022.66027234,2366644.9946748978,9.1736625641,13.060838723200007,13.786349831904769
1527033600,13.89598973,13.95116267,12.25391392,12.49060612,2257704.01917905,2371629.4097946556,9.2304568801,13.160102895000007,13.743452988095246
1527120000,12.49570965,13.21520917,12.03792297,13.01824218,2102520.50284072,2397459.209683465,9.285985340749999,13.238921270600006,13.76105265952382
1527206400,13.01781275,13.40530437,12.59067145,13.06328625,2006156.43826197,2422773.036415715,9.34176792615,13.300297402600005,13.749032297142865
1527292800,13.02056792,13.35408447,12.65291517,12.76092247,1827071.97920751,2432514.2630166393,9.4107532752,13.372483159000005,13.659145419523819
1527379200,12.75874325,12.8141018,12.29538097,12.60739894,1517156.383097,2443168.770388447,9.47565345085,13.398625579000006,13.582875298095246
1527465600,12.60793553,12.79726403,11.64125556,11.90135656,1230382.15105174,2445249.1185036735,9.539928127649999,13.382405808800003,13.522035988571439
1527552000,11.90327025,12.69711155,11.6868139,12.60353551,1672675.83664872,2403672.162021116,9.60693616945,13.399352175000006,13.445723590476199
1527638400,12.60361995,12.7962119,12.19107721,12.58226915,1516997.3880522,2387812.2736367653,9.6691222336,13.410584285000004,13.382363937142868
1527724800,12.57654461,14.27368049,12.40050441,14.21019314,3059468.75821809,2467894.7967947805,9.72338008315,13.420419069800005,13.295930051904772
1527811200,14.22090837,14.48291372,13.6771607,14.25400224,2664437.28432355,2545129.5327110016,9.780828036399999,13.422895648600006,13.25407350952382
1527897600,14.23668494,14.8898789,13.97042317,14.68848588,2788311.98265431,2553907.1151827583,9.838268306549999,13.418511504400005,13.156460930952392
1527984000,14.68564509,15.11328966,14.28671903,14.66985095,2514608.87710855,2613545.168064726,9.8930721524,13.432804425800004,13.174911548571439
1528070400,14.67389461,14.69909215,13.62426989,14.27075355,1925429.99922274,2639381.454096312,9.9458909205,13.442819877800005,13.234286869047631
1528156800,14.27111525,15.67637052,14.14570059,15.61202613,3208376.69033844,2744095.587647517,9.995331302,13.481309154600005,13.31587626809525
1528243200,15.59451019,17.4045274,15.27987691,17.28600837,4191991.46228268,2865913.317539699,10.04933356545,13.506390865000006,13.386369389047632
1528329600,17.26740459,17.45712288,16.07762771,16.27864004,3339102.92259969,2626597.098337725,10.1038100463,13.529379378000005,13.453935593809538
1528416000,16.25402258,16.65751377,15.74570263,16.27724,2560353.06914875,2514289.6235844144,10.1672755921,13.556898484600005,13.599515030000015
1528502400,16.27345851,16.89273039,15.84918453,16.02368325,2400756.71853186,2462488.832214384,10.2299402083,13.581223693600007,13.837229125238112
1528588800,16.01222289,16.05420447,13.4329737,14.19618959,2018203.4501668,2389786.4286603266,10.295412082350001,13.649178293000007,14.022418692857158
1528675200,14.1963468,15.51363308,13.71247084,15.48634811,2324445.78919969,2356307.585106694,10.3609214095,13.759476473000007,14.076955986190491
1528761600,15.48986649,16.20305081,14.90458278,15.23718358,2552145.66082749,2371029.667189116,10.424419775599999,13.838794954200006,14.157686530000015
1528848000,15.25138672,15.85375969,13.61308297,14.57850713,2215349.80609094,2376671.132351627,10.4948746299,13.917022777200007,14.161311416666681
1528934400,14.57496454,15.24931756,14.03125229,14.85312767,1625278.42972077,2357627.231924567,10.572987258200001,13.985806128200005,14.198906310000016
1529020800,14.84658591,15.67884626,14.63947128,15.00405872,1860110.49563972,2359279.1577461776,10.64634538,14.002527806400007,14.262772476666683
1529107200,15.00418373,15.9785535,14.84819885,15.77504832,2128921.39864689,2389867.4085236723,10.719563936550001,14.054807994400008,14.36219633428573
1529193600,15.77746258,17.20393949,15.69957818,16.59697868,2552531.05529822,2455974.853735996,10.791754175900001,14.086894520200008,14.449571833809541
1529280000,16.58647785,17.27705261,16.13805591,16.8291187,2472892.51928654,2495985.6878678873,10.8546246252,14.075108223000008,14.541989570476206
1529366400,16.81318907,16.96560565,16.09232231,16.74859767,1890172.13701763,2514644.4253161587,10.924135131349999,14.10516644840001,14.68551937285716
1529452800,16.73948589,16.85757528,15.59215339,16.05232434,1365024.587966,2429922.2168035544,10.99157527125,14.11237910740001,14.875499360476207
1529539200,16.05582732,17.40287977,15.83169149,17.08075456,2648169.98777578,2429108.851976166,11.054953275549998,14.142377833800008,15.110154700476206
1529625600,17.08075456,17.27182222,15.14689206,15.59365117,2631439.04115578,2421265.2049012394,11.119760770400001,14.171044108000007,15.307538612857158
1529712000,15.59676202,16.1099796,15.40959078,15.66525145,1821577.79836493,2386613.650964058,11.18493100215,14.207208468200008,15.472779336190492
1529798400,15.66520207,15.76344443,13.38729204,14.45392941,1715372.76868026,2376110.789436934,11.25421355465,14.255635176600007,15.60947273714287
1529884800,14.44096173,15.1391933,13.77485847,14.92324927,1166901.1148009,2274037.010660057,11.32831248945,14.293713229600007,15.673265543333347
1529971200,14.90620531,15.0355364,13.76107699,14.06422918,1972768.42993139,2163075.8590424927,11.40248969045,14.347763709800008,15.719778189523826
1530057600,14.06634308,14.34423112,13.76427163,14.06629958,1150007.60594625,2053621.0932098206,11.4758724714,14.367238438600006,15.709496211428586
1530144000,14.05917957,14.93167001,13.78106215,14.16169038,1577305.70484689,2004468.7249947276,11.54578662015,14.393725232600007,15.740567436190494
1530230400,14.14468341,14.77368019,13.7291431,14.5022019,1228432.06508917,1945852.4923225932,11.619657526000001,14.395534164200008,15.666862819523825
1530316800,14.5030613,15.13432505,14.23747788,14.661379,1111627.10154819,1900523.6748916626,11.6848544709,14.415240116400007,15.51354335333335
1530403200,14.67173629,14.73665215,14.02940697,14.34390899,868509.53823788,1827726.862343572,11.750186549299999,14.422195337000007,15.412736226666683
1530489600,14.33445557,14.73929233,13.94684628,14.61716256,1099695.15179163,1755104.3368917792,11.809348746000001,14.433870870600009,15.328210602857158
1530576000,14.60357502,14.80534015,13.97316047,14.16097674,1196380.83366139,1704155.8882703017,11.870526151349999,14.424462012200008,15.263338971904776
1530662400,14.16175517,14.30876317,13.7048592,14.0113715,804760.54102011,1663129.9938352688,11.926725704149998,14.43805144680001,15.270373229047634
1530748800,14.00663182,14.178537,13.35160959,13.76972266,882410.8506857,1614245.0115875679,11.983563342099998,14.471136616600008,15.228983440952396
1530835200,13.76822035,13.87915132,13.14588595,13.39030319,770206.31458296,1546309.2573843712,12.0418245061,14.498512626400007,15.177735496190492
1530921600,13.40796551,14.33758538,13.29553942,14.1496618,2278493.20769617,1532607.3650042687,12.1007476492,14.527065969400008,15.150729037619064
1531008000,14.14879258,14.22039114,13.83567149,14.01106373,1552022.46704583,1486563.8623922332,12.16062457105,14.553248239200009,15.09913832285716
1531094400,13.98906708,14.06828021,13.43473875,13.53024093,976330.98486044,1440871.8047843736,12.2184424704,14.58237850980001,15.022292821428588
1531180800,13.52848997,13.55478152,12.57805413,12.79936256,908496.23714688,1418045.3872434176,12.27568762205,14.611892715600009,14.944893463333349
1531267200,12.78582596,12.86228423,12.13902648,12.69951195,862216.39562273,1328747.7076357652,12.32535698545,14.631905597000008,14.821754656190492
1531353600,12.68551344,12.76774941,11.78869179,12.12752151,631774.28923322,1228764.470039637,12.37202191715,14.612259696200008,14.664665238571445
1531440000,12.12403001,12.45913699,11.96463699,12.17236517,814545.78912591,1178412.869577686,12.41046996695,14.60591413420001,14.476606423809539
1531526400,12.16535666,12.29391186,11.91021027,12.03852736,639227.34575748,1124605.5984315472,12.44742534255,14.594117613400009,14.316948690952394
1531612800,12.05252534,12.40050989,11.98585165,12.30935416,820433.14338747,1107282.1998608757,12.48898783195,14.556167757600008,14.081080450476204
1531699200,12.31143801,13.52007015,12.10633632,13.3750074,1298394.57147428,1073563.5069380202,12.53322588605,14.532238115000009,13.918162069523822
1531785600,13.41986059,13.92997716,12.8164512,13.77595542,2039363.1017533,1118031.2817283727,12.574997133750001,14.524976422800009,13.745460922380962
1531872000,13.74028573,13.95409818,12.66351988,12.84127165,1924480.78881855,1135390.0359269558,12.616429949999999,14.50805888260001,13.643338291428583
1531958400,12.84755949,13.41005042,12.70553829,12.9546084,1273116.39400451,1137624.2523727226,12.65482116055,14.487563704800008,13.569612488095247
1532044800,12.95888437,13.0018688,11.79592786,12.0791482,995409.72673188,1131813.3836319072,12.68850934935,14.478532338600008,13.555885166190484
1532131200,12.07694919,12.47563161,11.81383281,12.18188678,849705.55879866,1130873.1846599462,12.716299641900001,14.493884507800008,13.497550502857152
1532217600,12.17713713,12.31491031,11.90956365,12.14466525,595344.346688,1105655.6444047648,12.7298809872,14.53137648500001,13.440070408571438
1532304000,12.14289254,12.4370831,11.78276211,12.02516204,905111.16364083,1091092.1609037367,12.741226317099999,14.536131207800011,13.324686899047627
1532390400,12.02226415,12.29507982,11.5706907,12.11883993,1536939.09560647,1127701.0886330546,12.76064938365,14.54357799280001,13.206615840952391
1532476800,12.10984581,13.5818322,12.081467,12.99920244,2273991.22788421,1197280.10749298,12.78562871415,14.50095709400001,13.10188994857144
1532563200,12.99950137,13.67287986,12.88655608,13.33378168,1958109.06034591,1256675.2447811277,12.810880730100001,14.45951478480001,12.978461352380961
1532649600,13.33383214,14.11030737,12.99892339,13.98993045,2002863.39865647,1242893.7543291426,12.83239234195,14.40863837220001,12.88121674238096
1532736000,13.98702447,14.89770111,13.72060378,14.63352083,1910901.21956569,1260837.6919551357,12.850322171850001,14.35574459400001,12.833018215714295
1532822400,14.65746798,14.77615784,13.62009858,13.97237296,1609143.87031018,1292478.3362276228,12.867438150049999,14.312706321600007,12.81225912142858
1532908800,13.97137708,13.97604962,12.96361406,13.19423361,946185.72109922,1294362.8104252398,12.88075491885,14.26044984780001,12.840812800476199
1532995200,13.21796175,14.09856806,12.96432157,13.82788294,2256375.18375458,1364070.7498318322,12.894705979599998,14.181405314000008,12.863853706666676
1533081600,13.8319207,14.07857389,13.18252212,13.6353278,1710210.31633918,1417992.5511871302,12.88069516605,14.135631122200008,12.86201128904763
1533168000,13.63658386,14.24016529,13.37067959,14.17007994,1818160.41321625,1468173.2823916473,12.8323129449,14.102756738800007,12.8460109404762
1533254400,14.16939355,14.2387129,13.55516066,14.11730427,2497472.41741347,1561085.5359744467,12.8060719967,14.061730533000008,12.89498810142858
1533340800,14.10666867,14.47332874,13.52205949,13.87272278,2227872.86159989,1631457.5218850677,12.7852096888,14.041691413400008,12.939550760952391
1533427200,13.85847552,13.91557606,13.16983658,13.68044563,1616059.84004968,1647340.7853138377,12.7706187899,14.008522110000008,13.036815448095249
1533513600,13.68140885,13.95321513,13.42076843,13.68344555,1613033.49276584,1626024.3048644646,12.75271697905,13.976484994400009,13.129431595714296
1533600000,13.68359232,13.8985543,13.0400511,13.12721853,1520137.49934153,1605807.1403906136,12.71252093695,13.968316450600009,13.216774234761916
1533686400,13.1331175,13.14123173,11.88609868,12.15700907,1509112.75311736,1617606.958346256,12.67072261825,13.953599982600007,13.282064304761915
1533772800,12.14025022,12.87668233,12.03380923,12.8216732,1323672.87023562,1634020.1155214428,12.628311203700001,13.930973263800007,13.296751835714295
1533859200,12.79698194,12.82115292,11.70438893,12.07573198,1210238.75377443,1652046.7752702315,12.5951716371,13.889081210000008,13.265859602857152
1533945600,12.07338935,12.13004496,11.2904468,11.7196427,923572.37082104,1668458.1764768835,12.567839666799998,13.830810547400008,13.2332756704762
1534032000,11.69366523,11.96785765,11.30527291,11.79702537,799008.38797864,1663153.0376937739,12.56779109765,13.75677254400001,13.226945422857154
1534118400,11.79444634,11.95394781,10.046888,10.30185528,1205396.09764166,1646575.8877955335,12.56399386375,13.664940772000008,13.226782745714296
1534204800,10.25924893,10.3242601,8.51614016,9.41762754,1456133.08949631,1605682.9808761387,12.560231226449998,13.60032774920001,13.204771122857153
1534291200,9.42706402,10.67012403,9.32677372,9.55004643,1435984.38216446,1579576.746967066,12.55064260455,13.500227297600011,13.188216842857154
1534377600,9.54089086,9.99576452,9.32258747,9.79995364,882379.3483334,1523552.5444509126,12.53047659985,13.42274712820001,13.106154616190487
1534464000,9.76598512,10.912799,9.69772816,10.87594441,1223416.79742553,1489178.3233439047,12.5238461317,13.34538260660001,12.977525454761917
1534550400,10.87541993,10.99684893,9.47026068,9.92413484,875489.53485541,1452495.6065711663,12.519479702449999,13.262341124000011,12.813279930476202
1534636800,9.90650307,10.29882603,9.69356061,10.147641,764342.01844976,1443403.4214386933,12.5121139035,13.15222868940001,12.645002404761916
1534723200,10.1485995,10.21540518,9.51237354,9.64540586,560109.38040561,1358590.1312712447,12.501805613950001,13.06194503440001,12.496717355238108
1534809600,9.6384904,9.85434297,9.33780058,9.73009288,443347.55991308,1295246.9934499399,12.487619438049999,12.976618115600012,12.272460879523821
1534896000,9.72960839,10.27676081,9.16133718,9.48245887,826714.04498986,1245674.6750386204,12.468877184650001,12.91090319620001,12.090330786190489
1534982400,9.50019801,9.79764638,9.33859614,9.75263623,724118.04952614,1157006.956644254,12.45029269,12.819341855000012,11.92133898857144
1535068800,9.75576225,10.25536514,9.53574213,10.20706546,844567.2190324,1087841.6745158795,12.4318200758,12.729067095000012,11.72620612857144
1535155200,10.21319915,10.27200173,9.93872465,10.09926542,713875.4400582,1042732.4545163056,12.42271402245,12.635097032400013,11.528450465238105
1535241600,10.09948666,10.26222917,9.73366817,10.21830908,773598.29349237,1000760.694552632,12.41630529975,12.537355638800012,11.318096002857152
1535328000,10.21818338,11.307177,10.09497288,11.1753554,1647451.69522393,1007126.4043467522,12.411416734299998,12.44378528140001,11.131894154761913
1535414400,11.1777535,11.57754208,10.75217467,11.50759716,1571977.75311493,1010269.6543466307,12.412943487,12.358610576000013,10.952205709047629
1535500800,11.49119064,11.51060581,10.70419586,11.15184366,1070208.38421786,997596.4300457425,12.413137829399998,12.287357432000013,10.787342063809533
1535587200,11.15406169,11.20348682,10.34134349,10.76696919,768699.97394051,975519.4910540465,12.411657492049999,12.22153667660001,10.667909199523821
1535673600,10.76896621,11.00629031,10.56909203,10.99175908,704561.08939935,964568.926982962,12.418536256049999,12.142909622200012,10.590784372380964
1535760000,10.97826644,11.58445079,10.97011887,11.50327073,968386.91428702,973037.853298381,12.436174244699998,12.08619545560001,10.542919352857155
1535846400,11.48599131,11.50541433,11.08582634,11.33845959,642914.18696129,944913.7577643624,12.445113886999998,12.04574258020001,10.445076304761917
1535932800,11.35359465,11.47800703,11.0494555,11.30576057,580733.33263013,901143.7699210534,12.455883805,12.012792202200012,10.393458547619058
1536019200,11.30642276,11.47115133,11.17871802,11.42233712,528055.07807383,855747.3047165219,12.468049388699999,11.974141347000014,10.383155120476202
1536105600,11.42000494,11.56069152,9.81354018,9.95131837,898408.67348583,856548.7709741434,12.476300270549999,11.951426098400011,10.361318654761916
1536192000,9.93840827,10.31603018,9.3880615,10.25401392,933070.70336416,842031.4662710748,12.485700150999998,11.938044209600012,10.409123668571441
1536278400,10.23238639,10.27470745,9.63165796,9.95774921,697165.81840552,833115.2804485804,12.496067320399998,11.924042854200014,10.504586029523821
1536364800,9.94047938,10.11048688,9.40036646,9.5888614,508766.10425551,820336.4847388678,12.504290517249999,11.903970982400013,10.52369421714287
1536451200,9.5951127,9.78266792,9.27023992,9.56366924,457791.40488112,815220.5859626433,12.516864174199998,11.864917576800012,10.545316135238107
1536537600,9.57306552,9.80413552,9.36734361,9.59894351,512924.49682127,818699.4328080527,12.521349900999999,11.788424835800013,10.501592554285727
1536624000,9.56865248,9.64804744,9.19911036,9.43139016,736633.84988341,814195.4230527303,12.523453363549997,11.736679681200012,10.485627152380966
1536710400,9.41119064,9.52091652,9.04682625,9.22368934,1019776.5875861,828978.3499557282,12.524354985499999,11.67674249740001,10.457818973333346
1536796800,9.23366848,9.69641466,9.21240311,9.59742026,1038483.02100166,838674.1400541912,12.515435007649998,11.62693676140001,10.455606480476202
1536883200,9.57943183,10.06248346,9.46080641,9.87822528,1122349.40459549,859097.8382810557,12.51325728855,11.57457241060001,10.441382541428583
1536969600,9.88058945,10.24790755,9.84081049,10.09427636,1162725.04808569,878554.1760107217,12.50767504855,11.523657975800011,10.429060182857155
1537056000,10.05135244,10.09438501,9.6580429,9.91803362,879466.03374429,840154.8929367397,12.5060921971,11.471782538200012,10.42166894619049
1537142400,9.9185695,10.01411579,9.31603953,9.47866437,948611.04837425,808986.5576997057,12.506775387749999,11.41387952640001,10.406009890000012
1537228800,9.43593594,9.6732453,9.3109612,9.56696483,989613.47546467,804956.8122620463,12.51032178615,11.345843882800011,10.405772315714298
1537315200,9.56615675,9.80642404,9.30580723,9.65158496,1005749.40236021,816809.2836830312,12.50872224495,11.276732754800012,10.391473484285727
1537401600,9.64974263,10.05770347,9.60761956,10.02438569,1103558.16475863,836759.1374509952,12.50929804865,11.198819673000012,10.310678673333346
1537488000,10.02438569,10.34361228,9.91773275,10.34227462,1028992.93925252,839789.4386992702,12.5103575735,11.10450992880001,10.218267610000012
1537574400,10.34125841,10.43775252,9.92196835,10.16801982,653311.35519958,840309.2971111847,12.510175202149998,11.01463575700001,10.146826719523823
1537660800,10.16288511,10.30254072,10.02615123,10.20105715,736793.41538803,848112.3012490798,12.507843952250001,10.94209038140001,10.111465600476205
1537747200,10.1949367,10.22545458,9.86664419,9.99537508,713987.80608192,857408.9376494844,12.50524560055,10.858564421800011,10.080537769047632
1537833600,9.97989157,9.99494777,9.38448288,9.81324555,673456.76584348,846161.3422673668,12.5003494474,10.786345579600011,10.016954392380965
1537920000,9.8127883,9.87897385,9.56365135,9.72619964,688308.3256157,833923.2233799439,12.4970519842,10.70978947320001,9.962792371428586
1538006400,9.69065117,10.02777597,9.64509032,9.96110096,1036640.64609,850896.9647641679,12.4943278309,10.630803784200012,9.900393062380966
1538092800,9.96280849,10.16797294,9.73347537,9.88945537,1006165.26844179,875766.9229734819,12.492511289,10.557370471600011,9.823769654285726
1538179200,9.88284466,9.98710089,9.66544198,9.92277656,1017634.81967008,903759.09371293,12.494034606949999,10.48366906060001,9.813049714761917
1538265600,9.92065935,9.97747391,9.76748779,9.92725524,963655.9301023,926295.6653769815,12.497844493349998,10.40626506060001,9.799101478571439
1538352000,9.92647772,9.968013,9.75914197,9.87350017,955862.88278656,937257.117022139,12.503593502850002,10.33824468280001,9.795849390952393
1538438400,9.87132188,10.56811127,9.77130315,10.25188135,1617781.97864539,967157.3865751035,12.51213970235,10.29432652060001,9.811750112857155
1538524800,10.23281051,10.41376132,9.9746835,10.22647187,1549839.78697851,992725.224873946,12.519646974050001,10.235682164000009,9.829063731904773
1538611200,10.22565667,10.34645859,10.13730935,10.18738553,1224474.19495347,997831.464391845,12.529979412750002,10.19262305560001,9.842137858571439
1538697600,10.18836501,10.65956603,10.12673923,10.54239803,1676180.33886759,1023504.2289309402,12.5385372864,10.156775306400009,9.881208867619058
1538784000,10.54343972,10.64913041,10.22093987,10.3451852,1218478.48203183,1040454.8513453171,12.547889786,10.118304802400008,9.928960416666676
1538870400,10.34666636,10.52983743,10.20681698,10.50731805,1349205.83322941,1060484.590588075,12.5466636543,10.117305323800007,9.957054000952391
1538956800,10.50621901,10.62321889,10.41074627,10.46013387,1262124.8666707,1074110.1601483768,12.5515678746,10.133482210400008,9.988681274761914
1539043200,10.45955527,10.52748212,10.15042243,10.30487334,1076419.28698303,1077643.654379518,12.555318655650002,10.146228992400006,10.000629314761914
1539129600,10.30437471,10.32235292,10.0760456,10.23734559,1063100.67566433,1075620.779924803,12.5611600115,10.161077880200008,10.028690478095248
1539216000,10.21358347,10.2329836,9.07499323,9.23357449,942267.8633682,1071284.5261305869,12.56749489695,10.150462696000007,10.07542712095239
1539302400,9.23542394,9.56507762,9.0816182,9.41972986,1054513.1574656,1091344.616243888,12.5735537196,10.162126360200007,10.11056562142858
1539388800,9.3999699,9.56291043,9.36913346,9.47357938,1085700.93921526,1108789.9924352495,12.58113928605,10.168376217600008,10.138458984761915
1539475200,9.47416793,9.65406498,9.28975354,9.35962241,883164.48529742,1117248.8263960243,12.587030959299998,10.181565567200009,10.10080130857144
1539561600,9.35942182,10.10425166,9.26962144,10.07033526,1765872.9250528,1171869.6343564903,12.589776613549997,10.191710621400007,10.056870605714296
1539648000,10.07087871,10.0749967,9.64631395,9.81672632,1239823.35716593,1199445.3859340018,12.591704750549997,10.186732933800009,10.023802013333343
1539734400,9.81447307,9.88660082,9.66491311,9.78330558,1465649.72096094,1220895.8396775487,12.584399124499999,10.180074806400008,9.983733692380962
1539820800,9.78427774,9.81258406,9.49015493,9.5973362,1270524.56436125,1234113.804473522,12.569422804349998,10.165405084800007,9.987303224761915
1539907200,9.59461131,9.67863952,9.4929516,9.67722341,1142928.98953524,1240378.5129667798,12.550987241549997,10.150612224600007,9.987468975714297
1539993600,9.67580614,9.72387952,9.60119988,9.662614,984287.06604654,1241410.0697639917,12.537959982949996,10.147652748200008,9.990188306190486
1540080000,9.65886522,9.75118645,9.60014857,9.63485364,998372.45328666,1243535.5482889968,12.527685493599996,10.120480166600009,9.972866174761915
1540166400,9.63713442,9.67928441,9.54124105,9.6339544,1048453.70387946,1215069.1345507004,12.516223305349998,10.085994335000008,9.962759890952391
1540252800,9.63486777,9.7740764,9.55940159,9.68518543,1220342.57293856,1198594.273848703,12.515731240399996,10.054904185800009,9.950371197619058
1540339200,9.68196578,9.74647098,9.60081964,9.64263711,1069665.46475918,1190853.8373389882,12.512877756749997,10.033109270200008,9.936447311904772
1540425600,9.63754015,9.6608057,9.54345042,9.60029677,1046016.46240386,1159345.6435158018,12.506537982799996,10.006526368600008,9.9250403704762
1540512000,9.611146,9.67868546,9.53751672,9.62274228,973949.06860716,1147119.1728445683,12.499086826149997,9.96915802680001,9.8980548504762
1540598400,9.62206044,9.63374004,9.54350152,9.5806179,883597.67616881,1123838.7649915381,12.484528577799997,9.935067923000009,9.870253195238105
1540684800,9.5805768,9.61073785,9.52037772,9.58266166,916069.94055568,1106536.0186857872,12.466333674649995,9.90265642020001,9.842296587619057
1540771200,9.58469265,9.60918329,9.20157471,9.32763222,835081.5209246,1094469.130382866,12.453653323499996,9.86706242000001,9.798503456666676
1540857600,9.33613959,9.39170512,9.25514187,9.34637402,773833.38115581,1080005.7656574398,12.439314691749995,9.860041988000011,9.76209549000001
1540944000,9.34652307,9.46463208,9.20079393,9.39464742,753054.12799152,1070545.0788886058,12.426394702749995,9.84741655520001,9.718064233333344
1541030400,9.39543713,9.55098308,9.34434464,9.50964087,820815.15674909,1058860.1788527803,12.412190038299995,9.83987392900001,9.664135583333342
1541116800,9.50983413,9.59740333,9.4550729,9.53418771,884673.67950756,1048808.8158673954,12.399588703299994,9.83974993420001,9.618492758571438
1541203200,9.53429705,9.56275937,9.43624638,9.51108964,853098.08922651,1047305.4960638499,12.388257967499994,9.83502919380001,9.578364274285724
1541289600,9.49432866,9.82972656,9.44741704,9.7178961,971193.02143258,1007571.5008828389,12.375753574249995,9.82997780400001,9.59151029238096
1541376000,9.72034732,9.74014963,9.56737902,9.65677255,855042.27453676,988332.4467513803,12.362238236049993,9.829242949200008,9.596960666190485
1541462400,9.65043621,9.76787583,9.58354389,9.75916199,907724.26012275,960436.1737094708,12.343876813549993,9.834961979800008,9.598746869047627
1541548800,9.75452295,9.89907751,9.74035709,9.7871566,862745.05296221,940047.1981395187,12.322913382499994,9.833697328800008,9.61580752095239
1541635200,9.78694963,9.80042479,9.53563745,9.58683998,825588.79961195,924180.1886433542,12.303417141499995,9.826354616000009,9.596114058571438
1541721600,9.58019271,9.6194647,9.39524361,9.47479497,780629.02189465,913997.2864357596,12.285692880349993,9.818827010800007,9.59337290000001
1541808000,9.47579962,9.53305936,9.38554115,9.46126862,756664.21340641,901911.8744417472,12.272292338099994,9.813601789400007,9.593556281904771
1541894400,9.46117549,9.48848736,9.26506408,9.40751911,765491.96428925,887763.7874622367,12.260992289449995,9.819211741800007,9.593056461904771
1541980800,9.40720802,9.44300941,9.19580714,9.30070663,721140.37176965,862803.6774037912,12.248018190049994,9.823615577200007,9.583417012380961
1542067200,9.29942328,9.35215088,9.05220605,9.10087242,646114.07209191,841626.1077704277,12.234472808549995,9.822320677600008,9.573829137142864
1542153600,9.0862893,9.12646204,7.80716632,8.2189326,804707.41683194,829560.6554918317,12.220346039999995,9.811328863200005,9.563003683333342
1542240000,8.218062,8.2988262,7.51231622,8.10164616,886937.62656204,825210.0833895757,12.202481294599995,9.793708743200005,9.54713474190477
1542326400,8.11372296,8.14901508,7.68052477,7.81601948,875237.74198799,824792.0866805346,12.186053800949994,9.778498729000006,9.51931031285715
1542412800,7.80794254,7.81721483,7.35285467,7.66569644,946623.53248728,826319.7662771146,12.165263489349993,9.760491718600006,9.451514860000007
1542499200,7.66599244,8.04958721,7.65430098,7.92654271,649575.95484098,817044.4879729337,12.136730722499994,9.742601665400008,9.380150545238104
1542585600,7.92435085,7.9348161,6.41929025,6.45231278,1151055.93063197,835905.6154467417,12.117017236049994,9.710715406400006,9.294116126190485
1542672000,6.45891212,6.69865059,5.29466478,5.64730242,1499045.44957118,873205.1815257247,12.090303640349996,9.678224336800007,9.202929390000007
1542758400,5.64491936,6.15957082,5.42951215,6.12689153,848329.18847608,874580.8831120742,12.064432442449995,9.635322707200007,9.12406658285715
1542844800,6.13172171,6.20086121,5.57999977,5.64559158,582650.40138533,859479.7192059628,12.029708780599996,9.590847528600007,8.987146609523815
1542931200,5.64542709,5.68846156,5.30837293,5.49637789,549414.10883282,844295.5201862784,11.995112507949996,9.550922851600008,8.811000342857149
1543017600,5.49633385,5.61169217,4.56417975,4.99840362,705364.0036527,831004.0692972844,11.962556294099995,9.481424002400008,8.655392919523816
1543104000,4.9943507,5.22237557,4.28781723,5.09806289,638313.21422484,820167.6162816883,11.930142667849996,9.396900047400006,8.471390572380958
1543190400,5.09657642,5.2085996,4.50923259,4.88393679,604067.68811408,804984.7876812548,11.897884228649996,9.314400251000006,8.27911391428572
1543276800,4.88369122,4.90170294,4.54592046,4.8500826,519420.27742824,787818.5489045563,11.857046218899995,9.222782645200006,8.06422410380953
1543363200,4.85355748,5.44074563,4.84818952,5.29122344,714096.61365571,782243.9396067443,11.813578172249997,9.128962492400007,7.84423204619048
1543449600,5.29082942,5.57689016,5.08243681,5.32033056,581354.11332362,772280.1941781928,11.772395215749995,9.018082604200005,7.616954152857147
1543536000,5.32042143,5.39842397,4.85299332,5.02449014,566841.82424821,762789.0747202828,11.730933415349996,8.913140158000006,7.383188467619052
1543622400,5.02602723,5.34634874,4.92676697,5.21508255,471127.7463922,748070.8638254303,11.689832964049996,8.800672532800005,7.169096412380957
1543708800,5.21606811,5.37901555,5.11553753,5.20515152,563527.5197275,740190.2212233228,11.647412367649995,8.688471507400006,6.965929297142861
1543795200,5.20431309,5.22476614,4.88334532,5.0607216,765858.96332221,746177.4657848377,11.599742015599995,8.588198509400007,6.754010019523814
1543881600,5.0606292,6.267948,5.01826593,5.84314915,2626930.9399975,837288.6419431157,11.555048048699996,8.489858208800007,6.551810682857147
1543968000,5.83427747,6.5358628,5.64721172,5.95192701,3767140.94681346,981298.8079556867,11.514262859149996,8.405676521800007,6.3516979404761935
1544054400,5.95344743,6.0156632,4.73990525,4.8013069,2557410.41768833,1065407.4417407038,11.475843433849995,8.321583575600005,6.149793891428575
1544140800,4.79777627,4.92427256,4.09430183,4.47879171,1645103.3965279,1100331.434942735,11.436497609599996,8.236215018400005,5.994664211904766
1544227200,4.47667786,4.78518516,4.300374,4.61115438,1165912.13037775,1126148.2437195734,11.397360744049998,8.150237002200006,5.886711564761908
1544313600,4.61210096,5.00476377,4.47655362,4.75618829,1145858.2746782,1125888.360921885,11.360661866949997,8.065693280000007,5.729552552380957
1544400000,4.755623,4.92525364,4.44821478,4.59933119,1166759.38675281,1109274.0577809664,11.325217562699995,7.988397293800006,5.570636944285719
1544486400,4.59825509,4.87477283,4.45877639,4.85509663,1513267.41338207,1142520.969026266,11.288572875099996,7.888757320200005,5.425182560476195
1544572800,4.85266147,5.10289257,4.69065935,4.96524037,1140937.25741063,1170435.3118275309,11.242128836649997,7.786386430400005,5.274213302380957
1544659200,4.95865472,4.97562741,4.50426709,4.58851558,950131.29312417,1190471.1710420982,11.200246762549996,7.685065049800005,5.185976083809528
1544745600,4.58852261,4.6978529,4.36787597,4.47618286,955480.63985524,1202977.0028522252,11.153652962199997,7.586936535600004,5.148251998571434
1544832000,4.47420348,4.55468489,4.39720001,4.4906161,949155.76111154,1218519.1301965602,11.102562643999997,7.486226086600004,5.0929352766666725
1544918400,4.49985356,4.66171992,4.45888565,4.56995483,1131370.67010406,1244884.2792960592,11.056138445499997,7.390648931200004,5.04259832428572
1545004800,4.57006089,5.13867832,4.5464353,5.06006803,1106507.04426369,1274238.6176378317,11.017466356349995,7.296250030000005,4.994017608571434
1545091200,5.05972702,5.56136474,4.90479517,5.55953076,1609008.58892061,1318984.2164010766,10.975371801399994,7.195167599400004,4.969837250476195
1545177600,5.56122695,5.8469261,5.31340378,5.38401553,1172171.44207214,1348525.0828385025,10.934330853299995,7.092685321200004,4.944689247619053
1545264000,5.38275856,5.8887355,5.2740032,5.70079728,1211420.82442492,1380754.032847338,10.895352442799995,6.990042797600004,4.953076449523814
1545350400,5.69923401,5.83275478,5.32890374,5.48116313,1266792.52178801,1420537.2716171283,10.855258025999996,6.889829536200004,4.9868596952381
1545436800,5.48196044,5.9474522,5.40389138,5.88039634,1798602.42499594,1482291.0168805504,10.818132157499997,6.799377663600004,4.991278366190482
1545523200,5.87702428,6.16442256,5.81165777,5.98402648,1934300.1819097,1540713.0778099247,10.777567560449997,6.724015634400003,5.009395829047624
1545609600,5.98762201,6.51509377,5.94370123,6.13705322,1596765.51041735,1489204.8063309174,10.737505988849996,6.644768464600004,5.031142161904767
1545696000,6.13656576,6.14892008,5.35108737,5.49407739,1013928.89760079,1351544.203870284,10.691755363299997,6.570891461800004,5.062823770952386
1545782400,5.49388101,5.71779731,5.41621139,5.65671398,1299314.57805698,1288639.4118887163,10.648283005899996,6.490321907000005,5.0999130547619105
1545868800,5.65538861,5.70592015,5.14269071,5.21298049,1008097.50038898,1256789.1170817702,10.601760654149999,6.417246079600004,5.151166941428578
1545955200,5.21373564,6.00897299,5.14742762,5.9547515,1522939.11498538,1274640.4663121519,10.556915385799998,6.3467048164000035,5.1345444766666715
1546041600,5.9535183,6.0779237,5.627376,5.70953941,1112706.27346628,1272982.8662515557,10.512967433699998,6.275087958800004,5.12048671333334
1546128000,5.70909902,5.96134009,5.60073541,5.93810812,1276839.33435275,1278486.8636315528,10.464309284749998,6.191834055600003,5.140090217619053
1546214400,5.93572851,6.30400771,5.87546421,6.09644321,2542500.28794488,1329948.5073596933,10.407799375299996,6.109785095400003,5.210374017142863
1546300800,6.09772474,6.34532667,5.7691514,6.03587134,1544710.7730393,1350137.1831411268,10.357091441199996,6.018301573200002,5.262678066190482
1546387200,6.03865805,6.14911561,5.87057802,6.09689752,1463576.6264201,1375809.4498059233,10.303175628149997,5.945659803600003,5.318959962857148
1546473600,6.09927696,6.10953295,5.81027711,5.83190543,1140118.23202507,1385041.329414415,10.251340781799998,5.870354692400003,5.390251011428576
1546560000,5.82871104,6.04191552,5.76720057,6.00970879,1595400.26761289,1417353.5547394825,10.206424736299999,5.799891482400003,5.446478378571434
1546646400,6.00763773,6.15321441,5.95393181,5.99786565,1494457.92574173,1435507.917521366,10.15876675325,5.733669964400003,5.500366814285719
1546732800,5.9992521,6.44891493,5.94736996,6.35076095,1554816.01910496,1457923.3662634294,10.111128532399997,5.668373258600003,5.55957585476191
1546819200,6.3470809,6.40354929,6.15253509,6.2494497,1661096.08478466,1460527.741056632,10.067926537349997,5.608293760600003,5.632600899047624
1546905600,6.24602856,6.87113159,6.14724528,6.57645463,3415722.46057256,1572705.2919816528,10.024143115049998,5.560553217200004,5.704374687142862
1546992000,6.58004101,6.9089734,6.40722888,6.61241734,3357575.9073982,1680013.046130317,9.97930217815,5.5187144698000035,5.789174978571434
1547078400,6.61073598,6.64062166,5.67283946,5.90199544,3639913.28946693,1798669.0845142633,9.930911424149999,5.482351393200003,5.845812200952387
1547164800,5.90333964,6.19380354,5.7704001,6.0101462,2656946.19921675,1841586.2732253042,9.877086057899998,5.456052683400003,5.894237147142863
1547251200,6.0111409,6.02240793,5.8378178,5.91501098,1598479.33115922,1824795.2306877798,9.822989008349998,5.422510823200002,5.952732471428577
1547337600,5.91261176,5.9536868,5.42536122,5.53032408,1287824.35599156,1809348.1729664903,9.769235348249998,5.424993660200003,5.962313336190482
1547424000,5.53130235,6.11947703,5.51596343,6.1185804,2097013.80301695,1863502.4182372983,9.7207275313,5.444295958600003,5.987503006190481
1547510400,6.11890088,6.13018731,5.70726536,5.84854977,1304414.57656967,1863757.4181629326,9.666571007,5.439798036800003,5.989151322380958
1547596800,5.84686711,6.22291568,5.81577359,6.12129949,2026233.54730991,1914664.2205089792,9.621485024299998,5.447089129200002,5.9675464461904815
1547683200,6.12447693,6.37292908,5.98345258,6.37068395,2121787.20847698,1944606.6251835595,9.57622085375,5.455461791000002,5.966666788095243
1547769600,6.36316829,6.62267669,6.26337784,6.51517451,2372789.44154295,2007610.7835873931,9.533461183900002,5.466100200200003,5.983546425238101
1547856000,6.51480455,6.67662367,6.26328822,6.55647425,1752971.91256739,2031417.4124981253,9.488895668550002,5.486510550400003,6.00566954476191
1547942400,6.5542626,6.6590235,6.22895425,6.40052675,2437799.85922137,2026182.3910619498,9.448149577550002,5.505802810000003,6.060798280952388
1548028800,6.40273164,6.51599892,6.28431675,6.47846304,2639203.380309,2080907.0214254349,9.40546970005,5.531227147800004,6.087485090952388
1548115200,6.47951813,6.52184082,6.18966811,6.47779759,1933239.3452426,2104390.15736656,9.365254150150001,5.552816358000002,6.127815321428578
1548201600,6.48139495,6.5505014,6.35834261,6.49387148,2135456.06630078,2154157.049080345,9.321985889500002,5.576713237000003,6.149835256190483
1548288000,6.49420857,6.49638296,6.3932987,6.455125,1620926.71257794,2155433.3713285974,9.279285491950002,5.607352919200004,6.168026676666673
1548374400,6.45505268,6.74240794,6.43151538,6.67154767,2745445.85883471,2217982.7679832466,9.23941936675,5.631061803200003,6.18907078380953
1548460800,6.67626123,6.95734648,6.61330017,6.92522654,2887860.20367259,2284634.977211628,9.1989094265,5.6565280336000034,6.207974305714292
1548547200,6.92135377,7.17884858,6.76179047,7.00042042,3023515.97824647,2352755.971884719,9.160886914050002,5.684869553400003,6.237651428095244
1548633600,7.00286791,7.09637566,5.92994009,6.1466272,4332671.41622869,2398603.419667525,9.122832690300001,5.697884000000005,6.269167565238102
1548720000,6.14749184,6.25394211,5.94781812,6.10111907,2636068.81627282,2362528.065111256,9.086376392200002,5.707947959800005,6.313327607619055
1548806400,6.0983692,6.16051232,5.96560946,6.09550185,1868960.25228375,2273980.413252097,9.051813864200001,5.745352775200003,6.34426377285715
1548892800,6.09587877,6.22133112,5.9198193,6.18826043,2178126.2612654,2250039.416354529,9.0135349126,5.794281471800003,6.33936746333334
1548979200,6.18923427,6.57887825,6.05459166,6.47312777,2651913.27678933,2302711.1136360345,8.975755218950003,5.842066792600003,6.3167324366666735
1549065600,6.47284533,6.84214461,6.43963196,6.79657185,2947766.22518147,2385708.2070955303,8.941461752650003,5.869875570800003,6.29211741333334
1549152000,6.79596607,6.8306625,6.53086071,6.71393677,2728065.11515808,2417260.772702587,8.912091072550004,5.8999113284000035,6.3057490795238165
1549238400,6.71161961,7.07829867,6.60197784,7.00302969,3153496.54999526,2509714.871373866,8.883595614900003,5.9247194328000035,6.327795820952387
1549324800,6.99995846,7.88460047,6.85857225,7.7692226,3965120.0956621,2606659.1987914755,8.853691143350003,5.949179834000003,6.369774910000007
1549411200,7.76947177,8.39456063,7.23266645,8.03259427,4320309.6413905,2716585.3204371515,8.823334912850004,5.986872077800005,6.426137419047626
1549497600,8.03129389,8.37691015,7.59521816,7.7164556,3187511.80208135,2757321.438464071,8.793619785300002,6.033279857600004,6.468254051904768
1549584000,7.71377115,8.76552365,7.52817079,8.512593,3415479.79529095,2840446.832600249,8.763014316650002,6.077746271000004,6.559714662857149
1549670400,8.50366214,8.87468951,8.35720306,8.79880672,3926484.18060932,2914881.0486696465,8.728504918500004,6.1264077682000035,6.650728700000007
1549756800,8.79924196,9.21576636,8.73122346,9.07498041,4379943.50280026,3001918.0547942095,8.693608000650004,6.180590859600003,6.714813064285721
1549843200,9.10256747,9.67295128,8.8988104,9.41577822,4766983.14812692,3143605.2449384257,8.662971326250004,6.230052129800003,6.809928230476197
1549929600,9.41560939,9.64157657,8.82119845,9.15662217,3925303.84944974,3233097.6340958737,8.633213432700003,6.276700931200002,6.916705967142865
1550016000,9.16292711,9.16393526,8.63472855,8.8276075,3118369.71759428,3307969.784346691,8.611663804700003,6.332936845600001,7.04406090333334
1550102400,8.8286753,8.99593637,8.33628157,8.68434072,2282760.9641007,3284835.53960999,8.59091734215,6.3992897174,7.183933054761912
1550188800,8.68310328,9.39412773,8.66182157,9.19819278,2323063.222682,3256595.690560461,8.5687762939,6.4631813988,7.311496130000007
1550275200,9.19232704,9.24975665,8.92976408,9.01130436,2079178.45111613,3209378.8142039436,8.551213448699999,6.5318164335999995,7.422626416666672
1550361600,9.01181391,9.13001871,8.78664638,9.1289486,2005923.77316953,3093041.4320509857,8.53461328265,6.5922078126,7.528779546190482
1550448000,9.11627351,9.6447709,9.06650126,9.53189898,1830606.80045098,3052768.331259894,8.5149921725,6.6588784148,7.6490959800000065
1550534400,9.53186937,11.05129553,9.43899013,10.42992247,3025543.5267313,3110597.4949822715,8.4954021552,6.7194309496,7.748433019047626
1550620800,10.43063293,11.23796901,10.33424574,10.8340925,2775766.39198657,3140479.50151833,8.4712356138,6.799135195399999,7.849791503809531
1550707200,10.83042125,10.86098564,10.02419543,10.36719296,1888477.64984007,3102307.720170867,8.44220604715,6.8602662526,8.010994921904768
1550793600,10.36129101,10.85587282,10.28299583,10.7070831,1782933.19095915,3044066.068459751,8.415765885949998,6.9286544364,8.217128417142865
1550880000,10.70239039,10.861794,10.32439918,10.70670843,1709336.67679383,2993129.6465415386,8.395785681799998,7.0005302536,8.442775590952388
1550966400,10.70378106,11.07032182,9.40506069,9.90092422,2355941.80521468,2953251.9093025094,8.371702788899999,7.087199838800001,8.641772378095245
1551052800,9.90282361,10.17256276,9.25741687,9.67616336,4208108.35489896,2965401.3222643523,8.349170892899998,7.183164262,8.843389298571434
1551139200,9.66355964,9.72712058,9.31078408,9.4026821,2425043.94536484,2870638.0374630694,8.325979988099999,7.2685701708,9.029586278571434
1551225600,9.389322,9.98559855,9.31047051,9.81149309,2811986.9149691,2851861.793107457,8.3075430791,7.3660737242000005,9.181347585714292
1551312000,9.8089182,10.50903909,9.7536415,10.22331784,2926948.24059433,2827435.215372626,8.2923499277,7.460013717000001,9.3086396652381
1551398400,10.22302129,11.51707133,10.16676654,11.27450197,3105759.53213078,2786398.982948699,8.27578366435,7.5380748884000015,9.386423450952387
1551484800,11.28242488,11.78219045,10.73886431,11.73254101,2783762.91593521,2706589.9536054465,8.2609018521,7.604582936600002,9.471132918571435
1551571200,11.7328566,11.82492784,11.15431134,11.3888204,2024354.41279022,2569458.516838611,8.2487993016,7.667647584600002,9.590507310952388
1551657600,11.38595537,11.44518825,10.81758825,11.35627019,1679233.26695003,2457154.987713626,8.237518877349999,7.732348353800002,9.722026785714293
1551744000,11.35157882,13.71368792,11.35009887,13.58529582,4898206.4376344,2546146.823715632,8.22179132815,7.804566363800002,9.861728418571435
1551830400,13.58461519,14.612748,12.86960989,14.4735612,3826641.40429531,2623340.8457253627,8.20842607875,7.912016494400001,9.971911275238101
1551916800,14.48445759,15.46217363,14.29706735,15.02233887,4140808.35584889,2714228.1023837077,8.1988853307,8.026464390600001,10.06431565476191
1552003200,15.02231939,15.124035,13.49165266,14.2083219,4071014.35117131,2813819.897386466,8.19101679305,8.135940579,10.275204876190482
1552089600,14.20141831,14.83349578,13.88364502,14.36871653,2863869.80760915,2856717.199108447,8.1958800265,8.2524595012,10.544059814285719
1552176000,14.36664423,14.42568304,13.77544936,14.31306608,2489900.47782096,2889681.8829769464,8.20745459385,8.4017938096,10.845869250000005
1552262400,14.31138975,14.82774618,13.8928426,14.33389097,2714804.64618966,2874144.9389498644,8.2166484637,8.574294038200001,11.084446827142862
1552348800,14.3354987,15.35165824,14.12970241,15.25614536,3056589.4829901,2888186.093500041,8.224430046450001,8.752314825800001,11.339561692380958
1552435200,15.25995718,15.30256065,14.85507415,14.98025385,2570642.47454588,2922294.334735331,8.2379768035,8.9090675848,11.586424429523813
1552521600,14.9774725,14.99459288,14.40837156,14.80097948,2418964.97711419,2954095.9240430836,8.2607239353,9.0661384252,11.81509071476191
1552608000,14.80464805,15.08528541,14.74095364,14.84094484,2391115.62714081,2988184.871560433,8.285097424649999,9.2212702618,12.044910852380957
1552694400,14.83931874,15.93680672,14.7719684,15.89695912,2568660.26339186,2998820.794469292,8.30791200485,9.3799375462,12.242347107142862
1552780800,15.89795631,15.92329191,15.3566649,15.55839117,2275993.54390138,2902215.053919413,8.331105123099999,9.555491192600002,12.453479798571433
1552867200,15.53680487,15.71346638,15.16640482,15.47038125,1671728.44646075,2864549.278974208,8.355258159149997,9.725540317800002,12.650330357619051
1552953600,15.46992336,15.7334817,14.91036562,15.4462703,3178178.15816422,2882858.8411339642,8.37816443285,9.891682477800002,12.897485152380957
1553040000,15.44589618,15.46829835,14.9408268,15.09497425,2014143.52872564,2837218.60554053,8.403409832349997,10.059398874600001,13.166888340476197
1553126400,15.08531235,15.25081282,13.87545228,14.33196245,2072610.62013437,2785561.1599407094,8.427814774499998,10.243907103600002,13.442803478095243
1553212800,14.32357199,15.19082702,14.20141472,15.137889,1991393.68033188,2745942.6981605426,8.450728126499998,10.416570396200003,13.730593392380957
1553299200,15.136293,15.3797105,14.88845625,15.05788668,1906541.66707436,2740052.06087475,8.469056073699997,10.585969612800001,13.982187733333339
1553385600,15.04953003,17.40175444,14.612245,17.02967961,4953981.19930745,2903789.4574926207,8.491002883499998,10.771962474800002,14.17783747666667
1553472000,17.02207326,17.2588711,16.01031613,16.65345139,2304392.30955457,2774098.751088629,8.51303562105,10.951839578400001,14.361808287619052
1553558400,16.67324348,16.68965547,15.41189379,16.05891801,2348564.54462668,2700194.9081051974,8.536552681349997,11.116568790400002,14.520158081428576
1553644800,16.07331197,16.77119672,15.77383464,16.55572241,2637277.54276517,2625018.367451011,8.558825237449998,11.2955613618,14.788770424761909
1553731200,16.55462248,16.66924529,16.35310512,16.58407408,2447103.83418194,2543822.841601543,8.576783755049998,11.467256540000001,15.041017148571433
1553817600,16.59772067,16.81390876,16.3265,16.42826091,2155737.16566322,2508416.2095042467,8.591751269349997,11.671918695200002,15.158808681428576
1553904000,16.42797962,16.93704348,15.93403149,16.91965322,2184764.76653192,2493159.423939795,8.610911911499997,11.8707089876,15.257959215238099
1553990400,16.916483,17.68703202,16.70210792,17.48660687,2457528.83868747,2480295.6335646855,8.629089659299998,12.051826754,15.332327558571436
1554076800,17.47153171,18.20117466,17.23130625,17.8665085,2352877.69170847,2445110.0440006037,8.664481465499998,12.227556750200002,15.438038940000004
1554163200,17.86239225,20.07580995,17.53582417,19.90532514,2948598.21197785,2464007.830872202,8.696478652849997,12.398586346400002,15.559512115714291
1554249600,19.90702396,20.29254942,17.82569665,18.71958885,2788028.24062062,2482460.9940475235,8.726984496849997,12.5728224526,15.710633105714289
1554336000,18.66859527,19.54944305,18.24218275,18.98990618,2195018.82795761,2472656.154088363,8.761818801899997,12.740963657000002,15.878852988095243
1554422400,18.99291327,19.64260535,18.83184206,19.4796112,1948337.59804589,2441640.0208210647,8.796920826099997,12.914719660000001,16.100242501428575
1554508800,19.5091707,19.51524718,18.71564756,19.08533282,1799698.60872995,2417825.274062493,8.831067413099998,13.090550221800001,16.278306072857145
1554595200,19.06527794,19.24115306,18.76227216,19.05198302,1659198.01176207,2417198.752327559,8.868508728399998,13.3003411602,16.477778772857146
1554681600,19.03169154,19.19743751,17.96659597,18.13250934,1483841.32046386,2332481.9104425414,8.909823316049998,13.491600493800002,16.69866764714286
1554768000,18.13909465,18.75329303,17.22420589,18.43776736,2218176.88306015,2342683.5781592666,8.951168757249999,13.6948464674,16.850494966190478
1554854400,18.42495496,18.77388768,17.88120383,18.29665122,2007764.41363537,2339441.267834317,9.00130425655,13.910751877000001,17.016856482857143
1554940800,18.29730691,18.32489222,16.39699953,17.62571873,1704271.73719163,2325085.1706773047,9.044430819,14.1084946778,17.14362448714286
1555027200,17.62978136,18.97249084,16.71687098,18.39913383,1995126.4399118,2329514.4093191763,9.089790181800002,14.309308251,17.28607672809524
1555113600,18.40890937,18.70255206,18.04761553,18.68274559,1849832.15642402,2174306.957175005,9.13979491595,14.4893794658,17.438537536190477
1555200000,18.68037624,20.0315112,18.48436257,19.48706039,2187861.71528259,2168480.427461406,9.1873867559,14.667496833400001,17.595383073333334
1555286400,19.47897816,19.91634092,18.61008353,19.28354368,1953236.13216992,2148714.006838568,9.2343887462,14.8248314084,17.75068044619048
1555372800,19.2933965,19.84324504,18.71648349,19.74068605,1849972.32876188,2109348.7461384037,9.27492936445,14.960663933000001,17.923292775238096
1555459200,19.7306197,19.96919183,19.32101515,19.59418309,1641847.59396361,2069085.9341274868,9.315406828150001,15.121302750400002,18.040310907619048
1555545600,19.56723555,22.19178073,19.51793789,22.00860619,2807487.87970847,2101673.4698297493,9.356049985150001,15.280816000200002,18.16555339761905
1555632000,22.00873857,24.85680598,21.14712266,24.4432336,3775354.86861475,2181202.9749338906,9.393173293050001,15.4564230394,18.3408756852381
1555718400,24.44665402,25.64899611,23.91940854,24.99999325,3076362.02055746,2212144.6340273903,9.4351920868,15.6440754286,18.48556428904762
1555804800,24.99280799,25.004047,22.66069466,24.18391716,2567036.6046391,2222852.5796739217,9.479539587,15.845365882400001,18.74387534190476
1555891200,24.17529026,24.94208689,22.62733916,23.91279819,2528296.12604518,2201837.4753772886,9.52834389075,16.0491959022,19.125540708095237
1555977600,23.91214851,24.77571563,22.55496289,22.68478535,2569063.06455239,2190889.216573877,9.574956104349997,16.293138164200002,19.510318804761905
1556064000,22.6847546,23.27052707,20.8952415,23.10472387,2220401.44401423,2192158.347376708,9.624212257749997,16.5775364794,19.82923834238095
1556150400,23.09183801,23.58244281,21.02051309,22.10281167,2275088.16217793,2208495.8755833097,9.672569290399998,16.852046305,20.117156899047618
1556236800,22.10276862,23.17165301,21.19375767,22.35667559,2269155.26030372,2231968.708161998,9.732976045149998,17.101073828,20.249512147142855
1556323200,22.36451905,22.45197414,21.75381234,21.88744462,1797106.87225797,2238864.151186793,9.805824712299998,17.351553383800002,20.458328100476187
1556409600,21.88830615,22.61800843,21.8593777,22.37638477,1940527.14068754,2261698.4421979776,9.879565271799999,17.578123687,20.606561695238092
1556496000,22.36781564,22.42947974,20.74428572,21.32378147,1593513.73175001,2230465.2846324705,9.949352498249999,17.768512248,20.743564761428566
1556582400,21.32730948,22.08007623,21.04079483,21.82387239,1498098.70415623,2204981.9991585133,10.01797956155,17.921097257400003,20.876998656666665
1556668800,21.825178,22.00636471,21.24854356,21.63671937,1393482.12576029,2189442.5185869457,10.078691498149999,18.067783991800002,21.035303501904757
1556755200,21.63894285,23.60661394,21.4444414,23.18026611,1828412.55687047,2181106.8244348792,10.142489191499998,18.2213664462,21.187268841428565
1556841600,23.17324965,23.6078987,22.55816239,23.24595804,1831723.93140594,2180201.413183975,10.200466659599998,18.381519811,21.348511938095232
1556928000,23.24591362,23.34302384,21.90424207,22.64034141,1396801.45288025,2140648.4000638584,10.259949368199997,18.5217341188,21.50756280238095
1557014400,22.642212,22.93333665,22.38602594,22.73280728,1312044.98907764,2108588.8429092444,10.317862224599999,18.6715337472,21.772065058571428
1557100800,22.74003766,22.77205256,21.22026172,21.95921224,1199853.89079087,2076082.921010694,10.378557420499998,18.7991452274,22.00286621142857
1557187200,21.96694712,22.39256577,19.84309631,20.32686496,1359821.8935156,2061981.6359882937,10.439008455399998,18.9631454726,22.19132315523809
1557273600,20.32063185,21.480202,18.72339625,20.4857562,2198289.9046139,2031521.737233565,10.50102916805,19.1320450438,22.34588253095238
1557360000,20.50114478,20.83922811,18.30913606,18.63946759,2243895.52578459,1954948.770092057,10.561844867999998,19.2880329752,22.473295319523807
1557446400,18.63693005,19.97683821,18.03313334,19.55818521,2373816.92949908,1919821.515539138,10.630948086499998,19.4247499384,22.501208600952378
1557532800,19.55629113,22.23352046,18.40867576,21.19502326,3526540.50804778,1967796.7107095723,10.696826200399999,19.5527663598,22.543664463333332
1557619200,21.12987493,21.71213138,20.14368453,20.95121601,3166617.61663611,1999712.7852391186,10.760944275849997,19.649896034,22.38322929190476
1557705600,20.93029239,24.29128705,20.67493703,23.62903292,4639412.25646882,2103230.24483494,10.82569178435,19.750685752,22.15060794
1557792000,23.62533828,24.74229041,22.49888401,23.8451123,3628000.1549994,2173610.1803841987,10.887501164549999,19.8215756188,21.969418892857146
1557878400,23.84579857,27.80230634,23.50858698,26.94314843,6412622.4284111,2380486.8936958574,10.940749372299999,19.926100074,21.815480742857147
1557964800,26.9466449,27.82111285,24.98967038,26.31061209,3081852.3610445,2421121.748732896,10.994865083299999,20.0472427592,21.801968110952384
1558051200,26.34416049,26.72036015,21.62532473,25.80775964,3237875.13976117,2493160.1621080562,11.039888153049999,20.165109345799998,21.8572217752381
1558137600,25.80292848,29.10680932,25.15892928,28.84920342,3793003.28823435,2585783.969485397,11.0895093071,20.297096412000002,22.04000389714286
1558224000,28.85009714,30.23012808,27.51142243,29.25860253,3909633.18453926,2701589.9421248594,11.147058496249999,20.4409296302,22.240375345714284
1558310400,29.25473855,29.62076056,27.48214,29.53305338,3786258.81671384,2815997.94775274,11.203601390749999,20.658614238600002,22.40471268142857
1558396800,29.52646673,32.95282643,28.12572413,32.57120068,4837539.89063695,2988200.835996573,11.2737450715,20.8537120322,22.736225005238094
1558483200,32.58552755,32.59334429,30.43612974,30.78626789,4012045.13211804,3097382.4647589517,11.344856921600002,21.0381857434,23.06394966047619
1558569600,30.78097743,32.4258955,30.19560252,31.55963325,3864297.43138058,3199011.1397576835,11.431669574250002,21.2866045936,23.45486737047619
1558656000,31.54678235,34.91503586,31.24297651,34.24143497,4410971.34310532,3349719.634268937,11.515309326400002,21.533383579800002,23.96664490809524
1558742400,34.21435893,35.78597245,33.78195611,35.29834261,4570770.15859883,3512655.8927449966,11.597709963500002,21.774312510000005,24.402337694761908
1558828800,35.30002978,35.33244953,32.43615972,33.58382078,4163058.71527873,3660816.13396939,11.6952241105,22.068406353600004,24.80135517761905
1558915200,33.55416046,35.58167917,32.8509414,33.57941501,3694314.35617463,3777540.7571023414,11.79454388605,22.286025208600005,25.32494931714286
1559001600,33.57183185,34.6227027,32.49431856,33.12100508,3265789.36803085,3830915.7302731886,11.894660948600004,22.542826096600006,25.927711279047625
1559088000,33.12723649,33.9479071,30.85243814,33.67634715,3425266.90898538,3889984.2994332276,12.009846013450003,22.847856672400006,26.44442620761905
1559174400,33.64824749,35.08127454,29.90196612,31.66175229,3161497.89192421,3929368.347554484,12.116221904700001,23.164231300600004,26.997769196666667
1559260800,31.6902939,32.96018513,30.51364835,32.8556554,2943096.2378901,3900196.1340466,12.225430590450001,23.454201059800006,27.60701396428572
1559347200,32.8514343,34.3178958,32.54447182,33.3754395,2698930.34288229,3876811.770358909,12.348353902549997,23.744749699600007,28.235137342857147
1559433600,33.37073025,33.87649544,32.782885,33.20433364,2101328.75512506,3749907.595291721,12.476049805649998,24.044519614400006,28.855246138095243
1559520000,33.17530977,33.2095108,30.11950423,30.76855236,1850880.92163684,3661051.6336235926,12.595033126549998,24.349291210200008,29.48845900428572
1559606400,30.7329939,31.37294874,28.47970036,29.23999781,2240247.75915836,3452432.9001609557,12.714996001699996,24.61659323160001,30.0684788252381
1559692800,29.225604,31.26355515,29.0390663,30.89769884,2487478.17920984,3422714.191069223,12.833227052249997,24.921191965,30.651960617142862
1559779200,30.89456483,32.05139183,29.62360253,31.19685977,2491180.56129209,3385379.462145769,12.954302444899998,25.220718078399997,30.991937733333337
1559865600,31.17015453,32.14875492,31.01425939,31.44601024,1852732.97629805,3288365.9465489537,13.065573610799994,25.511149839399994,31.24883704333334
1559952000,31.42662945,32.42854492,31.21995057,31.87499269,2721055.10436846,3228937.042540414,13.183348354649995,25.736779678799994,31.437148967619052
1560038400,31.87103717,31.98601096,29.70971944,30.15746697,1998170.92897436,3139532.64815344,13.304721190049996,25.935908761399997,31.669827428571434
1560124800,30.1506428,32.22704305,29.74268489,32.19091756,2730661.98136124,3034188.7526896545,13.429648195249994,26.159049017199994,31.938315552380956
1560211200,32.18142516,32.30812764,30.96131797,32.05628367,2505597.72197095,2958866.3821823,13.542982726249994,26.391102550799996,32.08240075571429
1560297600,32.04878296,35.20872703,31.90752014,35.04511813,3092814.06885006,2920292.2140557743,13.650102617899993,26.5798506318,32.12520382428572
1560384000,35.04128136,36.48586794,34.19632444,35.39984853,2673992.10300945,2833443.252050981,13.766262629899993,26.7284858136,32.2517687852381
1560470400,35.39462731,35.45159967,29.91611625,32.56658115,4997411.9484187,2854775.3415419743,13.882614215199995,26.831635287999998,32.22724892761905
1560556800,32.56047205,34.15883127,31.82728472,32.81385471,3171553.17826587,2805200.0646913312,14.007582702499995,26.991775295999997,32.430051320000004
1560643200,32.86552519,33.56529251,31.3026624,32.27427863,2418011.90337736,2741384.9420514675,14.138721153849993,27.154645005599995,32.61291871428572
1560729600,32.26528917,34.64467348,32.20865483,33.91484589,2585636.53848848,2707377.300574349,14.258874031049993,27.4018516612,32.53316377047619
1560816000,33.92833638,35.26017106,33.72092353,34.42429871,3061068.07726323,2689167.3589882413,14.391600660949992,27.647754154399994,32.41485482285715
1560902400,34.41905765,35.7104151,34.37823651,35.27091667,3107392.47708755,2686462.0882464084,14.524400189849992,27.857029543999996,32.352495672857145
1560988800,35.25831873,37.11982838,34.50932913,36.90551399,4000069.75228598,2739310.7639662023,14.674633762399992,28.0661731264,32.368468571904764
1561075200,36.90323501,39.09270724,36.34774367,38.9681466,3094210.82008554,2759074.787826365,14.82614269059999,28.273909806599995,32.43053017333333
1561161600,38.97494456,39.876305,36.14180259,37.76370282,2453397.49324316,2776678.2247322695,14.964555912399993,28.504679028999995,32.506462055238096
1561248000,37.74144839,38.94363611,35.87366893,36.99689406,2545830.10226003,2811425.683763429,15.10437477294999,28.766689373799995,32.756164993333336
1561334400,36.98799624,37.90009374,35.72807816,37.35322665,2233557.24908406,2811091.1582597145,15.239290048899989,29.035630259399994,33.04723600285714
1561420800,37.36057043,37.58598183,34.72606102,35.90975658,2044105.64359671,2788922.531479058,15.382262625549991,29.34100615179999,33.25620092285714
1561507200,35.89566694,37.83138477,32.4810324,35.63379157,3733103.5401264,2851018.680420773,15.52926166839999,29.656763761599997,33.43679903809524
1561593600,35.64336673,36.68691183,32.176419,33.88512865,3746230.66455344,2945693.564833543,15.67954083899999,29.947118657199994,33.75035495666666
1561680000,33.89453468,34.68426571,33.05078231,34.50176278,2615552.33075043,2940418.426152641,15.83804265134999,30.234249710199993,34.06796251714285
1561766400,34.48831995,36.02005495,32.50068974,35.40919146,2392852.06404549,2960152.482906197,16.007579776349992,30.52665809759999,34.293490742380946
1561852800,35.41288974,35.53070771,31.47251819,31.86358667,1816360.43378937,2914437.405527604,16.16718254469999,30.805668984399993,34.42150354619047
1561939200,31.86646274,33.83857102,30.9262578,33.0042983,2177806.89114796,2898047.863986454,16.32240737994999,31.111807516599992,34.567015571904754
1562025600,33.03152746,34.38483264,30.27131203,31.94011978,3164897.89534498,2901652.0553112,16.48516697869999,31.379794965599995,34.73531075142857
1562112000,31.94180785,33.28008251,31.49985606,32.62377725,1870854.45251551,2861495.172786503,16.64232180304999,31.697040869399995,34.816554546666666
1562198400,32.63376596,34.64392098,32.2230591,33.01372228,2319809.28631619,2727615.039681378,16.797434988999992,32.01406099439999,34.855286962857136
1562284800,33.02490797,33.68803325,32.15492457,32.57738269,1545318.05974008,2646303.2837550887,16.94307969079999,32.2274322626,34.84975534904762
1562371200,32.56855992,33.58572525,32.33480295,32.51598315,1067785.85076878,2578791.9811246595,17.09259184874999,32.4684939084,34.73445340238096
1562457600,32.4924384,33.74639988,32.19361835,33.12728576,1081408.5673354,2503580.5825670054,17.245362322899993,32.6347156456,34.620828342857145
1562544000,33.14733796,34.6368513,32.78056239,33.54034474,1723864.34857333,2436720.3961325106,17.379854054399992,32.810288944599996,34.621342701904766
1562630400,33.5481937,34.20937686,32.00173376,32.54073707,1467404.93831051,2354721.0191936586,17.521932968000005,32.93170042159999,34.607158341904764
1562716800,32.56008188,33.1128253,30.09818442,31.30015282,2025823.60544734,2256008.7118517263,17.659252652600006,33.0570358336,34.64777772904762
1562803200,31.21416669,31.800982,28.07740876,29.43939284,1835306.50829439,2193063.496262169,17.799918458350003,33.191200303799995,34.629944340952385
1562889600,29.43333874,32.70304118,28.89116003,32.03063594,3116995.32440435,2226243.3878202285,17.942137295600002,33.2767619506,34.540250929523815
1562976000,32.0041687,32.66743565,30.0857539,31.51230253,2318584.85264613,2214881.125339533,18.079723868900004,33.3623967948,34.35116693666667
1563062400,31.53769585,31.6073624,28.31132938,28.88241874,2757601.88372268,2241083.357071464,18.214506130850005,33.4225504686,33.99563735809524
1563148800,28.87301766,28.90261599,26.18307102,28.63085035,3496329.68513424,2313694.5591483405,18.353222482000003,33.397129511399996,33.66527970761905
1563235200,28.62404226,29.61914435,24.86649604,25.02558669,4776700.84572925,2365874.424428483,18.4924202193,33.370192010400004,33.36759397952382
1563321600,25.04709559,28.44689025,24.19805405,27.71902306,4855407.78558751,2421333.2804801865,18.627718089000005,33.3796120642,32.98119039285715
1563408000,27.72021602,29.59685057,26.76383553,28.98564908,6091986.69151917,2595154.998518624,18.754816871400003,33.325029415399996,32.56583914047619
1563494400,28.98628894,30.12359225,28.18911465,29.08578512,4745790.61303991,2712801.925968345,18.872093703200004,33.196710938,32.04754533619048
1563580800,29.07663666,31.75607173,28.79265108,31.15285618,3080281.30012193,2775997.969284973,19.001561616800004,33.0976515294,31.67065159761905
1563667200,31.19369353,31.6126497,29.21684794,30.45474428,2320602.04550545,2783137.727002847,19.131652742500005,32.926574963,31.437343046666665
1563753600,30.4656106,32.53601227,29.65210037,30.82115208,2534408.31347423,2751613.24790931,19.247781266300002,32.8185353226,31.17943934857143
1563840000,30.81176457,30.83636477,28.98023456,29.38611134,2328656.10157886,2774503.3303624773,19.364870615600005,32.7247213612,30.976756716190483
1563926400,29.39571681,29.4115261,27.65086457,28.84998799,1993598.91560287,2758192.811826811,19.460224791550004,32.6732020178,30.90966898333334
1564012800,28.86137719,29.75929769,28.49163789,28.93410075,1716252.96815759,2766739.5572476867,19.570272209800006,32.6391460334,30.805709639523815
1564099200,28.93383742,29.10652192,28.20266667,28.99124891,1823977.40061496,2804549.134739996,19.685509914600004,32.580732129000005,30.684090190000006
1564185600,28.99437119,29.77824673,26.99402564,27.72274781,1469758.46003375,2823966.6293749134,19.800456624150005,32.5330684978,30.504385939523814
1564272000,27.70268231,28.00577779,26.38104214,27.69036655,1161823.42226792,2795864.5830596434,19.926041548350003,32.505419677400006,30.310118247619055
1564358400,27.73388414,28.01467621,26.68754274,26.94382095,1039441.17017811,2774466.394653023,20.047830782150005,32.497619481,30.139349972380955
1564444800,26.95230224,27.48362113,26.16632198,27.02136018,1074427.61135648,2726896.5949484804,20.172777015400005,32.458347519200004,29.91110067047619
1564531200,27.01849604,28.02017772,26.80127525,27.77162555,1082211.66163613,2689241.8526155674,20.289659028150005,32.414235302,29.652199755714285
1564617600,27.79686408,28.87828544,27.46338643,28.80243199,1804030.68696435,2623593.620743567,20.403919639850002,32.3397700534,29.338079575238094
1564704000,28.80765526,28.84851095,27.51422471,28.15068729,1241482.47546728,2569738.501884625,20.516836338850002,32.2560775306,29.075252104285717
1564790400,28.13620704,28.39245581,27.49970933,27.74441622,1039413.18633179,2483829.0670150807,20.630545334900003,32.1918046102,28.907226996190474
1564876800,27.74602598,27.85464106,27.04032536,27.49980859,971839.79267548,2357604.5723921424,20.736276800800002,32.0884134626,28.876895527142853
1564963200,27.48866506,28.41050136,27.42210573,27.92732126,1522137.02568201,2194876.381389781,20.84166654685,32.002720300200004,28.692136067619046
1565049600,27.93722792,28.46343845,27.08834904,27.61492052,1284519.26616358,2016331.9554185842,20.946875674400005,31.877866577400006,28.512712909999998
1565136000,27.60054609,30.09021359,27.22070021,29.67117301,2053295.90358265,1814397.416021758,21.051931744300006,31.732883352600005,28.44687433142857
1565222400,29.68508468,31.75609745,29.14185216,31.01151501,2547319.65067712,1704473.8679036186,21.161214817150004,31.636440054000005,28.413372946190478
1565308800,31.01931365,31.46705062,29.58083004,29.75883049,1233335.12731349,1612126.5592631965,21.277575356700005,31.53015913160001,28.536674557142856
1565395200,29.76577947,30.07754155,28.68367973,29.58946627,1438891.71738218,1568041.0428570332,21.38773589115,31.443219984200006,28.629634078571424
1565481600,29.57837708,30.43013543,29.20566723,30.21317247,1548957.2668393,1518768.4905252866,21.497215223400005,31.317221476800004,28.72610388476191
1565568000,30.24811961,30.58673895,29.72735942,30.15779272,1518003.58100024,1478235.8644963554,21.604107768900004,31.222158962800005,28.758153664285715
1565654400,30.15031974,30.39706281,29.01227953,29.33593501,1641387.28921536,1460625.28317698,21.711890955450002,31.1369709296,28.68370652571429
1565740800,29.33857766,29.36849538,26.53138554,26.92824981,1411524.51982189,1445388.860760195,21.817389685500004,30.994037259600006,28.672203106190473
1565827200,26.91090458,28.28287694,25.41820573,28.11954013,1586838.10585821,1433531.8960223575,21.932963179300003,30.806463653,28.640614565238096
1565913600,28.10659314,28.14680983,26.63559495,27.56093496,1194943.9400853,1419791.1700249352,22.0560181206,30.655453046,28.63822521619047
1566000000,27.55811449,27.96024363,26.88169327,27.45321189,1372645.27774103,1430332.2627985906,22.172419957850003,30.5186710192,28.546713874285707
1566086400,27.47292152,28.18880476,27.0304411,27.92823117,1473205.04085899,1452020.4563326347,22.287978301250003,30.358325186400002,28.507925273333328
1566172800,27.92933431,29.31798319,27.71843198,28.80421704,1281295.66738429,1462363.8591340252,22.406574806200005,30.178695051000005,28.439815085238088
1566259200,28.81024691,28.87165063,27.5520662,28.05240515,1039040.44803732,1460205.2984540847,22.5250881448,30.0284100222,28.426980041428568
1566345600,28.06874036,28.12710087,26.18007722,26.90876027,1211504.61943888,1430578.995077811,22.638410081500002,29.9019261484,28.438306928095237
1566432000,26.89342553,27.39507545,26.14667884,27.0283299,1207656.48229043,1428887.6954189683,22.738425197850002,29.7609551306,28.526897218095232
1566518400,27.03085441,27.44276166,26.78623803,26.99295682,971775.95093603,1425505.8336491804,22.844020796400006,29.611335924800006,28.575994597619044
1566604800,26.99455524,27.01506209,25.93733475,26.34087401,974112.66168892,1425619.4770998524,22.951092335200002,29.550148532200005,28.534905774761903
1566691200,26.34071554,26.62746958,25.48904498,26.0687678,879251.18123848,1393475.184877676,23.057852799300004,29.451110669200002,28.45042472285714
1566777600,26.08904985,27.21554245,25.58364266,26.10386716,1610983.06788218,1409798.374963606,23.167016445900003,29.350483479000005,28.395294700476192
1566864000,26.0970727,26.12705725,24.5365626,25.57507284,1080117.52926466,1361139.4562477064,23.28009622895,29.238574532,28.328459357142854
1566950400,25.58435136,26.10952833,23.17077506,23.34863233,1277261.44873347,1297636.546150524,23.387992615850003,29.118159222800003,28.260314557619047
1567036800,23.33071765,23.34776732,21.18777472,21.77341683,1039172.18515185,1287928.399042442,23.488553557950002,28.993429049200003,28.173483409999996
1567123200,21.77797141,22.5549856,21.4652268,22.14923309,1010328.68422391,1266500.2473845282,23.5901255236,28.864484742200002,28.076347806190476
1567209600,22.13428151,22.37891948,20.93594457,21.07213214,1013287.59208735,1239716.763646931,23.69007515925,28.724016370200005,27.77527444047619
1567296000,21.06387016,21.69651251,21.01480748,21.52284976,936404.7394025,1210636.821567044,23.7829334163,28.564710932200004,27.335365003333333
1567382400,21.52395326,22.93521123,21.04487937,22.89164483,1301917.021153,1193663.3081639258,23.873114283950002,28.38086883740001,26.973003222380953
1567468800,22.88596708,22.94957418,22.11949033,22.37413182,990067.06104944,1172590.4352253033,23.965051341749998,28.190334117600006,26.567415882857144
1567555200,22.36804674,22.62857531,21.47992455,21.72212297,895169.71544966,1138007.0157048758,24.05036374095,28.044530922600007,26.153590991904768
1567641600,21.7200369,23.61321703,21.33885594,22.67893495,1754121.25144469,1165965.8812728454,24.123112869,27.825360846600006,25.80758394952381
1567728000,22.67869668,23.50661245,21.68372416,22.04811675,1494530.8928898,1172060.1620302838,24.1866050511,27.625571791200006,25.47606951190476
1567814400,22.04987425,22.72636595,21.96111938,22.46276664,1313949.73766178,1164097.3968704233,24.250272325450002,27.505756313000006,25.228158709999995
1567900800,22.4666268,22.7771143,21.94934427,22.4209546,1046560.57898062,1152360.64245024,24.309849875300003,27.3806219424,24.969082272857143
1567987200,22.41475756,22.67155496,21.70464151,22.12122877,831730.16321172,1141995.12820896,24.3733260866,27.314552668000005,24.706567120000003
1568073600,22.11972632,22.33643169,21.42364779,21.76166395,834352.87065643,1123137.5407698373,24.44436260715,27.2137509058,24.46892687
1568160000,21.76159929,22.07664398,20.48375795,20.72562071,816928.81273054,1103601.1572918429,24.51024230235,27.0750002592,24.20667560476191
1568246400,20.71865622,21.00407186,19.67750025,20.84313291,1248419.42000036,1117433.3307450593,24.5737963954,26.942539889600006,23.888438068095237
1568332800,20.83866743,21.24320783,20.38823468,20.82539648,1153459.71773157,1126400.6835471918,24.64154632715,26.767901858000005,23.588878963333332
1568419200,20.8339032,21.18064328,20.70046495,20.99823301,1057930.215735,1135334.6352720177,24.704127416000002,26.6012315478,23.294443746190474
1568505600,21.00176747,21.08622797,20.30215564,20.30366413,824306.21279369,1096000.7925175931,24.764291636849997,26.420041785200006,22.999910556190475
1568592000,20.3096296,20.82193848,19.84117137,20.26732475,753822.11247724,1079686.021678222,24.82222594735,26.246831972600006,22.70621720666667
1568678400,20.25932924,21.44093354,20.0199547,21.04294162,1333435.05560663,1082494.70202188,24.8809961264,26.086694871000006,22.451805730476195
1568764800,21.03282017,23.2693318,20.9417675,22.18681428,2532385.78506103,1157155.382017339,24.93626903065,25.924520785600006,22.177276984285715
1568851200,22.19359705,22.43861824,20.37854815,21.56929602,1801869.67719039,1196732.4316656631,24.98636359205,25.76466046760001,21.899346393333335
1568937600,21.56800991,21.64156526,20.85247114,21.26955369,1516723.43000985,1221904.2235617882,25.0410746355,25.61627879400001,21.683530620952382
1569024000,21.26731821,21.45855285,20.75344719,20.957265,1497132.03466958,1249940.5883251422,25.096820801099998,25.46781795800001,21.628205951904764
1569110400,20.9506603,20.96805272,19.96180551,20.36473037,1070623.32405904,1238375.903470444,25.15479855565,25.349800371400008,21.618485913333334
1569196800,20.36669784,20.38211389,19.0711818,19.28504034,878999.10057247,1232822.5054465956,25.20725941085,25.2531094534,21.576596418095242
1569283200,19.28454773,19.45149415,14.90006188,15.89281628,1700494.15993712,1273088.7276709687,25.257479445399998,25.129062862800005,21.571126554285723
1569369600,15.88527639,16.5242288,14.88964952,16.04066631,1371807.14590806,1253973.0223941372,25.306321643649998,24.978405296800005,21.51597801190477
1569456000,16.05596469,16.39050041,14.36519598,15.21184088,1191630.52299393,1238828.0038993438,25.35859301,24.834536851000003,21.34423494095239
1569542400,15.2132139,15.80299319,14.71376121,15.69335052,1023962.77366183,1224328.6556993462,25.409495388099998,24.686943134000007,21.035600867619053
1569628800,15.69959345,16.05937033,15.32423572,15.75433254,967915.22597469,1220396.3880490498,25.4590618056,24.522647769000006,20.76505531238096
1569715200,15.75375022,15.8425292,14.83804632,15.22130522,820429.46907839,1219831.3533423834,25.4959216515,24.281957669400004,20.40947940428572
1569801600,15.22109142,15.92600709,14.5707223,15.87020823,863516.41595111,1221289.5306071173,25.52537749735,24.05047258520001,20.106871488571432
1569888000,15.88418388,16.33737861,15.65474759,15.91044193,826408.92971696,1221763.5364564382,25.5466910047,23.76128594260001,19.78742224571429
1569974400,15.91655394,15.92724778,15.52843217,15.91370771,779947.18574821,1198339.9247438307,25.5551134766,23.454922652800015,19.44458179904762
1570060800,15.91804195,15.98084882,15.26638385,15.65824981,723916.1491793,1176862.7463162174,25.5634732255,23.174832693800013,19.146914154285717
1570147200,15.66002304,15.85560836,15.20306178,15.64126154,704771.57250968,1159204.8141549514,25.567967099500002,22.887469472800014,18.868284534285717
1570233600,15.6527645,15.8258311,15.36946649,15.72409242,674977.65481948,1151738.3862562408,25.57476439725,22.600610188000008,18.639145820000003
1570320000,15.72711772,15.77672289,14.84717832,15.06142837,657474.77417248,1146921.019341003,25.577255333149996,22.31566317220001,18.392246624761906
1570406400,15.06761299,16.15655411,14.86991535,16.04806733,898444.95938412,1125171.5145298776,25.57846059,22.04721862620001,18.14538305619048
1570492800,16.04993427,16.37423866,15.8154512,16.02524215,728874.53735577,1034995.9521446144,25.58380673375,21.821818626200006,17.894233504285715
1570579200,16.02258723,18.09094756,15.88548358,17.77141136,2042552.09320425,1047030.0729453074,25.5891542192,21.572253054400008,17.64460323
1570665600,17.77020586,17.96987533,17.10438912,17.59204349,1323168.98346756,1037352.3506181929,25.58923796215,21.335516203600008,17.443686210000003
1570752000,17.59538799,17.89948879,16.50377675,16.58111911,1044050.01558476,1014698.249663952,25.589737255350002,21.08768053320001,17.204748140000003
1570838400,16.57500325,17.50147078,16.53939448,17.19827694,1203241.68567455,1021329.1677447275,25.590591656799997,20.850077256400006,16.99449085809524
1570924800,17.19827694,18.78804737,17.1282013,18.27170717,1723203.42864138,1063539.3841481728,25.5919807674,20.594497758600006,16.805097880476193
1571011200,18.26918613,18.62313187,17.87242456,18.47423842,1342634.68812311,1045646.4105574724,25.591813038,20.388877882800003,16.581839090952386
1571097600,18.47673904,19.1680129,18.10023527,18.57011963,1703501.05661594,1062231.1060928663,25.6003935624,20.2025435472,16.402839659523814
1571184000,18.573692,18.67396889,17.3758099,17.75616554,1375250.68445481,1071412.1141659103,25.60483032815,19.9935993314,16.30317188809524
1571270400,17.75499261,18.88458802,17.56700674,18.54887796,1449595.45997367,1092693.7484815023,25.61839795155,19.797705733799997,16.264562272857145
1571356800,18.54616401,18.76516639,17.63947065,18.23648136,1117304.56547647,1100163.2154565915,25.62120977095,19.636322397,16.39205290857143
1571443200,18.23378253,18.44844715,17.88723248,18.23107358,1410903.37454196,1129686.9107297699,25.620848109549996,19.4844318094,16.47374334809524
1571529600,18.23450285,18.6255563,17.7636972,18.5158691,1232295.87735488,1148125.8837999583,25.6265449042,19.3337568588,16.63264987571429
1571616000,18.52092003,18.52316883,17.93566507,18.29235823,980131.97283992,1155812.0359561064,25.635124828,19.177378712800007,16.753751344285718
1571702400,18.29078688,18.83947388,18.09071193,18.23922479,1261103.04161312,1179869.828749352,25.644575649700002,19.081383625400004,16.871691393809527
1571788800,18.23629325,18.24322817,16.07916472,16.70071901,1055786.92702963,1196463.3676418685,25.6552849433,19.010644916,17.02857538809524
1571875200,16.70517784,17.13580723,16.34639052,16.99041639,1319282.3972672,1227188.9088797444,25.6594675049,18.9322817258,17.14391586428572
1571961600,16.9850669,19.276875,16.77924641,18.64342858,1964245.18252011,1291652.2852647759,25.664778860349998,18.881156465,17.25481028619048
1572048000,18.65539045,20.21246058,17.90961306,19.01139881,1581081.44498284,1337832.618805294,25.66662872465,18.8165466344,17.292287014761907
1572134400,19.00074574,19.67505152,18.52091258,19.3463753,1429511.46800374,1364385.9442362748,25.65825746685,18.723498233599997,17.35572351857143
1572220800,19.34933545,21.22779429,19.28802318,19.96192244,1642482.11577758,1410066.3231573652,25.6572388681,18.610029977399996,17.498683853809524
1572307200,19.9484972,21.24979245,19.83802431,20.80486313,1336705.64705134,1374774.0008497196,25.65375112835,18.5153958458,17.655222253333335
1572393600,20.78621294,20.86087263,19.11376465,20.06855437,1051846.06622135,1361207.8549874092,25.6475491963,18.434685718399997,17.859267345238095
1572480000,20.07714495,20.43212735,19.31408328,19.92421331,1103004.35217355,1364155.5718168486,25.635626127250003,18.373951359599996,18.04564139809524
1572566400,19.93257935,20.11369947,19.64431159,20.02483405,872524.60734117,1347619.7179001798,25.6253182941,18.311623532799995,18.273242397142855
1572652800,20.03056966,20.3644421,20.00637755,20.22311307,1005375.13316967,1311728.3031265943,25.6278728903,18.262442889599996,18.38263015952381
1572739200,20.22349713,20.438071,19.79103194,20.19087278,909841.75258022,1290088.65634945,25.63074104755,18.236115576799993,18.493685865238096
1572825600,20.19056723,20.9914664,20.04232359,20.66744903,1151217.71003789,1262474.4890205474,25.635989667950003,18.20225338519999,18.65767229095238
1572912000,20.66967197,20.97189913,20.32949813,20.68359263,1227574.63021943,1255090.6863087784,25.6476706865,18.186225237199995,18.801712106666667
1572998400,20.69475402,20.94412771,20.42985971,20.69520609,975314.47037983,1231376.636829086,25.659699333,18.169859259999996,18.893100945238093
1573084800,20.69656271,20.84637854,19.86270869,20.40213673,818770.4398949,1216449.9305500076,25.666628376900004,18.157813591799993,18.997539545714282
1573171200,20.40538439,20.49349689,19.16870847,19.60720297,860466.1558377,1188928.0696147946,25.6688141415,18.14166638719999,19.098181117142854
1573257600,19.60410926,19.95329823,19.4274647,19.72462837,789819.34308665,1166804.2429013832,25.67252059335,18.14894208519999,19.238135429047617
1573344000,19.70446069,20.76150273,19.67246179,20.42584009,1112948.73152308,1173445.0808355412,25.674932728450003,18.15726744279999,19.326385846666664
1573430400,20.42072673,20.62521127,19.66437846,20.07107719,1231710.78429192,1171975.4679694811,25.677916176900002,18.150312732199993,19.39165830428571
1573516800,20.07891377,20.97435095,19.87902761,20.958488,1413671.88472577,1189869.7158542883,25.671210391100004,18.11461918119999,19.46277996095238
1573603200,20.95916134,21.75141406,20.55265776,21.34217455,1706343.76626797,1209222.7843043269,25.652412186250004,18.075377320199994,19.55373096047619
1573689600,21.34913245,21.61829904,20.66847834,21.28075368,1045554.49297284,1163288.2498269633,25.630888250450003,18.04447881379999,19.63843186333333
1573776000,21.27965654,21.2805258,19.87983162,20.24297195,883580.70479723,1128413.2128176827,25.6119793483,18.03385031559999,19.76792058761905
1573862400,20.24346479,20.56666188,19.89916236,20.15049944,743489.30312074,1094112.1045735327,25.5904513722,18.027977251999985,19.98894228
1573948800,20.1530522,20.4328346,19.71603795,20.17709537,765711.86883166,1050273.5922262368,25.5756505873,18.06144620519999,20.193244055714285
1574035200,20.17866348,20.19073561,18.46824267,19.05786547,830824.77174961,1024979.5484611504,25.562256168400005,18.170433370599987,20.269412787619046
1574121600,19.05801448,19.24507825,18.05697512,18.47992403,707522.63718248,1007763.377009207,25.552097496000002,18.27523511799999,20.323655674761902
1574208000,18.47659514,18.72518076,17.76338564,18.06634313,783540.23168291,991790.170984675,25.54510655805,18.37585773939999,20.36321377333333
1574294400,18.05664569,18.19747513,16.08490089,16.76936954,959842.32875644,996156.0570554385,25.542380207700003,18.465000717799988,20.32016344142857
1574380800,16.76525702,17.35871686,14.27071594,15.51301438,1548309.02706101,1023302.7517500056,25.536902052250003,18.55345597439999,20.209452055714284
1574467200,15.51155052,16.3785,14.99865501,16.27838721,1198943.86734216,1037757.8574881025,25.531498004650004,18.63018717939999,20.11410866333333
1574553600,16.26370217,16.50360672,14.9117665,15.02241909,1172673.80994389,1038830.6624834023,25.523131139900002,18.682381495399987,19.963878007619048
1574640000,15.02181694,15.81487343,13.92440956,15.18123086,1264806.82447266,1040692.2721960638,25.5158330199,18.725499519399985,19.74902945190476
1574726400,15.18424871,15.8873677,14.96788451,15.38167911,981412.43339414,1040997.1703467794,25.4952210167,18.742612755999982,19.56118536333333
1574812800,15.38101556,16.27946507,14.60482514,16.10596215,1265186.74678053,1063317.9856910608,25.471390846650003,18.739708047399983,19.315068520952376
1574899200,16.10331103,16.23590945,15.44744466,15.55643215,773393.53039761,1058964.3544190563,25.44852085525,18.752450560799986,19.053820036666664
1574985600,15.55183242,16.3567475,15.49912131,16.28083235,1036771.74216575,1071311.9743730114,25.41870366655,18.738417094199985,18.80134796428571
1575072000,16.27769339,16.31402433,15.44163471,15.73916484,659084.11873373,1048618.743733544,25.386472677249998,18.740813143999986,18.582812538571424
1575158400,15.73408704,15.73408704,14.92506027,15.45115195,939891.21303013,1034027.7651704544,25.366230288500002,18.727485379599983,18.352064701428567
1575244800,15.45912391,15.63152618,15.00940874,15.16256525,1029245.51536444,1014806.4467023879,25.33891360295,18.729099779599984,18.19366610047619
1575331200,15.1679659,15.44628387,15.04444466,15.26661349,1117732.03929893,985375.8603539359,25.321622419300002,18.684800195399987,18.00388212285714
1575417600,15.26506659,16.17050833,14.83121044,15.121012,1263550.91597081,996275.6815038344,25.3007398888,18.658575972599987,17.766992211428565
1575504000,15.13310172,15.76514663,14.78258977,15.66457743,1208227.75616077,1012508.0340720114,25.27529458325,18.64173688719999,17.533253547619044
1575590400,15.66904302,15.83278163,15.29465132,15.69811698,929772.46093967,1021822.1919629577,25.248320663949997,18.606794387399987,17.262211904285707
1575676800,15.70290363,15.86982627,15.54597417,15.64857011,1032501.62171641,1035161.6796071952,25.2115796611,18.54461154899999,16.965966068571422
1575763200,15.65178723,15.76595672,15.35562103,15.63272221,921858.13876858,1039713.3479581438,25.1710499238,18.480459050399986,16.698529104285708
1575849600,15.61862707,15.90328727,15.13098755,15.32726701,946468.88764298,1051660.6604811687,25.113589941399997,18.411476897799986,16.48210743904761
1575936000,15.32200093,15.3547699,14.55883527,14.79180271,769881.91862002,1050977.7448280242,25.0578497072,18.36964513559999,16.267729851904754
1576022400,14.79465118,14.98888775,14.57578472,14.75779131,633861.921541,1034678.7244672521,25.00514397645,18.312629915999985,16.05133112999999
1576108800,14.75853404,14.95019326,14.29652106,14.7038887,560265.35178961,985276.540703682,24.93650301935,18.260871690999988,15.873683584285706
1576195200,14.70298675,14.99084874,14.63835024,14.84991698,610239.89023647,955841.3418483976,24.86853289385,18.208904663599984,15.698058759523798
1576281600,14.84810249,14.98090277,14.18494726,14.38189649,630696.68672157,928742.4856872817,24.79935821185,18.145132621799984,15.540508672857133
1576368000,14.38562146,14.56307573,14.12344561,14.38293207,543520.428822,892678.1659047488,24.714745059000002,18.075121511399985,15.44215244238094
1576454400,14.38247723,14.40670417,13.24270319,13.42975482,749684.22459167,881091.7554646252,24.6389773306,18.00549284179998,15.410576375714275
1576540800,13.42591998,13.44968756,12.10816136,12.34989272,869013.23908514,861283.0800798557,24.5578154994,17.965556235599983,15.320267293809515
1576627200,12.35707599,13.8470066,12.17571579,13.64576707,1150531.65450993,880139.9862854717,24.4605673381,17.922746247399985,15.289815530952373
1576713600,13.63770029,13.79307629,12.9466006,13.34424317,788251.63259512,867713.9808069402,24.3578645816,17.837515605599982,15.206411909999991
1576800000,13.34825062,13.54043742,13.10649028,13.49679374,1058832.51047206,887701.4003938567,24.2634649212,17.744946270799986,15.062041129523802
1576886400,13.50290302,13.52887153,13.24284397,13.30631387,804413.03294277,880927.4913894888,24.16981743105,17.626613861199985,14.944888982857135
1576972800,13.31255352,13.86243891,13.27861225,13.7955658,778329.24381659,868381.6778120963,24.0761218881,17.474373266799986,14.839546650476182
1577059200,13.80748868,13.97079573,13.19175554,13.29331213,605275.01756619,842758.8267254593,23.9796548127,17.331191345599983,14.706973383333324
1577145600,13.29215472,13.59913766,13.20101337,13.34076063,781942.53720634,818678.4077872358,23.888494825350005,17.196705121599983,14.591123337142847
1577232000,13.33870577,13.35334929,12.86878089,13.04765932,610423.230544,788788.1815063974,23.785966011950006,17.068156730199984,14.512285901428562
1577318400,13.04879132,13.57219233,13.0156241,13.12083456,636540.81067437,774126.5989931324,23.6873176498,16.933786326599986,14.42327384809523
1577404800,13.12632753,13.29794637,12.79512289,13.27134063,658311.89291657,755417.1125531404,23.588017197450004,16.805235381199985,14.33156656904761
1577491200,13.28262612,13.69854942,13.24650126,13.6530544,849790.55111778,751813.7331706004,23.50165840435,16.667284168199984,14.232835489047607
1577577600,13.6556962,14.22225069,13.55270779,14.09623245,1038961.68521256,756438.3730490793,23.42198998465,16.520750400199983,14.111704876190467
1577664000,14.08636809,14.35857437,13.7313489,13.79781399,1021008.39602919,768994.6969195378,23.33647931945,16.368031733999985,13.996144097619037
1577750400,13.80300058,14.02390973,13.58114532,13.66545237,850235.19950797,779813.3608178863,23.24696158125,16.216544303399985,13.901119539999987
1577836800,13.6613196,13.84306081,13.5971265,13.65885453,795483.30891903,791574.2586743573,23.1564353332,16.073928381399984,13.827953360952367
1577923200,13.66558443,13.67427096,12.89916682,12.9690017,650685.02793733,793596.5155594002,23.06229866635,15.954845409999987,13.75512226476189
1578009600,12.96725587,13.76291292,12.93533449,13.6385047,621345.83980651,793128.9732136473,22.9771155043,15.842277491599987,13.701486534285705
1578096000,13.6340853,13.85581524,13.50336939,13.78972458,829580.19692217,807431.9616186557,22.882517619650002,15.709716969599986,13.64915621142856
1578182400,13.79441688,14.30828425,13.76941565,14.03408417,1069131.93401807,823404.3470899757,22.7905014733,15.581604473199986,13.566542544761893
1578268800,14.03277226,15.02628563,13.99914592,14.96251343,1116085.04041734,835757.9371565857,22.6857570449,15.435611803799986,13.508856245714274
1578355200,14.96286986,15.24040995,14.41926163,15.03786672,743637.20923513,815413.2148928457,22.5777468722,15.268148346799988,13.480657583333322
1578441600,15.03752141,15.37970966,14.16442066,14.51748182,828860.58235017,817443.6623805983,22.483241228300002,15.115303367199985,13.464045778571418
1578528000,14.5200311,14.58688297,14.15240848,14.3789422,852282.76392609,807116.1750532998,22.3874662274,14.986238419799985,13.537034283809511
1578614400,14.38014817,15.10241447,14.09146179,15.08330241,926578.84081827,813224.4654470747,22.290939842750003,14.863910114399985,13.665033045714273
1578700800,15.08165741,15.38374836,14.71823462,14.91914135,1035347.4572738,826075.3761199352,22.189558136800002,14.759618475599986,13.70654327190475
1578787200,14.91393363,15.45118431,14.79506451,15.33620809,1065050.9398543,849064.1722343408,22.08638526615,14.679218500599987,13.7558146542857
1578873600,15.33895781,15.36684106,14.89134646,15.16042269,832013.65492277,851567.7281201622,21.980201103650003,14.599969656399987,13.831362686190463
1578960000,15.16098845,16.93309264,15.15432591,16.63127144,1164020.0588856,879247.5695372422,21.87048610085,14.526221637799985,13.908163994761889
1579046400,16.62388224,18.16407646,16.24625138,17.64996447,1646683.47778697,929754.7028928722,21.750834701450003,14.492500295199987,13.98152791333332
1579132800,17.64216915,17.68747626,16.25990687,17.03322488,923400.46220479,943009.1313572831,21.634603596450003,14.480622834599986,14.070437939999987
1579219200,17.03583916,18.49705399,17.03487163,18.0497174,1426949.58111992,971867.0828573902,21.52151383715,14.461779252199985,14.227128930952379
1579305600,18.0445023,18.33501441,17.45154879,17.78904917,989026.51003447,969370.3240984858,21.410164215950005,14.464539324199986,14.446286319047617
1579392000,17.77991619,18.46914272,16.5896981,17.3646244,871185.59375978,961879.1839850151,21.305211139800004,14.493540135799996,14.63259062
1579478400,17.38549396,17.53868551,16.77708235,17.28833555,839442.1003417,961339.5290267017,21.203723222400004,14.538905842999998,14.860132370952382
1579564800,17.29775999,18.22282698,17.18945629,18.07306164,1085054.00580407,975818.0638709536,21.110099692600006,14.5574510976,15.057084502857142
1579651200,18.08929659,18.36528855,17.51856368,17.78299684,824892.63145518,984528.444046846,21.020747235900004,14.607316802599996,15.212722214761904
1579737600,17.78500562,17.79063922,16.69101336,17.00989679,685897.01754951,987756.0029339961,20.931951100950005,14.637481138999997,15.378937527142858
1579824000,17.02407348,17.39117155,16.4025392,17.06384617,696071.21890019,981080.5540328972,20.857799292000003,14.669990330199996,15.588823682857145
1579910400,17.06673548,17.09733136,16.52740589,16.9154883,629774.89963547,959112.7023137672,20.783026387500005,14.706734002199996,15.785211411904763
1579996800,16.91320246,17.47265556,16.799366,17.4601506,738342.03134359,940225.5518600798,20.712271034450005,14.764943929999994,15.97763498761905
1580083200,17.47257426,17.87755564,17.17421527,17.64526559,600779.41437751,933082.6621171987,20.635975270200003,14.815271596999997,16.140746486190476
1580169600,17.64082749,18.21668018,17.40118295,18.11437979,628965.31714723,923087.8988570517,20.557348336550003,14.853049292799996,16.289592377619048
1580256000,18.08241465,18.43775368,17.73896809,17.87571739,645544.36284205,912750.9788028498,20.484826731300004,14.881034667599998,16.45273839809524
1580342400,17.89490833,18.6937782,17.61195005,18.52822056,839998.90034491,908421.9817791816,20.41116179975,14.905382093999997,16.580488500952384
1580428800,18.55023207,18.83589712,17.76843078,18.23514755,689868.99495956,891148.0586634695,20.330574854900004,14.941613703799996,16.726989123333333
1580515200,18.23964617,18.58361049,18.00042515,18.24919607,591973.21444402,867494.1723929556,20.248192362050002,14.981864571399997,16.886905102857146
1580601600,18.25220537,18.77744058,17.7644775,18.41960645,714452.86320922,861616.1328072781,20.1700661182,15.037606826999998,17.08448978666667
1580688000,18.41322558,18.9312545,18.15315495,18.43131208,653863.29201139,836108.2944635676,20.1008661071,15.099285120599998,17.234577650476194
1580774400,18.423584,18.6084695,17.8075085,18.11243494,556796.84876016,781613.9630122271,20.04189547085,15.174693705599998,17.39315168476191
1580860800,18.12240928,19.54075388,18.09474362,19.28655046,1047592.33049105,787823.55642654,19.9723141901,15.245318882599998,17.53998017809524
1580947200,19.29288346,20.83506467,18.99464383,20.64589977,1359382.58348768,784445.206544928,19.9041312644,15.313304464399998,17.69573681571429
1581033600,20.6518631,22.49707587,20.47243848,22.04321638,1667996.73608763,818393.717847586,19.852360273500004,15.3940586636,17.766268410952385
1581120000,22.03055712,22.1908722,20.86376934,21.81327074,1119830.14851799,830825.9455854965,19.800381759500002,15.475026263799998,17.844201077142863
1581206400,21.81368383,24.3980699,21.78606691,24.39131352,1477080.15431308,862707.8482840655,19.766499806400002,15.5686798662,18.01623321476191
1581292800,24.38277263,25.82857629,23.02281903,25.15666045,2246104.68599594,920760.382293659,19.720002723350003,15.707413021,18.206399832857148
1581379200,25.19015598,25.88913546,24.12748176,25.81262774,1617088.3857767,960370.170009735,19.667231038350003,15.847415675,18.39802943142858
1581465600,25.8129042,26.97932621,25.42071256,26.48821783,1493875.79594071,1000769.1089292949,19.612364287450006,16.0213951392,18.7326336752381
1581552000,26.48839054,27.25999305,24.56417407,25.45790405,1575778.66233565,1044754.481101068,19.553032758850005,16.1877246792,19.107315813333337
1581638400,25.45906757,26.57884652,25.02368035,26.4210287,1590621.06157892,1092796.7891982403,19.503988536300003,16.4094246722,19.47586658000001
1581724800,26.44072481,26.51236913,23.44722793,24.24381986,1697599.32459673,1140759.6538608973,19.460098857800002,16.6366465652,19.890400912857153
1581811200,24.25473564,25.25987381,21.73589465,23.36346216,1682833.24482765,1194862.3453834043,19.4222346548,16.8870328774,20.292686972857148
1581897600,23.34462087,23.61884034,21.56397187,23.44461816,1578597.00709009,1242343.9298805473,19.39994128245,17.1499820214,20.73826709333334
1581984000,23.45818994,24.58195837,22.83854263,24.12794533,1261756.57781049,1273154.5406289692,19.38105408095,17.398186916,21.08723526285715
1582070400,24.1363187,24.46845318,21.54111021,22.40266849,902910.27928039,1276300.1095757433,19.365160975100004,17.6641907988,21.368345337142863
1582156800,22.38692268,22.67688785,20.87622938,22.1454473,993880.82190978,1291500.7009232545,19.358988325200006,17.8836403834,21.64450498333334
1582243200,22.14816875,22.89062371,21.79423529,22.20923868,1106331.46264864,1317218.6133334856,19.347826012700008,18.0778485386,21.930865247142865
1582329600,22.21088062,22.34683304,21.5272695,21.99835642,852702.678235,1324131.1040847744,19.34521205145,18.264816252800003,22.146434347142865
1582416000,21.99348271,23.10203491,21.97736424,22.91533493,1413046.80463779,1362090.2797160945,19.331324349850004,18.4714188796,22.318683239523818
1582502400,22.92130588,23.33576812,21.45302369,22.11154177,1146508.14914701,1391575.8447354368,19.309283532900004,18.646163202000004,22.507925674285723
1582588800,22.1159992,22.1335543,20.05644939,20.28268146,963887.00229303,1387390.5783255359,19.28249446375,18.8158950574,22.686457119523816
1582675200,20.30787185,20.49070403,17.8288992,18.70996258,1195898.62113975,1379216.3802081395,19.26238075395,19.000699797000003,22.900539428095247
1582761600,18.72677799,19.65257924,17.6861886,19.18434989,1549373.24074634,1373285.205441075,19.2356720153,19.1678968314,23.075788460952392
1582848000,19.17203471,19.76162089,17.87761519,19.02497385,1285981.01840965,1381592.748935658,19.20890020885,19.350409038400002,23.179133533333342
1582934400,19.01253423,20.3284726,18.83586584,19.2312545,1722232.15269107,1393850.3488545576,19.18030979595,19.5119581904,23.151676967619057
1583020800,19.24969428,19.87805118,18.43575236,18.90442631,1226571.73238398,1342873.7011739598,19.152226975450002,19.618361551,23.082079354285728
1583107200,18.89103624,20.10809496,18.75113793,19.93772414,1545311.98681499,1339284.8812258742,19.11844778505,19.6918034682,22.938353519523822
1583193600,19.93802598,20.41770375,19.30085737,19.67134465,1315895.97605509,1330385.8902315933,19.073947918849996,19.7851408296,22.815400365238105
1583280000,19.67571009,20.26153643,19.50297611,19.96604756,1701314.32143774,1336662.6731866978,19.026567173699995,19.878061462599998,22.554120021904772
1583366400,19.96880624,21.47601958,19.94245996,20.77192636,2029104.22626571,1358586.8314210372,18.972169655249996,19.9610205044,22.305599245238106
1583452800,20.78196919,21.78091077,20.70550224,21.39095974,2234885.5740647,1385451.1438944358,18.917025542349997,20.040726203600002,22.013157193333342
1583539200,21.39573355,21.5174238,19.74907319,20.3003358,1495553.71793512,1376087.1675498092,18.861361447999997,20.132756524599998,21.70257765666668
1583625600,20.29545798,20.30279436,16.7319966,16.90151057,1334156.84893827,1363865.1596422181,18.810838045449994,20.2229749638,21.479435861904772
1583712000,16.90353481,17.51106357,15.62714236,16.60510442,1570734.63829163,1379314.0626662753,18.770718927949996,20.2896704862,21.23990876857144
1583798400,16.60397623,17.46365397,16.30178018,16.83744512,1693309.1189946,1418834.0046519858,18.729809847999995,20.352109723999998,21.052123813333345
1583884800,16.85959949,17.14273315,15.40889596,16.5805863,1151193.55992722,1426699.6415528578,18.690361896449996,20.4392644212,20.744411832857153
1583971200,16.59472216,16.62879484,9.0413685,9.3020256,3615213.14817912,1552143.725829382,18.652926074799996,20.4842767892,20.418720702380966
1584057600,9.30251008,11.62971689,6.47266192,11.05536673,5163462.64475382,1767681.7241553229,18.617144550749998,20.4665260172,20.0715540257143
1584144000,11.02180149,11.33637421,9.85992936,10.134026,2779243.38820716,1835991.5533337914,18.580078264249998,20.4513356176,19.79431201666668
1584230400,10.12124273,11.45772229,9.94729131,10.35446132,2587988.42398956,1908065.5670759187,18.5413179175,20.442317809,19.18272050714287
1584316800,10.35462256,10.36342594,8.38692566,9.45385919,2126282.66385692,1966185.350154113,18.491281669000003,20.412468302199997,18.65158374761906
1584403200,9.46905435,10.59048007,9.33803529,10.29350085,2596749.15817778,2036227.8770060143,18.4391655416,20.2428488774,18.086615632380965
1584489600,10.29598334,10.50058635,9.66348881,10.43071355,2136430.206221,2065580.7252797473,18.388387983100003,20.1237582762,17.488478793809538
1584576000,10.43137494,12.74074704,10.25703856,12.29477682,2354424.87930974,2119002.9183247522,18.339586544550006,19.9851618728,16.885732004285725
1584662400,12.30079925,13.79782354,10.26169948,11.90140726,2105741.50221603,2138178.385801,18.25575283355,19.8539413332,16.410056737142867
1584748800,11.89746544,12.46814455,11.20944302,12.12109124,2474739.83039991,2200586.7907017963,18.1805103314,19.693815505,16.015806783333346
1584835200,12.11452009,12.50268065,10.97728694,11.1682654,1909121.84522454,2218777.2836222737,18.103305097200003,19.5467802102,15.687731875238105
1584921600,11.15670397,12.63313258,10.80144272,12.23183581,1622308.34614426,2234097.9021267323,18.03833424215,19.3931068854,15.34851441857144
1585008000,12.24153906,12.68694585,11.95538228,12.47162492,1338474.56418432,2215955.9142640615,17.976736453950004,19.281488074000002,15.009935215714298
1585094400,12.45557488,12.79659777,12.06453326,12.35200592,1231973.55164293,2176099.380532922,17.91745779275,19.148951808000003,14.641546600952392
1585180800,12.35360716,13.30212828,12.14778135,13.23297445,1535195.57453428,2141114.8805564013,17.864250699800003,19.026670681800002,14.274599537619059
1585267200,13.2305301,13.46184177,12.04548431,12.37287263,1260003.65637449,2129337.3774783695,17.818110335100002,18.8850520684,13.931755740952394
1585353600,12.36515811,12.41804889,11.65061608,12.21280679,1340476.90584949,2129653.3803239306,17.76315914725,18.761296655600002,13.569182329523823
1585440000,12.22083321,12.28214047,11.28068694,11.295717,1211404.03955604,2111686.8503871514,17.711893944350003,18.642102912400002,13.21018461952382
1585526400,11.29380007,12.5143944,11.23801506,12.16576754,1159879.99907332,2085015.3943910871,17.6591246565,18.526894332,12.780751900000011
1585612800,12.16276873,12.76349207,12.1295655,12.56926199,2011929.25468952,2128052.1791292024,17.606889160800005,18.4058228118,12.395631470952393
1585699200,12.56540184,12.84455885,11.97780939,12.78268103,1697321.26734787,2032157.5850876397,17.559006701650006,18.240362269,12.12868892000001
1585785600,12.77498521,13.90972317,12.56463529,13.04782315,1903346.29532493,1869151.7676161951,17.508452898050006,18.043754077200003,11.917291925714299
1585872000,13.04017992,13.63490488,12.91172824,13.39371277,2192600.614164,1839819.6289140373,17.462512997300006,17.8334030024,11.714045110000013
1585958400,13.38938792,14.15277493,13.16409361,13.79976089,2432995.79459937,1832069.997444528,17.413771216600008,17.588892082799997,11.53319247809525
1586044800,13.81811004,13.99604769,13.39353534,13.6888926,2233675.58073167,1837439.6432882654,17.366026930800007,17.337144113599997,11.711563790000012
1586131200,13.6912873,15.32728197,13.64085209,15.2159651,2099445.88669607,1812574.47971418,17.318877412250007,17.076545179399996,11.822913601428585
1586217600,15.20821771,15.53058339,14.2297239,14.72373379,1748650.77403971,1793185.5081051155,17.27549058540001,16.8077372858,11.9974724057143
1586304000,14.7286693,15.36894493,14.5646257,15.11702653,1685866.84660989,1759757.606470123,17.23420991295001,16.566453460199998,12.15625484761906
1586390400,15.11518189,15.23565427,14.61945528,15.03839754,1877419.03821001,1748341.4832698219,17.19313215305001,16.314028104,12.430640843333348
1586476800,15.04836605,15.08939309,13.4627424,13.74914706,1568829.18241131,1703045.9508703921,17.156852948150007,16.102929558799996,12.641604316666681
1586563200,13.7473346,14.11808421,13.55590249,13.8338773,1602143.8188187,1687697.0495501,17.122484888250007,15.939979617599997,12.864762077619062
1586649600,13.82606014,14.91208097,13.6684572,14.28686864,1954416.77580837,1704302.4710333056,17.08626898460001,15.765561930199997,12.995410683333349
1586736000,14.28635667,15.1162715,13.49866517,15.06723349,2216505.65247139,1748204.0254476592,17.04377937620001,15.585343554199996,13.08339829285716
1586822400,15.06682183,16.02340823,14.81947194,15.63391036,2312933.94225654,1802252.0449783397,17.012012721600012,15.438058135199999,13.164959533809538
1586908800,15.6169838,15.88281812,14.47378161,14.5784523,1753491.12788355,1813166.8226458032,16.97928362210001,15.270132130399997,13.313464450000016
1586995200,14.57657935,15.81691535,14.07134745,15.75527331,1505096.51628657,1825421.4656414068,16.95008242975001,15.102624902799999,13.448483387142872
1587081600,15.75456965,15.95681798,15.26841116,15.64702396,1284444.26108985,1822619.8334034248,16.923450765600013,14.9483951472,13.599068408095253
1587168000,15.64429983,16.84814451,15.62630551,16.65002301,1619454.65888812,1843022.3643700287,16.895771299200014,14.791433118399999,13.70508966428573
1587254400,16.65337609,16.69093719,15.85779401,16.09018421,1123383.06670084,1841197.5177514045,16.885476604300013,14.661880490199998,13.825199133809539
1587340800,16.08643619,16.47973579,14.83540158,15.0165051,1096231.63081461,1795412.6365576591,16.876707615950014,14.547795907,13.981111101904776
1587427200,15.00853616,15.45718141,14.7520486,15.15633314,1182705.52530233,1769681.849455382,16.87598457900001,14.4887021216,14.192407112380952
1587513600,15.15610102,15.84645594,14.94295359,15.74237867,1037903.8508448,1726409.7272313754,16.875687378200013,14.417955603000001,14.420715074761905
1587600000,15.74116628,16.67241514,15.42160059,16.11493998,1133104.13598292,1673434.9033223216,16.869807977000015,14.370456586199998,14.556464482380953
1587686400,16.10728324,16.30118309,15.67112951,15.9486079,901664.43189425,1596868.3351870656,16.87247781745001,14.307635180399998,14.679658346666667
1587772800,15.95876664,16.57770881,15.7734,16.25379746,971169.2810805,1533743.020204507,16.871361896100012,14.229876756199996,14.82059632952381
1587859200,16.25248675,16.48153574,15.99431324,16.38687377,842198.52296366,1470880.6520178865,16.87505980150001,14.134248936199997,14.966649511904764
1587945600,16.39420179,16.62777838,16.0608619,16.44952151,906932.5186203,1428794.7392469163,16.87594218400001,14.055669616599996,15.088311184761906
1588032000,16.46077897,16.52663702,16.15662986,16.3777567,882134.50273775,1388608.122053309,16.87273346045001,13.978647464999995,15.205170069047622
1588118400,16.36873607,17.61709606,16.29000612,17.39904383,1172681.88338143,1353371.2643118803,16.870308818450013,13.882181095799995,15.333645362857144
1588204800,17.39403592,18.32957566,16.41530553,16.95647083,1253419.12341744,1337600.7613621869,16.870400249700012,13.779437850199997,15.392386144285714
1588291200,16.95658186,17.86776102,16.94071732,17.46871216,1101232.25214891,1312555.1830286975,16.87566780775001,13.701168609599994,15.471149140000001
1588377600,17.47741726,17.6063329,17.29049685,17.56501965,893897.35624078,1259529.2120503178,16.875170510600007,13.692128828399996,15.579816630476191
1588464000,17.55630368,17.84553276,16.84824173,17.12013429,820416.9530468,1189724.7770790881,16.87631328715001,13.687581873999996,15.671153453809525
1588550400,17.1299595,17.31218469,16.27736036,17.03509237,800736.80619223,1114114.9202758728,16.869390599200006,13.698813848199995,15.84827560142857
1588636800,17.05107869,17.33844036,16.62020943,16.90255439,793498.71693855,1066115.299728623,16.863677989300005,13.706331538799995,16.025949046666668
1588723200,16.90633108,17.19659937,16.21191045,16.39593713,825653.69074151,1032143.1584513697,16.862661177250004,13.869665269999995,16.160866458571427
1588809600,16.40252178,17.28734935,16.10126255,17.03117587,940685.10303357,1014955.2005485557,16.863665011700004,13.999858328399997,16.254574024285716
1588896000,17.03605811,17.44735563,16.8249089,17.14097799,944662.8249229,981215.6088502947,16.857088830000006,14.139580494199997,16.314985644761904
1588982400,17.14425967,17.52660835,16.76056945,16.77514444,841176.34338651,967105.2726845782,16.852061198700007,14.273193115199996,16.401532541428573
1589068800,16.75783121,16.81726581,13.7879416,15.35524778,995089.66116129,962048.174201912,16.847035698800006,14.422167019199996,16.462289806190476
1589155200,15.36427706,15.55194582,13.9999144,15.10585404,983550.05408239,952090.4006409151,16.84385554255001,14.544215744799999,16.533430474285716
1589241600,15.09657627,16.34524698,14.97021055,15.81401851,1089645.00346233,954677.4582717916,16.83628661460001,14.6762249912,16.539388637619048
1589328000,15.80727947,16.41413925,15.67773254,16.23562057,867531.74202838,941398.8385740647,16.82961697975001,14.7731490146,16.504391664761904
1589414400,16.23812283,16.89670387,16.01546056,16.37515124,852820.16342691,938956.6251506977,16.820441297500007,14.870623758199997,16.508646376190477
1589500800,16.38201308,16.48455983,15.4627741,15.70417294,862553.13048896,933525.8176211206,16.81301783135001,14.935306888999998,16.53996472714286
1589587200,15.70549752,16.25659044,15.54403264,16.07167959,889218.68070865,935876.8255083701,16.807260930150008,15.014058661799998,16.563452436666665
1589673600,16.05923262,16.5719863,15.97943274,16.27966901,627127.03880441,921886.5515175756,16.799940528400008,15.085702315799997,16.575843449047618
1589760000,16.29754227,16.86601579,16.09828279,16.62714831,823564.18260317,918958.0355108466,16.79321317225001,15.160982228799996,16.564203689047616
1589846400,16.62858282,17.25615398,16.22488687,17.22225082,968180.54070776,908732.968377163,16.78379036050001,15.241445135199998,16.55553140952381
1589932800,17.21870321,17.34332159,16.35480763,16.89923161,863383.84352251,889231.2043824166,16.769643310150013,15.290869104999995,16.55042642095238
1590019200,16.89435067,17.06554014,15.69377222,16.07735249,828051.23544145,875572.1535470437,16.75576441895001,15.364845244199996,16.55888484
1590105600,16.07936666,16.91859771,15.89163239,16.58801204,848858.69075089,873320.2202725492,16.740908298650012,15.446182488599995,16.599098845714288
1590192000,16.58841911,16.87404509,16.30831277,16.47389859,621021.10574169,863350.4279072937,16.719619551150007,15.552811114799995,16.575298263809525
1590278400,16.47547946,16.78970063,15.86241684,15.96613366,880054.95807702,867316.3355015332,16.695953633450006,15.653940780399996,16.533435485714286
1590364800,15.96020779,16.46917481,15.77153722,16.37311371,1005725.5826474,877927.6787869757,16.67700920665001,15.740540172799994,16.491497384761907
1590451200,16.37633813,16.51075147,15.92147328,16.21506934,806504.60529712,876970.2245147561,16.66052388165001,15.806433601999995,16.43953923904762
1590537600,16.21159104,16.66014673,16.15227997,16.48054,860001.05123957,872936.0219250561,16.646510965500013,15.877237379799995,16.38458682809524
1590624000,16.46925441,17.15207717,16.35296474,17.03467266,859914.02856683,868698.5821072527,16.629891558200015,15.938841096199994,16.353064034761907
1590710400,17.03625472,17.18985114,16.62717378,16.99714887,970587.22631059,875169.1262534566,16.609323956750014,15.982168551599996,16.320326651428573
1590796800,16.9995382,17.89603726,16.90167499,17.73273209,1102311.35310204,880530.2108504942,16.588926771800015,16.035852973799997,16.32435535952381
1590883200,17.73720217,18.1798726,16.82703764,17.08842608,1169366.55932384,889821.0361125667,16.56787830160001,16.0558350586,16.32452187333333
1590969600,17.09144003,18.3113748,16.9556895,17.94785692,1382466.00479598,904462.0861792492,16.544232939450012,16.090971182799997,16.31767286761905
1591056000,17.9547098,18.21447482,16.56445425,17.27345676,1479109.50134806,935040.974145233,16.524087824350012,16.129324105399995,16.36327227952381
1591142400,17.26838207,17.65089005,16.93414384,17.58362726,1488164.86876804,966808.2094122896,16.50712715620001,16.168499131999997,16.44580457952381
1591228800,17.58585553,17.65504025,17.0247893,17.51680147,999447.75702968,973652.9407393256,16.490906714350007,16.2481708326,16.58113805
1591315200,17.51547802,17.90470009,17.37090482,17.68012328,1144386.64586009,986411.3389968977,16.47395087720001,16.313261808199996,16.650635109523805
1591401600,17.64217111,17.83676681,17.45855608,17.55428524,924864.99578754,1001298.236846054,16.45858123560001,16.386481573799998,16.71482590428571
1591488000,17.55379972,17.63995009,16.78467256,17.42593228,755081.33348907,997874.0943903491,16.442452456050013,16.4306060392,16.769190200952373
1591574400,17.4320342,17.62478729,17.26603898,17.45004134,712385.10034794,985084.3223723581,16.421183713700014,16.4696003772,16.863283074285707
1591660800,17.44726329,17.60271134,16.97663895,17.39406347,664049.26556059,975117.593474262,16.404519229900014,16.5283673606,16.933883343333328
1591747200,17.39318305,17.67695479,17.02377985,17.4124588,678981.22596659,967664.0930005191,16.38967165395001,16.56686436,16.988467308571423
1591833600,17.4149888,17.62670154,15.78276129,16.22246327,763836.81659152,963412.9992925506,16.376837293050013,16.605009585599998,17.027652690952376
1591920000,16.20588054,16.80310351,16.07067613,16.63056253,799658.43224927,972344.8656179296,16.363535823550013,16.620527771,17.03583424571428
1592006400,16.6316953,16.83879999,16.47769882,16.81412451,874543.32439983,972069.28393407,16.35664711260001,16.647724913599998,17.06027363571428
1592092800,16.81834201,16.82677369,16.36608318,16.54248664,677408.30276672,955653.419940036,16.352018918650014,16.695276080999996,17.06718367285714
1592179200,16.54589091,16.5831213,15.48175147,16.3902959,607646.90259055,945710.5348047076,16.348816864400014,16.7403985942,17.069209886666663
1592265600,16.39518495,16.70663146,16.14930079,16.43270445,580599.05458394,931740.4349719262,16.352220223400014,16.7500002862,17.08541112095238
1592352000,16.43341589,16.65046844,15.93807684,16.38310039,673984.56275922,922443.9616815457,16.361625468850015,16.7603127372,17.11285650095238
1592438400,16.38128115,16.51655123,15.86003138,16.13828962,580062.21447516,902917.7110897743,16.367295826800017,16.7776230694,17.113674700476185
1592524800,16.14633211,16.2947735,15.86970397,15.94560859,535257.47002818,874565.0169360812,16.373296047700016,16.783396853000003,17.124038277142855
1592611200,15.94068407,16.08874913,15.66007313,16.05867175,569527.46410375,844573.0621750768,16.38054270605002,16.783465295600003,17.119398295714284
1592697600,16.05667635,16.32306127,15.90558721,15.96629252,521096.13423738,801504.5686471469,16.387704933050017,16.783128954400002,17.07671338904762
1592784000,15.96745287,16.61527281,15.92896399,16.52149523,600623.26200241,757580.2566798644,16.389887555500017,16.783235828200002,17.02664004238095
1592870400,16.51848847,16.56277936,16.25922638,16.38906329,517986.61411572,709071.3439472484,16.39405687425002,16.758020744000003,16.946922883333333
1592956800,16.38640224,16.63914787,15.87544566,15.97654242,691085.66842171,693653.2395168499,16.394816234750017,16.7378034992,16.89348795190476
1593043200,15.97726841,16.06849287,15.44895927,15.89451754,547940.33434019,663830.923940855,16.398035912500017,16.709602691,16.825565966666666
1593129600,15.89557989,15.98111387,15.51700863,15.75348089,442166.6129209,639696.004797523,16.40147160085002,16.6776281484,16.783451991904762
1593216000,15.75690888,15.85196526,14.75288835,15.11998698,601474.66566788,632015.6714064635,16.40538681755002,16.665655367200003,16.706924142380952
1593302400,15.11582826,15.48442643,14.89104952,15.38182332,643203.25199528,628556.5789888306,16.40934710885002,16.6527347856,16.629672526666667
1593388800,15.37855216,15.58873835,15.19056393,15.46375749,585715.70066054,624639.900743828,16.41357351145002,16.6342145462,16.537927650952383
1593475200,15.47593169,15.5549232,15.22846555,15.38990187,572641.6373296,619322.9213119786,16.417858100450022,16.6241861544,16.422008686190477
1593561600,15.39177682,15.89388873,15.32363433,15.82008023,663305.70712931,614296.3658388682,16.421312832000023,16.5986322548,16.324670164285717
1593648000,15.82093663,15.98137776,15.05363223,15.37768386,638677.21960052,606247.3052064306,16.422952693550023,16.558212434599998,16.23008521904762
1593734400,15.37436452,15.48821727,15.24094688,15.28250253,572684.33458404,591154.355715641,16.424261670200025,16.5303460122,16.134648952380953
1593820800,15.28221885,15.64866416,15.22660355,15.56364003,645352.31629784,589551.5563921971,16.426392739600026,16.532516206399997,16.05882140142857
1593907200,15.56377624,15.60612895,15.08907653,15.49766523,595412.12076128,588939.8173007335,16.428033660950028,16.538197163,16.018593810476194
1593993600,15.49742625,16.35658797,15.45635635,16.31790456,777669.42082979,598793.335613026,16.431153821000027,16.5383183974,15.954400477142858
1594080000,16.31797578,16.877133,16.03606668,16.79487531,1009396.68759761,615563.9418549455,16.434953164950024,16.5211596632,15.894853597142859
1594166400,16.79562371,17.51519422,16.60556385,17.27857001,1142539.82926774,643687.8225945744,16.437653089400023,16.499306689,15.845100196666667
1594252800,17.28060644,17.50181111,16.4347702,16.83256339,879498.02869111,660899.8505277209,16.444844008100024,16.496496030800003,15.84165299
1594339200,16.83720036,17.36418647,16.40749934,17.30211019,1065557.97719135,685701.3761821009,16.449817767050025,16.485015743599998,15.85889922142857
1594425600,17.30906083,17.69898948,17.02022998,17.62570167,1144677.88917698,716880.4639290808,16.459081505600025,16.4857804546,15.90154063190476
1594512000,17.62454546,18.60522032,17.60600434,18.3173263,1274704.61841713,750584.5317498168,16.475150242150022,16.4891349946,15.934601287619046
1594598400,18.31568215,18.99409904,17.72914999,18.39434039,1582578.11746889,803814.1069174752,16.484409732950024,16.4902613784,15.99919660190476
1594684800,18.39255284,18.7510044,17.8271054,18.07823353,1226656.47233704,830592.6471132417,16.499278039900023,16.488928014,16.07381707428571
1594771200,18.08230414,18.14680336,17.42323577,17.62393664,1010735.94261995,853732.4275272297,16.515768447750023,16.513423168,16.185771063809522
1594857600,17.62470356,17.73794619,16.52139605,17.16055843,978926.95529771,880570.4446460701,16.535629728450022,16.5341769606,16.274954166666664
1594944000,17.16172823,17.47688793,16.96142894,17.06962521,827900.05151214,891891.7139382832,16.55081471640002,16.5710455148,16.355390844761903
1595030400,17.0595105,17.32835047,16.84324375,17.15964222,764776.64872957,897970.3837749977,16.570858706700022,16.6196096494,16.433838188571425
1595116800,17.1595501,18.11650793,16.88954512,18.02348584,1310006.00707601,934184.8990957711,16.59228341190002,16.653712045800003,16.49412585
1595203200,18.02578426,18.32711322,17.26127193,17.47112433,1238807.59711295,967493.1970849385,16.618631746800023,16.6818893918,16.55679938904762
1595289600,17.47080498,18.01854921,17.40840743,17.72164895,964523.45782695,982554.0846198205,16.644999275950024,16.695489760400005,16.65392582904762
1595376000,17.73072052,18.15208659,17.45067142,18.12794551,895568.23029642,995398.6351546155,16.669033740450022,16.696188811400003,16.779719282380956
1595462400,18.13063044,18.79259361,18.07790291,18.7902046,1199563.03042615,1026742.569946721,16.688888151650023,16.6994386784,16.875308179523813
1595548800,18.78139893,19.58128442,18.23804748,19.21030362,1445328.46001414,1066741.377132536,16.704209781550023,16.7052537534,16.986343754761908
1595635200,19.21794109,20.07093732,19.16480886,19.86277825,1556650.90590712,1114803.316389828,16.720568837650024,16.712907718400004,17.096242101428576
1595721600,19.84433734,20.38939328,19.32839564,19.58044466,1497023.52433363,1150771.0215650199,16.73803978690002,16.708383559000005,17.258743089047623
1595808000,19.57107805,20.26205306,18.33732269,19.77435308,2138147.22247727,1207208.5483090028,16.75986294345002,16.725473334000004,17.44578123619048
1595894400,19.79084453,20.73672044,19.37317325,20.23006485,1428756.87335872,1221519.4005135517,16.78237355660002,16.749604880800003,17.65050210380953
1595980800,20.22430323,20.44777409,19.6568863,19.90886002,1118698.65083007,1233479.4316204998,16.802789277850025,16.783474923800004,17.844920171904764
1596067200,19.90879223,20.14610396,19.45140207,20.03836873,952167.77134307,1227809.921328086,16.824480382500024,16.827128023200004,18.00951295857143
1596153600,20.02668214,20.86720989,19.93123896,20.68600291,1027617.99597062,1221956.926667768,16.848260984650025,16.867651211600002,18.173093412857146
1596240000,20.68727824,21.81245738,20.54640652,21.64232707,1116078.27875657,1214025.60968474,16.869499935600025,16.914619627600004,18.29834531809524
1596326400,21.63264296,22.17813614,19.02360081,20.95152286,1430395.60688582,1206416.4841555865,16.893624493250023,16.970220097800002,18.451002715238097
1596412800,20.97177736,22.50855814,20.55924256,22.08692632,1355677.66036663,1212867.543557066,16.918939307450025,17.020516028800003,18.612140463809528
1596499200,22.08652828,22.4622948,21.43279797,22.31033894,1176782.38385735,1221169.865618936,16.945916361850024,17.0730342274,18.803408340000004
1596585600,22.31211743,23.5654707,22.02604126,23.31147874,1741081.71199456,1259277.6034537784,16.971650174050023,17.1623050202,18.928846271428576
1596672000,23.29703709,23.34983753,22.47528908,22.76702607,997608.24110985,1267763.012933664,16.99659876740002,17.262540311,19.104683696666672
1596758400,22.76946785,23.00966989,21.48207792,22.3555493,1047612.77850355,1281904.8194223628,17.02010957060002,17.345288278,19.30621252571429
1596844800,22.35694091,22.95086376,21.86253926,22.9371994,892062.87621404,1261007.6628792644,17.047737471700017,17.456177071600003,19.57704786380953
1596931200,22.92939319,22.96389086,22.07171127,22.42190909,764643.95181023,1237299.4806141283,17.072792749850016,17.574577932400004,19.84402251333334
1597017600,22.4258247,22.83104134,21.77426647,22.6493271,914971.4734678,1234821.881396171,17.089300541800018,17.712153418200003,20.095733184285717
1597104000,22.64937545,22.75673213,20.6395041,21.29213547,973852.26585967,1238736.0831743334,17.11456904900002,17.839831931800003,20.37085495476191
1597190400,21.28938293,22.02698929,20.48462861,21.52178565,1109112.00948589,1234213.5321273203,17.135872156700017,17.964177125400003,20.580303680952383
1597276800,21.52513365,21.89166275,20.61316157,21.80835698,1146522.44043667,1219273.231148447,17.163484304550018,18.104008941600004,20.8268847652381
1597363200,21.80544541,23.33524014,21.3002022,23.13600093,1820190.28375392,1232450.200040787,17.19049631290002,18.231273688400005,20.996907932857148
1597449600,23.14085057,23.81239278,22.59789578,23.11098485,1263544.01529423,1220776.224588817,17.21583238165002,18.364934380000005,21.15851936809524
1597536000,23.1143584,23.80220202,22.71539736,23.54050767,1460541.91380541,1186895.959155224,17.24015307045002,18.460347184800003,21.302240910000005
1597622400,23.54323644,23.97151393,22.59530176,23.53333162,1290198.32253257,1179968.0316139166,17.26334763170002,18.563001632000006,21.489178877142862
1597708800,23.54186249,23.79637553,22.27397138,23.00360855,1190290.32121526,1183547.615133176,17.291544783250018,18.67963792320001,21.643855381904768
1597795200,22.99855805,23.25994226,21.78574423,22.38347008,926999.37514969,1182289.1953235068,17.31268622975002,18.824467591000005,21.832429810952384
1597881600,22.38663045,23.33877077,22.03481934,23.09043105,1151845.87056715,1188500.5890533333,17.335717716500017,18.971617670200004,22.011428789047624
1597968000,23.08834258,23.32925276,21.72288038,22.08400653,1138483.74445864,1189620.8623384368,17.35745874840002,19.140028084000004,22.143502298571434
1598054400,22.09089822,22.25997177,21.26485928,22.22624404,855764.79492687,1160889.3217404892,17.38491242510002,19.303058250000007,22.261340872857147
1598140800,22.22869887,22.24320564,21.49243171,21.86191295,640392.59294447,1125125.0683693814,17.40989545040002,19.453855271200005,22.40667717380953
1598227200,21.86430139,22.97804504,21.67988666,22.62035727,820180.77282069,1107294.9878175482,17.43821940180002,19.593726635400007,22.47324877476191
1598313600,22.60283607,22.654016,20.93297415,21.40270281,991266.60764223,1069804.2325999318,17.46324495710002,19.739133651800003,22.50105434476191
1598400000,21.40483137,22.50164252,21.27186818,22.23133328,1074024.41042933,1073625.0410659057,17.48708726210002,19.873260105200004,22.54440625380953
1598486400,22.21519346,23.13236244,21.78925015,23.0958905,1390777.10041274,1090783.2571613654,17.50775863215002,20.012134935400002,22.569807727619054
1598572800,23.09729816,23.56671195,22.64097769,23.0959699,1071431.93514829,1099751.7101080779,17.53111275515002,20.138100393800006,22.526586959523815
1598659200,23.09454369,23.51997038,22.76066435,22.96591629,907261.46764732,1106882.5858999325,17.549376227400018,20.280554234600004,22.475151461428577
1598745600,22.96576305,23.82937784,22.90057241,23.6311389,801035.71063713,1101185.797758399,17.569945272900018,20.382250199600005,22.490811672380957
1598832000,23.63433285,23.91988376,22.977387,23.16881916,758866.58720598,1090436.5138257144,17.58282208535002,20.490979359000004,22.52606979619048
1598918400,23.16115224,25.45131625,22.7983463,24.72246844,2093768.6049564,1139669.3435992398,17.59269437285002,20.607325768800006,22.52743726714286
1599004800,24.71426944,25.82509182,23.11661004,24.7343061,2989640.54809048,1231825.2489819305,17.58949180500002,20.732593899000005,22.585019639047623
1599091200,24.76160644,25.57989653,20.12498179,20.43995077,3330317.30581006,1307331.6000847374,17.591582117700018,20.845870021000007,22.60975735619048
1599177600,20.43868745,21.85428882,19.40174746,21.06471284,2657779.78019774,1377043.388329913,17.585105002600017,20.965978765600006,22.7731065452381
1599264000,21.04538564,21.55835233,17.97501813,19.4894345,2090771.21623558,1408554.8534514215,17.57480154985002,21.06300862280001,22.926083709523816
1599350400,19.47887387,23.44960329,18.54723905,23.17507693,3819785.07096731,1535034.1908731584,17.560567992600014,21.189571183800002,22.860921509047625
1599436800,23.15823641,23.55644214,20.07698039,22.45983593,2539035.52376441,1602471.4510006157,17.546282597950018,21.322692635200006,22.762288742857148
1599523200,22.46183772,23.44055014,21.26512973,23.26889574,2167436.5566074,1664493.3100735012,17.534837173500016,21.379012917800004,22.58983396428572
1599609600,23.27370478,24.54507152,22.39643083,24.52296823,1688130.96133959,1691307.5646121234,17.52634437220002,21.457096006000008,22.572432500476197
1599696000,24.5041086,25.67844984,24.10443388,24.57510626,1620407.15673226,1715403.7352258046,17.528796803400017,21.50549219180001,22.521313658095245
1599782400,24.57709846,25.7595616,23.0777029,25.42926387,1441651.22996777,1744698.0569778495,17.514179246450016,21.625800886000007,22.53394638142858
1599868800,25.43165378,28.57692729,25.38815138,28.51697172,1972268.98990017,1811291.8768256344,17.50227971985002,21.71452788780001,22.635827245714292
1599955200,28.51988578,32.4061909,28.13646516,31.15936836,3438255.40354626,1942195.608361913,17.47908716570002,21.83048331600001,22.7065260652381
1600041600,31.16621618,33.43909304,29.01558923,31.28804895,2954727.54242333,2040368.6551009677,17.482949207900017,21.966509701600007,22.86582403380953
1600128000,31.28323643,31.32384403,26.74721713,27.10316991,3099167.81904898,2141625.82553195,17.484521151050018,22.095452916600006,23.165382494761914
1600214400,27.11203923,28.50846275,25.84515835,27.86390713,2399016.73346972,2192037.807184799,17.489819436350018,22.228234102000005,23.608118466666674
1600300800,27.85405566,28.87801065,25.98142094,27.11053588,1825243.45683549,2229728.383269159,17.502442495400018,22.414367464,24.020865689523816
1600387200,27.10388064,28.73899328,26.6088125,27.65747856,1693926.31661236,2269061.6257174113,17.51074135205002,22.640299266200003,24.29231650380953
1600473600,27.66103858,27.99918283,26.67770323,27.19118965,968282.51971932,2277423.9661715208,17.527329962550017,22.874451352000005,24.560534306190487
1600560000,27.19602096,27.32532244,25.13151062,26.33625677,931332.61197035,2286047.267409739,17.56850141385002,23.0210276886,24.751707895714294
1600646400,26.31612888,26.71869458,22.10239645,23.11611784,1739780.55627357,2268347.8649755972,17.63074844275002,23.173704534200006,24.968922593809534
1600732800,23.12561287,24.59308301,22.70129984,24.06223692,942155.14582423,2165973.594862285,17.691266938050017,23.317738051400003,25.170126087142865
1600819200,24.04091385,24.36326366,22.45362666,22.81275065,1076291.35471181,2053272.2973073726,17.731657918350017,23.470120248000004,25.298941223809532
1600905600,22.82861713,24.72688829,22.56080876,24.61209066,899420.79562362,1965354.3480786667,17.774821181500016,23.600223982800003,25.296431637142867
1600992000,24.60708361,25.10618784,23.74428179,24.69279871,867187.06757926,1904175.140645851,17.815851729350015,23.694102576800002,25.264992040952386
1601078400,24.70081268,26.4893753,24.498878,26.20524242,976046.29882299,1761988.202038635,17.854450501450017,23.737394476400006,25.173489400476196
1601164800,26.20613375,26.91754872,25.44681875,26.23790234,980963.59719851,1684084.60571034,17.892049726450015,23.7769006884,25.372162728571436
1601251200,26.24272382,27.72496425,25.81646415,26.99258357,1036594.73453356,1627542.514606648,17.923900772500016,23.786948922600004,25.544928722380963
1601337600,26.97335155,29.02380992,26.85338271,28.90065757,1130568.25277726,1599664.3791785315,17.935621729900017,23.812961161000004,25.864729099523817
1601424000,28.87649929,29.56456937,27.88819582,29.28276793,1123633.55259116,1574825.6989714764,17.948978115800017,23.851476613800006,26.010577928571436
1601510400,29.26712824,29.44408769,26.19404989,27.47613749,1203179.54941264,1562902.11494372,17.96154019005002,23.928470476200005,26.22642305428572
1601596800,27.46241836,28.24890075,25.66621971,27.37299372,1048856.58764576,1516731.4948309995,18.000093090500016,23.994484535000005,26.494602189047626
1601683200,27.36638823,28.41913973,27.10436241,28.229224,1003989.31853048,1395018.1905802106,18.04053156195002,24.085898024600006,26.721259317619054
1601769600,28.22131328,29.1760751,27.99354097,28.99476079,1041245.82979284,1299344.104948686,18.087370548450018,24.21092463400001,26.859403661904768
1601856000,28.98995241,29.27981848,28.09851927,28.63893384,733230.62333448,1181047.245162961,18.135657128650017,24.370737283200004,26.951962226190478
1601942400,28.64533348,29.00731444,27.24779912,27.71858499,937055.41102997,1107949.1790409735,18.224109918500016,24.489824320000004,26.938259953809528
1602028800,27.70202433,27.90735765,26.84873826,27.70376975,731205.06052529,1053247.2592254635,18.313336372700018,24.601117054800007,26.835183402857144
1602115200,27.70913724,27.87018651,26.50108682,27.74234037,640545.03456324,1000578.1951230075,18.40908008235002,24.70298151620001,26.709035064285715
1602201600,27.76519808,28.57343706,27.46565308,28.40945112,796689.91413857,991998.56484397,18.49468846320002,24.820657035000004,26.738340544285716
1602288000,28.4154624,29.4894564,28.08496393,28.40783463,750809.88647822,982972.4285693634,18.58428413585002,24.922625558400004,26.730714954761908
1602374400,28.41089741,28.73910956,27.88954758,28.54283376,700715.94650828,931019.1980810991,18.67396275160002,25.006330625800004,26.760800882857147
1602460800,28.54471985,31.17358075,28.45011329,30.65151511,1390316.02661131,953427.2421204529,18.76678298780002,25.10033384980001,26.796609100000005
1602547200,30.65287023,31.8006993,30.21107437,30.74571741,1313810.07111629,965303.1779406772,18.84850377290002,25.207511255600007,26.8545445752381
1602633600,30.75304834,31.3489017,30.39750967,30.86054994,733681.68484803,957016.2224018977,18.92758966155002,25.31389165700001,26.959619670000002
1602720000,30.8661189,31.68029593,30.36234575,31.36780259,940329.00828633,960673.3194372512,19.00550305410002,25.440368219000007,27.31844811142858
1602806400,31.35742756,32.00232289,29.57965095,30.04427314,901617.69061164,956951.8890266835,19.08837342895002,25.566700013400006,27.63670908714286
1602892800,30.08289608,30.57807918,29.67592381,30.25105698,743670.30245693,945087.2242896047,19.169261505500018,25.742492056600007,28.019937624761912
1602979200,30.25013317,31.06948458,30.17675713,30.6813468,797396.09610506,933127.2923681798,19.24894255405002,25.904999259400007,28.34163819285715
1603065600,30.67604984,30.7249182,29.68850694,29.93253933,641674.64960886,908682.6122097599,19.32989669325002,26.094156202000004,28.596470308571437
1603152000,29.9305721,30.10488772,28.46368038,28.85327837,1079531.73627254,906477.5213938288,19.416989396550022,26.276885588200003,28.789128144761918
1603238400,28.85587371,30.52415567,28.66820304,29.78966246,1009843.79673293,896810.7337598432,19.50885362045002,26.415853241000004,29.00072073809525
1603324800,29.77412993,31.36816995,29.69438397,30.6636647,1015642.92458553,895150.0506068316,19.60209233620002,26.558954982600003,29.140718631428577
1603411200,30.68502109,31.21890821,30.02426692,30.67716026,703917.98175459,880146.4837680369,19.702452764150017,26.713263592800004,29.138462479047625
1603497600,30.68066294,30.91338023,30.42716607,30.68271292,604892.86086461,858328.8353216255,19.79184529215002,26.839291601400006,29.162600313809527
1603584000,30.67921873,31.3153617,29.89484115,30.16771621,551110.89405889,849222.8488578459,19.88025426710002,26.95298078560001,29.31438732380953
1603670400,30.16161375,31.41719612,29.97422811,31.0860892,934256.28319902,849082.8924662985,19.969747595950018,27.054324666000007,29.471728587619054
1603756800,31.08337222,32.39994167,30.94582193,31.53769375,1094216.517472,867233.4653136339,20.05417117685002,27.172911838000008,29.588561393333336
1603843200,31.57862846,31.94651137,29.76500948,30.38011059,732395.8990401,871826.0085374769,20.131469004850018,27.377656027800008,29.644416413333335
1603929600,30.37327259,30.47174778,29.49726029,29.86448518,705198.24243232,867251.4249521643,20.21141851270002,27.57001602940001,29.760947620952386
1604016000,29.87113861,30.31161132,27.44061728,28.52242436,931167.99506841,876269.3303816738,20.296292373200018,27.78358166360001,29.94280994285715
1604102400,28.51731946,29.00206747,27.91975034,28.5339224,570531.36675191,869760.1013938552,20.37359834900002,27.941801909000013,30.07025474476191
1604188800,28.5271016,28.74217274,28.03532124,28.54008623,512708.24740479,825879.7124335292,20.453393244650023,28.123359065400013,30.171309259523817
1604275200,28.56319408,29.31127365,27.81124783,27.83728773,692421.28187185,794810.2729713072,20.52864669305002,28.26558336240001,30.17668893761905
1604361600,27.83390215,27.85925088,25.81725771,26.8939094,826719.56664825,799462.1670613183,20.608885151350023,28.372413701400014,30.18269311714286
1604448000,26.89623231,27.04414478,25.946487,26.99132607,609513.53184111,782921.3932390573,20.69782788480002,28.451360063400017,30.18256228238096
1604534400,27.0078565,29.04236934,26.62853529,27.72847375,989228.32398771,787301.9249078607,20.78055905125002,28.51345323400001,30.048551454761917
1604620800,27.71977003,29.58092733,27.62925497,29.10484543,992397.23146836,799738.2713584322,20.858447133950023,28.513915524200012,29.865132025714296
1604707200,29.09973314,29.9172759,26.75798066,27.78596196,940016.76777396,806869.3049418773,20.925723088300018,28.447473911600014,29.68088327000001
1604793600,27.80515024,28.75583305,27.44507567,28.43978422,665044.45861947,808037.7953924078,20.99022314850002,28.359591120600015,29.50758189666667
1604880000,28.42684308,28.9951059,27.30839609,28.09772225,661316.26863192,787127.0220103768,21.060031318150024,28.357354243800014,29.462847243809534
1604966400,28.11913068,28.53700758,27.65854216,28.23782343,691525.04222022,771211.0842847412,21.120441390250022,28.354645576200014,29.345461766666673
1605052800,28.2442714,28.60705003,27.81789692,28.04090864,610790.11473235,750968.4437920821,21.17667581745002,28.394531767200014,29.238720691428583
1605139200,28.03823546,28.38132749,27.29033269,27.72102257,675677.00009836,749556.3947092707,21.22838233275002,28.397101435200014,29.15134844952382
1605225600,27.72944729,28.58947025,27.5384859,28.23757507,611276.14707316,749875.5590196983,21.28657378045002,28.42207332660001,29.12204107142858
1605312000,28.23932025,28.24021443,27.35008125,27.95935607,636904.40210666,754165.2344220867,21.357015482100017,28.457302636200016,29.03876708000001
1605398400,27.97390569,28.29377627,27.08182031,27.70272099,566221.26997355,735763.4837608133,21.42016362620002,28.559736748000013,28.898641264285725
1605484800,27.70371844,28.24832789,27.46830056,27.98142215,640928.23593529,713099.0696839776,21.483650653950022,28.639310182400017,28.78247054095239
1605571200,27.98716947,28.86263943,27.93480679,28.6023172,905197.28266838,721739.1388653917,21.54356456530002,28.73747562080002,28.65278688142858
1605657600,28.60960587,28.86369752,27.25379077,28.12116479,865562.05392363,729757.3294399572,21.60501064295002,28.809985309000023,28.535406156666674
1605744000,28.13128961,28.51255584,27.5931324,28.15785088,586281.55227875,712513.0073004741,21.66394619885002,28.87531645620002,28.387564868571438
1605830400,28.15358097,29.3804105,28.01580853,29.00610017,795001.06230436,723736.4920780967,21.720616942850018,28.905266027600018,28.247785032857152
1605916800,29.00407669,30.85460295,28.06684359,30.52258906,979665.82734787,747084.3710752508,21.77955721065002,28.940136423800016,28.140216185238106
1606003200,30.53616971,31.16766913,28.89768789,30.07314357,730787.21960974,749002.6679621453,21.83746520750002,28.972331096400016,28.058947885238105
1606089600,30.07608037,31.15202719,29.79022971,31.04621325,1143959.78761597,764864.6790105312,21.888983593300022,28.95674124080002,28.081980066666677
1606176000,31.03800859,35.18576538,30.79902899,33.96139041,2571900.19361433,862984.0120991922,21.94410834990002,28.93424289980002,28.17667847904763
1606262400,33.93328828,35.4564814,30.41321607,31.2957592,1946834.94109457,910864.3429545354,21.99977637510002,28.964842153400017,28.24968120952382
1606348800,31.28745309,31.78938873,26.39358698,28.26569601,1662525.9543301,944370.7790976225,22.052557100800023,29.027834060200018,28.402487186666683
1606435200,28.26533705,28.75374944,27.16913339,28.47727778,696517.21925699,932195.8016717739,22.10774568375002,29.06471245160002,28.739033901428588
1606521600,28.48321854,29.70356425,27.91729473,29.19654549,580511.73409567,927969.1654455839,22.16760072275002,29.105741500800022,28.944006907619062
1606608000,29.18538688,30.49240209,28.89203763,30.12383939,634813.05973802,926644.005000889,22.23570089610002,29.212190632200016,28.969588920000017
1606694400,30.135702,31.63136569,29.17940873,31.49978683,840032.30528539,934069.3681541474,22.30408692830002,29.28373411640002,28.939704746190493
1606780800,31.50754995,32.26606298,28.95135846,30.22878166,800243.62798418,943542.043816739,22.37416211520002,29.29497264160002,29.00687539047621
1606867200,30.22831484,30.97583046,29.48996609,30.31761143,529214.80488137,936218.9340558896,22.45826417730002,29.30967138980002,29.087068493809543
1606953600,30.29913709,30.86006708,29.84274652,30.75025633,553959.80480175,933353.1169423191,22.53086725110002,29.325413277200017,29.24907156904764
1607040000,30.73199311,31.1791745,28.71422635,29.06686062,552846.29381319,929150.2115276456,22.59541949225002,29.35973337240002,29.343879103809545
1607126400,29.03042469,30.07912049,28.63186988,29.74574863,393846.59106086,920531.477582011,22.66227661095002,29.41887243380002,29.452293522380973
1607212800,29.74150241,30.20795921,29.03515393,29.53469922,375057.06785886,907237.9191781895,22.72918924585002,29.410417764800023,29.59654274904764
1607299200,29.51279308,29.67613228,29.0395567,29.37508428,340685.84995318,879012.3475424296,22.79863033995002,29.401855645200023,29.636032537142878
1607385600,29.38126469,29.52204507,27.2523781,27.65639562,534907.08760628,862479.5992265621,22.87425351790002,29.399649773000018,29.721098849523827
1607472000,27.65166994,28.42756764,26.89311956,28.15749706,579073.70028954,862119.2066271016,22.94687656150002,29.35363093360002,29.808335908095255
1607558400,28.15294745,28.26807864,27.35885364,27.68565319,483094.56883975,846523.8819538711,23.01810622070002,29.347660443400017,29.874700771428593
1607644800,27.69219678,27.7653231,26.69854596,27.34675102,440638.34603081,819572.507888018,23.09045915730002,29.33333328820002,29.829656886666683
1607731200,27.34181414,28.27449914,27.24135609,28.17131395,404081.45530437,803237.2196727495,23.15265771885002,29.307208037800013,29.83138699476192
1607817600,28.16570208,29.2629735,28.02249706,29.12475036,418261.19978205,766952.2902810535,23.215275207900017,29.261685163600017,29.808901390476212
1607904000,29.13299287,30.20885514,28.64875639,30.02333176,682730.49057798,672493.805129236,23.278452545950017,29.247769537400018,29.729884764285732
1607990400,30.0348354,30.39029551,29.31101684,29.5191454,536864.18381456,601995.2672652354,23.34494120490002,29.205689352000018,29.61791928285716
1608076800,29.53147141,30.77058741,29.00340576,30.60736718,741075.94373808,555922.7667356345,23.40028312280002,29.139351078400015,29.57275770142859
1608163200,30.57806751,31.60939945,29.33241366,30.24653045,1036493.20075154,572921.565810362,23.45870111515002,29.089234152200014,29.524049059047634
1608249600,30.23846762,31.28643473,29.61449146,31.02490528,592300.18689654,573510.9884504054,23.517298712800017,29.05807490100002,29.31251358238097
1608336000,31.01652899,34.31176166,30.84230142,33.34964788,1372071.80260589,610373.925593799,23.57216689935002,29.055187212000018,29.279733010000015
1608422400,33.3437129,35.68324778,32.52042969,34.31455119,1393206.42360522,638032.6315097904,23.63194812240002,29.023848336000018,29.374058459523823
1608508800,34.31873707,35.63832002,31.17133846,32.0764878,998719.73334647,647956.436777905,23.695169174200018,29.005241804600022,29.495374054761918
1608595200,32.08826936,33.85376991,30.48278313,33.54178874,836538.82909399,663322.637988536,23.760112469700015,29.002570201800022,29.693140835238108
1608681600,33.52853822,34.55482913,29.74532301,31.18364653,1166044.59699704,693926.8775983005,23.822722452350018,29.02577860380002,29.892698540000012
1608768000,31.17695715,32.85435738,30.35101895,32.49412637,694075.40691618,700988.33325345,23.88709562780002,29.122323074200022,29.920160490952394
1608854400,32.48662196,33.61541696,31.71840194,33.18951312,579238.24677932,710257.916039373,23.95288614965002,29.237935650000022,30.07792273285716
1608940800,33.19842993,34.09294636,32.36320879,33.60554097,691114.28326211,726060.7768095356,24.018271391450018,29.308663681400027,30.119162499523824
1609027200,33.61882622,34.99165565,31.53124106,33.61430271,1157452.23916887,766899.09627032,24.09865234705001,29.422753701600026,30.202203929999996
1609113600,33.5982153,36.1313915,33.24638881,35.86587384,958335.68346846,788070.526063429,24.18230696670001,29.508548444200027,30.39852071571428
1609200000,35.88968369,39.81703835,35.25449021,39.01918878,1371639.54553175,827698.8183255395,24.25510539835001,29.618604450200028,30.582320350952376
1609286400,39.02834455,39.37751935,36.1479447,38.13964396,872089.15062279,847148.5474146915,24.33441372565001,29.727825237600033,30.77658718380952
1609372800,38.1402764,38.24797843,36.60541795,37.43405049,583952.0133346,854314.230779881,24.40256053210001,29.81783914840003,31.085672400952383
1609459200,37.42582137,39.14720052,36.99432431,37.84593345,667019.57298652,867461.1366639886,24.47790150255001,29.93440596340003,31.626757789523804
1609545600,37.85146756,39.03896233,36.50110888,38.29789122,936190.25699351,893357.5895245615,24.556598861450013,30.08292775580003,32.102098118095235
1609632000,38.27645795,41.83163701,37.4408553,41.33399093,1179873.79343583,918214.754667454,24.637656248950012,30.30135708640003,32.56630751333333
1609718400,41.33672909,44.5986399,36.87622429,41.12744051,1407504.06242328,961746.7485978901,24.718665468500014,30.499393497000028,33.06626858142857
1609804800,41.15157592,41.97664449,38.56695661,41.94945646,874761.2523635,968431.0140291611,24.816882521350013,30.68725633400003,33.54848654666665
1609891200,41.9698048,42.45785441,40.4121614,42.36365969,1316742.65162632,982443.4865729001,24.92882565260001,30.889754551600028,34.12987895476189
1609977600,42.35343052,44.75908561,40.61567963,43.65679532,1445821.95284915,1025119.5748705305,25.03545324985001,31.09096087460003,34.65864603809523
1610064000,43.69375396,43.80891557,40.2424653,42.43134366,928292.4891031,1002930.6091953911,25.139911069100012,31.358453571800027,35.25056561238094
1610150400,42.42610647,44.23386849,41.42868927,44.02845248,722684.59514774,969404.5177725172,25.24718925685001,31.626947962200028,35.810389065238084
1610236800,44.02904838,45.35018892,39.13552698,42.45639431,974546.42715759,968195.8524630731,25.356515190700012,31.906308648400028,36.44897310666665
1610323200,42.45313278,42.57996135,34.73026626,38.21387063,1509706.67911862,1001854.2449643046,25.48126964340001,32.18153549820002,36.9921368390476
1610409600,38.20038591,40.18481402,36.84776339,38.25451948,897342.92265013,988419.1612469589,25.60621539785001,32.49224810880003,37.50065134380951
1610496000,38.25386194,40.58723972,36.85273617,40.12956961,1001259.50114969,1003778.3659586345,25.73623463720001,32.777717964400026,37.888358159047606
1610582400,40.1229036,42.04995754,39.55879762,41.84817793,827525.19021301,1016192.7131303191,25.867759576900006,33.07816501060003,38.180614484285705
1610668800,41.84385035,42.56487672,38.5713577,40.93667376,1149616.79318314,1039117.8386263705,26.006212090900007,33.31684111560003,38.40503023380951
1610755200,40.93435941,44.15135515,40.53792543,43.10402386,1110442.15304214,1036767.3343200341,26.13576133305001,33.47965565680002,38.83102657095237
1610841600,43.10662828,46.87091545,40.81371062,45.84580827,1377920.99389002,1057746.599841112,26.27395827900001,33.62382178140002,39.276457597619036
1610928000,45.85128,47.05217549,43.77149646,45.33091412,1063854.48669157,1042357.346899103,26.406357538450006,33.74718536540002,39.6453700090476
1611014400,45.35457258,47.31675242,41.60775063,42.57450338,1239805.74769417,1060743.176752672,26.517954303900005,33.958233740000026,40.097678718095224
1611100800,42.53709476,42.8812978,40.00138345,42.61365375,808029.93528779,1071947.0728503314,26.63045949685001,34.21165329500002,40.68013136380951
1611187200,42.61869801,42.77796598,38.10373447,38.61457619,1233836.87991692,1100287.9381968514,26.755507410000003,34.50418821660002,41.130847567619035
1611273600,38.63921632,41.97273956,36.68360542,40.9221917,984275.73478731,1102692.2120865416,26.88783918305001,34.83717347220002,41.30014826285713
1611360000,40.94213671,41.94491603,39.47481026,40.93954737,739324.59629148,1080664.752229324,27.015203764400006,35.141314966800024,41.51319634809522
1611446400,40.9319139,42.2997347,40.27832349,41.88143997,791765.58002114,1049877.8281092169,27.153774374350004,35.36280929780002,41.56941185761903
1611532800,41.88174816,43.44692093,40.44143208,41.81739674,890508.05775485,1050665.1683787846,27.303903014550006,35.61050673960002,41.71590034571426
1611619200,41.81442264,42.60448378,39.74595086,41.88667826,907916.61165205,1030223.866380071,27.453669165850005,35.77644603480002,41.84169349571427
1611705600,41.89414074,42.22540544,39.34559294,40.97970986,922891.61750168,1004077.3496126976,27.59012917010001,35.97988474220003,41.867762497619026
1611792000,41.00102647,43.26065795,40.32065183,42.64907195,1001524.91243362,1007738.9707792236,27.725379238700008,36.21733847720002,41.900617556190454
1611878400,42.65186259,44.66334418,41.64484856,42.86661934,1899495.75227633,1066579.5286356532,27.840963793500006,36.46005230400002,41.89762811809521
1611964800,42.88336429,45.26270435,42.40622721,44.84454703,977036.50593568,1066704.0325745577,27.963985229200006,36.70570625440003,41.83172574523807
1612051200,44.84126077,45.95129177,43.01196181,44.39593649,766771.11604188,1029557.2544207207,28.084708589500007,36.95593813400003,41.78373891809521
1612137600,44.3955531,52.38906125,43.43380593,51.47179301,2068854.33058155,1088132.824817292,28.207722939300005,37.222404418800025,41.80446633142854
1612224000,51.45170763,53.26877642,49.24385909,51.04832669,1425770.8808798,1109358.3938037972,28.332647106050008,37.51223591660003,41.843327976666636
1612310400,51.04577967,52.84450481,49.7369604,52.24808395,920012.088431,1113982.7387146968,28.455569946400004,37.815855239600026,41.93568712809521
1612396800,52.25737562,57.27991362,51.15111537,56.06577376,1260257.84627609,1119514.7913693443,28.572339987350006,38.16581115980002,42.567016765238066
1612483200,56.03104028,69.06363284,52.97526868,67.69749939,2117189.14315248,1169852.1408748613,28.693998715600006,38.49030361060002,43.17624567999997
1612569600,67.69942549,75.65061017,61.49813206,72.99678086,2608973.57741592,1231404.7700511562,28.816360110350004,38.937244463600024,43.75331779142854
1612656000,72.9544194,74.93646772,64.28087697,68.5447232,1395457.63254019,1247984.9273435872,28.950191677850007,39.35774436220003,44.43034616428569
1612742400,68.56742222,80.41093894,67.77021247,79.98246264,2316207.70486997,1301805.0252023772,29.084051677100007,39.81232313320003,45.70467119428569
1612828800,79.97703227,116.15843896,78.13151003,107.58099286,4150222.57446969,1468914.6571614721,29.255607850000004,40.32149126480003,47.128135813333316
1612915200,107.59453665,148.90893404,107.44133457,128.84857763,5617503.48603001,1688097.9874671265,29.42550135740001,41.07051064359999,48.209036524285686
1613001600,128.96520552,132.88791436,117.70936048,124.15762538,1945419.8488871,1736155.1931721158,29.600943566050006,41.90994815519999,49.859110263333314
1613088000,124.21456819,141.8883564,120.96477096,137.0983921,1864778.48766204,1792427.8877406437,29.79115500565001,42.613849661599986,52.954657381428554
1613174400,137.0600446,138.91188637,124.62789781,133.43639259,1059589.91044928,1805819.1042620507,30.042286880950005,43.52720789059998,57.06108232809522
1613260800,133.47692635,139.69406115,127.74726758,136.03515402,1304650.52030757,1826526.2273896865,30.318662540500004,45.03729799179999,61.134560860952355
1613347200,135.94057892,139.45016359,117.3200994,130.04983218,1155988.78661639,1838929.8361379039,30.570746428950006,46.943433769599984,65.71437992761904
1613433600,129.90443265,133.56826901,126.19452023,130.15209667,982779.03017341,1841924.2067714904,30.87670771915001,48.802913346599986,70.11899160476189
1613520000,130.1247869,176.27251882,126.66801323,165.47051478,3567468.42865052,1970221.3825823355,31.318561165350005,50.89499866119999,74.60250179761904
1613606400,165.43908044,199.94340475,162.87605166,195.70850482,4050857.19608953,2077789.4547729953,31.863490162250006,52.899936250599985,78.80404634238093
1613692800,195.67511342,347.8017089,195.0870803,333.60339997,8478985.70162355,2452886.914557389,32.38637606585,54.94852851159999,83.0071615047619
1613779200,333.75563203,335.92325089,221.67959395,253.91871155,4348310.14789211,2631963.866149901,32.97299626094998,56.87723910099999,88.93529507238092
1613865600,253.80305651,310.4287723,249.76365699,295.32511107,3249138.71840015,2690978.0855408306,33.53902789964998,58.76296355759999,96.22383949476189
1613952000,295.18633122,296.15636525,215.749567,267.63518757,2681548.38939622,2753766.960966652,34.11965936964997,61.29199007759998,110.06844809619047
1614038400,267.60312883,269.48671371,184.9970555,231.63648012,2698662.42757065,2842699.4779236345,34.66971668689998,64.4433672948,120.02436069238095
1614124800,231.81148518,281.81352132,213.30269364,254.72543964,2529559.32693562,2906164.5519566108,35.21704715569998,70.36675428439999,131.97336900571426
1614211200,254.65214216,265.8164454,231.5695999,234.77701035,1202385.93768922,2860424.3916834476,35.93618809424998,74.68820984639999,142.2668639847619
1614297600,234.4969779,239.4117154,208.9585227,221.99652608,1228934.91922091,2791422.4587736973,36.80997300404998,79.82875424339998,150.86629986238094
1614384000,221.83778027,237.82343093,219.34002826,225.59354388,1113828.8813427,2777341.021213823,38.36755537229998,84.3547781762,160.50807870476189
1614470400,225.57484623,229.39027501,194.67325686,210.66729875,1177765.10330214,2720418.8911354314,39.52559723534998,88.16495896839999,169.01813758999998
1614556800,210.72229525,260.9818332,209.63724052,255.10836363,1616565.52082405,2593736.0384531496,40.88566539699998,92.420478632,176.3657102895238
1614643200,255.10679175,265.23443296,227.31521984,240.00739577,1059344.25057228,2365828.0766802626,42.110006204499975,96.2687456452,183.6322228142857
1614729600,240.00722835,255.45728905,236.57392825,240.72574794,806782.12706609,2308896.1905892123,43.15641085859998,99.8355402604,190.39996450714284
1614816000,240.72864611,250.21739871,225.34018156,229.63646317,691176.95542269,2250216.113977245,44.31535205979998,103.4987842648,198.73929312571428
1614902400,229.61429113,232.14770392,215.2591474,225.45388521,630293.36482256,2228751.2866959088,45.37712756609998,106.83156119019999,205.04531231190472
1614988800,225.52572371,232.43575573,219.26984024,226.45489056,536512.94538492,2190344.4079497764,46.37386356099998,111.08460057659998,210.37279661238094
1615075200,226.52752309,244.09216128,224.9815445,239.99086232,673539.01296705,2166221.919267309,47.395370603049976,115.12047107939999,215.39559841190476
1615161600,240.00553038,243.09416093,229.00432543,240.68035912,489333.76227498,2141549.6558723873,48.341098168549976,119.16989564859999,219.60300284571426
1615248000,240.71678899,297.13932798,235.44317544,293.59673626,1856552.79760311,2056003.8743200167,49.507598201799986,122.96003351979998,224.03245512999996
1615334400,293.47210971,296.29156746,264.68288408,278.45469728,1288311.70979831,1917876.600005456,50.591955175999985,126.63214766539998,228.9827269538095
1615420800,278.6662151,315.62996289,272.20339415,290.12888728,1614739.54472694,1574664.2921606256,51.68002899144998,130.3425120014,234.2508472842857
1615507200,290.32538505,290.9582964,247.65389825,263.11561239,1369753.79890531,1425736.4747112854,52.710508768949985,134.2802487706,242.03392535999998
1615593600,263.1331714,283.89916265,255.68091884,276.11749541,709004.86899864,1298729.7822412099,53.720111536899985,138.1769397876,247.41412452666663
1615680000,276.17132564,276.85471982,263.05017047,263.39375837,523700.01114572,1190837.3633286848,54.73736794694998,143.1422562304,251.91033321523804
1615766400,263.30254863,267.52151359,246.53685055,254.31277066,664391.40965136,1089123.8124327206,55.825404908149984,147.8598601084,248.55377190190475
1615852800,254.29114242,259.92094233,240.20837478,258.62822343,566876.86084525,990989.689128202,56.91335454849998,152.810164779,249.61085684761903
1615939200,258.66525474,272.14822444,248.18751071,269.92981612,496929.16957501,955716.8507224915,58.27091819714999,157.300185503,248.0903162428571
1616025600,269.98478527,277.78132863,256.92954351,261.36977031,718329.0137141,930186.5554471512,59.55206046334998,162.0040915772,247.45591543761898
1616112000,261.33059948,269.19044958,254.55533433,263.310352,368906.21722322,892940.4222411771,60.89339533499998,166.45317579719998,248.741236547619
1616198400,263.0254777,274.67780638,261.47154854,264.37060477,549293.23147169,861516.8286496546,62.09587161059998,170.701802411,249.46525447523805
1616284800,264.24570124,268.2230126,256.93273133,264.84253095,409635.06012668,801170.3056147861,63.369445573599975,175.0380189448,250.73157637809518
1616371200,264.871917,277.26069147,253.0247511,255.13648784,653945.98117162,780900.392144753,64.57525769904998,179.598881702,252.69890142190474
1616457600,255.17131316,263.15202563,251.82069331,255.56790233,411405.1534623,761131.5434645636,65.73134209984998,184.00668291099998,254.54542813095236
1616544000,255.45766122,269.15795624,240.09346055,248.43844254,554941.30453591,754319.7609202245,66.90900336750003,188.419908512,257.12520109285714
1616630400,248.40660113,249.87870305,224.83930271,234.0790579,664232.15676737,756016.7005174651,68.14382286665004,192.84998822059998,257.1265403409524
1616716800,234.04405498,255.7185734,233.76836829,255.25783352,443577.22400183,751369.9144483106,69.33251602370004,197.249947899,257.8675168438095
1616803200,255.29253607,276.20882544,249.89683902,269.39610047,622258.72109625,748805.8998547706,70.53322368790003,201.464758926,258.23478801523805
1616889600,269.36777564,281.72229642,260.95700824,268.67919415,560320.77533714,752355.2505078785,71.73146436955004,205.5466811124,258.4463401452381
1616976000,268.68749402,278.05724436,264.36672662,275.03937416,485864.01583929,683820.8114196875,72.93200549380003,209.4944834294,259.8655757790476
1617062400,275.12378931,311.97379196,271.07764537,311.40936699,958725.7119634,667341.511527942,74.10548817915003,213.13110290839998,261.9103952985714
1617148800,311.47884588,316.84678781,284.49337231,302.70831715,764605.71999355,624834.8202912726,75.27800412660004,217.11494410359998,263.27650633809526
1617235200,302.71497581,339.0801843,300.87795299,334.68995724,830034.0556258,597848.8331272971,76.42274916680005,221.14891612519997,264.9126499114286
1617321600,334.83577696,356.77601136,325.35525448,338.5535385,1046623.35116917,614729.7572358237,77.47726907165003,225.06256439099997,265.76087042238095
1617408000,338.42269985,349.2247014,315.87478734,322.20770772,615077.48260321,619298.6308086982,78.64125905960003,229.1924574102,266.9158047019048
1617494400,322.1630295,352.72553511,316.38372574,349.12600871,631332.17468522,617645.6690603911,79.87189508325004,233.8209954972,269.03776041428574
1617580800,349.11214381,380.3591973,335.92883266,368.03860361,872755.6665303,632939.6093446438,81.09267621285004,237.723541983,272.63004261000003
1617667200,368.14880421,412.100394,363.85404075,403.51827602,1225104.2801707,669348.3648744283,82.34499755235004,241.8403695752,274.8248146247619
1617753600,403.4879631,414.35176127,355.55763356,375.0838807,1248624.83382787,695863.1558801167,83.77489806795003,246.12828783759997,278.90730273619056
1617840000,375.21473568,421.78596818,372.08928402,418.58058973,840285.19475769,719432.1047568403,85.14585479510004,249.83047415,284.32281859095247
1617926400,418.48914908,453.68689584,404.56638312,453.42610472,1058085.91214696,744871.7387906038,86.66350773950003,254.14426647239998,291.22234490476194
1618012800,453.63748532,487.33173108,449.71411328,471.44608888,1365775.4806928,792678.7598189098,88.19983518725003,258.78433546419996,296.22968131333334
1618099200,471.430417,530.42224088,457.16903425,525.75529954,1171753.61001848,818569.1412612528,89.67535787630004,264.253704341,303.71591080952385
1618185600,525.72179163,638.53472374,514.04296727,596.64245045,2695040.58746947,932750.9129616113,91.28166838420003,269.15234002159997,312.7690418914286
1618272000,596.58731144,603.08785256,528.11157563,551.42637195,1801173.0676614,995062.5011178858,92.98630872285003,274.21454152059994,322.62977923000005
1618358400,551.52858436,591.72606,522.83537664,549.87690836,1152503.36785585,1019476.06167231,94.86561271015003,279.3688935186,335.05419678190475
1618444800,549.65945957,557.30010979,533.74284344,542.46786577,757250.91516508,1035159.7462304726,96.60507616540002,282.12574729679994,351.31638547761906
1618531200,542.50049836,548.42639799,489.80635431,509.14939661,904602.17842209,1049276.9190967646,98.56629783020004,287.5624790566,365.40488403095236
1618617600,509.12546028,548.72990656,506.6235029,514.84966959,745530.69389294,1058537.4150245546,100.71784776460002,293.5888258442,379.7590966890476
1618704000,514.95392776,521.20524761,428.78789447,482.42999588,1006487.20408903,1084568.5744370415,102.95476702440003,299.2646495318,394.4442780161905
1618790400,482.31037831,541.11855968,469.33321472,504.49321783,1251949.65160465,1099229.771419104,105.46947976885004,305.6294580966,406.5343524490477
1618876800,504.60461942,590.35582995,474.23776125,587.619552,1275059.5341845,1124752.4621286516,108.32963156780005,311.3843066192,418.22261764523813
1618963200,587.536872,613.345865,533.34757385,544.24282067,1294772.97768686,1147989.4082317045,110.96329943400004,316.8717543444,428.4012272514286
1619049600,543.86904119,583.34778609,479.26096375,505.14913027,1035860.90852653,1147451.2860995724,113.58165776370004,322.7288172146001,439.3276007595238
1619136000,505.09902637,532.09480027,447.02876713,527.39047216,1253294.73363123,1179362.1486509736,116.16280758085004,327.86554625460013,452.480466712381
1619222400,527.38650547,528.92673792,483.40953878,497.23470639,475027.00032176,1171546.8899328006,118.57359164605005,333.7420646362001,463.9821097371428
1619308800,497.49030278,517.98159825,477.16580924,505.64004043,699343.80063009,1162876.2966377898,121.00333670615004,340.3922884036001,472.09921321476196
1619395200,505.58073445,551.98564508,502.31290228,535.84120842,450581.14639605,1124150.1399490573,123.26907284590003,346.47699690160005,481.0914481509524
1619481600,535.74731674,579.47363955,524.52892602,569.59083718,528491.9557015,1088143.496042739,125.65415824760002,351.7654645482001,489.4260671352381
1619568000,569.54087465,580.13018195,538.89286938,563.17257544,359288.53270038,1064093.6629398733,128.45539103900003,357.7205447280001,496.87911626476193
1619654400,563.28885085,615.777793,554.93024711,600.27113885,675168.05081465,1044947.769873258,131.03545902235004,363.1561611516001,504.86971649380956
1619740800,600.51542044,629.87538104,586.07546301,623.60171948,846996.63309848,1019008.8274935419,133.41623086975002,368.7398641490001,512.7779336919048
1619827200,623.80074939,644.739726,610.01078872,620.89509662,505425.41059739,985692.4175224875,135.90998856135005,374.65687107100007,521.7345382033333
1619913600,621.0627181,629.64600594,595.60334619,622.20393329,368774.3205745,869379.1041777389,138.25756916835005,381.2350806322001,530.3864691138095
1620000000,622.16511959,691.34491589,621.75333429,676.90860168,721490.27696442,815394.9646428899,140.64725052175004,386.62659741580006,538.4900698166666
1620086400,676.90152555,678.10848489,605.04971425,609.80434532,641732.76275732,789856.4343879634,143.18774486200005,393.0629262472001,545.6066892328572
1620172800,609.53582067,658.23512576,604.75095385,652.1850594,758938.00468488,789940.7888639534,145.89365179230003,399.73238289120013,550.1994813161904
1620259200,652.08534188,655.06124065,614.147734,634.55261519,700794.79708551,779750.4197971245,148.56747549635003,406.88797257580006,554.0216789938095
1620345600,634.47045932,645.44762589,611.55199139,624.9205809,377044.17245196,761326.0937250755,151.42611702180002,413.8097013334001,556.8015824876189
1620432000,625.04989134,659.4673135,618.4443567,647.37183665,468026.63999633,734403.0655204405,154.39086804365002,422.0799981996001,561.6733992038095
1620518400,647.25208159,687.7912905,631.09707496,662.73477622,591715.10262822,701391.3380716189,157.34161493970004,429.18982969280006,566.0583872714285
1620604800,662.97527352,693.4083209,587.3348288,631.99621193,686548.69240723,671965.7959827554,160.29833185645003,437.06096641220006,571.5713008090477
1620691200,631.92066113,675.45615197,621.5879586,672.83194351,593467.16177843,636900.5051873338,163.52603585190002,444.35342239360006,577.8818801928571
1620777600,672.66655232,685.84227857,575.6504875,592.03329727,518598.03385312,611037.3614536633,166.42483621280005,451.6244386054001,586.4678221138096
1620864000,592.96439291,634.13445468,527.16659151,571.18016826,800966.98469822,588420.9740070128,169.53450622490004,459.30566829840006,592.5393932614286
1620950400,571.28173542,616.42149152,565.83965743,603.37008329,423131.99129943,585826.2235558962,172.55386256685003,467.2729517274001,596.5971261904763
1621036800,603.43771899,611.54742451,559.57583871,563.27444115,370104.28036548,569364.2475426657,175.5288027747,474.6160253470001,598.8728631714287
1621123200,563.41246116,607.96614661,533.45433575,564.16740204,410803.9520007,567375.3878228982,178.62139556610003,482.9699344604001,602.0171983138096
1621209600,564.6936084,565.6783359,482.8379125,512.55476176,622860.60437862,572093.8202567542,181.78612113490001,489.69924235920007,605.6352750342858
1621296000,512.51567445,534.93376953,495.44282181,508.24508332,590322.46480724,583645.5168620972,184.79278387105006,496.15407687360005,608.7800243085716
1621382400,508.34730241,517.22553873,271.101159,335.6281677,1828378.70284646,641306.0494636877,188.00355778730002,503.53989738140007,611.5670415280954
1621468800,335.78028399,426.22003142,284.5306,392.03378979,1025852.57232804,650248.8464251657,190.81031070905001,509.7002295340001,610.4581631157145
1621555200,392.04309933,417.74288902,273.0486862,326.57191283,894871.19535257,669721.1356629247,193.51537296930005,515.5956555654001,607.5369367414287
1621641600,326.69949148,336.99645308,284.70636493,299.99629644,648360.9179057,683700.4655294847,196.37679293975006,520.4731669176,596.7014887538096
1621728000,299.93393306,313.44060881,210.95350448,261.175522,1095186.15111241,702385.2592368841,199.03547667675005,525.1372811008001,586.7854245128573
1621814400,261.12233248,350.99550711,258.09245235,346.18479637,1053304.63984442,722963.8530912391,201.70441313400002,525.6216571150002,572.6411480057144
1621900800,346.18995332,375.8691014,306.79040376,343.84819424,804785.43163661,725256.2244388255,204.11786451690006,527.4081665678001,557.3602527590477
1621987200,343.51225847,388.60820169,336.47056707,379.62865687,604664.26362479,720449.6977657895,206.5164778117,527.2458056796,540.1684236500001
1622073600,379.59228405,387.58100775,340.50628479,369.948264,554898.89745995,729342.434016189,208.05194903820004,526.4746608384,524.4196710161906
1622160000,370.13945579,373.88403814,312.9974788,329.12457654,1070070.20761968,759444.6123973565,209.86941755600003,525.2540171240001,511.7550923933334
1622246400,329.07199394,347.56244348,295.71659861,305.20425572,547483.97325609,757233.0559287501,211.36309068150004,525.1951928772,498.7762160823811
1622332800,305.53242569,339.30356291,291.56787004,325.90674585,623151.4298033,754063.1927985536,212.72860261670004,524.7113846898001,486.1760088828573
1622419200,325.88714976,356.44731528,307.98267525,353.87095651,552224.32395893,752001.0509075786,213.89952359635004,524.2335923068001,472.0904848657144
1622505600,353.74854409,364.89890669,339.51352426,362.30350431,429696.29336732,747555.9638832887,215.49180520945004,524.1308799728001,455.7967905357144
1622592000,362.27422531,418.77455366,350.2120094,401.62224243,480486.10747693,731531.9200222242,217.06552195350002,522.3417597090001,439.7573605180954
1622678400,401.56187409,433.13774887,391.5738892,428.46276956,348774.67165799,727814.0540401522,218.82473542805005,519.3773227290001,426.5133007361907
1622764800,428.57594879,429.48868046,365.16554022,390.91526705,414471.93059893,730032.4365518247,220.53227782695004,516.4665358684001,411.72623220285726
1622851200,390.88147613,426.34200798,373.40543032,390.3024866,310799.03051339,725032.1904774592,222.0374120984,513.0288490078001,402.6590391152382
1622937600,390.4417229,400.54262357,381.884992,393.76353861,165500.44279436,702164.1823982463,223.42224425985006,508.3420700850001,395.86297251047637
1623024000,393.79370482,407.58349793,352.548525,358.07745921,297320.23016732,687514.0706662502,224.91157344590002,505.34598749460014,385.7460764990478
1623110400,358.02290351,366.65963411,318.63754793,352.8324888,418220.2288261,617006.1469652322,226.54232311560006,502.91770471860013,377.5093167585716
1623196800,352.8065112,379.3803663,333.44888441,375.66297612,360005.37853953,583713.7872758068,228.21265276180003,499.8866527442001,369.39484707142867
1623283200,375.74300217,378.84851937,343.8664391,352.07328671,283528.80616654,553146.6678165053,230.08096719360003,497.5097145440002,362.03878504523817
1623369600,352.1396151,366.5158875,340.86029578,345.73675395,265012.46706691,533979.2452745659,232.08476743645002,495.0879919244001,354.63818530619056
1623456000,345.77413684,348.98333762,325.32712767,343.77170051,230662.14801132,490753.0451195113,233.89943666095002,492.6009411910001,356.544604754762
1623542400,343.84880255,369.87771038,330.63042688,365.95172493,210723.46614037,448623.9864343089,235.70793750795005,489.56772661040014,354.64172365571443
1623628800,365.95392852,379.9154541,355.13504579,370.40668257,272544.0468158,422011.9171932684,237.53614937705004,485.3285950928002,355.5543351376192
1623715200,370.40389548,379.84152797,362.23182695,366.83545963,199638.91127851,401760.6495759544,239.18574741870006,481.4852044136002,357.6388781885716
1623801600,366.7094629,366.97742892,343.30014099,347.28897416,180282.08869846,383029.80913787987,240.80487936185003,478.29695688720017,362.62822118523826
1623888000,347.35730188,362.93529752,345.5264168,352.79931764,160058.05787665,337529.20165072836,242.53058129715,474.6245814542001,363.78164433761924
1623974400,352.75971036,357.47172777,326.77626679,337.2545412,195142.72335176,319912.13915551186,244.14058201285002,471.99892182500014,364.8762760228573
1624060800,337.42622056,345.90206627,330.05007185,333.95321232,127889.16177345,295149.0257540194,245.71403471635003,469.29425466780015,363.33629113190494
1624147200,334.03712719,340.86540023,309.92556624,339.05220217,173111.10844453,276193.36497829936,247.26308626685005,465.9141396920001,362.5196746385716
1624233600,339.09739292,342.26197914,268.90324052,270.93148703,340774.42153199,271747.2713865329,248.9363660955,461.4681024316001,362.90681581285736
1624320000,270.67277493,291.63830353,225.2216036,262.20052495,569574.50864137,276201.6914447549,250.64707102830002,457.2606372756,364.2758137461907
1624406400,262.28828164,310.1609326,252.99266762,296.24959738,373257.83539745,277425.8496317279,252.33886193755004,452.0003053226,364.90178785666683
1624492800,296.24401775,316.96367134,281.54469874,308.56794066,293333.46301427,271368.9262524949,253.92932408090005,446.20733517940005,360.95228931000025
1624579200,308.63365305,313.7625792,275.171155,280.9699552,257138.20366835,268685.8849102429,255.54270147215004,440.5704772904001,356.1854807690478
1624665600,280.9237116,290.67974282,264.05654632,279.76357893,202344.70682688,270528.0981118689,257.07147524400006,433.5450283652001,351.16773576666685
1624752000,279.79706804,291.92941514,269.28769313,290.95322829,215238.77998472,266424.0256027389,258.59009739730004,425.25086683060016,345.45845820000017
1624838400,291.08230422,299.64631785,283.5638676,290.01251413,235305.11328266,257278.26982556688,260.133770351,418.97977187180004,340.222967159524
1624924800,290.03089108,315.98754891,289.20275595,300.86959187,259242.32933863,252240.1173655219,261.3346765045,412.1074294970001,334.95920965142875
1625011200,300.73392304,305.07270773,281.37783251,303.6662376,194355.81069299,247781.4675918444,262.50034482615,405.03577629720013,330.06348058857157
1625097600,303.97009577,304.30536628,280.66091625,287.723865,152868.17827515,242174.25315225642,263.83286406990004,398.1326362578,326.82229272761924
1625184000,287.73282582,291.60830476,276.53145514,287.37843375,137375.07159415,237509.8993313979,265.22803027710006,391.00426409060003,324.3478690642859
1625270400,287.2529808,303.90934567,282.74731836,298.35789693,121769.7611748,233062.21408311938,266.48600463170004,383.54981884880004,320.9194529442859
1625356800,298.30132267,315.70305039,292.76208434,307.7577068,159758.81030733,227422.9522576959,267.74654054825004,376.92728644760007,317.85519476761925
1625443200,307.57043187,307.74455496,292.21811292,302.09586866,177210.42761899,226301.52807471986,269.06051920440007,369.54397232940005,315.07622713904783
1625529600,302.16404749,322.42610638,301.6298432,320.07279975,238397.71480706,229207.30938014985,270.37215350910003,363.4577836840001,312.91366506380973
1625616000,320.0087055,339.87359448,318.31751985,327.88339594,248083.18291079,233608.56563185682,271.73976771335003,357.78174899380014,310.14252134333356
1625702400,327.78504684,328.58562849,304.6213638,310.25320429,208022.86281701,234252.57260511932,273.11724233160004,351.68150526660014,306.8896254428573
1625788800,310.24520813,319.9460173,301.35318775,317.18063988,139809.51341121,234848.59018700733,274.4102379048,346.57117057960005,304.6628321152383
1625875200,317.2738569,321.58878712,310.67337195,316.22204318,115315.25009277,231958.79726941936,275.69701341475,341.3297399120001,303.738756961905
1625961600,316.2097554,327.21789784,312.27572856,321.9684005,128714.93223827,221355.82280473333,277.04120717240005,337.4801006718,301.7127515642859
1626048000,322.05739293,334.60920369,308.80685912,316.16851994,171905.52158649,201472.37345198932,278.4269588705,333.8728669242001,300.7568515014288
1626134400,316.16722587,318.2321283,304.86851118,308.922466,128381.16412435,189228.53988833432,279.78620556155005,333.3653676560001,299.9125101138097
1626220800,309.03395238,313.51525686,290.24958902,309.35262452,168395.34275587,182981.63387541432,281.2314450339,331.8683046578001,299.0989957485716
1626307200,309.25046876,325.3838904,301.22853516,315.8599737,314133.36678702,185831.39203134782,282.70411377420004,331.66130726480003,301.2531401728573
1626393600,316.04330029,323.3242848,301.37312088,303.08144106,195243.05273545,185476.30932677633,284.08380703970005,332.1007493460001,303.47799450857156
1626480000,303.0687121,306.99180713,295.12708494,300.57949058,112310.7178587,180329.90622047533,285.50932780010004,333.2006093048001,304.1019481819049
1626566400,300.54119765,309.69240593,298.6011975,302.17191405,122839.59563672,174706.6303381783,286.9227290723,332.4553626974001,304.44918785047633
1626652800,302.18711331,303.87192917,278.80928566,280.49281843,163884.83477174,169938.7556098338,288.37665284215,331.7654513030001,305.50211574857155
1626739200,280.50728425,283.75906668,254.6445618,264.46373935,216995.81450075,171070.75580022178,289.79502481000003,330.49007763960014,306.4933496366668
1626825600,264.48506634,299.12959631,261.05881775,293.17102612,177182.69176983,172286.4814749558,291.1736895744,329.1527411808001,307.02757276809535
1626912000,293.14956349,298.59733937,287.57740396,293.43410996,125110.55129757,171673.25546012682,292.55242499215,328.5818394616001,306.57425392523817
1626998400,293.49060403,302.31508583,281.2491747,299.4927526,195644.03392266,175366.96909751982,293.96365334710003,328.5211926282001,304.84064190047627
1627084800,299.4310484,308.36177762,295.65891687,301.84795965,140411.21311351,174399.58923782883,295.29973118320004,327.6129140798001,304.34086992523817
1627171200,301.80078965,304.41581234,291.7268845,302.94711539,139708.23772161,172524.4797429598,296.60753269220004,325.82476973660005,304.6127863519049
1627257600,303.03330318,329.65450694,298.13147364,304.038075,350090.90981198,178109.13949320582,297.92769404265005,324.44212017280006,305.1896586780954
1627344000,304.03316167,319.11077925,297.83431838,313.7466181,201587.46726473,175784.3537109028,299.14298788235004,322.2783575234,305.3558521409525
1627430400,313.6744476,320.56716438,307.58929934,314.00732374,194843.5195936,175125.38654973233,300.27607691185005,319.6989571842001,305.12677635952394
1627516800,313.88783261,320.35251202,307.92954728,317.15707597,122317.30571458,174250.77616490083,301.55044258635,317.9176110362,305.2192623757144
1627603200,317.18064689,326.52379617,306.43739586,322.6257782,181430.95141349,177556.56123093684,302.8109431815,316.17050361200006,304.9180156304763
1627689600,322.6721148,338.56602042,316.98208465,332.73930344,187950.03635938,180518.31643699232,304.10276974195006,314.3759943398,304.2572502876191
1627776000,332.68940587,348.29421956,328.57330459,332.69572701,163763.09820978,180111.19526815685,305.4022622579,313.4893775176,304.5860060819049
1627862400,332.738516,338.48733636,325.90117227,330.59659869,142966.27150236,180840.45063705734,306.7051795364,312.7128742164,304.84529838285727
1627948800,330.57082643,335.38593879,316.10377636,323.19615485,138967.70764199,179369.06888136332,308.0070859348,311.54275621339997,305.63183458571444
1628035200,323.19486394,337.24882485,319.21632391,334.78897258,111592.72228852,169242.03665643831,309.363662307,310.95380604319996,306.14265965761916
1628121600,334.88354592,353.973119,321.87107518,338.11868646,207824.95960268,169871.1319997998,310.7135566633,310.693857033,306.8297110266668
1628208000,338.15711605,348.12243433,330.90969901,342.46070169,209308.32864624,174721.0125391768,312.08706007160004,310.47233756299994,307.5094104957144
1628294400,342.438319,360.56072889,340.39662162,356.6366064,211116.33943557,179134.8497291193,313.50911960945,309.7652350382,308.7206651652382
1628380800,356.65342956,360.37289554,337.00641002,342.19161008,140561.64850282,177968.69041567334,314.98154352925,308.82102448379993,309.7806038680953
1628467200,342.09501242,359.3040989,333.27095917,354.54410933,163359.19114151,175286.8592477113,316.44437431625005,308.1800947427999,311.6558067552382
1628553600,354.5477343,376.8344689,348.73108369,372.090288,224058.7910661,177630.66421252483,317.88811642005004,307.9966889887999,314.32519322285725
1628640000,372.0972648,408.76223878,371.37697551,391.21571235,231666.20962845,182958.4471290688,319.29941382550004,307.78991666979994,316.23089303380965
1628726400,391.16728194,406.453938,371.16063101,385.82825895,202623.23822142,183307.4073440068,320.75783856910004,308.1775579737999,319.7571449814287
1628812800,385.7520915,411.66304767,383.02613786,411.02568552,191566.70868663,185865.1821226628,322.21920296005004,308.34232592899986,324.8822187266668
1628899200,411.02779056,420.88307352,399.91578588,409.14733301,167090.39735042,187234.29010410333,323.7048518979,308.65216407219987,329.55101330904773
1628985600,409.2295572,416.08993985,396.39884881,414.57756629,148463.18876521,177152.9040517648,325.27516241300003,310.6753400915999,333.9507346895239
1629072000,414.57104171,437.17445832,410.63777732,415.96946344,255505.03422553,179848.78239980483,326.77305219465,313.2556438395999,339.26182673333346
1629158400,415.96121975,435.94836683,398.2877128,401.59242354,221390.82833189,181176.14783671932,328.35269986035,315.04721707099986,344.37132070285725
1629244800,401.5938042,412.52025956,385.98779206,396.48568825,181257.65775246,184123.1654386133,330.00854034185,317.09637196819983,349.6870564600001
1629331200,396.37509651,438.18699955,390.76166224,431.30483315,259634.58229636,188033.3469827568,331.75992116675,319.65991952439987,355.0171225761906
1629417600,431.26646112,460.2944769,422.0565602,455.09207997,218744.78991447,189573.0846605113,333.47965526165007,322.35619927159985,359.20025616857157
1629504000,455.06104246,461.5689008,444.74758841,449.23634172,196560.85699164,191212.97259960428,335.32569670555,324.85652397459984,363.1277973357144
1629590400,449.24484432,459.19527802,437.55732098,449.07114512,144396.85260712,191284.50165484226,337.1619999793,327.08812216279983,368.56340482047625
1629676800,449.04672653,517.69495813,447.109936,499.66338136,404330.87633726,204552.66008960578,339.02998926145005,329.0004440903998,374.87132395238103
1629763200,499.60888304,504.31972682,460.76330303,471.8816689,238543.07630712,210900.17779053576,340.89659121889997,331.55321600139985,380.41880196571435
1629849600,471.54262728,507.2905964,469.739301,503.52664607,252476.31371476,213132.74549613977,342.6902202399,334.90058030079985,385.9604885423811
1629936000,503.54771187,519.01469181,472.0086852,478.1924212,273802.16485277,216357.43730646628,344.448425946,338.13773846019984,394.0112877171429
1630022400,478.24975088,495.68838895,467.60013094,494.71796357,184882.15760541,215045.72821495828,346.38297042930003,341.1520034239999,401.0915502909525
1630108800,494.72912606,497.13506558,481.80720193,486.46154843,102642.7313915,213149.78235939224,348.4010718641,344.99011691519985,409.1266776000001
1630195200,486.49550378,496.0959075,476.37559688,480.14391333,134714.87278292,211717.56644146275,350.39201193925,348.38583291999987,415.79685544476206
1630281600,480.04095506,481.29038377,457.17161119,460.27505331,182823.22085139,209655.78793072727,352.3761272451,352.0549098463998,423.04720124857147
1630368000,460.23264506,478.18447507,452.1881078,464.24102272,240099.11572985,210077.43323579725,354.59411528310005,355.06109035159983,429.22934134523825
1630454400,464.08074652,492.83685329,455.19950353,489.98871945,226818.7812015,211287.21038480126,356.61503613065,358.75038553719986,435.7984986428573
1630540800,489.92387088,505.708121,478.37615952,483.76153536,250778.31796544,214247.79084874177,358.76768545670006,362.13600370819984,440.83330549904775
1630627200,483.98333995,501.19968996,473.166,488.72126607,220375.0048406,216912.02122325078,360.8159239467001,365.41444111119984,445.22143572380963
1630713600,488.754997,510.29848188,485.4688716,497.80752111,241052.55200829,221541.48938540477,362.88960145135,368.1805741673998,449.9249122523811
1630800000,497.91217245,520.9985018,463.78510421,505.02025726,206662.31825995,219099.35358712575,364.7840042292,371.14202422299985,454.58840160523823
1630886400,505.12408436,509.5824842,486.81821689,496.36300359,207062.90759822,218382.95755044225,366.54048090770004,374.7633492919998,458.2881911552383
1630972800,496.39276763,506.45839059,365.28508643,418.81010682,573109.14208242,237975.5317669403,368.22106804735006,378.25152750879977,462.51010487428584
1631059200,418.88672732,425.97450365,382.63959976,415.25369685,307280.72175134,240357.83873968926,369.8567812004501,381.7087533561998,466.81689968238106
1631145600,415.17183518,436.09205525,403.12826388,421.28904386,234295.68259349,241135.38337364024,371.63954283475005,385.60327495719974,470.6451634990477
1631232000,421.27109025,439.25145151,393.37040303,401.48088131,237483.7549036,243181.52826923822,373.37817474145004,389.6920902907998,471.4650531790478
1631318400,401.38752822,415.5575823,399.53038253,404.94723816,135483.50705186,242735.86099147523,375.1715319109,393.57591208159977,472.3587678742859
1631404800,404.90617489,421.77032651,397.78358942,416.46782156,164393.48991883,230738.99167055372,377.00980903310005,396.34225784939974,471.881825527143
1631491200,416.53195445,419.58100121,383.5705391,399.35150698,220052.04120907,229814.43991565122,378.7075577455,399.35805699939976,469.3289113052383
1631577600,399.4087052,415.01960269,395.47172088,414.60344571,207312.51304859,227556.2498823427,380.21083023935006,401.92041735419974,467.2199063738097
1631664000,414.54000694,437.1057132,410.26714839,431.4260384,205530.56585266,224142.6699323372,380.63686377360006,404.0813527811998,465.6673671566668
1631750400,431.5001376,433.89282859,415.54309698,424.44787626,180195.06973706,223908.3155389197,381.4435387001,406.1904424923998,460.89061123380964
1631836800,424.52252535,426.10371582,400.5662025,406.60851239,182944.5998438,227923.40896153473,382.07335836405,408.48283973059984,458.1630767961907
1631923200,406.710899,420.11592352,401.66797069,410.96889982,157723.68910561,229073.84977766927,382.74258683275,410.4109275623998,454.72971452619066
1632009600,410.95285954,419.16689295,402.53112135,408.56510783,111879.54257603,225526.6658639013,383.60914062295,412.62223497659977,452.1704504814287
1632096000,408.59338352,410.25305169,354.0774405,363.96697282,235692.73876061,225306.3470154393,384.41785253255,414.9758233825998,447.9747623300001
1632182400,364.06843527,375.87145233,335.28962968,344.11914312,213220.04465221,224626.41018797475,385.24072501570004,417.1846344329998,444.3798743009525
1632268800,344.08059287,381.39482608,342.23504933,379.01808987,198865.44239923,222030.76640966424,386.20375961385,418.9736631613998,440.9713597533334
1632355200,379.12448925,384.82043659,369.1586491,383.77972696,174936.91501158,219758.86191821322,387.23292208645006,420.7405255937998,436.38526068238104
1632441600,383.79951129,385.52379728,333.09425212,355.35344416,265955.28390584,221003.99851309072,388.30182497400006,422.2570416815998,430.66517117761913
1632528000,355.37476328,360.9375298,343.721566,349.94068592,161440.47185874,218742.9061930302,389.0593257178,422.8824665977998,425.3808554833335
1632614400,349.92532309,352.85363933,319.87261013,344.39222013,273811.53191204,222080.3374087212,389.91413323805,423.1529174863998,420.6198169880953
1632700800,344.33736627,357.76278476,335.36563046,335.65069366,147108.12850039,200780.2867296197,390.75333003750006,424.2693561867998,414.26896832571435
1632787200,335.6095805,344.69122307,329.86027762,333.18845568,149326.5625751,192882.57877080768,391.42498258575006,425.2491712743998,407.227690459524
1632873600,333.1135199,375.36455867,331.26861681,367.69780184,320559.18177698,197195.75372998219,392.01830887529997,425.59386642839985,399.57873631047636
1632960000,367.60556831,388.6392038,366.14254244,387.51715013,208502.4627863,195746.6891241172,392.78112487185007,425.74346611299984,391.92576917095255
1633046400,387.56859999,424.37317403,381.71987088,421.65321768,251588.83758745,201551.9556508967,393.50006919505,425.4985783875998,387.8485476880954
1633132800,421.7542648,438.76335611,410.99748254,427.36713071,157223.71485836,201193.4668978732,394.07343462025005,425.36776005919984,385.58398125904773
1633219200,427.31630982,437.68433373,421.85006782,430.74386335,137046.68929151,197043.1993019952,394.35515436855,424.94064698619985,383.97579584333346
1633305600,430.76695818,431.12698473,411.1993935,426.53281808,175156.7011137,195435.40870525068,394.6848419828,424.8527972629999,384.9363832895239
1633392000,426.47164571,445.22857682,424.15782916,442.45290881,189546.10588364,194636.1857067997,394.9124510147001,424.7788260185999,386.0039972204763
1633478400,442.50408852,444.29719758,415.02584331,434.91776731,289265.97670265,200089.7310550792,395.26281523115,425.49532519319985,386.6838087342858
1633564800,435.07475685,450.30371072,423.16148364,438.51165501,223806.74639432,202132.8383826052,395.7207167633,425.8221540969999,387.97815688190485
1633651200,438.49950315,442.30765099,415.6610094,419.25158153,274070.20498866,207950.1641767577,396.34133372210005,426.2540847037999,389.3043217914286
1633737600,419.33675925,426.8191968,415.91646211,421.98144788,134207.6752487,209066.57081039122,397.17803595720005,426.4931897395998,389.4705945966667
1633824000,422.01733786,422.69857986,402.10560986,404.2103127,161825.59254323,205373.21349952221,398.02173049360005,427.0228586469999,390.1402983466667
1633910400,404.00946135,424.0766335,400.04501327,413.25993558,187289.69024935,204076.6957793792,398.82580072975003,427.6893655223999,390.7423492580953
1633996800,413.21862255,444.86067245,392.40930736,444.24171381,485315.81091095,218399.21420496522,399.6516159686,428.5298848575999,391.2667563085715
1634083200,444.22620675,472.20189021,430.99342202,470.7727056,737040.09140418,246504.3730245952,400.54732875265,428.2888198251999,391.0593851119048
1634169600,470.74262809,482.95372513,461.1595712,472.79311217,327415.0857274,249577.3631156732,401.40006456535,427.6266071833999,393.4066690528572
1634256000,472.73760969,482.549625,452.14873931,474.29310646,418060.35435434,262408.3572404532,402.26841018565,426.7260866029999,398.1744105142857
1634342400,474.44586895,484.77755873,459.79074073,465.7,199151.15069125,258675.3381794137,403.08898565410004,426.0098624121999,402.54367793
1634428800,465.6,473.03260659,452.85826492,471.09029352,144552.73592483,258547.56855063568,403.92105338185,424.9014290611999,406.78241055904766
1634515200,470.99339525,487.66190655,464.79575316,485.2,223813.78381221,262271.92961249116,404.69991273265003,424.8792497951999,412.44620400190485
1634601600,485.0483248,497.57442616,479.2228525,488.08079246,231732.57258747,257830.59915301568,405.59581712105,424.26457911719984,417.9585522914286
1634688000,488.1062875,510.53885367,481.32880088,501.4,225474.8330449,258679.21766594565,406.5407365225,424.18659282239986,423.9917938814286
1634774400,501.35829191,505.71149475,460.9,470.99194786,309889.76208317,261594.26389073167,407.54761954815,423.6062335509999,431.1131894214286
1634860800,470.95322219,498.46656717,469.92791283,479.23540224,222613.31615414,264863.7439555207,408.56818913825003,423.29880845279985,438.489014982381
1634947200,479.20650288,485.8684974,471.56775596,485.6271156,119318.68319997,263977.3436509437,409.56445779975,423.39993018619987,444.85578632333335
1635033600,485.56751809,486.8,467.7,475.86220056,111953.9010815,260817.20364933368,410.3359109648,423.95604496919987,448.83077669142864
1635120000,475.76419492,488.85810931,474.49888848,485.08282465,127112.72166731,257695.53443851718,411.17782084665,424.6992245147999,451.57278548
1635206400,485.15465993,489.74357794,473.05802015,478.14958497,132487.72890195,249856.62204848215,411.93037106045,424.3192890829999,454.34707047476195
1635292800,478.19967504,486.86525018,436.57317624,449.0785536,236270.12476143,250479.7909668376,412.67800733025,424.2287664205999,456.4955627228572
1635379200,449.26442789,501.33168129,446.67453758,492.25489661,281287.55968488,250840.65870164862,413.57396879165003,424.1668834111999,459.2836582738096
1635465600,492.387675,534.00900939,487.30155206,530.37139169,277422.78779353,258001.4143288901,414.1832984874,423.72797700019987,460.9834999957143
1635552000,530.33126004,540.95019715,510.52543149,528.68441954,199782.0133315,259899.23536830358,414.73928248055,423.3292283479999,461.65782315238096
1635638400,528.50482544,535.62479907,509.47507943,525.28267043,194913.76094898,260280.4389032851,415.14982667845,422.9649599755999,464.2170251333334
1635724800,525.29493406,552.51742464,510.49872524,551.57123238,244168.78190956,248223.08745321556,415.65371827775,423.5703289111999,469.508444664762
1635811200,551.67573741,564.47711892,537.8468591,554.71718672,240771.34690799,223409.65022840607,415.98622945235,425.11035290639995,474.5895385533334
1635897600,554.80599254,571.20457388,534.4369253,568.76250492,222432.13457063,218160.50267056757,416.1098468536,427.291999863,480.3548889214286
1635984000,568.76248233,569.38274217,543.83338335,559.38704204,209917.31113952,207753.35050982656,415.9980091772,429.8360706276,486.94114115
1636070400,559.19622413,615.6544251,554.53729248,607.96499333,388321.38351118,217211.86215082306,415.83050716254996,432.242779273,492.20187795523816
1636156800,607.96496842,638.48134214,595.13953607,638.39344841,247970.12339861,222382.73152451208,415.49915186875,434.9448474894,496.86805887523815
1636243200,638.34767755,670.7744188,631.45382301,649.90555839,290273.82459368,225705.73356358559,415.3854421067,438.05216108419995,500.99157934523816
1636329600,649.90863789,657.34892829,632.04181062,653.87900054,365235.64369427,232380.88711892563,415.26247091705,441.1353422684,507.3569072914286
1636416000,653.82765344,657.28670585,628.62599188,634.99345691,241501.37239429,233182.21408639514,415.3079877501,443.6945623412,515.580404834762
1636502400,634.9577696,665.38155648,570.71970824,614.94640587,351447.50254417,235260.10110944515,415.53582670065,447.3649046826,524.0954174476192
1636588800,614.94455922,635.55839113,605.68215708,628.96854521,212934.51081844,234776.16084266017,415.80539087729994,452.000603403,532.1277508066668
1636675200,628.8426117,634.74234035,605.11270473,627.22708297,166677.26712685,237144.09003900416,416.1901761081,456.7793365744,539.1235919709525
1636761600,627.17000973,655.30223195,620.23214591,649.80181944,192662.02941193,241179.49645552566,416.7075349856,461.68561442859993,544.5305636790478
1636848000,649.70543352,660.77681053,634.57303428,650.63603451,146528.04898087,242150.26282120365,416.96140446764997,467.1061441104,552.0532587909524
1636934400,650.63605934,659.74040535,628.94841081,634.01113297,159153.12504611,243483.53262841166,417.4897181562499,472.5226893654,559.1004816828572
1637020800,633.88920398,635.91091707,570.9828857,589.48792665,317301.16092111,247535.08443639567,418.23336750759995,477.5216984722,566.9183247228573
1637107200,589.36689627,593,553.6971264,578.20829248,201963.00784535,243568.85684441915,418.77138243135,482.39064559239995,575.2408882442858
1637193600,578.22974944,588.8,515.85392546,531.9593382,244903.23171455,241942.87904047017,419.35994092875,488.27961309799997,582.33271245
1637280000,531.86160724,594.1,524.58363268,581.58757653,219306.37980863,242919.09736432665,419.97658345264995,494.2935200698,587.6345382442857
1637366400,581.6,605.55254432,574.08232518,604.9,145320.72298759,240439.44546625717,420.43351282539993,500.0858983266,593.7835734290477
1637452800,604.87506226,606.1,580.3,584.6,138869.82511259,235174.49762640864,420.83456773669997,505.16264298639993,595.6742611238096
1637539200,584.5801579,586.94948,553.9882027,559.8,160764.44330895,231174.15244645666,421.27188503204997,510.0630397224,598.1131270685715
1637625600,559.75979224,605.8,557.98615878,591.33669953,226834.38722625,231394.26507923767,421.44058500265,513.3482704496,601.7424404238096
1637712000,591.2,594.03687153,577.3,590.8,152660.31583231,228531.41531387717,421.2700160385,517.2296789776001,604.5670751652382
1637798400,590.59351672,647.64553025,587.77095974,639.3,279705.10304763,223100.60129069965,421.05658201779994,520.894614624,604.958921242381
1637884800,639.3,659.00711786,564.57147034,587.94036814,372835.92011583,229343.89112656066,420.60535904234996,524.0392720098,606.7027075666668
1637971200,589.10483427,622.00801241,584.2977018,600.6,183353.51925189,223997.87585947113,420.1287539166,526.6203947427999,607.7521120942858
1638057600,600.56025401,613.64162222,574.2,611.74862812,194472.6960059,215459.72847505263,420.10423218999995,529.9164723718,611.5574910447621
1638144000,611.65990593,628.8351763,602.18435585,624.3,174228.66477478,212096.09309407714,419.766306893,532.8834141956,610.6039374642859
1638230400,624.3,635.6,603.2,622.8,182230.90882475,203635.26340810614,419.39254381704995,536.9710588494,608.804249444762
1638316800,622.7,652.2,618.9,627.8,225619.49637192,204269.51268578012,419.22462441019997,539.959633112,606.9872527652383
1638403200,628,632,605.9,620.5,152275.13190242,203549.40592455864,418.94176522694994,543.5866014814001,605.5787289300001
1638489600,620.5,629.1,575.8,595.9,166900.380663,202261.32348711212,418.82459134584997,547.3819450862001,604.998088124762
1638576000,595.7,596.7,484.1,569.8,411715.71150376,215520.70661325665,418.60431212689997,551.7837388322001,605.6101640357144
1638662400,569.6,583.3,542.1,558,185393.86218584,216832.74347024312,418.24315240934993,555.9745401206001,605.2068999780954
1638748800,558,594.6,534.6,588.7,259223.75941078,213928.87339472663,418.3417290635999,559.6457058444,603.7151341223811
1638835200,588.6,597.1,571.9,579.2,157045.85745471,211683.01587519463,418.6073282222999,562.6402517324001,599.9055236728573
1638921600,579.2,608.2,567.8,607.9,188691.80147916,208872.44436342514,418.7044778058499,565.1023894890001,595.4942839342859
1639008000,607.8,617.3,567.7,570.8,169717.56858552,206393.00380226964,419.0271056000999,567.0125273598001,593.3366109357145
1639094400,570.6,595.7,549.4,552.8,165135.6298744,207383.74914661015,419.3087685898999,568.8585273598001,592.8467096666669
1639180800,552.6,572.9,542.3,564.5,144206.15605434,207650.56569369763,419.72549478109994,571.2107214894,594.2606005009526
1639267200,564.9,575.2,559.1,570.9,111854.84333133,205205.08569481663,420.0332693644999,573.0907214894,596.110155824762
1639353600,570.7,572.4,514.9,521.1,160933.36800782,201910.03473389515,421.1451285259999,575.4871056402001,594.7393188471431
1639440000,521.1,536.5,510.3,528.5,185208.46556081,203537.44222032017,422.12845957704997,576.8751056402001,592.8155093233336
1639526400,528.2,547.2,501.7,541.5,160559.12844416,197580.14349014667,423.39160001289997,578.511266683,592.1631283709526
1639612800,541.2,545.4,524.9,526.2,103924.81315537,184134.58814212366,424.93111853069996,580.2165586382001,590.3202712280954
1639699200,526.2,536.2,510.7,525.9,177109.47401179,183822.38588011864,426.47924092069997,581.9220163262002,587.3280474409526
1639785600,525.9,538.9,516.7,534.3,102559.58785334,179226.73047249066,427.5123169388499,582.8267723150001,584.9804283933335
1639872000,534.3,544.6,527.3,530.2,85924.9862089,174811.54654419664,428.61557596764993,583.6951158220002,579.5947141076192
1639958400,530.1,533.9,506.8,524,114727.27636355,171436.36492113664,429.57193268329996,584.9621241226002,576.6404108628574
1640044800,524,536.1,517.3,529.1,140519.33643367,167181.35692422415,430.32769136329995,586.5045530506002,573.4832680057144
1640131200,528.9,546.1,527.1,533.8,96811.5585458,164408.17825639315,431.3245684805999,587.1774551184001,569.6000000000001
1640217600,533.8,553.4,524.4,549.1,125027.58485623,162314.53846605466,432.506047202,587.2560272846001,564.8238095238097
1640304000,549,554.6,537.7,542.3,92341.59054211,146345.83241797215,433.5075134727499,587.2863388938001,560.361904761905
1640390400,542.4,551,539.6,547.7,60813.22290118,140116.80045373915,434.36765869019996,587.2606854852002,555.8857142857146
1640476800,547.6,550.9,537.3,546.7,67863.83398711,130548.80418255564,435.22764116864994,586.8112608376001,552.4857142857145
1640563200,546.9,571.8,543.3,563.6,108229.79691684,128108.00115566215,435.8705299565,586.3929171032,549.9333333333335
1640649600,563.7,564,528.3,534.3,156154.68941407,126481.14555240764,436.3482161087,585.9996670048001,548.8809523809526
1640736000,534.6,540.9,509.5,514.6,121553.50063225,124072.94215474415,437.03913977345,585.6579261640002,548.3428571428574
1640822400,514.5,528,508.3,518.7,129051.33025019,122268.72717353367,437.75662734045,584.4526262974001,547.1476190476193
1640908800,518.7,529.1,505.9,511.5,127797.72623113,121448.30568237316,438.53330964739996,582.6187573292002,545.009523809524
1640995200,511.4,529.6,511.1,527.7,102867.78534683,120998.95278314815,439.45442235134993,580.8926461614001,540.5666666666668
1641081600,527.6,534.3,518,531.4,96107.33432197,117757.65109885565,440.42875990734996,578.5010661506002,538.0857142857144
1641168000,531.2,533.2,509.8,511.8,105400.34484889,113767.24506325964,441.28394502674996,576.0931970124002,536.1190476190478
1641254400,511.8,521,502.3,506.9,123098.48289839,111894.21278597115,442.3415785932,574.1682688950001,534.3666666666668
1641340800,507,515,457.5,473.8,183263.8288972,115861.16357306266,443.28439482345,571.8188979908002,532.4857142857144
1641427200,474.2,481.7,459,472.8,180562.83608414,116033.83167668016,444.13853632089996,569.8283563314002,532.0428571428573
1641513600,472.7,473.8,437.6,447.9,198572.01135073,120834.45285154965,444.90227769624994,567.4603199426002,531.0142857142858
1641600000,448,459.6,405.1,430,175084.72023779,125292.43955299417,445.60774428339994,564.6835992524002,527.7904761904763
1641686400,430.1,444.8,427.6,438.7,110683.40910982,125090.24619030766,446.41206698524996,562.1413765930002,525.2476190476192
1641772800,438.8,445.9,407,424.9,213186.99597185,128723.62916721667,447.33262211445,559.8276180600002,521.5333333333334
1641859200,425,467.8,421.6,463.6,201917.58655539,133978.93056769617,448.12762552625,557.7194522104003,516.5666666666668
1641945600,463.6,490.5,456.9,488.1,153652.22268699,135410.16245923418,448.97585282025,556.0382654464003,512.209523809524
1642032000,488.1,489.2,468.1,475.3,164470.43912029,139016.6048881432,449.67508675864997,553.0065139158003,507.49047619047633
1642118400,475.3,492.4,469,490.3,150449.70697291,143498.4290917297,450.3438257478,549.6825139158002,504.37142857142874
1642204800,490.3,501.3,485.9,494.9,98456.607,145028.0677423742,451.22866831265003,546.4885139158002,502.1952380952382
1642291200,494.7,506.1,489.2,499,89179.287,144075.5422465322,452.0676656879,544.5645139158001,498.68095238095253
1642377600,499.2,499.3,467.3,475.7,119731.753,142254.3954258287,452.779917701,542.4997799252002,496.20476190476205
1642464000,476,479.7,457.3,471.6,108094.689,141581.45484421618,453.3615779977,540.1897799252002,493.69047619047626
1642550400,472,473.1,453.7,462.3,101994.988,140228.63773170667,454.27472822170006,537.2097799252002,491.41904761904766
1642636800,462.6,478.8,438.8,440.1,194275.892,143552.54602015016,455.31641032705005,535.3489725624003,487.2333333333334
1642723200,440,444.9,377.1,384,246659.569,150742.13520280868,456.23814418560005,533.3169725624002,484.2476190476191
1642809600,384.3,389.2,339,358.3,329736.143,162423.5756367102,457.23958161495005,530.5960000000002,481.75714285714287
1642896000,358.4,388.9,356.7,384.4,187432.297,166525.17324426566,458.2097336556001,527.5420000000003,478.0142857142857
1642982400,384.4,384.4,337.6,371.6,232897.687,172015.13344934618,459.18640246760003,524.3320000000002,471.9428571428572
1643068800,371,388.4,357.8,385.5,151576.325,170430.7582544862,460.1262831426,520.5780000000002,463.8761904761906
1643155200,385.4,402.2,366.8,375.4,163893.454,169597.2891502792,461.04739097385,515.8480000000003,456.8761904761906
1643241600,375.5,393.5,359.8,390.4,163805.183,167858.9477327427,461.86710148919997,511.0960000000003,450.2000000000001
1643328000,390.4,395.7,376.3,386.1,136511.678,165930.29562085317,462.52881295520007,507.38800000000026,444.41904761904766
1643414400,386.2,397.4,381.3,389.4,92555.877,165023.91901536216,462.9383336119,503.6600000000003,439.7333333333334
1643500800,389.4,389.7,372.9,377.6,122634.416,160496.29001676966,463.12946961315,499.59600000000034,435.8095238095239
1643587200,377.5,386,365.9,374.6,118319.722,156316.39678900017,463.41205263345,495.52000000000027,432.8666666666668
1643673600,374.6,388.2,374.1,384.4,114345.115,154351.04140465066,463.718786612,491.17000000000036,430.93333333333345
1643760000,384.4,386.4,366.5,367.2,110367.319,151645.88539863616,464.0603834126,487.47600000000034,428.02380952380963
1643846400,367.2,372.6,359.8,372.4,89432.578,148595.0289499907,464.35627319669993,484.2080000000003,425.62857142857155
1643932800,371.7,399.9,369.8,399.9,151214.718,151232.9344999907,464.69843119419994,480.47000000000037,421.85714285714295
1644019200,399.9,431.4,396.7,414.2,160753.826,154811.66144999067,465.0480885944999,476.5440000000004,416.1
1644105600,414.1,423.3,407.5,420.4,88828.339,153266.49074999068,465.45047626449997,473.81000000000034,411.20000000000005
1644192000,420.3,439.4,413.7,433.7,107759.147,153249.71364999068,465.79171314189995,470.5840000000004,406.8952380952381
1644278400,434.1,445.2,408.1,408.4,149094.238,155604.6761499907,466.0854132733999,467.20200000000034,403.052380952381
1644364800,408.5,428.3,407.5,422.7,96942.471,150738.0050999907,466.49200606809995,464.67600000000033,399.3095238095238
1644451200,422.6,433.6,412.7,416.5,129879.995,144899.0263999907,466.82510861519995,462.44200000000035,397.3095238095238
1644537600,416.1,420.7,398,404.4,95267.765,133175.60749999067,467.17624904494994,460.1640000000004,394.29999999999995
1644624000,404.5,410.2,399.5,408.3,76352.961,127621.6406999907,467.77328495279994,458.2340000000003,392.41428571428565
1644710400,408.4,408.4,395.1,398.1,63276.762,119140.5944499907,468.52196625604995,455.9220000000003,391.2904761904762
1644796800,398.4,404.9,390.8,403.5,76469.563,115385.2563499907,469.1581111254499,453.7940000000003,392.26190476190476
1644883200,403.9,443.1,402.7,432.8,187674.386,116574.3029499907,469.85944057564996,451.4480000000003,394.64285714285717
1644969600,431.9,433.7,422.9,427.4,105111.206,113639.60409999071,470.40397681264994,448.5540000000003,395.2952380952381
1645056000,427.6,431.5,399.9,402.7,113565.761,112492.30824999072,471.0082370143999,445.8740000000003,396.81428571428575
1645142400,402.7,411.2,392.7,399.3,103972.384,113063.13359999072,471.57600143745,442.8820000000003,399.06666666666666
1645228800,399.2,406.7,393.7,399.9,72015.206,110532.1730999907,472.07781106245,440.01800000000026,401.54285714285714
1645315200,399.9,400.2,375.3,380.7,102453.158,109738.84489999068,472.55057797194996,437.40200000000027,402.1285714285714
1645401600,381.1,393.9,355.2,356.8,157322.379,111887.70809999069,472.97104135325,435.2640000000003,402.75714285714275
1645488000,357.3,375.4,349.1,374.4,134189.303,113078.80729999067,473.4027559733999,433.0260000000003,403.25714285714275
1645574400,374.6,384.6,365.5,365.7,104749.014,113844.62909999066,473.9536270823999,430.6380000000003,403.4047619047618
1645660800,365.4,371,323.7,361.4,220812.231,117324.50474999068,474.4269305651999,428.4060000000003,402.5571428571427
1645747200,361.7,377.4,357.3,375.1,106758.145,114624.72069999068,474.7769519301499,425.4660000000003,402.0809523809522
1645833600,375.1,385.9,370.9,373.8,81615.702,114264.08884999067,475.1204689366999,421.97400000000033,402.00952380952367
1645920000,373.9,381.3,357.9,360.2,116969.84,114724.62349999067,475.5039881624499,419.2260000000003,401.4857142857142
1646006400,360.1,398.5,356.1,395.8,138441.519,114191.98754999068,475.7335432995499,416.40200000000027,400.3047619047618
1646092800,396.1,424.4,390.9,408.9,233040.351,120996.88154999066,475.82694986724994,414.1540000000002,398.3809523809523
1646179200,408.7,417.3,403.8,409.5,112479.086,120126.83609999067,475.98664635879993,412.2000000000002,395.5142857142857
1646265600,409,413.5,397.3,402.7,92979.11,120012.40334999065,476.0319633267999,410.71800000000025,393.7095238095237
1646352000,402.4,403.3,372,374.3,96206.517,121005.08114999064,476.1280052763999,409.3220000000002,393.73333333333323
1646438400,374.6,387.4,367.8,384.6,132756.673,124479.07669999063,476.2307847297499,408.46400000000017,393.10476190476186
1646524800,384.5,387.6,372.9,375.1,76027.192,124456.95814999062,476.2393332897498,408.14400000000023,392.44761904761896
1646611200,375.3,387.8,363.3,380.8,142759.948,122211.23624999062,476.08425472799985,407.06200000000024,391.0142857142857
1646697600,380.9,388.2,376.9,381.6,89832.241,121447.2879999906,476.13411343324987,405.3540000000002,389.88571428571424
1646784000,381.4,403.5,381.2,393.5,177706.83,124654.3414499906,476.12348500564985,403.33400000000023,388.79047619047617
1646870400,393.7,394.6,362.7,372.2,212459.158,130078.6801499906,476.12524834059985,401.2200000000002,387.7095238095238
1646956800,372.3,380.5,364.8,371.9,83122.444,130634.04204999059,476.06586050914996,398.82400000000024,385.27142857142854
1647043200,371.4,379.4,371.4,372.3,60069.128,128514.84054999061,475.8575131919499,396.4600000000002,383.65714285714284
1647129600,372,377.1,360.6,361.4,63366.638,123817.05349999058,475.7725510742499,394.5780000000002,382.20476190476194
1647216000,361.4,374.1,359.4,373.4,80355.332,121125.3549499906,475.66562263299994,393.01600000000013,380.90000000000003
1647302400,373.2,374.8,361.7,371.9,65460.342,119160.9213499906,475.41309846724994,391.2140000000001,379.5857142857143
1647388800,372.4,386.9,368,385.6,124681.947,114354.4071499906,475.0456380673999,389.85000000000014,378.6666666666667
1647475200,385.6,393.6,381.8,392.1,84180.316,113225.5156999906,474.7669563587999,389.61600000000016,379.45714285714286
1647561600,392.3,400.9,384.3,397.4,86291.178,113459.2894999906,474.38260063319996,389.67800000000017,379.33809523809526
1647648000,397.6,406.4,395.3,400,93375.57,112279.5759999906,473.7437837263999,389.4580000000002,380.2857142857143
1647734400,399.9,401.1,386.7,390.9,57993.284,108257.1642499906,473.2458753818999,389.4640000000002,381.7476190476191
1647820800,390.9,399.2,385.2,396.2,78645.384,100537.4158999906,472.5352421515499,389.4660000000002,382.8095238095238
1647907200,396,411.9,395.2,404.4,96834.218,99755.1724999906,472.01128004554994,389.80000000000024,384.0571428571428
1647993600,404.3,412,398.4,408.6,70251.727,98618.8033499906,471.3971902277,389.9400000000002,385.5190476190476
1648080000,408.7,417,405.8,414.3,86946.709,98155.81294999059,470.89288248554993,390.21800000000025,385.5380952380952
1648166400,414.1,421.8,406.4,410.5,80622.604,95549.1094999906,470.45266291889993,390.2480000000003,385.3238095238095
1648252800,410.8,416.7,407.9,416.3,49213.103,94208.4050499906,470.1382876523499,390.6200000000003,385.28095238095233
1648339200,416.3,432,412,430.9,73949.313,90767.8732999906,469.81708253874996,391.2160000000003,385.8333333333333
1648425600,430.5,441.3,428.3,430.2,93622.909,90957.4066999906,469.32163894149994,391.7000000000004,387.5571428571428
1648512000,430.6,442.3,429.8,434.4,76784.355,85911.28294999061,468.8838312646999,392.64200000000034,389.06666666666666
1648598400,434.2,449.6,425.5,442.1,109527.99,80764.7245499906,468.4622249343499,393.4040000000004,391.72380952380945
1648684800,441.8,452.4,424.2,429,137073.94,83462.2993499906,468.01618732879984,393.7320000000003,394.0761904761904
1648771200,428.5,448.2,413.9,447.9,137464.072,87332.0465499906,467.5625860424999,394.0660000000004,396.5904761904762
1648857600,447.2,455.2,435.7,437.3,85391.722,88433.3007499906,467.1332710245499,394.26200000000034,398.9047619047618
1648944000,437.5,456.5,432.5,450.2,83022.873,88566.6777999906,467.1207204904499,394.27600000000035,401.60952380952375
1649030400,449.9,450.5,433.8,447.8,81996.085,89393.4649499906,467.1989520061998,394.9500000000004,405.2285714285714
1649116800,447.7,460.2,443.8,444.7,102176.984,88268.2167999906,467.24350678689984,395.07600000000036,408.3238095238095
1649203200,444.3,444.5,418.4,420.2,91022.291,88610.3155499906,467.4081023803499,395.7040000000003,412.552380952381
1649289600,420.6,438.5,417.1,436.3,123069.147,90449.21399999058,467.5938661895499,396.3620000000003,416.0952380952381
1649376000,436.1,441.2,418.8,421.6,80294.863,89795.17864999057,467.65652708174986,397.2000000000004,419.5619047619047
1649462400,421.5,428.1,419.5,426.8,53766.837,89583.85629999058,467.8992695468499,398.19400000000036,421.2095238095238
1649548800,426.9,429.7,417.5,418.1,56517.685,88477.47134999058,468.0127523182999,399.0180000000003,423.31428571428575
1649635200,418.3,419.8,391.5,394.6,87530.288,88012.27484999059,468.1066221262999,398.76600000000036,424.46666666666664
1649721600,395.6,416.9,392.6,413.8,99043.007,89451.83884999059,468.2233827449999,398.9440000000003,425.74285714285713
1649808000,414.1,424.6,410.2,423.3,80431.667,89126.08674999057,468.4138401830499,399.32200000000034,427.0380952380953
1649894400,423.1,427.1,411.4,414.8,59769.911,88083.45209999058,468.4599956839499,399.87200000000024,426.9619047619048
1649980800,414.5,420.3,412.7,417.4,52224.83,88234.03844999059,468.5986701447998,400.2360000000003,427.4095238095238
1650067200,417.5,419,411.4,417.2,45376.246,86805.38509999058,468.8868352806998,400.5140000000003,428.10952380952386
1650153600,417.2,418.2,406,406.8,48471.12,84547.79564999058,469.3002395650998,401.6540000000002,428.1333333333334
1650240000,406.7,418.3,395.9,416.9,88167.012,85116.9284999906,469.49564911574976,402.6320000000003,428.4619047619048
1650326400,417,424.8,414.7,422.5,69840.812,83132.56959999059,469.5497504809498,403.6140000000003,428.50476190476195
1650412800,422.3,431.3,414.9,418.4,84899.876,80523.8663999906,469.8419832601498,404.7340000000003,427.35714285714283
1650499200,418.2,426.3,401.6,404.9,102361.355,78768.73054999059,470.20877983054976,405.57600000000036,426.72380952380956
1650585600,404.7,414,403.6,406.6,84199.232,78709.1060499906,470.56081872989984,406.23600000000033,426.1571428571429
1650672000,406.6,408.4,397.8,401,51908.649,77153.3948499906,470.96956526159977,407.37000000000035,425.02857142857147
1650758400,401.1,405.6,395.1,399,55059.497,75806.5654499906,471.3896229831998,407.9040000000004,423.8809523809524
1650844800,399.1,405.6,382.9,404.4,85018.791,74948.6557999906,471.58513397399975,408.0940000000003,421.91428571428577
1650931200,404.9,407.4,381.2,386.1,91825.059,74988.7941999906,471.73204822334975,408.00200000000035,420.18571428571425
1651017600,385.9,395.3,383.7,391.6,59358.002,71803.2369499906,471.7362821349497,408.0800000000004,417.7476190476191
1651104000,391,408.4,388.8,407.1,140438.252,74810.40639999062,471.69144648139974,408.6140000000004,415.6809523809524
1651190400,407.1,410.6,390.1,392.8,83336.311,76288.88009999061,471.56222716464976,408.9020000000003,412.8904761904763
1651276800,392.9,399.9,377.2,377.3,83890.016,77657.49664999061,471.4625630742498,409.48800000000034,411.5285714285715
1651363200,377.4,391.3,376.5,390,71161.113,76839.03789999061,471.25529853019975,409.5940000000003,410.13809523809533
1651449600,390.1,392.6,382.1,389.4,61760.386,74974.90684999061,471.07570969364974,409.7940000000002,408.76666666666677
1651536000,389.2,392,379.7,383.6,71270.824,74516.86469999062,470.90515141859976,410.06600000000026,406.409523809524
1651622400,383.6,403,382.7,402.4,99636.121,76510.17519999061,470.7393935109498,410.47800000000024,405.0714285714287
1651708800,402.5,413.4,371,378.2,193062.847,83552.07604999062,470.5874862715498,410.5860000000002,404.82380952380964
1651795200,378.1,383.6,370.1,379.1,108745.054,86720.51644999061,470.60193470804984,410.9400000000002,403.38571428571447
1651881600,379.1,380.5,360.3,365.3,107550.283,89674.47459999062,470.4996350301499,411.5000000000002,402.3904761904764
1651968000,365.1,366.5,349.8,355.6,103056.724,90418.9601999906,470.1649264610998,411.70400000000024,400.64761904761923
1652054400,356.1,359.1,295.6,296.2,230933.962,98473.6176999906,469.7610629330999,412.31400000000025,398.82380952380964
1652140800,297.2,332.6,289.7,318.9,225175.673,105487.40754999062,469.3440973722499,412.1660000000002,396.352380952381
1652227200,318.6,322.8,259.2,270.5,326219.754,116680.32749999063,468.89063183994995,411.9060000000002,393.9142857142858
1652313600,271,283.8,207.5,268,449764.75,134958.60339999065,468.5741318399499,411.2640000000002,388.1666666666668
1652400000,268.4,313,264.8,290.2,248900.116,144808.1767499906,468.1096803723499,410.3760000000002,383.23333333333346
1652486400,290.7,298.8,271.6,296.6,145401.974,149325.30059999062,467.57918037234987,408.4820000000002,376.1904761904764
1652572800,296.4,312.6,285.1,312,86987.459,149423.7339999906,466.9652764100499,406.9360000000002,369.67142857142875
1652659200,311.7,311.8,290.1,296.8,90850.644,149375.0132499906,466.2362764100499,404.25800000000027,364.12857142857166
1652745600,297,310.3,295.8,305.9,80562.109,150435.21859999062,465.36231667074986,401.4460000000002,359.157142857143
1652832000,305.8,308.1,286.4,287.2,74825.491,147154.5805499906,464.56063965954985,398.9640000000002,355.0142857142859
1652918400,288.1,308.9,286.6,306.5,84753.622,147225.4460999906,463.4850040815498,396.6860000000002,349.8904761904764
1653004800,306.6,315.5,294.1,302,93587.759,147710.33324999062,462.44569307874985,394.6000000000002,346.07142857142884
1653091200,301.9,313.8,299.1,312.1,78203.872,148062.47119999063,461.4712789554998,391.91800000000023,341.1000000000002
1653177600,312.2,323.3,311.2,319.1,89086.674,149428.78559999063,460.5635310306498,389.43200000000024,336.30952380952397
1653264000,318.9,336.5,315.2,316.8,124246.743,152077.58154999063,459.8781382626498,386.4880000000002,331.98571428571444
1653350400,317,330,311.9,328.1,143621.879,154276.86944999063,458.90086377959983,383.7760000000002,328.8809523809526
1653436800,327.8,337,323.7,325.2,106130.005,149930.22734999063,457.7785068211498,381.2360000000002,325.5047619047621
1653523200,325,331.3,296.1,302.7,170765.583,153031.25379999063,456.5710847234498,378.52000000000015,322.04761904761926
1653609600,302.7,309.4,291.1,301.2,165089.507,155908.21499999065,455.4771713712998,376.1560000000002,319.4047619047621
1653696000,301.5,310.3,296.7,307.5,82303.229,154870.54024999065,454.2293152093997,373.48800000000017,315.7285714285716
1653782400,307.2,307.8,298.6,305.7,68118.194,146729.75184999066,453.01622927579973,371.0940000000002,312.13333333333355
1653868800,305.6,323.8,303.8,321.6,101917.543,140566.84534999068,451.76791675119966,368.7040000000002,308.4238095238098
1653955200,321.3,324.3,313.5,320.7,86913.646,128601.53994999066,450.55498154099973,366.35400000000016,305.67142857142886
1654041600,321,324.1,297.6,300.3,96259.05,110926.25494999066,449.1556565743496,363.6520000000002,303.29523809523835
1654128000,300.3,309.3,297.9,308.2,51625.086,101062.50344999066,447.58968933229966,361.3700000000001,304.5047619047622
1654214400,308.2,309.9,293,298.2,65625.052,97073.65734999065,445.8536615403497,358.94800000000015,304.59047619047647
1654300800,298.4,302.5,294.6,301.2,43452.079,94896.88834999065,444.09026653764965,357.0180000000002,306.00952380952407
1654387200,301.1,302.1,294.9,298.9,54309.008,93069.80654999064,442.45279925309967,355.54000000000013,307.92380952380984
1654473600,299,312.1,288,294.9,148454.15,96464.40859999064,440.9065672237497,353.2700000000002,308.30476190476213
1654560000,294.7,296,273.5,290,167363.865,101091.32729999065,439.3697244976996,350.9680000000002,308.5238095238098
1654646400,289.7,294.5,283.8,288.3,72089.042,100458.09829999064,437.8370890828496,348.6360000000002,307.90000000000026
1654732800,288.4,293.2,286.2,289.6,54333.721,98495.39639999063,436.0895799856496,346.31200000000024,307.809523809524
1654819200,289.5,298.3,282.9,286,118105.263,100490.46594999064,434.3773998130997,343.94600000000025,307.05238095238116
1654905600,286,290.2,265.3,269.6,99350.874,101003.67594999065,432.69834414824965,341.70800000000025,307.1047619047621
1654992000,269.5,271.6,251,254.6,102048.134,99893.74549999065,431.25690451499963,339.17000000000024,306.30000000000024
1655078400,255.3,257.2,213.9,222.6,276862.031,106555.75309999066,429.86036305259967,336.4860000000003,305.5380952380954
1655164800,221.5,230.7,204.5,222.8,209972.539,111747.87979999065,428.6750663615996,333.9100000000003,303.5142857142859
1655251200,222.8,234.1,198.3,233.4,175745.479,111996.87459999064,427.2171284789496,331.53200000000027,300.44285714285735
1655337600,233.2,236.6,207.5,210,124717.039,109978.25119999066,425.63412847894966,328.79200000000026,295.957142857143
1655424000,209.6,221.9,207.5,215.5,104045.531,111065.36629999065,424.15912847894964,325.8640000000003,290.94285714285735
1655510400,215.4,219,183.4,196.7,161182.075,115718.56034999066,422.7901284789496,322.3360000000003,286.5714285714288
1655596800,197,216.9,189.4,214.8,143928.297,117819.09804999064,421.18144498129965,318.7040000000003,282.157142857143
1655683200,214.5,219.2,204.7,216.3,121520.32,119549.43174999063,419.50044498129967,315.65000000000026,278.0761904761907
1655769600,216.1,228.2,213.2,219.9,90958.784,119284.41844999064,417.41694498129965,312.01800000000026,272.80000000000024
1655856000,219.6,220.8,211.1,214.1,80038.058,120705.06704999064,415.5912431405997,308.18600000000026,268.4714285714288
1655942400,214.4,232.1,213.8,228.8,136568.704,124252.24964999063,413.7552431405997,304.2640000000002,263.4571428571431
1656028800,228.9,243.1,228.3,240,74321.257,125795.70854999064,411.74649999999974,301.01400000000024,258.65714285714307
1656115200,240,241.7,229.5,239.5,57970.077,125978.76199999065,409.7024999999997,297.5400000000002,254.55238095238118
1656201600,239.5,245,233.4,233.9,36853.624,120398.73569999065,407.57199999999966,294.15000000000026,250.77142857142883
1656288000,233.8,241,230,233.5,41601.516,114110.61824999066,405.50699999999966,290.7600000000003,248.00000000000023
1656374400,233.5,242.2,225.6,226.7,73784.289,114195.38059999065,403.4859999999997,287.28800000000024,245.06190476190503
1656460800,226.7,229.4,215.3,219.4,79866.085,115471.99879999066,401.6059999999997,284.5240000000002,241.9666666666669
1656547200,219.4,220.5,205.7,219.6,71450.037,113139.23749999066,399.8274999999997,281.73200000000026,239.04285714285737
1656633600,218.3,226.5,213.1,216.5,87122.958,112527.84169999068,398.18149999999963,279.1040000000002,236.02857142857167
1656720000,216.7,219.4,213.5,217.9,45685.923,109709.73114999066,396.43799999999965,276.66200000000026,232.7476190476193
1656806400,217.9,219.9,213.5,218.9,44299.815,98081.62034999067,394.7394999999997,275.2720000000003,229.41428571428597
1656892800,218.8,231.8,214.6,231.1,48842.147,90025.10074999067,392.8694999999997,273.2820000000002,226.1047619047621
1656979200,231.2,236.2,222.8,230.6,59454.402,84210.54689999067,391.18299999999977,272.26400000000024,223.6428571428574
1657065600,230.6,239.6,228.7,238.4,57357.031,80842.54649999065,389.5524999999997,271.2340000000002,221.94285714285738
1657152000,238.4,243.8,235.1,241.4,49216.918,78101.11584999066,387.82699999999966,269.78800000000024,222.3476190476193
1657238400,241.8,247.8,236.6,240.5,60642.375,73074.13084999067,386.07049999999964,268.23400000000026,222.71904761904784
1657324800,240.6,245.1,239.7,243.2,35935.031,67674.46754999066,384.5474999999996,266.6160000000002,222.95714285714308
1657411200,243.1,243.3,231.8,234.5,46982.246,63947.56384999066,382.9944999999996,265.2920000000002,224.45238095238116
1657497600,234.1,234.7,224.7,225.5,44113.591,61605.30419999066,381.3814999999997,263.94200000000023,225.6428571428573
1657584000,225.5,228.1,220.1,220.4,46341.64,59920.483299990665,379.9059999999996,263.02600000000024,227.85714285714306
1657670400,220.4,231.4,216.1,230.3,80819.033,57132.99974999067,378.4294999999996,261.70600000000024,228.7952380952383
1657756800,230.2,240.3,226.9,238.4,56190.189,56226.44634999067,376.94999999999965,260.53000000000026,229.23333333333352
1657843200,238.4,242.4,235.1,238.5,49391.394,55797.51219999067,375.50599999999963,258.97800000000024,229.2571428571431
1657929600,238.7,251.3,233.8,249.7,50179.402,56463.80109999067,374.0884999999996,257.1060000000002,230.02857142857167
1658016000,249.7,255.9,246.4,247.7,55389.166,57153.18359999066,372.65899999999965,255.17800000000025,230.4857142857145
1658102400,247.7,265.6,247.6,264.1,81221.509,57525.044599990666,371.1624999999996,253.22200000000024,230.4142857142859
1658188800,264.2,276.2,256.1,268.6,92555.877,58159.53419999067,369.54449999999963,251.48600000000022,230.90000000000023
1658275200,268.5,272.2,256.9,258.2,74573.647,58315.714699990676,367.93499999999966,250.20200000000023,231.5571428571431
1658361600,258.3,266.1,250.6,265.7,55819.27,56750.53029999067,366.3479999999997,249.1720000000002,233.01428571428593
1658448000,265.6,271.4,261.1,262.5,41847.925,56558.630399990674,364.80649999999963,247.97600000000017,235.00952380952407
1658534400,262.7,272.4,252.9,259.3,57054.644,57196.37184999068,363.18099999999964,247.1440000000002,236.85714285714306
1658620800,259.3,266.2,257,261.5,29410.678,56224.798399990694,361.7579999999996,246.0840000000002,239.05238095238118
1658707200,261.5,262.7,244.5,244.6,42009.97,55352.57679999069,360.42349999999965,244.83400000000023,241.24285714285733
1658793600,244,249.6,239.7,249.6,33349.3,54152.190249990694,359.15049999999957,244.1420000000002,243.21428571428592
1658880000,249.7,271.9,247.7,271.6,77355.287,55559.10869999069,357.9359999999995,243.22800000000018,245.24285714285733
1658966400,272.1,281.5,263.9,277.3,67137.399,55883.85989999069,356.58849999999956,242.45000000000016,245.88571428571447
1659052800,277.4,302,274.9,293.8,125173.468,60345.781749990696,355.25999999999954,241.65600000000012,246.79047619047637
1659139200,294,300.2,285.2,287.8,83025.341,62147.9364999907,354.0134999999996,240.57000000000014,248.37142857142877
1659225600,287.7,296.7,282.3,283.7,60000.302,62942.27204999069,352.7754999999997,239.66400000000016,250.08095238095254
1659312000,283.4,290.5,277.5,283.4,63258.061,63788.0930999907,351.71399999999966,239.29600000000016,252.6190476190478
1659398400,283.3,291.3,274.4,283.9,62809.265,62887.60469999069,350.57299999999964,239.0760000000002,254.7428571428573
1659484800,284,305.8,278.3,297.8,96156.307,64885.91059999069,349.58149999999966,239.1600000000002,257.0857142857144
1659571200,297.5,313.2,297.4,311.8,122537.155,68543.19864999069,348.7894999999997,239.1960000000002,259.84285714285727
1659657600,311.8,321.4,308.4,316,93468.389,70707.64799999069,347.9824999999996,239.4780000000002,262.8666666666668
1659744000,315.6,322.8,312.8,315.2,71150.379,71495.70864999069,347.3269999999996,240.0540000000002,266.0809523809525
1659830400,315.3,325.9,308.5,322.9,60173.746,70443.32049999069,346.4479999999996,241.28000000000017,269.57619047619056
1659916800,323,333.7,321.5,325,81636.138,69897.33354999068,345.42599999999965,242.78000000000017,273.26666666666677
1660003200,325,328.6,312.8,324.6,54687.914,68903.04689999067,344.46649999999966,244.34800000000018,276.3857142857144
1660089600,324.4,336.8,313.8,328.9,101362.802,71180.22349999068,343.4344999999997,246.46800000000013,279.9666666666667
1660176000,329,334.7,322.2,323.8,70549.492,72615.30184999068,342.44899999999967,248.46200000000016,282.8666666666667
1660262400,323.9,328.4,317.9,328.1,50241.743,72274.65679999067,341.5129999999997,250.98600000000016,285.53333333333336
1660348800,328,333,322.9,324.3,49620.853,73285.16554999068,340.7144999999997,253.19000000000014,288.9000000000001
1660435200,324.4,331.2,315.5,317.7,49957.149,73682.52449999067,339.9324999999997,255.35600000000014,291.66666666666674
1660521600,317.6,327.5,314,319.5,56206.921,74825.40554999068,339.23549999999966,257.5360000000001,294.7904761904762
1660608000,319.5,322.4,312,316.2,32983.924,72606.83739999068,338.6599999999996,259.73000000000013,297.88571428571436
1660694400,316.2,325.3,304.4,306.9,53140.983,71907.01659999067,338.36299999999966,261.7160000000002,300.5619047619048
1660780800,307,310.4,295.5,298,46014.552,67949.07079999066,338.2159999999996,263.4020000000002,304.1285714285715
1660867200,297.8,298.1,272.4,279.2,84470.782,68021.34284999066,337.9129999999996,264.9660000000002,307.30000000000007
1660953600,279.3,289.3,277.7,283.7,53792.118,67710.93364999066,337.6954999999996,266.67800000000017,308.9809523809524
1661040000,283.8,304.5,283.5,301.5,76892.979,68392.67954999066,337.3894999999996,268.33200000000016,309.9666666666667
1661126400,301.7,304.8,288.9,300,70677.122,68786.07239999066,337.1009999999996,269.93600000000015,309.27142857142854
1661212800,300,301.5,293.8,299.2,45314.351,66243.97459999067,336.7464999999996,271.50800000000015,309.0761904761905
1661299200,299.3,301.2,294.4,296.3,39794.287,62106.831199990665,336.3969999999996,272.70000000000016,309.9238095238095
1661385600,296.2,307.1,295.9,301.3,50517.087,59959.26609999067,335.9844999999996,274.04400000000015,310.7142857142857
1661472000,300.8,301.8,277.2,279.5,59553.449,59379.41959999067,335.5864999999996,275.7160000000002,311.4428571428572
1661558400,279.3,284.6,273.5,277.8,50189.24,58880.194299990675,335.1094999999996,277.3380000000002,311.37142857142857
1661644800,277.8,283.9,275.6,276.3,40991.976,56847.98619999067,334.60599999999954,278.70000000000016,310.8714285714285
1661731200,276.3,286.6,272.5,285.9,50146.659,56620.92344999067,334.2774999999996,280.0140000000002,309.1333333333333
1661817600,285.9,292.1,276.7,281.6,56289.853,54367.27599999066,333.9154999999996,281.27200000000016,307.3523809523809
1661904000,281.7,289.9,277.8,279.3,44976.986,53088.65069999066,333.4119999999996,282.03400000000016,305.1333333333333
1661990400,279.3,280.3,270.8,278.3,53169.818,53235.05444999066,332.82249999999954,282.78000000000014,303.27142857142854
1662076800,278.4,283.5,269.6,277.4,56889.445,53598.48404999066,332.22699999999963,283.4420000000001,301.22380952380945
1662163200,277.4,278.7,274.4,277.8,20319.129,52116.58304999066,331.4559999999996,284.4700000000001,298.86190476190467
1662249600,277.8,280.6,275.2,279,24702.135,50541.34374999066,330.8029999999996,285.59200000000016,296.69523809523804
1662336000,279.2,281.4,273.4,276.7,31669.67,50475.63104999066,330.07099999999963,286.7700000000001,294.2809523809523
1662422400,276.9,286.1,261.5,262.4,73319.796,51484.57169999066,329.4179999999996,287.73000000000013,292.06666666666655
1662508800,262.2,280.2,259,278.9,56699.774,52018.832799990654,328.8039999999996,288.5100000000001,290.22380952380945
1662595200,278.9,282.7,275.5,280.5,48348.58,50212.722699990656,328.1589999999996,289.2960000000001,288.1857142857142
1662681600,280.5,295.9,280.1,293.5,74841.119,51265.172749990656,327.5599999999996,289.8820000000001,285.6238095238094
1662768000,293.2,298.9,290.6,296.7,39765.756,49408.81159999066,326.9294999999996,290.4620000000001,284.2904761904761
1662854400,296.8,298.1,290.2,295.4,31569.754,47453.44319999065,326.1544999999996,290.4280000000001,283.4571428571428
1662940800,295.2,299.9,290.9,294.1,54419.77,47908.71414999066,325.41249999999957,290.6340000000001,284.13809523809516
1663027200,294.1,298.3,275.1,277.5,79676.045,49902.802049990656,324.7824999999996,291.0800000000001,284.75714285714275
1663113600,277.3,282.6,273.2,279.5,45457.854,49649.84039999066,324.09799999999956,291.63600000000014,284.4666666666665
1663200000,279.4,280.5,264.3,271,56916.672,49518.00154999066,323.49299999999954,292.3200000000001,284.1857142857142
1663286400,271,276.5,268.4,274.8,49788.984,49497.98874999066,322.99199999999956,293.04200000000014,283.15238095238084
1663372800,274.7,279.8,274.5,279.1,27226.582,48809.71904999066,322.6754999999996,293.69400000000013,282.3523809523808
1663459200,279.1,280.1,263.6,266.3,38906.026,48247.68739999066,322.2869999999996,294.3520000000001,280.9095238095237
1663545600,266.4,273,256.7,272,82815.991,49573.99429999066,321.93549999999965,294.95000000000016,280.6857142857142
1663632000,272.2,273.5,265.3,266.3,55372.382,50093.76409999066,321.59899999999965,294.93800000000016,280.74761904761897
1663718400,266.3,276.4,258,264.2,84954.561,51683.00124999066,321.11099999999965,294.8880000000001,280.2714285714285
1663804800,263.9,276.5,263.6,275.3,65009.535,52089.00574999066,320.63949999999966,294.5940000000001,279.6095238095237
1663891200,275.3,277.7,269.1,276.6,64277.222,54286.910399990666,320.19349999999963,294.1640000000001,278.88095238095224
1663977600,276.6,285.6,274.4,274.5,69600.645,56531.83589999067,319.58849999999967,293.93000000000006,278.1619047619046
1664064000,274.5,279.7,271.1,274.3,38448.126,56870.75869999067,318.9394999999997,293.5880000000001,278.01904761904746
1664150400,274.1,276.8,271,276.1,42339.909,55321.76434999066,318.22349999999966,293.1940000000001,277.9809523809522
1664236800,276.2,286.7,266.6,272.3,89168.038,56945.177549990665,317.56999999999965,292.744,277.8238095238094
1664323200,272.2,284.9,266.4,281.5,68818.437,57968.67039999065,317.0299999999996,292.04,277.59999999999985
1664409600,281.4,285.6,277.2,284.2,76248.488,58039.038849990655,316.42799999999966,291.21000000000004,277.57142857142844
1664496000,284.4,290.3,280.4,284.8,67688.552,59435.178649990645,315.92899999999963,290.392,278.042857142857
1664582400,284.6,285.4,278,282.9,37453.038,59729.342849990644,315.4079999999996,289.456,278.1666666666665
1664668800,282.8,287.8,279.5,284.7,38112.695,58913.98909999065,314.87249999999966,288.40200000000004,278.342857142857
1664755200,284.9,289.1,283.7,287.1,48259.658,57343.16974999065,314.27649999999966,287.54,277.9285714285713
1664841600,287.1,299,286.1,296.3,53191.879,57729.87099999065,313.79599999999965,286.646,277.27142857142843
1664928000,296.3,296.7,288,294.2,44223.682,57095.22149999065,313.29799999999966,285.86600000000004,276.7619047619046
1665014400,294.2,298,278.8,286.9,100349.324,59623.23849999065,312.8439999999997,284.962,276.4285714285713
1665100800,287,287,279.2,282.3,75220.238,62022.92129999065,312.4579999999997,284.17,277.32380952380936
1665187200,282.2,282.7,275.4,276.4,27762.461,61465.74304999064,312.0149999999997,283.55800000000005,278.02380952380935
1665273600,276.4,279.4,275.1,278.3,24173.005,58533.59374999064,311.5699999999997,283.094,278.7809523809522
1665360000,278.2,279.2,271.1,271.5,33778.429,57453.89609999064,311.06549999999964,282.65400000000005,279.138095238095
1665446400,271.5,273.9,267.5,271.3,31418.706,54777.10334999064,310.54049999999967,282.254,279.00952380952356
1665532800,271.4,272.8,269.3,270.9,24324.521,52742.852649990644,310.0349999999997,281.94,279.58095238095217
1665619200,270.9,273.7,255,271.7,73951.807,53226.58189999064,309.5059999999997,281.884,279.55714285714265
1665705600,271.8,277.1,267.7,269.5,42075.368,51850.318049990645,308.9859999999997,281.776,279.7952380952379
1665792000,269.6,271.4,267.6,268.2,18776.578,50866.740649990636,308.4164999999997,281.176,280.1142857142855
1665878400,268.2,274,268,272.5,21657.142,49832.60229999064,307.7764999999997,280.60200000000003,279.94285714285684
1665964800,272.6,276,269.7,275.6,27618.596,46755.130199990635,307.1249999999997,280.036,279.60476190476163
1666051200,275.8,276,270.1,273.2,30288.225,44828.619599990634,306.4109999999997,279.54400000000004,279.3047619047617
1666137600,273.1,273.8,270.4,271.9,19735.821,42002.98624999063,305.71499999999975,278.908,279.2190476190474
1666224000,271.9,273.6,267.6,269,31409.385,40189.02789999063,304.9879999999997,278.68199999999996,279.19523809523787
1666310400,269,271.2,263.4,270.1,28903.061,39761.529049990626,304.1919999999998,278.57599999999996,279.23809523809496
1666396800,270.2,271.1,268.4,270.4,16722.804,38692.03449999063,303.38849999999974,278.562,278.78095238095216
1666483200,270.4,277.1,268.8,276,25000.433,37529.07324999063,302.5574999999997,278.308,278.05714285714265
1666569600,275.9,277.2,271.7,274.1,26181.437,36178.55114999063,301.7094999999997,278.114,277.35714285714266
1666656000,274.1,290.1,272.1,284.3,71000.743,37517.40419999063,300.9424999999997,277.908,276.7619047619045
1666742400,284.6,292.2,284.3,290.4,60649.417,35532.40884999063,300.0689999999997,277.744,276.3476190476188
1666828800,290.1,293.3,284.6,286.8,45857.483,34064.27109999063,299.2419999999997,277.604,275.7285714285712
1666915200,286.7,301,285.8,298,70754.535,36213.87479999063,298.3359999999997,277.568,275.1571428571426
1667001600,298,308.5,289.8,304.6,106484.49,40329.44904999063,297.44749999999965,277.47,274.9761904761902
1667088000,304.6,318.9,302.4,313.6,127998.214,45040.43829999063,296.5759999999997,277.622,274.9714285714283
1667174400,313.6,337.8,306.8,325.7,201668.703,53552.93814999063,295.8549999999996,278.182,275.7190476190474
1667260800,325.5,334.5,317.4,323.8,83214.175,56497.42084999064,295.04399999999964,278.34,277.0619047619045
1667347200,323.9,329.7,315.6,320.2,90354.09,57317.53499999064,294.3574999999996,278.69,278.7428571428569
1667433600,320.2,338.4,318.2,329.6,114348.389,60931.18604999063,293.6754999999996,278.91200000000003,281.32380952380925
1667520000,329.6,359.1,328.4,354.7,125484.717,66266.59299999064,293.0189999999996,279.25,283.82380952380925
1667606400,354.8,361,346.3,349.2,57490.504,68058.26109999063,292.5359999999996,279.856,286.17142857142835
1667692800,349.3,355.7,337.9,338.1,75505.853,70452.62394999064,291.9899999999996,280.45,288.92857142857116
1667779200,338,344.4,326.7,336.6,112832.821,74579.85374999062,291.44149999999956,281.30400000000003,292.98571428571404
1667865600,336.4,397.9,298.1,327.3,433118.328,95248.97909999063,290.9959999999996,282.30600000000004,296.8428571428569
1667952000,327.9,333,260.9,266.5,287607.322,108058.87594999063,290.52799999999957,283.98,299.9666666666664
1668038400,266.1,311.8,262.8,303.2,242151.074,118721.27659999063,290.04299999999955,285.468,302.8714285714283
1668124800,303.4,305.1,277.9,289.1,108943.178,123332.29529999061,289.6569999999995,286.648,305.4476190476188
1668211200,289,293,270.8,282.3,107048.01,127434.67414999059,289.3459999999995,288.05400000000003,305.19047619047586
1668297600,282.3,286,272.8,276.1,65977.598,129424.48219999061,288.9794999999995,289.16,306.8190476190473
1668384000,275.9,291.6,267.1,278.5,90879.953,130418.44269999063,288.57799999999946,289.16400000000004,307.7238095238092
1668470400,278.4,282,270,276.6,66984.684,130735.20604999064,288.2364999999995,289.9440000000001,308.2904761904759
1668556800,276.6,279.9,264.7,271.5,62766.197,131580.64174999064,287.83999999999946,290.22,308.29523809523783
1668643200,271.7,273,263.2,267.7,54820.551,130783.94254999064,287.16749999999945,290.33400000000006,308.5047619047616
1668729600,267.7,274.5,267.4,273.7,41351.8,127527.3080499906,286.68849999999946,290.36600000000004,308.13809523809493
1668816000,273.6,274.3,266.2,272.2,27373.925,122496.09359999059,286.11199999999945,290.45000000000005,307.23809523809496
1668902400,272,273.5,261.6,263.9,33016.939,114063.50539999056,285.59299999999945,290.4600000000001,306.32857142857114
1668988800,263.8,264.5,249.7,253.7,79926.694,113899.13134999058,285.01549999999946,290.4440000000001,305.1714285714283
1669075200,253.7,266.9,251.8,266.2,48532.885,111808.07109999059,284.3724999999994,290.16800000000006,303.62857142857115
1669161600,266.4,301,264.7,298.6,156110.413,113896.17229999059,283.7914999999994,289.9580000000001,301.2619047619045
1669248000,298.5,303.7,294,300,74996.037,111371.73829999058,283.2624999999995,289.7060000000001,297.8333333333331
1669334400,300,305.7,294.3,300.6,66208.315,111807.62884999058,282.6509999999995,289.3260000000001,295.0904761904759
1669420800,300.6,317.6,299.9,311.2,90007.299,112532.70114999058,282.0724999999995,288.7060000000001,294.0619047619045
1669507200,311.3,316.8,306.3,307.5,43245.514,109053.33579999057,281.51549999999946,288.2880000000001,292.65238095238067
1669593600,307.5,309.3,287.6,293.4,79643.072,91379.57299999057,280.82299999999947,288.3340000000001,290.07619047619016
1669680000,293.4,305.1,288.8,295.3,60629.787,80030.69624999058,280.20049999999947,288.4500000000001,288.26666666666637
1669766400,295.3,305.6,293,300.6,62072.376,71026.76134999057,279.6359999999995,288.7240000000001,286.8095238095235
1669852800,300.5,301.9,290.1,292.3,100423.196,70600.76224999057,279.30249999999955,289.30200000000013,284.75238095238063
1669939200,292.3,293.9,285.4,293.5,48754.881,67686.10579999056,279.02449999999953,289.9240000000001,283.2285714285711
1670025600,293.5,294.5,289.1,290.6,37893.409,66281.89634999057,279.0464999999995,290.2260000000001,284.85238095238066
1670112000,290.5,292.7,287.9,291.9,41014.828,63788.64009999057,279.0079999999995,290.7020000000001,284.3333333333331
1670198400,291.9,297.6,286,288.6,32480.061,62063.40894999057,279.1929999999995,291.2880000000001,284.54285714285686
1670284800,288.6,290.8,286.7,290.2,27300.953,60290.14674999057,279.3199999999995,291.7160000000001,284.93809523809495
1670371200,290.2,290.8,281.4,284.2,38293.305,59463.78444999057,279.3454999999995,292.1520000000001,285.6904761904759
1670457600,284.2,292.1,282.5,290.5,31326.343,58962.511599990576,279.36549999999954,292.5740000000001,286.17142857142835
1670544000,290.5,291.8,284.7,286,24832.77,58835.453849990576,279.2669999999995,293.0480000000001,286.81904761904735
1670630400,286.1,289.7,285.9,288.2,19208.17,58145.01539999057,279.2504999999994,293.3700000000001,287.42380952380927
1670716800,288.3,291.9,283.5,284.5,23696.495,55333.50544999058,279.17399999999947,293.6620000000001,288.50952380952356
1670803200,284.5,285.7,272.1,276.1,96232.565,57718.48944999058,279.1974999999995,293.8820000000001,289.09523809523785
1670889600,276.1,281.9,253.7,272,203502.95,60088.11629999058,279.10799999999944,294.2540000000001,289.8571428571426
1670976000,271.8,278.2,265.4,267.7,73079.349,59992.28189999057,279.0489999999994,294.5940000000001,290.838095238095
1671062400,267.9,268.1,256.5,258.8,56220.501,59492.89119999057,278.9094999999994,294.9560000000001,291.90476190476164
1671148800,258.8,264.4,225.4,231.2,134843.856,61734.71904999056,278.76649999999944,295.2380000000001,292.1809523809521
1671235200,231.2,244.8,220.1,242.3,112536.158,65199.251249990564,278.61249999999944,295.2400000000001,290.70952380952355
1671321600,242.3,253.8,239.6,251.2,70808.681,64757.53169999058,278.4129999999995,295.1980000000001,288.7476190476188
1671408000,251.3,253.3,237.1,240.5,49688.934,64210.48904999057,278.2094999999995,294.86600000000016,285.4428571428569
1671494400,240.4,252.8,239.4,251.5,34744.426,62844.09154999057,278.07649999999944,294.23400000000015,282.1619047619045
1671580800,251.4,251.6,245.4,246.1,20750.954,58860.47944999057,277.93049999999954,293.1220000000001,279.48095238095215
1671667200,246,248.2,240.3,245.8,35550.327,58200.251749990566,277.7314999999995,292.00800000000015,276.9619047619045
1671753600,245.8,248.5,243.9,246.1,19893.241,57300.24334999056,277.49699999999956,290.9400000000001,274.8761904761902
1671840000,246.1,246.2,243.5,244.7,14048.565,55951.93019999056,277.0449999999995,289.4780000000001,272.2809523809521
1671926400,244.7,245.7,241.5,243.1,15039.933,55079.92379999056,276.6529999999995,287.99400000000014,270.0666666666664
1672012800,243.2,244.7,242,244.2,15709.439,54500.34809999056,276.4074999999995,286.44000000000017,267.8095238095235
1672099200,244.7,248.3,242.3,246.5,26911.681,53931.26689999057,276.06899999999945,284.95200000000017,265.62380952380926
1672185600,246.5,247,241.6,244.4,31272.68,53928.583749990576,275.83549999999946,283.28200000000015,263.2999999999997
1672272000,244.4,246.7,243.4,246.2,24158.349,53894.86269999057,275.55999999999943,281.0820000000001,261.185714285714
1672358400,246.2,246.5,242.5,245.6,26225.135,54245.71094999057,275.29449999999946,278.9600000000001,259.10476190476163
1672444800,245.7,247.8,244.8,246.1,21007.203,54111.246349990564,275.0504999999995,277.0820000000001,257.20952380952355
1672531200,246.2,246.4,243.3,244.3,18755.29,50237.38259999057,274.8239999999995,275.2800000000001,255.0999999999997
1672617600,244.3,247.8,240.8,245.3,23715.864,41248.028299990576,274.5979999999995,273.6220000000001,253.17619047619021
1672704000,245.1,246.9,244.3,246,20091.477,38598.63469999057,274.3709999999995,273.2160000000001,251.1714285714283
1672790400,246,261,245.5,258.9,58261.409,38700.68009999057,274.1734999999995,272.06400000000014,249.25714285714258
1672876800,258.9,259,255,256.5,22249.438,33070.95919999057,274.04749999999945,271.2040000000001,247.7904761904759
1672963200,256.6,260.4,254.4,259.9,22984.209,28593.361749990563,274.0054999999995,270.44400000000013,246.55238095238067
1673049600,259.9,263.7,259.5,261.3,16110.55,25858.455199990563,274.1204999999994,269.8280000000001,246.13333333333304
1673136000,261.4,276.4,260.3,274.8,31150.292,24931.523099990565,274.2369999999994,269.1780000000001,246.02380952380923
1673222400,275.1,283.7,271.3,272.6,43869.752,25387.789399990565,274.2914999999994,268.82400000000007,247.39047619047588
1673308800,272.6,278.6,270.5,277.3,25077.763,25604.12984999056,274.46799999999945,268.5240000000001,248.29523809523778
1673395200,277.3,286.2,274.4,284.8,25093.643,25081.295649990563,274.6204999999995,268.3680000000001,249.41904761904732
1673481600,284.9,289.6,278.7,287.8,40913.365,26132.301849990563,274.93149999999946,268.1200000000001,250.94761904761876
1673568000,288,295.9,285,293.8,34602.767,27160.011949990563,275.1399999999994,268.17200000000014,252.17619047619021
1673654400,293.5,314.4,293.4,305.3,71990.909,30007.560749990564,275.35799999999944,268.3460000000001,254.01904761904729
1673740800,305.4,306,292.1,302.3,29499.55,30697.066299990565,275.5649999999995,268.81800000000004,256.0190476190473
1673827200,302.2,308.3,293,299.1,29614.345,30832.199499990566,275.8684999999995,269.19000000000005,258.2904761904759
1673913600,299.1,305.8,296.2,299.4,22897.822,30413.456599990564,276.08749999999947,268.9740000000001,261.1761904761902
1674000000,299.5,305.3,281.5,286.8,50804.249,31745.75159999056,276.27399999999943,268.8500000000001,263.99523809523777
1674086400,287.1,295.4,286.3,294.7,16420.931,31255.541399990558,276.5004999999994,268.9440000000001,266.6095238095235
1674172800,294.8,305.7,286.7,305.2,43575.284,32383.94544999056,276.76999999999947,268.7660000000001,269.12857142857115
1674259200,305.3,310.1,298.7,299.2,60418.056,34467.083749990554,277.07149999999945,268.598,271.1476190476188
1674345600,299.1,311.6,298.3,303.1,32191.26,34890.853549990556,277.4644999999995,268.718,273.45714285714257
1674432000,303.1,307.7,301.4,305.2,28488.561,35310.70774999056,277.87899999999945,268.548,276.29523809523783
1674518400,305.2,323.5,298.5,300.4,63931.183,35594.19644999056,278.27649999999943,268.43000000000006,278.82380952380925
1674604800,300.1,313.9,293.4,306.9,45211.738,36742.311449990564,278.69099999999946,268.68800000000005,281.62380952380926
1674691200,307.2,309.6,302.3,304.8,28750.27,37030.61449999056,279.03549999999944,268.802,284.4761904761902
1674777600,305.1,310.7,299.5,308.1,29316.979,37690.93594999056,279.4144999999994,269.052,287.0666666666664
1674864000,308,313.5,303.8,306.3,27817.06,37524.27434999056,279.78499999999946,269.31800000000004,289.3523809523807
1674950400,306.3,320.6,305,317.2,49112.558,37786.41464999056,280.1279999999995,269.55400000000003,291.6523809523807
1675036800,317.2,320.8,301.1,307.1,43874.306,38726.24179999056,280.45149999999944,269.88800000000003,293.9476190476188
1675123200,307.2,314.3,305.5,312.1,38699.228,39406.52104999056,280.77049999999946,270.3,296.09047619047595
1675209600,312.1,319.5,306,317,36179.73,39169.839299990555,281.0699999999995,270.652,298.1095238095236
1675296000,317,334.3,316.4,323.6,72530.141,41066.207999990555,281.38849999999945,271.058,299.7523809523807
1675382400,324.3,335.3,318.6,332.3,67765.891,40854.957099990555,281.73999999999944,271.638,301.4095238095236
1675468800,332.2,334,327.2,330.5,24690.077,40614.483449990556,282.1529999999994,272.09,302.9428571428569
1675555200,330.5,337.7,324.2,327.8,40203.098,41143.92109999056,282.58249999999936,272.81,304.64761904761883
1675641600,327.8,331.6,321.4,324.3,28862.042,41442.13209999056,283.01699999999937,273.71,306.48095238095215
1675728000,324.2,333.8,323.5,333.1,29493.367,40376.58799999056,283.3604999999994,274.828,307.6809523809522
1675814400,333.2,336,324.1,328.2,26725.926,40891.83774999056,283.7284999999994,276.29799999999994,308.8952380952379
1675900800,328.4,329.2,301.4,306.2,47634.133,41094.780199990564,284.06499999999943,278.28399999999993,310.0952380952379
1675987200,306.2,309.3,302.6,305.9,32531.314,39700.44309999056,284.44449999999944,279.9939999999999,311.6999999999998
1676073600,305.9,311.5,305.3,310.5,20500.058,39115.88299999056,284.7854999999994,281.45599999999996,313.67142857142835
1676160000,310.5,321.1,306.3,312.7,39453.212,39664.11554999056,285.0949999999994,283.30799999999994,314.21904761904744
1676246400,312.7,315.6,283.2,294.5,161757.541,44555.43344999056,285.4429999999994,284.8419999999999,314.25238095238075
1676332800,294.5,301.6,290.2,296.3,53943.636,44992.02834999056,285.7359999999994,286.0439999999999,314.79047619047594
1676419200,296.1,317.8,294.2,317.4,54652.456,46287.13764999056,286.0889999999994,287.2459999999999,315.2476190476188
1676505600,317.7,327.7,303.9,304.3,81468.427,48894.71004999056,286.4334999999994,288.53399999999993,314.73809523809496
1676592000,303.8,317.3,302.9,313.2,49739.31,49990.82254999055,286.6569999999994,289.8939999999999,314.5428571428569
1676678400,313,319,313,316.6,29280.151,48999.202199990556,286.9634999999994,290.9219999999999,315.0428571428569
1676764800,316.6,319.5,310.8,311.5,31568.69,48383.92139999055,287.26799999999946,291.9639999999999,315.0190476190474
1676851200,311.9,320.1,308.7,315.5,49877.609,48942.84044999055,287.47349999999943,293.38199999999995,315.26190476190453
1676937600,315.4,317.4,309.6,311.6,38494.614,49058.58464999056,287.55949999999945,294.5799999999999,315.75238095238075
1677024000,311.6,312.9,303.5,312.5,34514.776,47157.81639999055,287.57199999999943,295.9199999999999,315.48095238095215
1677110400,312.6,315.3,305.5,308.4,27957.939,45167.418799990555,287.71999999999946,297.34,315.8809523809522
1677196800,308.4,312.1,298.7,302.3,30570.598,45461.444849990556,287.82299999999947,298.64799999999997,315.85714285714266
1677283200,302.2,303.1,295.6,302.4,23689.541,44635.76699999055,287.9719999999995,300.07199999999995,315.6428571428569
1677369600,302.4,309.9,300.7,308.7,18824.282,44133.87899999055,288.1354999999995,301.39799999999997,314.9190476190474
1677456000,308.7,309.7,300.3,304.8,26817.263,44000.073799990554,288.2039999999995,302.72799999999995,313.49047619047593
1677542400,304.6,305.7,300,301.4,21112.558,43719.40539999055,288.22249999999946,303.71799999999996,312.1523809523807
1677628800,301.4,306.7,300.4,302.8,28379.566,42756.677049990554,288.20049999999947,304.63399999999996,311.2428571428569
1677715200,302.7,304.2,296,299.9,23052.085,42282.71559999055,288.18699999999944,305.4839999999999,310.31428571428546
1677801600,299.9,300,285.4,290.9,59040.766,44209.750999990545,288.11449999999945,306.43199999999996,308.8047619047617
1677888000,290.3,293.2,285.9,289.6,20689.652,43271.572999990545,288.0009999999994,307.0319999999999,307.59523809523785
1677974400,289.5,292.8,287.6,288.8,17217.076,36044.54974999055,287.8899999999994,307.60799999999995,307.2952380952379
1678060800,288.7,289.7,283.5,288,26984.856,34696.61074999055,287.7889999999994,308.11799999999994,306.58095238095217
1678147200,288.1,290.3,283.8,289.3,30543.588,33491.167349990545,287.6939999999994,308.4199999999999,305.58571428571406
1678233600,289.4,293.9,285.1,287,38478.727,31341.68234999054,287.56049999999937,308.4819999999999,304.4476190476188
1678320000,287.1,291.3,271.5,276.9,51861.01,31447.76734999054,287.45299999999935,308.3979999999999,304.138095238095
1678406400,276.9,279,264.8,278.4,66057.826,33286.651099990544,287.36399999999935,308.0679999999999,303.8047619047617
1678492800,278.4,284.7,275.6,279.5,44067.435,33911.58834999055,287.2209999999994,307.7819999999999,302.3571428571426
1678579200,279.3,292.7,278,291.4,43371.237,33586.26974999055,287.0879999999994,307.58599999999996,301.0523809523807
1678665600,292.1,315.4,288,309.3,132729.021,38297.990099990544,286.9974999999993,307.33799999999997,299.39523809523786
1678752000,309.5,321.1,303.9,309.5,97241.278,41434.315199990546,286.94749999999937,307.14,297.62857142857115
1678838400,309.5,314.3,300.1,307.5,48975.935,42485.21499999055,286.99799999999937,306.81399999999996,296.6714285714283
1678924800,307.2,333.6,304,330.1,150442.48,48478.80909999055,287.0144999999994,306.29999999999995,296.3761904761902
1679011200,330,340.9,326.8,339.7,102574.453,52423.05469999055,286.8914999999994,306.1439999999999,296.2761904761902
1679097600,339.7,347,328.9,331.9,62141.507,54588.91594999055,286.7834999999994,306.2679999999999,296.03809523809497
1679184000,332,342.9,331.3,337.5,51934.28,55844.76679999055,286.6849999999994,306.3539999999999,297.07142857142827
1679270400,337.7,340.5,332.5,333.5,53133.804,57445.82909999056,286.6604999999994,306.4959999999999,298.85238095238066
1679356800,333.5,340.8,328.6,335.4,47857.89,58419.74529999054,286.70049999999935,306.9599999999999,300.2571428571425
1679443200,335.4,340.2,316.7,321.8,134004.764,63967.37924999055,286.8504999999994,307.6579999999999,301.6285714285711
1679529600,321.7,332.8,319.7,329.9,45590.624,63294.872149990544,286.9989999999994,308.1339999999999,302.99523809523777
1679616000,330,330.8,317.1,322.4,33778.767,63949.327899990545,287.2679999999994,308.75799999999987,304.6142857142854
1679702400,322.4,325.4,319.1,322.7,28667.568,64521.852499990535,287.5369999999994,309.0839999999999,305.5190476190473
1679788800,322.6,329.8,322,328.9,17747.179,64059.968649990544,287.78849999999943,309.64999999999986,306.9476190476188
1679875200,328.7,329.8,305.3,310.7,71657.121,66115.64529999055,288.07949999999937,309.8439999999999,308.4476190476188
1679961600,310.7,315.7,306.7,313.4,65955.593,67489.48859999054,288.35549999999944,310.1019999999999,310.02380952380923
1680048000,313.5,319.9,312.3,313.7,54237.525,67608.31434999054,288.6454999999994,310.0779999999999,311.933333333333
1680134400,313.8,320.8,310,316.2,54041.954,67007.52074999052,288.86549999999943,309.8859999999999,313.0142857142854
1680220800,316.2,320.4,312.4,316.9,35068.689,66557.58344999052,289.1199999999994,309.8539999999999,314.1619047619045
1680307200,317.1,319.4,313.4,315,43181.193,66548.08124999053,289.3484999999994,309.51199999999994,315.43333333333305
1680393600,315,316.3,310.5,314,20984.248,60960.84259999052,289.6499999999994,309.2939999999999,317.30476190476156
1680480000,313.8,314.8,299.4,308.8,46425.174,58420.03739999053,289.8999999999994,308.9059999999999,319.13809523809493
1680566400,308.8,312.7,308.1,310.8,28960.493,57419.265299990526,290.0509999999994,308.66599999999994,320.8285714285711
1680652800,310.8,318.1,310.2,314,28993.293,51346.80594999053,290.1504999999994,308.8799999999999,321.9047619047616
1680739200,314.1,315.3,310.5,312.4,24082.154,47422.190999990526,290.23549999999943,309.0619999999999,321.88095238095207
1680825600,312.4,312.9,309.5,310.6,12387.763,44934.50379999053,290.33949999999936,309.1319999999999,321.94285714285684
1680912000,310.6,313,310.3,310.8,10272.455,42851.41254999053,290.4534999999994,309.0539999999999,322.25238095238063
1680998400,310.8,313.9,309.4,312.9,13065.08,40847.976349990524,290.6409999999994,309.37999999999994,321.40952380952353
1681084800,312.9,318.8,311.6,318.7,28362.306,39873.19714999052,290.81349999999946,309.7339999999999,320.02380952380923
1681171200,318.9,334.8,317.3,322.7,55430.589,35944.48839999053,291.00249999999943,309.63399999999996,319.01904761904734
1681257600,322.8,323.9,316.9,320.1,27084.992,35019.20679999053,291.18249999999944,309.76,317.84761904761876
1681344000,320.2,326.2,318,324.9,35746.618,35117.59934999053,291.3569999999994,309.712,317.1428571428568
1681430400,325,336,323.6,329.2,48745.357,36121.488799990526,291.5874999999994,309.638,316.53809523809497
1681516800,329.1,336.3,327.2,333.4,34227.377,36945.49869999052,291.7804999999994,309.782,316.45714285714257
1681603200,333.3,352.2,330.4,347.9,69392.864,36832.28584999052,292.0029999999995,309.926,316.2190476190473
1681689600,347.9,350.7,337.6,340.1,43894.13,35729.21269999052,292.24649999999946,310.096,316.5428571428568
1681776000,340.1,346.7,337.3,343.2,47271.805,35380.92669999052,292.4634999999994,310.344,317.05238095238064
1681862400,343,344,320.6,322.6,53713.301,35364.49404999052,292.6939999999994,310.76,317.9571428571425
1681948800,322.5,326.9,315.2,318.1,32744.757,35248.29744999052,292.9219999999994,311.382,319.35714285714255
1682035200,318,333.1,315.5,321.3,86007.272,37389.60139999052,293.17499999999944,312.29200000000003,320.7761904761902
1682121600,321.3,333.4,320,332.3,45650.003,38622.88914999052,293.4404999999994,312.92,321.1999999999997
1682208000,332.2,332.4,327.3,330.7,31097.014,37856.48114999052,293.7459999999994,313.688,321.2904761904759
1682294400,330.6,334.2,327.3,331.3,39088.542,38362.88359999052,294.0779999999994,314.112,321.49999999999966
1682380800,331.3,340,328.4,338.4,40773.383,38951.88809999052,294.3574999999994,314.418,322.3238095238092
1682467200,338.6,345.8,322.9,330.7,74040.656,41449.81319999052,294.64949999999936,314.846,323.11904761904725
1682553600,330.5,337.5,328.4,330.9,50061.904,43333.52024999052,294.8479999999994,315.674,324.19047619047586
1682640000,331.2,331.4,318,324.3,88252.327,47232.51384999052,295.01499999999936,316.4959999999999,325.50476190476155
1682726400,324.4,325,321.5,322.1,18562.279,47507.37379999053,295.18599999999935,317.34599999999995,326.2999999999997
1682812800,322.1,339.1,320.5,337.7,63945.573,49286.53714999052,295.36599999999936,318.3539999999999,327.180952380952
1682899200,338,340,325.7,328.6,89229.491,50976.48224999053,295.5484999999993,319.18199999999996,327.833333333333
1682985600,328.4,328.7,321.3,321.9,52252.301,52234.847699990525,295.77049999999934,320.05999999999995,328.3714285714282
1683072000,321.9,328,320.3,326.1,72351.517,54065.09264999053,296.0509999999993,321.0079999999999,329.55238095238064
1683158400,326.2,328.5,323.4,324.2,31191.644,53187.40699999053,296.3224999999993,321.88199999999995,330.0238095238092
1683244800,324.3,329.6,323,327.1,44746.425,53713.35939999053,296.58549999999934,323.04599999999994,329.9857142857139
1683331200,326.9,329.5,320.1,323.2,27304.77,51608.95469999053,296.8494999999993,323.78999999999996,330.2714285714282
1683417600,323.2,326.5,322.1,322.8,24575.717,50643.03404999052,297.1034999999993,324.0419999999999,330.2380952380949
1683504000,322.3,324.5,312.3,315.3,44777.492,50518.318399990516,297.4374999999993,324.37399999999997,330.13809523809493
1683590400,315.2,317.9,311.7,312.9,27753.023,49220.304499990525,297.7219999999993,324.70799999999997,329.65238095238067
1683676800,312.9,317.3,306.4,314.8,43173.347,49741.73399999052,297.9839999999993,324.64799999999997,328.45714285714257
1683763200,314.7,315,299.5,307.7,41632.071,47522.97394999052,298.27349999999933,324.318,327.27619047619015
1683849600,307.9,309.3,300.9,308.7,48231.195,47652.03354999052,298.5319999999993,324.13599999999997,325.83333333333303
1683936000,308.8,312.7,307.7,310.9,22275.728,47210.96924999052,298.7894999999993,323.69199999999995,325.46190476190446
1684022400,310.9,314.8,309.6,312.3,25092.447,46511.16449999052,299.03949999999935,323.2799999999999,324.96666666666636
1684108800,312.3,316.9,310.8,313.5,27788.386,45861.91464999052,299.2939999999993,322.86799999999994,324.36666666666633
1684195200,313.6,314.1,309.3,311.5,22184.577,43269.11069999052,299.52549999999934,322.58599999999996,323.34761904761876
1684281600,311.5,314.7,307.4,314.3,25939.277,42062.97934999052,299.73949999999934,322.1619999999999,322.47142857142825
1684368000,314.5,314.8,305.7,309.3,28136.653,39057.19564999052,299.9614999999994,321.93199999999996,321.62380952380926
1684454400,309.4,312.1,307.8,309.1,18928.498,39075.50659999052,300.1199999999993,321.72399999999993,320.3428571428569
1684540800,309,312.2,308,310.8,11244.75,36440.46544999052,300.2929999999993,321.41599999999994,319.5619047619045
1684627200,310.8,312,305.9,306.5,17146.931,32836.33744999052,300.4259999999993,321.43199999999996,318.5333333333331
1684713600,306.5,311.2,304.6,309.3,23000.572,31373.750999990523,300.53549999999933,321.44999999999993,317.80952380952357
1684800000,309.2,315.7,309.2,313.5,26011.949,29056.772599990527,300.6689999999993,321.3619999999999,317.2714285714283
1684886400,313.5,313.6,303.6,306,30322.663,29013.32354999053,300.73649999999935,321.2199999999999,315.78571428571405
1684972800,306,307,302.1,304.7,26797.051,28115.854849990526,300.78499999999934,321.0979999999999,314.86666666666633
1685059200,304.8,308.9,301.8,307,38228.622,28662.047449990525,300.76349999999934,320.9279999999999,314.46666666666636
1685145600,307.1,308.1,303.7,307.7,15406.799,28203.601549990526,300.6804999999993,320.8339999999999,313.50952380952356
1685232000,307.8,315,307,314.3,34967.488,27713.10134999053,300.6154999999993,320.9279999999999,312.5809523809521
1685318400,314.6,317.1,310.5,311.8,34671.481,28059.02424999053,300.54699999999934,320.8319999999999,311.62380952380926
1685404800,311.9,314.4,311,311.6,26871.439,27243.928849990527,300.44549999999936,320.6459999999999,310.885714285714
1685491200,311.5,312,304.8,306.8,37165.272,27020.588899990526,300.23949999999934,320.5379999999999,310.4809523809521
1685577600,306.9,307.8,303.2,305,24020.624,25810.060349990526,300.02349999999933,320.4799999999999,310.31428571428546
1685664000,305.1,308.6,302.6,307.4,23212.654,25856.906649990524,299.8564999999993,320.5499999999999,310.2523809523807
1685750400,307.4,308.3,305,306.7,13196.267,25262.097649990526,299.7084999999994,320.5279999999999,309.87142857142834
1685836800,306.7,307.7,304.8,305.1,22856.818,25015.519249990524,299.6104999999993,320.3859999999999,309.7428571428569
1685923200,305,305.2,272.3,277,108346.582,29323.619499990524,299.8494999999993,320.0679999999999,309.68095238095214
1686009600,277.2,286,273.3,281.3,80531.049,32053.208099990523,299.89249999999936,319.7659999999999,309.48095238095215
1686096000,281.4,282.1,253.9,259.4,149252.961,38109.02349999052,300.00499999999937,319.41599999999994,309.13809523809493
1686182400,259.3,267.5,257.3,262.1,81632.044,41244.20079999052,300.1274999999994,318.9659999999999,307.39999999999975
1686268800,262.1,264.6,255.8,260.6,56009.848,43482.45569999052,300.27199999999937,318.3999999999999,305.9619047619045
1686355200,260.7,260.7,229.9,239,248193.699,55034.794099990526,300.4164999999993,316.9819999999999,303.3476190476188
1686441600,238.7,239.6,233.7,235.4,44674.296,56118.48029999053,300.5669999999993,315.8059999999999,301.09999999999974
1686528000,235.5,239.3,220.6,231.3,231463.218,66391.04374999052,300.73499999999933,314.12999999999994,298.79047619047594
1686614400,231.3,246.1,228.9,244.2,161051.166,72927.46889999052,300.7814999999993,312.9199999999999,295.37142857142834
1686700800,244.2,253,233.5,237.9,135345.998,78354.91624999052,300.81949999999927,311.7699999999999,291.98571428571404
1686787200,237.7,240.6,230,236.3,60083.751,79447.67269999052,300.7554999999993,310.12399999999997,288.2714285714283
1686873600,236.3,243.5,232.2,239.3,64785.763,81916.62089999052,300.7464999999993,308.1859999999999,284.9714285714283
1686960000,239.4,249.5,237.3,244.6,50321.553,82684.32414999053,300.78099999999927,306.198,281.7285714285712
1687046400,244.6,248.7,242.4,244.1,37752.388,82838.36949999053,300.6449999999993,304.45599999999996,278.4714285714283
1687132800,243.9,244.8,238.6,243,54165.532,84203.07414999053,300.32899999999927,302.44599999999997,275.2476190476188
1687219200,242.9,248.1,238.1,247.8,61720.06,85430.81354999053,299.9854999999993,300.558,272.2428571428569
1687305600,247.9,254.6,245.3,248.9,87439.696,88601.76714999053,299.7034999999993,298.726,268.89999999999975
1687392000,248.9,257,239.5,241,70911.991,90986.73399999052,299.3369999999993,297.13199999999995,265.62380952380926
1687478400,240.9,250.2,239.8,244.6,54849.123,93069.37679999051,298.9809999999993,295.572,262.58571428571406
1687564800,244.5,248.8,230.9,236.5,73628.015,95607.93664999052,298.7104999999993,293.678,259.82857142857114
1687651200,236.6,242.2,235.3,239,36470.641,92014.13959999052,298.45699999999925,292.06199999999995,256.7809523809521
1687737600,239,241.4,233.9,236.1,35992.513,89787.21279999052,298.1744999999993,290.602,253.7904761904759
1687824000,236.2,241.1,234.6,237.5,28396.46,83744.38774999052,297.92799999999926,288.9,250.44761904761876
1687910400,237.6,237.7,224.6,230.6,47629.589,82044.26499999051,297.69949999999926,287.30799999999994,247.29999999999976
1687996800,230.8,236.6,230.5,233.1,25430.416,80515.2933999905,297.49099999999925,285.4959999999999,245.35238095238068
1688083200,233.1,241.9,230.7,240.4,55276.082,70869.4125499905,297.2364999999993,283.81199999999995,243.26666666666634
1688169600,240.5,249,240.2,247.9,75677.051,72419.5502999905,297.01649999999927,282.078,241.8952380952378
1688256000,247.9,248.4,243.1,246.5,44613.982,63077.08849999051,296.7479999999993,280.52199999999993,240.51428571428536
1688342400,246.6,254.9,245.1,246.5,74334.882,58741.27429999052,296.52199999999925,278.876,239.55238095238062
1688428800,246.6,246.9,240.8,242.5,31849.299,53566.43934999051,296.24999999999926,277.24199999999996,239.97619047619017
1688515200,242.5,243.9,236.4,238.9,28572.685,51990.88604999051,296.00749999999925,275.8959999999999,240.5047619047616
1688601600,238.9,244.9,231.6,232.4,40034.727,50753.33424999051,295.7194999999993,274.6799999999999,241.22857142857114
1688688000,232.3,236.3,231.4,235.7,29585.222,49716.51769999051,295.4624999999993,273.3919999999999,241.14761904761872
1688774400,235.6,237.6,234.5,236.3,21962.896,48927.04309999051,295.28399999999925,272.0759999999999,241.19523809523776
1688860800,236.4,237.2,233.1,234.2,15482.716,46992.90229999051,295.16349999999926,270.6559999999999,241.0095238095235
1688947200,234.2,248.3,231.8,246.2,89523.564,48383.077499990504,295.05749999999927,269.2039999999999,240.83809523809492
1689033600,246.3,249.4,244.8,248.7,47343.929,46378.2891499905,294.99599999999924,267.5659999999999,240.44285714285684
1689120000,248.7,250.6,242.6,244,44906.371,45078.008149990506,295.0524999999992,266.0939999999999,239.97142857142825
1689206400,244,257.9,242.9,256.4,56388.619,45154.9829499905,295.0354999999993,264.6379999999999,240.1238095238092
1689292800,256.3,261.8,243.8,248.2,73613.009,45154.232649990496,294.9414999999992,263.10599999999994,240.16666666666637
1689379200,248.2,252.5,247.3,251.1,34701.55,45065.77809999049,294.9174999999992,261.8999999999999,239.933333333333
1689465600,251.2,252.1,242.3,242.5,35796.15,45055.959949990494,294.84149999999926,260.68799999999993,240.66666666666632
1689552000,242.5,244.9,240.2,244.3,64460.167,46859.1452999905,294.78199999999924,259.29799999999994,240.83809523809492
1689638400,244.3,246.6,237.4,240.3,55318.208,47243.576249990496,294.78399999999925,258.3059999999999,241.53333333333302
1689724800,240.3,244.1,239.9,241,27085.373,47326.324099990496,294.79699999999923,257.17599999999993,241.69999999999968
1689811200,241,245.1,240.1,242.8,24608.805,45792.9602499905,294.7934999999992,256.05799999999994,242.09047619047593
1689897600,242.8,245.3,242.2,243.8,21048.699,43061.5426499905,294.8599999999992,254.75399999999993,242.22380952380922
1689984000,243.8,244.9,240.1,241.1,10835.606,41372.6238499905,294.8799999999992,253.35399999999993,242.7190476190473
1690070400,241.3,244.2,240.7,242.5,11297.186,38220.7390499905,294.90299999999917,251.92399999999995,243.18095238095208
1690156800,242.5,243.1,235.6,239,25182.478,37887.397999990506,294.89349999999916,250.51199999999994,243.34285714285684
1690243200,239,239.8,236.4,237.8,19312.854,37424.40644999051,294.88399999999916,249.23199999999997,243.01904761904734
1690329600,237.8,240.4,236.6,239.1,15197.085,36182.524349990505,294.8574999999992,248.00799999999995,242.82857142857114
1690416000,239.1,244.4,238.5,240.7,28901.811,36148.35379999051,294.8319999999992,246.68199999999996,242.4714285714283
1690502400,240.7,243.3,239.9,242,19101.367,36005.27734999051,294.8244999999992,245.39799999999997,242.24761904761877
1690588800,242,243,241.3,242.6,7647.068,35613.494949990505,294.8169999999992,244.07599999999994,242.25714285714258
1690675200,242.7,243.8,240.2,242.6,13205.731,31797.603299990507,294.7924999999992,243.29199999999997,242.6523809523807
1690761600,242.6,244.5,240.4,241,20077.05,30434.25934999051,294.71049999999923,242.44799999999995,242.95238095238065
1690848000,241,247.9,237.7,247.8,69822.689,31680.075249990507,294.6229999999992,242.07399999999996,243.25238095238066
1690934400,248.1,248.9,235.8,240.6,41271.968,30924.242699990507,294.5124999999992,241.67199999999997,243.6523809523807
1691020800,240.6,241.9,238.2,241,20163.798,28251.782149990508,294.4014999999992,241.31199999999993,243.40476190476164
1691107200,241,243.4,240.4,241.6,16240.363,27328.722799990508,294.2309999999992,241.38399999999993,243.36190476190453
1691193600,241.5,243.1,239.8,243.1,11787.251,26128.277849990503,294.07799999999924,241.49599999999995,243.19999999999973
1691280000,243.1,245.2,242.6,242.9,15216.37,23666.087999990505,293.9044999999992,241.82599999999994,242.4666666666664
1691366400,242.9,244.5,239.5,241.9,19524.531,21876.404149990507,293.69349999999923,241.75399999999993,242.1523809523807
1691452800,241.9,248,241.3,245.1,20849.685,21564.619749990503,293.4594999999992,241.81599999999995,241.77142857142832
1691539200,245.2,245.6,242.5,243.8,17196.755,21194.017249990506,293.22949999999923,241.92199999999997,241.7904761904759
1691625600,243.8,244,240.3,241.3,13175.464,20800.355499990503,292.9059999999992,241.998,241.67619047619016
1691712000,241.3,242,238,239.6,15129.426,21015.0464999905,292.5994999999992,241.96399999999997,241.9047619047616
1691798400,239.6,241.2,239.3,240.2,8551.77,20877.775699990503,292.3119999999992,241.92,242.0380952380949
1691884800,240.2,241.8,239.8,240.1,12551.086,20246.206099990504,292.03049999999917,241.96200000000002,241.96666666666633
1691971200,240,243.3,239.4,240.4,15346.055,20047.866149990507,291.8109999999992,241.882,241.76666666666634
1692057600,240.3,240.6,234.2,236.7,25335.853,20554.804549990506,291.54699999999923,241.73,241.72380952380917
1692144000,236.6,237.1,230.6,231.8,25821.455,20400.786749990504,291.24649999999923,241.70199999999997,241.60952380952347
1692230400,231.7,232.2,212.9,218.1,57149.801,22303.208449990507,290.9694999999992,241.61399999999998,241.67619047619013
1692316800,217.9,220.4,213.5,216,50511.653,24446.437699990503,290.6604999999992,241.68599999999998,241.62380952380914
1692403200,216,219.2,213.8,216.9,21938.596,24883.080949990504,290.3324999999992,241.71399999999997,241.2761904761901
1692489600,216.8,218,215.3,216.6,12501.929,24504.324899990504,290.0314999999992,241.726,240.19999999999965
1692576000,216.6,217,206.8,210.4,58563.721,23941.376499990503,289.69749999999925,241.61199999999997,238.96190476190435
1692662400,210.4,212.6,203.6,210.9,56175.726,24686.564399990508,289.37549999999925,241.36199999999997,237.73809523809484
1692748800,210.9,218.6,210.8,216.6,45657.383,25961.24364999051,289.0184999999993,241.01999999999995,236.4999999999996
1692835200,216.7,221,215.6,218.9,30222.874,26660.369199990506,288.6459999999992,240.54999999999995,235.04285714285677
1692921600,219,219.4,213.8,218.4,27568.744,27449.443849990505,288.1504999999992,239.92399999999995,233.28571428571394
1693008000,218.4,219,215.8,216.5,17478.775,27562.564099990508,287.69499999999925,239.20199999999994,232.1428571428568
1693094400,216.4,219.7,215.9,218.3,14435.388,27308.10694999051,287.21899999999926,238.48999999999992,231.09047619047587
1693180800,218.4,219.3,215.4,218.7,19711.986,27251.22199999051,286.71699999999925,237.9719999999999,229.98571428571398
1693267200,218.7,234.8,216.9,227,46777.475,28730.257999990507,286.15099999999927,237.5719999999999,228.7190476190473
1693353600,227,227.3,221.8,223.9,20878.036,29115.386599990503,285.54399999999924,237.2919999999999,227.5476190476187
1693440000,223.8,226.2,214.7,216.6,25228.751,29620.352849990508,284.97449999999924,236.90799999999987,226.4428571428568
1693526400,216.6,218.2,211.1,213.6,29931.932,30689.360949990507,284.4299999999992,236.54799999999992,225.58095238095203
1693612800,213.7,215.7,213.2,214.5,16538.063,30888.709799990505,283.9004999999992,236.23799999999991,224.63333333333298
1693699200,214.5,215.6,213.3,214.3,12877.797,30765.296899990506,283.31749999999926,235.8539999999999,223.45714285714251
1693785600,214.3,216.5,213.1,215.2,26376.513,30817.329899990506,282.7679999999993,235.35799999999992,222.2190476190473
1693872000,215.2,216,213.3,214.5,19260.031,30489.258699990507,282.3304999999993,234.80999999999992,220.99523809523777
1693958400,214.5,217.8,212.2,215.2,17477.357,28505.636499990505,281.9359999999993,233.95399999999995,219.76666666666634
1694044800,215.2,217.9,213.5,217.1,24688.683,27214.487999990506,281.5029999999993,233.27999999999992,218.5666666666663
1694131200,217.2,218.7,213.3,214.6,19313.328,27083.224599990506,281.0224999999993,232.5439999999999,217.50952380952344
1694217600,214.6,215.3,214.2,214.2,9167.546,26916.5054499905,280.6179999999993,231.99799999999993,216.7190476190473
1694304000,214.2,214.2,211.3,212.3,20237.817,25000.2102499905,280.2089999999993,231.4019999999999,216.67142857142824
1694390400,212.3,212.6,203.9,206.1,37627.087,24072.7782999905,279.69349999999935,230.89999999999992,216.60476190476155
1694476800,206.1,214.2,205.1,210.7,33765.927,23478.2054999905,279.24799999999937,230.4219999999999,216.47619047619014
1694563200,210.8,213.3,209.5,212.6,22653.077,23099.7156499905,278.7544999999993,229.85799999999992,216.2714285714282
1694649600,212.6,215.1,211,212.3,25937.87,23018.171949990498,278.2474999999993,229.26599999999988,216.06666666666635
1694736000,212.3,215.1,211.1,214.1,21436.573,23216.061849990496,277.77549999999934,228.68999999999988,216.0571428571425
1694822400,214.2,215.8,213.5,214.8,24935.729,23741.078899990498,277.2709999999993,227.9619999999999,215.86666666666636
1694908800,214.9,216.8,213.5,216.5,28110.522,24161.0056999905,276.7839999999993,227.3959999999999,215.55238095238062
1694995200,216.4,221.3,215.2,216,36235.988,23633.9313499905,276.28299999999933,226.8919999999999,215.3476190476187
1695081600,216,220.1,215.5,217.3,22912.158,23735.6374499905,275.7714999999993,226.35599999999988,215.26666666666628
1695168000,217.2,218,213.3,214.4,18938.866,23421.143199990496,275.31349999999935,225.8239999999999,215.18095238095205
1695254400,214.4,215.1,209.4,210.8,24494.733,23149.283249990498,274.86449999999934,225.27999999999992,215.05238095238062
1695340800,210.8,212.3,209.8,211.1,15340.957,23089.427949990495,274.3824999999993,224.75799999999992,214.59047619047584
1695427200,211.1,211.6,209.8,210.6,7940.267,22842.551449990493,273.92899999999935,224.2259999999999,214.13809523809488
1695513600,210.6,211.4,207.2,208.4,9888.22,22018.136799990494,273.49599999999936,223.75199999999992,213.86190476190438
1695600000,208.2,210.7,206.9,210,19945.426,22052.40654999049,273.0644999999993,223.08399999999995,213.74285714285676
1695686400,210,214.6,209.8,212.5,22332.039,22295.14064999049,272.6449999999993,222.48799999999991,213.5571428571425
1695772800,212.5,216.1,210.5,212,22185.849,22169.998949990488,272.2769999999993,221.88999999999993,213.2761904761901
1695859200,212,217.1,211.5,215.1,20987.854,22253.72524999049,271.90099999999927,221.26999999999992,213.02857142857107
1695945600,215.1,217.6,214.3,215.2,15271.582,22558.92704999049,271.5109999999993,220.57599999999994,212.93333333333297
1696032000,215.2,216.5,211.5,214.7,15263.421,22310.20724999049,271.12649999999934,219.91799999999992,212.78095238095202
1696118400,214.6,220.6,213.3,218.2,27517.928,21804.74929999049,270.7329999999993,219.32999999999993,212.6857142857139
1696204800,218.3,221.6,212.7,214.6,34406.198,21836.76284999049,270.3399999999993,218.66799999999995,212.71428571428538
1696291200,214.7,215.9,212.6,213.4,20415.035,21724.860749990487,270.0054999999993,218.09399999999994,212.7380952380949
1696377600,213.3,213.8,210.8,213.4,17502.622,21303.098349990487,269.6759999999993,217.57199999999995,213.01904761904729
1696464000,213.4,214.2,210.2,210.6,28140.303,21638.284849990487,269.3384999999993,217.0739999999999,213.42380952380915
1696550400,210.6,215.3,210.1,213.4,16743.334,21228.66509999049,268.95699999999937,216.6339999999999,213.55238095238062
1696636800,213.4,213.9,211.6,212.3,10945.488,20370.413399990488,268.48649999999935,216.1239999999999,213.59047619047584
1696723200,212.3,212.9,209,211.4,12549.787,19186.103349990488,268.01249999999936,215.58399999999992,213.50952380952344
1696809600,211.4,212.2,202.5,205.9,24844.291,19282.70999999049,267.56599999999935,215.1179999999999,213.47619047619014
1696896000,205.9,213,205.6,208.6,44496.235,20560.57844999049,266.98849999999936,214.6939999999999,213.35714285714252
1696982400,208.6,208.8,204.4,206.6,27122.571,20691.97034999049,266.35699999999935,214.59999999999988,213.11428571428536
1697068800,206.5,207,203.1,205.2,21571.021,21003.47354999049,265.7644999999994,214.52599999999993,212.63333333333298
1697155200,205.2,208.1,204.4,206.1,12827.202,21247.82029999049,265.12999999999937,214.4159999999999,212.2190476190473
1697241600,206.1,207.2,205.5,206.6,12255.413,21366.179949990492,264.52949999999936,214.20199999999988,211.84761904761868
1697328000,206.6,212.3,206.4,209.9,31480.232,21942.920249990493,263.91399999999936,214.1659999999999,211.58095238095203
1697414400,209.8,221.4,209.8,214.8,39339.254,22793.280999990493,263.36199999999934,214.07999999999993,211.3428571428568
1697500800,214.9,215.1,209.3,211.5,22937.768,22830.876949990496,262.74199999999934,213.8519999999999,211.1523809523806
1697587200,211.5,214.6,210,210.4,18138.987,22688.433599990494,262.1729999999994,213.59599999999992,211.22380952380917
1697673600,210.3,211.8,208.3,211.3,26255.297,23237.6193499905,261.5924999999994,213.35999999999993,211.4523809523806
1697760000,211.3,216.9,210.7,212.2,29970.894,23972.9929999905,260.97399999999936,213.22799999999992,211.40476190476156
1697846400,212.2,215.8,211.5,214.3,19085.87,23551.390099990498,260.45099999999934,213.15799999999987,211.3285714285711
1697932800,214.3,218.2,213.7,217.9,15787.961,22620.4782499905,259.91699999999935,213.0139999999999,211.14761904761872
1698019200,217.9,232.2,217.1,228.7,65504.524,24874.9526999905,259.3979999999994,212.6819999999999,211.00476190476158
1698105600,228.9,237.6,221.6,225.2,71259.364,27562.789799990504,258.8909999999994,212.4299999999999,210.98571428571393
1698192000,225.2,229.3,221.7,222.1,34387.828,27875.166049990505,258.36399999999935,212.3419999999999,210.97142857142822
1698278400,222.1,228.1,219.4,223.3,36733.368,28874.667749990505,257.8409999999993,212.3559999999999,211.6428571428568
1698364800,223.2,231.7,220.1,224.4,59639.49,31309.367849990504,257.32749999999936,212.42399999999995,212.20476190476157
1698451200,224.4,228.9,224.3,225.7,23963.663,31880.0616499905,256.84449999999936,212.71199999999993,212.61904761904728
1698537600,225.6,228.3,223.9,227.1,16446.109,31460.152549990504,256.36199999999934,212.91199999999992,213.22380952380917
1698624000,227.2,229.5,224.7,228.2,20352.485,30252.965049990504,255.88149999999936,213.06399999999994,213.74761904761868
1698710400,228.1,229.4,224.1,226.4,30974.349,30445.553949990506,255.46299999999934,213.2259999999999,214.3857142857139
1698796800,226.4,229.8,222.5,228.1,31867.146,30960.360199990508,255.03599999999932,213.37199999999993,215.13333333333298
1698883200,228.3,233.8,227.7,231.8,46162.816,32627.140899990503,254.59249999999935,213.59399999999994,216.19523809523776
1698969600,231.8,232.5,225.8,230.4,40188.043,34023.7723999905,254.14449999999934,213.85199999999998,217.04285714285683
1699056000,230.4,238.8,229.6,237.3,33657.212,34132.6213999905,253.67299999999935,214.16999999999996,218.06666666666635
1699142400,237.4,245.8,236.5,244.2,55879.812,34959.64929999051,253.18799999999933,214.57599999999994,219.33333333333303
1699228800,244.1,255.7,241.8,255.2,70348.656,37330.1936999905,252.72299999999933,214.92399999999998,220.4904761904759
1699315200,255.3,255.7,242.4,246.3,51987.738,39022.6312499905,252.23949999999934,215.308,221.95238095238065
1699401600,246.2,248.4,244.1,246.7,52309.421,40325.337449990504,251.72549999999939,215.66999999999996,223.58571428571395
1699488000,246.4,255.8,241.3,251.6,76724.179,42663.001699990506,251.19899999999936,216.134,225.5095238095235
1699574400,251.4,258.4,248.4,251.2,53558.674,44386.64189999051,250.61849999999936,216.72199999999998,227.16666666666632
1699660800,251.1,255.1,246.3,251.6,39712.554,45582.87154999051,250.06999999999937,217.49599999999995,228.89523809523774
1699747200,251.6,252,244.8,247.5,29232.157,43769.253199990504,249.54049999999938,218.10199999999995,230.81428571428535
1699833600,247.5,250.2,240.8,241.2,38312.327,42121.90134999051,249.14849999999936,218.68999999999994,232.6714285714282
1699920000,241.1,249.4,234.2,242.2,51676.825,42986.35119999051,248.8339999999994,219.43399999999994,234.44761904761867
1700006400,242.2,254.8,242.2,254,72967.086,44798.03709999051,248.4589999999994,220.24199999999993,235.85714285714252
1700092800,253.9,255.8,240.2,242.6,50508.44,44341.484599990516,248.03099999999938,221.05199999999994,236.4523809523806
1700179200,242.7,245.9,238.5,244.9,37854.74,45036.03844999052,247.63549999999938,221.78999999999996,237.26190476190442
1700265600,244.9,245.4,238.8,244.9,23578.612,45392.66359999051,247.2349999999994,222.44599999999994,238.78095238095207
1700352000,245,247.1,242.1,246.6,20159.535,45383.01609999051,246.80099999999936,223.08999999999992,239.69999999999965
1700438400,246.7,268.4,238.8,253.2,123692.477,50018.92249999051,246.3849999999994,223.91999999999993,240.67619047619016
1700524800,253.2,274.2,222.3,225.7,390146.314,67932.88089999052,245.9364999999994,224.53199999999993,241.59047619047587
1700611200,225.4,238.5,224.9,236.2,143769.28,72813.20409999051,245.5259999999994,225.12799999999993,242.51904761904729
1700697600,236.3,239.2,230.4,233.8,57000.838,73653.8438499905,245.18549999999942,225.72199999999992,243.7095238095235
1700784000,233.8,236.9,231.8,232.8,48280.933,74385.0298999905,244.7099999999994,226.35999999999993,243.67619047619016
1700870400,232.9,235.8,232.5,234.5,29961.541,73089.11634999051,244.2914999999994,227.0599999999999,244.06190476190443
1700956800,234.5,234.5,228.3,231.8,22180.497,70680.7083999905,243.9064999999994,227.2819999999999,244.15714285714253
1701043200,231.9,232.9,222.6,227.3,57549.672,70958.80509999051,243.5089999999994,227.7379999999999,244.2714285714282
1701129600,227.3,232,224.4,229.6,35903.577,70138.51289999051,243.15399999999943,228.1459999999999,244.13809523809488
1701216000,229.7,231.3,225.6,227.3,32282.182,67916.41304999051,242.64699999999942,228.58999999999992,243.54761904761867
1701302400,227.3,229.2,226,227.6,29811.761,66729.06739999051,242.21199999999942,229.01199999999994,242.21904761904722
1701388800,227.7,230.2,227.1,228.5,31156.994,66301.2893999905,241.76699999999943,229.4019999999999,241.42380952380913
1701475200,228.5,230.4,225.9,229.1,37076.153,66693.48919999051,241.35449999999938,229.7199999999999,240.49999999999957
1701561600,229.1,231.9,225.9,228,58678.397,67711.79269999052,240.9624999999994,230.19399999999993,239.35714285714243
1701648000,228.2,238.3,224.9,233.4,103370.549,70296.47889999051,240.54749999999942,230.56799999999993,238.2761904761901
1701734400,232.8,234.8,227.9,231.2,62064.332,69751.34119999051,240.1454999999994,230.98799999999991,237.20476190476148
1701820800,231.2,235.6,228.9,229.5,62062.96,70329.06719999052,239.74999999999937,231.4539999999999,236.27619047619004
1701907200,229.6,235.2,228.3,232.7,67334.011,71803.03074999052,239.3319999999994,231.9139999999999,235.90476190476153
1701993600,232.8,240.1,232.3,239,65411.87,73894.69364999051,238.9084999999994,232.34199999999993,235.38095238095198
1702080000,239.1,245.6,236.5,237.8,83204.607,77046.94724999052,238.4834999999994,232.8119999999999,234.21428571428532
1702166400,237.8,241.4,236.9,239.9,36038.883,72664.26754999053,238.07149999999945,233.1399999999999,233.74285714285676
1702252800,239.8,248.2,226.2,246.4,135530.967,59933.50019999052,237.63999999999942,233.49999999999991,233.46190476190435
1702339200,246.2,257.1,245.7,254.5,135581.395,59524.105949990524,237.2604999999994,233.94599999999994,233.12380952380911
1702425600,254.4,256.2,244.2,252.1,86860.88,61017.108049990515,236.8709999999994,234.49999999999991,232.80476190476145
1702512000,252.4,254.5,247.1,253.3,68228.133,62014.468049990515,236.46449999999942,235.01199999999994,232.48095238095198
1702598400,253.4,253.4,243.4,244.9,42670.106,62649.89629999051,236.09549999999942,235.52399999999994,233.8523809523805
1702684800,245,248.2,243.1,244.3,31173.412,63099.542049990516,235.7439999999994,236.09399999999994,234.60952380952338
1702771200,244.3,244.4,238.8,238.9,30670.146,61755.56574999051,235.36549999999937,236.60999999999996,235.53809523809483
1702857600,239.1,241.7,231.9,241.7,43974.087,62159.09124999051,235.03499999999937,237.14799999999997,236.1142857142853
1702944000,241.7,254.9,241.4,252.9,114394.523,66264.70829999051,234.74349999999936,237.77199999999993,236.58095238095197
1703030400,252.8,262,250.2,260.4,68361.178,68192.17914999052,234.4809999999994,238.20399999999995,236.9190476190472
1703116800,260.3,275.2,256.4,272.2,68356,70052.12944999052,234.20299999999938,238.60199999999995,237.60476190476152
1703203200,272.2,276.6,265.1,271.3,54231.102,70909.87689999052,233.89799999999937,238.86599999999996,238.71428571428532
1703289600,271.4,272.3,265.9,271.3,29223.114,69437.11274999051,233.56349999999938,239.15799999999996,240.29047619047577
1703376000,271.2,272.8,262.4,264.8,50779.492,66807.55989999052,233.22699999999938,239.65199999999996,242.4142857142853
1703462400,264.7,268.2,261.8,267,38415.347,65625.11064999053,232.8874999999994,240.33200000000008,244.45238095238057
1703548800,267,303.8,264.6,297.9,192074.453,72125.68529999052,232.5709999999994,241.21400000000008,246.4619047619044
1703635200,297.9,324.5,285.3,324.4,146239.824,76070.97594999053,232.29849999999936,242.00400000000008,248.21428571428532
1703721600,324.4,338.4,320.2,322.9,140673.287,79834.04679999052,232.06699999999938,242.8220000000001,249.81428571428535
1703808000,323.1,327.1,307.9,313.9,84171.372,79882.38504999052,231.9024999999994,243.37200000000004,252.99047619047582
1703894400,313.9,320.7,312.5,317.2,50897.554,80625.31859999053,231.8739999999994,243.82800000000003,257.50952380952344
1703980800,317.3,326,307.7,311.8,62258.045,76961.67249999053,231.8239999999994,244.68200000000007,261.80476190476156
1704067200,311.9,315.9,307.1,313.6,46232.497,72494.22759999053,231.8509999999994,246.24400000000006,265.3714285714282
1704153600,313.6,321.5,306.9,312.5,61412.376,71221.80239999051,231.87549999999942,247.76800000000006,269.1523809523806
1704240000,312.8,335,295.8,316,143546.38,74987.71474999053,232.06199999999941,249.01400000000004,272.57619047619016
1704326400,315.8,332,311.2,324.1,76742.125,76691.31569999052,232.48899999999944,250.33400000000006,275.7761904761901
1704412800,324.2,327.5,309.5,317.8,55948.19,77930.05459999052,232.92649999999944,251.53800000000007,278.53809523809485
1704499200,317.8,317.8,300.6,307.6,42182.11,78505.65279999052,233.33949999999942,252.86000000000007,281.580952380952
1704585600,307.7,310.2,300.1,302.5,28417.707,77727.83379999052,233.70449999999946,254.2860000000001,284.95238095238057
1704672000,302.4,309.5,290.2,303.9,61818.16,75099.01564999051,234.07399999999944,255.76200000000009,288.4238095238091
1704758400,304,306.8,294.3,301.1,64203.357,74891.12459999052,234.4604999999994,257.1640000000001,291.43809523809483
1704844800,301,310,289.7,305.8,66404.945,74793.57184999052,234.82649999999938,258.66800000000006,294.4666666666663
1704931200,305.3,316.9,301.5,308.3,74061.389,75785.08619999052,235.18349999999944,259.9220000000001,297.42857142857105
1705017600,308.1,312.9,289.4,296.7,66348.258,77641.34339999051,235.5834999999994,261.07400000000007,299.7238095238091
1705104000,296.8,303.4,290.9,302,34972.698,76851.00369999051,235.9574999999994,262.2200000000001,301.8857142857139
1705190400,302.1,306.7,298.6,299.3,26296.578,76245.06524999051,236.2564999999994,263.1780000000001,303.6047619047616
1705276800,299.3,320.1,299.3,317.4,117381.391,72510.41214999052,236.52449999999942,264.7800000000001,304.81428571428535
1705363200,317.5,319.1,312.9,315.2,44157.021,67406.27199999051,236.83899999999943,266.2220000000001,306.2761904761901
1705449600,315.3,320.1,306.8,309.2,55798.624,63162.53884999051,237.12149999999943,267.4800000000001,307.91904761904726
1705536000,309.1,316,305.6,312.8,63538.512,62130.89584999052,237.46799999999945,268.8640000000001,310.31904761904724
1705622400,312.5,316.2,305.6,314.6,42855.382,61728.78724999052,237.8144999999994,270.1600000000001,311.14285714285677
1705708800,314.7,317.5,312.3,317.2,19801.054,59605.93769999052,238.1174999999994,271.87200000000007,310.41904761904726
1705795200,317.2,321.7,316.1,318.7,20850.749,58336.850299990525,238.43999999999943,273.63000000000005,309.93809523809483
1705881600,318.8,320.2,303.9,305.7,33672.043,56949.833649990534,238.7834999999994,275.2220000000001,309.9714285714282
1705968000,305.8,311.5,290.5,298.6,41777.509,51861.39009999053,239.20499999999942,276.9320000000001,309.9714285714282
1706054400,298.6,300.7,290.2,293.1,41996.054,50124.086549990534,239.57899999999938,278.67200000000014,310.29999999999967
1706140800,292.9,296.5,287.6,292,46088.858,49631.119949990534,239.8854999999994,280.4460000000001,309.92380952380915
1706227200,292.1,304.6,290.9,302,39369.322,49490.480549990534,240.21699999999942,282.2380000000001,309.2619047619044
1706313600,301.9,307.7,301.8,305.7,19743.192,49056.75479999054,240.55749999999946,283.79200000000014,308.1714285714282
1706400000,305.8,308.9,303.1,305.2,25629.309,47247.31224999054,240.93099999999944,285.0960000000001,306.64285714285677
1706486400,304.9,311,304.4,310.7,25047.058,45289.49729999054,241.32999999999944,286.3340000000001,305.89047619047585
1706572800,310.7,313.3,306.1,307.7,19930.06,42965.75304999053,241.69649999999945,287.5840000000001,305.7999999999996
1706659200,308.1,308.3,298.3,300.2,24127.501,40469.05864999054,242.01099999999943,288.97000000000014,305.9285714285711
1706745600,300.6,302.2,296.2,300.2,25114.821,38407.386799990534,242.29499999999945,290.30400000000014,306.2523809523806
1706832000,300.3,305.1,299.5,301.3,19474.253,37632.46454999054,242.58399999999946,291.65200000000016,306.56666666666626
1706918400,301.4,305,299.6,299.6,16357.606,37135.51594999054,242.86299999999946,293.06800000000015,306.2999999999996
1707004800,299.5,307.6,298,304.6,37158.165,33124.35464999054,243.14799999999948,294.29400000000015,305.9142857142853
1707091200,304.6,306.7,299.3,301,37314.98,32782.25259999054,243.45399999999947,295.2080000000002,306.1333333333329
1707177600,300.9,303.9,300.6,302.8,30310.12,31507.827399990543,243.72549999999944,296.1700000000002,306.0190476190472
1707264000,302.7,309,300.6,307.3,47950.323,30728.417949990544,244.02299999999946,297.13000000000017,306.27142857142815
1707350400,307.6,321,307.4,319.2,78923.789,32531.838299990544,244.26849999999945,298.2240000000002,305.4904761904758
1707436800,319.5,326.4,318,324.2,40392.713,33561.42124999054,244.55699999999942,299.4300000000002,304.89999999999964
1707523200,324.2,325.6,319.3,323.4,15553.221,33296.54484999055,244.84199999999947,300.6720000000002,304.80952380952345
1707609600,323.4,325.1,320.3,320.9,15695.943,32397.739849990547,245.13849999999945,301.8940000000002,305.1142857142854
1707696000,320.9,333.2,314.7,328,38471.158,32232.422299990554,245.45649999999947,302.9820000000002,305.5714285714282
1707782400,328.1,329.5,318.6,325,29903.228,31627.78099999055,245.74749999999946,304.1580000000002,305.86666666666633
1707868800,324.7,334.7,323.7,334.1,27115.051,30679.09064999055,246.04249999999945,305.19800000000015,305.97142857142825
1707955200,334.2,366.6,333.6,354.6,75569.862,32489.11764999055,246.37349999999944,306.2400000000001,307.033333333333
1708041600,354.5,367,351.3,360.6,57605.192,34382.21764999055,246.75699999999946,307.23200000000014,308.2904761904759
1708128000,360.7,363.8,348.5,352.9,39008.193,35051.161849990545,247.18299999999945,308.49600000000015,310.2428571428568
1708214400,353,358.2,349.3,349.6,27975.604,35197.58914999055,247.61099999999948,309.6560000000001,313.2238095238092
1708300800,349.7,356.2,349.4,351.6,46451.343,36523.65329999055,248.01999999999944,310.38000000000017,316.0142857142854
1708387200,351.5,361.2,345.2,354.4,49016.907,37768.12359999055,248.45649999999947,310.98400000000015,318.2619047619045
1708473600,354.5,379.4,351,379.3,108006.856,41912.72534999055,248.87149999999946,311.7380000000001,320.3761904761902
1708560000,379.2,387.1,373.8,382.4,78705.063,44874.265849990545,249.3289999999995,312.51800000000014,322.32380952380925
1708646400,382.5,385.7,367.7,375.5,56805.447,46896.65789999055,249.8889999999995,313.1660000000001,324.54761904761875
1708732800,375.6,385.1,371.8,381.7,32809.359,46679.217599990545,250.4869999999995,313.9620000000001,328.3142857142854
1708819200,381.7,390.8,378.2,388.5,42393.099,46933.123549990545,251.01249999999948,314.7780000000001,332.2285714285711
1708905600,388.7,411.1,379.8,401.7,82441.636,49539.699349990544,251.5574999999995,316.11400000000015,335.7619047619045
1708992000,402,405.2,389.8,394.8,75683.376,50926.35199999055,252.1104999999995,317.4420000000001,339.6714285714283
1709078400,394.6,429.1,393.8,414.9,105727.189,52266.52199999055,252.6744999999995,318.4700000000001,343.6666666666664
1709164800,414.9,420,391.2,399.5,77710.016,54132.38714999055,253.35549999999952,319.7480000000001,348.46190476190446
1709251200,399.8,412,399.1,407.7,32461.907,54977.821449990544,254.0529999999995,321.36600000000016,352.8428571428569
1709337600,407.6,415.1,406.3,411.1,33702.955,55878.17204999055,254.72099999999955,323.35000000000014,357.96666666666636
1709424000,411.2,417.3,402.6,414.8,34232.01,55666.21464999055,255.4039999999995,325.1680000000001,361.7904761904759
1709510400,415,424.9,408.4,418.9,75453.898,57943.748149990555,256.12749999999954,327.44400000000013,365.7666666666664
1709596800,418.5,427.1,364.2,394.4,92747.615,61225.37634999056,256.9294999999995,329.3180000000001,369.9428571428569
1709683200,395,434.9,385.9,429.4,87262.951,61810.03079999056,257.7054999999995,331.30600000000015,374.4142857142854
1709769600,429.3,477,423.5,474.9,88985.888,63379.065599990565,258.57899999999955,333.5940000000001,378.7428571428569
1709856000,474.8,490.5,460.9,486.7,97015.194,66279.41564999057,259.3759999999995,335.85000000000014,382.0476190476188
1709942400,486.7,494.7,480.4,488.8,47270.834,67244.17714999056,260.2124999999995,338.24200000000013,386.58571428571406
1710028800,488.9,537.8,485.7,529.2,109578.615,70400.54074999056,261.0844999999995,339.7820000000001,392.31428571428546
1710115200,529,533.4,507.4,522.8,105769.386,73238.16469999056,261.99949999999956,342.06600000000014,398.3190476190474
1710201600,523.4,549.1,519.8,537.1,115495.57,73612.60039999057,263.0034999999995,345.38000000000017,404.79047619047594
1710288000,537.1,633.7,531.2,630.6,188547.386,79104.71654999055,263.8954999999995,348.8580000000002,413.34285714285693
1710374400,630.5,631.8,566,603,134364.118,82982.65009999057,264.9579999999995,352.3420000000001,421.4952380952378
1710460800,603.5,635.2,545.7,633,171260.738,89905.21904999057,266.2494999999995,356.5820000000001,430.19523809523787
1710547200,632.8,645,567.6,575.9,121167.691,93843.94864999058,267.6309999999995,360.66400000000016,442.16190476190457
1710633600,578,590.2,548.7,571.4,80115.404,93727.63704999059,269.02049999999946,365.2920000000002,452.6666666666665
1710720000,571.4,587.2,540.3,555.3,85032.475,94195.0919999906,270.5834999999995,371.9320000000002,464.9285714285713
1710806400,555.2,560.5,498,507.5,100686.581,93943.0615999906,272.10299999999944,378.13000000000017,474.17619047619036
1710892800,508.1,559.5,500.1,556.9,70671.17,93591.11929999059,273.69649999999945,384.95000000000016,482.88571428571413
1710979200,556.7,570.8,541.4,553.8,59108.958,94923.4718499906,275.7669999999995,390.42800000000017,490.1999999999999
1711065600,553.9,587.8,535.2,554,93540.775,97915.36284999059,277.6904999999995,395.74200000000013,495.5666666666665
1711152000,553.3,568.2,543.9,552,39189.253,98163.22499999059,279.7619999999995,400.74400000000014,502.3285714285713
1711238400,552,573.3,548.7,567.8,25887.481,95684.90414999059,281.5064999999995,404.6800000000001,509.67619047619036
1711324800,568.5,598.5,564.5,587.1,59966.136,94045.83019999058,283.2439999999995,409.66400000000016,516.642857142857
1711411200,587.3,597.8,572.4,580.3,36767.626,91521.06394999058,284.9374999999995,414.7360000000001,523.3523809523807
1711497600,580.2,585.7,564,574.1,35436.431,88843.59109999059,286.40699999999947,419.8120000000001,530.638095238095
1711584000,573.9,591.8,573.9,583.4,42586.915,86122.1771499906,288.1189999999995,424.82600000000014,538.6476190476188
1711670400,583.2,621,582.3,612.9,92839.535,88400.61219999059,289.81649999999945,430.19000000000017,547.4999999999998
1711756800,613,613.3,597.3,601.1,37229.674,84783.16514999059,291.51049999999947,435.8400000000001,554.390476190476
1711843200,601.2,609,600.8,607,26132.553,80801.3234999906,293.19799999999947,441.42600000000004,559.5571428571426
1711929600,606.3,608.6,568.5,576.3,51345.329,77593.81144999058,294.9609999999995,446.8520000000001,565.5666666666664
1712016000,576.3,578.4,546.2,551.4,54180.585,70875.47139999058,296.81099999999947,452.3740000000001,570.9142857142855
1712102400,551.5,568.1,540.3,561.8,36030.105,65958.77074999058,298.6394999999995,458.2480000000001,574.6190476190474
1712188800,561.6,598.9,561.1,585.8,74594.628,61125.46524999058,300.43899999999945,463.78600000000006,577.1666666666664
1712275200,585.1,591.7,564.3,578.2,46351.378,57384.649599990575,302.29449999999946,469.4580000000001,577.8476190476188
1712361600,578.3,591.5,575.6,585.6,20959.594,54426.85909999057,304.32849999999945,474.56600000000003,574.5714285714283
1712448000,586,591.5,578.3,583.7,22666.694,51308.57004999057,306.28049999999945,479.0340000000001,573.7523809523807
1712534400,583.6,601.2,577.7,586.4,38478.054,48198.14369999057,308.25249999999943,483.7700000000001,571.142857142857
1712620800,586.3,590.4,572.8,580.5,47021.536,47015.66199999057,310.0724999999995,488.8040000000001,571.6047619047616
1712707200,580.2,613.4,573.7,609.9,60580.487,47089.23844999057,311.75899999999945,493.27600000000007,572.1904761904759
1712793600,609.4,618,592.1,604.9,49486.664,44886.53289999057,313.49399999999946,497.77600000000007,573.6714285714284
1712880000,604.8,630.8,572.3,595.8,117789.95,48816.567749990565,315.34049999999945,502.3920000000001,577.1476190476188
1712966400,595.4,600.1,516.8,554.1,117383.74,53391.380699990565,317.1514999999995,507.1280000000001,579.6714285714282
1713052800,554.1,571.5,537.8,567,53988.306,53092.48919999057,318.9929999999994,511.7060000000001,582.1047619047616
1713139200,566.1,586.1,545.2,552.9,55542.813,54031.24854999057,320.8394999999994,516.816,584.0952380952377
1713225600,552.2,554.6,523.4,538.1,38203.958,54169.624899990566,322.7174999999994,521.3280000000001,584.1952380952378
1713312000,538.1,548.2,513.6,534.3,77421.2,55911.33914999056,324.56449999999944,525.596,584.1571428571426
1713398400,534.2,556,527.3,552.3,68381.429,54688.43384999056,326.56099999999947,529.1680000000001,582.5285714285711
1713484800,552,564.9,524.2,554.5,55948.181,55624.359199990555,328.5434999999994,532.8740000000001,580.5190476190472
1713571200,554.6,574.3,549.2,571.5,27025.054,55668.98424999055,330.4724999999994,536.1620000000001,578.6238095238091
1713657600,570.9,582.7,566.7,580,31344.103,54668.92294999055,332.1804999999994,538.8900000000001,577.1428571428568
1713744000,579.9,608.8,578.9,604.9,58882.697,54904.028549990544,333.95549999999946,541.6800000000002,574.3619047619044
1713830400,604.8,618.4,599.2,606.3,81425.699,57173.80824999055,335.6444999999995,544.4280000000001,572.9523809523806
1713916800,606.7,619.4,592.6,608.8,60212.453,56454.699499990544,337.25899999999945,547.5280000000001,571.6666666666663
1714003200,608.1,618.6,600.4,613.3,48213.242,56547.79269999055,338.85699999999946,550.8040000000002,573.028571428571
1714089600,613.5,615.3,596.9,598,36578.793,57328.75264999055,340.52749999999946,554.1820000000001,575.6428571428567
1714176000,598,599.9,585.7,596.2,23622.228,57376.52934999055,342.22699999999946,557.9840000000002,577.880952380952
1714262400,596.5,608.2,596.3,600.2,21847.238,56544.98854999054,344.0174999999995,561.7320000000002,579.1904761904758
1714348800,599.5,603.3,582.1,592.9,32105.742,55799.19884999054,345.85049999999944,566.0200000000002,580.1333333333329
1714435200,592.6,605.5,555.9,578.4,79580.617,56749.20534999055,347.82199999999943,569.6980000000002,580.6380952380948
1714521600,578.9,580.2,536.8,561.3,60211.892,57285.46674999055,349.7864999999994,572.1600000000003,581.423809523809
1714608000,561.3,566.2,539.8,560.8,37991.791,53295.55879999055,351.76899999999944,574.3500000000003,581.7333333333329
1714694400,560.6,590.9,559.4,587.6,40387.15,49445.72929999055,353.7784999999994,576.5780000000002,581.633333333333
1714780800,587.4,594.3,583.2,585.9,34514.625,48472.04524999055,355.7389999999994,577.8520000000002,579.3190476190472
1714867200,586.5,595.5,579.5,592.5,20006.399,46695.22454999055,357.6769999999994,578.9640000000003,577.2190476190472
1714953600,592.6,602.4,583.5,588.4,29811.494,46275.601349990546,359.6449999999994,579.4480000000002,576.8285714285711
1715040000,588.3,600.4,575.8,576.9,31297.747,43969.428699990545,361.5834999999994,578.0520000000001,578.3428571428567
1715126400,577.1,590.1,575.2,588.5,35224.527,42311.58359999055,363.4449999999994,577.7440000000001,579.5571428571425
1715212800,588.3,607.2,586.5,596.9,66012.134,42814.78124999055,365.2184999999994,576.8020000000001,581.2476190476187
1715299200,597.1,597.4,581.7,585.6,43313.245,43629.190799990545,366.9729999999994,577.1340000000001,583.0952380952377
1715385600,585.7,595.3,581.2,592.2,25519.771,43337.974199990545,368.83699999999936,577.4740000000002,585.6761904761901
1715472000,592.2,599.8,587.7,594.8,27979.99,41792.83884999054,370.7089999999994,577.9060000000002,587.7999999999996
1715558400,595.2,598.9,585.5,591.8,33382.932,39390.70049999054,372.6194999999994,579.5260000000002,589.280952380952
1715644800,591.8,593.1,562.2,567.1,41010.961,38430.62589999054,374.5049999999994,580.3260000000002,590.2666666666663
1715731200,567.2,588.3,560.8,581.5,61873.576,39113.64259999055,376.3284999999994,580.9620000000002,590.9714285714282
1715817600,582,587,565,569.4,63139.499,40441.677899990544,378.1994999999994,581.7260000000002,590.3476190476188
1715904000,569.7,586.3,568.9,581.5,34322.786,40976.705799990545,380.0944999999994,582.5820000000002,588.4809523809521
1715990400,580.5,584.6,574.2,580.5,16692.265,40718.95714999054,381.87899999999945,583.0620000000002,587.180952380952
1716076800,580.9,582,571.6,574.6,13874.944,39807.41724999055,383.71399999999943,582.6620000000001,585.0904761904758
1716163200,574.5,602,568.8,599.6,44815.823,38069.17754999055,385.5774999999994,582.6860000000001,584.3047619047616
1716249600,600,631.2,593.4,618.5,86484.447,39382.80529999055,387.4199999999994,582.5920000000002,583.5571428571425
1716336000,618.8,626.7,609.6,614.4,37727.627,39369.59709999055,389.1334999999994,582.5540000000002,582.3380952380949
1716422400,614.7,616.9,580.6,599.2,41481.389,39424.309049990545,390.9124999999994,581.9060000000002,582.6571428571424
1716508800,598.8,605.2,588.7,600.3,25415.017,38969.328649990544,392.62399999999946,581.3760000000001,584.5666666666663
1716595200,600.4,624.5,591.3,602.4,27477.789,39342.89814999055,394.39049999999935,581.2280000000001,587.0952380952376
1716681600,602.3,605.1,596.8,600.2,9676.897,38336.168299990546,396.1609999999994,582.0720000000001,588.923809523809
1716768000,600.1,613.9,599.6,603.6,18650.582,37703.810049990556,397.8934999999994,583.3320000000001,589.528571428571
1716854400,603.4,605.6,593.6,601.4,34052.962,37645.23179999056,399.7324999999994,584.0800000000002,590.3142857142853
1716940800,601.5,603.7,592.8,595.2,38857.322,36287.49119999056,401.6729999999994,584.3700000000001,590.6809523809519
1717027200,595.2,602.1,586.1,595.1,15275.241,34885.59099999056,403.5584999999994,584.8540000000002,591.4047619047614
1717113600,595.1,599.4,589.3,593.5,22856.506,34752.427749990566,405.3334999999994,585.1460000000002,592.5714285714281
1717200000,593.6,607.9,592.8,601.4,20366.288,34371.74264999056,407.05899999999946,585.5440000000002,592.8904761904756
1717286400,601.4,605.4,595.6,602.8,18943.265,33649.75929999056,408.83949999999936,585.8440000000002,592.8047619047613
1717372800,602.8,638.4,601.2,626.3,83948.49,35796.635749990564,410.6069999999994,586.1380000000001,593.1809523809518
1717459200,626.3,688.4,625,686,96778.486,37541.88124999056,412.3669999999994,585.8420000000002,593.619047619047
1717545600,686.3,716.2,685.1,698.8,75232.366,38146.52459999057,414.11799999999937,585.6140000000001,593.9999999999994
1717632000,699.2,724.7,692.4,711,47819.129,38821.34174999057,415.8359999999994,585.7260000000001,595.6428571428565
1717718400,710.8,711.6,660.7,683.8,38618.868,39917.67189999057,417.5739999999994,586.7000000000002,601.3047619047613
1717804800,683.4,695.3,678.1,682.6,20167.303,40232.289849990564,419.3354999999994,587.8860000000001,606.8904761904755
1717891200,682.6,684.7,670.5,673,26665.287,39324.763049990564,421.13149999999933,590.5480000000001,613.6333333333328
1717977600,673,674.3,613.6,625,81463.153,39073.69834999057,422.87549999999936,593.7620000000001,618.5047619047613
1718064000,625,629,596.1,602.6,73781.083,40876.37114999057,424.79399999999936,597.296,623.3666666666661
1718150400,602.5,635,591.6,619.3,30266.294,40315.61639999057,426.9994999999994,599.926,628.0523809523804
1718236800,619.5,619.5,595.6,599.4,36187.827,40854.25689999057,429.2689999999994,602.488,629.2619047619042
1718323200,599.6,611.9,590,603,44683.186,41714.526749990575,431.5909999999994,604.518,628.5047619047613
1718409600,603,609.1,601.3,607.9,15534.118,42007.387799990574,433.74399999999935,605.418,628.7380952380947
1718496000,607.6,611.3,600.9,610.4,16840.302,41916.87379999057,436.0284999999993,605.372,628.7476190476185
1718582400,610.3,612.2,591.6,604.4,33460.709,41887.26114999057,438.21249999999935,605.6320000000001,628.8761904761899
1718668800,604.7,605.1,574.7,588.7,100563.633,44972.57669999057,440.1684999999993,605.4440000000001,629.1380952380947
1718755200,588.6,606,586.9,599.2,22431.298,45330.37954999057,442.01749999999936,605.238,629.623809523809
1718841600,599,608.1,585.1,587.8,28954.459,45635.27719999057,443.94149999999934,605.4360000000001,629.6619047619041
1718928000,587.8,589.3,577.2,586.3,25068.434,45870.38449999056,445.7794999999993,605.7200000000001,629.0571428571423
1719014400,586.6,591.5,580.8,591.1,9849.999,45415.721199990556,447.6579999999994,605.8040000000001,629.2476190476185
1719100800,591.2,593.1,575.3,577.5,19386.87,42187.64019999056,449.54949999999934,605.7200000000001,628.8999999999994
1719187200,577.6,581.6,551.1,568.2,74164.718,41056.95179999056,451.46499999999935,606.1360000000001,628.5571428571424
1719273600,567.7,579.8,566.8,578.3,20290.371,38309.85204999056,453.34899999999936,606.666,628.0666666666663
1719360000,578.5,584.4,567.6,572.9,28760.548,37356.92299999056,455.14999999999935,607.1760000000002,626.8619047619043
1719446400,572.8,584.2,566.3,581.4,23195.331,36585.746149990555,457.00049999999936,607.2460000000001,624.0952380952376
1719532800,581.5,585,565.1,566.8,22688.833,36711.82264999056,458.7994999999994,607.0780000000001,618.9666666666662
1719619200,567,573.8,566.3,569.7,18134.443,36285.280449990554,460.56399999999934,606.5920000000001,612.9714285714281
1719705600,569.8,585.1,568,581.8,29218.088,33673.02719999055,462.3634999999994,606.3900000000001,606.7999999999995
1719792000,581.8,588.1,576,576.5,23554.622,31161.704149990554,464.1034999999994,606.3100000000002,601.228571428571
1719878400,576.7,581.6,573.5,579.5,31629.279,31229.853399990552,465.7809999999994,606.1680000000001,595.8523809523805
1719964800,579.7,580.5,550,556.3,27962.758,30818.599949990552,467.4774999999994,605.5660000000001,591.5095238095233
1720051200,556.7,557.8,510.8,513.5,55527.497,31360.81549999055,469.15299999999945,605.248,589.1999999999995
1720137600,514.5,515.8,455.2,498,106139.517,35891.08544999055,470.86049999999943,605.0400000000002,588.0999999999996
1720224000,497.9,531.1,496.3,526.4,26181.949,36358.16779999055,472.4624999999994,604.6740000000002,585.0999999999996
1720310400,526.1,526.7,489,490.9,23815.274,35875.896049990544,474.03849999999943,604.4280000000002,581.0095238095234
1720396800,491.3,524.8,471.6,510.8,84818.796,35088.654199990546,475.68699999999944,604.2120000000002,576.0095238095234
1720483200,510.6,522.3,507,517.2,33179.447,35626.061649990545,477.30299999999943,602.8520000000002,572.128571428571
1720569600,517.2,529.5,511.8,525,42730.951,36314.886249990544,478.9759999999995,601.4240000000002,566.4380952380949
1720656000,524.5,545,520.7,525.2,63276.859,38225.307499990544,480.5359999999994,600.3220000000002,561.980952380952
1720742400,525.4,537.9,517.6,534.2,48263.034,40145.95924999054,481.9089999999994,598.5300000000002,558.57619047619
1720828800,534.3,540.6,527.5,532.8,41183.916,41235.81154999054,483.19049999999936,597.2540000000001,555.0428571428567
1720915200,533.2,548,532,545.2,40372.666,39546.20894999054,484.5580000000001,595.606,552.0619047619044
1721001600,545.1,587.4,544.5,585.7,62431.704,41653.27559999054,485.7105000000001,593.736,549.580952380952
1721088000,585.9,588,555.8,576.8,49773.816,42703.93899999054,486.9035000000001,591.952,546.8047619047616
1721174400,576.5,585.2,564.5,569.1,34618.052,43275.07504999054,488.1330000000001,590.652,545.2666666666662
1721260800,569.3,580.1,562.5,571.9,36646.234,43972.945099990546,489.4015000000001,589.302,546.0999999999996
1721347200,572.1,599,565.5,594,75540.568,46843.25134999055,490.70350000000013,588.158,546.028571428571
1721433600,594.4,598.9,587.4,593.6,22816.17,46523.15544999055,492.0395000000001,587.868,545.8476190476185
1721520000,593.6,603.8,582.5,602.6,46913.567,47691.10269999055,493.2140000000001,587.332,545.3952380952376
1721606400,603,605.7,587.1,587.8,53134.469,48766.36219999056,494.3180000000001,586.686,546.6904761904758
1721692800,587.8,593.6,577.8,582.3,47910.169,49763.73274999055,495.6320000000001,586.22,547.8285714285709
1721779200,582.2,589.5,570.8,574.8,32171.482,48595.93199999056,496.94650000000007,586.198,548.8190476190472
1721865600,575.3,576.3,553.8,570.8,55063.663,46042.13929999055,498.2060000000001,586.2,549.3571428571423
1721952000,571.2,583.2,570.4,581.4,35774.749,46521.77929999055,499.5065000000001,586.224,549.4904761904756
1722038400,581.5,593.3,572.7,581.9,66548.751,48658.45314999055,500.90850000000006,585.9240000000001,550.371428571428
1722124800,581.2,585,575,584.3,18444.838,45339.75524999055,502.3140000000001,585.044,553.0999999999995
1722211200,584.3,597.6,572.5,574.5,80478.266,47704.696199990554,503.74700000000007,582.82,557.0714285714281
1722297600,574.7,588.6,566.9,588.4,68512.538,48993.775549990554,505.06550000000004,580.2600000000001,559.7142857142853
1722384000,588.5,592.9,575,576.4,60896.727,48874.768949990554,506.38800000000003,577.668,564.1619047619043
1722470400,576.4,578,553.8,575.1,86149.589,50769.09669999056,507.7240000000001,575.6300000000001,567.1952380952376
1722556800,575.3,577.7,539.7,542.5,82242.443,52822.02304999057,509.06550000000004,573.6640000000001,570.5857142857138
1722643200,542.8,544.9,521.1,529.7,71071.896,54356.984549990564,510.45300000000003,571.6940000000001,573.0333333333328
1722729600,529.3,532,487.4,496.7,85264.875,55498.64309999056,511.857,570.9620000000001,575.4095238095234
1722816000,497.1,499.5,403.4,464.6,259539.195,65986.91204999055,513.2495,570.4380000000001,575.8047619047614
1722902400,464.6,494.2,464.2,485.4,54618.907,66986.95479999055,514.5805000000001,569.5540000000002,575.6571428571423
1722988800,485.6,497.7,468.6,474.9,37128.262,67011.05619999056,516.0390000000001,568.4160000000002,573.3476190476185
1723075200,474.7,521.7,468,517.4,38417.64,65154.90979999056,517.4110000000001,566.9500000000002,567.5809523809519
1723161600,517,518.2,499.4,509.1,30203.479,65524.27524999056,518.7900000000001,564.7260000000001,563.2285714285708
1723248000,508.9,525.6,507.7,523.5,17298.339,64043.51384999056,519.9155000000001,561.8100000000002,558.7428571428566
1723334400,523.5,537.3,503.1,503.7,28194.961,62796.53844999055,520.988,559.4300000000002,556.1476190476185
1723420800,503.6,524.4,499.9,518.4,49809.037,62891.48184999055,521.9255,557.1540000000001,552.1047619047614
1723507200,518.3,532.8,513.9,524.4,46175.588,63591.68714999055,522.6845000000001,555.5180000000001,548.7666666666662
1723593600,524.4,533.3,516.2,523.6,25781.485,62127.578249990554,523.5385000000001,553.9440000000002,544.0571428571423
1723680000,524.4,534.1,507.9,519.3,41099.886,62393.83509999055,524.3270000000001,552.6880000000001,540.7523809523803
1723766400,519,524.9,510.1,520.1,27962.873,60464.54119999055,525.3205000000002,550.9400000000002,537.9952380952376
1723852800,520,547.8,518.8,542,22282.743,60656.43644999055,526.3375000000001,549.758,535.5571428571423
1723939200,542,543,530.6,531.5,20513.301,57658.188199990545,527.4620000000001,548.8820000000001,533.1047619047614
1724025600,531.5,561.2,529.3,559.1,43028.151,56383.96884999055,528.5150000000001,547.788,530.1857142857137
1724112000,558.9,575.1,558.4,569.8,55371.138,56107.68939999056,529.6470000000002,546.716,528.2857142857138
1724198400,570.1,575.8,546.3,570.3,50864.497,54343.43479999056,530.7590000000001,545.4900000000001,525.771428571428
1724284800,570.5,590.3,559.6,583.3,52116.264,52837.12584999056,531.8485000000001,544.9940000000001,525.0380952380948
1724371200,583.3,598.8,574.1,592.2,42576.976,51412.37984999056,532.9190000000001,544.23,524.1523809523803
1724457600,592.5,593.1,575.6,580.9,92569.531,51777.61264999056,533.9660000000001,543.7760000000001,523.8619047619043
1724544000,580.8,584.3,569.6,574.4,34880.239,40544.66484999056,535.1375000000002,543.642,524.2523809523805
1724630400,574.6,575.9,546.5,548.7,27156.87,39171.56299999056,536.2940000000002,543.4580000000001,526.6190476190471
1724716800,548.6,558.4,522.4,533.8,34271.504,39028.72509999056,537.5885000000002,543.998,529.0571428571424
1724803200,533.4,546.7,522.9,537.2,32519.847,38733.835449990554,538.9310000000002,545.572,532.7571428571424
1724889600,537.1,546.4,531.3,536.7,29373.055,38692.31424999055,540.2845000000001,547.23,536.7619047619044
1724976000,536.8,543.6,522.7,535.4,24318.033,39043.29894999055,541.6780000000001,548.19,539.0666666666663
1725062400,535.5,541.7,531.3,533.3,11608.665,38213.98414999056,543.1340000000001,549.346,542.0333333333328
1725148800,533.2,533.6,508.5,512.8,21672.641,36807.164349990555,544.5245000000001,549.806,542.9523809523804
1725235200,513.1,529.6,502,526.7,26936.633,35845.216599990556,545.8600000000001,550.206,544.2047619047614
1725321600,526.8,538.7,518.3,519.1,24517.591,35782.021899990556,547.0075000000002,550.44,544.6714285714281
1725408000,519.1,524,496.5,508,41470.565,35800.55584999055,548.0555000000002,550.644,545.1047619047614
1725494400,508.2,513,497.1,502.5,24530.062,35628.91529999055,549.1245000000002,550.6260000000001,545.4999999999994
1725580800,502.6,509.7,471.5,487.5,56697.146,37349.63544999055,550.2035000000002,550.2260000000001,545.2476190476185
1725667200,487.3,499.7,483.4,493.8,24158.536,37531.89719999055,551.2405000000002,549.8560000000001,544.5047619047614
1725753600,493.9,507.1,491.2,503.5,25600.851,36660.53219999055,552.2820000000002,548.5240000000001,543.7047619047613
1725840000,503.4,526.4,502.2,518.9,29832.205,35383.585549990545,553.1755000000002,547.148,542.1523809523803
1725926400,518.7,524.2,513.8,517.3,21802.75,33930.49819999055,554.0360000000002,545.816,539.8571428571422
1726012800,517.4,535.7,507.2,530.5,33621.256,33005.74779999055,554.8285000000002,544.1280000000002,538.523809523809
1726099200,530.7,549.5,530.6,544.8,53763.662,33565.082099990555,555.6040000000002,542.1240000000001,536.6095238095232
1726185600,544.8,559.8,539.3,557,43406.659,31106.938499990552,556.3685000000002,540.322,534.1095238095232
1726272000,557.2,559.7,548.6,553.8,16824.726,30204.162849990556,557.0480000000002,538.6480000000001,532.2142857142851
1726358400,553.8,562.2,552.4,553.8,23155.347,30004.086699990556,557.7450000000001,537.238,530.3809523809517
1726444800,553.5,555.4,527.5,533.9,37373.456,30159.184299990557,558.3660000000001,536.202,528.7047619047613
1726531200,533.8,553.1,529.7,546.5,26536.261,29860.004999990564,559.0485000000002,535.6020000000001,527.414285714285
1726617600,546.6,560.6,536.8,559.7,23800.103,29581.35739999056,559.7575000000002,535.3260000000001,526.4333333333327
1726704000,559.6,572.6,553.6,567,30007.828,29865.847149990557,560.5015000000002,534.7740000000001,525.7285714285707
1726790400,567.4,577,559.5,569.1,25063.561,30538.591949990554,561.2830000000001,534.2120000000001,526.3333333333327
1726876800,569.1,590.8,566.8,589,27355.769,30822.748349990557,562.0595000000002,533.2040000000001,527.4047619047611
1726963200,589.4,594.4,576.9,588.8,25469.436,30749.388499990553,562.8545000000001,532.6440000000001,528.8476190476183
1727049600,588.8,616.2,583.3,604.9,53479.39,32197.478449990555,563.5490000000002,532.07,530.4523809523803
1727136000,605,613.1,599.9,606.3,36636.99,31955.799699990555,564.2210000000001,531.8820000000001,533.1047619047613
1727222400,606.5,608.9,584.1,587.6,29691.64,32213.878599990556,564.9150000000002,531.7620000000002,536.7238095238089
1727308800,587.4,609.4,581.1,596.7,32411.738,30999.60819999056,565.6580000000001,532.6920000000001,540.4476190476183
1727395200,596.7,614.9,596.5,607.4,34253.786,31504.37069999056,566.4190000000002,533.8740000000001,544.5999999999993
1727481600,607.6,618.7,595.3,601.5,25312.725,31489.964399990557,567.1700000000002,536.0380000000001,548.3904761904755
1727568000,601.4,603.1,593.1,595.9,19062.398,30951.47404999056,568.1430000000001,538.8720000000001,552.8761904761898
1727654400,595.9,596,564.3,567.6,34066.797,31564.67639999056,568.9400000000002,540.916,558.5857142857136
1727740800,568.4,582.9,537.4,547.5,42356.331,32001.43014999056,569.5900000000001,543.3520000000001,563.714285714285
1727827200,547.5,558.9,535.5,542.7,26716.198,30649.056949990558,570.1880000000002,545.152,568.114285714285
1727913600,542.9,550.9,534.7,545,20840.407,29520.744349990557,570.6820000000001,547,570.4333333333326
1728000000,545,558,541.9,555.7,15258.549,29442.435499990555,571.0195000000001,548.448,571.8714285714277
1728086400,555.7,565,552.1,563.1,14156.181,28992.477199990557,571.4425000000001,549.726,572.4523809523802
1728172800,563.1,576.5,561.2,570.4,13628.964,27805.25259999056,571.7645000000001,550.308,572.461904761904
1728259200,570.5,581.7,563.7,564.3,21790.605,27567.969799990555,571.5910000000001,550.674,572.3999999999992
1728345600,564.5,586.3,559.8,580.7,47630.845,28759.506899990556,571.4140000000001,551.1020000000001,572.8428571428564
1728432000,580.8,585.5,566.4,570.1,42801.42,29399.18649999056,570.9865000000002,551.83,573.6333333333325
1728518400,570.3,572.4,551.4,563.4,29791.748,29635.59584999056,570.8205000000002,552.69,575.0809523809515
1728604800,563.3,578.1,560.1,573.5,32619.882,29898.80149999056,570.6885000000001,553.258,576.7095238095229
1728691200,573.8,579.4,573.6,576.7,16349.417,29442.800549990563,570.6905000000002,553.914,577.2047619047611
1728777600,577,578.5,565.1,572.2,13066.579,27422.159999990563,570.9685000000002,554.346,577.0333333333325
1728864000,572.3,592,570,589.3,44157.493,27798.185149990564,571.0360000000002,554.3520000000001,577.2428571428563
1728950400,589.6,600.3,578.1,594.6,38468.717,28237.03899999056,571.0885000000002,554.214,576.657142857142
1729036800,595,605.5,590,600.9,50341.13,29133.50859999056,571.2220000000002,554.018,575.8666666666659
1729123200,601,606.5,585.3,592.7,30303.64,28936.001299990563,571.3125000000001,553.7080000000001,575.1238095238086
1729209600,592.3,602.7,591.8,599,29204.631,29130.596599990567,571.2905000000002,553.534,574.5666666666659
1729296000,599.1,601.3,595.5,597.8,6541.176,28504.53549999056,571.2225000000002,553.832,575.1999999999991
1729382400,597.8,607,593.5,605.8,14814.033,27541.897299990564,571.2045000000002,554.75,575.009523809523
1729468800,605.7,611.4,591.4,598.6,38089.26,27328.543749990564,571.1950000000002,556.092,574.609523809523
1729555200,598.7,600.1,586.9,593.4,25870.4,27286.253849990568,571.2245000000001,557.202,574.4333333333325
1729641600,593.5,594.4,572.2,584.5,19521.861,27220.32654999057,571.1330000000002,558.448,574.904761904761
1729728000,584.6,598.4,582.9,594.1,19729.647,27443.881449990567,571.1320000000002,559.696,576.3809523809515
1729814400,594.5,597,565.8,574.6,31034.598,28287.80229999057,571.0605000000003,561.1460000000001,578.5666666666659
1729900800,574.9,586.4,571,582.8,10836.08,28148.158099990564,571.1740000000002,562.8620000000001,580.557142857142
1729987200,582.8,590.4,581.2,588.8,8467.559,27482.005799990566,571.4060000000002,564.196,582.8952380952372
1730073600,589.3,604.6,585.2,600.8,30843.314,26642.62924999057,571.6260000000002,565.504,583.7952380952372
1730160000,600.9,612.5,599.9,606.1,35774.845,26291.30049999057,571.6900000000002,567.226,584.7333333333326
1730246400,606,606.6,593.8,595.6,17772.875,25690.35684999057,571.7660000000002,568.668,585.609523809523
1730332800,595.6,596.8,570.6,576,48765.298,26497.62764999057,571.7605000000002,570.574,587.3476190476182
1730419200,575.9,585.3,567.5,573,23665.304,26863.42199999057,571.8125000000002,572.4739999999999,588.557142857142
1730505600,573,576.6,562.5,568.3,7911.624,26605.674249990563,571.7535000000003,574.42,589.7714285714277
1730592000,568.4,569.1,546.7,557.8,19287.838,25362.191499990564,571.7650000000002,576.164,590.3714285714277
1730678400,557.6,564.4,543.6,552.2,12784.657,24077.988499990563,571.6595000000002,577.7299999999999,590.3476190476182
1730764800,552.1,572.8,551.2,563.5,22365.538,22679.20889999056,571.6390000000002,578.6399999999999,589.9476190476182
1730851200,563.8,595.3,562.8,592.5,98085.053,26068.279549990562,571.6905000000003,579.2039999999998,589.261904761904
1730937600,592.8,611.3,587.5,598.6,27932.528,26004.674399990563,571.8980000000003,579.43,587.4952380952373
1731024000,598.9,606.1,588.8,597.9,24126.729,26883.952049990563,571.9430000000003,579.5099999999999,586.0142857142849
1731110400,597.9,638.4,597.8,624.9,49375.407,28612.02074999056,572.0435000000002,579.4779999999998,585.614285714285
1731196800,625,644.5,612.1,627.6,67953.869,30105.25119999056,572.1945000000003,580.0699999999998,585.8952380952372
1731283200,627.3,665.2,613.6,660.1,69291.195,32276.290949990555,572.3120000000004,580.9899999999999,585.8428571428564
1731369600,661.2,667.4,612.4,625.8,59233.646,34261.88019999055,572.3115000000003,581.7679999999999,587.1333333333325
1731456000,625.8,639.8,599.3,621.5,53516.302,35951.21294999055,572.3565000000003,582.3859999999999,588.1714285714278
1731542400,621.8,661.1,611.7,622.6,72083.089,38003.63749999055,572.4615000000003,583.5019999999998,591.0999999999992
1731628800,622.6,628.4,602.1,619.3,32231.032,39073.385099990555,572.5545000000003,584.2739999999999,592.6428571428563
1731715200,619.9,633.8,617.2,622.8,19466.421,39623.32819999055,572.5195000000004,585.6999999999998,594.4047619047611
1731801600,623.1,647.5,605.4,618.7,24257.228,39294.023899990556,572.6125000000004,586.1179999999998,595.761904761904
1731888000,618.8,631.6,611.1,619.2,27933.115,38901.93739999055,572.7065000000003,586.4219999999998,597.8904761904754
1731974400,619.3,621.8,605.1,616.3,26886.759,39357.63159999055,572.9405000000004,587.1219999999998,599.7952380952373
1732060800,616.2,620.7,600.2,605.8,19961.968,37917.46509999056,573.0795000000004,587.5739999999998,601.2190476190468
1732147200,605.8,630.8,593.4,622.5,51125.905,39290.49514999056,573.2060000000005,587.8819999999998,602.0952380952374
1732233600,623,640.7,614.4,633.3,30224.364,40406.13214999055,573.3180000000004,588.2259999999998,602.5809523809518
1732320000,633.2,683.6,631.6,650.6,74453.54,43164.417249990554,573.4500000000004,588.6919999999998,603.066666666666
1732406400,650.5,688.2,638,660.1,56981.996,45374.28419999056,573.6720000000004,589.6659999999998,605.2809523809517
1732492800,660.2,676.7,626.7,636.2,29395.358,45725.77519999056,573.9590000000004,590.8319999999999,608.1523809523803
1732579200,635.9,645.9,600.4,613.5,31985.876,42420.816349990564,574.2510000000003,592.4279999999998,612.071428571428
1732665600,614,647.2,608.4,644.8,22301.749,42139.277399990555,574.3945000000002,594.1939999999998,616.9428571428565
1732752000,644.7,664,640.8,654.1,38993.268,42882.60434999056,574.4940000000003,596.0919999999999,620.9428571428565
1732838400,654.2,664.2,648.6,655,20956.451,41461.656549990556,574.6440000000003,598.0319999999997,623.3238095238088
1732924800,654.9,677.5,648.2,653.9,30603.979,39594.162049990555,574.8685000000002,599.3479999999997,625.814285714285
1733011200,653.9,665,646.1,656.5,16586.467,36958.925649990546,575.2370000000002,600.3319999999998,628.4571428571421
1733097600,656.8,667.7,629,648,31396.519,35567.06929999055,575.5950000000003,601.6139999999998,631.1761904761897
1733184000,648,749.4,624.2,735.5,103799.468,38081.22759999055,575.7915000000003,603.2939999999998,632.5571428571421
1733270400,736.4,794.3,721.8,740.4,142719.649,41613.05559999055,575.9310000000002,605.1259999999997,633.9333333333326
1733356800,740.8,741.2,675.3,717.6,105621.952,45282.60159999055,576.1940000000002,606.7339999999998,633.3571428571422
1733443200,717.8,747.6,706,731.1,44527.161,46535.63859999055,576.4905000000002,608.3299999999998,638.5809523809518
1733529600,731.6,761.5,730.1,750.2,36167.548,47131.15459999054,576.8065000000003,609.8459999999998,644.2428571428565
1733616000,750.7,757.9,727.4,742.6,18074.854,46638.24154999055,577.2405000000002,612.7699999999998,648.766666666666
1733702400,743,743.1,654,690.1,47422.842,47665.045699990544,577.6155000000002,615.6859999999998,654.0904761904754
1733788800,689.6,705.4,649.9,677.3,41211.709,48727.53274999055,578.0085000000003,618.0199999999998,660.1571428571422
1733875200,677.3,713.2,659.2,711.5,39997.273,48171.10114999055,578.7785000000002,620.7879999999998,666.0571428571423
1733961600,711.9,725.7,699.4,706.1,34290.26,48374.39594999055,579.5780000000002,623.8119999999997,669.4333333333327
1734048000,705.9,729.9,697.4,725.8,31669.798,46235.208849990544,580.2930000000001,626.7079999999997,672.3380952380945
1734134400,725.9,732.5,705.1,715.6,17598.733,44266.045699990544,580.9505000000001,628.3939999999998,677.3714285714279
1734220800,715.3,723.6,702.7,718.3,13967.392,43494.64739999054,581.6090000000002,629.9679999999996,681.3523809523804
1734307200,719,730.8,703.9,720.4,26683.191,43229.51314999054,582.2500000000001,632.3299999999996,685.7571428571423
1734393600,720.7,738.1,712.5,717.5,24924.315,43360.64144999054,582.7045000000002,634.7619999999997,688.8523809523804
1734480000,717.6,721.8,682.3,686.1,24898.933,42655.92469999053,583.0895000000002,637.3959999999996,691.623809523809
1734566400,687,704.9,648.4,665.2,32497.082,43232.95624999054,583.6350000000002,640.2159999999997,695.6333333333328
1734652800,666.4,679.9,617.7,678.5,40210.536,43713.28409999053,584.1645000000002,642.9259999999997,700.5857142857136
1734739200,678.1,693.3,652.1,663.2,29706.424,44369.28194999053,584.7755000000002,645.5579999999997,702.5523809523804
1734825600,663.3,669.2,639.2,649.5,13859.186,43492.415299990535,585.3465000000002,647.8919999999997,703.0809523809518
1734912000,649.3,698.3,637.8,693.4,42785.899,40441.736849990535,585.9620000000002,649.4919999999997,704.1999999999995
1734998400,693.1,699.2,681.8,696.7,24764.611,34543.98494999054,586.5885000000003,650.8839999999997,704.6428571428565
1735084800,696.9,712.8,695.5,702.5,14682.452,29997.009949990537,587.2085000000003,652.9339999999997,704.3095238095232
1735171200,703.2,719.6,682.1,688.9,27331.975,29137.250649990536,587.6320000000003,654.7379999999998,706.471428571428
1735257600,689,710,684,691.2,27105.748,28684.16064999054,587.9440000000003,656.3619999999999,704.623809523809
1735344000,691.2,730.6,690.9,721.7,30909.477,29325.891799990535,588.2050000000003,659.0739999999998,702.8190476190471
1735430400,721.6,724.3,689.4,694.2,19059.6,27907.729699990537,588.0910000000002,661.9639999999998,701.4523809523804
1735516800,693.7,711.8,685.8,704.6,21741.321,26934.210299990536,587.8445000000004,664.7439999999998,699.5523809523804
1735603200,704.4,715.3,698.3,701.5,13182.246,25593.458949990534,587.7565000000003,666.6719999999998,698.1952380952375
1735689600,701.5,710.2,699.5,707.1,9837.042,24370.798049990535,587.8210000000004,668.5239999999998,695.8904761904755
1735776000,707.1,715.6,697.5,705.7,22013.488,23887.982549990535,587.9205000000003,670.9999999999999,696.5809523809518
1735862400,705.9,715.7,696.9,714.6,29038.482,24459.969999990535,588.0000000000003,672.386,697.7333333333327
1735948800,715.2,721.7,708.2,713.4,13991.262,24461.163499990536,588.3310000000004,673.9259999999998,697.523809523809
1736035200,713.6,713.8,702.1,709.2,6230.134,23438.510649990538,588.9265000000003,674.7539999999998,697.5047619047613
1736121600,710.2,745.5,706.1,729.8,21497.367,23267.163249990535,589.3010000000004,676.3799999999999,696.971428571428
1736208000,729.9,733.4,690.9,698.1,19505.729,22997.503049990533,589.8270000000003,678.0639999999999,696.866666666666
1736294400,697.6,707.3,675.8,696.2,25570.72,22651.184949990537,590.3195000000003,679.9039999999998,696.4333333333327
1736380800,695.9,702,674.7,685.6,22325.951,21756.955699990536,590.8155000000004,681.7859999999997,696.8809523809517
1736467200,686.1,702.2,683.5,693,19297.855,21236.527249990533,591.2920000000004,683.5139999999998,695.9571428571422
1736553600,693.1,701.5,690.3,696.8,8917.185,20989.427199990536,591.8430000000004,685.7359999999999,696.4380952380945
1736640000,696.9,698.5,689.8,693.1,6830.701,19191.667299990535,592.4665000000003,687.314,697.4095238095231
1736726400,693.4,699.9,657.5,688.6,22311.27,19069.00024999054,593.0165000000004,688.9119999999998,698.0999999999993
1736812800,688.4,700.6,686.5,699.1,13880.3,19028.89264999054,593.7265000000004,690.5079999999999,699.6999999999992
1736899200,699.3,715.3,688.6,714.7,15185.998,18421.59379999054,594.2855000000004,691.9179999999999,701.7761904761898
1736985600,715.1,717.4,700.5,708.2,17627.766,17947.69469999054,594.8110000000004,693.1879999999999,701.5476190476184
1737072000,708.2,730.1,708.2,721.8,20054.846,17404.96314999054,595.3515000000003,694.0379999999999,701.6619047619041
1737158400,722.3,723.5,694.8,708.8,18165.631,17360.26469999054,595.9755000000004,694.6079999999998,702.2428571428566
1737244800,708.6,714.7,673.6,682.5,35295.878,18037.992549990544,596.5680000000004,695.8659999999999,703.1619047619041
1737331200,680.4,710,664.3,681.7,56895.18,20223.63924999054,597.1690000000003,697.89,704.619047619047
1737417600,682.4,697.9,673,692.2,24692.778,20966.426049990543,597.7050000000004,699.1579999999999,704.0047619047613
1737504000,692.3,703.8,689.8,695.1,17698.389,20750.67109999054,598.3665000000004,700.512,703.4476190476184
1737590400,694.9,697.2,674.9,690,36437.378,21120.61589999054,599.0915000000003,701.5879999999999,702.3571428571422
1737676800,690.1,691.5,677.5,680.3,16006.808,21221.39319999054,599.7235000000004,702.1599999999999,701.9142857142851
1737763200,679.6,689.4,677.7,686.2,6716.701,21245.72154999054,600.4500000000004,702.664,701.3428571428566
1737849600,686.6,691,664.2,667.2,6185.685,20480.137449990543,601.0965000000003,703.5479999999999,700.5952380952376
1737936000,666.8,681.1,637.2,680.1,34046.837,21207.19284999054,601.7275000000004,702.7399999999999,698.9619047619042
1738022400,680.1,683.1,659.1,661.2,17243.135,20790.813599990543,602.5685000000004,701.7319999999999,697.6666666666662
1738108800,661.5,679.3,659.3,667.9,10981.467,20223.589399990542,603.5395000000004,700.9859999999998,695.6666666666662
1738195200,668.4,683.4,665.6,677.6,8203.541,19668.873699990545,604.3830000000004,700.0879999999997,693.2999999999995
1738281600,677.8,690.3,673.6,677.4,12296.142,19837.821549990542,605.3785000000004,698.4279999999999,691.5428571428566
1738368000,677,681.3,650.5,653.1,12607.758,20126.67439999054,606.2260000000005,697.1779999999998,690.1952380952376
1738454400,652.6,663,600.4,617.4,26010.03,20311.612399990543,607.0710000000004,696.5999999999999,689.8142857142852
1738540800,617.8,619.3,508.1,617.6,70283.712,23131.782999990544,607.7820000000004,696.4119999999998,689.0714285714281
1738627200,618.5,619.9,558.3,572.9,22314.848,23488.22549999054,608.5565000000005,695.7339999999998,686.9904761904758
1738713600,573.4,579.2,561.4,569.5,13003.656,23257.01999999054,609.1915000000005,695.1599999999999,683.3857142857139
1738800000,569.7,590.2,568.9,572.2,15760.181,23042.28674999054,609.8670000000005,693.7059999999998,680.0047619047615
1738886400,572.1,590.5,570.8,578,11689.84,22718.497199990543,610.5290000000005,691.7419999999997,673.9952380952377
1738972800,577.2,634,573.9,612.8,33617.777,22634.59214999054,610.9875000000004,689.7279999999997,667.080952380952
1739059200,612.9,648.6,603.1,616.2,43525.471,21966.10669999054,611.3690000000005,686.7779999999998,660.6047619047615
1739145600,616.4,622.5,596.7,618.8,22610.842,21862.009899990542,611.6105000000005,683.8179999999998,653.7571428571424
1739232000,618.9,647,615.4,642.3,40967.386,23025.459749990543,611.8390000000004,681.5399999999997,649.1857142857139
1739318400,641.8,705.5,627,697.2,64105.358,24408.858749990544,611.7335000000004,679.7959999999998,646.028571428571
1739404800,696.8,732.5,659.4,665.2,121194.397,29668.238199990545,611.6130000000005,678.4819999999999,643.033333333333
1739491200,665.6,685.1,652.1,659.8,34785.56,31071.68114999054,611.4610000000005,677.5419999999998,640.6571428571424
1739577600,659.2,671.4,653.7,662.3,15377.985,31531.29614999054,611.4120000000005,676.9279999999998,640.7571428571424
1739664000,662,686.1,653.6,673.4,22441.457,30951.027149990543,611.5645000000005,675.9059999999997,639.57619047619
1739750400,673.2,682.4,658.6,667.8,19065.68,31042.154399990548,611.7715000000005,675.9159999999997,638.5999999999996
1739836800,667.8,668.6,630.1,648.1,22177.657,31601.96389999055,612.0115000000005,675.1699999999998,637.4619047619043
1739923200,647.8,664.3,637.2,653.9,18135.315,32098.552599990548,612.3160000000006,674.5879999999997,637.7571428571424
1740009600,653.2,659.5,646.5,656.8,11695.108,32068.500899990548,612.8925000000006,674.0099999999998,637.1714285714281
1740096000,657.2,668.6,634.7,647.4,16211.717,32248.698849990546,613.2970000000006,673.0439999999996,636.5476190476186
1740182400,647.5,679.9,644.8,668.9,24883.982,32192.39644999054,613.7235000000006,672.5159999999996,635.880952380952
1740268800,668.8,671.4,649,658.4,10219.728,29189.197249990546,614.0930000000006,671.3859999999996,634.8904761904757
1740355200,658.8,659.6,611.2,614.8,18223.327,28984.621199990546,614.5780000000007,670.4339999999996,633.4619047619044
1740441600,616,628.5,586.9,623.2,47865.441,30727.710449990547,615.0415000000007,669.4279999999995,634.2142857142853
1740528000,622.7,631.7,594.5,611.2,41358.512,32007.62699999055,615.5695000000007,668.2619999999995,636.1666666666663
1740614400,612.1,619.4,595.3,605.5,25966.633,32721.46664999055,616.1905000000007,667.3479999999996,636.0333333333328
1740700800,605.5,606.1,559.8,588.3,35964.226,32838.78909999055,616.9910000000007,666.2479999999996,638.428571428571
1740787200,588.1,610,586.9,608.3,20273.786,31676.20484999055,617.9050000000007,664.3599999999997,640.4142857142854
1740873600,608.1,637.1,601.9,624.3,43492.85,32720.305249990553,618.8225000000007,662.2279999999996,641.9999999999995
1740960000,624.8,625.2,567,576.1,34638.318,32403.851849990548,619.7400000000007,660.4899999999996,642.4904761904758
1741046400,575.8,590.4,548,584.1,26788.128,30537.99034999055,620.2270000000007,658.6759999999996,642.27619047619
1741132800,583.7,606.5,580.7,598.6,16101.22,25283.33149999055,620.7975000000007,656.7299999999997,642.6619047619043
1741219200,599.2,613.1,589.5,596.7,13730.625,24230.584749990547,621.2360000000007,655.0359999999997,640.6285714285709
1741305600,596.5,611.1,577.7,594.9,30449.362,24984.15359999055,621.7450000000006,653.5859999999997,637.8571428571424
1741392000,594.5,602.7,589.7,593.4,9846.411,24354.40129999055,622.0945000000006,651.2459999999996,633.1619047619043
1741478400,593.3,593.5,550.4,554.8,19244.446,24363.33959999055,622.5140000000007,649.1559999999996,629.8999999999995
1741564800,555.7,572.5,523.7,531.5,24767.364,24492.82494999055,623.0175000000006,647.1459999999996,626.8095238095233
1741651200,532.9,566.7,508.5,551.9,36449.507,25408.53454999055,623.3015000000007,644.7859999999996,623.5285714285709
1741737600,552.2,575,544.9,570,29657.49,26306.653649990552,623.6215000000007,642.5199999999995,617.8809523809518
1741824000,570.2,612.9,568,580,52496.163,28120.87594999055,623.9045000000007,639.9519999999997,611.3904761904756
1741910400,579.6,590,576.9,588.2,21562.441,27954.798899990554,624.2305000000008,636.8719999999997,606.8095238095233
1741996800,588.5,620.2,588.2,620.1,26019.709,28744.797949990556,624.4095000000007,633.8519999999996,602.8142857142852
1742083200,620.2,623.1,593.7,602.5,16370.216,28652.142399990553,624.5275000000007,631.2559999999995,599.1571428571424
1742169600,602.5,643.9,602.4,632.3,38633.6,28190.550349990554,624.4500000000006,628.8119999999996,596.3380952380948
1742256000,632,643.6,621,628.3,27804.415,27512.845499990555,624.1910000000006,626.5099999999996,594.0142857142853
1742342400,628.2,628.5,605.1,619.2,22156.456,27322.336649990553,623.9895000000006,624.4739999999996,591.3523809523804
1742428800,619.7,638,616.6,630.4,29151.645,26981.707599990554,623.9350000000006,623.2699999999996,592.1857142857137
1742515200,630.4,637.8,625.3,635.1,15669.471,26751.49184999055,623.9630000000006,621.5959999999997,592.4285714285709
1742601600,634.9,636.1,624,626.9,8290.432,24991.370949990553,624.1605000000006,620.8979999999996,592.8095238095233
1742688000,626.9,629.2,619.7,624.4,9751.732,23747.041649990555,624.5920000000007,619.8619999999995,593.9952380952376
1742774400,623.9,639.5,618.4,637.4,20662.008,23440.73564999055,624.9185000000007,619.0219999999995,596.223809523809
1742860800,637.1,645.3,626.5,630.4,20755.289,23673.43909999055,625.3965000000007,618.2719999999995,597.1095238095232
1742947200,630.2,634.9,615.5,618.3,9447.728,23459.294249990555,625.8610000000007,617.4219999999996,597.1142857142853
1743033600,618.6,642.5,617.6,637.6,28647.131,23369.182699990553,626.2905000000006,616.4119999999996,600.0333333333328
1743120000,637.6,640,615.8,619.8,20924.995,23923.111899990552,626.8785000000007,615.8379999999996,602.2380952380947
1743206400,619.7,623.9,597.2,603.1,14375.189,23679.649049990552,627.4205000000006,616.2379999999996,603.17619047619
1743292800,602.9,613.4,593.4,602.3,10725.956,22977.57864999055,627.9595000000007,616.4939999999997,605.123809523809
1743379200,602.7,608.9,587.6,605,19283.993,22119.302949990553,628.5415000000007,617.4019999999996,606.3095238095232
1743465600,604.7,618.6,604.5,611.2,21942.641,21733.560499990555,629.2160000000007,618.7639999999996,606.771428571428
1743552000,611.3,612.9,583.9,590.4,25982.414,20407.873049990554,629.9305000000007,619.7159999999997,609.0333333333327
1743638400,590.6,610,578.8,592.4,20010.035,20330.252749990552,630.5530000000007,620.2179999999996,612.5333333333326
1743724800,592.9,600.1,585,597.4,12824.361,19670.48534999055,631.2235000000006,620.0079999999996,615.3571428571422
1743811200,597.2,598.7,588.9,593.2,2538.986,18978.92384999055,631.7280000000006,619.7839999999995,616.3285714285709
1743897600,593.1,593.7,544.2,555.2,12520.729,17673.28029999055,632.1570000000007,619.6319999999995,616.919047619047
1743984000,554.9,567.1,518.8,554.6,30522.943,17809.20669999055,632.5160000000006,618.5939999999996,617.3571428571422
1744070400,554.3,566.3,547.1,553.3,15865.112,17494.639499990553,632.8170000000006,616.4979999999996,616.0761904761899
1744156800,554.2,586.4,534.2,582.2,27489.655,17411.53999999055,633.0880000000006,615.1419999999995,613.8238095238089
1744243200,582.6,583.1,565.6,577.6,21671.709,17711.651899990546,633.2710000000006,613.8099999999996,610.1238095238089
1744329600,578,590.5,575.2,585.8,19749.897,18284.62514999055,633.4640000000006,611.6679999999996,606.5523809523804
1744416000,586,600.7,583.9,597.2,6641.614,18129.11924999055,633.7815000000006,609.2919999999996,604.7904761904755
1744502400,597.4,598.4,579,584,7738.537,17482.945699990545,634.0150000000007,607.0019999999996,602.2761904761899
1744588800,584,594.1,582.8,584.3,8943.717,16892.367099990548,633.9925000000006,605.6839999999996,599.9285714285709
1744675200,584.9,592.5,579.3,579.6,9066.539,16873.307649990547,633.9305000000007,604.1579999999997,598.514285714285
1744761600,579.4,586.2,575.9,582.7,7937.998,15837.850999990547,633.8515000000007,602.7379999999997,596.5904761904754
1744848000,582.4,593.1,581,590.3,7597.606,15171.481549990549,633.8175000000007,601.7339999999997,594.0619047619041
1744934400,590.5,595.9,587,591.6,9371.644,14921.304299990548,633.7615000000006,600.0359999999996,591.6428571428564
1745020800,591.7,594.5,587.2,591.5,6076.236,14688.818299990546,633.6660000000007,598.5539999999996,589.9476190476183
1745107200,591.6,595,587,592.5,7869.103,14118.073799990545,633.6205000000008,597.8499999999997,587.6952380952373
1745193600,592.7,608.2,592.3,597.3,10482.228,13545.053149990545,633.6025000000008,597.0399999999996,586.3523809523801
1745280000,597.4,621.7,594.4,618.6,16971.276,13094.496249990547,633.5405000000007,596.6219999999996,585.7999999999993
1745366400,619.8,620.4,601.6,605.7,13803.544,12784.171699990546,633.4015000000007,596.3439999999996,585.3333333333326
1745452800,605.9,607,593.5,601.7,11126.741,12699.290699990546,633.3075000000007,596.4079999999997,584.9666666666659
1745539200,601.5,610.3,597.1,600.4,12556.613,13200.172049990546,633.2795000000007,596.0919999999996,585.3190476190468
1745625600,600.2,609.7,599.6,607.4,8055.614,12976.916299990547,633.3995000000007,595.5519999999997,586.0476190476181
1745712000,607.7,608.6,597.5,603.8,3153.011,11608.419699990547,633.6195000000008,596.4019999999997,586.4904761904754
1745798400,603.9,608.4,598.9,606.4,5238.781,11077.103149990548,633.8685000000007,596.8339999999996,586.6333333333324
1745884800,606.4,611,598.7,601.2,6074.298,10006.335299990547,634.1300000000007,596.8959999999997,587.309523809523
1745971200,601.3,604.9,592.7,600.1,5372.983,9191.398999990548,634.4445000000007,596.9699999999997,589.6238095238086
1746057600,599.9,606.1,598.4,599.9,7467.135,8577.260899990548,634.6575000000007,597.2199999999997,592.0904761904753
1746144000,600.3,604,595.6,601.1,12880.005,8889.180449990548,634.8140000000008,597.4279999999997,594.3714285714277
1746230400,601.1,601.5,595.9,599.7,5874.828,8795.994999990548,634.9945000000008,598.4599999999997,595.2238095238087
1746316800,599.7,600.7,585.5,586.6,4818.485,8589.733399990548,635.1280000000007,599.8539999999997,596.2857142857134
1746403200,586.5,600.4,584.4,598,10230.297,8647.921299990547,635.2965000000008,600.8179999999996,597.0142857142848
1746489600,598,604.2,593.6,602.7,8182.064,8660.124599990548,635.5115000000009,601.4159999999997,597.1333333333324
1746576000,603.1,609.4,597.5,603,8376.381,8699.063349990549,635.6500000000009,601.8379999999996,597.257142857142
1746662400,603.4,629.5,601,629.2,14369.169,8948.939599990548,635.7670000000008,602.0679999999996,597.909523809523
1746748800,628.8,670.5,623.3,666.3,14377.285,9363.992049990547,635.9055000000009,601.3979999999997,599.009523809523
1746835200,666.3,679.1,648.9,663.9,15200.207,9730.547249990548,635.9645000000008,601.3079999999998,599.9761904761896
1746921600,663.1,667.9,648.3,650.7,9635.539,9688.212799990546,635.9900000000009,600.7159999999997,601.8285714285705
1747008000,650.7,692.7,648,660.3,21819.319,9930.614949990546,635.9185000000009,600.2099999999997,605.3857142857134
1747094400,660.4,671.3,641,664.4,10792.226,9780.049049990546,635.9450000000008,600.4099999999997,608.8333333333325
1747180800,664.1,666.2,647.1,652.7,11944.704,9820.947199990545,635.9635000000009,601.1279999999997,611.604761904761
1747267200,652.5,660.9,642.7,651.7,11216.825,9753.957799990545,635.9895000000008,601.7039999999997,614.6047619047611
1747353600,651.8,660,644.3,646.4,7221.136,9712.233899990544,636.1065000000008,602.1799999999997,616.7857142857134
1747440000,646.7,646.8,635.3,640,4960.81,9802.623849990545,636.4450000000008,602.8979999999997,619.0238095238086
1747526400,639.5,655,635,651.7,5493.103,9815.339949990546,636.7975000000008,603.4379999999996,621.4047619047609
1747612800,652.2,653.6,633.9,649.8,6666.409,9844.945499990547,637.1285000000008,603.8839999999997,623.5952380952372
1747699200,649.9,653.8,640.4,650.1,5957.499,9874.171299990547,637.4595000000008,604.5519999999997,625.1476190476182
1747785600,650,678.3,648.6,673.8,15430.611,10272.345099990545,637.9085000000009,604.7279999999996,627.4285714285705
1747872000,673.4,689.5,673,686.3,11086.899,10182.689799990545,638.2580000000008,605.1319999999996,629.4952380952373
1747958400,686.2,691.2,653.8,656.9,12734.026,10525.649699990547,638.5725000000009,606.1039999999996,631.8238095238087
1748044800,656.6,677,655.1,667.9,6823.882,10625.919549990547,638.8005000000009,607.0539999999996,635.3333333333325
1748131200,667.8,672.3,657.1,669.5,6304.332,10429.621299990547,638.9700000000008,607.9559999999997,639.4476190476182
1748217600,669.3,678.3,667.6,674.3,4458.193,10243.427749990547,639.2505000000008,609.2079999999996,642.1047619047611
1748304000,674.2,697.7,666,687.1,11263.994,10387.808399990547,639.6195000000008,611.1259999999996,645.3523809523801
1748390400,686.9,689.1,680.2,687,16327.694,10485.734649990547,640.0050000000008,612.4159999999996,649.2999999999992
1748476800,687,691.4,672.8,675.2,11224.811,10328.110949990547,640.5325000000008,613.8259999999996,652.9333333333326
1748563200,675.2,678.4,653,655.7,9985.85,10067.393099990546,641.1750000000008,615.3519999999995,656.9523809523802
1748649600,656.4,661.7,646,658.4,9230.528,10047.142549990547,641.6985000000009,617.7339999999996,660.9523809523802
1748736000,658.5,662.6,648.1,661.2,5758.599,9244.106549990547,642.2205000000008,620.3839999999996,663.1428571428563
1748822400,661,667.4,650.2,666.3,7789.527,9093.971599990547,642.6055000000008,623.0579999999995,662.6380952380945
1748908800,666.1,673.6,657.6,661.6,10618.845,9027.678649990547,642.9840000000008,624.9179999999996,662.3761904761897
1748995200,661.7,672,661.1,663.3,9742.487,8953.961749990547,643.4300000000009,626.4799999999996,662.8761904761898
1749081600,663.5,670.9,625.6,634,14394.618,9312.635849990545,643.7405000000009,627.9319999999996,663.161904761904
1749168000,633.7,652,630.3,643.5,5914.82,9360.336349990546,643.9785000000008,629.2119999999995,663.0285714285707
1749254400,643.4,654,640.6,651.4,2692.624,9220.312399990547,643.9565000000009,630.8579999999995,663.5333333333325
1749340800,651.3,656.8,646.9,652.3,3566.151,9065.299499990546,644.1195000000009,632.4039999999995,662.6904761904755
1749427200,652.3,668.7,648.5,665.8,9564.891,9245.669099990546,644.3180000000009,634.0779999999995,662.5523809523802
1749513600,665.6,673.7,657.4,673.6,5903.177,8769.297399990546,644.536500000001,635.1039999999995,663.0952380952373
1749600000,673.3,673.9,662.7,667.7,5597.623,8494.833599990545,644.748000000001,636.1679999999996,663.1238095238086
1749686400,667.4,669.8,652.4,655.2,9576.81,8336.972799990544,644.9505000000009,637.3639999999996,663.8857142857134
1749772800,654.5,659.7,640,655.6,11564.42,8573.999699990545,645.0270000000008,638.5799999999996,665.0047619047612
1749859200,655.4,655.5,639.4,646.2,5795.949,8548.580549990544,645.1485000000008,640.0459999999996,664.714285714285
1749945600,646.1,652.2,643.2,648.5,3184.638,8484.902799990545,645.3240000000009,641.5719999999997,663.2333333333326
1750032000,648.3,660.3,646.7,651,5333.867,8188.396449990544,645.5565000000009,642.5539999999996,663.1714285714277
1750118400,650.7,659,640.3,648.6,11067.761,7925.399799990545,645.7730000000009,643.5439999999996,662.1380952380944
1750204800,648.6,654.4,637.8,645.2,11129.548,7920.636649990546,645.974500000001,644.6219999999996,661.1380952380945
1750291200,645.3,646.7,638.9,644.8,2709.007,7556.794499990547,646.060000000001,645.5379999999997,660.0285714285706
1750377600,644.9,651,638.1,641.9,9583.171,7574.426649990547,646.035500000001,646.3599999999997,658.1952380952373
1750464000,641.9,645.1,622,629.5,10907.48,7831.870699990548,646.132500000001,647.3039999999996,656.2047619047611
1750550400,630.4,635.6,602.8,616.4,9370.598,7910.924249990548,646.296000000001,648.1479999999997,654.757142857142
1750636800,616.1,643.5,615.2,641.1,6483.983,7704.181149990548,646.3145000000009,649.0279999999997,654.0999999999991
1750723200,641,644.9,636.8,643.8,4209.495,7427.531549990548,646.2990000000009,649.9219999999997,652.7238095238087
1750809600,643.9,652.8,642.1,646.3,7847.054,7100.153349990549,646.267000000001,650.7619999999997,650.5904761904753
1750896000,646.3,650.8,641.6,642.5,2493.648,6929.094749990548,646.2235000000009,651.3299999999997,649.3904761904753
1750982400,642.4,648.9,639.7,646.2,2278.553,6908.391199990549,646.1650000000009,651.6639999999998,648.5428571428563
1751068800,646.2,649.4,644.4,648.9,1475.102,6803.838749990548,646.1345000000008,652.7539999999997,647.7333333333324
1751155200,648.9,656,647.2,655.1,2604.229,6455.805649990549,645.6045000000008,653.6699999999997,648.1380952380944
1751241600,655,660.3,651.4,657.1,9769.762,6649.134899990549,644.9845000000008,654.5419999999998,648.2666666666659
1751328000,657.2,659.4,644.6,646.7,7124.65,6725.4862499905485,644.6020000000009,655.3319999999998,648.1476190476182
1751414400,646.9,666,644.5,660.2,13399.354,6916.613449990548,644.1655000000009,655.6719999999998,648.2809523809516
1751500800,660.4,665.5,656.5,663.9,4991.314,6587.958149990549,643.6460000000009,655.3239999999997,647.8666666666659
1751587200,664,664.5,650.7,654.1,2365.608,6416.441099990549,643.1455000000009,655.1479999999997,646.5857142857135
1751673600,654.1,657.2,652.4,656.5,1237.783,6319.098349990549,642.9260000000008,655.2759999999997,646.2285714285706
1751760000,656.6,665.5,653.9,663.6,8552.605,6480.035249990548,642.7840000000008,655.0039999999997,646.6428571428563
1751846400,663.4,666.7,656.9,661.3,12033.436,6528.318999990549,642.5020000000009,654.9199999999997,646.5714285714276
1751932800,661.2,663,657.6,660.8,8940.656,6418.874399990549,642.257000000001,655.1439999999998,647.0619047619039
1752019200,661.1,672.1,659.6,669.3,11695.904,6868.219249990549,641.8615000000009,655.1919999999998,647.7809523809515
1752105600,669.3,689.9,667.4,685.8,17475.268,7262.824099990549,641.584500000001,655.3939999999998,648.2714285714277
1752192000,685.8,697.1,682.9,689.9,13216.306,7378.26539999055,641.3125000000009,655.8659999999998,648.85238095238
1752278400,690,697,679.8,685.8,4470.197,7133.2453499905505,640.9810000000009,656.0579999999999,649.9999999999991
1752364800,685.9,694.2,684.6,691.8,5197.375,7068.91494999055,640.6760000000008,656.2779999999999,651.95238095238
1752451200,691.9,707.5,686.3,689.3,14804.691,7598.67474999055,640.5635000000009,656.6619999999998,654.2380952380944
1752537600,689,693.7,674.7,690.1,9854.58,7699.051049990549,640.5440000000009,656.9019999999998,656.9190476190468
1752624000,690,715.9,685.7,709,32981.461,9223.44169999055,640.4555000000009,656.9739999999998,660.509523809523
1752710400,709.1,728.1,707.6,721.3,23201.673,10269.59769999055,640.4860000000009,657.5519999999998,662.804761904761
1752796800,721.4,765.6,719.4,730.3,37617.425,12076.71384999055,640.6675000000009,658.0299999999999,665.0095238095229
1752883200,730.5,742.5,719.7,733.5,21922.112,13042.60799999055,640.6500000000009,658.4259999999999,667.9952380952373
1752969600,733.6,761.7,732.1,757,24302.153,13769.227549990552,640.5955000000009,658.7419999999998,671.7476190476182
1753056000,756.5,781.9,746.3,766.7,30849.297,14955.459899990552,640.5420000000008,659.1799999999998,675.75238095238
1753142400,766.7,788.4,745.2,786.9,27385.654,15654.77489999055,640.5440000000008,659.8659999999999,679.7809523809515
1753228800,787,810.2,753.4,777,35459.279,17178.17314999055,640.5385000000009,660.9679999999998,684.6333333333325
1753315200,777,786.4,744,771,17240.879,17921.93669999055,640.4750000000008,662.5239999999999,689.85238095238
1753401600,771,785.9,752.7,785.7,29198.972,19319.99614999055,640.6105000000008,664.4959999999999,696.5285714285704
1753488000,785.3,798.4,778.6,793.7,5862.735,19185.50264999055,640.7390000000008,666.6060000000001,702.0904761904753
1753574400,793.9,847.6,791.7,844.3,26704.983,19919.07999999055,640.8990000000008,669.018,707.1904761904754
1753660800,844.3,861.2,821.5,824.2,28495.264,20896.81039999055,641.1485000000008,671.3259999999999,713.457142857142
1753747200,823.9,835.2,800.3,805.4,26529.195,21638.474949990552,641.4535000000008,673.48,719.9904761904753
1753833600,805.5,811.2,766.8,793.8,19789.359,21754.179499990554,641.8150000000009,676.5139999999999,728.5952380952373
1753920000,793.6,815,779.9,783.5,24539.792,22320.353799990557,642.1330000000008,679.5179999999999,736.35238095238
1754006400,783.3,795.7,745.3,757.1,33315.21,23762.60444999056,642.4420000000008,683.3759999999999,743.2380952380944
1754092800,756.9,770.3,732.8,737,15336.996,24269.585499990557,642.7215000000008,686.814,749.1666666666658
1754179200,736.4,756.4,729.7,751.8,10755.819,24067.141899990558,643.1995000000007,689.6059999999999,753.8190476190468
1754265600,752.3,769.9,751,769,17973.555,24473.090649990558,643.9400000000007,692.01,757.0190476190468
1754352000,768.8,769.8,745.5,755.1,14410.798,23544.55749999056,644.6330000000007,694.3259999999999,759.4571428571421
1754438400,755.1,775.1,746.6,770.1,7412.789,22755.113299990557,645.1950000000007,696.3639999999999,762.314285714285
1754524800,769.8,789,764.5,789,11226.668,21435.575449990556,645.6800000000007,697.992,766.1095238095231
1754611200,788.6,801.3,781.2,793.8,7866.027,20732.771199990555,646.1320000000007,700.1039999999999,769.2047619047611
1754697600,793.8,819.1,793.2,799.1,10858.879,20060.607499990558,646.4745000000007,702.5139999999999,772.114285714285
1754784000,799.1,815.4,794.2,807.2,8842.524,18960.268849990556,646.6640000000008,704.5959999999999,775.3380952380945
1754870400,807,827.6,792.7,805.5,10691.132,18125.542749990556,646.8495000000007,707.026,778.361904761904
1754956800,805.5,839.8,798.1,832.4,14974.66,17101.311799990555,647.1535000000007,709.9019999999999,781.4857142857135
1755043200,832.2,858.3,828.3,847.6,20238.321,17251.183899990552,647.3200000000007,712.882,783.8761904761897
1755129600,847.4,869.3,822.3,841.1,27145.042,17148.487399990554,647.6265000000006,716.026,785.7238095238089
1755216000,841,854,813.2,828.5,11255.015,17418.101399990555,648.1590000000008,719.58,787.8904761904755
1755302400,828,840,826,839.3,6037.365,16384.720499990555,648.7195000000007,723.362,791.2523809523802
1755388800,839.7,864.6,838.9,855.8,12854.57,15602.685799990553,649.2540000000007,727.188,794.5904761904756
1755475200,855.8,859,825.8,847.4,10669.063,14809.679199990554,649.8145000000007,731.2639999999999,796.6285714285708
1755561600,847.7,852.4,823.2,824.1,9821.924,14311.307449990554,650.3920000000007,735.16,798.7999999999993
1755648000,824.4,881.3,818.9,869.3,17603.589,13964.497299990553,651.1525000000007,738.88,799.3476190476183
1755734400,869.2,884.2,834,839.8,14307.741,13014.123849990554,651.9595000000007,742.742,800.4523809523803
1755820800,840.1,900.8,839.7,899.9,19746.38,13234.593049990555,652.8290000000007,746.88,801.3428571428565
1755907200,900,900,876.1,880.4,16519.656,13522.784899990555,653.5710000000008,750.7259999999999,804.9380952380945
1755993600,880.5,886.5,849.3,876.8,21552.468,13701.730549990554,654.4615000000008,754.0659999999999,807.6190476190469
1756080000,876.7,880.9,833.8,839.9,14314.611,13696.921199990553,655.4010000000007,758.5179999999999,814.4190476190471
1756166400,838.7,868.8,831.1,864.3,9226.657,13787.614599990553,656.2500000000009,762.1099999999999,821.2476190476184
1756252800,863.5,867.5,853.8,855.8,4839.023,13468.232349990552,656.9835000000007,766.8299999999998,827.1999999999994
1756339200,855.7,881.2,852,874,14828.954,13816.378699990553,658.0645000000009,771.3559999999999,830.5761904761899
1756425600,873.5,878.3,850.8,862.8,13912.694,13969.069449990555,659.1765000000008,775.7619999999998,835.7761904761899
1756512000,862.2,864.2,852.2,862.1,5922.962,13823.091349990555,660.5880000000008,779.2879999999999,839.8571428571423
1756598400,862.4,868.2,857.4,858.1,5422.907,13559.680099990557,662.1255000000008,783.3479999999998,843.9047619047614
1756684800,858.1,868.5,839.5,846.1,17164.96,13669.195099990557,663.6620000000008,787.2479999999999,847.1904761904757
1756771200,845.6,857.6,841.1,852.1,7190.957,13016.826899990556,665.0005000000008,791.342,850.1904761904757
1756857600,852.1,864.4,849.4,855.3,4437.723,11881.460949990555,666.4320000000007,794.882,852.6142857142851
1756944000,855.9,857.4,841.8,844.1,4692.729,11553.346649990553,667.6470000000008,798.3259999999999,854.5476190476186
1757030400,844.4,858,842.5,850.1,9399.059,11721.431349990555,668.9360000000008,801.7719999999998,855.4857142857136
1757116800,849.8,864.7,849.5,861.3,7594.096,11458.407649990553,670.1560000000007,804.8579999999998,855.8523809523804
1757203200,862,884,861,880.3,8102.834,11330.096199990554,671.2550000000009,808.1139999999999,855.9952380952375
1757289600,880.4,885.7,870.1,877.9,7591.827,11218.591349990555,672.0595000000009,811.4179999999999,857.023809523809
1757376000,878.5,884.9,871.3,880.1,7038.056,10690.314699990555,672.9640000000009,814.1199999999999,858.0714285714279
1757462400,880,907.2,877.3,893.6,11968.348,10573.345049990554,673.9255000000007,816.6959999999999,859.2380952380945
1757548800,893.8,904.6,888.6,902.8,9244.417,10048.246899990552,674.8905000000008,819.3159999999999,860.6904761904755
1757635200,903.5,929.8,901.6,925.3,11445.035,9794.515849990554,675.7440000000008,822.252,863.3571428571422
1757721600,925.3,949.6,922.8,934.1,15116.54,9472.719449990554,676.6555000000008,824.67,864.5142857142849
1757808000,933.9,944.8,922.5,927.3,6194.828,9066.730299990555,677.7215000000008,826.9379999999999,867.5142857142849
1757894400,927,936.4,911.3,920.1,9171.844,9063.989649990555,678.8535000000007,829.072,868.7238095238089
1757980800,920,959.7,917.3,956,16773.667,9660.721849990554,679.9590000000009,831.5879999999999,871.2809523809517
1758067200,956.2,995.5,946.8,990.6,22833.063,10060.927299990555,681.1225000000007,834.674,873.6857142857136
1758153600,990,1006.9,979.9,981.3,19946.484,10362.616799990556,682.2460000000008,837.6419999999998,877.5047619047612
1758240000,981.8,1003.1,974.8,984.9,10946.642,10613.800799990555,683.4680000000008,840.3139999999999,881.871428571428
1758326400,985,1048.4,983.9,1044.7,25645.458,11624.928349990554,685.0205000000008,841.8299999999998,888.2904761904756
1758412800,1044.6,1087.3,1040.5,1049.1,34085.878,12470.974249990555,686.5750000000007,844.4659999999999,893.3999999999995
1758499200,1048.6,1051,977.9,993.7,30826.195,13652.736149990556,688.1555000000008,848.1699999999998,899.2142857142852
1758585600,992.9,1027.7,963.5,1016.6,22148.485,14538.274249990554,689.7285000000007,851.9199999999998,907.9095238095232
1758672000,1016.3,1034.9,992,1019.1,15890.097,15098.142649990556,691.5670000000008,855.9479999999999,917.0047619047613
1758758400,1019.2,1020.4,939.7,946.4,26982.647,15977.322049990555,693.4785000000007,861.6999999999998,924.0333333333328
1758844800,946.3,966.9,933.4,961.7,13903.567,16292.795599990553,695.2635000000008,867.9419999999998,931.8666666666662
1758931200,961.5,986.6,956.7,969.5,8816.762,16328.491999990554,697.3075000000009,872.7799999999999,939.6666666666662
1759017600,969.5,994.4,964.1,993.6,6777.999,16287.800599990554,699.6105000000008,877.7319999999999,944.5380952380949
1759104000,993.7,1036.6,991.9,1030.6,15855.088,16728.652199990556,701.8630000000007,883.0119999999998,949.8523809523805
1759190400,1030,1034.7,993.7,1008.4,8744.333,16567.451449990556,703.8480000000008,886.5379999999998,955.0047619047615
1759276800,1008.9,1036.4,1003.5,1027.1,14695.68,16840.014599990554,705.9565000000008,889.9919999999998,960.3999999999995
1759363200,1028.2,1099.5,1023.1,1090.8,20843.915,17309.958599990554,708.0850000000007,893.5059999999997,967.6714285714284
1759449600,1090.2,1192.7,1084.5,1189.7,44120.044,18760.133799990555,710.0430000000008,897.3959999999997,973.7809523809522
1759536000,1189.8,1190.6,1136.3,1151,18602.3,19380.507399990554,712.1940000000009,901.8639999999997,980.1380952380949
1759622400,1151.1,1187.9,1144.2,1167.5,13627.366,19603.283499990554,714.2820000000008,905.9219999999997,989.0904761904759
1759708800,1167.5,1239.6,1162.9,1223.7,28499.434,20189.571849990556,716.4000000000008,909.816,1001.6809523809521
1759795200,1223.7,1355.1,1205.5,1304.8,74441.805,22770.00894999055,718.6530000000007,914.68,1012.0095238095237
1759881600,1305.9,1334.5,1265.2,1308.2,56335.5,24589.459749990554,720.7540000000008,921.6520000000002,1023.4476190476189
1759968000,1308,1318.7,1225,1255.9,62487.178,27166.486549990554,722.7890000000008,928.1020000000001,1037.9047619047617
1760054400,1256.1,1280.9,891.1,1104.3,94237.71,30596.099149990554,725.2305000000008,934.666,1054.5142857142857
1760140800,1102,1183.4,1077.9,1136.8,52931.492,31538.37984999055,728.0175000000007,942.0240000000001,1069.6380952380953
1760227200,1136.5,1321.1,1109.2,1304.7,65947.329,33294.436549990554,730.6310000000008,951.172,1082.7142857142858
1760313600,1302.9,1375.9,1252.2,1295.7,49851.524,34679.588499990554,733.3725000000007,960.854,1088.4
1760400000,1295.6,1319.8,1145,1209.6,57530.651,36761.61619999055,736.3390000000009,968.586,1092.7857142857142
1760486400,1209.7,1223,1150.2,1163.1,31564.183,36990.692999990555,739.6875000000007,973.8760000000001,1104.9571428571428
1760572800,1164,1198.3,1124.2,1145.4,27844.772,37687.75324999055,743.0940000000006,978.614,1119.338095238095
1760659200,1145.4,1156.8,1020.5,1072.4,39973.345,39245.58239999055,746.2515000000006,987.1000000000001,1128.5285714285715
1760745600,1072.3,1131.6,1070.8,1093.3,16076.147,39710.48979999055,748.5860000000007,995.4780000000002,1135.3857142857141
1760832000,1093.1,1133.4,1069,1110.8,18840.976,39859.78419999055,751.1180000000007,1002.8720000000003,1144.8619047619047
1760918400,1110.1,1143.3,1089,1101,21744.902,40509.812649990556,754.5500000000008,1008.8480000000002,1150.1333333333332
1761004800,1100.8,1115.2,1053.2,1058.1,14235.766,40486.81694999055,757.8405000000007,1014.6400000000001,1156.0285714285715
1761091200,1057.4,1085.4,1053.9,1072.3,12904.618,40089.852099990545,760.7895000000007,1018.6080000000002,1161.6095238095238
1761177600,1071.6,1159.9,1071.6,1127.3,68751.153,41321.40754999055,763.5895000000007,1023.2180000000003,1164.9619047619049
1761264000,1127.3,1144.8,1098.4,1109.8,12942.656,41038.425349990546,766.3050000000007,1028.1920000000002,1167.3285714285714
1761350400,1109.3,1120.8,1101.6,1116.7,6454.797,40679.79689999054,768.6420000000007,1033.0500000000002,1169.4809523809522
1761436800,1116.7,1149.3,1115,1137.8,10543.868,39782.018599990544,771.0525000000007,1037.2900000000002,1171.2190476190476
1761523200,1136.7,1181.9,1131.8,1139.2,20442.584,37082.05754999055,773.6545000000007,1041.6940000000002,1167.4142857142856
1761609600,1138.8,1148.7,1075.3,1103.9,13715.688,34951.06694999055,776.1975000000007,1047.134,1165.7809523809524
1761696000,1102.8,1121.7,1084.8,1108.4,36633.107,33658.36339999055,778.5010000000007,1052.448,1164.3666666666666
1761782400,1108.2,1129.8,1044.2,1079.5,24058.165,30149.386149990554,780.8965000000006,1057.7800000000002,1160.3428571428572
1761868800,1079.8,1105.6,1071.7,1089.3,13578.295,28181.726299990558,783.7570000000007,1063.3100000000002,1150.7761904761905
1761955200,1089.1,1096.4,1081.8,1094.8,5966.186,25182.669149990554,786.5330000000008,1068.4880000000003,1141.261904761905
1762041600,1094.8,1095.4,1072.4,1083.4,4597.262,22919.956049990556,789.3500000000007,1073.0080000000003,1132.861904761905
1762128000,1082.9,1087.5,961.8,993.1,23238.328,21205.339899990555,792.1280000000007,1077.574,1132.1476190476192
1762214400,992.9,1001.8,882.2,936.5,23463.077,20800.28459999055,794.9360000000008,1081.2920000000001,1130.1476190476192
1762300800,937.9,968,900.8,959.5,12032.128,20009.652399990555,797.5265000000006,1085.0220000000002,1119.609523809524
1762387200,959,965.1,925.1,950,6841.563,18353.063299990554,800.0825000000008,1088.412,1105.2000000000003
1762473600,949.6,995.4,925.6,990.7,12700.162,18184.264049990554,802.5600000000007,1091.3980000000001,1092.1952380952384
1762560000,990.7,1009.3,980.3,990.8,10184.979,17751.46419999055,805.0850000000006,1092.7140000000002,1082.5000000000002
1762646400,990.6,1006.9,977,996.8,7498.13,17039.12559999055,807.6610000000006,1093.0420000000001,1073.1952380952384
1762732800,996.2,1018.6,976.1,991.7,10132.361,16833.955349990552,810.1645000000007,1093.112,1069.3047619047622
1762819200,991.7,1008.3,956.3,958.1,8865.996,16632.02424999055,812.1785000000007,1092.3,1064.42380952381
1762905600,959,977.7,939.6,953.2,5940.64,13491.498599990551,813.9030000000006,1092.488,1058.9952380952386
1762992000,952.9,971.2,906.2,926.9,9646.61,13326.696299990552,815.7430000000007,1092.606,1053.7904761904765
1763078400,924.9,933.6,887.9,915.3,19118.872,13959.900049990552,817.5305000000006,1091.6480000000001,1049.0285714285717
1763164800,917.2,944.7,916.6,932,7159.965,13790.704899990553,819.4975000000007,1090.5000000000002,1043.3571428571431
1763251200,932.1,949.6,909.1,927.1,23697.656,13953.458499990553,821.3585000000006,1089.788,1033.814285714286
1763337600,927.3,939.2,891.9,907.3,29156.739,14725.511049990551,823.3140000000006,1088.5200000000002,1024.5523809523813
1763424000,906.9,939.5,885.7,932.9,21394.278,13963.56959999055,825.2640000000007,1086.6760000000002,1015.7571428571431
1763510400,932.6,941.4,872.6,897.3,13888.71,13455.096849990548,827.0525000000006,1086.0540000000003,1005.7238095238097
1763596800,897,915.2,865,866.2,20579.376,13805.150899990549,828.7815000000006,1085.4600000000003,994.6809523809525
1763683200,866.8,876.4,791.8,830.3,34368.496,15225.266399990549,830.3970000000005,1084.6120000000003,986.5380952380954
1763769600,830.6,842.6,814,833.8,13489.642,15669.88539999055,831.9415000000007,1082.8860000000002,976.4857142857145
1763856000,833.4,855.8,833,843.7,9996.637,15007.80084999055,833.5955000000006,1080.9320000000002,966.3285714285715
1763942400,843.1,876.2,830.2,865.5,21813.643,14925.32914999055,835.2305000000006,1078.71,953.9952380952382
1764028800,865.3,868,837,862.7,10903.508,14868.898149990546,836.7675000000006,1075.4920000000002,941.5666666666667
1764115200,862.8,897.4,851.6,892,15746.942,15314.167099990544,838.4265000000007,1070.2820000000002,930.152380952381
1764201600,891.9,903.8,884,895.6,11221.989,15240.258449990544,839.9145000000007,1063.1640000000002,924.0761904761904
1764288000,895.8,906.5,876.8,887.6,10201.493,15241.084149990545,841.3125000000007,1057.0180000000003,920.5619047619048
1764374400,887.6,889.1,869.1,873.5,5399.665,15136.160899990544,842.4740000000008,1050.978,917.347619047619
1764460800,873.6,900.2,870.2,875.6,7674.361,15013.260899990544,843.6295000000008,1043.7580000000003,914.757142857143
1764547200,875.8,876.9,802.6,827.1,29714.831,16055.702649990544,844.8330000000008,1035.5020000000002,909.847619047619
1764633600,827.4,885.3,821.2,876.9,13976.499,16457.495599990543,846.0145000000008,1027.2500000000002,904.2619047619048
1764720000,877.6,922.7,874.2,920.8,14447.569,16697.543549990547,846.9965000000008,1019.8840000000002,898.490476190476
1764806400,920.7,928.5,887.6,900.2,11243.559,16303.777899990548,848.1370000000009,1015.2680000000001,890.6523809523808
1764892800,900.6,907.7,870.8,883.9,11228.607,16507.209999990548,849.3615000000008,1010.0440000000002,886.7857142857143
1764979200,883.1,897.9,878.4,890.8,7825.595,15713.606949990546,850.4980000000007,1000.4920000000001,885.242857142857
1765065600,890.5,905.8,870.9,894.6,13478.115,14929.675749990545,851.5435000000008,992.1160000000001,883.9714285714284
1765152000,893.5,913.3,889.6,897.4,13813.407,14550.632199990545,852.6580000000008,986.3400000000001,882.4761904761903
1765238400,897.2,928.1,882.2,897.7,16011.389,14656.766149990546,853.5350000000008,981.0820000000002,880.5142857142857
1765324800,897.3,915.5,884.3,893.7,11113.516,14183.473149990547,854.6875000000009,975.8520000000003,878.9666666666665
1765411200,893.5,895,860,886,12577.084,13093.902549990547,856.0915000000008,972.2200000000003,878.4952380952379
1765497600,886.5,896,870.8,881.8,8314.733,12835.157099990549,857.3340000000009,968.2460000000003,876.8190476190475
1765584000,881.7,904.1,880.5,896.9,10654.95,12868.07274999055,858.5045000000008,963.9780000000003,876.6476190476188
1765670400,897.1,899.7,870.6,877.4,5958.848,12075.332999990549,859.7080000000008,959.9120000000004,877.5904761904759
1765756800,878.2,895.2,842,858.8,15403.144,12300.314799990549,860.8120000000008,956.6240000000005,880.0428571428569
1765843200,858.3,878.3,849,875.6,17814.266,12403.680999990549,861.8675000000009,952.8980000000005,883.0476190476189
1765929600,875,876.2,834,843.2,21547.669,12919.964999990549,863.0715000000008,947.9880000000005,884.6523809523807
1766016000,843.5,852.6,818.6,830.2,20866.997,13453.240199990547,864.2005000000007,943.7300000000005,884.333333333333
1766102400,830,862.1,822.6,856.2,14617.43,13914.128449990549,865.2830000000008,938.9440000000005,884.9476190476188
1766188800,856.1,859.1,850.7,854.2,3731.5,13716.98539999055,866.3205000000007,933.3640000000005,882.6238095238093
1766275200,854.3,859.8,845.7,858.7,3719.815,12417.234599990548,867.3695000000008,928.0920000000004,879.5095238095234
1766361600,859.7,869.3,851.6,858.4,14220.546,12429.436949990548,868.3215000000008,922.8780000000005,878.0142857142855
1766448000,858,861.2,838,843.9,9996.763,12206.89664999055,869.2395000000008,917.3140000000004,877.095238095238
1766534400,843.8,849.6,835,846.3,5211.123,11905.274849990548,870.3390000000009,912.8480000000004,876.2904761904762
1766620800,846.1,847.6,827.1,829.2,4592.959,11573.49244999055,871.2630000000007,908.1460000000003,877.7809523809523
1766707200,829.5,846.4,820.9,834.3,7454.545,11554.93994999055,872.1080000000007,903.4240000000004,876.2095238095237
1766793600,834.7,845.9,834.3,844.8,3535.181,11057.793249990551,873.0575000000009,898.9240000000004,872.6619047619047
1766880000,845.2,866.6,839,859.2,9519.891,10843.11744999055,874.0205000000008,895.9400000000004,869.2809523809523
1766966400,858.9,871.2,845.5,851.5,15606.814,10822.888699990552,874.9975000000009,894.1360000000005,866.9190476190475
1767052800,851.7,863.8,847.8,860.9,9324.837,10733.454749990551,876.1195000000008,891.5300000000004,864.7285714285714
1767139200,860.5,876.4,856.9,863.4,14935.088,10851.354949990551,877.1215000000008,889.2160000000003,863.0428571428572
1767225600,863.3,873.3,855.6,863.7,11204.294,10995.83299999055,878.0960000000008,886.2980000000003,860.8571428571429
1767312000,863.7,891.5,858.5,881,14264.72,11176.32149999055,878.9805000000008,883.6660000000004,859.104761904762
1767398400,881.1,883.9,869.2,878.4,6865.675,11221.66284999055,879.8230000000008,880.7600000000004,857.6619047619048
1767484800,878.5,902.5,878,895,11247.022,11013.85674999055,880.6790000000008,878.1440000000003,856.5999999999999
1767571200,895.5,916,891.4,909.9,18946.994,11070.493149990549,881.6365000000009,876.2500000000005,856.5619047619048
1767657600,909.9,922,891.5,917.2,13499.775,10668.09844999055,882.6180000000007,874.4600000000005,855.6809523809524
1767744000,916.4,918.9,892.1,899.4,16181.694,10433.833299990549,883.6445000000007,873.5420000000004,856.5190476190477
1767830400,899.1,904,874.3,891.7,12504.814,10328.20249999055,884.7305000000008,872.8040000000004,858.952380952381
1767916800,891.7,900.4,884.7,895.8,8486.88,10565.97149999055,885.8065000000007,872.0640000000004,860.9333333333334
1768003200,895.8,914.6,895.8,906.9,18119.853,11285.97339999055,886.9565000000007,871.7200000000005,863.6095238095239
1768089600,906.8,916.1,897.9,903.1,20401.21,11595.00659999055,888.1055000000006,871.9180000000005,866.5380952380956
1768176000,902.8,909.5,893.6,905,15508.37,11870.58694999055,889.3545000000007,871.2480000000005,868.4238095238097
1768262400,905,958.9,901.5,942.8,26599.834,12940.02249999055,890.6800000000006,871.1360000000005,870.9333333333334
1768348800,943.4,953.8,927.5,948.2,25311.382,13975.943649990548,892.0565000000007,871.7280000000005,873.0476190476193
1768435200,947.9,948.2,923.8,930.8,12759.5,14241.191399990548,893.4060000000006,873.2600000000004,875.266666666667
1768521600,930.6,938.8,923.7,937.5,5865.089,14357.686799990548,894.7825000000007,874.6460000000005,879.9761904761906
1768608000,937.6,958.9,935.2,946.8,22369.402,15000.162349990549,896.0560000000006,875.8720000000005,884.8285714285716
1768694400,946.6,953,931.6,932.2,7715.388,14605.591049990548,897.3715000000007,877.4180000000006,889.666666666667
1768780800,928.8,929.7,902.6,922.9,17478.56,15013.277199990547,898.6555000000006,879.1280000000006,894.5809523809528
1768867200,922.7,932.4,879.8,883.5,22177.244,15375.384999990547,899.9680000000006,879.9040000000007,899.4380952380956
1768953600,884.4,893.2,864.2,882.8,28587.381,16244.539349990548,901.4510000000006,880.7420000000005,902.914285714286
1769040000,883.5,896.7,877.1,887.4,13612.961,16211.95139999055,902.9475000000006,881.9260000000005,906.314285714286
1769126400,887.4,904.7,882.3,890.8,20324.821,16884.90869999055,904.3260000000006,883.1000000000006,907.3904761904765
1769212800,890.8,893.3,885.5,886,4453.372,16545.22619999055,905.7280000000006,884.0460000000005,908.3142857142861
1769299200,885.9,886.4,855.5,865.3,11418.634,16168.80819999055,907.2285000000006,885.1740000000005,909.4428571428574
1769385600,865.1,881.3,864.4,878.8,12752.946,16131.466749990548,908.5885000000006,885.2920000000006,909.9095238095241
1769472000,878.4,900.5,875.8,897.3,32640.534,16954.408749990547,909.8835000000006,884.6240000000007,910.2714285714288
1769558400,897.7,908.4,893.4,901.4,14598.328,17059.084449990543,911.0305000000006,884.4360000000006,908.8571428571432
1769644800,902.2,905,851.6,867.5,33247.257,18297.103299990544,912.1620000000006,884.4780000000005,907.3761904761907
1769731200,868.1,868.5,832.1,857.6,49054.621,19843.841699990542,913.2810000000006,883.9680000000006,906.4285714285716
1769817600,857.4,859.5,748.2,780.9,55058.618,21576.712099990542,914.4285000000007,883.6520000000005,906.5238095238099
1769904000,780.1,789,740.4,757.8,50814.081,23341.997649990542,915.5545000000006,883.6500000000008,905.3714285714289
1769990400,757.9,781.4,729.2,773.5,48604.972,24442.254549990546,916.5345000000007,883.7240000000006,903.5523809523812
1770076800,773.6,782.8,734.2,754.3,38792.289,25116.299899990547,917.4995000000007,883.2000000000006,897.5523809523812
1770163200,753.7,764.5,686.6,696.3,78491.592,28402.904499990545,918.5365000000006,882.6320000000007,890.6333333333337
1770249600,696.4,701.6,600.8,607.7,116608.87,33940.093549990546,919.6145000000007,880.6140000000007,884.3714285714291
1770336000,609.1,669.6,574.1,657.2,81812.591,36912.252999990546,920.4930000000006,877.8320000000007,875.3952380952386
1770422400,655.1,664.1,630.3,646.9,37137.122,38383.33969999054,921.3345000000007,875.7540000000008,863.4000000000004
1770508800,646.3,652.7,632.7,639.7,16219.065,38320.36494999054,921.7885000000007,873.6640000000008,848.0142857142861
1770595200,640,645.8,615.8,636.1,18429.551,38132.98029999054,922.0325000000006,870.0780000000008,834.666666666667
1770681600,636.6,641.5,613.9,619.7,16537.908,37530.50664999054,922.2935000000007,865.3680000000007,820.3857142857147
1770768000,619.7,623.8,587.2,608.1,28666.849,38283.20104999054,922.4135000000007,861.9080000000008,806.4571428571431
1770854400,607.9,620.4,600,614,16405.681,38087.244049990535,922.2275000000005,857.7220000000009,792.8000000000005
1770940800,613.1,622.4,592.4,618.7,19029.303,38816.040599990534,921.4810000000007,853.4320000000008,780.2380952380956
1771027200,618.7,637,615.4,632.6,10382.074,38764.21259999054,920.9335000000007,848.9800000000009,767.1571428571433
1771113600,632.7,641.7,608.7,615,11469.555,38700.04304999054,920.2335000000006,844.2060000000008,754.1380952380956
1771200000,614.2,630.7,604.8,627.1,7548.968,37445.46474999054,919.5470000000007,839.4900000000009,741.1809523809528
1771286400,627,631.5,609.5,617.6,9576.503,37194.37349999054,918.8725000000007,834.8440000000008,729.1142857142861
1771372800,617.9,626.2,601.6,604.7,9071.955,35985.608399990546,918.0425000000007,830.6340000000008,717.1952380952383
1771459200,604.7,614.7,596.1,607.8,8714.856,33968.620149990544,917.1145000000007,826.6000000000007,705.2095238095241
1771545600,607.5,629.8,601.2,625.8,16763.268,32053.852649990546,915.9630000000008,822.0040000000008,691.8904761904764
1771632000,625.9,634.9,624,625.6,6494.192,29837.858199990547,914.9355000000007,817.3620000000009,677.761904761905
1771718400,625.5,626.9,609.6,614.8,5147.635,27664.99134999055,914.0715000000007,812.6840000000008,665.3952380952384
1771804800,614.9,615.5,585.1,596.3,16813.833,26566.06854999055,913.1775000000007,807.5600000000007,654.3571428571432
1771891200,597.4,602.6,577.1,583.9,19492.135,23616.09569999055,912.3955000000007,802.4480000000008,646.9619047619051
1771977600,583.9,640.8,582,629.6,22251.44,18898.22419999055,911.6980000000007,797.6900000000007,640.1523809523812
1772064000,628.8,634.3,614.2,626,11181.166,15366.65294999055,911.0365000000006,792.5820000000007,631.714285714286
1772150400,625.7,633.7,604.8,614.2,12656.381,14142.61589999055,910.3165000000007,787.3100000000007,623.6000000000004
1772236800,613.8,622.7,589.1,617.1,16519.322,14157.628749990548,909.6005000000008,781.3360000000007,620.42380952381
1772323200,617.6,632.1,610.8,618,18474.474,14159.874899990547,908.9530000000008,774.8160000000006,621.2952380952383
1772409600,618,652.9,613.1,637.6,27942.76,14730.117499990549,908.1765000000007,769.0640000000006,619.2476190476193
1772496000,612.96,637.23,612.96,632.76,16.006,13297.57534999055,907.2130000000008,763.5960000000005,617.8285714285716