time,open,high,low,close,Volume,Volume MA,MA,MA,MA
1547596800,0.5355,0.5355,0.4668,0.4895,1343660.31,,,,
1547683200,0.4895,0.4953,0.4639,0.4756,1411725.35,,,,
1547769600,0.4762,0.5112,0.4601,0.4894,984417.59,,,,
1547856000,0.4908,0.5,0.4673,0.4831,735443.2,,,,
1547942400,0.4831,0.492,0.459,0.4834,677499.56,,,,
1548028800,0.4834,0.5198,0.465,0.4972,897787.84,,,,
1548115200,0.4972,0.5656,0.4956,0.5344,1784953.5,,,,
1548201600,0.5342,0.5475,0.4901,0.5046,1827069.39,,,,
1548288000,0.5046,0.5065,0.4518,0.5017,1529219.53,,,,
1548374400,0.5017,0.5157,0.4712,0.4739,1112869.08,,,,
1548460800,0.4736,0.4884,0.4624,0.4661,865653.89,,,,
1548547200,0.4661,0.4666,0.4229,0.4303,2278919.65,,,,
1548633600,0.4303,0.4313,0.3504,0.4116,4006211.85,,,,
1548720000,0.4104,0.4638,0.4061,0.4505,5190825.37,,,,
1548806400,0.4505,0.4514,0.413,0.4249,2092369.59,,,,
1548892800,0.425,0.441,0.3811,0.3832,2029033.61,,,,
1548979200,0.3832,0.43,0.38,0.4147,1899232.56,,,,
1549065600,0.4163,0.433,0.3985,0.4136,821033.48,,,,
1549152000,0.4136,0.417,0.386,0.3963,1065170.56,,,,
1549238400,0.3963,0.4125,0.3867,0.3943,1449384.96,1700124.0435,,,
1549324800,0.3943,0.4327,0.3902,0.4224,1299107.03,1697896.3794999998,,,
1549411200,0.4224,0.4236,0.3915,0.4,1368546.21,1695737.4224999999,,,
1549497600,0.4,0.4065,0.3913,0.4021,498842.36,1671458.6609999998,,,
1549584000,0.4021,0.45,0.3985,0.4383,2015969.58,1735484.9799999997,,,0.45431904761904757
1549670400,0.4383,0.4844,0.431,0.4612,1384815.95,1770850.7994999997,,,0.4500571428571429
1549756800,0.4648,0.48,0.4325,0.4499,2000850.55,1826003.9349999994,,,0.4465571428571429
1549843200,0.4495,0.4515,0.42,0.4289,1580197.39,1815766.1294999993,,,0.4441238095238096
1549929600,0.4289,0.4374,0.4176,0.4277,941303.58,1771477.8389999992,,,0.4430809523809524
1550016000,0.4277,0.4454,0.4183,0.4411,935377.38,1741785.7314999993,,,0.4414857142857143
1550102400,0.4422,0.4442,0.4203,0.4259,942053.44,1733244.9494999994,,,0.4382333333333333
1550188800,0.4259,0.45,0.4222,0.4342,612251.8,1720574.8449999993,,,0.43315238095238096
1550275200,0.4342,0.4464,0.4251,0.4398,465491.58,1629903.4414999993,,,0.4301285714285714
1550361600,0.4398,0.4797,0.4317,0.4604,1616509.72,1510418.334999999,,,0.4265190476190476
1550448000,0.4604,0.4823,0.4534,0.471,1430254.78,1322389.805499999,,,0.4246285714285714
1550534400,0.471,0.4789,0.452,0.4598,1548002.44,1295171.4479999992,,,0.42337619047619046
1550620800,0.4548,0.4748,0.4432,0.4618,1358786.28,1261659.0814999992,,,0.42480952380952386
1550707200,0.4618,0.475,0.438,0.4438,1443214.98,1238858.2024999992,,,0.4276380952380953
1550793600,0.4438,0.465,0.44,0.4479,700523.77,1232832.7169999992,,,0.42808095238095245
1550880000,0.4479,0.464,0.4437,0.4585,925529.64,1225850.6709999994,,,0.42983809523809524
1550966400,0.4585,0.4644,0.3975,0.405,2154193.25,1261091.0854999993,,,0.43272380952380957
1551052800,0.4047,0.4749,0.4007,0.4723,1785356.21,1285403.5444999994,,,0.4343047619047619
1551139200,0.4722,0.474,0.43,0.4341,1775526.67,1305752.5674999994,,,0.43644285714285713
1551225600,0.4335,0.4412,0.4145,0.4274,854212.45,1323521.0719999992,,,0.43685714285714294
1551312000,0.4274,0.45,0.4166,0.4244,1059968.13,1275720.9994999992,,,0.4405714285714286
1551398400,0.4244,0.4386,0.4203,0.4285,560690.81,1234514.7424999992,,,0.4411285714285714
1551484800,0.4285,0.4372,0.4173,0.4221,331570,1151050.7149999992,,,0.44243333333333335
1551571200,0.4221,0.4292,0.4177,0.4205,225429.95,1083312.342999999,,,0.44349523809523805
1551657600,0.4205,0.4255,0.3929,0.4036,946382.19,1083566.2734999992,,,0.4430285714285715
1551744000,0.4029,0.4343,0.4023,0.4291,1686179.9,1121106.3994999991,,,0.44116666666666676
1551830400,0.4291,0.4385,0.4186,0.4296,716328.15,1109820.134999999,,,0.4397666666666668
1551916800,0.4296,0.4766,0.4256,0.4521,1498764.03,1154145.746499999,,,0.4385619047619048
1552003200,0.4521,0.5107,0.4519,0.4611,3248280.83,1293285.2089999993,,,0.4386285714285715
1552089600,0.4611,0.4824,0.4524,0.4746,1381686.43,1281544.0444999994,,,0.4380809523809524
1552176000,0.4742,0.546,0.4681,0.4981,2887991.86,1354430.8984999992,,,0.43932857142857146
1552262400,0.4982,0.5181,0.4382,0.4629,2633054.21,1408683.4869999993,,0.44379199999999996,0.4406095238095239
1552348800,0.4629,0.5079,0.4503,0.4876,2105182.67,1446003.306499999,,0.443044,0.4422666666666668
1552435200,0.4872,0.488,0.4671,0.4805,1263356.68,1437010.391499999,,0.442754,0.44406190476190494
1552521600,0.4814,0.4994,0.4722,0.4871,1720792.4,1488023.822999999,,0.442458,0.4436761904761906
1552608000,0.4871,0.496,0.4831,0.4858,577893.06,1470641.9939999988,,0.442758,0.4450000000000002
1552694400,0.4866,0.496,0.4681,0.4819,1768514.51,1451358.0569999989,,0.442348,0.44589047619047634
1552780800,0.4819,0.4887,0.4702,0.4785,1352126.73,1429696.582999999,,0.442156,0.4479523809523811
1552867200,0.4785,0.4833,0.467,0.4757,891826.09,1385511.553999999,,0.44107799999999997,0.44975714285714297
1552953600,0.4757,0.48,0.4648,0.477,530734.59,1369337.660999999,,0.440728,0.4508714285714287
1553040000,0.477,0.4899,0.4737,0.4807,696146.28,1351146.5684999991,,0.44040999999999997,0.45437142857142865
1553126400,0.4807,0.4842,0.4342,0.4548,1043991.8,1375311.6179999993,,0.44057,0.4545333333333334
1553212800,0.4551,0.4655,0.447,0.4646,863577.33,1401911.984499999,,0.440818,0.4565761904761906
1553299200,0.4646,0.4646,0.4545,0.4608,406749.66,1410977.9699999993,,0.441726,0.45911428571428586
1553385600,0.4606,0.4621,0.4485,0.4531,634173.75,1395367.547999999,,0.44303400000000004,0.46056190476190484
1553472000,0.4531,0.4949,0.441,0.4734,2441517.99,1433134.4524999992,,0.443638,0.46228095238095246
1553558400,0.4734,0.485,0.448,0.4605,1129722.2,1453804.154999999,,0.444236,0.46412380952380955
1553644800,0.4603,0.4997,0.4556,0.4946,1352736.34,1446502.7704999992,,0.445864,0.4656761904761905
1553731200,0.4967,0.5196,0.4846,0.4992,1443876.83,1356282.570499999,,0.446786,0.4690000000000001
1553817600,0.4992,0.5042,0.4887,0.5008,877803.92,1331088.4449999991,,0.44757600000000003,0.47049523809523824
1553904000,0.5008,0.5034,0.4858,0.494,675007.13,1220439.2084999993,,0.449118,0.47359047619047634
1553990400,0.494,0.541,0.4868,0.5084,2047013.33,1191137.1644999993,,0.450442,0.4758333333333335
1554076800,0.5084,0.563,0.5007,0.554,2288623.96,1200309.2289999991,,0.451886,0.47772380952380966
1554163200,0.5533,0.6,0.5326,0.5811,4081948.84,1341238.8369999991,,0.45387,0.47864761904761927
1554249600,0.5811,0.6073,0.517,0.562,4435492.21,1476973.8274999992,,0.45584399999999997,0.47913809523809536
1554336000,0.5588,0.5839,0.5195,0.5396,2088035.72,1552480.9604999993,,0.456958,0.48347619047619067
1554422400,0.5409,0.5799,0.539,0.5729,1039348.68,1516022.6689999993,,0.45790200000000014,0.48792857142857166
1554508800,0.5735,0.59,0.5557,0.5691,1176149.98,1507223.8314999992,,0.4599840000000001,0.49180952380952403
1554595200,0.5677,0.5918,0.5655,0.5773,956649.36,1510464.9949999992,,0.4630280000000001,0.49430952380952403
1554681600,0.5776,0.5912,0.537,0.5634,1559203.75,1561888.4529999993,,0.46571400000000013,0.49845714285714315
1554768000,0.5617,0.5637,0.517,0.53,1284451.25,1591303.701499999,,0.46768400000000016,0.5026095238095241
1554854400,0.53,0.5452,0.51,0.5197,1259717.42,1602089.9824999992,,0.4706240000000001,0.5073142857142859
1554940800,0.5198,0.521,0.453,0.4821,1891750.27,1653498.6294999993,,0.47332200000000013,0.5114904761904765
1555027200,0.4821,0.5134,0.4531,0.492,1247794.83,1695550.887999999,,0.4760720000000001,0.514014285714286
1555113600,0.492,0.5399,0.4913,0.5358,984745.93,1713079.496999999,,0.4781320000000001,0.5158714285714288
1555200000,0.5366,0.5449,0.5073,0.5225,825009.09,1632254.051999999,,0.4793120000000001,0.5171714285714288
1555286400,0.5259,0.5268,0.48,0.4883,1617780.69,1656656.9764999992,,0.4805100000000001,0.5184761904761908
1555372800,0.4884,0.5176,0.4883,0.4985,752244.29,1626632.3739999991,,0.4809160000000001,0.5220476190476193
1555459200,0.4998,0.5046,0.488,0.4998,625939.62,1585735.5134999992,,0.48188000000000014,0.5253523809523812
1555545600,0.4998,0.5226,0.4974,0.5193,747995.99,1579245.1169999992,,0.4836380000000002,0.5260619047619051
1555632000,0.5193,0.539,0.5083,0.5095,857084.8,1588349.0004999992,,0.4849180000000002,0.5278714285714288
1555718400,0.5095,0.5287,0.505,0.5118,547954.68,1513396.0679999993,,0.4865840000000001,0.5281190476190478
1555804800,0.5118,0.5139,0.4752,0.4963,755636.95,1436746.717499999,,0.48710800000000015,0.5290761904761906
1555891200,0.4963,0.517,0.4837,0.4957,669329.7,1266115.7604999992,,0.48842200000000013,0.5294904761904763
1555977600,0.4957,0.504,0.4756,0.4756,798688.99,1084275.599499999,,0.4902600000000002,0.5303380952380954
1556064000,0.4756,0.48,0.44,0.475,1341167.65,1046932.195999999,,0.4919620000000002,0.5297619047619049
1556150400,0.4745,0.4997,0.435,0.4503,1289948.57,1059462.190499999,,0.4936280000000001,0.5269857142857145
1556236800,0.4499,0.4699,0.4264,0.4416,881943.93,1044751.887999999,,0.49511200000000016,0.521961904761905
1556323200,0.4437,0.4698,0.4357,0.443,330467.67,1013442.8034999991,,0.49661600000000017,0.5178190476190478
1556409600,0.443,0.46,0.4403,0.451,429353.92,956950.3119999992,,0.4980560000000001,0.5135666666666668
1556496000,0.451,0.4546,0.424,0.4338,394944.33,912474.9659999991,,0.49897400000000014,0.5073142857142858
1556582400,0.4334,0.4771,0.432,0.4727,610148.8,879996.5349999992,,0.49938800000000017,0.501309523809524
1556668800,0.4727,0.4876,0.4638,0.473,397476.93,805282.8679999992,,0.4991780000000001,0.49529523809523834
1556755200,0.473,0.4757,0.46,0.463,228270.4,754306.6464999992,,0.49881600000000015,0.4891238095238097
1556841600,0.4643,0.5223,0.4607,0.511,1017233.78,755931.0389999992,,0.4983440000000001,0.48639523809523827
1556928000,0.511,0.5151,0.4783,0.4964,640984.06,746729.7874999993,,0.4970580000000001,0.4841714285714288
1557014400,0.4964,0.5238,0.4902,0.5058,641774.32,697929.4689999993,,0.4972540000000001,0.48326190476190495
1557100800,0.5058,0.5882,0.4901,0.5745,1593771.02,740005.8054999992,,0.4969620000000001,0.48416666666666675
1557187200,0.5798,0.6186,0.5409,0.5435,2267674.3,822092.5394999993,,0.49661200000000005,0.48229047619047627
1557273600,0.5433,0.6157,0.5212,0.594,1255624.91,847473.9854999991,,0.4970900000000001,0.4814952380952381
1557360000,0.594,0.704,0.5873,0.6403,3548028.13,982021.1519999991,,0.49730200000000013,0.4856
1557446400,0.6402,0.7233,0.6374,0.6703,2987660.69,1104006.4524999992,,0.4977799999999999,0.48774285714285714
1557532800,0.6703,0.7484,0.6517,0.6752,3014329.89,1216941.099499999,,0.4996999999999999,0.49222857142857135
1557619200,0.679,0.6999,0.6285,0.6586,1760800.08,1271514.6184999992,,0.501056,0.49799047619047615
1557705600,0.6607,0.6872,0.6336,0.6474,1281864.7,1295673.4039999992,,0.503396,0.505647619047619
1557792000,0.6474,0.9565,0.6332,0.828,7911014.07,1624165.7249999992,,0.506588,0.5134285714285715
1557878400,0.828,0.889,0.7772,0.8427,3798325.64,1749584.5784999994,,0.510898,0.5211571428571428
1557964800,0.8427,0.9389,0.7551,0.928,4555532.19000001,1933263.9915,,0.5151100000000001,0.5283809523809524
1558051200,0.9264,0.9869,0.81,0.8911,5725645.69000001,2203022.8925000005,,0.519066,0.5451619047619047
1558137600,0.895,0.9592,0.8457,0.9359,2389369.04,2301023.6485,,0.522952,0.5626714285714285
1558224000,0.936,1.05,0.9279,0.9934,4785605.61999999,2520556.713,,0.530044,0.5854190476190476
1558310400,0.9927,1.143,0.946,1.117,2936467.3,2636872.638,,0.5376879999999999,0.6068238095238095
1558396800,1.1146,1.25,1.06,1.1798,5046994.2,2869348.5015000002,,0.546356,0.6302952380952381
1558483200,1.1798,1.474,1.1301,1.2205,14821357.09000001,3599002.8360000006,,0.554194,0.6561238095238094
1558569600,1.2205,1.3655,1.1418,1.3392,6874618.38999999,3891872.0664999997,,0.562896,0.6886571428571429
1558656000,1.3393,1.4347,1.2216,1.3314,5097940.05,4114719.8659999995,,0.572884,0.7223285714285714
1558742400,1.3314,1.3376,1.0961,1.113,6245467.5,4394904.525,,0.5850559999999999,0.7579238095238094
1558828800,1.113,1.1824,1.034,1.0828,4854605.26,4557946.237000001,,0.597572,0.799647619047619
1558915200,1.0802,1.275,1.0802,1.2119,7339191.28,4811522.086000001,,0.6103599999999999,0.8387142857142857
1559001600,1.2173,1.35,1.1441,1.2788,5580233.07999999,5027752.4945,,0.6259039999999999,0.8680761904761903
1559088000,1.2787,1.2844,1.1426,1.1725,4654393.37,5083070.7565,,0.64174,0.8955523809523809
1559174400,1.1722,1.2257,0.9009,1.0023,10326672.92999998,5450021.3685,,0.652542,0.9259047619047619
1559260800,1.0018,1.0444,0.933,1.0189,7748553.78999999,5686732.563499999,,0.662816,0.9609190476190477
1559347200,1.0236,1.0598,0.9511,0.956,3797903.78000001,5788587.7485,,0.675508,0.9884666666666666
1559433600,0.9536,1.0554,0.9323,1.0155,3449110.82,5896950.0545,,0.6898159999999999,1.0057047619047619
1559520000,1.0155,1.02,0.8853,0.9,3308495.33,5666824.117499999,,0.7026659999999998,1.022304761904762
1559606400,0.8985,0.9299,0.8368,0.885,4577420.90000001,5705778.880499999,,0.7123179999999999,1.0356761904761906
1559692800,0.885,1.0991,0.8838,1.096,10134603.36,5984732.438999998,,0.7230539999999999,1.0526714285714287
1559779200,1.0959,1.27,1.0556,1.1098,11128235.33000001,6254861.920999998,,0.7323339999999999,1.0647000000000002
1559865600,1.1099,1.2589,1.071,1.1753,6340116.80000002,6452399.308999999,,0.7419279999999999,1.0674142857142859
1559952000,1.1747,1.1991,1.1165,1.1326,2537076.42,6339972.849,,0.7494779999999999,1.0794761904761907
1560038400,1.1376,1.1486,1.0085,1.0595,3544981.93,6370398.580500001,,0.757412,1.0881333333333336
1560124800,1.0595,1.2104,1.0301,1.206,3560999.95,6296098.868000001,,0.7693619999999999,1.101666666666667
1560211200,1.2043,1.207,1.0876,1.1243,3072196.39,5708640.833000001,,0.7815619999999999,1.1110333333333335
1560297600,1.1241,1.1643,1.0875,1.1448,2552375.74,5492528.700500001,,0.7946819999999998,1.1141809523809525
1560384000,1.1448,1.97,1.1126,1.868,34048038.45999997,6940033.620999999,,0.807144,1.1184190476190479
1560470400,1.868,1.8936,1.49,1.6395,33219623.46999998,8288741.419499998,,0.818098,1.1157761904761907
1560556800,1.6364,1.8065,1.6022,1.7179,10734639.21,8582743.116999999,,0.8322919999999999,1.1121714285714288
1560643200,1.718,1.7924,1.6,1.6621,8287172.15000001,8630142.1605,,0.8448639999999998,1.1373523809523811
1560729600,1.6651,2.0776,1.6525,1.9631,17066477.53000001,9204454.383,,0.858248,1.1520238095238096
1560816000,1.9615,2.0185,1.76,1.8194,13903673.74000001,9666918.4015,,0.8861079999999998,1.1808285714285713
1560902400,1.8158,1.9016,1.7869,1.8353,4857793.43000001,9393474.426500002,,0.9098919999999998,1.2084142857142859
1560988800,1.8352,1.8865,1.6859,1.7656,5377027.99999999,9274898.137000002,,0.9354179999999999,1.2441857142857142
1561075200,1.7671,1.79,1.61,1.6883,6940438.91,9432024.893500002,,0.9597999999999998,1.2699285714285715
1561161600,1.6895,1.947,1.6827,1.8428,8447723.54,9681955.529500002,,0.9900419999999999,1.3014904761904762
1561248000,1.8429,1.91,1.7702,1.8169,4603366.09,9746699.0675,,1.0177539999999998,1.3378380952380955
1561334400,1.8169,1.8884,1.79,1.8689,2384487.82,9637052.4135,,1.0450059999999999,1.3697142857142859
1561420800,1.8689,2.4273,1.8613,2.1928,22004618.38000002,10230553.164500002,,1.0708579999999999,1.4119428571428574
1561507200,2.1931,2.5,2.0231,2.28,16314862.03,10489884.499500003,,1.0953639999999998,1.450104761904762
1561593600,2.2821,2.555,2.1123,2.2879,14032427.24999999,10874500.022000002,,1.1219999999999999,1.4962428571428572
1561680000,2.2912,3.0981,2.215,3.0392,16193947.23999999,11557343.563000001,,1.1484099999999997,1.5585190476190478
1561766400,3.0391,4.5826,2.9499,3.7125,55522584.24000003,14156223.678500002,,1.1756719999999998,1.6149
1561852800,3.7051,4.22,3.23,3.3885,25198062.62000004,15238076.812000006,,1.2080379999999997,1.671
1561939200,3.3885,3.862,2.9266,3.6369,25318756.74,16350404.829500008,,1.2427679999999999,1.759757142857143
1562025600,3.6476,3.9914,3.201,3.7453,26694285.35,17557500.31000001,,1.2766459999999997,1.882609523809524
1562112000,3.7441,3.8857,3.4769,3.49,11110619.17,16410629.345500011,,1.3246239999999998,1.9935142857142856
1562198400,3.4854,3.61,3.204,3.453,9880436.74999999,15243670.009500012,,1.385468,2.1092714285714287
1562284800,3.4555,3.75,3.441,3.64,10535825.86000001,15233729.342000013,,1.4397339999999996,2.2340809523809524
1562371200,3.64,3.6611,3.4384,3.4603,4979198.01,15068330.635000011,,1.4992999999999999,2.3457571428571433
1562457600,3.465,3.5038,3.25,3.275,5553670.72000001,14492690.294500012,,1.561258,2.4212333333333333
1562544000,3.275,3.5731,3.25,3.3362,5283821.17,14061697.666000012,,1.6144979999999998,2.516495238095238
1562630400,3.3334,3.3741,2.9401,3.067,9165611.15,14277088.55200001,,1.6667039999999997,2.599466666666667
1562716800,3.067,3.2568,2.8578,3.1166,9566090.98,14486541.70100001,,1.7209439999999998,2.676271428571429
1562803200,3.1166,3.1555,2.71,2.7853,7302194.48,14504629.47950001,,1.7723279999999997,2.7416571428571426
1562889600,2.787,3.3282,2.6,3.166,11732670.95999999,14668876.850500008,,1.8191099999999998,2.801066666666667
1562976000,3.166,3.2953,3.04,3.1652,9069996.43999999,14892208.36800001,,1.8659659999999996,2.8620809523809525
1563062400,3.1689,3.2413,2.7611,2.7856,8270840.71999999,15186526.013000008,,1.9049659999999997,2.9106380952380952
1563148800,2.7792,2.8498,2.5801,2.6913,7328956.42999999,14452742.91550001,,1.9437019999999998,2.981004761904762
1563235200,2.6911,2.7749,2.1521,2.1948,8049014.93,14039450.56050001,,1.9749979999999996,3.04397619047619
1563321600,2.1947,2.6,2.0531,2.398,13229065.69000001,13999282.482500011,,2.0115339999999997,3.090104761904762
1563408000,2.3951,2.8094,2.3542,2.67,13388877.99000002,13859029.020000014,,2.0482099999999996,3.129266666666667
1563494400,2.67,2.749,2.491,2.6046,5548232.12,11360311.414000012,,2.0816619999999997,3.129361904761905
1563580800,2.602,2.7314,2.5751,2.637,4607848.25999999,10330800.69600001,,2.113832,3.134980952380952
1563667200,2.6369,2.665,2.46,2.5319,3349432.24,9232334.47100001,,2.13349,3.1531761904761906
1563753600,2.5319,2.5857,2.3732,2.4078,3419071.85,8068573.796000009,,2.155874,3.1324809523809525
1563840000,2.4073,2.52,2.2489,2.3535,5670564,7796571.037500011,,2.1858239999999998,3.0812666666666666
1563926400,2.3559,2.5131,2.27,2.3999,5323022.48,7568700.32400001,,2.2178699999999996,3.0404761904761903
1564012800,2.3971,2.5149,2.3595,2.3615,4029732.82,7243395.672000009,,2.2502319999999996,2.981947619047619
1564099200,2.3615,2.43,2.3201,2.3989,1979267.83,7093399.16300001,,2.2817499999999997,2.915671428571428
1564185600,2.3954,2.46,2.1525,2.2453,4296972.72,7030564.26300001,,2.3095959999999995,2.8637619047619047
1564272000,2.2372,2.2733,2.1,2.2156,1921301.06,6862438.257500011,,2.3386659999999995,2.811785714285714
1564358400,2.2178,2.2482,2.11,2.1251,2228158.07,6515565.60350001,,2.3689639999999996,2.752685714285714
1564444800,2.125,2.1854,1.9694,2.0682,4818376.29,6278179.86900001,,2.3942739999999993,2.6948285714285714
1564531200,2.0672,2.25,2.0589,2.2102,4592022.52999999,6142671.271500009,,2.4200559999999998,2.6443809523809523
1564617600,2.2169,2.231,2.1054,2.161,2890541.35000001,5700564.79100001,,2.4414559999999996,2.5867095238095237
1564704000,2.1612,2.49,2.1275,2.4271,6325797.01,5563354.81950001,,2.4631159999999994,2.5391476190476188
1564790400,2.4269,2.7342,2.3569,2.4211,11329664.00999999,5716295.98400001,,2.4844279999999994,2.495985714285714
1564876800,2.4186,2.6044,2.3811,2.5099,6257643.44000001,5662730.334500012,,2.5016719999999997,2.4662571428571423
1564963200,2.5097,2.6495,2.4562,2.4562,5401188.63,5530339.019500012,,2.5233899999999996,2.431071428571428
1565049600,2.4599,2.5181,2.31,2.4785,6060839.71000001,5171927.720500011,,2.5437139999999996,2.3956380952380947
1565136000,2.4822,2.5,2.3502,2.3826,3394545.7,4672211.10600001,,2.554896,2.3825095238095235
1565222400,2.3883,2.3998,2.2713,2.2755,2864214,4538010.2000000095,,2.5705279999999995,2.371314285714285
1565308800,2.2784,2.2919,2.151,2.1669,2368990.8,4426067.32700001,,2.5863679999999993,2.3848238095238092
1565395200,2.169,2.4091,2.1306,2.3336,5262480.43999999,4521719.737000009,,2.6022499999999997,2.3840904761904755
1565481600,2.3336,2.49,2.2901,2.415,3709082.7,4536220.2795000095,1.1059,2.6125579999999995,2.3653047619047616
1565568000,2.4165,2.479,2.335,2.39,2574671.09,4381425.63400001,1.116002,2.6238219999999997,2.3444619047619044
1565654400,2.3868,2.4679,2.306,2.4229,3152764.71,4272912.7455000095,1.1259050000000002,2.6326259999999997,2.3300142857142854
1565740800,2.419,2.6031,2.163,2.2842,6940625.70999999,4418457.39000001,1.1358504999999999,2.6406519999999993,2.3244476190476187
1565827200,2.284,2.4506,2.2565,2.4232,2808342.69,4459911.13300001,1.145348,2.6535579999999994,2.3236
1565913600,2.4225,2.459,2.227,2.3,3572488.27,4423686.91050001,1.1543085,2.6650019999999994,2.3269047619047614
1566000000,2.3046,2.419,2.282,2.4036,2035414.39,4429392.577000009,1.162657,2.6764639999999997,2.3213952380952376
1566086400,2.405,2.5657,2.3729,2.5051,3610567.41,4498513.044000009,1.171653,2.687544,2.3243333333333327
1566172800,2.5055,2.6,2.4508,2.4958,4288720.33000001,4472030.24600001,1.1812049999999998,2.6893719999999997,2.3196238095238093
1566259200,2.4943,2.5401,2.3354,2.3624,3477390.83,4416298.661000011,1.1906465,2.692236,2.3271619047619048
1566345600,2.3622,2.371,2.15,2.2054,4952696.55000001,4519406.42100001,1.2003915,2.6924779999999995,2.340947619047619
1566432000,2.2058,2.2896,2.135,2.2227,2981137.74,4352173.45750001,1.209482,2.6797659999999994,2.3585999999999996
1566518400,2.2231,2.295,2.1723,2.2333,4173130.85,3994346.79950001,1.2194464999999999,2.6556179999999996,2.3726095238095235
1566604800,2.234,2.2545,2.1537,2.1681,1634146.8,3763171.9675000096,1.2288885,2.6377639999999998,2.372380952380952
1566691200,2.1704,2.1804,2.0255,2.078,2772672.99,3631746.1855000095,1.238654,2.6122739999999993,2.3753190476190476
1566777600,2.0783,2.1546,2.045,2.0739,2291314.91,3443269.9455000088,1.249055,2.5814759999999994,2.366090476190476
1566864000,2.0737,2.1788,2.005,2.1128,3009068.12,3423996.066500009,1.259618,2.5561299999999996,2.354042857142857
1566950400,2.1098,2.1134,1.875,1.8957,3217225.93,3441646.663000009,1.2693565,2.531736,2.3334761904761905
1567036800,1.8956,1.8956,1.7253,1.7744,4211077.18,3533750.9820000096,1.2783155,2.5022979999999997,2.3152714285714286
1567123200,1.7763,1.8913,1.7365,1.796,2660522.1,3403653.06500001,1.2874475,2.474652,2.297857142857143
1567209600,1.7958,1.8535,1.74,1.7791,1831969.16,3309797.38800001,1.2966425000000001,2.4506300000000003,2.2746714285714282
1567296000,1.7788,1.8,1.717,1.7686,1332701.68,3247698.9175000098,1.305371,2.426162,2.2508095238095236
1567382400,1.7696,1.89,1.7272,1.8287,3044387.69,3242280.0665000095,1.3137610000000002,2.402736,2.2331476190476187
1567468800,1.8307,1.9424,1.8147,1.849,3208754.39,3055686.50050001,1.32212,2.375892,2.2067428571428573
1567555200,1.8486,1.87,1.7167,1.7784,3579394.12,3094239.07200001,1.3304925,2.356106,2.1759619047619045
1567641600,1.7793,1.8624,1.768,1.7921,2744215.93,3052825.45500001,1.337665,2.328368,2.1492333333333336
1567728000,1.7919,1.86,1.6767,1.7226,3184048.39,3110257.1550000096,1.3442875,2.3004360000000004,2.121904761904762
1567814400,1.7222,1.806,1.7085,1.7672,2404181.98,3049937.8835000093,1.351123,2.281298,2.0978190476190477
1567900800,1.7672,1.9054,1.761,1.8275,3504716.5,3010737.6920000087,1.3578800000000002,2.2644520000000004,2.0677666666666665
1567987200,1.829,1.8731,1.761,1.7872,3483191.16000001,3011027.7085000095,1.3645175,2.2561240000000002,2.0402714285714287
1568073600,1.7883,1.8326,1.773,1.7998,2713368.74,2899061.318000009,1.3715315000000001,2.244006,2.0099666666666667
1568160000,1.7988,1.8258,1.7136,1.7301,2229727.06,2861490.784000009,1.3786055,2.225058,1.9776999999999998
1568246400,1.7301,1.7458,1.6918,1.7073,2229068.92,2764287.687500009,1.3852985000000002,2.20831,1.9439571428571427
1568332800,1.7073,1.7099,1.51,1.5759,6639098.35,3014535.265000009,1.3919569999999999,2.1921200000000005,1.9171666666666667
1568419200,1.5761,1.6375,1.5239,1.5634,5719166.79,3161859.955000009,1.3982149999999998,2.177226,1.8945333333333332
1568505600,1.5634,1.6458,1.56,1.6104,4049102.77,3249749.348000009,1.404752,2.1650660000000004,1.869990476190476
1568592000,1.611,1.6355,1.545,1.5806,3549602.58,3276776.071000009,1.4115805000000001,2.1525980000000002,1.8386857142857143
1568678400,1.5806,1.6765,1.5532,1.624,5393985.89,3385614.0690000085,1.4182975,2.1387460000000003,1.8098904761904762
1568764800,1.624,1.8462,1.624,1.801,8269809.73,3588550.6965000085,1.4250569999999998,2.1230340000000005,1.7876238095238093
1568851200,1.7994,1.9075,1.7079,1.8744,8590087.51999999,3885028.9675000086,1.431415,2.1063240000000003,1.7641333333333336
1568937600,1.8743,1.8772,1.751,1.8245,3503491.24,3968605.0715000085,1.4379265,2.0936260000000004,1.740857142857143
1569024000,1.8215,1.8888,1.7881,1.8855,2773787.16,4040659.345500008,1.4434445,2.0809260000000007,1.7363476190476193
1569110400,1.8848,1.8868,1.7711,1.8157,2311848.65,4004032.3935000086,1.449091,2.0709040000000005,1.7411095238095238
1569196800,1.8149,1.88,1.7799,1.8048,2670201.16,3977104.732000008,1.455006,2.0655600000000005,1.742466666666667
1569283200,1.8034,2.0657,1.4612,1.716,16495451.14000001,4622907.583000009,1.460787,2.058844,1.7475333333333336
1569369600,1.7135,1.9286,1.6249,1.7443,8910418.88,4931217.730500008,1.4667644999999998,2.0521140000000004,1.7497761904761908
1569456000,1.7476,1.7584,1.5276,1.6512,6950205.75999998,5119525.599000007,1.473659,2.0412820000000007,1.7486380952380953
1569542400,1.6512,1.6786,1.5573,1.659,4337039.06,5216168.453000007,1.4809285,2.0291740000000003,1.7423047619047618
1569628800,1.6593,1.7017,1.6284,1.6742,2378769.19,5159871.087500007,1.4880330000000002,2.0150720000000004,1.7406809523809526
1569715200,1.6748,1.7492,1.6441,1.7002,3307432.07,5151083.133000006,1.495315,2.000268,1.7339714285714287
1569801600,1.7004,1.769,1.6404,1.7677,3573550.83,5194092.237500006,1.5022455,1.9855840000000007,1.7309428571428573
1569888000,1.7677,1.882,1.7522,1.8286,4084117.04,5286811.736500006,1.509009,1.9709560000000008,1.726514285714286
1569974400,1.8285,2.0233,1.8121,2.011,5790547.34,5464885.657500006,1.5152834999999998,1.9586260000000006,1.7204523809523813
1570060800,2.0134,2.0338,1.88,1.9442,7013380.23,5483599.751500007,1.5216319999999999,1.9487720000000008,1.7195238095238101
1570147200,1.9443,1.9949,1.888,1.9663,3422137.61,5368748.292500006,1.5273975,1.9361040000000005,1.7208952380952387
1570233600,1.9663,1.9775,1.9113,1.9624,2233660.2,5277976.164000006,1.533378,1.9231580000000008,1.7342714285714282
1570320000,1.9624,2.2659,1.9531,2.1669,9778198.65999999,5589405.968000007,1.5393109999999999,1.9119300000000008,1.7455523809523807
1570406400,2.1669,2.4899,2.0971,2.3963,12795782.67,5959495.807000007,1.5454095,1.9036919999999988,1.764142857142857
1570492800,2.3963,2.65,2.268,2.5765,16096459.09000001,6350828.275000007,1.5518125,1.8968919999999991,1.7831428571428571
1570579200,2.577,2.95,2.501,2.8011,21792384.07999998,7010943.103000006,1.5585265000000001,1.887753999999999,1.809642857142857
1570665600,2.7977,2.8058,2.465,2.6279,15341951.1,7602866.0960000055,1.566172,1.8810019999999992,1.8484857142857138
1570752000,2.6293,2.7936,2.5619,2.7481,11417701.51,8035061.813500005,1.5735005000000002,1.8762679999999994,1.8938428571428567
1570838400,2.7443,2.7572,2.5519,2.5975,6182391.51,8228588.956500004,1.5809535,1.8740919999999994,1.941466666666666
1570924800,2.5975,2.6443,2.4351,2.486,5534063.18,8371782.057500005,1.5883805000000002,1.8757059999999997,1.9773476190476185
1571011200,2.485,2.6741,2.4527,2.5324,5833573.37999999,7838688.169500004,1.5968115,1.8844799999999997,2.021328571428571
1571097600,2.5315,2.597,2.332,2.3974,6236112.72,7704972.861500004,1.606519,1.8929299999999996,2.055233333333333
1571184000,2.3949,2.4143,2.182,2.3717,11864805.05000001,7950702.826000005,1.6170785,1.9034379999999995,2.0871523809523804
1571270400,2.3736,2.49,2.274,2.4124,10565628.70999998,8262132.308500004,1.62878,1.9107219999999996,2.1217999999999995
1571356800,2.419,2.4999,2.3164,2.3546,7264838.27999999,8506435.763000004,1.639654,1.9170799999999997,2.1542476190476187
1571443200,2.3521,2.391,2.2914,2.3521,4513732.32000001,8566750.775500005,1.6510274999999999,1.9261679999999999,2.184123809523809
1571529600,2.3513,2.451,2.278,2.4444,4491335.27,8612639.997500006,1.6617125,1.9326379999999999,2.2203714285714278
1571616000,2.4443,2.69,2.4347,2.6223,11337672.86000001,8975317.788500007,1.6716695,1.9378159999999998,2.2534952380952373
1571702400,2.6216,2.8178,2.5619,2.6074,11209530.77999998,9246266.960500006,1.6818355,1.9481499999999996,2.2857761904761897
1571788800,2.6073,2.684,2.3717,2.6055,14101549.77,9600675.437500006,1.6913185,1.9597539999999998,2.3212142857142855
1571875200,2.6071,2.7748,2.602,2.72,9751557.57000001,9917146.435500007,1.700707,1.9708759999999999,2.3619095238095236
1571961600,2.7201,3.0063,2.6165,2.8374,14004511.97,10505689.024000008,1.710227,1.9841819999999997,2.3989952380952375
1572048000,2.8374,2.9977,2.664,2.7348,13344088.09000001,10683983.495500008,1.71923,2.0012559999999997,2.4273047619047614
1572134400,2.7323,2.762,2.6511,2.6646,5974202.16,10342904.470000008,1.7280849999999999,2.0168299999999997,2.464247619047619
1572220800,2.6707,2.8859,2.66,2.6611,7839146.77,9930038.854000008,1.7374969999999998,2.0319599999999993,2.505728571428571
1572307200,2.6601,2.769,2.6321,2.662,3559236.65,9018381.48250001,1.7479105,2.0507919999999995,2.542509523809523
1572393600,2.661,2.6768,2.5107,2.6093,3975481.96000001,8450058.02550001,1.758083,2.0716979999999996,2.5662095238095235
1572480000,2.6044,2.7573,2.5365,2.7219,4136829.04999999,8086014.402500009,1.7682649999999998,2.0919419999999995,2.578819047619047
1572566400,2.7233,2.7952,2.6428,2.7091,3786813.42,7966235.498000009,1.7789785,2.1098899999999996,2.582890476190476
1572652800,2.7092,2.7399,2.6828,2.6973,1945703.47,7786817.512500009,1.7903485000000001,2.1265619999999994,2.5737571428571426
1572739200,2.7015,2.7104,2.6202,2.6605,1676754.85,7578976.5860000085,1.8013725,2.144058,2.5782333333333334
1572825600,2.6594,2.73,2.6267,2.6746,2315985.74,7382970.237000009,1.812097,2.1602479999999997,2.57637619047619
1572912000,2.6746,2.6947,2.6322,2.6746,1985221.73,6888991.071000008,1.822992,2.1800839999999995,2.581128571428571
1572998400,2.6743,2.82,2.6479,2.7448,3174248.63,6519422.067000009,1.833842,2.2001199999999996,2.589438095238095
1573084800,2.7446,2.7549,2.6022,2.6757,3498869.77,6331123.641500009,1.8442095,2.2225479999999997,2.5962095238095237
1573171200,2.6758,2.7333,2.621,2.71,2932879.67000001,6252081.00900001,1.8552065,2.2444899999999994,2.609409523809524
1573257600,2.7091,2.8497,2.7031,2.8009,4656993.44000001,6260363.917500011,1.8663105,2.2657739999999995,2.6271761904761908
1573344000,2.8008,2.837,2.7362,2.777,2619550.08,5824457.77850001,1.8773045,2.2876539999999994,2.639714285714286
1573430400,2.7773,2.7777,2.6655,2.744,2141763.75,5371069.42700001,1.888108,2.3100699999999996,2.6566380952380952
1573516800,2.7438,2.8733,2.7311,2.8152,3219733,4826978.588500011,1.8988845,2.3275639999999993,2.678009523809524
1573603200,2.8177,3.0894,2.7851,3.02,6541016.76,4666451.548000011,1.90971,2.3442759999999994,2.6938476190476193
1573689600,3.0189,3.16,2.9666,3.039,6594266.26,4295939.262500011,1.920875,2.3638039999999996,2.6996428571428575
1573776000,3.037,3.07,2.797,3.0389,5650698.64,3911269.790000011,1.931772,2.3816339999999996,2.709538095238096
1573862400,3.0372,3.0435,2.9115,2.9894,1973143.82,3711216.873000011,1.9428435,2.4001999999999994,2.729276190476191
1573948800,2.9893,2.9894,2.8644,2.91,1638489.88,3401184.0285000107,1.95447,2.4204079999999992,2.744466666666667
1574035200,2.91,2.961,2.6977,2.7885,3495345.66,3397989.479000011,1.9659799999999998,2.4464879999999996,2.754061904761905
1574121600,2.7886,2.8069,2.58,2.7255,4538639.68,3426147.365000011,1.9774485,2.4723819999999996,2.7661857142857142
1574208000,2.7279,2.7957,2.63,2.6982,3588766.35,3398744.2300000116,1.9893165,2.5001359999999995,2.7778714285714288
1574294400,2.6983,2.7153,2.471,2.5456,4566589.41,3437733.0295000114,2.0022015,2.5267439999999994,2.7839380952380957
1574380800,2.5456,2.5952,2.1,2.3466,10793729.34000002,3880134.3230000124,2.0151415,2.5514599999999996,2.786961904761905
1574467200,2.3434,2.4621,2.2604,2.4266,4841617.12000001,4038377.436500013,2.028167,2.5732259999999996,2.7911952380952383
1574553600,2.4272,2.4533,2.2,2.2216,4491218.33,4147139.066000013,2.0407505,2.5923819999999993,2.7828
1574640000,2.2218,2.3976,2.02,2.2523,8169446.39000001,4456350.299000014,2.0529355,2.6097739999999994,2.7655380952380955
1574726400,2.2554,2.3578,2.1459,2.2424,7541215.92,4674698.663500014,2.064563,2.6204659999999995,2.752647619047619
1574812800,2.2437,2.2882,2.1002,2.2242,7877612.52000001,4893635.801000015,2.0756354999999997,2.6285139999999996,2.731747619047619
1574899200,2.2216,2.3248,2.1711,2.2702,4774519.93,4985717.814000013,2.0866445,2.6377199999999994,2.711638095238095
1574985600,2.2716,2.3763,2.2611,2.3403,4135940.21,4959665.152500013,2.0968435,2.6429039999999997,2.691057142857143
1575072000,2.3403,2.3437,2.1943,2.2373,2921785.1,4974776.903500012,2.1057040000000002,2.6446119999999995,2.6662666666666666
1575158400,2.236,2.2385,2.1274,2.1638,3517483.43,5043562.887500012,2.1151195,2.6415339999999996,2.6469571428571426
1575244800,2.1634,2.166,2.0524,2.0911,3655978.96999999,5065375.186000012,2.1232575,2.6344879999999993,2.6293523809523807
1575331200,2.0913,2.1891,2.058,2.1222,3779139.53,4927281.324500011,2.1313174999999998,2.6238699999999993,2.6025142857142853
1575417600,2.1222,2.17,2,2.029,6597003.71,4927418.197000011,2.139178,2.6181179999999995,2.5733142857142854
1575504000,2.0282,2.074,1.9583,2.0068,5364919.98999999,4913129.264500011,2.1469229999999997,2.6079019999999997,2.542223809523809
1575590400,2.0059,2.1042,1.9685,2.0943,3859727.3,5007458.438500011,2.154981,2.599227999999999,2.5092238095238093
1575676800,2.0918,2.1114,2.0346,2.044,2405401.82,5045804.0355000105,2.1634455,2.5913299999999992,2.462033333333333
1575763200,2.0402,2.085,2.0012,2.0528,2020725.98,4972073.051500011,2.170492,2.583125999999999,2.4128809523809522
1575849600,2.052,2.0985,2.0151,2.0984,2777749.05000001,4884028.520000013,2.1770975,2.5757579999999995,2.3678999999999997
1575936000,2.0983,2.2862,2.0611,2.2657,10814539.15000001,5245317.160000013,2.1829129999999997,2.5684599999999995,2.3228809523809524
1576022400,2.2655,2.3042,2.147,2.1786,4814219.68,5257698.673500014,2.1890685,2.5620979999999993,2.2820619047619046
1576108800,2.1784,2.1951,2.0197,2.1056,4784990.28,4957261.720500013,2.194534,2.555885999999999,2.2491999999999996
1576195200,2.1037,2.121,2.0575,2.0709,1963976.04,4813379.666500012,2.199601,2.549899999999999,2.2273047619047617
1576281600,2.0713,2.0933,1.97,1.9946,1752984.19,4676467.959500013,2.2044875,2.5429799999999987,2.2025619047619047
1576368000,1.9947,2.1168,1.9606,2.0708,2576084.24,4396799.852000011,2.2088085,2.535847999999999,2.1816095238095237
1576454400,2.0722,2.0873,1.967,1.9751,2569583.57,4148218.234500011,2.21297,2.527271999999999,2.168480952380952
1576540800,1.9705,2.0025,1.7,1.7598,7385844.66,4123629.8415000103,2.216766,2.517273999999999,2.147909523809523
1576627200,1.7594,1.8995,1.5996,1.8703,8597518.31,4314779.760500011,2.2214375,2.504291999999999,2.1407285714285713
1576713600,1.8703,1.8901,1.749,1.805,5045402.58,4360252.879000011,2.2267655,2.487435999999999,2.127528571428571
1576800000,1.805,1.9238,1.7849,1.9182,3285479.38,4378437.5930000115,2.2318795,2.4741560000000002,2.1045476190476187
1576886400,1.9182,1.9204,1.8544,1.8575,2246207.92,4314873.817500011,2.2361744999999997,2.4603660000000005,2.087695238095238
1576972800,1.8563,1.94,1.853,1.9181,2959721.12,4280060.925000012,2.2397535,2.4423400000000006,2.0655428571428565
1577059200,1.9167,1.9532,1.846,1.8629,2832932.76,4232750.586500012,2.244245,2.4265060000000007,2.0454428571428567
1577145600,1.8638,1.8854,1.8154,1.8435,2279849.44,4016892.8730000122,2.249109,2.4104200000000007,2.0273571428571424
1577232000,1.8434,1.8462,1.76,1.7826,1580097.4,3827651.743500013,2.2528135,2.3943460000000005,2.015657142857142
1577318400,1.7836,1.9604,1.7702,1.8539,2674255.35,3768378.1460000128,2.2573849999999998,2.3773140000000006,2.0047904761904753
1577404800,1.8538,1.9299,1.8435,1.8751,2417432.93,3768979.7015000135,2.2613325,2.3617300000000006,1.9915190476190472
1577491200,1.8777,1.8994,1.8555,1.8746,1269364.7,3731411.637500013,2.2664234999999997,2.3457780000000006,1.9797857142857138
1577577600,1.8716,1.92,1.8444,1.8976,1411417.05,3663095.0375000127,2.271286,2.3291560000000007,1.9725047619047618
1577664000,1.898,1.898,1.8072,1.8243,1099037.99,3177319.9795000125,2.2753965,2.3113160000000006,1.9620666666666662
1577750400,1.8215,1.8292,1.754,1.7673,1637649.28,3018491.4595000125,2.279162,2.293498000000001,1.9539999999999993
1577836800,1.7678,1.8548,1.7606,1.8111,1158748.32,2837179.3615000127,2.2825029999999997,2.2774860000000006,1.9466095238095231
1577923200,1.8109,1.8164,1.7065,1.7366,1422992.29,2810130.1740000127,2.2857529999999997,2.2607780000000006,1.9335571428571423
1578009600,1.7366,1.8292,1.7013,1.804,1789613.99,2811961.664000013,2.289725,2.242712000000001,1.9098238095238087
1578096000,1.803,1.8446,1.784,1.8242,1241322.81,2745223.592500013,2.2930705,2.223658000000001,1.8923238095238086
1578182400,1.8243,1.8413,1.785,1.7957,1524717.4,2692980.2840000126,2.296822,2.2041240000000006,1.8747523809523803
1578268800,1.7954,1.9386,1.7925,1.9374,3301261.66,2488751.134000012,2.300586,2.1840420000000007,1.862042857142856
1578355200,1.9373,2.1398,1.8993,2.1033,6873503.38999999,2402550.388000012,2.3003674999999997,2.1583740000000007,1.8539285714285703
1578441600,2.1006,2.3495,2.1006,2.1892,12147661.70000001,2757663.3440000126,2.3010064999999997,2.133674000000001,1.8408285714285706
1578528000,2.1877,2.2344,2.0977,2.1886,5099844.97,2848381.6235000123,2.3014725,2.1093800000000007,1.8390333333333324
1578614400,2.1867,2.2489,2.1455,2.2257,4235526.03,2947847.529000012,2.3018449999999997,2.0855060000000005,1.8553904761904751
1578700800,2.2255,2.345,2.218,2.2734,4347105.06,3017216.7260000124,2.3010494999999995,2.0660540000000007,1.8705761904761895
1578787200,2.273,2.3212,2.212,2.2383,2502624.23,3000701.2995000123,2.3010734999999998,2.0523500000000006,1.8888428571428562
1578873600,2.2382,2.2382,2.1561,2.1901,1977335.23,2985575.5890000123,2.3008755,2.0416240000000005,1.9034857142857131
1578960000,2.1904,2.4701,2.1792,2.3751,7062307.44000001,3259686.091000013,2.3017345,2.0314320000000006,1.9232904761904754
1579046400,2.3751,2.5604,2.3332,2.3953,6414464.85999999,3446696.5665000128,2.3038095,2.0250340000000007,1.9385380952380946
1579132800,2.3991,2.51,2.2932,2.4925,4944704.42,3573060.1410000124,2.3055415,2.0235700000000008,1.954119047619047
1579219200,2.4924,2.86,2.4589,2.7006,12221911.09999999,4120687.461000012,2.3074,2.019804000000001,1.9794333333333327
1579305600,2.7006,2.7946,2.58,2.7709,4502826.04999999,4275257.9110000115,2.309184,2.0191740000000014,2.008609523809523
1579392000,2.7749,2.8475,2.5385,2.6212,6650884.78000001,4552850.250500013,2.309587,2.0216300000000014,2.0390190476190466
1579478400,2.6207,2.7443,2.5425,2.688,4142689.53,4678102.263000013,2.3093785,2.024688000000001,2.0783285714285706
1579564800,2.6881,2.744,2.57,2.6716,3244654.09,4782397.551500013,2.3088895,2.030054000000001,2.121009523809523
1579651200,2.6724,2.6978,2.6187,2.6426,1637205.02,4793108.188000013,2.3055689999999998,2.0386620000000013,2.1554666666666655
1579737600,2.6425,2.647,2.4256,2.4698,4806803.20999999,4943967.649000013,2.2989829999999998,2.0472740000000016,2.196595238095237
1579824000,2.4695,2.533,2.3638,2.5024,4161651.96999999,5089984.107000012,2.294503,2.0549520000000014,2.239657142857142
1579910400,2.5024,2.51,2.421,2.4468,1881931.46,5107844.810000012,2.2898215,2.065436000000002,2.2792523809523804
1579996800,2.4425,2.5764,2.4266,2.5764,1936836.47,5039623.550500011,2.2849494999999997,2.0770460000000015,2.314166666666666
1580083200,2.5764,2.6764,2.5656,2.6055,3426087.65,4867252.763500012,2.2806054999999996,2.0874540000000015,2.3474238095238085
1580169600,2.6051,2.67,2.5868,2.6558,3113588.17,4415549.0870000115,2.2767804999999997,2.0962700000000014,2.377071428571428
1580256000,2.6544,2.8348,2.6316,2.7773,5269667.72,4424040.224500012,2.2719385,2.1061820000000013,2.414247619047618
1580342400,2.7785,2.9482,2.7167,2.9156,5780750.01999999,4501301.424000012,2.26785,2.1132320000000013,2.446061904761904
1580428800,2.912,2.9153,2.7628,2.8259,3910431.21,4479467.731500011,2.263824,2.1238800000000015,2.472371428571428
1580515200,2.8258,2.88,2.7438,2.8378,2737541.77,4491213.60850001,2.259655,2.1349340000000017,2.5003761904761896
1580601600,2.8372,2.8869,2.7314,2.8267,3442889.59,4564491.326500011,2.256554,2.146082000000001,2.5349952380952376
1580688000,2.8225,2.879,2.7451,2.771,3106758.86000001,4366713.89750001,2.253853,2.1563140000000014,2.56357619047619
1580774400,2.7713,2.8038,2.6751,2.7395,4494415.89,4270711.449000011,2.252954,2.1710540000000016,2.5904523809523803
1580860800,2.7397,2.8845,2.7261,2.839,4267689.22000001,4236860.689000012,2.250403,2.1854600000000013,2.618471428571428
1580947200,2.836,2.9436,2.79,2.89,4383200.46,3844925.1570000118,2.2484634999999997,2.200798000000001,2.646133333333333
1581033600,2.89,3.3682,2.8882,3.3072,14840163.74000001,4361792.041500012,2.2491134999999995,2.2174400000000016,2.663485714285714
1581120000,3.3071,3.4865,3.131,3.4171,10059760.54999999,4532235.830000011,2.2497865,2.2314440000000015,2.684614285714285
1581206400,3.4179,3.4984,3.233,3.4945,6151025.55999999,4632652.631500011,2.2530015,2.2467320000000015,2.7035428571428564
1581292800,3.4927,3.4972,3.2806,3.3862,6758374.35,4808338.644500011,2.2551449999999997,2.2683160000000013,2.7324285714285708
1581379200,3.3874,3.9964,3.35,3.9931,11780106.06999999,5315483.69700001,2.2556499999999997,2.2887100000000014,2.763199999999999
1581465600,3.9937,4.2,3.8472,3.9953,13673147.30999999,5758800.90200001,2.2563245,2.3187540000000015,2.804785714285713
1581552000,3.993,4.1147,3.7123,3.8765,8232595.28999999,5962348.06800001,2.2573345,2.3487320000000014,2.8380333333333323
1581638400,3.8753,4.487,3.7873,4.426,10369344.94999999,6386718.74250001,2.259125,2.3814720000000014,2.9009619047619037
1581724800,4.4262,4.621,4.065,4.3241,15608978.06,7070325.82200001,2.263622,2.4108340000000017,2.9653761904761895
1581811200,4.3215,4.8671,4.0384,4.4566,22171359.69,8007589.42400001,2.2689399999999997,2.4534380000000016,3.032361904761904
1581897600,4.4563,4.5522,3.8449,4.3108,19343142.24999999,8819067.12800001,2.274413,2.4964740000000014,3.123961904761904
1581984000,4.3059,4.636,4.1416,4.5523,11931206.57000001,9152144.070500012,2.2795365,2.5383520000000015,3.213357142857142
1582070400,4.5539,4.8355,4.193,4.3873,10109760.47999999,9368594.593500013,2.2875075,2.5897939999999995,3.302890476190475
1582156800,4.384,4.4865,4.0673,4.2644,11478760.65000001,9747011.065500012,2.2962575,2.6387739999999997,3.3840952380952376
1582243200,4.2666,4.5127,4.184,4.2778,7730080.2,9996637.98700001,2.3045619999999998,2.6904139999999996,3.4744047619047613
1582329600,4.2789,4.35,4.0332,4.1066,6716454.02000001,10160316.20850001,2.3160665,2.7386779999999993,3.551071428571428
1582416000,4.1006,4.3768,4.0693,4.2365,5652318.23999999,10287594.17750001,2.327346,2.7932379999999997,3.6152999999999995
1582502400,4.2366,4.2871,3.7916,3.9148,8591286.07,10492437.68650001,2.338578,2.8456379999999997,3.6844380952380944
1582588800,3.9179,3.96,3.4864,3.4905,12394531.51999999,10898779.80150001,2.3493269999999997,2.894703999999999,3.7448571428571418
1582675200,3.4874,3.8587,3.3113,3.5648,22248039.54999999,11792021.756000008,2.359953,2.9455279999999995,3.8119904761904757
1582761600,3.5648,4.132,3.4197,3.9579,19252934.55,12012660.296500009,2.369784,2.991579999999999,3.866457142857142
1582848000,3.9568,4.2395,3.75,4.1609,18277736.19999998,12423559.079000007,2.3785564999999997,3.0398259999999993,3.902219047619047
1582934400,4.1614,4.3535,4.0572,4.0579,12512141.06,12741614.854000008,2.3876644999999996,3.0822079999999996,3.9367809523809516
1583020800,4.06,4.2385,3.7607,3.859,14748523.07,13141122.290000008,2.3958049999999997,3.1132699999999995,3.9876333333333323
1583107200,3.8622,4.3435,3.8173,4.2423,12656156.05,13184924.789000008,2.4050744999999996,3.1424999999999996,4.028285714285714
1583193600,4.2421,4.68,4.1249,4.5846,17189323.00000001,13360733.57350001,2.413271,3.177873999999999,4.058799999999999
1583280000,4.5873,4.9762,4.5333,4.6406,18623299.51,13880268.784500008,2.4198889999999995,3.217319999999999,4.0761571428571415
1583366400,4.6388,4.899,4.6239,4.7151,11867449.07999998,13955173.991000008,2.426045,3.253963999999999,4.11692380952381
1583452800,4.7144,4.78,4.5429,4.6814,7667605.13000001,13558105.344500009,2.4337594999999994,3.285675999999999,4.145090476190477
1583539200,4.6813,4.6863,4.3143,4.3412,8209506.84999999,12860012.702500008,2.4426139999999994,3.3257560000000006,4.175819047619048
1583625600,4.3468,4.4646,3.85,4.0537,18324667.26,12809088.953000007,2.4507889999999994,3.3736460000000004,4.215752380952382
1583712000,4.0537,4.369,3.6012,4.1231,29055644.52000006,13665310.850500008,2.4586629999999996,3.4189560000000006,4.227914285714286
1583798400,4.1237,4.2119,3.9132,4.0839,18071323.59,14063389.006000008,2.4677584999999995,3.465352,4.228728571428571
1583884800,4.0842,4.11,3.5514,3.8169,19593491.56,14469125.551500008,2.4791814999999997,3.5091300000000007,4.209542857142857
1583971200,3.817,3.8519,1.5002,1.9931,72676626.16999997,17716452.850000005,2.4903664999999995,3.541942,4.200604761904763
1584057600,1.999,2.752,1.36,2.4333,73634341.00000004,21062347.19900001,2.5014164999999995,3.5675980000000003,4.1783
1584144000,2.4328,2.5141,2.0607,2.1379,21644199.58000003,21861941.26600001,2.5123444999999993,3.597636,4.151138095238096
1584230400,2.1401,2.4,2.015,2.0884,24056586.5,22635206.287500013,2.5222385,3.625554,4.042980952380953
1584316800,2.0868,2.0898,1.5571,1.7832,47175196.27000004,24374239.525000013,2.5314799999999997,3.64846,3.9551476190476196
1584403200,1.7832,2.069,1.73,1.8641,32839078.67999996,24903791.48150001,2.5409819999999996,3.63547,3.8614000000000006
1584489600,1.866,1.9543,1.762,1.9483,22313474.29999999,25056818.46900001,2.5502349999999994,3.63474,3.7591095238095242
1584576000,1.9497,2.37,1.8841,2.2398,33408982.34000001,25813380.776000015,2.5584789999999997,3.62745,3.657604761904762
1584662400,2.2409,2.6249,2.0143,2.26,39390658.86999995,27157306.666500013,2.558054499999999,3.6202820000000004,3.580157142857143
1584748800,2.2631,2.375,2.105,2.2787,19488573.18999999,27394309.172500014,2.5598514999999993,3.604418,3.5031809523809523
1584835200,2.2754,2.33,1.9334,1.9898,21634031.69,27843202.954500012,2.5599769999999995,3.58959,3.4213666666666662
1584921600,1.9889,2.3,1.9352,2.2468,23688851.36,28168179.372500014,2.560940499999999,3.57544,3.3308476190476193
1585008000,2.247,2.3709,2.195,2.3104,18400021.32,28157015.46300002,2.5609844999999996,3.5646899999999984,3.2461238095238096
1585094400,2.3109,2.35,2.1804,2.257,11321064.3,28129696.224000018,2.561324999999999,3.5515779999999983,3.157114285714285
1585180800,2.2569,2.3132,2.1884,2.3132,6818801.71000001,28087256.05300002,2.5621709999999998,3.5406339999999985,3.062090476190476
1585267200,2.3125,2.3599,2.1055,2.1373,8151561.2,28084358.770500023,2.5645269999999996,3.523673999999998,2.9537952380952377
1585353600,2.1372,2.1544,2.0372,2.1364,11038170.15000001,27720033.91500002,2.5666835,3.5120759999999978,2.840290476190476
1585440000,2.1356,2.152,2.007,2.0083,6879303.83999999,26611216.88100002,2.568831999999999,3.502863999999998,2.725914285714285
1585526400,2.0083,2.2,2.0006,2.135,8453846.89999999,26130343.04650002,2.5698889999999994,3.4932139999999983,2.604766666666666
1585612800,2.1348,2.302,2.1102,2.2658,8612405.92999999,25581288.76500002,2.5721624999999992,3.482697999999998,2.4997761904761897
1585699200,2.2657,2.2999,2.14,2.2753,13433598.33,22619137.37300002,2.575101499999999,3.467643999999998,2.4023761904761898
1585785600,2.2764,2.485,2.2566,2.2941,13266669.39,19600753.792500015,2.577550499999999,3.4442279999999976,2.3077047619047617
1585872000,2.294,2.3837,2.2652,2.3013,8452189.45,18941153.286000013,2.579978999999999,3.4160519999999974,2.221128571428571
1585958400,2.2995,2.3423,2.2545,2.3155,6143193.28,18045483.62500001,2.581729499999999,3.3888619999999974,2.147719047619047
1586044800,2.3155,2.3219,2.2437,2.2635,3228659.23,15848156.773000011,2.583412499999999,3.366453999999998,2.16205238095238
1586131200,2.2638,2.5677,2.2621,2.5555,12222925.81,14817349.129500013,2.584803499999999,3.3320979999999976,2.1557666666666657
1586217600,2.5556,2.908,2.555,2.7303,30449781.01,15224164.465000013,2.586941999999999,3.2980739999999975,2.164223809523808
1586304000,2.7295,3.2748,2.7124,3.1693,27092993.24000002,14908365.010000011,2.590391499999999,3.2665699999999975,2.1725619047619036
1586390400,3.1695,3.4741,3.1224,3.3099,37000470.00000006,14788855.566500017,2.593950999999999,3.2243599999999977,2.209338095238094
1586476800,3.3099,3.3199,2.945,3.22,43621490.59999994,15995501.437000016,2.597369499999999,3.1831479999999974,2.250585714285713
1586563200,3.2207,3.4364,3.0629,3.29,30487430.81999999,16438171.393500015,2.600972999999999,3.145125999999998,2.30872857142857
1586649600,3.2912,3.6412,3.167,3.4189,32589266.79,16883192.165000014,2.604430499999999,3.113515999999998,2.3596857142857126
1586736000,3.4117,3.4602,3.2,3.3702,29488744.48000001,17437628.323000018,2.606742999999999,3.085855999999998,2.4053999999999984
1586822400,3.3719,3.4437,3.21,3.252,17078827.00999998,17725516.458500016,2.6101484999999993,3.0643079999999974,2.4535571428571417
1586908800,3.2517,3.3061,3.1085,3.1212,15635873.10999998,18166370.028500013,2.614677499999999,3.0434199999999976,2.521609523809522
1586995200,3.1212,3.5555,2.9761,3.4851,24817961.65000002,18999690.051000014,2.6210964999999993,3.023663999999998,2.5751047619047602
1587081600,3.4831,3.525,3.3778,3.4523,12689070.26,19082235.05650001,2.628567499999999,3.0099099999999974,2.6199428571428554
1587168000,3.4525,3.83,3.447,3.7805,16406819.22,19558610.825500015,2.635643499999999,2.9925839999999977,2.6610952380952364
1587254400,3.7814,3.8102,3.5131,3.5902,16350496.02000003,19953443.28150002,2.643513499999999,2.9793279999999975,2.716899999999998
1587340800,3.5885,3.792,3.372,3.4322,20566086.81000003,20551127.32550002,2.6518864999999994,2.971941999999998,2.7795190476190457
1587427200,3.4317,3.5719,3.3903,3.4577,13887634.41000001,20573829.12950002,2.660481499999999,2.9703479999999973,2.857809523809522
1587513600,3.4593,3.6904,3.4327,3.6786,11953381.81999999,20508164.75100002,2.668446499999999,2.9602359999999974,2.9331380952380934
1587600000,3.6787,3.9101,3.5968,3.7533,14233201.38999999,20797215.34800002,2.6756814999999987,2.9526279999999976,2.994909523809522
1587686400,3.7551,3.8874,3.7364,3.7735,7951365.77,20887623.97250002,2.6846059999999996,2.943273999999998,3.051666666666665
1587772800,3.7735,3.9062,3.742,3.7865,6095069.37999999,21030944.48000002,2.6930289999999992,2.9347379999999976,3.1184904761904746
1587859200,3.7865,3.816,3.6432,3.721,8246658.13,20832131.09600002,2.702788499999999,2.919045999999997,3.1879761904761885
1587945600,3.7212,3.7385,3.4621,3.6383,11371929.85999999,19878238.53850002,2.7106844999999993,2.900925999999997,3.2580809523809506
1588032000,3.6373,3.7354,3.5554,3.6413,7379317.23,18892554.73800002,2.718124499999999,2.883179999999997,3.3281285714285698
1588118400,3.6422,3.9918,3.63,3.8879,15125283.54,17798795.415000018,2.7255814999999988,2.864347999999997,3.3975333333333317
1588204800,3.8881,3.9741,3.62,3.7025,13545136.01999999,16294977.68600002,2.734162499999999,2.846449999999997,3.4490952380952367
1588291200,3.7014,3.9162,3.7003,3.7571,8084328.36,15174822.56300002,2.7420944999999994,2.834045999999997,3.4924761904761885
1588377600,3.7571,3.86,3.73,3.8182,4467234.01,13768720.92400002,2.748980499999999,2.825737999999997,3.5266952380952366
1588464000,3.8186,3.86,3.6379,3.7092,5570724.79000001,12572819.939500019,2.7550304999999993,2.8161019999999968,3.5453904761904744
1588550400,3.7098,3.8272,3.5033,3.7499,10973722.27000001,12267564.70250002,2.759629999999999,2.8121819999999973,3.570966666666665
1588636800,3.7496,3.814,3.654,3.6833,4730504.58,11722296.276000021,2.764681999999999,2.8098939999999972,3.5961190476190463
1588723200,3.682,3.7654,3.57,3.5872,5299802.59000001,10746388.323000021,2.7691479999999995,2.8451739999999974,3.6099428571428556
1588809600,3.5874,3.85,3.5633,3.756,8481271.59000001,10535998.389500022,2.7755999999999994,2.8728719999999965,3.6280238095238078
1588896000,3.758,3.859,3.6874,3.801,7383724.48000001,10084843.652500022,2.7816824999999996,2.9042979999999967,3.648561904761903
1588982400,3.8001,4.2129,3.7601,4.015,15240721.63000001,10029354.933000023,2.7878059999999993,2.9375279999999964,3.670752380952379
1589068800,4.0149,4.0197,3.4602,3.7582,19818388.72999997,9991970.029000018,2.7949099999999993,2.9755299999999965,3.68365238095238
1589155200,3.7574,3.832,3.2865,3.5837,13273873.62,9961281.98950002,2.8015974999999993,3.0099919999999964,3.7002571428571414
1589241600,3.5838,3.7932,3.54,3.6943,7797486.43,9753487.22000002,2.8082849999999997,3.046145999999997,3.711423809523808
1589328000,3.6938,3.815,3.6366,3.7655,5989489.14,9341301.60750002,2.8149284999999993,3.0773699999999966,3.7194238095238084
1589414400,3.7654,3.8583,3.6947,3.8096,7333655.81,9310416.109500019,2.8211039999999996,3.1124699999999974,3.7266380952380938
1589500800,3.8093,3.8337,3.6144,3.6615,5572562.89000001,9284290.78500002,2.8276619999999997,3.1420599999999967,3.7379047619047605
1589587200,3.6626,3.79,3.6168,3.7614,4045380.2,9074226.88850002,2.8335554999999992,3.1739379999999966,3.7420428571428554
1589673600,3.7621,3.8524,3.7526,3.7815,3636901.86,8687475.488500021,2.8405934999999993,3.202887999999997,3.7447238095238085
1589760000,3.7815,3.95,3.7786,3.8895,5744922.71000001,8605755.762500022,2.846357,3.2319899999999966,3.7393904761904744
1589846400,3.8895,3.9488,3.7734,3.947,3771880.28,8038085.599500023,2.8506755,3.263041999999997,3.7381952380952366
1589932800,3.9466,4.1388,3.8955,4.0866,9821300.61000001,7851893.829000024,2.8549599999999997,3.2900079999999976,3.741076190476189
1590019200,4.088,4.174,3.7292,3.8298,10446021.86000002,7969978.504000025,2.8601134999999993,3.3224899999999975,3.753038095238094
1590105600,3.8307,4.1447,3.7932,4.0611,7194944.89000001,8106364.048000026,2.8658384999999997,3.3553919999999975,3.767595238095237
1590192000,4.062,4.1072,3.91,3.925,5867357.07000001,8121195.662000026,2.8708404999999995,3.393015999999997,3.777057142857142
1590278400,3.9242,4.0262,3.7844,3.7917,6236647.02,7884341.899500025,2.8763374999999995,3.4292559999999974,3.7831190476190466
1590364800,3.7878,3.9073,3.77,3.8614,4443996.51,7870016.4960000245,2.8821984999999994,3.4656719999999974,3.797595238095237
1590451200,3.8634,3.8816,3.7689,3.844,3774200.83,7793736.408000025,2.8880364999999997,3.4967619999999973,3.802680952380951
1590537600,3.8436,3.9143,3.8065,3.8526,3795380.76,7559441.866500025,2.8942259999999997,3.5321019999999974,3.806609523809523
1590624000,3.8542,4.0601,3.827,4.0461,4242354.59,7402373.372000024,2.9011724999999995,3.564575999999997,3.8119190476190465
1590710400,4.0462,4.13,3.9488,3.98,5243291.12,6902501.846500022,2.9070189999999996,3.5940999999999974,3.819571428571428
1590796800,3.982,4.18,3.943,4.1763,4734058.34,6148285.327000024,2.9139515000000014,3.626057999999997,3.832209523809523
1590883200,4.178,4.2838,4.041,4.131,6223457.98999999,5795764.545500023,2.9202035000000013,3.6518279999999974,3.84602380952381
1590969600,4.1278,4.48,4.1175,4.3785,8703425.47,5841061.497500023,2.9254380000000015,3.6742739999999974,3.8545476190476196
1591056000,4.3795,4.6185,4.1075,4.3976,8182461.05,5950710.093000023,2.9313665000000015,3.69181,3.8622285714285716
1591142400,4.3987,4.53,4.2898,4.4892,4215824.76,5794818.540500023,2.9370365000000014,3.7052119999999995,3.8799809523809525
1591228800,4.4881,4.5081,4.2864,4.4243,3231902.99,5677785.545500022,2.9422950000000014,3.7243379999999995,3.917828571428571
1591315200,4.4263,4.486,4.3405,4.358,2316069.89,5591320.030000022,2.9486405000000016,3.741158,3.9513190476190476
1591401600,4.3569,4.3979,4.3034,4.3512,1377160.26,5478332.950000023,2.954820500000001,3.76035,3.985780952380953
1591488000,4.3513,4.41,4.2068,4.3465,2146650.66,5298419.347500022,2.9616260000000016,3.780898,4.0150523809523815
1591574400,4.3487,4.4759,4.325,4.473,2037163.21,5211683.494000021,2.967181000000002,3.8056419999999997,4.048219047619047
1591660800,4.4753,4.5062,4.3605,4.435,2296314.26,4835434.176500021,2.9738785000000014,3.8317039999999998,4.076304761904761
1591747200,4.4374,4.4404,4.3426,4.4225,2236477.86,4424956.97650002,2.980672000000001,3.849162,4.103209523809523
1591833600,4.4207,4.4503,3.91,3.9565,6610463.34,4395732.89900002,2.9881710000000017,3.8671399999999996,4.130995238095237
1591920000,3.953,4.1874,3.8573,4.0819,4837530.74,4344241.582500019,2.9957425000000013,3.87846,4.154233333333333
1592006400,4.0807,4.1346,4.0054,4.11,1604660.74,4112642.268500019,3.0035900000000013,3.896116,4.170228571428571
1592092800,4.11,4.1134,3.9143,3.9371,1710213.36,3975953.1110000187,3.011718500000001,3.9161720000000004,4.176261904761905
1592179200,3.9395,3.9889,3.6551,3.9274,6850306.11000001,4129758.3750000196,3.0199600000000015,3.935468,4.177252380952381
1592265600,3.9254,4.0918,3.8935,4.0502,3623759.71,4121177.322500019,3.0295970000000016,3.9410260000000004,4.186061904761904
1592352000,4.0502,4.2,3.957,4.1659,4301280.98,4124123.6420000186,3.0400390000000015,3.9475980000000006,4.192985714285714
1592438400,4.1663,4.2491,4.0957,4.1415,3348384.08,4029378.2900000187,3.0500185000000015,3.9543280000000003,4.196128571428571
1592524800,4.1417,4.1839,4.0521,4.098,2424386.7,3913894.7080000183,3.058693000000001,3.9573400000000003,4.205947619047619
1592611200,4.0978,4.2072,4.0654,4.1765,2414698.62,3723456.739500019,3.0678409999999996,3.9614680000000004,4.220866666666666
1592697600,4.1762,4.2058,4.1395,4.1812,1336859.5,3355128.441000019,3.0771789999999997,3.9697060000000004,4.225409523809523
1592784000,4.1819,4.4859,4.176,4.4841,4659609.05,3178985.841000019,3.0857435,3.980198000000001,4.2310285714285705
1592870400,4.484,4.9422,4.4254,4.8051,10884418.78000001,3512415.5420000195,3.0940294999999995,3.985270000000001,4.231038095238095
1592956800,4.8061,4.9411,4.4986,4.7075,10253258.21000001,3863483.3030000203,3.1025789999999995,3.993180000000001,4.23342857142857
1593043200,4.7075,4.8407,4.5033,4.8134,7030842.15,4099221.9160000207,3.112222,4.001568000000001,4.238457142857142
1593129600,4.8129,4.8587,4.6424,4.6813,5532469.50999999,4306987.37850002,3.1221104999999993,4.008828000000001,4.257861904761904
1593216000,4.683,4.6957,4.3,4.4058,6165533.05,4507931.49800002,3.132145,4.024326000000001,4.268257142857142
1593302400,4.4051,4.62,4.3647,4.5668,4751931.74000001,4643669.92450002,3.1424164999999995,4.045430000000001,4.286785714285713
1593388800,4.5658,4.65,4.4232,4.6187,4789663.32000001,4768337.377500021,3.1531774999999995,4.065914000000001,4.302180952380952
1593475200,4.6192,4.6622,4.5337,4.5626,3008041.60999999,4806915.56500002,3.1655639999999994,4.090438000000001,4.304780952380952
1593561600,4.5625,4.73,4.5217,4.7067,4096719.29999999,4681228.363000019,3.179118,4.108944000000001,4.315271428571428
1593648000,4.7068,4.9181,4.6025,4.7996,7638387.35,4821271.19350002,3.1924354999999998,4.121040000000001,4.322209523809524
1593734400,4.7998,4.8964,4.7031,4.7309,4622377.34,4972157.02350002,3.2062384999999995,4.1320760000000005,4.328285714285714
1593820800,4.73,4.8539,4.7186,4.82,2884275.22,5030860.11650002,3.219153,4.149286000000001,4.3418190476190475
1593907200,4.8198,4.8325,4.6118,4.7439,3650974.38,4870893.530000019,3.2298535,4.168864000000001,4.381966666666666
1593993600,4.7426,5.5,4.7362,5.3617,12032948.97000001,5291352.99300002,3.2417944999999997,4.189112000000001,4.412871428571428
1594080000,5.3613,5.889,5.33,5.7248,13786031.79000001,5765590.53350002,3.2543599999999997,4.209794000000001,4.446680952380952
1594166400,5.7245,6.5782,5.592,6.4987,16816910.79,6439016.86900002,3.2668185,4.228220000000001,4.485099999999999
1594252800,6.5001,6.5006,5.7029,6.082,12955549.78,6965575.02300002,3.280379,4.251390000000002,4.5534
1594339200,6.082,6.2009,5.7096,6.1488,9946933.50000001,7342186.76700002,3.2940229999999997,4.271040000000002,4.633142857142857
1594425600,6.15,6.27,5.961,6.0994,5442718.22,7547479.703000019,3.3078019999999997,4.302644000000002,4.744228571428571
1594512000,6.1043,7.3898,6.0975,7.3345,18949318.61999999,8261965.181500018,3.3231029999999997,4.339350000000001,4.836633333333333
1594598400,7.3447,8.48,6.8525,7.163,30737550.95999996,9254621.790500015,3.337471,4.390384000000001,4.934290476190476
1594684800,7.1616,8.3446,6.965,8.1321,25153380.41,9999627.900500014,3.3552544999999996,4.4302920000000015,5.025857142857142
1594771200,8.1315,8.908,7.8309,8.6494,20518883.22,10674029.954000015,3.3742875,4.4766720000000015,5.1760142857142855
1594857600,8.6486,8.8822,7.9427,8.354,20705851.78999997,11432699.068000013,3.3974935,4.517438000000001,5.303580952380952
1594944000,8.3545,8.6444,8.2,8.2605,8727930.83000001,11560818.957000013,3.418313,4.585628000000002,5.462009523809524
1595030400,8.2589,8.2648,7.657,7.9734,11416632.85000002,11894054.012500014,3.4397425,4.653054000000001,5.6497190476190475
1595116800,7.9731,8.21,7.7782,8.0784,6896213.31,11999381.512000013,3.461022,4.738468000000001,5.818319047619047
1595203200,8.0848,8.1388,7.121,7.2301,11043721.16999999,12401165.490000013,3.4887814999999995,4.834576000000001,5.988757142857144
1595289600,7.2301,7.6788,6.9232,7.3101,10937153.27000001,12743187.188500013,3.5153269999999996,4.924604000000001,6.1586428571428575
1595376000,7.3086,7.6365,7.0832,7.4689,9599551.14,12841245.378000015,3.546612,5.008892,6.325861904761904
1595462400,7.469,8.099,7.4029,7.8983,10917062.94000001,13155979.658000015,3.5804859999999996,5.0887600000000015,6.450214285714287
1595548800,7.8982,7.9304,7.384,7.4284,7314721.87,13377501.990500014,3.612768,5.1668020000000014,6.58104761904762
1595635200,7.4284,7.8009,7.3744,7.672,7507174.9,13570312.016500015,3.6449489999999996,5.228784000000002,6.712580952380953
1595721600,7.6737,7.945,7.1885,7.5022,10637660.32,13500547.584000016,3.6759794999999995,5.287416000000002,6.860138095238096
1595808000,7.5009,7.5045,6.5101,7.1,16681214.34,13645306.711500013,3.7073159999999996,5.348842000000002,6.988590476190477
1595894400,7.099,7.4243,6.9106,7.2333,8500726.82999999,13229497.513500012,3.7347835,5.417024000000001,7.1244000000000005
1595980800,7.2332,7.4871,6.9867,7.0876,7058913.79000002,12934665.714000013,3.7623139999999995,5.477106000000003,7.255747619047619
1596067200,7.0876,7.5757,7.0253,7.4093,7673434.47,12820990.762500014,3.7905374999999997,5.543386000000002,7.33852380952381
1596153600,7.4093,7.8649,7.4085,7.8033,7419454.25999999,12919827.564500013,3.8210504999999997,5.6064060000000016,7.410357142857143
1596240000,7.8025,8.472,7.6373,8.3248,9345076.4,12439615.453500014,3.8485054999999995,5.661476000000001,7.4384
1596326400,8.3216,8.7972,6.87,8.2814,22647614.33999999,12035118.622500014,3.8763489999999994,5.716682000000002,7.501604761904761
1596412800,8.2851,9.2707,8.1408,9.2502,12814524.98,11418175.851000015,3.9029139999999996,5.769734000000002,7.580390476190476
1596499200,9.2502,9.9645,9.0807,9.8687,18485930.37,11316528.208500015,3.9274709999999993,5.829470000000002,7.686361904761905
1596585600,9.8686,9.8686,9.3207,9.5253,9682088.77,10765340.057500016,3.9525089999999996,5.906406000000001,7.731452380952381
1596672000,9.5265,10.2917,9.4515,10.2343,9041552.6,10781021.146000016,3.97658,5.991264000000002,7.830842857142857
1596758400,10.2284,10.2615,9.05,10.1286,11737996.62000001,10797089.334500015,4.002434999999999,6.074692000000002,7.913538095238094
1596844800,10.1286,13.8799,9.9287,12.7093,28681387.91,11886348.064500015,4.030500999999999,6.1809540000000025,7.9552476190476185
1596931200,12.7095,14.4586,12,13.8104,28455039.72000001,12756913.992000015,4.060249499999999,6.299780000000003,8.044785714285714
1597017600,13.8105,14.0551,12.52,13.4722,17912553.32000003,13105683.994500015,4.0896799999999995,6.409282000000003,8.133742857142856
1597104000,13.4722,13.5403,12.0905,12.9971,17514622.42,13501437.558500016,4.1234684999999995,6.530650000000003,8.359261904761905
1597190400,12.9999,16.8,12.5936,16.4635,23116748.13000004,14111421.818000019,4.1593089999999995,6.650392000000003,8.632214285714285
1597276800,16.4634,18.3488,15.9175,17.1883,30941693.95999999,15292770.422500018,4.193080999999999,6.822618000000003,8.929457142857142
1597363200,17.1728,17.5998,16.3,16.9574,11352121.05,15485017.73000002,4.2311464999999995,7.015296000000003,9.200266666666668
1597449600,16.9447,19.8303,16.5554,19.2285,17941112.01,15850190.314500019,4.268349499999999,7.201116000000004,9.628580952380952
1597536000,19.2108,20.1111,18.5144,18.8061,10757844.38999999,15554021.81700002,4.318537999999999,7.371376000000003,10.070961904761905
1597622400,18.8096,19.7111,15.5,16.8196,13542369.79000002,15806103.965000022,4.374376999999999,7.604544,10.52472380952381
1597708800,16.8064,17.6738,14.69,16.1927,27088057.75999996,16807561.16350002,4.429389,7.854159999999999,11.075033333333334
1597795200,16.1846,17.2554,14.8653,16.1863,18401947.04999999,17343986.792500015,4.481862499999999,8.09704,11.613314285714287
1597881600,16.1884,16.7862,15.7232,16.0483,11077161.69000001,17526872.164000016,4.551945999999999,8.387984,12.076152380952383
1597968000,16.0476,16.1421,12.89,13.8325,26181371.6,18368686.924000017,4.625005499999999,8.675989999999999,12.502790476190476
1598054400,13.8342,16.33,13.66,15.8078,16713843.17000001,18071998.36550002,4.696764999999999,8.921046,12.936061904761905
1598140800,15.8085,16.0042,14.6536,15.1428,10766009.00999999,17969572.56700002,4.7796284999999985,9.152526,13.347442857142855
1598227200,15.1572,15.8797,14.7,15.1419,8460822.00000001,17468317.148500018,4.859772499999999,9.384999999999998,13.634547619047618
1598313600,15.1363,15.3743,13.4578,14.1164,12813252,17624875.31000002,4.929292499999999,9.611832,13.990880952380952
1598400000,14.1171,15.6664,14.0537,15.2,11417184.57000002,17743656.90850002,4.996126499999999,9.792489999999999,14.317614285714285
1598486400,15.2088,15.5215,13.9679,14.5234,11695421.1,17741528.13250002,5.062868999999999,10.014028,14.598171428571428
1598572800,14.5234,15.4989,14.236,15.1207,7263858.01,16670651.637500018,5.128976999999999,10.220484,14.800442857142858
1598659200,15.1136,17.0305,14.9565,16.3612,12476977.78,15871748.540500015,5.184284499999999,10.428443999999999,15.070666666666666
1598745600,16.3612,17.7777,16.3547,16.4788,12067693.46000001,15579505.547500014,5.249625999999998,10.603537999999999,15.274909523809523
1598832000,16.4782,16.9495,15.4451,15.5772,9615963.27,15184572.590000013,5.311144999999999,10.793042,15.512628571428571
1598918400,15.5746,16.5053,15.0629,16.0333,9246701.59,14491070.263000008,5.372404499999999,10.953536,15.686528571428571
1599004800,16.0284,16.3587,14,14.7982,10432171.58000001,13465594.144000009,5.426450499999999,11.134310000000001,15.813595238095237
1599091200,14.7922,14.9989,10.8261,11.8895,17461923.92999999,13771084.288000008,5.485364999999998,11.338558,15.913833333333333
1599177600,11.8802,12.904,11,12.3708,18649479.71000001,13806502.673000008,5.540509499999998,11.546145999999998,16.05841428571428
1599264000,12.3804,12.7655,9.1,10.6017,25530147.88000001,14545117.847500008,5.599181999999998,11.710999999999999,15.979114285714283
1599350400,10.6087,13.24,9.7155,12.8044,21900428.58999998,14963020.787500005,5.661022499999999,11.888406,15.726790476190475
1599436800,12.806,13.1747,11.17,12.47,21235045.25000005,14670370.16200001,5.723439999999998,12.021728000000001,15.50838095238095
1599523200,12.4744,12.7362,11.0284,11.746,14832129.81000003,14491879.300000008,5.781943499999999,12.08653,15.097580952380948
1599609600,11.7359,12.6566,11.4356,12.3444,10649791.43000001,14470510.78700001,5.839979999999998,12.166866,14.811785714285712
1599696000,12.3452,13.28,12.18,12.4957,15073295.02999999,13915106.958500009,5.892350499999999,12.21369,14.604661904761903
1599782400,12.4948,12.696,12.019,12.4406,7498865.16,13454358.05800001,5.9295149999999985,12.31031,14.392914285714282
1599868800,12.4406,12.747,12.0934,12.7187,6270783.45000001,13229596.780000012,5.969814999999999,12.398142,14.209966666666663
1599955200,12.7194,13.23,11.7658,12.067,11107099.47999998,13361910.65400001,6.000061999999999,12.48846,14.040795238095235
1600041600,12.0757,12.3863,11.6349,12.1374,8830940.16,13162795.06200001,6.042147499999999,12.589146000000001,13.974514285714282
1600128000,12.13,12.24,10.75,10.9314,11413633.63,13162617.51500001,6.0831754999999985,12.689682,13.827414285714283
1600214400,10.9301,11.3002,10.4771,10.7367,10362445.08000001,13095968.71400001,6.120516499999999,12.780527999999999,13.680947619047613
1600300800,10.7367,11.6759,10.472,11.0139,10163046.46,13240928.136500012,6.161705499999999,12.886334,13.537876190476183
1600387200,11.0139,11.1315,9.7863,10.094,8890206.06999998,13061589.55100001,6.203001499999999,12.974234,13.38620952380952
1600473600,10.0938,10.4969,9.8756,10.1209,5596803.08000001,12738045.03200001,6.245630499999999,13.066938,13.173671428571424
1600560000,10.1192,10.6199,9.5,9.7357,7500145.60999999,12632254.14900001,6.2917714999999985,13.143565999999998,13.006552380952375
1600646400,9.7394,9.9235,8.5012,8.7114,15761415.84999998,12957989.862000009,6.3342825,13.213633999999999,12.767185714285707
1600732800,8.7162,9.08,8.54,8.7401,8384112.37,12855586.901500009,6.375179999999999,13.292159999999999,12.470028571428568
1600819200,8.744,8.8016,7.2869,7.6364,18221835.51999996,12893582.481000008,6.4090324999999995,13.345854,12.148928571428566
1600905600,7.6404,10.53,7.4761,9.87,26948146.31000002,13308515.811000008,6.442426499999999,13.392205999999998,11.82198571428571
1600992000,9.8701,11.199,9.3771,10.7279,20220142.06999998,13043015.520500008,6.478200999999999,13.420424,11.474690476190471
1601078400,10.7218,11.1,9.9757,10.3169,12020281.92,12549008.187000008,6.507459499999999,13.429024,11.133652380952375
1601164800,10.3079,10.991,9.9122,10.7939,10053108.71,11989911.360000005,6.5351409999999985,13.418822,11.037485714285706
1601251200,10.8,11.07,10.15,10.283,8731492.42,11684879.490500003,6.5606165,13.374176,10.959252380952375
1601337600,10.2809,10.3882,9.4502,10.135,13378180.79000001,11821298.958500003,6.580597999999998,13.38107,10.94569047619047
1601424000,10.1356,10.2314,9.5768,9.8694,6665669.78,11400917.696000004,6.6008914999999995,13.390942,10.849952380952372
1601510400,9.8727,10.4119,9.2457,9.6394,9704023.92000002,11511175.634000005,6.617367499999999,13.394708000000001,10.745809523809514
1601596800,9.6394,9.8449,8.7975,9.2167,11180624.68000001,11756667.695500005,6.646448999999999,13.3564,10.669095238095231
1601683200,9.2132,9.5555,9.104,9.269,4805191.52,11441572.297500005,6.679472999999999,13.285852,10.551238095238087
1601769600,9.2686,9.466,9.1141,9.3922,4665626.69,11233306.624000005,6.710637999999999,13.219108,10.415223809523802
1601856000,9.3906,9.72,9.2629,9.6176,6217366.66999999,10973493.276000004,6.7455229999999995,13.156553999999998,10.261704761904754
1601942400,9.6134,9.658,8.563,8.7689,7424722.61999999,10826607.153000003,6.786972499999999,13.020072,10.097433333333326
1602028800,8.769,9.01,8.3817,8.9799,7543306.98000002,10695620.179000003,6.825480999999999,12.860639999999998,9.970061904761899
1602115200,8.9801,9.6909,8.4016,9.5594,10913109.32999997,10796765.342000004,6.864138499999999,12.706871999999999,9.850071428571423
1602201600,9.5519,10.5254,9.3701,10.3959,11276147.45,11080732.560500002,6.901893499999999,12.510145999999999,9.747095238095234
1602288000,10.3923,10.92,10.37,10.5198,9504046.97000001,11180927.628500003,6.939060999999999,12.326376,9.663438095238092
1602374400,10.5168,11.0258,10.15,10.8515,8174876.86,10801600.679000005,6.976085499999999,12.165362,9.594176190476187
1602460800,10.8515,11.8028,10.6807,11.4259,11882241.47,10976507.134000005,7.013304999999999,12.021106,9.608552380952377
1602547200,11.4259,11.5833,10.5221,11.0016,9695225.65000001,10550176.640500007,7.050193999999999,11.888568,9.627547619047615
1602633600,11.0016,11.3536,10.6201,10.8896,7758446.60999999,9590691.655500006,7.0827385,11.775519999999998,9.680680952380948
1602720000,10.8896,10.9317,10.455,10.7483,6983355.76,8928852.340000005,7.116244499999999,11.709266,9.809942857142854
1602806400,10.7472,10.8935,10.2694,10.5877,6662666.86,8660971.587000007,7.154092499999999,11.61014,9.917633333333331
1602892800,10.5867,10.7149,10.4082,10.6267,3322174.05,8324424.854000007,7.194838,11.535801999999999,10.072547619047615
1602979200,10.6254,11,10.6,10.9409,3679623.94,8071831.430000007,7.235885,11.452995999999999,10.114371428571426
1603065600,10.9435,11.2226,10.651,10.9147,4474849.31,7626664.856000006,7.2788575,11.388459999999998,10.107695238095236
1603152000,10.9116,10.9349,9.7665,9.8589,7095706.59,7648166.696500006,7.324421,11.299425999999999,10.122447619047616
1603238400,9.8589,11.1372,9.7864,10.7863,8276637.42000001,7576797.371500006,7.3687425,11.220711999999999,10.129447619047616
1603324800,10.7805,12.4173,10.7142,11.9539,10308176.42999999,7533174.959000004,7.412508499999999,11.130831999999998,10.159528571428567
1603411200,11.9551,12.264,11.5784,12.1586,8789968.21000001,7732413.793500004,7.4562085,11.022425999999998,10.146380952380948
1603497600,12.1592,12.95,11.9839,12.7001,7538193.48,7876042.133000004,7.498472,10.911143999999997,10.190042857142853
1603584000,12.7002,12.8574,11.908,12.1481,7000941.96000001,7915220.897500006,7.5402765,10.796777999999996,10.300257142857138
1603670400,12.148,12.4472,11.2594,11.7096,8858167.82,7986893.157500004,7.5836045,10.691837999999997,10.440347619047614
1603756800,11.7086,12.4774,11.49,11.9224,7621232.43000001,7990789.430000004,7.6267075,10.634951999999997,10.603733333333329
1603843200,11.921,12.16,11.15,11.4403,8020300.25000001,7846148.976000005,7.6644955,10.640333999999998,10.734966666666663
1603929600,11.4448,11.81,11.0816,11.2772,8541785.18000001,7709430.862500006,7.7068495,10.646919999999998,10.83458571428571
1604016000,11.2743,11.4811,10.72,11.09,7960249.95,7632241.011500006,7.755301499999999,10.677847999999997,10.984752380952377
1604102400,11.0947,11.3981,10.9053,11.2277,4971547.22,7472074.529500005,7.803317,10.655951999999997,11.10191428571428
1604188800,11.2259,11.5885,11.0181,11.5722,3872679.99,7071596.455500005,7.853166,10.644999999999998,11.18371428571428
1604275200,11.5681,11.685,10.7049,10.7814,6924910.69,6933080.707500005,7.89806,10.638885999999998,11.216766666666661
1604361600,10.7814,10.7814,9.9454,10.3911,9964299.86,7043373.370000005,7.9400585,10.617541999999997,11.250476190476185
1604448000,10.3982,10.675,9.75,10.4713,8587173.03000001,7123564.233500006,7.9835705,10.589427999999996,11.284795238095233
1604534400,10.473,11.2749,10.0764,10.9794,10634722.28,7322167.004500004,8.024322,10.565169999999997,11.254104761904756
1604620800,10.9822,12.2813,10.9286,12.1687,10971288.72999999,7704622.738500004,8.0636135,10.542239999999998,11.225033333333327
1604707200,12.1686,13.5956,11.3123,11.7638,24928180.95999995,8767050.5895,8.1022125,10.516527999999996,11.205114285714279
1604793600,11.7668,13.1,11.477,12.71,12949524.47,9190784.3475,8.142091,10.481601999999995,11.21611904761904
1604880000,12.7083,13.0026,12.04,12.5107,12660359.23,9469016.9795,8.184346,10.472399999999995,11.291404761904754
1604966400,12.5182,13.278,12.3156,13.0017,12355950.65000002,9672982.640999999,8.2208275,10.477253999999993,11.345552380952373
1605052800,13.0017,13.4293,12.75,12.753,9416548.92000001,9628401.265500002,8.2555215,10.500349999999994,11.429795238095231
1605139200,12.753,13.0956,12.27,12.4038,8920340.53000001,9634919.881500002,8.2889755,10.533745999999994,11.505795238095232
1605225600,12.4038,13,12.3079,12.8687,7892649.62000002,9652642.688500002,8.3259215,10.585527999999993,11.655452380952374
1605312000,12.8679,12.9335,12.3,12.5574,5010394.11,9553115.296000002,8.369604,10.641027999999991,11.749104761904755
1605398400,12.557,12.6484,11.8156,12.1192,5716347.24,9396024.267000003,8.411134500000001,10.726833999999991,11.770528571428564
1605484800,12.1199,12.8132,11.9971,12.6223,5982803.37999999,9314102.814500002,8.4562915,10.807091999999994,11.804342857142851
1605571200,12.6204,13.4228,12.5414,13.3944,11150763.55,9470625.979500003,8.5000785,10.902439999999991,11.797547619047611
1605657600,13.3943,14.2669,12.585,13.5598,18517527.67,9969413.104000002,8.5462195,10.962413999999992,11.796171428571421
1605744000,13.5602,14,13.0111,13.6187,9805683.27,10061684.770000003,8.591052,10.999003999999992,11.839633333333326
1605830400,13.6117,14.477,13.4618,14.0933,11203096.77000001,10373262.247500004,8.634466,11.035049999999991,11.909728571428564
1605916800,14.0913,15.5,13.6876,15.4511,14003272.56999999,10879791.876500003,8.680617999999999,11.071617999999994,12.010657142857136
1606003200,15.4408,15.7179,13.8402,14.5098,14244002.32,11245746.458000002,8.7251985,11.133845999999991,12.122157142857137
1606089600,14.5098,15.425,14.252,15.2746,12472333.45,11371148.137500003,8.766354999999999,11.202341999999994,12.265171428571424
1606176000,15.2648,16.39,14.943,15.6703,15636471.17000001,11723613.044500005,8.810954,11.277327999999994,12.466285714285707
1606262400,15.6637,15.86,13.79,14.2016,9521564.1,11667955.135500003,8.8591405,11.366405999999992,12.606171428571423
1606348800,14.218,14.4743,11.2939,12.603,24596535.81000006,12349217.489500007,8.9078485,11.491093999999993,12.820133333333327
1606435200,12.6036,12.953,11.9454,12.4989,9129104.43999998,11559263.663500007,8.957396000000001,11.595909999999995,13.071523809523805
1606521600,12.5038,13.43,12.3489,13.0853,7286264.48,11276100.664000008,9.009113000000001,11.713557999999994,13.249157142857138
1606608000,13.0848,13.4765,12.8408,13.38,6551088.54,10970637.129500007,9.067952000000002,11.834611999999995,13.326471428571423
1606694400,13.3855,14.437,13.3855,14.2677,10302701.21999999,10867974.658000005,9.122565000000002,11.943265999999994,13.342195238095231
1606780800,14.2626,14.8328,13.0456,13.3461,11186350.89000001,10956464.756500006,9.180158,12.015727999999994,13.405123809523802
1606867200,13.3544,14.1482,13.05,13.9799,6173228.08000001,10819109.134000007,9.239504500000002,12.074517999999994,13.437028571428565
1606953600,13.9785,14.22,13.6446,13.9749,4275317.88,10638242.547000006,9.290437500000001,12.128305999999993,13.520695238095232
1607040000,13.9749,14.0332,12.5101,12.68,5795163.01,10677480.992000004,9.334661500000001,12.185509999999995,13.537095238095233
1607126400,12.68,13.3478,12.5265,13.1748,3447469.25,10564037.092500005,9.3792375,12.253833999999994,13.595519047619039
1607212800,13.1743,13.5282,12.7671,13.5057,3871281.59,10458461.003000004,9.4261925,12.292237999999996,13.670333333333328
1607299200,13.509,13.5536,12.8671,13.0704,3224398.04,10062142.727500003,9.474265,12.351803999999994,13.661347619047612
1607385600,13.0737,13.1929,12,12.1356,5176177.45,9395075.216500003,9.5265555,12.413509999999997,13.69074761904761
1607472000,12.128,12.829,11.5726,12.6212,6780799.24,9243831.015000002,9.5749785,12.452143999999997,13.75677142857142
1607558400,12.62,12.673,11.8549,11.9172,3569558.42,8862154.0975,9.626071000000001,12.503885999999996,13.778109523809515
1607644800,11.9172,11.9899,11.43,11.6335,5013258.55,8412653.396500003,9.677038000000001,12.561465999999996,13.718166666666658
1607731200,11.6393,12.3529,11.601,12.2259,4394492.22,7920177.891500002,9.720990500000001,12.604055999999993,13.673471428571421
1607817600,12.228,13.2697,12.021,12.9392,6036848.97,7598403.667500002,9.767129500000001,12.628473999999994,13.592447619047613
1607904000,12.9389,12.98,12.3238,12.8502,4529267.11999999,7043043.465000001,9.814225,12.683719999999994,13.475314285714278
1607990400,12.8513,13.022,12.4659,12.6818,3202210.62,6727075.791000001,9.860428000000002,12.706337999999995,13.321733333333324
1608076800,12.6786,13.5,12.3119,13.4852,6700261.79999999,5832262.090499997,9.9008005,12.699929999999995,13.24694285714285
1608163200,13.484,14.5038,13.0575,13.444,11585591.26,5955086.431499998,9.944281500000002,12.701275999999993,13.13149523809523
1608249600,13.444,14.0235,13.1725,13.5001,5520717.04000001,5866809.059499999,9.984909000000002,12.706057999999993,12.989185714285705
1608336000,13.5,13.9697,13.2981,13.4747,4606603.33,5769584.798999998,10.023769500000002,12.720099999999993,12.955071428571422
1608422400,13.4748,13.8,12.6752,13.0604,5227497.02000001,5515824.589,10.065679000000001,12.739543999999993,12.995119047619042
1608508800,13.0603,13.27,12.1354,12.3049,5669230.96,5239968.592499998,10.111112000000002,12.770799999999992,13.04279523809523
1608595200,12.3028,12.84,11.8117,12.7842,6175240.24,5240069.2004999975,10.155132500000002,12.810873999999995,13.061338095238089
1608681600,12.7811,12.8634,8.05,10.9736,15255910.25999998,5789098.8194999965,10.198641500000003,12.855331999999994,13.046119047619042
1608768000,10.973,11.6877,9.8564,11.5724,14771438.39999998,6237912.588999995,10.245186,12.903025999999993,12.952652380952376
1608854400,11.5705,11.9234,11.0601,11.5543,7386434.11000001,6434860.831999996,10.291751000000001,12.939679999999992,12.925895238095233
1608940800,11.564,11.8151,10.6238,10.9809,9097514.51999999,6696172.478499996,10.337359000000001,12.954333999999992,12.78273809523809
1609027200,10.984,13.2448,10.4763,12.1541,18965140.76999996,7483209.614999993,10.382744500000001,12.994389999999992,12.668333333333326
1609113600,12.1542,12.9781,11.971,12.6081,11288955.84999998,7788848.534999994,10.4256005,13.006039999999992,12.614728571428564
1609200000,12.608,13.0351,10.8161,11.7786,12895731.36999999,8094595.141499993,10.4650035,13.028061999999991,12.510257142857137
1609286400,11.7786,11.99,11.0671,11.2435,7720859.08000001,8302160.174499994,10.5071345,13.039559999999993,12.44589523809523
1609372800,11.2437,11.753,10.9039,11.2364,6640134.19000001,8383503.956499994,10.5402465,13.015803999999992,12.423880952380946
1609459200,11.2364,12.46,11.0638,11.8477,8296826.17,8578620.653999994,10.576376,13.023609999999989,12.406880952380945
1609545600,11.8453,12.4188,11.4303,12.2215,9618221.30999999,8757689.270999994,10.611782500000002,13.021571999999992,12.341276190476183
1609632000,12.2206,13.9999,11.8355,13.6814,15938080.41999999,9328129.935999993,10.644511999999999,13.00692999999999,12.308857142857134
1609718400,13.6815,15.644,12.3713,13.5935,23288863.80999998,10332462.595499992,10.68317,12.971765999999992,12.319057142857135
1609804800,13.5962,14.89,13.0928,14.5162,14842337.82999999,10739566.396999992,10.726428,12.94143399999999,12.318847619047611
1609891200,14.5141,17.2997,14.1427,17.2322,21381167.20999999,11229345.194499992,10.7649115,12.930311999999992,12.354190476190468
1609977600,17.2342,17.41,15.0657,15.9628,16881688.41999999,11797393.76349999,10.800579,12.917367999999993,12.389585714285706
1610064000,15.9659,16.1917,14.12,15.2381,14986392.75000002,12316383.234499991,10.837075500000001,12.939847999999992,12.476938095238088
1610150400,15.2395,17.8888,15.0029,17.5501,12818964.22,12695956.59449999,10.876677000000003,12.969333999999993,12.65536666666666
1610236800,17.5501,18.4386,15.4418,16.206,16496553.31000002,13237322.711999992,10.917533500000001,13.007211999999992,12.775309523809518
1610323200,16.1998,16.2596,12.5,14.6393,21926235.45000001,14024872.47249999,10.965111000000002,13.083967999999992,12.858071428571423
1610409600,14.6312,15.476,13.6701,13.9655,11921544.49000003,13858154.183999991,11.012371,13.132027999999991,13.052138095238089
1610496000,13.9609,16.2356,13.3701,15.9356,11467831.41000001,13692973.834499994,11.064462,13.164415999999992,13.201928571428565
1610582400,15.9396,17.99,15.33,17.9804,13484717.13,13997887.985499993,11.129740500000002,13.23355199999999,13.313090476190471
1610668800,17.9888,21.4533,17.5355,20.7375,38649175.59999991,15475471.039499989,11.188648500000001,13.24864999999999,13.369342857142854
1610755200,20.7405,22.96,19.628,20.1054,27884173.39000006,15921422.670499992,11.242418500000001,13.25123999999999,13.605628571428568
1610841600,20.1003,23.767,19.3729,23.2819,21794612.18000003,16446705.486999994,11.306143500000003,13.22505799999999,13.910771428571426
1610928000,23.2676,23.6862,21.06,22.0336,13781943.02999998,16491016.069999993,11.363636000000001,13.230363999999993,14.348066666666663
1611014400,22.0325,22.8564,20.3774,20.5557,10968890.7,16653417.650999993,11.412765500000003,13.30594,14.78256666666666
1611100800,20.5437,21.9788,19.0645,21.8482,12454231.88999999,16944122.53599999,11.459186500000003,13.468630000000001,15.3124619047619
1611187200,21.8421,22.0307,18.0611,18.4119,14857086.12999997,17272135.53399999,11.516835500000003,13.62076,15.761295238095235
1611273600,18.4109,22.4997,17.1269,21.5519,17060778.10000003,17644263.373499993,11.583903500000002,13.824692,16.179252380952377
1611360000,21.5467,25.5,21.14,24.8046,19024881.66999999,17798603.435999993,11.664497500000003,13.997764000000002,16.68423809523809
1611446400,24.8168,24.953,23.1612,24.7935,11910682.70999999,17229694.38099999,11.742211500000003,14.123524000000002,17.02592857142857
1611532800,24.7912,25.7824,22.6,23.3418,12581468.33000001,17116650.905999992,11.835087500000002,14.293566,17.48803333333333
1611619200,23.3418,23.9761,21.65,23.0981,8984444.57000002,16496814.773999993,11.921257500000001,14.382206000000004,18.087228571428568
1611705600,23.0914,23.2295,20.2767,20.9586,10837677.2,16194614.21299999,12.000381500000003,14.533746,18.61637619047619
1611792000,20.9586,24.4716,20.501,23.0145,11205369.43,16005563.046999991,12.085522500000002,14.776238000000001,19.08058095238095
1611878400,22.9869,24.24,22.045,22.748,11638550.99,15946542.38549999,12.153862500000002,15.008612000000003,19.48924285714285
1611964800,22.748,23.98,22.1534,23.6399,7393324.48,15491380.94399999,12.234813500000003,15.205334000000002,19.666690476190475
1612051200,23.6491,24.678,22.0603,22.5613,7645210.89,14777329.71599999,12.330212500000002,15.405888000000003,20.00248571428571
1612137600,22.5643,23.2,21.6526,22.8757,6446970.40999999,14503601.011999989,12.421686500000003,15.582348000000001,20.360099999999996
1612224000,22.8752,24.1693,22.7354,23.6582,6484871.27000001,14254453.004999986,12.507985500000002,15.790214000000002,20.650090476190474
1612310400,23.6578,25.5674,23.5318,25.087,8466371.72,14003535.734499987,12.592732000000002,16.00683,20.95272380952381
1612396800,25.0814,26.15,22.6174,24.492,8646149.72,12503384.440499993,12.667028000000002,16.246958,21.34493333333333
1612483200,24.4841,27,24.4081,26.3034,10000326.58000001,11609192.09999999,12.745428000000002,16.453666000000002,21.806490476190476
1612569600,26.3023,26.8,24.2081,25.0231,7063684.91,10872645.736499988,12.823353000000003,16.652396,22.242271428571424
1612656000,25.0336,25.2836,22.81,24.7254,6514277.29999999,10509262.449999988,12.900892,16.868556,22.552347619047616
1612742400,24.7335,25.98,23.9587,25.4115,7026181.88000001,10312127.008999988,12.970451500000001,17.11666,22.81739047619047
1612828800,25.407,28,25,27.6034,9472870.31999998,10163058.93049999,13.043060000000002,17.336796000000003,23.051566666666663
1612915200,27.615,28.6412,25.1227,26.8121,11721097.14000001,10006259.480999991,13.120048500000003,17.593984,23.12030476190476
1613001600,26.8,28.5705,26.2172,27.8475,6660619.10000001,9486251.530999992,13.205616500000003,17.824444,23.281157142857143
1613088000,27.8645,31.4485,26.6746,30.6265,9762295.76999999,9023122.23599999,13.287684500000003,18.049458,23.616761904761905
1613174400,30.6404,34.7573,29.07,34.1941,11028490.78,8979012.639499992,13.383051000000002,18.29648,23.853138095238094
1613260800,34.1969,35.6945,32.3088,33.1565,9440094.38,8821943.94199999,13.471616000000001,18.602449999999997,24.302452380952378
1613347200,33.1555,34.9252,27.5,32.5899,10844636.75999999,8914953.551499989,13.5578985,18.883007999999997,24.734576190476186
1613433600,32.5853,33.4269,30.784,31.9632,7062989.70999999,8726219.17699999,13.645464500000003,19.220485999999998,25.181695238095237
1613520000,31.963,32.6705,30,32.2324,5680522.17999999,8449976.814499987,13.746339500000001,19.601567999999997,25.579933333333333
1613606400,32.2256,33.5961,31.7785,32.4801,5452990.60000001,8140698.794999989,13.842040000000003,20.054364,26.020319047619047
1613692800,32.4727,35.5072,31.3799,34.6846,8412150.64000001,8191640.10299999,13.943766500000002,20.497875999999998,26.442466666666665
1613779200,34.6846,36.9307,32,33.9387,10078348.89999999,8313297.003499989,14.061399000000002,20.906592,26.97931428571428
1613865600,33.9293,35.2918,33.2712,34.0915,5179283.24,8249912.64499999,14.196203000000002,21.293694000000002,27.430057142857137
1613952000,34.0916,34.2185,25.2312,31.4542,13342706.35999999,8592804.399499988,14.326547500000002,21.70277,27.998466666666662
1614038400,31.4482,31.6822,20.8088,25.9249,24333706.63000004,9386171.14499999,14.452450500000003,22.127501999999996,28.48888571428571
1614124800,25.9573,29.337,24.505,28.0851,11441037.71000001,9525915.54449999,14.57325,22.596465999999996,29.037942857142856
1614211200,28.0737,28.6802,24.2509,24.7144,7925390.07,9422168.71899999,14.692788,23.038285999999992,29.446442857142852
1614297600,24.7144,26.9906,23.6574,25.1862,9141896.36999999,9526079.29199999,14.813781500000003,23.475685999999996,29.55438095238095
1614384000,25.165,27.4472,24.8545,26.1896,7629090.66000001,9581819.95999999,14.940953500000003,23.831141999999996,29.697147619047612
1614470400,26.1941,26.7624,22.8578,24.7016,7913084.04000001,9626165.067999993,15.061303500000001,24.077769999999997,29.707738095238092
1614556800,24.6954,27.7326,24.5758,27.7116,12300905.73,9767566.838499991,15.184134500000003,24.349147999999996,29.65453809523809
1614643200,27.7187,30.5251,27.1757,28.4769,9716494.53000003,9667336.707999993,15.290234000000003,24.498791999999998,29.710085714285707
1614729600,28.464,31.43,28.1272,29.85,6863848.85000002,9677498.195499992,15.369215500000003,24.68326,29.708952380952375
1614816000,29.8334,30.5731,27.1891,27.6943,6809212.29,9529844.021499993,15.446094500000001,24.902289999999997,29.818480952380945
1614902400,27.6856,28.2338,25.6483,27.8343,5835770.65000001,9270208.014999993,15.500614500000001,25.045319999999997,29.860076190476185
1614988800,27.8195,28.3985,26.2889,28.1479,3809103.37,8988658.464499993,15.5591845,25.275432000000002,30.004738095238093
1615075200,28.1608,29.1258,27.3859,28.5932,4599258.02,8676389.527499994,15.625147000000002,25.552183999999997,29.997442857142854
1615161600,28.5918,31.8469,28.2652,31.8469,7181496.7,8682314.876999995,15.666337500000003,25.869874,29.864480952380944
1615248000,31.8227,32,30.3639,31.4914,5209845.28000001,8658781.031999996,15.718954000000002,26.105048,29.57656666666666
1615334400,31.4914,31.7934,29.2545,29.9036,4916671.69999999,8631965.086999994,15.7765515,26.302125999999998,29.359266666666663
1615420800,29.8743,30.5285,28.5516,30.1166,5079711.85,8465343.147499993,15.829659000000001,26.450333999999998,29.32388571428571
1615507200,30.1227,30.411,27.3717,28.3553,4815001.06,8202175.755499994,15.8741,26.62009,29.301419047619042
1615593600,28.3523,30.57,26.9326,29.7384,5690169.1,8227720.048499994,15.929173500000001,26.79139,29.190523809523803
1615680000,29.7506,30.2,28.5108,28.5469,3148221.83,7717995.821999995,15.9889495,26.980546,29.077976190476182
1615766400,28.531,29.4217,26.8,27.5091,5267823.29,6764701.654999994,16.050984,27.167503999999997,28.77658095238095
1615852800,27.5006,28.1883,26.3975,27.9099,3775086.95,6381404.116999993,16.129977,27.332872000000002,28.57656666666666
1615939200,27.91,31.2,27.3027,31.0579,8170703.31999999,6393669.779499993,16.2182715,27.53174,28.31253809523809
1616025600,31.0579,31.3588,29,29.3949,4993129.50000001,6186231.435999994,16.288750500000003,27.69547,28.124676190476187
1616112000,29.3929,30.551,28.6802,29.777,3576087.99,5983581.302499993,16.363619500000002,27.770316,28.219199999999994
1616198400,29.7866,31.4325,29.5701,29.6465,3370847.33,5756469.466999993,16.429686500000003,27.824628000000004,28.360761904761894
1616284800,29.6564,30.08,28.5817,29.2097,2589005.21,5270874.440999992,16.5077965,27.91599,28.583642857142845
1616371200,29.2117,29.4444,27.1362,27.2431,3569707.65,4963535.096999991,16.574531,28.075186000000002,28.80225238095237
1616457600,27.2551,27.9351,26.6283,26.7813,3697991.34,4805242.22149999,16.6394595,28.243912,28.966866666666665
1616544000,26.7831,27.8814,23.61,24.8684,5130184.12000001,4721290.81299999,16.703405500000002,28.379162,29.181538095238093
1616630400,24.8679,26.6401,24.3665,25.535,5165569.26,4687780.74349999,16.776889,28.517132,29.159228571428564
1616716800,25.53,27.4,25.3591,27.3927,4214750.51,4708063.100499989,16.841469500000002,28.628528000000003,29.078485714285712
1616803200,27.3988,27.4982,26.003,26.8766,2033830.6,4579791.72949999,16.912468500000003,28.722164000000003,28.841266666666662
1616889600,26.8765,27.6624,26.0889,26.6588,2209824.35,4331208.1119999895,16.980534500000005,28.800276000000004,28.738442857142857
1616976000,26.6576,28.6203,26.3886,28.0357,3631401.63,4252285.929499988,17.052592000000004,28.824480000000005,28.717414285714284
1617062400,28.0356,28.5735,27.446,27.8301,2522498.95,4132577.291999989,17.129360000000005,28.83344,28.65687619047619
1617148800,27.83,29.4401,26.18,29.4167,4354539.16,4096318.657499989,17.201412500000004,28.891454000000003,28.564761904761905
1617235200,29.4168,31.125,29.3143,30.0684,5440741.33,4127605.670999989,17.272746000000005,28.902918,28.38327619047619
1617321600,30.0808,32.5555,29.361,32.4864,4541298.12,4070162.1219999893,17.336399000000004,28.935632000000002,28.208928571428572
1617408000,32.4867,33.1707,29.1256,29.293,5352533.08000001,4180377.68449999,17.411012500000002,29.001838000000003,28.185742857142856
1617494400,29.293,31.4643,28.6801,30.7471,3036730.2,4068823.02999999,17.486665500000004,29.050210000000003,28.18344761904762
1617580800,30.7473,32.6399,29.6179,32.3791,5116263.33,4135881.8489999897,17.558237500000004,29.086476,28.380166666666668
1617667200,32.3791,34.9,31.3074,34.725,8893492.93999999,4172021.3299999894,17.635937500000004,29.151602000000004,28.358957142857143
1617753600,34.7295,35.12,30.2286,31.109,7354475.71999999,4290088.640999988,17.712885000000004,29.24438,28.46372857142857
1617840000,31.1008,32.8999,30.9466,32.7884,3548631.28,4288715.805499988,17.796375000000005,29.21771,28.695633333333333
1617926400,32.787,33.2876,31.2348,31.5893,3146093.79,4277478.1284999885,17.886382000000005,29.14877,29.020161904761906
1618012800,31.5961,33,31,31.8944,3548018.58,4325428.796999989,17.988127000000006,29.133222,29.02259523809524
1618099200,31.898,34.4397,31.7283,33.8811,4950189.88000001,4394452.908499989,18.079935000000003,29.175924,29.184190476190473
1618185600,33.8811,34.1468,31.8601,33.108,4114028.72999999,4415254.777999988,18.179987000000004,29.15884,29.270490476190474
1618272000,33.1023,35.8645,32.3842,35.5217,6101006.72,4463795.907999988,18.286813000000006,29.16996,29.377533333333332
1618358400,35.5416,41.9901,35,41.3641,14042147.72000001,4907624.830999988,18.409968000000003,29.152144,29.599980952380953
1618444800,41.3371,44.33,39.6638,42.5601,12590877.73999998,5326431.192499987,18.514908500000004,29.096339999999994,29.879261904761908
1618531200,42.5654,43.2902,38.5273,41.9861,9660045.34999999,5707741.929999987,18.630172000000005,29.095187999999993,30.29547142857143
1618617600,41.9797,44.1116,39.8304,39.9137,6767640.23,5935632.723999987,18.744561500000003,29.07551799999999,31.08098095238096
1618704000,39.9135,40.3436,28.8,39.0799,16201648.57999997,6564145.071499987,18.860333000000004,29.156867999999996,31.891700000000004
1618790400,39.0858,41.99,34.8144,35.7359,13081158.33000001,7092078.040499987,18.991556500000005,29.465651999999995,32.586623809523815
1618876800,35.7504,39.3901,33.1933,38.9954,12155649.57999999,7482133.561499986,19.107746500000005,29.755151999999995,33.207438095238096
1618963200,38.9983,39.4872,35.8933,36.2274,7984885.79,7609340.784499985,19.231715500000004,30.100585999999993,33.798919047619044
1619049600,36.2364,40.82,33.7859,35.1306,13980846.79999997,8081318.218499984,19.386951500000006,30.395135999999994,34.165595238095236
1619136000,35.1256,35.9643,30.02,35.2121,14693218.80999999,8548352.504999984,19.5457825,30.652942,34.697276190476195
1619222400,35.2121,35.3033,31,31.2443,6655452.01,8729288.595499983,19.704298000000005,30.873628,35.021595238095244
1619308800,31.237,33.432,29.801,31.692,4590476.743,8702999.266149983,19.8531915,31.099303999999997,35.26265238095238
1619395200,31.69,35.275,31.363,35.13,6660309.239,8591340.081099983,19.999244000000004,31.254314,35.39244761904762
1619481600,35.112,37.665,34.483,36.788,5463142.47700001,8496773.418949982,20.129726500000004,31.359925999999994,35.48536666666668
1619568000,36.786,37.808,34.901,36.233,5219076.553,8580295.682599982,20.278620000000004,31.510281999999997,35.53036190476192
1619654400,36.253,37.45,35,36.467,5148499.846,8680415.985399982,20.413412000000005,31.578481999999994,35.661357142857156
1619740800,36.465,38.79,35.827,38.1,5295313.70800001,8767780.741799982,20.542104000000005,31.649363999999995,35.759595238095244
1619827200,38.101,41.27,37.428,41.257,5227786.221,8781660.55884998,20.670076500000004,31.780099999999997,36.003595238095244
1619913600,41.249,41.46,38.69,39.461,5208051.325,8836361.68859998,20.782453500000003,31.878922,36.178766666666675
1620000000,39.461,42.728,39.166,42.052,6029697.571,8832796.23114998,20.896014000000005,31.973754,36.488800000000005
1620086400,42.06,48.54,38.634,45.527,19637684.71000003,9112573.080649983,21.023867000000006,32.105022000000005,36.9346380952381
1620172800,45.508,51.2,44.865,49.575,16873790.90100003,9326718.738699984,21.155827500000004,32.26469,37.20034761904762
1620259200,49.576,49.9,45.343,47.154,9895004.189,9338466.680649985,21.2843935,32.522724000000004,37.62625238095239
1620345600,47.148,51.969,45.666,49.129,10599319.11099999,9530050.624699986,21.412471,32.717176,38.10269523809524
1620432000,49.134,50.265,46.5,48.597,5902382.66399999,9015087.328899985,21.5458415,32.987278,38.49369047619048
1620518400,48.607,52.426,45.83,52.269,8601375.485,8791098.186649984,21.697118500000002,33.34763600000001,38.71244761904762
1620604800,52.277,53,40.7,46.334,11459163.62,8756273.888649985,21.8399755,33.780938000000006,39.05258571428572
1620691200,46.326,49,44.576,48.826,7532480.798,8733653.639049986,21.996494000000002,34.10286000000001,39.466076190476194
1620777600,48.805,49.836,40.914,41.622,8304570.50999999,8449839.824549986,22.1711905,34.497542,40.09412857142858
1620864000,41.541,44.958,39.227,43.287,10978718.589,8264114.813499985,22.365932,34.873942,40.59880000000001
1620950400,43.273,47.875,42.935,46.567,6310269.00100001,8246855.663049987,22.546997500000003,35.326392,41.06692380952382
1621036800,46.558,47.8,40.975,41.492,9858340.36399998,8510248.844099987,22.738069,35.668878,41.32380952380953
1621123200,41.512,44.901,37.944,40.67,9820375.69899999,8668252.167099986,22.931759500000002,36.100536000000005,41.712209523809534
1621209600,40.662,40.674,35.068,37.177,10672040.78499999,8928697.082499987,23.139173,36.39735,42.25291904761906
1621296000,37.176,44.69,36.655,42.566,11237931.791,9229639.844399987,23.311073500000003,36.765722000000004,42.74090476190478
1621382400,42.555,43.5,21,26.227,30087569.96400004,10476593.35029999,23.494410500000004,37.186362,43.16842857142859
1621468800,26.227,33.05,22.35,30.606,20474453.96999999,11235550.36339999,23.639020000000002,37.468348,43.26590476190478
1621555200,30.633,31.945,22.019,25.546,16394437.613,11793882.93299999,23.7947145,37.744216,43.54104761904763
1621641600,25.548,26.2,22.225,23.296,13176375.348,12192299.134149991,23.9690015,37.95458,43.06457142857144
1621728000,23.293,24.368,15,19.844,28838486.24699997,13332738.56794999,24.116849500000004,38.245186,42.785476190476196
1621814400,19.849,26.431,19.677,26.412,18781247.48400001,13289916.706649987,24.262998000000003,38.213124,42.18766666666668
1621900800,26.4,27.644,23.673,27.503,13594283.81799998,13125941.352499986,24.392497000000002,38.236909999999995,41.332380952380966
1621987200,27.505,34.285,26.847,34.018,15626091.013,13412495.693699986,24.549877000000002,38.146462,40.398238095238106
1622073600,34.03,35.334,30.033,31.732,14928881.51100003,13628973.813699987,24.6248735,37.962654,39.6534761904762
1622160000,31.723,32.185,26.821,27.878,18329155.01500002,14250312.431249991,24.720042499999998,37.773674,38.79519047619049
1622246400,27.872,29.734,24.12,25.365,11852877.56599998,14412887.53529999,24.793865500000003,37.686972,38.05438095238097
1622332800,25.377,29.168,23.7,26.818,11581989.13600001,14419028.811099991,24.85839,37.58945,37.320000000000014
1622419200,26.813,32.159,25.555,32.098,11530173.536,14618913.447999993,24.9052535,37.57531,36.308047619047635
1622505600,32.098,32.65,29.035,30.719,8541347.95799999,14630752.320399994,24.9824165,37.58777,35.201761904761916
1622592000,30.729,32.218,29.669,30.67,6690371.855,14416334.983699996,25.059088000000003,37.489562,33.98980952380954
1622678400,30.669,32.856,30,32.198,7153659.069,14458504.487099996,25.170358999999998,37.365076,33.31190476190476
1622764800,32.199,32.267,27.172,28.826,11814359.67199999,14556305.452499997,25.265469,37.263548,32.44966666666667
1622851200,28.829,30.186,26.044,27.129,8061770.98500001,14468375.216799999,25.3423055,37.227886,31.928142857142863
1622937600,27.127,28.19,26.818,27.532,4103120.692,14139929.212149998,25.404121999999997,37.180105999999995,31.40009523809524
1623024000,27.53,28.693,24.234,24.584,7596956.78,13957880.461599996,25.474447,37.083071999999994,30.555285714285716
1623110400,24.574,25.098,21.334,24.076,12541377.995,13080570.863149995,25.572918,36.89975,29.871333333333332
1623196800,24.079,25.626,22.441,25.585,10774426.54599999,12595569.491949994,25.6621695,36.625068,29.245714285714286
1623283200,25.589,25.78,22.721,23.114,8528580.189,12202276.620749995,25.752732499999997,36.32792599999999,28.646047619047614
1623369600,23.117,23.374,21,21.478,7708441.111,11928879.908899996,25.8531265,36.080292,27.765571428571427
1623456000,21.475,22.287,20,21.67,8866594.23,10930285.308049995,25.934144999999997,35.790374,27.735000000000003
1623542400,21.671,23.886,20.396,23.312,8518777.75800001,10417161.821749996,26.002817999999998,35.557176,27.378238095238096
1623628800,23.314,25.28,22.837,24.973,8601439.91100001,10167519.626399998,26.072678999999997,35.288968,27.18452380952381
1623715200,24.967,26.458,24.376,24.482,7591140.10999999,9765772.081249997,26.127505499999998,35.0267,27.107095238095233
1623801600,24.48,24.64,22.918,23.044,7504910.032,9394573.507299995,26.177419,34.753648,27.272238095238095
1623888000,23.042,24.445,22.81,23.396,5252377.09499999,8740734.611299995,26.2280885,34.482806000000004,27.203714285714288
1623974400,23.401,23.425,20.526,21.233,6991986.01499999,8497690.033749994,26.271109499999998,34.32416,27.05985714285714
1624060800,21.236,21.95,20,20.246,5051884.872,8171184.820549995,26.3021265,34.18978,26.53728571428571
1624147200,20.263,22.071,19.077,21.646,6747456.73600001,7932048.980549994,26.332125,33.97682,26.140333333333327
1624233600,21.641,21.881,16.981,17.365,16334287.90600001,8321695.977949995,26.377677,33.70194,25.823904761904757
1624320000,17.357,18.797,15,16.85,19816152.56700002,8977985.013549997,26.439527,33.4452,25.580142857142857
1624406400,16.84,19.199,16.149,18.395,10955575.37200001,9168080.828699997,26.4994425,33.140519999999995,25.33385714285714
1624492800,18.393,19.525,17.352,19.06,6913929.289,8923059.309549998,26.549236,32.78344,24.63228571428571
1624579200,19.06,19.5,16.813,16.87,10064722.52100001,9023206.886349997,26.599315999999998,32.39122,23.971857142857136
1624665600,16.872,17.495,15.92,16.952,8397555.9,9237928.646749998,26.634142500000003,31.949299999999997,23.38733333333333
1624752000,16.951,18.412,16.591,18.406,6672229.029,9191692.259199997,26.668642,31.445259999999994,22.761714285714284
1624838400,18.407,19.434,17.902,18.83,7730969.378,8951171.828349996,26.706972500000003,30.90261999999999,22.19238095238095
1624924800,18.83,20.546,18.752,19.535,7920272.50199999,8808464.126149997,26.723923,30.292319999999997,21.707761904761906
1625011200,19.531,19.776,18.149,19.516,7407061.566,8752388.194999997,26.744773,29.686639999999997,21.273190476190475
1625097600,19.517,19.533,17.603,18.186,6081147.35899999,8671023.507399995,26.770874,29.0431,20.999190476190474
1625184000,18.184,18.523,17.256,18.274,5454370.72000001,8500412.331899997,26.798645500000003,28.43928,20.782952380952377
1625270400,18.277,18.894,17.864,18.543,3457947.186,8247370.803299995,26.8176435,27.770500000000002,20.49395238095238
1625356800,18.543,19.925,18.002,19.242,4719545.20299999,8053276.067899993,26.841725500000003,27.234519999999996,20.25928571428571
1625443200,19.238,19.242,17.767,18.362,5293286.64999999,7938383.394899992,26.8706495,26.64832,20.106714285714283
1625529600,18.364,20.271,18.317,20.073,8365971.342,7981436.460399993,26.9052135,26.1796,19.95780952380952
1625616000,20.073,21.274,19.62,19.788,7382310.549,8087933.133099993,26.944721,25.679339999999996,19.763999999999996
1625702400,19.786,19.873,18.138,18.353,7810651.19800001,8128866.392249994,26.981171500000002,25.118859999999994,19.449190476190477
1625788800,18.365,18.877,17.617,18.656,5274715.58399999,8140007.927849993,27.0074055,24.673859999999994,19.239238095238093
1625875200,18.656,18.988,17.734,18.204,4080693.184,8006669.750249992,27.034524500000003,24.2277,19.08419047619047
1625961600,18.209,18.581,17.861,18.383,2750998.477,7327505.278799991,27.063830500000005,23.88562,18.844047619047615
1626048000,18.382,18.609,17,17.518,3787713.432,6526083.32204999,27.092614500000003,23.430060000000005,18.72133333333333
1626134400,17.514,17.766,16.663,16.87,3654707.11799999,6161039.909349989,27.117204500000003,23.27258,18.624095238095236
1626220800,16.873,17.419,16.014,16.936,5451319.43799999,6087909.416799989,27.150069000000002,23.03358,18.468714285714285
1626307200,16.936,17.238,15.517,15.764,6244804.485,5896913.514999988,27.181635500000002,22.886740000000003,18.476
1626393600,15.764,16.33,15.125,15.234,5213696.453,5737720.542649987,27.208098500000006,22.788480000000003,18.47695238095238
1626480000,15.234,15.678,15.02,15.352,5177561.72200001,5662987.177299988,27.239854000000005,22.74196000000001,18.40747619047619
1626566400,15.352,16.078,15.155,15.47,3946695.121,5473773.464449989,27.266953000000008,22.55112000000001,18.25052380952381
1626652800,15.475,15.641,14.404,14.528,5829694.304,5369244.554549989,27.304000000000006,22.339780000000008,18.172619047619047
1626739200,14.529,14.783,13.384,13.742,7700512.325,5383917.092499989,27.333728000000004,21.974700000000006,18.09642857142857
1626825600,13.744,15.797,13.46,15.297,8493449.36900001,5504532.192999991,27.360306500000007,21.64474000000001,17.956619047619046
1626912000,15.3,16.176,14.961,16.071,5864766.171,5525051.96554999,27.390082000000007,21.394220000000008,17.751761904761906
1626998400,16.073,16.572,15.23,16.502,5208073.46000001,5612558.27924999,27.40813150000001,21.19632000000001,17.475904761904765
1627084800,16.507,17.132,16.307,16.683,5410931.847,5647127.61144999,27.42126100000001,20.95052000000001,17.275000000000002
1627171200,16.687,17.062,16.156,16.746,4708980.418,5617912.299849991,27.439128000000004,20.58340000000001,17.174285714285716
1627257600,16.745,19.958,16.662,18.028,14210837.67299999,5910155.61639999,27.460260500000004,20.27496000000001,17.089904761904762
1627344000,18.03,19.58,17.602,19.489,8327513.617,5957415.769799991,27.476718500000008,19.982980000000012,17.001333333333335
1627430400,19.483,19.987,18.611,19.109,7596790.31500001,5946722.725649991,27.486190000000008,19.669060000000012,16.882476190476194
1627516800,19.106,19.472,18.608,19.37,4161840.776,5891078.985249991,27.501567500000007,19.42620000000001,16.866571428571426
1627603200,19.372,22.666,18.823,22.269,12896563.78199998,6331872.51514999,27.513515500000008,19.218540000000008,16.838761904761903
1627689600,22.269,23.375,21.266,22.713,7637055.914,6576175.38699999,27.528058000000005,19.02846000000001,16.806428571428572
1627776000,22.722,23.94,21.789,22.062,8728644.33700001,6823221.93224999,27.538892000000004,18.92656000000001,16.854857142857146
1627862400,22.065,23.975,21.401,23.472,7225124.74,7001742.81334999,27.536461000000003,18.827220000000008,17.026904761904763
1627948800,23.474,24.431,22.039,23.942,9465472.392,7202450.461049991,27.546787000000005,18.702920000000006,17.241619047619047
1628035200,23.942,25,22.869,24.193,8225660.808,7301493.277199989,27.568041500000007,18.686020000000006,17.416809523809526
1628121600,24.188,24.335,22.468,24.057,7144781.46699999,7398047.527899988,27.57583600000001,18.710720000000006,17.700333333333333
1628208000,24.051,24.391,22.996,23.89,7433704.42499999,7510854.663049987,27.591656000000008,18.718560000000007,18.037095238095237
1628294400,23.889,25.157,23.626,24.694,6218217.15799999,7624430.764899987,27.62980450000001,18.721760000000007,18.382666666666665
1628380800,24.688,24.946,22.565,23.029,5179399.165,7591916.007949987,27.67354200000001,18.701140000000006,18.777571428571427
1628467200,23.026,24.691,22.072,24.197,5994876.946,7506634.238999988,27.70417400000001,18.695360000000004,19.1897619047619
1628553600,24.198,25.518,23.736,24.537,6592102.333,7411566.887199988,27.73163200000001,18.715620000000005,19.634619047619044
1628640000,24.536,27.313,24.459,25.906,7843592.87700001,7510508.222499987,27.747654500000007,18.725500000000004,19.994571428571426
1628726400,25.902,26.902,24.085,24.944,6385288.818,7569368.9903999865,27.76809250000001,18.794720000000005,20.455
1628812800,24.941,27.771,24.715,27.748,4895829.581,7543613.877099986,27.771968000000005,18.850380000000005,20.96904761904762
1628899200,27.748,27.955,26.371,27.144,5869978.184,7601663.765399987,27.78125000000001,18.901400000000002,21.474238095238093
1628985600,27.139,27.983,25.901,27.901,4492523.836,7115748.073549988,27.80194150000001,19.044840000000004,21.896761904761902
1629072000,27.901,30.51,27.638,27.944,9364186.79899999,7167581.732649987,27.807845500000006,19.225960000000004,22.43228571428571
1629158400,27.95,30.299,25.881,26.146,9870163.63399999,7281250.398599987,27.83677100000001,19.356940000000005,22.93042857142857
1629244800,26.145,26.922,24.847,25.341,8437887.642,7495052.741899987,27.851696500000006,19.530700000000007,23.461619047619045
1629331200,25.341,27.132,24.479,27.096,7978787.57,7249163.931299987,27.85720350000001,19.736180000000004,23.933809523809522
1629417600,27.101,29.048,26.647,28.678,6765096.70500001,7205565.970849988,27.85795600000001,19.955160000000006,24.250809523809522
1629504000,28.681,29.156,27.648,27.844,5165729.46400001,7027420.227199988,27.879987000000007,20.145920000000007,24.54757142857143
1629590400,27.85,28.663,26.785,27.982,4266944.356,6879511.2079999875,27.900216500000006,20.292240000000007,24.91547619047619
1629676800,27.981,29.3,27.78,28.552,6106352.51100001,6711555.213949989,27.934928500000005,20.40836000000001,25.220666666666666
1629763200,28.556,28.923,25.712,25.728,6394087.605,6619976.553799989,27.959576000000006,20.559960000000004,25.465
1629849600,25.728,26.879,25.279,26.612,5810278.155,6553251.38819999,27.976566000000005,20.769800000000004,25.74690476190476
1629936000,26.612,26.94,23.88,24.39,5809610.757,6472046.70479999,27.985071500000007,20.96120000000001,25.988809523809522
1630022400,24.38,26.14,24,26.04,5116792.068,6416975.450299991,28.00774500000001,21.14998000000001,26.073857142857143
1630108800,26.05,26.2,25.36,25.73,2939678.44,6304989.4140499905,28.03675650000001,21.33618000000001,26.18904761904762
1630195200,25.74,26.57,25.14,25.76,3384982.599,6174494.696699991,28.057685500000005,21.483500000000003,26.204904761904768
1630281600,25.77,26.49,24.3,25.04,4514605.77,6070619.8685499905,28.07216050000001,21.614280000000008,26.30728571428572
1630368000,25.03,27.537,24.69,26.7,7673601.309,6062120.2901499905,28.092460500000005,21.70632000000001,26.356619047619056
1630454400,26.7,29.81,26.09,29.72,8266693.87,6156190.542749991,28.089583500000007,21.860060000000008,26.48666666666667
1630540800,29.72,30.88,28.75,29.95,7084187.06500001,6265608.416949991,28.097528000000008,22.00154000000001,26.52680952380953
1630627200,29.95,31.75,29.05,30.75,6866886.79600001,6315453.847549992,28.095851000000007,22.15266000000001,26.62980952380953
1630713600,30.75,31.17,29.39,29.88,4242332.29,6302944.270249992,28.098993500000006,22.285800000000012,26.811428571428575
1630800000,29.89,33.61,29.54,33.55,5891988.187,6129334.339649992,28.08962650000001,22.469440000000013,27.049809523809525
1630886400,33.54,36.33,32.44,34.81,10355273.26699999,6153589.8212999925,28.084366000000003,22.72644000000001,27.192761904761905
1630972800,34.8,35.34,23.79,28.26,22716428.30700001,6867516.854549992,28.070328500000006,22.986720000000012,27.323047619047625
1631059200,28.25,29.19,25.18,27.16,13670715.15999999,7152113.234049993,28.050696000000006,23.286440000000013,27.59204761904762
1631145600,27.17,30.18,26.46,28.01,10379368.39999999,7332826.81879999,28.028325500000005,23.579360000000012,27.919000000000004
1631232000,28.01,29.56,25.62,26.39,9834554.00999999,7566268.046099989,28.01229300000001,23.943320000000014,28.019666666666666
1631318400,26.39,27.71,26.25,26.99,4993779.99000001,7602609.827799989,28.00309350000001,24.330120000000015,28.10628571428572
1631404800,27,29.77,26.36,29.42,6990717.37999999,7646828.071249989,27.99267750000001,24.604760000000013,28.149809523809527
1631491200,29.42,29.95,25.17,26.96,13538132.86,8004030.333999989,27.999265500000007,24.873120000000014,28.040857142857153
1631577600,26.96,30.85,26.73,30.8,10233565.39000001,8225194.695749989,28.010915000000008,25.127380000000013,28.000190476190483
1631664000,30.78,31.46,29.57,30.67,9772286.29000002,8423328.472399991,27.97879200000001,25.333760000000016,28.068666666666672
1631750400,30.68,32.11,29.04,29.8,9659752.1,8650476.47399999,27.944898500000008,25.543520000000015,27.992857142857144
1631836800,29.81,30.12,27.38,27.72,7110390.59,8859012.08149999,27.914491000000012,25.798260000000013,28.234380952380953
1631923200,27.73,29.46,27.39,28.39,4567816.67,8918153.78504999,27.889170000000007,26.002540000000018,28.42761904761905
1632009600,28.39,28.8,26.93,27.36,3892742.39,8887060.616049988,27.894495500000012,26.257980000000018,28.685238095238095
1632096000,27.37,27.43,23,23.57,12265514.89400001,9116656.29529999,27.90117000000001,26.481600000000018,28.765238095238097
1632182400,23.57,24.39,20.82,21.42,11263574.24000002,9266500.31379999,27.91239800000001,26.695420000000016,28.89190476190476
1632268800,21.42,24.5,21.03,24.45,7772096.46,9300895.78354999,27.940467000000012,26.862420000000014,28.96809523809524
1632355200,24.45,25.48,23.39,25.41,6813474.989,9298225.19319999,27.962869000000016,26.984840000000013,28.898095238095237
1632441600,25.42,25.5,21.35,23.26,10530560.29999999,9612636.59369999,27.988361000000012,27.077780000000015,28.646666666666665
1632528000,23.26,24.7,22.03,24.51,6978838.89000001,9666979.12884999,27.988403000000012,27.107940000000013,28.395714285714284
1632614400,24.5,25.38,22.36,24.6,11996414.44000001,9749036.18749999,27.98796850000001,27.066900000000015,28.179523809523808
1632700800,24.59,25.47,22.96,23.01,5674010.84,8896915.31414999,27.97551850000001,27.077060000000014,27.822857142857135
1632787200,23.02,23.75,22,22.1,6277178.15,8527238.463649992,27.95489700000001,27.101400000000012,27.56714285714285
1632873600,22.09,23.93,22.01,22.85,5352492.64,8275894.675649991,27.922825500000013,27.085460000000012,27.14095238095237
1632960000,22.85,24.4,22.72,24,5584599.18,8063396.934149993,27.90433600000001,27.097860000000015,26.57904761904761
1633046400,24,26.7,23.59,26.31,7425309.08,8184973.388649993,27.88842000000001,27.09598000000001,26.285714285714274
1633132800,26.32,27.81,25.82,26.89,5235579.85,8097216.512149992,27.845485500000013,27.09560000000001,26.080476190476183
1633219200,26.88,28.16,26.5,27.57,4506819.77000001,7645650.857649992,27.81057850000001,27.053660000000015,25.8895238095238
1633305600,27.56,27.67,25.59,26.6,5539695.96,7410957.386149992,27.784060500000013,27.019920000000017,25.885714285714275
1633392000,26.62,27.49,26.19,27.23,5119998.39,7178342.99114999,27.748527500000012,26.981800000000018,25.88095238095237
1633478400,27.23,28.19,25.2,26.8,6976264.13,7044168.592649991,27.717251000000015,27.009120000000017,25.792857142857137
1633564800,26.8,27.71,25.9,26.83,6025827.06999999,6989940.41664999,27.682809000000017,26.991960000000017,25.77571428571428
1633651200,26.84,27.46,26.12,26.39,4972738.23,7010186.4946499895,27.660074500000015,27.000480000000017,25.60571428571428
1633737600,26.4,27.89,26.05,27.45,4731175.37999999,7052108.144149991,27.654079000000014,26.97446000000001,25.421428571428567
1633824000,27.45,27.49,25.44,25.56,3914402.57,6634552.52794999,27.648979500000014,26.960180000000015,25.28
1633910400,25.55,26.76,24.63,25.22,4293243.83,6286036.007449988,27.631540000000015,26.973260000000014,25.216666666666665
1633996800,25.22,25.27,23.53,24.65,5370932.72000002,6165977.820449989,27.617565500000016,27.003040000000013,25.171904761904756
1634083200,24.63,25.67,24.16,25.66,6207286.13,6135668.377499988,27.604830500000013,26.988920000000018,25.086190476190474
1634169600,25.67,27.88,25.38,26.72,7753968.36999999,5996838.780999989,27.590598000000014,26.964360000000013,25.1647619047619
1634256000,26.71,27.38,26.01,27.01,7635027.67000001,6029648.2199999895,27.578699500000013,26.918680000000016,25.318571428571424
1634342400,27.01,28.7,26.92,27.23,6223161.95999999,5740985.595999988,27.57443400000001,26.86344000000002,25.376190476190477
1634428800,27.22,27.63,25.58,26.54,4590060.14,5686788.060999988,27.57777750000001,26.785400000000017,25.438571428571425
1634515200,26.54,26.74,25.26,25.71,4419668.63000001,5593912.584999988,27.581235500000012,26.78404000000002,25.61714285714285
1634601600,25.71,26.29,25.36,25.91,3568771.92,5504726.5489999885,27.57966050000001,26.78620000000002,25.74666666666666
1634688000,25.9,27.66,25.85,27.49,4477050.20999999,5449349.1004999885,27.56594700000001,26.838600000000014,25.839047619047612
1634774400,27.48,29.34,27.19,28.26,9719211.47999999,5564044.220499988,27.55986400000001,26.862400000000015,25.967619047619046
1634860800,28.27,30.04,28.02,28.67,7699280.53000001,5687229.254499989,27.560170000000014,26.87860000000002,26.149047619047614
1634947200,28.68,31.46,28.3,31.36,8140297.92,5868903.161999988,27.555041500000012,26.87760000000002,26.369999999999994
1635033600,31.37,31.53,28.72,29.7,5743439.15,5879090.321499989,27.55204100000001,26.895000000000017,26.572857142857135
1635120000,29.71,32.9,29.53,32.38,7440428.58,5995111.830999989,27.53765750000001,26.910800000000016,26.685238095238084
1635206400,32.38,33.82,31.31,32.52,6553789.21999999,5973988.085499989,27.515865500000007,26.881600000000017,26.898095238095227
1635292800,32.52,33.91,27.91,28.88,12021487.77,6273771.120499989,27.48298350000001,26.856000000000016,26.9995238095238
1635379200,28.89,30.85,28.61,30.19,7186569.56999999,6384462.687499988,27.47396850000001,26.868200000000016,27.274761904761903
1635465600,30.19,31.96,29.94,30.96,5402654.57999999,6418036.647499988,27.46153300000001,26.864600000000014,27.526666666666664
1635552000,30.96,31.12,29.16,29.79,3768896.65,6410761.351499988,27.442987500000008,26.84120000000002,27.625714285714285
1635638400,29.78,30.68,28.65,30,4380461.27,6415122.223499988,27.42616250000001,26.795400000000015,27.78571428571428
1635724800,30,31.87,29.14,31.66,4961708.55,6394661.014999988,27.419117500000006,26.807800000000015,28.00333333333333
1635811200,31.67,32.48,31,32.26,4634421.26,6316017.771499988,27.417075499999996,26.868400000000015,28.114761904761902
1635897600,32.27,32.78,30.54,31.96,4908993.56,6173769.030999988,27.421728999999996,26.927400000000016,28.326190476190472
1635984000,31.97,32.11,30.2,31,3782722.67999999,5981153.7814999875,27.406656999999996,26.995400000000014,28.63285714285714
1636070400,30.99,33.71,30.66,32.86,6695588.25,6004775.095999988,27.388201499999994,27.055600000000016,28.995238095238093
1636156800,32.86,33.2,30.72,32.05,4479318.72000002,5999238.024999988,27.377461499999995,27.10040000000002,29.295238095238098
1636243200,32.05,32.59,31.71,32.34,2854681.46,5920988.666499987,27.348802999999993,27.206400000000016,29.49904761904762
1636329600,32.34,34.82,32.18,34.46,6265144.89999999,6055807.3154999865,27.291982499999996,27.22960000000002,29.777619047619044
1636416000,34.46,35.62,33.38,33.82,5454354.68000001,6104672.538999988,27.237481999999996,27.236200000000018,30.00714285714285
1636502400,33.82,38.31,31.9,34.21,13584912.625,6297957.596249988,27.188851499999995,27.297400000000017,30.28333333333333
1636588800,34.21,36.95,33.34,34.69,7608988.89999999,6293443.014749987,27.149082999999997,27.384000000000015,30.699999999999996
1636675200,34.68,35.46,32.67,34.26,5997062.19000001,6186281.228249988,27.108683499999998,27.46300000000002,31.076666666666668
1636761600,34.26,34.58,33.19,34,3374260.7,6067822.305749987,27.094303999999998,27.605000000000018,31.39666666666667
1636848000,34,34.43,32.53,33.75,2898724.84,5840737.118749987,27.059576999999994,27.810000000000016,31.70285714285714
1636934400,33.75,34.5,31.98,32.04,4212705.79,5723682.947249988,27.040139999999997,28.065800000000017,31.969047619047622
1637020800,32.05,32.06,28,29.16,10287002.12000001,5636958.664749989,27.036786999999993,28.270600000000016,32.0947619047619
1637107200,29.16,29.74,28.03,29.18,5076689.07,5531464.639749989,27.029826499999995,28.44760000000002,32.28761904761905
1637193600,29.19,29.72,25.82,26.55,7061894.52999999,5614426.637249989,27.04465499999999,28.662400000000016,32.27142857142857
1637280000,26.55,28.85,26.08,28.27,5005660.19000001,5676264.81424999,27.059644999999996,28.847200000000022,32.111428571428576
1637366400,28.27,28.72,27.26,28.36,4535914.25,5684037.46324999,27.055294999999997,28.996000000000024,32.12571428571429
1637452800,28.37,29.26,27.69,28.98,3837676.91,5627835.881249989,27.041354999999996,29.119000000000018,31.952380952380956
1637539200,29,29.09,26.31,26.77,4773826.99,5634806.167749989,27.02894,29.26060000000002,31.82428571428572
1637625600,26.77,27.57,26.17,26.94,4650554.32,5621884.205749989,27.006805,29.334600000000023,31.756190476190483
1637712000,26.94,27.15,25.15,25.58,4968971.24999999,5681196.634249988,26.962105,29.420000000000023,31.707619047619048
1637798400,25.58,27.61,25.37,26.41,5650379.16,5628936.179749988,26.90172,29.461000000000027,31.474761904761905
1637884800,26.41,26.59,22.9,23.96,10693190.38,5939629.762749987,26.837165000000006,29.502800000000025,31.22142857142857
1637971200,23.96,24.99,23.78,24.1,3976318.59000001,5995711.619249987,26.768255000000003,29.486800000000027,30.91761904761905
1638057600,24.09,25.01,22.63,24.76,4563690.39,5910638.893749988,26.682420000000008,29.493600000000026,30.699047619047615
1638144000,24.76,25.61,24.54,24.99,4733398.72,5874591.095749987,26.579445000000007,29.460600000000028,30.275238095238088
1638230400,24.99,26.52,24.11,25.31,5806301.22,5485660.525499987,26.47752500000001,29.452800000000025,29.896666666666665
1638316800,25.31,26.9,24.96,25.32,4642138.01000001,5337317.9809999885,26.36658000000001,29.395400000000027,29.53571428571428
1638403200,25.32,25.33,24.16,24.55,3910782.56,5233003.999499988,26.25149500000001,29.349600000000027,29.084761904761898
1638489600,24.54,25.85,22.44,23.31,5725480.6,5350564.994499987,26.12220000000001,29.29580000000002,28.679523809523804
1638576000,23.31,23.36,15.32,20.64,20782013.82599999,6244729.4437999865,26.010330000000014,29.284400000000023,28.256190476190472
1638662400,20.65,20.93,18.46,19.48,7454749.60999999,6406831.634799985,25.886700000000015,29.286200000000022,27.77333333333333
1638748800,19.49,20.01,17.21,19.8,8513440.09000002,6318153.533299986,25.802390000000013,29.29960000000002,27.251904761904754
1638835200,19.79,21.18,19.7,21.09,7483015.81000001,6438469.870299986,25.71090500000001,29.27740000000002,26.61571428571428
1638921600,21.08,23.2,20.75,22.91,11114837.70999999,6641117.029299987,25.604620000000008,29.209200000000024,25.93619047619047
1639008000,22.91,23.05,20.25,20.25,8209134.24,6801290.731799985,25.52376000000001,29.081800000000023,25.353333333333325
1639094400,20.25,20.88,18.46,18.56,7767639.77999998,6962877.008299984,25.443160000000013,28.92680000000002,24.969047619047615
1639180800,18.55,20.22,18.16,19.97,5569559.08999998,7049471.117299983,25.37382500000001,28.792000000000016,24.670476190476187
1639267200,19.97,20.8,19.2,20.41,3211538.08,6971356.671799983,25.264195000000015,28.699600000000018,24.370476190476182
1639353600,20.41,20.56,17.3,17.78,7022411.65,7089949.538299983,25.23046000000001,28.63960000000002,23.908095238095232
1639440000,17.78,18.61,17.44,18.44,5679303.2,7125466.1357999835,25.17643000000001,28.49480000000002,23.508571428571422
1639526400,18.43,20,17.26,19.69,7026159.04,7194255.1297999825,25.154150000000012,28.300800000000017,23.100476190476186
1639612800,19.7,20.34,18.69,18.76,4943919.44999999,6906791.583299982,25.15222000000001,28.126800000000017,22.672380952380948
1639699200,18.77,19.23,17.74,18.25,5458704.38,6980910.872799982,25.154250000000005,27.90780000000002,22.267619047619046
1639785600,18.26,20,17.81,19.54,5362509.6,7020851.833299982,25.114990000000013,27.669400000000024,21.987142857142853
1639872000,19.53,20.38,18.8,18.86,4918775.96,7030120.695299983,25.077325000000016,27.39060000000002,21.622857142857136
1639958400,18.86,19.2,18.04,18.78,5052339.6,6992422.614299983,25.009285000000013,27.134000000000025,21.350952380952375
1640044800,18.79,19.67,18.37,19.42,3667347.22000001,6943683.074799982,24.939525000000014,26.93160000000002,21.133809523809518
1640131200,19.41,20.83,19.2,19.93,5032493.38999999,6999768.616299981,24.892335000000013,26.69280000000002,20.852857142857136
1640217600,19.92,22.22,19.57,22.17,7579889.52,7092489.062299982,24.86396000000001,26.464400000000023,20.55714285714285
1640304000,22.18,22.66,21.2,21.48,5593044.18999999,6333040.5804999815,24.82367000000001,26.24580000000002,20.276666666666657
1640390400,21.48,22.39,21.29,22.1,3223439.24,6121475.061999982,24.754430000000017,26.02140000000002,20.01999999999999
1640476800,22.11,23.58,21.12,22.98,6566168.47000001,6024111.480999982,24.698535000000014,25.77660000000002,19.906666666666656
1640563200,22.99,24.49,22.75,23.02,6500797.38,5975000.559499981,24.639485000000015,25.53000000000002,19.819523809523794
1640649600,23.02,23.02,20.32,20.37,9022968.49999999,5870407.09899998,24.57239500000001,25.33420000000002,19.889047619047602
1640736000,20.38,20.97,19.53,19.74,6951841.89999999,5807542.48199998,24.52536500000001,25.14380000000002,20.055714285714267
1640822400,19.74,20.44,19.17,19.93,6009325.13,5719626.74949998,24.48937000000001,24.92860000000002,20.209047619047602
1640908800,19.94,20.63,19.04,19.51,5578963.75,5720096.982499981,24.46256000000001,24.74720000000002,20.174761904761887
1640995200,19.52,20.79,19.5,20.76,3459474.38,5732493.797499982,24.447040000000012,24.560800000000018,20.023809523809508
1641081600,20.75,22.2,20.57,21.87,5108786.84000001,5636812.556999981,24.437160000000013,24.279000000000014,20.00857142857141
1641168000,21.86,23.75,21.25,23.72,7982877.01999999,5751991.247999981,24.42413500000001,23.997400000000017,20.05380952380951
1641254400,23.72,24.49,22.71,23.42,10784755.22,5939921.0569999805,24.42366500000001,23.711800000000018,20.091428571428555
1641340800,23.43,27.48,22.29,25.24,24289357.79999998,6907192.97449998,24.418125000000014,23.40820000000002,20.160952380952367
1641427200,25.24,25.98,23.34,25.38,17086946.68999999,7488605.089999979,24.408475000000013,23.13820000000002,20.44380952380951
1641513600,25.39,27.33,22.65,25.98,22033325.64000001,8322145.89199998,24.39156500000001,22.895600000000016,20.68095238095237
1641600000,25.98,27.33,23.51,25.32,15635153.07000001,8857964.747499982,24.364250000000013,22.695000000000018,20.945238095238082
1641686400,25.31,28.68,25.08,27.54,18630446.62999997,9536870.09899998,24.345640000000007,22.522600000000022,21.26047619047618
1641772800,27.54,28.51,25.07,27.98,18516507.58000002,10279328.11699998,24.339770000000012,22.44420000000002,21.628571428571416
1641859200,27.98,28.71,25.84,26.59,13498246.97,10702615.795999981,24.34139000000001,22.36820000000002,21.903809523809507
1641945600,26.6,27.25,25.61,26.75,10319762.43000002,10839609.441499982,24.35232500000001,22.35680000000002,22.317142857142844
1642032000,26.76,26.76,24.43,24.86,7890385.69,10954476.516499981,24.377295000000014,22.29780000000002,22.75523809523808
1642118400,24.86,25.89,23.91,25.72,6488595.95000001,11117734.351999981,24.39596500000001,22.281400000000016,23.096666666666653
1642204800,25.72,26.22,25.11,25.17,4141482.21,10996500.038999982,24.43904000000001,22.261400000000016,23.42142857142856
1642291200,25.17,26.34,24.65,25.5,4415951.38,10892257.738999981,24.48139000000001,22.25780000000002,23.549523809523798
1642377600,25.51,25.62,23.27,23.79,4471877.32,10664703.179999981,24.527115000000013,22.25400000000002,23.751428571428555
1642464000,23.79,24.34,22.04,22.96,4910863.58,10562654.263999984,24.571715000000008,22.239600000000017,23.897619047619035
1642550400,22.96,23.15,21.22,21.55,5688676.47,10546621.830999983,24.62031500000001,22.22580000000002,24.017619047619036
1642636800,21.54,22.98,20.04,20.17,5603272.17,10547837.251999984,24.66930500000001,22.250000000000018,24.054285714285705
1642723200,20.18,20.51,17.1,17.42,14621190.26999998,11105923.046499982,24.701575000000005,22.27800000000002,24.17761904761904
1642809600,17.41,17.82,14.24,15.85,18934134.95299997,11797190.452149982,24.736025000000005,22.258600000000015,24.263809523809513
1642896000,15.86,16.88,15.15,16.64,9533639.18,11874728.560149983,24.764200000000006,22.218000000000014,24.275238095238084
1642982400,16.63,16.65,13.48,15.58,14743580.99899998,12072669.849099983,24.794120000000003,22.14280000000002,24.175714285714275
1643068800,15.58,16.03,14.59,15.49,7694012.53,11242902.585599983,24.822140000000005,22.039800000000017,23.94190476190475
1643155200,15.5,16.8,14.68,15.23,9794747,10878292.601099983,24.845570000000002,21.897200000000016,23.692857142857147
1643241600,15.23,15.71,14.29,15.22,8536301.47,10203441.392599981,24.860605,21.748000000000015,23.3052380952381
1643328000,15.22,16.28,14.74,16.15,6246161.02,9733991.790099982,24.865245,21.668000000000017,22.92761904761905
1643414400,16.14,16.75,15.96,16.23,3920458.64,8998492.390599983,24.860535,21.590000000000014,22.450952380952383
1643500800,16.23,18.1,16.01,17.77,7593446.41000001,8452339.332099982,24.83942,21.503800000000016,21.967142857142864
1643587200,17.76,17.88,16.45,17.15,7695443.58,8162199.162599983,24.82368,21.386600000000016,21.499047619047623
1643673600,17.15,17.91,16.8,16.98,5923564.59999999,7942389.271099982,24.809815,21.23280000000002,21.066190476190478
1643760000,16.98,17.38,15.56,15.78,4741039.26,7784921.949599981,24.793985,21.150799999999993,20.600952380952386
1643846400,15.78,16.33,15.26,16.3,5327213.34000001,7726852.81909998,24.779114999999997,21.10419999999999,20.085238095238097
1643932800,16.31,17.55,16,17.5,5829149.35999999,7811236.176599979,24.763299999999994,21.060199999999995,19.62761904761905
1644019200,17.5,18.32,17.42,17.76,5006749.60000001,7840776.087599981,24.756459999999997,20.994999999999994,19.105238095238096
1644105600,17.75,18.17,17.17,18.07,3114467.57,7772905.600099981,24.753259999999997,20.978999999999996,18.697619047619053
1644192000,18.06,19.4,17.65,18.88,6242937.28,7839509.28509998,24.75743,20.925799999999995,18.306190476190483
1644278400,18.89,19.54,17.72,18.38,6603587.99,7885254.861099981,24.76436,20.857999999999997,17.953333333333337
1644364800,18.38,18.75,17.75,18.67,3742482.7,7792215.38759998,24.773089999999996,20.8328,17.599523809523813
1644451200,18.67,18.75,17.35,17.5,5796638.84,7350987.816099982,24.775229999999997,20.822999999999997,17.36571428571429
1644537600,17.51,17.81,15.89,16.21,4468507.35,6627706.435949983,24.77938,20.793599999999998,17.147619047619052
1644624000,16.2,16.38,15.56,15.95,4161869.44000001,6359117.948949983,24.79424,20.793999999999993,17.010476190476194
1644710400,15.96,16.33,15.52,15.6,2671296.28,5755503.712999984,24.814329999999998,20.785999999999994,16.883333333333336
1644796800,15.61,16.12,15.2,15.9,3638626.12,5552734.392499984,24.828194999999997,20.770999999999994,16.82571428571429
1644883200,15.91,17.45,15.81,17.34,4132749.5,5269634.517499984,24.842239999999997,20.722399999999993,16.830476190476194
1644969600,17.34,17.41,16.49,17.12,3608928.92,5023265.889999984,24.851629999999997,20.603199999999994,16.78095238095238
1645056000,17.13,17.45,15.45,15.59,4927491.82999999,4957332.430499984,24.861564999999995,20.492599999999992,16.796190476190482
1645142400,15.6,16.06,15.03,15.19,3855947.82000001,4954106.889499984,24.865334999999995,20.362599999999993,16.884285714285713
1645228800,15.18,15.68,14.84,15.51,3219793.29,4735424.233499983,24.856244999999994,20.220999999999993,16.974285714285717
1645315200,15.52,15.53,14.39,14.6,3837683.54,4542536.231499984,24.838549999999994,20.107399999999995,16.991904761904763
1645401600,14.61,15.31,13.38,13.51,7372976.51000001,4615006.826999985,24.821004999999996,20.042399999999997,16.94619047619048
1645488000,13.5,14.2,13.02,13.99,5856340.62,4670771.894999985,24.803654999999996,19.959399999999995,16.911904761904765
1645574400,13.98,14.66,13.3,13.35,5112503.13999999,4660036.384999984,24.779009999999992,19.864599999999992,16.760952380952382
1645660800,13.34,13.95,11.4,13.27,15759304.99999997,5156544.166999983,24.751044999999994,19.784599999999994,16.58761904761905
1645747200,13.27,14.49,13.08,14.36,6030934.14000002,5207753.393999984,24.718684999999997,19.661399999999997,16.4452380952381
1645833600,14.36,15.05,14.09,14.72,5169319.32,5310495.981499983,24.677274999999995,19.494199999999992,16.32952380952381
1645920000,14.71,14.86,13.47,13.64,6636801.7,5330189.202499984,24.635114999999995,19.299599999999995,16.1852380952381
1646006400,13.64,15.15,13.31,15.13,6565276.42,5328273.623999984,24.587149999999994,19.09819999999999,16.03571428571429
1646092800,15.12,15.73,14.72,15.35,6417303.01000001,5462014.639499984,24.534414999999996,18.858799999999995,15.890952380952383
1646179200,15.34,15.87,14.91,15.28,6289045.87,5486634.990999984,24.48491499999999,18.638399999999994,15.680000000000003
1646265600,15.29,15.38,14.46,14.89,4619929.39,5494206.0929999845,24.42819499999999,18.413199999999996,15.501428571428576
1646352000,14.89,14.98,13.54,13.73,6010183.64000001,5586621.8029999845,24.379399999999986,18.179599999999994,15.35714285714286
1646438400,13.74,14.27,13.41,14.03,2774984.85,5591806.231499984,24.33021499999999,17.931399999999993,15.195714285714287
1646524800,14.02,14.12,13.25,13.32,3535626.53,5586656.251999984,24.28112999999999,17.678799999999992,15.071428571428575
1646611200,13.31,13.67,12.42,12.68,7302965.90999999,5745167.072499984,24.219799999999992,17.45259999999999,14.953333333333335
1646697600,12.67,13.56,12.58,13.08,6873213.35,5908381.293999983,24.17072999999999,17.215399999999992,14.861904761904762
1646784000,13.08,14.46,13.05,14.01,6462680.42999999,5985140.723999984,24.10873999999999,16.99279999999999,14.753333333333336
1646870400,14,14.11,12.96,13.17,5467691.09999999,6065727.8879999835,24.049419999999987,16.75899999999999,14.600000000000001
1646956800,13.18,13.65,12.8,13.05,4657529.43000002,6137614.6949999835,23.98436499999999,16.52199999999999,14.397142857142859
1647043200,13.04,13.46,13.02,13.15,2499460.74,6070703.554999983,23.91329499999999,16.265599999999992,14.24904761904762
1647129600,13.15,13.43,12.59,12.7,2732503.8,5838679.919499983,23.852714999999993,16.05139999999999,14.133809523809527
1647216000,12.71,13.44,12.6,13.41,4643350.25,5778030.400999983,23.79260999999999,15.872399999999995,14.031904761904766
1647302400,13.41,13.8,12.87,13.69,3454099.55,5695110.221499983,23.72052999999999,15.704799999999993,13.919523809523815
1647388800,13.69,14.78,13.66,14.66,6546791.14,5234484.528499985,23.64253999999999,15.562399999999991,13.829047619047623
1647475200,14.66,14.93,14.23,14.4,4152174.08,5140546.525499984,23.57336999999999,15.476999999999993,13.82428571428572
1647561600,14.41,15.27,14.12,15.01,4421110.43,5103136.0809999835,23.49930999999999,15.413999999999994,13.810000000000006
1647648000,15,15.4,14.83,15.01,3285256.26,4935558.808999984,23.421799999999994,15.349399999999994,13.872380952380958
1647734400,15.01,15.13,14.42,14.54,2883923.41999999,4751491.158999983,23.358909999999995,15.311599999999993,13.926190476190484
1647820800,14.54,15.28,14.3,15,3719572.96,4616604.656499983,23.289349999999995,15.294999999999995,13.957142857142864
1647907200,14.99,15.86,14.98,15.43,4500280.54,4527166.389999983,23.234449999999992,15.278399999999994,13.970952380952388
1647993600,15.43,15.98,15.13,15.83,3827078.04,4487523.822499983,23.172699999999995,15.274199999999997,14.013809523809531
1648080000,15.84,16.44,15.6,16.17,5204988.98000001,4447264.089499982,23.11734999999999,15.251399999999997,14.007619047619054
1648166400,16.16,16.46,15.47,15.59,4654254.07000001,4541227.550499983,23.060549999999992,15.217599999999997,14.01142857142858
1648252800,15.6,15.96,15.49,15.83,2425031.02,4485697.774999983,23.010399999999994,15.162199999999999,14.037619047619057
1648339200,15.83,16.91,15.63,16.87,3937478.83,4317423.420999983,22.951949999999993,15.127799999999997,14.098571428571436
1648425600,16.86,17.37,16.34,16.5,5918598.6,4269692.683499983,22.876049999999996,15.104800000000001,14.187142857142863
1648512000,16.5,17.52,16.47,16.98,4496577.65,4171387.5444999835,22.80129999999999,15.1126,14.272857142857148
1648598400,16.98,17.58,16.53,17.22,4866676.4,4141336.809499984,22.724699999999995,15.098400000000002,14.44190476190476
1648684800,17.21,18.05,16.64,16.91,5770687.14,4196994.6949999835,22.654449999999997,15.065,14.623809523809522
1648771200,16.91,17.37,16.16,17.34,4521915.84,4298117.449999983,22.567549999999997,15.0472,14.80952380952381
1648857600,17.34,17.87,17.1,17.4,3634084.25,4343196.472499983,22.471449999999994,15.015800000000002,14.96238095238095
1648944000,17.4,18.32,17.15,18.08,3430897.49,4282573.834499983,22.409299999999995,14.977800000000002,15.140476190476189
1649030400,18.07,18.08,16.82,17.5,3811139.33,4300425.823499983,22.357849999999996,14.954600000000001,15.344761904761903
1649116800,17.51,17.66,16.66,16.74,2337093.84,4089940.958499984,22.300299999999993,14.919400000000001,15.547142857142855
1649203200,16.75,16.79,15.27,15.41,4629748.57999999,4113819.683499983,22.253249999999994,14.916200000000002,15.803333333333331
1649289600,15.41,15.88,15.1,15.75,2867861.76,4036157.249999983,22.204399999999996,14.940000000000003,15.998095238095235
1649376000,15.74,15.91,15.01,15.13,2321153.06,3987952.0899999826,22.141849999999994,14.982600000000001,16.14333333333333
1649462400,15.12,15.47,15.12,15.43,1366727.9,3912092.3139999835,22.093749999999996,15.020600000000002,16.179047619047616
1649548800,15.43,15.93,15.17,15.24,1611326.85,3806680.0084999837,22.026749999999993,15.037400000000002,16.24333333333333
1649635200,15.23,15.28,13.51,13.76,3982122.72,3780772.1174999834,21.963799999999996,14.998800000000001,16.249047619047616
1649721600,13.76,14.33,13.63,13.98,2649528.63,3721894.6469999827,21.902299999999997,14.971400000000001,16.26904761904762
1649808000,13.98,14.22,13.68,14.19,2228593.99,3573074.8974999823,21.847399999999993,14.962200000000001,16.30238095238095
1649894400,14.2,14.33,13.33,13.65,2905294.96,3485626.9419999816,21.782499999999995,14.967,16.243333333333332
1649980800,13.64,14.19,13.63,14.11,1819449.78,3455347.8799999817,21.724449999999994,14.961599999999999,16.174285714285713
1650067200,14.11,14.28,13.83,14.14,1517456.04,3334346.7404999817,21.682249999999996,14.9448,16.096190476190472
1650153600,14.14,14.62,13.65,13.73,2635685.7,3170201.095499982,21.652299999999997,14.954199999999998,15.976190476190473
1650240000,13.72,14.06,13.14,14.06,3940066.58,3142375.5419999817,21.606249999999996,14.9582,15.905714285714286
1650326400,14.06,14.42,13.83,14.24,2269575.91,3012520.517499982,21.548,14.9642,15.825238095238092
1650412800,14.24,14.5,13.7,14.02,3259324.92,2886952.406499982,21.5016,14.981000000000002,15.675714285714283
1650499200,14.02,14.37,13.34,13.57,2982911.58999999,2810002.193999981,21.449999999999996,14.976600000000001,15.559523809523807
1650585600,13.57,13.88,13.47,13.58,2458584.25,2751227.193999981,21.395249999999997,14.956800000000001,15.429047619047616
1650672000,13.58,13.68,13.18,13.31,1566301.36,2657997.387499981,21.350749999999994,14.9652,15.276666666666664
1650758400,13.32,13.63,13.21,13.26,1809966.78,2557938.759999981,21.310949999999995,14.947400000000002,15.117619047619044
1650844800,13.27,13.51,12.53,13.44,4158403.39999999,2649004.237999981,21.265349999999994,14.920800000000002,14.938571428571425
1650931200,13.44,13.51,12.14,12.37,3283715.22,2581702.569999981,21.215649999999993,14.886600000000001,14.743809523809519
1651017600,12.36,12.8,12.3,12.74,3202787.51,2598448.8574999813,21.155299999999993,14.8604,14.514285714285712
1651104000,12.74,12.99,12.4,12.66,3668346.34,2665808.521499981,21.090949999999992,14.851999999999999,14.320952380952376
1651190400,12.66,12.73,11.83,11.97,3050465.77,2749995.4149999814,21.020949999999992,14.836599999999999,14.112857142857138
1651276800,11.98,12.25,10.65,10.95,4336325.59,2886245.351999981,20.95584999999999,14.838999999999999,13.985714285714282
1651363200,10.96,11.5,10.81,11.31,4020103.97000001,2888144.414499982,20.88624999999999,14.832799999999999,13.838571428571424
1651449600,11.3,11.45,10.77,11.17,3937746.95,2952555.3304999815,20.81854999999999,14.825999999999999,13.688095238095233
1651536000,11.17,11.5,10.8,11.12,3860280.78,3034139.6699999818,20.751599999999993,14.799,13.474761904761898
1651622400,11.13,12.23,11.08,12.2,4762067.09000001,3126978.276499982,20.681499999999993,14.774999999999999,13.287619047619042
1651708800,12.2,12.29,10.63,10.91,6346341.8,3353322.877499982,20.607949999999995,14.732999999999999,13.164285714285711
1651795200,10.91,11.03,10.4,10.79,5327741.57099998,3543837.1540499805,20.543449999999993,14.6962,13.028095238095235
1651881600,10.78,10.84,10,10.21,2641029.994,3544104.368749981,20.477199999999993,14.6656,12.933333333333328
1651968000,10.21,10.38,9.84,10,4021452.062,3548173.642849981,20.408699999999993,14.6198,12.802857142857139
1652054400,10,10.16,8.01,8.1,11098749.49,3989632.321849981,20.33694999999999,14.59,12.6447619047619
1652140800,8.1,9.33,7.89,8.59,13985725.04800001,4525952.328249982,20.25919999999999,14.515,12.457619047619042
1652227200,8.58,8.85,6.54,6.95,18694665.89100001,5311540.043299982,20.17974999999999,14.4428,12.279999999999994
1652313600,6.95,7.43,5.53,6.56,20649629.96499996,6221092.32904998,20.10459999999999,14.3468,11.99619047619047
1652400000,6.57,7.8,6.48,7.15,9752518.30000001,6630403.17604998,20.026449999999993,14.2466,11.727142857142852
1652486400,7.14,7.44,6.64,7.26,5661831.52999999,6822996.41354998,19.951849999999993,14.117800000000003,11.390476190476184
1652572800,7.26,7.99,7.01,7.96,5054597.35,6867806.111049982,19.873349999999995,13.989600000000003,11.05666666666666
1652659200,7.97,7.97,7.16,7.42,7682510.94,7087745.897049981,19.785899999999994,13.820000000000002,10.750476190476183
1652745600,7.42,7.98,7.3,7.72,5287316.88999999,7191972.366049981,19.68509999999999,13.634600000000002,10.462380952380945
1652832000,7.72,7.81,6.78,6.81,5450468.12999999,7281078.4555499805,19.584699999999994,13.454200000000004,10.209999999999994
1652918400,6.81,7.26,6.64,7.22,5891795.12999999,7423144.92354998,19.462649999999993,13.287600000000003,9.923333333333327
1653004800,7.23,7.37,6.75,6.87,5326415.7,7472649.429049979,19.346949999999993,13.130200000000002,9.701904761904753
1653091200,6.86,7.12,6.77,7.06,2165477.61,7379918.11104998,19.220799999999993,12.941200000000002,9.4195238095238
1653177600,7.05,7.41,6.92,7.33,5525822.43999999,7459321.88554998,19.094499999999993,12.765600000000001,9.160476190476183
1653264000,7.32,7.68,6.98,7.02,5136136.21,7523114.657049981,18.989899999999988,12.562200000000002,8.917619047619038
1653350400,7.03,7.81,6.72,7.23,5997773.04000001,7584899.954549981,18.876049999999992,12.362200000000003,8.732380952380943
1653436800,7.23,7.4,6.94,6.96,4738917.14999999,7504528.7220499795,18.75984999999999,12.1614,8.542857142857134
1653523200,6.96,7.09,6.22,6.57,6011561.06,7538719.696499981,18.64494999999999,11.955800000000002,8.345238095238088
1653609600,6.57,6.71,6.2,6.29,6403701.79000001,7726853.286299983,18.53104999999999,11.7544,8.159999999999993
1653696000,6.29,6.66,6.21,6.58,3597414,7705651.383199982,18.40709999999999,11.533199999999999,7.910476190476182
1653782400,6.58,6.75,6.34,6.71,2495176.05,7275472.711199982,18.281099999999988,11.3278,7.7038095238095154
1653868800,6.72,7.52,6.65,7.46,5964086.79,6874390.798299981,18.157949999999985,11.132200000000001,7.489523809523801
1653955200,7.45,7.73,7.18,7.59,5256209.91000001,6202467.999249982,18.038049999999988,10.955400000000003,7.316666666666658
1654041600,7.59,7.77,6.75,6.93,6436515.03,5491812.252499985,17.90989999999999,10.766200000000001,7.159999999999992
1654128000,6.93,7.25,6.81,7.19,3846549.94,5196513.834499983,17.78444999999999,10.595200000000002,7.129523809523802
1654214400,7.19,7.22,6.69,6.85,3738907.2,5100367.617999984,17.65559999999999,10.420800000000002,7.081904761904755
1654300800,6.86,7.44,6.68,7.4,3007035.99,4997989.549999984,17.51474999999999,10.2652,7.080952380952374
1654387200,7.41,7.89,7.25,7.64,5204882.16,4874108.110999985,17.37854999999999,10.1418,7.110952380952374
1654473600,7.64,8.2,7.62,7.97,6805688.94000001,4950026.713499986,17.241049999999987,10.0008,7.096666666666659
1654560000,7.98,9,7.31,8.71,11449915.02999999,5249999.058499985,17.10489999999999,9.860800000000001,7.103333333333326
1654646400,8.72,9,8.23,8.7,12751229.89000002,5592970.796499986,16.971549999999986,9.724800000000002,7.088095238095231
1654732800,8.71,9.64,8.49,9.27,12151419.13,5934220.967999985,16.836199999999984,9.590600000000002,7.114285714285707
1654819200,9.27,9.54,8,8.04,12553253.97999997,6453609.786499985,16.703399999999984,9.460600000000001,7.161428571428564
1654905600,8.04,8.42,6.94,7.04,12079552.59000002,6781296.293999987,16.577449999999985,9.345400000000001,7.251428571428564
1654992000,7.04,7.14,6.25,6.27,10758386.83000003,7062408.824999988,16.468649999999982,9.2384,7.349047619047612
1655078400,6.26,6.35,5.3,5.93,23703953.67000001,7947717.856499988,16.36094999999998,9.127600000000001,7.404761904761896
1655164800,5.92,6.88,5.39,6.74,22195143.71999999,8820529.18499999,16.26804999999998,9.0326,7.403809523809516
1655251200,6.73,7.38,5.83,7.33,28804901.13999999,9960196.188999988,16.17024999999998,8.922,7.353333333333325
1655337600,7.33,7.51,6.2,6.36,16785768.11999999,10479299.505499985,16.07194999999998,8.791199999999998,7.301428571428563
1655424000,6.36,6.74,6.26,6.36,8044145.26999999,10701636.068999985,15.973399999999984,8.6504,7.278095238095228
1655510400,6.36,6.47,5.41,5.92,15948947.65000001,11374324.648999985,15.879749999999984,8.5038,7.295714285714276
1655596800,5.92,6.82,5.83,6.6,9867779.28000001,11569509.273499984,15.780249999999983,8.3698,7.285714285714276
1655683200,6.6,7.29,6.31,6.98,10165932.00999999,11814995.378499985,15.683699999999982,8.269,7.28904761904761
1655769600,6.98,7.57,6.75,6.86,9463662.52999999,11966352.753499985,15.581299999999985,8.1414,7.257619047619038
1655856000,6.86,7.03,6.44,6.63,8513601.16,12199705.314499985,15.495199999999985,8.015400000000001,7.252380952380942
1655942400,6.62,7.09,6.61,6.99,6672460.2,12346382.964499984,15.411349999999985,7.894400000000003,7.2295238095237995
1656028800,6.99,7.44,6.95,7.26,6466777.49,12519370.039499985,15.319349999999984,7.807400000000002,7.194761904761895
1656115200,7.27,7.38,6.79,7.26,5651119.11,12541681.886999985,15.22619999999998,7.720800000000002,7.18047619047618
1656201600,7.27,7.49,6.68,6.7,5600782.15,12481436.547499986,15.12924999999998,7.6346000000000025,7.17095238095237
1656288000,6.7,6.99,6.41,6.55,6501336.11,12234007.601499986,15.035649999999977,7.544800000000004,7.190476190476181
1656374400,6.56,7.26,6.27,6.32,10657624.70000003,12129327.341999987,14.94779999999998,7.440600000000004,7.183809523809513
1656460800,6.32,6.49,6.13,6.23,6958633.84999999,11869688.077999987,14.865549999999978,7.367600000000005,7.139047619047609
1656547200,6.23,6.32,5.88,6.27,6704771.13000001,11577263.93549999,14.795499999999977,7.297000000000005,7.071428571428562
1656633600,6.27,6.43,5.93,6.08,6544501.16,11300511.363999989,14.733049999999976,7.226800000000004,6.957619047619038
1656720000,6.07,6.29,5.98,6.22,2769828.44,10901083.444499986,14.670349999999978,7.1578000000000035,6.83999999999999
1656806400,6.23,6.25,6.01,6.22,2777067,9854739.110999985,14.601199999999979,7.122200000000004,6.697142857142847
1656892800,6.22,6.46,6.02,6.43,4520606.05,8971012.227499986,14.52014999999998,7.075000000000004,6.603809523809513
1656979200,6.43,6.56,6.06,6.31,5814668.09999999,7821500.575499986,14.45164999999998,7.0614000000000035,6.564761904761895
1657065600,6.31,6.42,6.17,6.34,3956691.82,7180046.760499987,14.390449999999978,7.051800000000003,6.562380952380943
1657152000,6.34,6.76,6.31,6.64,4475514.81,7001615.237499988,14.321749999999978,7.033200000000002,6.586190476190467
1657238400,6.64,6.84,6.33,6.36,6115037.79000001,6509919.744499988,14.25104999999998,7.012400000000001,6.565714285714276
1657324800,6.35,6.59,6.34,6.48,2687603.38,6150910.949499987,14.192549999999981,6.981800000000002,6.518571428571418
1657411200,6.49,6.49,6.1,6.2,3373071.93,5811267.945499988,14.131449999999983,6.959600000000002,6.531904761904752
1657497600,6.2,6.43,5.98,6.04,4876457.92,5581907.714999989,14.064099999999986,6.932000000000003,6.531904761904752
1657584000,6.05,6.24,5.92,5.94,3787474.63,5345601.388499988,14.002449999999985,6.928600000000004,6.558571428571419
1657670400,5.95,6.19,5.7,6.175,6781550.56,5351055.906499988,13.942749999999988,6.911400000000003,6.539523809523799
1657756800,6.176,6.387,5.993,6.275,7059352.99,5380684.681499989,13.876749999999989,6.903600000000004,6.494761904761896
1657843200,6.275,6.457,6.121,6.325,9989551.15,5597606.283499989,13.81564999999999,6.886400000000005,6.450952380952371
1657929600,6.325,6.618,6.142,6.595,6864043.49,5660769.3504999885,13.753549999999992,6.860600000000004,6.4292857142857045
1658016000,6.596,6.715,6.32,6.347,5345851.61,5602995.125499988,13.688849999999988,6.839000000000004,6.395238095238087
1658102400,6.347,7.149,6.329,7.037,10405880.84,5590407.932499987,13.620199999999988,6.817900000000005,6.350714285714277
1658188800,7.037,7.37,6.734,7.254,11657400.22999999,5825346.251499986,13.539549999999988,6.804200000000005,6.319047619047611
1658275200,7.255,7.581,6.83,6.867,9617554.21000001,5970985.405499986,13.461849999999991,6.799300000000005,6.302238095238086
1658361600,6.867,7.055,6.645,6.994,6368824.05,5962201.549999987,13.38222499999999,6.805400000000005,6.325428571428562
1658448000,6.994,7.285,6.744,6.782,6994223.62,6173421.308999987,13.298699999999991,6.800740000000006,6.369904761904753
1658534400,6.783,7.03,6.608,6.844,4232714.82,6246203.699999986,13.215224999999991,6.807280000000005,6.400238095238086
1658620800,6.844,7.247,6.841,7.094,4994618.62,6269904.328499987,13.14634999999999,6.8031600000000045,6.434714285714276
1658707200,7.093,7.145,6.411,6.431,6144463.03,6286394.074999987,13.079384999999991,6.788700000000005,6.468142857142847
1658793600,6.431,6.448,6.077,6.341,5500963.87000001,6363607.677499988,13.014919999999993,6.789980000000005,6.497857142857133
1658880000,6.341,6.869,6.187,6.86,5426141.68,6411139.020999988,12.953639999999993,6.781820000000005,6.53947619047618
1658966400,6.86,7.295,6.677,7.217,6859329.18,6448353.590499987,12.884174999999995,6.781700000000004,6.539523809523798
1659052800,7.218,8.118,7.11,7.883,12769838.65000001,6952465.353999987,12.809794999999994,6.775580000000004,6.540999999999989
1659139200,7.883,8.21,7.668,7.82,8374838.83000001,7202553.698999988,12.725104999999992,6.751400000000005,6.565761904761892
1659225600,7.82,8.092,7.578,7.651,6185487.28999999,7268005.167499987,12.64222499999999,6.7188200000000045,6.593238095238083
1659312000,7.652,7.88,7.407,7.57,5133233.79999999,7335293.125999987,12.551494999999989,6.681820000000004,6.665761904761892
1659398400,7.572,7.665,7.02,7.177,7189977.1,7355714.452999987,12.45674999999999,6.652160000000004,6.729571428571417
1659484800,7.179,7.638,7.05,7.284,4537931.2,7229643.363499986,12.358554999999988,6.624420000000003,6.798666666666655
1659571200,7.284,7.54,7.176,7.364,3904773.33,6925404.472499986,12.26625499999999,6.620020000000003,6.871523809523798
1659657600,7.364,7.9,7.348,7.878,5243900.93000001,6844397.344499988,12.16463999999999,6.632240000000003,6.93042857142856
1659744000,7.88,8.11,7.735,7.792,3210801.4,6737644.833999987,12.064154999999992,6.658240000000003,6.983238095238084
1659830400,7.792,8.375,7.658,8.343,4206785.59,6427690.071499987,11.97030499999999,6.683180000000004,7.035095238095227
1659916800,8.343,8.78,8.224,8.608,8106496.08999999,6250144.864499987,11.874809999999993,6.694060000000003,7.109047619047608
1660003200,8.605,8.953,8.27,8.742,9851012.47,6261817.777499987,11.788359999999996,6.694740000000003,7.166047619047608
1660089600,8.74,9.3,8.297,9.055,9014475.12000001,6394100.330999987,11.695644999999992,6.725100000000003,7.261095238095235
1660176000,9.056,9.227,8.823,8.958,6036670.62,6346222.680999987,11.606214999999995,6.753740000000004,7.335904761904759
1660262400,8.96,9.5,8.8,9.324,7821288.89000002,6525651.384499988,11.515534999999993,6.802199999999999,7.406761904761902
1660348800,9.326,9.482,9.06,9.144,3780601.51000001,6464950.528999988,11.435974999999994,6.842359999999998,7.5109523809523795
1660435200,9.147,9.369,8.677,8.765,4419480.65000001,6378701.409999988,11.360134999999993,6.877599999999998,7.604476190476189
1660521600,8.768,9.057,8.493,8.646,5174239.24000001,6362365.178499988,11.294099999999991,6.921499999999997,7.725523809523808
1660608000,8.644,8.826,8.37,8.452,3458071.07,6263961.647999989,11.23628999999999,6.968059999999997,7.835047619047618
1660694400,8.45,8.749,7.99,8.061,5048616.87,6173426.032499989,11.192899999999987,7.014739999999997,7.914619047619047
1660780800,8.061,8.241,7.615,7.649,3942547.81,5732061.490499988,11.158924999999986,7.052419999999997,8.020095238095237
1660867200,7.647,7.701,6.816,6.899,8503684.16999999,5738503.757499987,11.120514999999985,7.082519999999999,8.120619047619048
1660953600,6.898,7.207,6.66,6.9,5183524.99000001,5688405.642499988,11.089234999999983,7.121439999999998,8.177809523809524
1661040000,6.899,7.177,6.88,7.082,3494331.78,5606460.541499989,11.057504999999983,7.159479999999998,8.198380952380953
1661126400,7.083,7.088,6.68,7.044,3717077.27999999,5432815.550499989,11.025179999999985,7.194299999999998,8.15152380952381
1661212800,7.043,7.355,6.772,7.241,4171438.41,5414490.910999988,10.992309999999986,7.2226799999999995,8.107714285714286
1661299200,7.243,7.376,7.016,7.124,2677109.42,5353107.715499988,10.953819999999984,7.235259999999999,8.080619047619047
1661385600,7.123,7.372,6.998,7.124,3854369.74,5283631.155999987,10.912974999999985,7.251659999999999,8.055571428571428
1661472000,7.125,7.187,6.404,6.504,5882866,5417234.385999987,10.862369999999983,7.268899999999999,8.058619047619047
1661558400,6.501,6.614,6.414,6.529,3261835.63,5369986.887999987,10.811114999999981,7.285379999999999,8.050999999999998
1661644800,6.531,6.634,6.226,6.255,3410582.54,5135191.210499988,10.760714999999982,7.301599999999999,8.039571428571428
1661731200,6.255,6.734,6.2,6.7,3497049.43000001,4817493.058499988,10.717224999999983,7.317879999999999,7.974142857142856
1661817600,6.699,6.827,6.366,6.556,3526118.71,4543075.237999988,10.670944999999984,7.3335599999999985,7.914
1661904000,6.558,6.9,6.545,6.627,3745292.73,4428506.343499987,10.619649999999984,7.3308399999999985,7.814571428571427
1661990400,6.627,6.961,6.445,6.925,3358074.69,4205345.6334999865,10.566469999999986,7.334219999999998,7.723714285714284
1662076800,6.924,7.24,6.787,6.926,3995703.78,4216100.7469999865,10.511739999999985,7.329719999999997,7.619619047619047
1662163200,6.926,6.966,6.721,6.859,1632727.92,4076763.1104999864,10.449859999999985,7.339719999999999,7.503999999999999
1662249600,6.859,7.278,6.79,7.156,4063993.58000001,4021250.8274999866,10.390604999999985,7.350039999999999,7.407190476190475
1662336000,7.153,7.424,7.094,7.375,4038036.05,4050249.0764999865,10.328529999999983,7.363779999999998,7.292999999999999
1662422400,7.375,7.568,6.576,6.659,5614260.23,4078531.2444999865,10.274529999999984,7.378779999999998,7.184190476190476
1662508800,6.656,7.15,6.57,7.085,4855936.5,4124200.6789999865,10.226259999999982,7.391799999999998,7.107571428571429
1662595200,7.086,7.5,7.006,7.406,5886218.73999999,3993327.4074999867,10.179644999999983,7.402479999999998,7.04704761904762
1662681600,7.406,8.099,7.392,7.742,7480952.80999999,4108198.7984999856,10.136269999999982,7.413699999999998,6.961666666666668
1662768000,7.746,8.034,7.616,7.904,6041837.88,4235574.103499985,10.091399999999984,7.434259999999997,6.915190476190477
1662854400,7.906,8.173,7.732,8.028,5046847.02,4302062.590499986,10.038994999999982,7.426699999999998,6.903619047619049
1662940800,8.029,8.3,7.609,7.762,6491820.36999999,4418081.688499985,9.989174999999982,7.423319999999998,6.943761904761906
1663027200,7.759,7.963,7.02,7.025,7208485.39,4644650.486999986,9.94809999999998,7.434099999999997,6.9915714285714285
1663113600,7.024,7.54,6.982,7.456,5913599.99,4747611.999499986,9.905444999999979,7.449059999999998,7.036619047619046
1663200000,7.454,7.605,7.011,7.566,7092549.47,4808096.1729999855,9.86331999999998,7.471499999999997,7.070809523809523
1663286400,7.568,7.803,7.419,7.656,6626471.80000001,4976327.981499987,9.827349999999981,7.495179999999997,7.060523809523809
1663372800,7.657,8.143,7.641,8.092,5062423.99,5058920.053999986,9.798509999999983,7.508539999999998,7.0763333333333325
1663459200,8.092,8.14,7.402,7.523,5466342.65,5157384.714999986,9.768079999999983,7.520419999999998,7.097380952380952
1663545600,7.524,7.677,7.005,7.301,7816123.17,5371884.937999986,9.741469999999984,7.542719999999998,7.152238095238094
1663632000,7.3,7.337,6.81,6.883,5309023.06,5450071.454499986,9.713929999999984,7.5568399999999984,7.226666666666665
1663718400,6.884,7.318,6.519,6.68,8284440.77,5696389.758499986,9.677254999999985,7.565619999999999,7.287047619047617
1663804800,6.679,7.176,6.638,7.123,4570101.39,5725109.6389999855,9.640934999999983,7.5698,7.315666666666663
1663891200,7.123,7.492,6.963,7.449,7636318.05000001,6025289.145499987,9.610564999999983,7.563860000000001,7.331238095238092
1663977600,7.45,7.874,7.371,7.629,6935588.81000001,6168868.906999986,9.573194999999984,7.55686,7.333761904761902
1664064000,7.629,8.078,7.563,7.865,8545949.27,6394264.567999986,9.536905000000004,7.54312,7.343190476190474
1664150400,7.866,7.957,7.465,7.945,6539945.08999999,6440548.810999985,9.498120000000004,7.53318,7.368095238095234
1664236800,7.942,8.399,7.651,8.056,11918766.06000002,6793690.288999987,9.460175000000003,7.529960000000001,7.404761904761901
1664323200,8.056,8.54,7.722,7.795,16016947.82,7300226.742999988,9.425940000000002,7.5316600000000005,7.438523809523804
1664409600,7.795,7.949,7.57,7.899,7686852.41999999,7310521.723499986,9.389190000000001,7.52668,7.465666666666662
1664496000,7.904,7.919,7.505,7.585,5589081.1,7287883.884499987,9.358205000000003,7.5281400000000005,7.532190476190473
1664582400,7.584,7.646,7.313,7.394,3432480.55,7207165.560999987,9.332050000000002,7.52018,7.565999999999997
1664668800,7.393,7.545,7.09,7.11,4104285.81,7087788.832999987,9.304795000000002,7.509140000000001,7.589476190476187
1664755200,7.111,7.354,7.01,7.33,5135856.73999999,6984157.4004999865,9.274070000000002,7.490200000000001,7.581999999999996
1664841600,7.328,7.83,7.323,7.723,6319868.05,7004470.803499986,9.247945,7.467079999999999,7.557714285714282
1664928000,7.724,7.943,7.585,7.875,6151566.03000001,6957421.631499986,9.222975,7.4396200000000015,7.513999999999997
1665014400,7.876,7.939,7.595,7.632,4060166.93999999,6829106.388499985,9.196199999999997,7.40102,7.493428571428568
1665100800,7.63,7.802,7.473,7.606,4087837.73000001,6780377.075499986,9.172194999999999,7.36034,7.526666666666664
1665187200,7.606,7.656,7.339,7.455,2060120.82,6610065.983999985,9.143069999999998,7.33164,7.5466190476190445
1665273600,7.455,7.657,7.417,7.63,1649107.98,6301715.224499986,9.111589999999996,7.31318,7.549761904761901
1665360000,7.628,7.733,7.321,7.335,3592487.93,6215888.467999985,9.073839999999997,7.30164,7.54738095238095
1665446400,7.334,7.384,7.068,7.135,4132067.46,6008269.802499985,9.038489999999998,7.2930600000000005,7.517047619047615
1665532800,7.135,7.278,7.087,7.145,2205045.13,5890016.989499985,9.002054999999997,7.2922,7.522142857142855
1665619200,7.145,7.157,6.306,7.027,7403456.49999999,5878373.911999984,8.96638,7.303320000000001,7.523761904761902
1665705600,7.026,7.25,6.796,6.887,4417987.63,5752493.852999983,8.93184,7.31792,7.535761904761901
1665792000,6.886,6.991,6.818,6.886,1997815.4,5425087.159499984,8.894869999999996,7.322980000000001,7.557904761904759
1665878400,6.886,7.237,6.876,7.173,2251234.68999999,5210651.639499985,8.854994999999997,7.3248,7.553333333333329
1665964800,7.167,7.374,7.067,7.328,3223224.95,4775874.583999984,8.813995,7.3228800000000005,7.526571428571425
1666051200,7.33,7.372,6.963,7.127,3812172.35999999,4165635.8109999835,8.76982,7.32094,7.491190476190472
1666137600,7.126,7.135,6.698,6.772,2898811.58000001,3926233.768999985,8.727544999999997,7.3162,7.458238095238092
1666224000,6.773,6.912,6.601,6.657,3053738.2,3799466.6239999854,8.684119999999998,7.323840000000001,7.42885714285714
1666310400,6.658,6.847,6.444,6.809,3884356.72999999,3822060.432999985,8.634904999999998,7.336720000000001,7.3846190476190445
1666396800,6.81,6.931,6.725,6.868,1242501.08,3678971.1964999847,8.586839999999997,7.35818,7.335904761904758
1666483200,6.87,7.092,6.799,7.066,2603397.53,3552348.235999985,8.536369999999998,7.36672,7.276761904761901
1666569600,7.067,7.086,6.791,6.906,3517550.87,3412232.3769999854,8.486134999999999,7.371040000000001,7.239809523809521
1666656000,6.908,7.28,6.814,7.063,5408134.51000001,3375060.8009999855,8.438225,7.37164,7.214761904761903
1666742400,7.063,7.29,7.027,7.157,4195506.95,3381827.801499986,8.38716,7.369319999999999,7.212666666666665
1666828800,7.158,7.365,6.858,6.892,4318895.48999999,3393380.6894999845,8.334019999999999,7.36816,7.192476190476188
1666915200,6.893,7.2,6.83,7.109,3195848.02000001,3450167.049499985,8.276904999999998,7.3723,7.161047619047615
1667001600,7.108,7.661,7.076,7.636,5922885.57999999,3663855.929499984,8.223449999999998,7.3673,7.12685714285714
1667088000,7.637,7.932,7.48,7.782,6277383.29000001,3798100.697499984,8.174089999999998,7.36106,7.091619047619045
1667174400,7.783,8.333,7.664,7.857,8476588.97,4015326.772999984,8.132369999999995,7.37102,7.067952380952378
1667260800,7.854,7.923,7.63,7.684,3790469.73,4094598.0029999847,8.088149999999995,7.36716,7.076571428571426
1667347200,7.683,8,7.338,7.437,8337674.07999998,4141308.8819999844,8.047814999999996,7.361219999999999,7.083809523809521
1667433600,7.436,8.02,7.388,7.72,8014383.31000001,4321128.665999984,8.006449999999997,7.3591,7.108666666666663
1667520000,7.72,8.898,7.66,8.715,11886503.72,4815563.081999985,7.9647099999999975,7.356660000000001,7.134809523809521
1667606400,8.715,9.008,8.562,8.663,6375166.7,5021759.682499984,7.931454999999999,7.35324,7.1487142857142825
1667692800,8.664,8.772,8.094,8.101,5402107.02,5130703.7859999845,7.899734999999998,7.351680000000001,7.181714285714283
1667779200,8.101,9.261,7.895,8.956,11376076.89,5508899.012499985,7.867694999999997,7.359920000000001,7.268761904761902
1667865600,8.956,9.47,6.578,7.708,36115113.38999993,7169714.102999981,7.8387299999999955,7.365200000000001,7.353380952380951
1667952000,7.708,7.9,5.775,6.231,23647479.30999998,8199401.15849998,7.806599999999996,7.388180000000002,7.3975714285714265
1668038400,6.232,7.51,6.087,7.21,18632257.98,8936796.22099998,7.773084999999996,7.4083200000000025,7.475095238095237
1668124800,7.209,7.339,6.513,7.044,11210254.16999999,9435183.875499979,7.743034999999995,7.408500000000001,7.502761904761903
1668211200,7.045,7.074,6.158,6.281,15181553.02999998,10064091.650499977,7.716309999999996,7.437160000000001,7.4769999999999985
1668297600,6.28,6.545,5.94,6.078,7288028.03000001,10252615.508499976,7.688424999999998,7.445300000000002,7.503333333333333
1668384000,6.077,6.438,5.69,6.291,12214030.16000003,10592910.290999977,7.658829999999999,7.432260000000001,7.5145238095238085
1668470400,6.291,6.672,6.207,6.421,9028489.33999999,10834559.410499979,7.63576,7.442860000000001,7.486571428571427
1668556800,6.421,6.564,6.077,6.179,6291977.07,10933213.489499979,7.6064,7.441280000000002,7.439523809523807
1668643200,6.18,6.342,6.029,6.225,4888412.25,11017841.700999979,7.571005000000001,7.417920000000001,7.410238095238094
1668729600,6.224,6.44,6.069,6.183,5216596.13,10982527.228499979,7.540754999999999,7.386900000000002,7.379666666666666
1668816000,6.184,6.22,5.99,6.146,2913602.05,10814338.166499978,7.508774999999998,7.355420000000002,7.333095238095237
1668902400,6.146,6.252,5.709,5.768,4952741.6,10638145.797999978,7.478329999999997,7.324940000000002,7.301333333333332
1668988800,5.767,5.896,5.528,5.876,7858097.01,10841527.161999978,7.445019999999999,7.287400000000002,7.257238095238095
1669075200,5.874,6.485,5.837,6.422,11891787.32999999,11019232.824499978,7.413174999999998,7.256000000000001,7.186285714285713
1669161600,6.423,6.809,6.343,6.707,9877403.25,11112383.821499977,7.385429999999999,7.221680000000003,7.0903809523809525
1669248000,6.708,6.978,6.586,6.831,6713104.23999999,10853713.847499978,7.361575,7.192900000000002,6.996047619047619
1669334400,6.83,6.993,6.661,6.848,5761022.32999999,10823006.628999976,7.336150000000001,7.160380000000003,6.935952380952381
1669420800,6.848,7.299,6.824,7.156,8067345.14,10956268.534999976,7.311215,7.135700000000002,6.901190476190475
1669507200,7.157,7.278,6.858,6.902,4986550.69000001,10636792.224999975,7.286345,7.117540000000003,6.8588571428571425
1669593600,6.904,7.347,6.53,7.194,13592230.53999999,9510648.082499979,7.254185,7.097220000000002,6.76995238095238
1669680000,7.194,7.513,7.123,7.318,9043323.82,8780440.30799998,7.229015000000001,7.076340000000003,6.698190476190477
1669766400,7.317,7.75,7.272,7.672,8332281.03999999,8265441.460999981,7.207175000000002,7.060660000000002,6.641095238095238
1669852800,7.673,7.812,7.441,7.681,7617442.3,8085800.867499982,7.189660000000003,7.051660000000002,6.557190476190476
1669939200,7.681,7.726,7.479,7.61,5062435.56,7579844.993999983,7.173815000000002,7.040600000000001,6.538619047619046
1670025600,7.611,7.633,7.207,7.235,3708734.4,7400880.312499983,7.167555000000001,7.031880000000002,6.6072380952380945
1670112000,7.238,7.47,7.185,7.444,3401151.77999999,6960236.393499983,7.160385,7.031540000000002,6.629666666666666
1670198400,7.442,7.594,7.16,7.275,5610549.45000001,6789339.398999983,7.160145000000001,7.042280000000002,6.656619047619046
1670284800,7.275,7.336,6.957,7.132,5417019.69000001,6745591.5299999835,7.163315,7.053000000000002,6.702047619047617
1670371200,7.132,7.158,6.77,6.881,4586810.77999999,6730511.456499984,7.164154999999999,7.064660000000003,6.767095238095237
1670457600,6.881,7.069,6.775,7,3737485.32,6656555.915999983,7.1662149999999984,7.071620000000003,6.813952380952379
1670544000,7.001,7.054,6.796,6.863,3053488.23,6663550.224999984,7.16482,7.082780000000002,6.847809523809523
1670630400,6.863,6.921,6.694,6.858,2430271.44,6537426.716999983,7.165769999999998,7.084820000000002,6.881238095238095
1670716800,6.857,6.96,6.646,6.7,2014728.27,6245258.2799999835,7.163345,7.080900000000002,6.918142857142856
1670803200,6.698,6.728,6.457,6.701,3916237.64,5846480.795499984,7.166514999999999,7.075980000000002,6.95052380952381
1670889600,6.702,7.101,6.466,6.926,6912945.42999999,5698257.904499983,7.166789999999997,7.080540000000002,6.984428571428571
1670976000,6.926,6.965,6.687,6.718,3469806.01,5536092.992999984,7.168099999999997,7.084660000000002,7.0288095238095245
1671062400,6.719,6.732,6.386,6.456,4035740.38,5449828.895499985,7.167204999999998,7.085640000000003,7.068095238095238
1671148800,6.456,6.543,5.778,5.893,6985610,5395742.1384999845,7.165554999999999,7.082280000000003,7.092095238095238
1671235200,5.892,6.067,5.789,6.03,4125251.26,5352677.1669999845,7.164769999999997,7.074980000000003,7.092619047619047
1671321600,6.03,6.064,5.914,5.949,2206062.25,4783368.752499985,7.162909999999999,7.0753800000000036,7.074761904761904
1671408000,5.95,6.066,5.671,5.79,4022803.84,4532342.753499985,7.16161,7.068480000000003,7.029285714285715
1671494400,5.789,6.12,5.752,6.013,3550497.69,4293253.585999985,7.162265,7.054460000000003,6.975666666666667
1671580800,6.014,6.044,5.885,5.989,2101320.78,4017447.5099999853,7.165445000000001,7.034480000000003,6.930285714285715
1671667200,5.988,6.04,5.856,6.005,2921902.73,3910420.8684999854,7.166135,7.012900000000003,6.86342857142857
1671753600,6.005,6.053,5.924,5.941,2227204.91,3836344.393999985,7.164865,6.979160000000004,6.801285714285713
1671840000,5.94,5.962,5.88,5.916,1051133.66,3718843.4879999855,7.15703,6.939320000000004,6.7211428571428575
1671926400,5.915,5.996,5.887,5.99,1728090.48,3524720.5394999855,7.14923,6.902440000000004,6.641333333333333
1672012800,5.989,6.048,5.94,6.048,1779029.19,3342821.0144999847,7.144325,6.868540000000003,6.561857142857142
1672099200,6.048,6.068,5.846,5.903,2483617.2,3237661.3354999856,7.137325000000001,6.839900000000004,6.4990476190476185
1672185600,5.905,5.913,5.625,5.675,3313018.41,3216437.989999986,7.133140000000001,6.804320000000003,6.4298095238095225
1672272000,5.676,5.731,5.5,5.601,3568750.37,3242201.0969999856,7.126085000000001,6.748340000000004,6.371380952380951
1672358400,5.6,5.642,5.413,5.475,3416846.41,3291529.845499986,7.117909999999999,6.694880000000004,6.312857142857142
1672444800,5.475,5.627,5.387,5.575,2312337.82,3306410.3229999854,7.107765,6.653820000000004,6.255428571428571
1672531200,5.575,5.64,5.505,5.628,1468070.67,3184001.9744999856,7.093794999999999,6.592760000000004,6.188809523809524
1672617600,5.63,5.76,5.548,5.691,2634300.76,2970069.740999986,7.080244999999999,6.552100000000004,6.122714285714285
1672704000,5.691,5.724,5.567,5.621,2144096.39,2903784.259999986,7.0641349999999985,6.539500000000004,6.061619047619047
1672790400,5.621,5.895,5.61,5.809,3831647.37,2893579.609499986,7.053449999999999,6.504800000000004,6.010571428571428
1672876800,5.809,5.818,5.606,5.66,2841645.64,2686381.391499986,7.046624999999998,6.475420000000003,5.962476190476189
1672963200,5.661,5.73,5.523,5.712,2697540.01,2614995.828999986,7.043279999999999,6.462360000000003,5.900333333333332
1673049600,5.713,5.846,5.691,5.83,1991098.15,2604247.623999986,7.041004999999999,6.454620000000005,5.857047619047618
1673136000,5.832,5.977,5.755,5.963,2333904.16,2519802.6399999857,7.0351799999999995,6.441220000000003,5.8191428571428565
1673222400,5.965,6.255,5.931,6.065,5682130.67,2626384.288999986,7.026669999999998,6.428980000000004,5.81052380952381
1673308800,6.064,6.3,5.968,6.166,3453264.89,2693981.494499986,7.023324999999997,6.418600000000003,5.801
1673395200,6.167,6.305,6.01,6.284,3599580.1,2727865.362999986,7.0196299999999985,6.408340000000004,5.801666666666667
1673481600,6.284,6.412,6.05,6.387,5862705.97,2909640.415999986,7.019074999999999,6.401280000000003,5.814761904761904
1673568000,6.386,6.618,6.26,6.605,4441199.22,3079143.693999986,7.0143749999999985,6.397620000000004,5.822047619047619
1673654400,6.604,7.107,6.45,6.856,10425339.64,3514006.1519999863,7.008035,6.403560000000004,5.836095238095238
1673740800,6.857,6.926,6.6,6.694,5652541.29,3707681.7569999867,7.002884999999999,6.409360000000004,5.854285714285715
1673827200,6.694,6.948,6.413,6.669,7143088.32,3940655.312999986,6.999549999999998,6.4066000000000045,5.8859047619047615
1673913600,6.67,6.995,6.543,6.804,6038879.49,4076948.366999986,6.994924999999999,6.400200000000004,5.930666666666667
1674000000,6.807,6.985,6.256,6.334,8425216.27000001,4319771.6619999865,6.989454999999998,6.395680000000004,5.964190476190477
1674086400,6.333,6.545,6.314,6.506,3290241.13,4313441.397999986,6.984574999999998,6.395840000000004,5.993761904761905
1674172800,6.506,6.971,6.414,6.941,4178985.33,4406773.773499986,6.983009999999999,6.386600000000004,6.036666666666667
1674259200,6.942,7.11,6.802,6.853,6497547.23999999,4658247.601999986,6.983284999999999,6.381940000000004,6.06804761904762
1674345600,6.853,7.271,6.777,6.984,6817766.36000001,4867420.881999986,6.985964999999998,6.374140000000004,6.111142857142857
1674432000,6.983,7.234,6.848,7.015,6475146.95,5083973.409999987,6.9882849999999985,6.354460000000005,6.180952380952381
1674518400,7.015,7.2,6.525,6.661,5392217.62000001,5162001.922499986,6.990279999999999,6.331140000000004,6.241809523809524
1674604800,6.661,7.099,6.51,6.954,6744418.44,5357140.562499987,6.993899999999999,6.316340000000005,6.306380952380953
1674691200,6.955,7.316,6.824,7.169,7008005.12000001,5572663.817999987,6.994469999999998,6.301200000000005,6.369428571428572
1674777600,7.17,7.496,6.922,7.384,6803663.45,5813292.082999987,6.995899999999997,6.296180000000005,6.418952380952381
1674864000,7.384,7.509,7.12,7.211,4021763.73,5897685.061499987,6.998454999999996,6.287600000000005,6.473476190476191
1674950400,7.21,7.518,7.144,7.372,5028035,5864980.277999987,7.001169999999997,6.275320000000005,6.545333333333334
1675036800,7.373,7.439,6.748,6.914,5014854.05000001,5943059.735999987,7.004389999999996,6.271760000000005,6.624952380952381
1675123200,6.915,7.074,6.855,6.952,3336356.54,5929898.557999988,7.006264999999997,6.277520000000005,6.690714285714286
1675209600,6.952,7.277,6.67,7.214,5493548.16,5911440.667499987,7.007769999999997,6.285200000000006,6.757809523809523
1675296000,7.214,7.484,7.035,7.099,5767987.45999999,5977780.079499988,7.010139999999996,6.292160000000006,6.798238095238095
1675382400,7.1,7.338,7.012,7.294,4395091.81,5676267.687999988,7.014984999999996,6.302440000000006,6.835666666666667
1675468800,7.293,7.364,7.126,7.237,3211192.96,5554200.271499987,7.0217049999999945,6.306720000000006,6.87995238095238
1675555200,7.24,7.252,6.861,6.985,3416697.21,5367880.715999987,7.028059999999995,6.311740000000006,6.913857142857143
1675641600,6.985,7.063,6.765,6.832,3504454.35,5241159.458999987,7.034044999999995,6.317500000000006,6.946666666666666
1675728000,6.831,7.214,6.814,7.197,4543771.59,5047087.224999987,7.037239999999996,6.325120000000006,6.964809523809524
1675814400,7.199,7.3,6.952,7.136,4910694.88999999,5128109.912999986,7.040374999999996,6.341880000000006,6.978666666666666
1675900800,7.137,7.817,6.818,6.984,18751956.02999998,5856758.447999986,7.043469999999997,6.368760000000005,6.98642857142857
1675987200,6.983,7.12,6.777,6.89,6619057.31000001,5862833.951499986,7.047229999999997,6.387860000000005,7.005142857142856
1676073600,6.889,7.036,6.853,7.003,2293574.29,5636624.347999986,7.048514999999997,6.4055200000000045,7.043333333333332
1676160000,7.003,7.09,6.685,6.808,3320809.32999999,5478907.466999985,7.048429999999999,6.433660000000004,7.066095238095237
1676246400,6.81,6.847,6.4,6.669,5424849.87000001,5480539.079499985,7.049019999999997,6.456120000000004,7.063666666666666
1676332800,6.669,6.832,6.527,6.808,4395799.03000001,5363108.108999986,7.048209999999998,6.4760200000000046,7.070809523809523
1676419200,6.808,7.31,6.726,7.281,5174614.29,5271438.567499986,7.050284999999998,6.493720000000005,7.062428571428572
1676505600,7.28,7.495,6.997,7.011,8199081.68,5341209.478999985,7.051744999999998,6.514960000000006,7.045952380952381
1676592000,7.011,7.711,6.972,7.65,8097968.31,5545019.707999986,7.051194999999996,6.532800000000005,7.052952380952381
1676678400,7.649,8.256,7.495,7.989,11389046.79000001,5863070.297499986,7.053489999999997,6.5463800000000045,7.068523809523809
1676764800,7.986,8.289,7.82,8.014,9416026.57999999,6083128.923999985,7.056799999999997,6.561580000000005,7.060999999999999
1676851200,8.01,8.4,7.721,8.017,8065377.47,6319579.970499984,7.0565399999999965,6.589140000000004,7.073666666666666
1676937600,8.019,8.077,7.505,7.64,5893974.85999999,6339601.305499984,7.053799999999996,6.615860000000005,7.110714285714287
1677024000,7.641,7.752,7.294,7.717,6496942.58999999,6376049.061999983,7.048424999999997,6.656840000000004,7.141285714285715
1677110400,7.717,8.21,7.67,7.935,10150106.81999999,6663799.812499983,7.045729999999999,6.707120000000004,7.193809523809524
1677196800,7.937,8.149,7.22,7.466,9713019.08000001,6988891.118499984,7.042529999999997,6.7559000000000005,7.226571428571429
1677283200,7.466,7.491,7.168,7.373,4277893.98,7031950.956999983,7.0429299999999975,6.803680000000001,7.250523809523809
1677369600,7.371,7.548,7.293,7.497,2541969.05,6983826.691999984,7.0469899999999965,6.8426599999999995,7.290333333333332
1677456000,7.494,7.508,7.121,7.274,4004585.73,6956867.398999983,7.050639999999998,6.88458,7.298523809523808
1677542400,7.274,7.422,7.096,7.195,4034405.79,6913052.943999983,7.053904999999997,6.927099999999999,7.304999999999999
1677628800,7.196,7.547,7.146,7.536,3750777.74,6162994.029499984,7.052714999999996,6.96322,7.32938095238095
1677715200,7.536,7.585,7.163,7.275,2870686.88,5975575.507999984,7.052339999999996,6.996439999999999,7.350428571428569
1677801600,7.275,7.276,6.655,6.958,5309534.50999999,6126373.518999983,7.0502999999999965,7.02978,7.350333333333331
1677888000,6.958,7.011,6.708,6.857,2738464.51,6097256.277999984,7.044589999999997,7.055999999999999,7.36938095238095
1677974400,6.857,7.017,6.807,6.945,1968494.16,5924438.492499983,7.037744999999997,7.078599999999999,7.3832380952380925
1678060800,6.946,6.981,6.819,6.854,2608480.81,5835072.581499983,7.029954999999997,7.105999999999999,7.386476190476189
1678147200,6.857,6.974,6.667,6.881,3015787.65,5727131.249499982,7.021534999999996,7.125819999999997,7.379523809523807
1678233600,6.884,6.948,6.494,6.577,4098815.39,5522117.934999982,7.0108899999999945,7.1372399999999985,7.386047619047616
1678320000,6.578,6.69,6.007,6.16,5988809.54000001,5416659.996499983,7.002849999999995,7.142279999999999,7.39485714285714
1678406400,6.161,6.264,5.89,6.215,6622037.71999999,5178309.542999981,6.9953999999999965,7.144059999999997,7.39833333333333
1678492800,6.214,6.392,5.92,6.162,5658192.38000001,4990417.832999983,6.986959999999997,7.1472599999999975,7.364809523809521
1678579200,6.161,6.574,6.07,6.551,4811076.25,4827702.771999983,6.978984999999997,7.151499999999998,7.32428571428571
1678665600,6.552,6.885,6.395,6.761,7817274.02999998,4923867.730499983,6.973404999999997,7.146959999999996,7.255952380952377
1678752000,6.76,7.2,6.608,6.96,8906153.46000002,5044328.273999984,6.9694299999999965,7.143479999999998,7.168952380952378
1678838400,6.959,7.11,6.379,6.546,6800328.83999999,4876839.374999984,6.969339999999996,7.137659999999998,7.099285714285711
1678924800,6.546,6.678,6.443,6.656,3617223.3,4572049.585999983,6.967724999999998,7.122079999999998,7.0394761904761864
1679011200,6.656,7.258,6.597,7.207,6885611.19000001,4702435.446499984,6.963114999999998,7.116039999999997,7.007095238095234
1679097600,7.206,7.299,6.85,6.922,5649288.38999999,4857801.413499983,6.958969999999999,7.111579999999998,6.951333333333328
1679184000,6.922,7.281,6.916,7.081,3603006.94,4837722.473999983,6.953574999999998,7.110479999999998,6.890428571428567
1679270400,7.081,7.48,6.91,7.05,8993047.32,5085654.550499983,6.950709999999998,7.108179999999997,6.8780952380952325
1679356800,7.05,7.47,6.838,7.375,6546284.62,5225429.894499984,6.9488949999999985,7.102219999999997,6.856619047619041
1679443200,7.375,7.723,7.001,7.173,12062579.72999999,5685024.536999984,6.951174999999999,7.102979999999998,6.836809523809517
1679529600,7.173,7.637,7.086,7.61,5950130.81,5717054.351999984,6.951260000000001,7.093739999999998,6.826142857142851
1679616000,7.608,7.659,7.111,7.191,4842235.45999999,5822242.8994999835,6.953265000000001,7.0911399999999984,6.83471428571428
1679702400,7.191,7.254,6.97,7.075,3022565.33,5874946.457999984,6.955800000000002,7.084699999999998,6.817428571428566
1679788800,7.074,7.29,7.049,7.261,1964988.21,5842771.827999983,6.957630000000002,7.093919999999998,6.833380952380946
1679875200,7.26,7.274,6.747,6.87,4551721.99000001,5919568.544999983,6.959900000000001,7.098339999999997,6.844476190476184
1679961600,6.871,7.046,6.75,6.947,4084989.03000001,5918877.226999984,6.960525000000001,7.106259999999997,6.854857142857136
1680048000,6.947,7.499,6.927,7.382,5824927.72000001,5910683.135999984,6.962770000000002,7.108099999999997,6.869904761904756
1680134400,7.382,7.558,7.132,7.233,5273756.88,5843269.093999985,6.964340000000001,7.103719999999997,6.8706666666666605
1680220800,7.23,7.69,7.225,7.588,6318296.29,5876274.289499985,6.96661,7.104199999999997,6.873809523809517
1680307200,7.588,7.636,7.427,7.548,2706651.34,5771053.043999985,6.965690000000002,7.101899999999998,6.91214285714285
1680393600,7.545,7.546,7.191,7.255,2630646.16,5511721.650499986,6.967770000000002,7.104199999999997,6.963238095238089
1680480000,7.255,7.441,7.022,7.245,5219378.14000001,5327382.884499985,6.968650000000001,7.107899999999997,7.028619047619041
1680566400,7.244,7.477,7.202,7.37,4364091.42,5205571.013499985,6.965970000000001,7.109839999999997,7.094619047619041
1680652800,7.37,7.606,7.217,7.321,5169868.03,5283203.249999986,6.961995000000002,7.121919999999997,7.1281428571428505
1680739200,7.322,7.333,7.113,7.201,2983063.07,5088075.843999985,6.959385000000001,7.1350799999999985,7.15119047619047
1680825600,7.2,7.308,7.106,7.267,1893828.83,4900302.8659999855,6.955410000000001,7.140119999999997,7.170714285714279
1680912000,7.267,7.297,7.076,7.13,1440334.33,4792169.2354999855,6.9545400000000015,7.148859999999997,7.207619047619041
1680998400,7.129,7.255,7.05,7.203,1281793,4406606.5194999855,6.957155000000003,7.162879999999998,7.233571428571423
1681084800,7.203,7.367,7.131,7.343,2638647.13,4211224.644999986,6.956150000000003,7.173139999999997,7.236428571428566
1681171200,7.344,7.453,7.28,7.301,3009556.43000001,3758573.4799999865,6.954545000000001,7.171539999999997,7.246333333333327
1681257600,7.3,7.372,7.1,7.23,3823180.7,3652225.9744999865,6.953115000000001,7.176659999999997,7.252142857142851
1681344000,7.23,7.546,7.167,7.458,3853982.96,3602813.3494999865,6.9492600000000015,7.166259999999997,7.266095238095231
1681430400,7.458,7.899,7.457,7.743,7807389.3,3842054.5479999864,6.947650000000002,7.150539999999998,7.262571428571422
1681516800,7.743,8.089,7.613,8.005,4830720.04999999,3985341.1399999857,6.947480000000001,7.137119999999997,7.2652857142857075
1681603200,8.005,8.19,7.902,8.14,4303246.65,3972917.3729999857,6.948715000000002,7.122799999999997,7.258047619047613
1681689600,8.136,8.299,7.861,8.16,7702069.04999998,4153771.373999984,6.951330000000001,7.1145999999999985,7.284333333333326
1681776000,8.161,8.798,8.03,8.578,9356075.45999999,4330328.760999983,6.952430000000001,7.109419999999997,7.328619047619041
1681862400,8.578,8.6,7.63,7.752,10140445.26999999,4573663.180499983,6.951690000000001,7.105579999999998,7.370476190476184
1681948800,7.752,7.967,7.453,7.512,7428716.2,4629184.175999982,6.949695,7.116359999999998,7.431904761904755
1682035200,7.512,7.609,7.006,7.113,6884596.68,4838081.442999983,6.947660000000001,7.131699999999999,7.509571428571421
1682121600,7.113,7.242,7.08,7.175,3015617.24,4857329.996999983,6.946650000000001,7.1449599999999975,7.5271904761904675
1682208000,7.174,7.174,6.866,7.082,4150416.52,4803881.915999982,6.946395000000001,7.171039999999997,7.540476190476183
1682294400,7.082,7.269,6.996,7.068,4023418.3,4786848.259999981,6.948120000000001,7.182179999999997,7.517857142857134
1682380800,7.069,7.3,6.948,7.274,3659091.94999999,4711309.455999981,6.9494250000000015,7.1816999999999975,7.500095238095231
1682467200,7.275,7.503,6.703,7.004,7272868.62,4925799.733499981,6.954390000000001,7.178459999999998,7.491857142857135
1682553600,7.004,7.232,6.982,7.17,5324313.93,5097323.988499981,6.956180000000001,7.182799999999998,7.483428571428563
1682640000,7.17,7.187,6.949,7.04,3510662.05,5200840.374499981,6.958190000000001,7.187299999999998,7.478857142857134
1682726400,7.04,7.22,6.992,7.185,2390310.55,5256266.251999981,6.957105000000001,7.189759999999998,7.463761904761897
1682812800,7.185,7.305,7.014,7.025,2775030.59,5263085.424999981,6.954365000000001,7.198159999999997,7.462285714285706
1682899200,7.025,7.082,6.797,6.898,3285344.74,5276874.84049998,6.950400000000002,7.200619999999997,7.451476190476182
1682985600,6.896,7.013,6.8,6.987,2077200.39,5189575.824999981,6.947580000000001,7.212479999999997,7.45409523809523
1683072000,6.987,7.151,6.819,7.129,3262366.57,5159995.00549998,6.945920000000001,7.230079999999996,7.44561904761904
1683158400,7.129,7.162,6.959,6.998,1740570.99,4856654.08999998,6.943665000000001,7.249479999999997,7.424428571428564
1683244800,6.997,7.28,6.888,7.226,2888965.91,4759566.382999981,6.941365000000001,7.266739999999998,7.409476190476182
1683331200,7.226,7.279,6.866,6.92,2603213.92,4674564.74649998,6.939890000000002,7.273679999999997,7.4046666666666585
1683417600,6.92,6.989,6.858,6.911,1677014.89,4373312.038499981,6.940140000000001,7.278199999999997,7.382761904761897
1683504000,6.911,6.913,6.394,6.582,5298917.35,4170454.1329999813,6.939540000000001,7.281579999999996,7.35814285714285
1683590400,6.582,6.633,6.452,6.522,2199712.78,3773417.5084999814,6.938895000000001,7.290619999999997,7.306476190476182
1683676800,6.521,6.696,6.3,6.588,4297013.06,3616832.3514999812,6.939395000000001,7.302019999999996,7.2479523809523725
1683763200,6.588,6.592,6.212,6.36,3969206.65,3471062.8499999815,6.940610000000001,7.296279999999997,7.172809523809517
1683849600,6.36,6.64,6.224,6.623,3322966.84,3486430.329999981,6.9397350000000015,7.296059999999996,7.0749047619047545
1683936000,6.623,6.636,6.475,6.491,1742486.51,3366033.829499981,6.939225000000002,7.286079999999996,7.019476190476183
1684022400,6.49,6.61,6.41,6.547,1193769.45,3224551.386999981,6.938190000000003,7.275519999999997,6.964619047619041
1684108800,6.547,6.711,6.453,6.635,2328720.13,3158032.795999982,6.938885000000003,7.2597799999999975,6.941285714285708
1684195200,6.635,6.728,6.552,6.659,2297423.01,2909260.515499982,6.938510000000003,7.243519999999997,6.908714285714279
1684281600,6.658,6.812,6.552,6.758,3299636.01,2808026.619499982,6.937075000000002,7.223779999999996,6.88323809523809
1684368000,6.758,6.767,6.428,6.531,2274544.86,2746220.759999982,6.935675000000003,7.209779999999996,6.862619047619042
1684454400,6.531,6.555,6.458,6.51,1421337.78,2697772.121499982,6.932145000000003,7.199219999999997,6.833333333333327
1684540800,6.51,6.543,6.471,6.503,757320.01,2596886.592499982,6.930730000000002,7.1866999999999965,6.82161904761904
1684627200,6.505,6.545,6.356,6.43,1279377.69,2496588.239999982,6.927870000000002,7.1824799999999955,6.791190476190469
1684713600,6.43,6.608,6.334,6.533,2602323.99,2522844.419999982,6.924820000000003,7.178699999999996,6.765952380952373
1684800000,6.534,6.635,6.474,6.504,1751271.68,2447289.675499982,6.923535000000003,7.161679999999997,6.733476190476184
1684886400,6.505,6.509,6.206,6.32,3090108.04,2514766.527999982,6.921285000000003,7.147219999999996,6.70514285714285
1684972800,6.321,6.345,6.164,6.278,1856294.47,2463132.9559999816,6.916895000000003,7.125519999999995,6.687761904761898
1685059200,6.279,6.458,6.235,6.344,1704644.17,2418204.468499982,6.910640000000004,7.103159999999997,6.664761904761899
1685145600,6.344,6.441,6.327,6.438,1100851.23,2389396.2854999816,6.9039050000000035,7.088719999999996,6.626238095238089
1685232000,6.437,6.659,6.419,6.631,2028825.98,2225891.716999981,6.898000000000003,7.0738999999999965,6.591952380952375
1685318400,6.636,6.678,6.527,6.637,2236832.15,2227747.685499981,6.892965000000003,7.052899999999997,6.549952380952375
1685404800,6.637,6.672,6.536,6.613,2395564.78,2132675.271499981,6.887030000000002,7.032039999999996,6.526999999999994
1685491200,6.611,6.636,6.396,6.478,2604021.56,2064416.0169999811,6.875975000000003,7.014899999999996,6.51366666666666
1685577600,6.478,6.513,6.317,6.344,2163580.25,2006446.6874999814,6.864260000000004,6.998319999999996,6.516285714285707
1685664000,6.344,6.481,6.306,6.45,2147074.04,2026676.0639999814,6.855145000000004,6.988339999999996,6.52061904761904
1685750400,6.451,6.459,6.361,6.421,868599.69,2010417.5759999813,6.842085000000003,6.977019999999995,6.515380952380946
1685836800,6.421,6.532,6.393,6.452,1209935.67,1954478.352999981,6.835735000000002,6.962419999999996,6.514619047619042
1685923200,6.45,6.492,5.961,6.054,4495305.78,2064372.4914999814,6.837735000000002,6.945959999999997,6.506380952380947
1686009600,6.054,6.312,6.003,6.261,3709908.32,2084886.1069999814,6.834870000000002,6.928239999999996,6.503047619047614
1686096000,6.261,6.269,5.829,5.917,2998801.55,2121098.941499981,6.832715000000003,6.9080799999999964,6.498523809523804
1686182400,5.919,6.036,5.883,5.995,1426456.09,2121354.856999981,6.833700000000002,6.881639999999997,6.470857142857136
1686268800,5.994,6.081,5.92,5.993,1267537.07,2146865.7099999813,6.8350300000000015,6.850579999999996,6.451904761904755
1686355200,5.992,6.007,4.761,5.233,14028655.59000001,2784329.6049999823,6.8358250000000025,6.808859999999997,6.411857142857136
1686441600,5.233,5.254,5.089,5.175,2454695.33,2776948.171999982,6.835825000000001,6.770879999999997,6.386333333333327
1686528000,5.175,5.198,5.003,5.16,2746808.8,2826725.027999982,6.8371900000000005,6.717659999999998,6.361714285714279
1686614400,5.16,5.412,5.11,5.3,2495494.52,2796994.3519999823,6.836335,6.682519999999998,6.301238095238086
1686700800,5.299,5.507,5.142,5.25,3786780.65,2893518.660999982,6.836725,6.6521399999999975,6.241476190476182
1686787200,5.25,5.419,5.163,5.312,2895922.21,2953082.562999982,6.83558,6.614539999999997,6.176095238095231
1686873600,5.312,5.398,5.128,5.324,2176359.41,3006857.971999982,6.836715000000001,6.574539999999998,6.118761904761897
1686960000,5.325,5.396,5.221,5.279,1878846.73,2999359.009499982,6.8373,6.536099999999999,6.067809523809514
1687046400,5.282,5.302,5.04,5.156,1966918.59,2985863.331499982,6.831354999999999,6.500739999999999,6.021809523809515
1687132800,5.157,5.194,4.993,5.133,3234945.88,3027832.3864999823,6.823695,6.460259999999998,5.973238095238086
1687219200,5.134,5.281,5,5.267,4247080.66,3109985.341499982,6.81534,6.4264199999999985,5.918047619047611
1687305600,5.267,5.588,5.242,5.556,5295791.26000001,3266595.8919999828,6.8076,6.389499999999999,5.847809523809516
1687392000,5.555,5.823,5.507,5.558,4647546.09,3391619.494499983,6.798069999999999,6.354279999999999,5.776190476190467
1687478400,5.557,6.154,5.551,6.07,6720273.6,3684203.1899999827,6.790119999999999,6.313699999999999,5.712095238095229
1687564800,6.071,6.196,5.912,6.133,3204444.17,3783928.6149999825,6.780769999999999,6.275859999999999,5.668190476190467
1687651200,6.133,6.378,6.059,6.157,3200149.72,3719170.8119999827,6.770574999999999,6.243239999999998,5.630761904761895
1687737600,6.157,6.259,6.005,6.057,3875112.66000001,3727431.0289999833,6.757994999999999,6.214619999999999,5.612666666666658
1687824000,6.058,6.255,6.046,6.198,3250133.19,3739997.6109999837,6.745254999999999,6.183199999999999,5.598952380952373
1687910400,6.2,6.205,5.703,5.815,4135037.15,3875426.6639999836,6.7335400000000005,6.164639999999999,5.584904761904753
1687996800,5.814,6.183,5.787,5.891,4221854.85000001,4023142.5529999845,6.725145,6.142779999999998,5.58504761904761
1688083200,5.891,6.452,5.721,6.313,8723371.76000001,3757878.3614999847,6.715715,6.127519999999999,5.58204761904761
1688169600,6.313,6.524,6.122,6.503,5141414.75,3892214.3324999847,6.70969,6.110439999999999,5.577190476190467
1688256000,6.503,6.565,6.333,6.54,4086985.57,3959223.1709999843,6.704695000000002,6.102759999999998,5.572238095238086
1688342400,6.541,6.692,6.468,6.628,3237642.64,3996330.5769999847,6.701075,6.088619999999997,5.587476190476182
1688428800,6.628,6.63,6.392,6.521,2606479.19000001,3937315.503999985,6.696360000000002,6.074679999999997,5.647952380952372
1688515200,6.523,6.571,6.214,6.299,3023680.59999999,3943703.423499985,6.693035000000002,6.073739999999997,5.7129523809523715
1688601600,6.299,6.507,6.08,6.08,3733833.93,4021577.1494999854,6.687820000000001,6.0713399999999975,5.782857142857134
1688688000,6.08,6.223,6.012,6.156,2063365.14,4030803.0699999854,6.683775000000002,6.072319999999998,5.840999999999991
1688774400,6.157,6.222,6.094,6.196,1286251.86,3996769.733499985,6.681835000000002,6.073939999999997,5.890952380952372
1688860800,6.198,6.24,6.123,6.15,1197225.34,3894883.7064999854,6.679720000000002,6.071659999999997,5.927523809523801
1688947200,6.149,6.303,6.02,6.167,2162467.25,3790653.035999986,6.678830000000002,6.064459999999998,5.967142857142848
1689033600,6.169,6.238,6.121,6.206,1065079.1,3579117.4279999854,6.679690000000003,6.050899999999997,6.010809523809515
1689120000,6.205,6.35,6.196,6.252,2069557.14,3450217.980499985,6.682830000000003,6.043399999999998,6.058142857142849
1689206400,6.252,7.198,6.211,7.124,6685843.19000001,3448496.459999985,6.684175000000002,6.037119999999998,6.107380952380944
1689292800,7.125,7.343,6.687,6.958,7159768.77,3646262.689999985,6.6848300000000025,6.030059999999997,6.15209523809523
1689379200,6.957,7.02,6.832,6.918,1900374.37,3581273.9224999854,6.6866600000000025,6.024799999999998,6.185238095238087
1689465600,6.918,6.921,6.567,6.607,2658534.07,3520444.9929999844,6.6875750000000025,6.018259999999998,6.2598095238095155
1689552000,6.608,7.265,6.45,7.186,8290250.05,3772450.8359999843,6.688380000000002,6.013219999999998,6.302095238095229
1689638400,7.186,7.3,6.757,6.911,8507881.87999999,3991093.072499984,6.689190000000002,6.029299999999997,6.339476190476182
1689724800,6.913,7.048,6.773,6.915,4134376.74,3986719.166999983,6.690515000000001,6.042899999999998,6.360904761904754
1689811200,6.916,8.464,6.884,8.361,24470179.81000001,4774059.5694999825,6.692195000000003,6.054379999999997,6.414666666666658
1689897600,8.361,8.449,8.042,8.133,8987313.70999998,4966354.517499981,6.697865000000002,6.057759999999998,6.448619047619039
1689984000,8.128,8.383,7.76,7.881,6296766.27999999,5076843.552999982,6.702415000000002,6.068859999999997,6.500999999999992
1690070400,7.88,8.099,7.817,7.89,3092197,5069571.270999981,6.707490000000002,6.074339999999998,6.61861904761904
1690156800,7.89,7.89,7.435,7.586,5711968.64,5224845.743499981,6.71215,6.080379999999998,6.705285714285706
1690243200,7.584,7.643,7.34,7.392,3513090.68,5249316.247499982,6.7200750000000005,6.118039999999997,6.770904761904755
1690329600,7.391,7.835,7.275,7.742,5983258.79,5361787.490499982,6.727255000000001,6.153819999999997,6.835190476190469
1690416000,7.741,8.145,7.68,7.989,5477383.06999999,5532488.3869999815,6.733955000000001,6.182439999999998,6.880809523809516
1690502400,7.987,8.092,7.763,7.77,3119106.92999999,5624131.140499981,6.74762,6.211819999999998,6.9222857142857075
1690588800,7.77,7.897,7.724,7.842,1906734.68,5659606.607499981,6.759829999999999,6.234499999999998,6.990999999999993
1690675200,7.843,7.863,7.343,7.555,2980351.07,5700500.798499981,6.77113,6.261259999999997,7.081904761904755
1690761600,7.555,7.716,7.433,7.547,3457040.23,5820098.854999981,6.781535,6.290879999999998,7.158761904761898
1690848000,7.55,7.648,7.139,7.641,3839827.85,5908612.390499981,6.791165000000001,6.332319999999998,7.237142857142851
1690934400,7.643,7.715,7.334,7.351,4200718.29,5784356.14549998,6.799565000000001,6.367819999999998,7.304047619047613
1691020800,7.35,7.409,7.07,7.125,3398269.99,5596281.206499981,6.809125000000002,6.404799999999998,7.369761904761899
1691107200,7.125,7.265,7.007,7.143,3081770.63,5655351.01949998,6.819255000000001,6.451239999999997,7.438095238095232
1691193600,7.143,7.246,7.103,7.231,1621170.15,5603482.82349998,6.8277800000000015,6.498679999999997,7.4904285714285646
1691280000,7.231,7.275,7.076,7.102,1700576.48,5273999.144999981,6.836160000000001,6.548299999999997,7.490476190476184
1691366400,7.101,7.397,6.94,7.324,3324085.3,5014809.315999981,6.842515000000002,6.589319999999997,7.499285714285708
1691452800,7.328,7.534,7.29,7.461,3984515.4,5007316.248999981,6.848315000000001,6.626819999999997,7.514190476190469
1691539200,7.458,7.919,7.378,7.678,5356202.6,4051617.3884999813,6.853495000000001,6.663439999999997,7.537761904761898
1691625600,7.678,7.735,7.559,7.619,3233781.21,3763940.7634999817,6.855970000000001,6.701579999999996,7.544333333333327
1691712000,7.619,7.642,7.405,7.492,1848871.59,3541546.028999983,6.858125000000001,6.738039999999997,7.570523809523802
1691798400,7.492,7.539,7.385,7.442,1315001.68,3452686.262999983,6.860495000000001,6.781399999999998,7.606857142857136
1691884800,7.443,7.56,7.313,7.369,2060255.56,3270100.6089999834,6.86263,6.827959999999997,7.5715238095238035
1691971200,7.368,7.636,7.307,7.412,3793787.02,3284135.425999983,6.8664700000000005,6.876179999999997,7.540999999999994
1692057600,7.412,7.434,6.8,7.043,6078471.09,3288896.0409999834,6.87056,6.9174399999999965,7.520095238095233
1692144000,7.041,7.072,6.6,6.762,6063000.38,3318176.9064999837,6.87316,6.956119999999996,7.49528571428571
1692230400,6.763,6.871,5.6,6.189,8367039.19,3580573.5194999846,6.8772850000000005,6.983559999999996,7.486999999999995
1692316800,6.187,6.287,6.065,6.176,4839502.37,3727211.9039999843,6.88046,7.0082799999999965,7.470380952380948
1692403200,6.175,6.264,6.114,6.181,2324385.09,3694413.6049999846,6.8828450000000005,7.033379999999997,7.42371428571428
1692489600,6.18,6.236,6.118,6.22,1272820.99,3585202.6429999843,6.886750000000002,7.053099999999997,7.337999999999994
1692576000,6.22,6.256,6.002,6.174,3063645.91000001,3546393.545999985,6.888825000000001,7.064379999999997,7.262095238095232
1692662400,6.175,6.255,5.865,6.112,3937580,3533236.631499985,6.890040000000002,7.071859999999997,7.1829999999999945
1692748800,6.116,6.435,6.103,6.352,3611220.57,3543884.160499985,6.8883350000000005,7.077559999999997,7.119428571428567
1692835200,6.351,6.368,5.984,6.084,3008240.96,3540207.676999985,6.886090000000001,7.074919999999997,7.054047619047615
1692921600,6.084,6.085,5.913,6.014,3107452.3,3614521.7844999842,6.880175,7.069259999999997,6.98123809523809
1693008000,6.014,6.043,5.955,6.006,1636733.49,3611329.634999984,6.8764850000000015,7.061939999999996,6.933666666666661
1693094400,6.005,6.045,5.953,6.03,1327983.29,3511524.5344999842,6.872630000000002,7.051619999999996,6.884095238095233
1693180800,6.029,6.051,5.85,5.981,3374414.54,3481019.491499984,6.867660000000001,7.048239999999996,6.8303333333333285
1693267200,5.981,6.318,5.842,6.194,5586925.39999999,3492555.6314999834,6.863035,7.043939999999996,6.771999999999994
1693353600,6.193,6.198,5.881,5.925,3206141.49,3491173.6454999833,6.857125,7.042619999999996,6.720952380952375
1693440000,5.925,6.064,5.73,5.879,4186968.01,3608078.4664999833,6.8527,7.039619999999997,6.656999999999993
1693526400,5.878,6.034,5.817,5.941,3668052.2,3725730.9924999834,6.8481950000000005,7.036299999999995,6.59666666666666
1693612800,5.941,5.999,5.89,5.972,1272779.56,3686357.192499983,6.844105000000001,7.032919999999995,6.51319047619047
1693699200,5.972,6.064,5.948,6.027,1783671.76,3585851.429499984,6.838150000000001,7.033459999999995,6.430333333333328
1693785600,6.03,6.164,5.944,6.012,2785879.47,3421221.8484999835,6.83262,7.027839999999994,6.356476190476186
1693872000,6.013,6.154,5.906,6.137,2961423.42,3266143.0004999833,6.827605000000001,7.020379999999994,6.286476190476186
1693958400,6.138,6.35,6.094,6.302,4754687.99,3085525.4404999837,6.824125000000001,6.9967199999999945,6.222571428571423
1694044800,6.301,6.47,6.195,6.387,3097345.2,2998417.581999984,6.818735,6.976999999999995,6.1559047619047575
1694131200,6.388,6.404,6.144,6.28,2003043.64,2982350.5094999843,6.814090000000001,6.959179999999995,6.112761904761899
1694217600,6.28,6.293,6.157,6.165,1037278.42,2970573.380999984,6.810450000000002,6.947279999999995,6.090857142857137
1694304000,6.165,6.165,5.949,6.015,2940010.89,2964391.6299999836,6.806270000000001,6.926299999999994,6.100285714285708
1694390400,6.016,6.035,5.737,5.829,4285220.96,2981773.6779999835,6.800000000000001,6.914119999999994,6.10523809523809
1694476800,5.827,6.077,5.808,5.957,3107349.35000001,2956580.1169999843,6.795005000000001,6.903559999999994,6.104476190476186
1694563200,5.958,6.094,5.927,6.02,2998925.26,2956114.331999984,6.787440000000001,6.861939999999995,6.094714285714281
1694649600,6.021,6.213,6.006,6.151,3421841.03,2971833.7684999844,6.7790050000000015,6.822579999999995,6.07828571428571
1694736000,6.152,6.381,6.099,6.367,2517925.91,3015893.3894999838,6.770870000000001,6.785259999999995,6.070904761904758
1694822400,6.367,6.421,6.184,6.281,1902334.13,3044610.931499984,6.7621850000000014,6.744039999999995,6.055095238095233
1694908800,6.279,6.282,6.051,6.146,1503567.78,2951068.593499984,6.754810000000003,6.711459999999995,6.058285714285709
1694995200,6.146,6.84,6.099,6.567,7921921.78999998,3067818.4129999834,6.746300000000002,6.684019999999995,6.075095238095233
1695081600,6.566,6.969,6.515,6.846,5536761.20000001,3184349.398499984,6.735770000000002,6.652199999999994,6.088190476190471
1695168000,6.846,7.045,6.741,6.905,4549051.69,3202453.5824999837,6.728225000000004,6.619759999999996,6.09371428571428
1695254400,6.907,6.946,6.605,6.664,4270233.81000001,3232562.6629999843,6.721460000000003,6.589979999999994,6.121619047619042
1695340800,6.665,6.972,6.593,6.958,3083344.65,3323090.917499984,6.714730000000002,6.556059999999994,6.1526666666666605
1695427200,6.959,7.232,6.917,7.189,6314709.67000001,3549642.8129999847,6.710195000000002,6.5362999999999944,6.199333333333328
1695513600,7.189,7.25,6.95,6.972,3149084.70000001,3567803.0744999847,6.705625000000001,6.522279999999994,6.236714285714282
1695600000,6.972,7.509,6.908,7.494,4956186.61,3667541.233999985,6.6986750000000015,6.5075599999999945,6.285142857142853
1695686400,7.494,7.576,7.248,7.356,3877254.09,3623669.538999985,6.695135000000001,6.493819999999994,6.343095238095235
1695772800,7.355,7.901,7.271,7.645,7180632.89000001,3827833.9234999856,6.694575000000002,6.490479999999994,6.388095238095234
1695859200,7.641,8.07,7.572,7.807,7218442.30000001,4088603.8564999863,6.694815000000001,6.491399999999993,6.458666666666663
1695945600,7.81,8.082,7.674,7.946,4632422.26,4268361.0484999865,6.693410000000001,6.486219999999992,6.516714285714282
1696032000,7.947,8.276,7.939,8.191,5316780.65,4387199.536499986,6.69393,6.494059999999993,6.580666666666662
1696118400,8.19,8.26,7.778,8.054,5741530.2,4460014.998499988,6.69547,6.494699999999994,6.64828571428571
1696204800,8.053,8.103,7.352,7.47,7388633.57999999,4674079.209999986,6.697445000000001,6.498379999999993,6.727619047619044
1696291200,7.472,7.744,7.366,7.409,4753914.76,4761828.684999986,6.704115000000001,6.500959999999993,6.824095238095233
1696377600,7.408,7.78,7.2,7.674,5466659.38999999,4864069.602999985,6.70982,6.507499999999992,6.921190476190472
1696464000,7.673,7.793,7.451,7.465,3846525.19,4930499.566999985,6.7172350000000005,6.521479999999992,6.999333333333329
1696550400,7.469,7.764,7.432,7.639,3176035.64,4994184.642499985,6.723515000000001,6.533719999999993,7.0684761904761855
1696636800,7.64,7.68,7.47,7.524,2235442.95,5030778.400999986,6.72944,6.535739999999992,7.14723809523809
1696723200,7.521,7.948,7.5,7.673,5220385.39000001,4895701.580999987,6.735595,6.535679999999992,7.20980952380952
1696809600,7.671,7.696,7.134,7.276,5400392.17,4888883.129499988,6.743135,6.548299999999992,7.270380952380949
1696896000,7.276,7.392,7.174,7.259,3315249.53,4827193.021499988,6.747205,6.562359999999993,7.329571428571424
1696982400,7.259,7.43,7.1,7.391,3701911.87,4798776.924499987,6.748215,6.591359999999992,7.402285714285711
1697068800,7.39,7.416,7.115,7.197,3425077.36,4815863.559999987,6.751975,6.6183199999999935,7.436047619047614
1697155200,7.198,7.403,7.107,7.256,4244477.6,4712351.956499985,6.753895,6.648159999999993,7.455714285714281
1697241600,7.257,7.373,7.205,7.331,1522386.46,4631017.044499985,6.7568399999999995,6.669279999999992,7.478857142857138
1697328000,7.331,7.568,7.285,7.423,2299972.73,4498206.350499986,6.757585000000001,6.690979999999993,7.504238095238089
1697414400,7.422,7.832,7.411,7.525,4491818.19,4528934.555499985,6.760085,6.716559999999992,7.518428571428566
1697500800,7.525,7.559,7.262,7.32,2869585.65,4313382.193499984,6.758415,6.733459999999993,7.52519047619047
1697587200,7.32,7.483,7.28,7.356,2301928.22999999,4067556.4899999835,6.758755000000001,6.756899999999994,7.546666666666662
1697673600,7.356,7.435,7.215,7.304,2421707.11,3957020.732499983,6.760335,6.783239999999994,7.548142857142853
1697760000,7.304,7.71,7.261,7.57,4329807.55,3907672.077499983,6.760014999999999,6.811579999999995,7.546428571428567
1697846400,7.57,9.171,7.52,8.914,15593852.19000001,4400288.176999983,6.761945000000001,6.8414799999999945,7.532666666666663
1697932800,8.914,10.288,8.839,10.19,18639585.64999999,4962835.780499984,6.763864999999999,6.868259999999993,7.508714285714281
1698019200,10.189,11.058,9.789,10.577,24657322.00999998,5958006.142999982,6.76407,6.891499999999994,7.490809523809519
1698105600,10.578,11.15,9.661,10.372,17094050.81999999,6539375.714499982,6.765530000000001,6.919079999999995,7.52523809523809
1698192000,10.371,11.788,10.337,11.058,17153705.46000002,7204734.727999983,6.764190000000001,6.952899999999995,7.626952380952376
1698278400,11.059,11.392,10.348,10.928,10983527.2,7595109.305999984,6.763230000000002,7.01236,7.774904761904756
1698364800,10.927,11.434,10.605,11.185,11720249.82999999,8069349.649999984,6.763475000000002,7.09672,7.915999999999994
1698451200,11.184,11.666,10.819,10.923,7686066.07000001,8192633.683999984,6.765100000000002,7.1877200000000006,8.077142857142851
1698537600,10.923,11.297,10.75,11.081,5275457.69,8186386.959999984,6.772820000000003,7.274920000000001,8.242047619047614
1698624000,11.085,11.854,10.89,11.22,9454805.92999999,8493364.779999983,6.787165000000003,7.373340000000001,8.410904761904757
1698710400,11.22,12.026,10.92,11.353,12476688.50999999,8932103.611999983,6.804045000000002,7.46586,8.572761904761899
1698796800,11.352,11.786,10.647,11.638,10588892.04,9290294.345999982,6.819570000000002,7.56182,8.735047619047615
1698883200,11.639,11.749,10.806,11.007,8003890.50999999,9478264.99149998,6.839210000000001,7.65468,8.922857142857136
1698969600,11.007,11.596,10.5,11.46,8887394.74999999,9846515.40599998,6.857835000000002,7.752999999999999,9.117809523809518
1699056000,11.457,11.626,11.147,11.496,5234888.3,9993261.184499983,6.877045000000002,7.857099999999999,9.320047619047614
1699142400,11.496,12.559,11.356,12.231,11907068.54000002,10364023.701999983,6.895155000000002,7.967579999999999,9.501476190476186
1699228800,12.231,13.255,12.118,12.984,10027182.41999999,10721903.540499981,6.914410000000001,8.0812,9.701666666666663
1699315200,12.984,13.34,12.528,13.04,11935472.53999999,11203580.755999982,6.933220000000001,8.18094,9.899999999999995
1699401600,13.04,14.98,12.81,14.919,12601104.83999998,11712550.64249998,6.951270000000002,8.287120000000002,10.128952380952375
1699488000,14.918,15.99,13.589,14.603,18901164.91999998,12441118.51099998,6.969435000000002,8.3897,10.388904761904758
1699574400,14.603,15.644,14.122,15.493,12832103.88999999,12303031.095999978,6.983770000000002,8.5087,10.66128571428571
1699660800,15.502,16.6,14.708,16.477,11922184.54999999,11967161.040999977,7.000270000000001,8.64546,11.021428571428565
1699747200,16.477,16.543,15.371,16.025,9480541.70000001,11208322.025499979,7.014860000000001,8.774920000000002,11.368999999999994
1699833600,16.025,16.3,14.304,14.358,10117089.62,10859473.965499979,7.037255000000001,8.93638,11.746285714285708
1699920000,14.354,14.91,13.361,13.945,12808258.52999997,10642201.618999977,7.064615000000001,9.09034,12.106428571428571
1700006400,13.947,15.389,13.93,15.027,9561100.02999999,10571080.260499978,7.094250000000001,9.26692,12.384285714285713
1700092800,15.027,15.22,13.55,13.866,11515683.62,10560851.949999979,7.13297,9.457300000000002,12.564333333333334
1700179200,13.866,14.269,12.853,13.702,10376868.15000001,10695392.053999979,7.170575000000001,9.634020000000001,12.734476190476192
1700265600,13.707,13.81,12.921,13.75,5989655.98,10731101.968499977,7.212700000000001,9.781740000000003,12.923476190476192
1700352000,13.751,15.054,13.369,14.908,8024107.07,10659567.025499979,7.258715000000002,9.910760000000003,13.063380952380953
1700438400,14.911,15.393,14.365,14.477,7852547.72,10428359.98599998,7.303820000000002,10.064180000000002,13.183238095238096
1700524800,14.475,14.663,13.3,13.359,9307600.94,10364295.43099998,7.339760000000002,10.188600000000003,13.317857142857143
1700611200,13.362,14.621,13.24,14.212,7341318.89,10331166.84999998,7.374285000000001,10.306500000000003,13.500095238095238
1700697600,14.213,14.887,14.122,14.398,5780105.38,10175802.38149998,7.413495000000001,10.422580000000004,13.655190476190475
1700784000,14.398,14.843,14.208,14.482,4360537.63,10132084.847999979,7.447700000000001,10.556920000000002,13.750714285714285
1700870400,14.481,14.975,14.376,14.762,3318038.65,9702633.353499977,7.481720000000001,10.685380000000002,13.873285714285714
1700956800,14.763,15.333,14.364,14.766,5240707.85,9463309.624999978,7.5155350000000025,10.803160000000002,14.034761904761906
1701043200,14.768,15.3,13.88,14.186,6146071.04,9173839.549999978,7.554430000000002,10.939220000000002,14.178666666666667
1701129600,14.186,14.712,13.765,14.521,5394866.99000001,8813527.65749998,7.591825000000003,11.0737,14.334190476190477
1701216000,14.524,14.993,14.376,14.511,4845528.8,8110745.85149998,7.622490000000002,11.214040000000002,14.454904761904762
1701302400,14.514,14.832,14.268,14.412,4398464.68,7689063.890999982,7.658950000000001,11.356500000000004,14.512142857142857
1701388800,14.411,15.048,14.271,14.988,4634512.61,7324680.293999983,7.696385,11.501340000000003,14.582666666666666
1701475200,14.987,16.199,14.919,15.992,6568892.91999999,7179097.854999982,7.735885000000001,11.631600000000002,14.563238095238097
1701561600,15.992,16.29,15.666,15.705,4379093.89,6892198.0684999805,7.777085,11.776500000000004,14.554142857142857
1701648000,15.706,16.396,15.11,15.813,8826925.32000001,6693131.407999983,7.817975000000001,11.921540000000002,14.530095238095239
1701734400,15.812,16.088,15.178,15.729,7193745.82999999,6574763.697999982,7.857104999999999,12.061960000000001,14.507
1701820800,15.72,16.164,15.232,15.268,8057101.18999999,6401834.576499982,7.896595,12.217780000000003,14.491761904761905
1701907200,15.266,15.802,14.658,15.691,9080106.81999999,6336996.509999981,7.936694999999999,12.392500000000002,14.561047619047619
1701993600,15.688,17.324,15.55,16.925,10827786.35000001,6578903.028499981,7.97602,12.559980000000003,14.646
1702080000,16.926,17.299,16.023,16.196,8430393.84000001,6599217.366999982,8.017784999999998,12.727780000000003,14.657476190476192
1702166400,16.195,16.454,15.791,16.367,4766574.66,6444918.713999982,8.064449999999999,12.891860000000003,14.744380952380952
1702252800,16.368,16.462,13.78,14.768,14107495.09000001,6684913.4214999825,8.109184999999998,13.050820000000003,14.897857142857143
1702339200,14.767,15.138,14.17,14.523,7450890.25,6690391.989499982,8.155594999999998,13.217520000000002,15.014333333333335
1702425600,14.527,14.959,13.857,14.77,8205912.53,6811682.346999982,8.20169,13.409940000000004,15.083809523809526
1702512000,14.773,15.586,14.21,15.37,8398653.34000001,7013588.132499983,8.245514999999997,13.582460000000003,15.097666666666669
1702598400,15.372,15.394,14.257,14.281,5588024.00000001,7127087.399999982,8.29182,13.731520000000003,15.153095238095242
1702684800,14.281,14.801,14.086,14.32,3975469.06,7063825.460499982,8.343779999999999,13.823080000000003,15.179666666666671
1702771200,14.32,14.372,13.91,14.013,3560218.31,6934532.823999983,8.39224,13.902000000000003,15.225952380952384
1702857600,14.016,14.681,13.633,14.674,8220244.73,7075801.710999982,8.442474999999998,13.989960000000004,15.216380952380954
1702944000,14.669,14.808,13.923,14.1,4715602.5,7069305.395999981,8.484924999999999,14.076200000000004,15.195333333333334
1703030400,14.1,14.805,13.975,14.253,5093239.98,7104044.160999981,8.52582,14.143260000000003,15.15947619047619
1703116800,14.252,15.311,14.179,15.305,6978195.1,7221228.28549998,8.56748,14.205960000000003,15.182714285714288
1703203200,15.306,15.729,14.969,15.479,6378166.47,7211691.96299998,8.611175,14.267760000000003,15.162666666666667
1703289600,15.478,15.9,14.894,15.682,6241227.2,7304798.62849998,8.649395,14.339620000000002,15.150380952380953
1703376000,15.682,15.95,15.11,15.262,5937006.95,7160302.709999979,8.68793,14.397220000000003,15.192904761904764
1703462400,15.263,15.802,15.12,15.585,5182592.13,7059745.024999979,8.725605,14.455220000000002,15.216285714285716
1703548800,15.586,15.9,14.3,15.092,6443612.13999999,6979070.572499978,8.767254999999999,14.52856,15.201523809523811
1703635200,15.092,16.75,14.646,16.709,8604959.81,6955313.221999979,8.805505,14.618000000000002,15.180428571428573
1703721600,16.711,17.672,15.975,16.005,12399584.63000001,7033903.135999979,8.844664999999999,14.702440000000001,15.16957142857143
1703808000,16.006,16.224,15.116,15.54,7020535.98,6963410.242999978,8.888929999999998,14.77776,15.139238095238097
1703894400,15.539,15.623,15.017,15.167,2951588.48,6872660.933999978,8.936055,14.84484,15.207857142857145
1703980800,15.17,15.528,14.77,14.941,3495890.27,6342080.692999978,8.98316,14.887,15.222809523809527
1704067200,14.942,15.58,14.81,15.548,3173937.89,6128233.074999978,9.029885,14.96038,15.156857142857147
1704153600,15.547,16.063,15.017,15.166,5675020.93,6001688.494999978,9.077835,14.9821,15.107857142857148
1704240000,15.165,15.578,12.2,14.148,10147635.17000002,6089137.586499979,9.12333,15.00084,15.039952380952384
1704326400,14.148,14.777,13.975,14.526,4365827.16,6028027.744499978,9.18071,14.99432,15.077095238095243
1704412800,14.53,14.655,13.705,14.091,6076419.59,6133075.270999977,9.23486,14.963600000000001,15.10771428571429
1704499200,14.092,14.098,13.18,13.436,3565461.86999999,6133337.448999977,9.28676,14.954060000000002,15.078095238095242
1704585600,13.435,13.741,13,13.151,3045099.87,5874580.205999977,9.336094999999998,14.970220000000001,15.037904761904766
1704672000,13.155,14.402,12.527,14.139,6343630.56000001,5955981.608999978,9.384549999999999,14.97428,15.028857142857145
1704758400,14.143,14.25,13.242,13.716,6089402.93,6005789.756499978,9.43573,14.964260000000001,14.98676190476191
1704844800,13.716,15.363,13.563,15.072,6108662.9,5962313.146499978,9.484939999999998,14.968760000000001,14.945714285714288
1704931200,15.073,15.695,14.597,15.022,5971021.52000001,5941955.898999979,9.529284999999998,14.96344,14.9202380952381
1705017600,15.021,15.304,13.59,14.151,5199803.58,5889884.717999978,9.576134999999999,14.951460000000003,14.901952380952386
1705104000,14.155,14.43,13.788,14.345,2403223.09,5713195.524999978,9.620924999999998,14.936080000000002,14.940952380952384
1705190400,14.345,15.434,14.267,14.755,6981289.70999999,5803130.403999979,9.661769999999997,14.920860000000003,14.927476190476195
1705276800,14.755,16.018,14.75,15.185,7120605.92,5836980.092999979,9.699744999999998,14.95512,14.8642380952381
1705363200,15.185,15.365,14.739,15.271,3995089.65,5606486.5849999795,9.742649999999998,14.97132,14.800571428571434
1705449600,15.267,16.395,15.267,15.761,8906227.11999999,5431818.709499978,9.780879999999998,14.966380000000001,14.776428571428577
1705536000,15.761,15.773,14.189,14.658,6730412.48,5417312.534499979,9.825574999999997,14.963640000000003,14.75738095238096
1705622400,14.658,16.415,14.461,16.118,9958120.37,5767639.128999978,9.869899999999998,14.963500000000003,14.765904761904768
1705708800,16.118,16.61,15.624,15.781,8343648.47,6010027.038999978,9.910369999999999,14.971880000000004,14.720761904761911
1705795200,15.781,15.912,15.365,15.396,3466755.98,6024667.943499979,9.951104999999998,14.993580000000003,14.656619047619055
1705881600,15.393,15.974,14.507,14.598,8999991.39000001,6190916.46649998,9.995804999999997,15.018380000000004,14.684142857142858
1705968000,14.597,14.886,13.561,14.3,7634724.2,6065270.917999979,10.042274999999998,15.021320000000005,14.713380952380952
1706054400,14.298,14.442,13.911,14.243,4902671.9,6092113.15499998,10.087064999999997,15.055439999999999,14.735047619047618
1706140800,14.242,14.261,13.506,13.744,3983863.76,5987485.3634999795,10.133354999999998,15.071299999999999,14.689809523809524
1706227200,13.744,14.3,13.637,14.187,4124078.3,6015416.18499998,10.173944999999998,15.059379999999999,14.64857142857143
1706313600,14.188,14.4,14.091,14.345,2101656.52,5968244.01749998,10.221394999999998,15.037239999999997,14.653095238095236
1706400000,14.341,14.7,14.201,14.48,3924457.9,5847285.384499979,10.267694999999998,15.006979999999997,14.615857142857143
1706486400,14.479,15.081,14.265,15.004,5591006.51,5822365.563499979,10.313179999999997,14.977259999999996,14.620428571428569
1706572800,15.004,15.805,14.895,15.475,6613663.41,5847615.588999978,10.355769999999998,14.946779999999999,14.663714285714283
1706659200,15.474,16.06,15.083,15.429,9675848.46,6032856.935999977,10.396489999999998,14.916699999999999,14.726999999999997
1706745600,15.427,17.382,15.147,17.19,15982416.78999999,6571987.596499978,10.436724999999997,14.865099999999998,14.768190476190474
1706832000,17.192,18.88,17.132,17.828,18593885.47000001,7381520.715499978,10.474694999999997,14.830779999999997,14.85195238095238
1706918400,17.827,18.148,17.502,17.658,7618053.39000001,7413358.89949998,10.514794999999998,14.803519999999999,14.868952380952381
1707004800,17.661,18.711,17.532,18.153,7542592.91,7434458.24899998,10.555489999999997,14.817659999999998,14.972190476190477
1707091200,18.154,19.794,17.806,19.164,11701737.55,7819790.643999981,10.596629999999998,14.83578,15.147285714285712
1707177600,19.163,19.333,18.21,18.287,7718020.78,7760380.326999982,10.636029999999996,14.88418,15.305047619047619
1707264000,18.287,19.077,18.021,18.817,6288753.44,7738297.374999982,10.678614999999997,14.933340000000003,15.466857142857142
1707350400,18.818,19.271,17.969,18.212,6386966.03999999,7559739.658499981,10.721169999999997,15.00088,15.656333333333334
1707436800,18.209,18.625,17.973,18.47,5692887.07,7427201.588499981,10.774084999999998,15.077539999999999,15.79995238095238
1707523200,18.47,19.17,17.986,19.084,4237108.87,7465719.232999982,10.827294999999998,15.18056,15.945476190476189
1707609600,19.083,20.676,18.829,20.146,8729373.41000001,7452188.333999981,10.881029999999996,15.252820000000002,16.114714285714285
1707696000,20.147,20.856,19.751,20.465,9061699.86999999,7523537.11749998,10.937219999999998,15.34716,16.226714285714284
1707782400,20.467,20.592,19.45,19.87,6228394.6,7589823.25249998,10.991234999999996,15.42634,16.383999999999997
1707868800,19.869,20.43,19.702,20.24,5075660.98,7644413.1134999795,11.042004999999996,15.489640000000001,16.610190476190475
1707955200,20.24,20.524,19.65,19.932,4869032.92,7681660.844499978,11.096684999999997,15.561740000000002,16.889571428571426
1708041600,19.931,20.31,19.116,19.551,4600202.39,7806588.137999977,11.148294999999997,15.651020000000003,17.15480952380952
1708128000,19.555,20.273,19.218,20.032,3715998.41,7796165.1634999765,11.202714999999998,15.75508,17.44038095238095
1708214400,20.031,20.373,19.752,20.119,2893117.13,7661270.694499977,11.261174999999998,15.840780000000002,17.735047619047617
1708300800,20.12,20.245,19.647,19.832,4131134.93,7537144.270499977,11.323194999999998,15.943740000000002,17.990476190476187
1708387200,19.832,19.883,18.378,19.281,5699014.63,7338302.578999977,11.385574999999996,16.008200000000002,18.26128571428571
1708473600,19.281,19.287,18,18.594,4953060.57999999,6786834.768499976,11.446074999999997,16.079120000000003,18.52980952380952
1708560000,18.594,19.014,18.078,18.121,4209962.51,6067638.620499976,11.508064999999997,16.168960000000006,18.75971428571428
1708646400,18.12,18.286,17.56,17.935,4920946.75999999,5932783.288999975,11.569949999999997,16.268,18.940952380952375
1708732800,17.936,18.564,17.756,18.533,2305801.67,5670943.726999975,11.629969999999997,16.365820000000003,19.09166666666666
1708819200,18.533,18.859,18.37,18.722,2002911.08,5186002.403499975,11.691924999999996,16.44048,19.135999999999996
1708905600,18.721,19.264,18.128,19.083,4454205.75,5022811.651999975,11.755764999999998,16.509040000000002,19.141095238095232
1708992000,19.083,19.362,18.662,19.023,4823735.82,4949560.7709999755,11.819299999999998,16.5885,19.1827619047619
1709078400,19.022,20.87,18.006,19.43,13518121.88000001,5306118.562999977,11.879989999999998,16.65668,19.20985714285714
1709164800,19.43,20.455,18.801,19.274,8082763.32999999,5425612.375999975,11.936804999999998,16.745520000000003,19.205999999999996
1709251200,19.274,20.1,19.266,20.051,4054690.97000001,5416491.480999975,11.991899999999998,16.851240000000004,19.241047619047613
1709337600,20.052,21.69,19.956,21.398,7764412.97,5368243.458999975,12.044954999999998,16.96988,19.270238095238092
1709424000,21.397,21.536,19.38,20.507,5670314.05000001,5198674.167999976,12.100314999999998,17.06756,19.32080952380952
1709510400,20.507,20.895,19.82,20.416,6487639.07000001,5211636.391499977,12.155534999999997,17.18184,19.396095238095235
1709596800,20.415,21.055,16.553,18.973,13545293.98999998,5635118.041999975,12.212854999999998,17.265880000000003,19.506285714285713
1709683200,18.973,20.152,18.389,20.085,6863998.61,5734866.326499975,12.270509999999996,17.366460000000004,19.523476190476188
1709769600,20.084,20.4,19.591,20.091,4703308.75999999,5740021.644999975,12.330449999999999,17.511400000000002,19.521142857142852
1709856000,20.092,20.391,19.14,19.699,5624596.13,5835451.530999975,12.389974999999998,17.634640000000005,19.478428571428566
1709942400,19.698,20.33,19.659,19.972,3713915.75,5876491.461999975,12.453169999999998,17.747860000000006,19.471047619047614
1710028800,19.973,21.96,19.379,21.68,6536500.81,5996759.755999975,12.524944999999997,17.823620000000005,19.478619047619045
1710115200,21.682,22.868,20.661,21.277,13248286.27,6374223.337999975,12.593669999999998,17.919900000000005,19.485666666666663
1710201600,21.277,21.341,19.516,20.704,9044025.31999999,6578771.574999975,12.664805,18.006500000000003,19.48280952380952
1710288000,20.705,20.96,20.201,20.751,5205529.64000001,6628549.931499976,12.728789999999998,18.107320000000005,19.557142857142853
1710374400,20.752,21.949,19.87,20.88,12982071.97000001,7031606.1919999765,12.798309999999999,18.184400000000004,19.625952380952377
1710460800,20.88,20.998,18.452,19.63,10111374.57000001,7421884.836999978,12.867664999999999,18.302380000000003,19.693714285714286
1710547200,19.633,19.829,17.806,18.115,6655371.41,7654507.853499977,12.935289999999998,18.420000000000005,19.79642857142857
1710633600,18.114,18.832,17.383,18.666,5308088.19,7697201.975499977,13.004589999999999,18.542120000000004,19.927809523809522
1710720000,18.666,19.494,18.043,18.301,7337983.8,7822914.3744999785,13.081229999999998,18.671140000000005,20.008523809523805
1710806400,18.3,18.462,16.5,16.805,11140933.14,7704054.937499976,13.157195,18.803880000000003,19.988619047619043
1710892800,16.804,18.5,16.244,18.412,8681676.8,7734000.610999977,13.230644999999999,18.921600000000005,19.985952380952376
1710979200,18.413,18.919,17.874,18.458,5074727.17,7785002.420999977,13.304369999999999,19.000160000000005,19.94871428571428
1711065600,18.458,18.584,17.325,18.367,4407460.12000001,7617154.778499978,13.378619999999998,19.086580000000005,19.843095238095234
1711152000,18.367,18.47,17.89,18.063,2509664.7,7459122.3109999765,13.446864999999997,19.163,19.794619047619044
1711238400,18.063,18.628,17.97,18.518,1938843.98,7231682.556499975,13.506469999999997,19.199020000000004,19.755761904761897
1711324800,18.519,19.497,18.372,19.375,3415287.99000001,6725182.256499976,13.570174999999997,19.257760000000005,19.675571428571423
1711411200,19.375,20.737,19.331,20.007,5054832.06,6634723.928999976,13.632284999999998,19.318340000000003,19.5167619047619
1711497600,20.007,20.186,19.002,19.289,4359990.06,6617557.993999977,13.686604999999997,19.341880000000003,19.42204761904761
1711584000,19.29,19.808,19.043,19.148,3051983.73,6488927.3739999775,13.748804999999997,19.346580000000003,19.37247619047618
1711670400,19.148,19.294,18.71,18.967,2573526.7,6431907.921499977,13.810959999999998,19.363780000000006,19.421714285714277
1711756800,18.967,19.291,18.783,18.933,2095740.16,6209869.888999977,13.872734999999999,19.388220000000004,19.383809523809514
1711843200,18.932,19.35,18.872,19.171,1590144.42,5626962.796499977,13.932364999999999,19.40508,19.338904761904754
1711929600,19.17,19.275,17.856,18.358,3750501.14,5362286.587499978,13.993445,19.425120000000003,19.304047619047612
1712016000,18.358,18.486,17.366,17.952,6634337.92000001,5433727.001499978,14.058384999999998,19.431740000000005,19.25457142857142
1712102400,17.953,18.337,17.38,17.687,3386259.96,4953936.400999976,14.127019999999998,19.44684,19.135095238095225
1712188800,17.683,18.26,17.395,17.791,2903628.96,4593549.120499976,14.192639999999999,19.456100000000003,18.99609523809523
1712275200,17.79,17.791,16.862,17.325,2837274.08,4402644.253999976,14.258304999999998,19.45784,18.86504761904761
1712361600,17.326,17.676,17.262,17.559,1487887.06,4211634.1974999765,14.323994999999998,19.42208,18.71914285714285
1712448000,17.56,17.973,17.501,17.913,1694095.78,3929439.7964999764,14.388874999999999,19.371820000000003,18.57204761904761
1712534400,17.913,18.677,17.545,18.101,3848266.56,3564806.4674999765,14.45463,19.328160000000004,18.462285714285706
1712620800,18.1,18.181,17.241,17.362,3030395.74999999,3282242.4149999763,14.515664999999998,19.279180000000004,18.435809523809514
1712707200,17.362,17.579,16.801,17.417,3470763.22,3202044.217499976,14.57359,19.227040000000002,18.39995238095237
1712793600,17.417,17.62,17.006,17.555,1923583.47,3077850.3849999756,14.630619999999999,19.1872,18.39042857142856
1712880000,17.554,17.869,13.368,15.156,12185442.13,3561639.256499975,14.688844999999999,19.144820000000003,18.41695238095237
1712966400,15.155,15.398,11.788,13.288,14506798.73000001,4190036.9939999753,14.742635,19.10446,18.36957142857142
1713052800,13.288,14.256,12.717,14.098,10069683.52,4522756.7704999745,14.796199999999999,19.05506,18.32657142857142
1713139200,14.099,14.668,13.222,13.58,7325684.02,4636299.368499974,14.85124,19.017780000000002,18.17366666666666
1713225600,13.582,13.814,12.816,13.46,4853855.31,4660992.630999974,14.908425,18.997,17.946285714285704
1713312000,13.459,13.608,12.718,13.133,4828560.16,4749821.452499974,14.960445,18.937700000000003,17.735809523809515
1713398400,13.132,13.984,12.815,13.887,3966318.25999999,4819461.030499973,15.011585,18.84476,17.459857142857135
1713484800,13.888,14.119,12.742,13.946,6021268.15000001,5015737.429999974,15.0645,18.75606,17.148095238095227
1713571200,13.945,15.037,13.746,14.959,3117853.08999999,5092122.863499973,15.10281,18.65322,16.854952380952373
1713657600,14.958,15.178,14.527,15.105,2115579.19,5010376.765999973,15.132470000000001,18.54076,16.604428571428564
1713744000,15.105,16.039,15.012,15.445,4323797.19,4894849.7294999715,15.164735,18.422960000000003,16.365333333333325
1713830400,15.445,15.572,15.098,15.178,2579511.45,4854512.3039999725,15.193600000000002,18.3121,16.17609523809523
1713916800,15.178,15.638,14.361,14.536,4135836.88,4916122.699999972,15.221170000000003,18.20554,15.98247619047618
1714003200,14.536,14.902,14.352,14.593,3431332.32,4945825.611999972,15.245880000000001,18.1037,15.843761904761894
1714089600,14.594,14.934,14.348,14.49,2739843.04,5008423.410999972,15.275045,17.97784,15.711666666666655
1714176000,14.491,14.525,13.87,14.267,2913028.82,5069370.062999972,15.307425,17.8766,15.561619047619036
1714262400,14.267,14.443,13.729,13.809,1626015.75,4958257.522499972,15.345175000000001,17.77184,15.40933333333332
1714348800,13.809,14.186,13.714,14.074,2244207.74,4918948.1219999725,15.382330000000001,17.6831,15.27433333333332
1714435200,14.075,14.207,12.768,13.129,3667884.32,4928804.176999972,15.422230000000003,17.57326,15.117571428571418
1714521600,13.128,13.506,12.35,13.347,4938418.64000001,5079545.935499973,15.459925,17.46124,14.922142857142846
1714608000,13.348,13.776,12.926,13.59,2408170.3,4590682.343999973,15.494985000000002,17.3526,14.730380952380942
1714694400,13.59,14.2,13.459,14.093,2185366.29,3974610.721999973,15.529585000000003,17.22934,14.528809523809514
1714780800,14.093,14.48,13.973,14.316,2150934.56,3578673.273999973,15.565655000000001,17.07722,14.33499999999999
1714867200,14.317,14.662,14.11,14.371,1494724.41,3287125.2934999736,15.600695,16.91426,14.146190476190467
1714953600,14.371,15.165,14.277,14.484,3244647.01,3206664.878499973,15.632785000000002,16.76712,14.095571428571422
1715040000,14.484,14.725,13.963,13.997,2558935.56,3093183.648499973,15.66717,16.623900000000003,14.144523809523802
1715126400,13.997,14.121,13.689,13.9,2688746.46,3029305.0584999737,15.696535,16.48816,14.157523809523804
1715212800,13.899,14.369,13.842,14.237,2293030.1,2842893.155999973,15.726615000000002,16.381880000000002,14.200571428571422
1715299200,14.237,14.37,13.5,13.564,2824808.84,2828240.9434999735,15.75745,16.307000000000002,14.226142857142852
1715385600,13.565,13.812,13.28,13.306,1322923.76,2788608.1719999732,15.790290000000002,16.22336,14.262666666666659
1715472000,13.306,13.595,13.284,13.559,932004.7,2619018.547499974,15.825270000000003,16.13728,14.279333333333327
1715558400,13.559,13.678,13.076,13.393,2514847.72,2615785.3609999735,15.860345000000002,16.07918,14.261142857142854
1715644800,13.392,13.6,12.933,12.98,2612434.88,2539615.2609999734,15.896245000000004,15.995680000000002,14.182428571428566
1715731200,12.985,13.938,12.84,13.865,2926889.87,2514393.1384999733,15.928380000000002,15.897800000000002,14.10880952380952
1715817600,13.867,15.866,13.537,15.516,7412429.35,2748022.4539999734,15.953310000000002,15.796580000000004,14.011095238095235
1715904000,15.516,16.765,15.478,16.231,9400608.31000001,3072401.428499974,15.973545000000001,15.706500000000004,13.90642857142857
1715990400,16.231,16.567,16.05,16.329,3328563.95000001,3157528.8384999745,15.988480000000003,15.604000000000001,13.874476190476189
1716076800,16.33,17.136,16.3,16.56,4967635.45999999,3293700.2244999735,16.00315,15.476100000000004,13.91842857142857
1716163200,16.56,17.46,16.362,17.262,6577697.91999999,3439190.904499973,16.015655000000002,15.353260000000002,14.001333333333331
1716249600,17.263,17.439,16.51,16.739,5456936.21999999,3465116.7834999724,16.027980000000003,15.277800000000004,14.099523809523806
1716336000,16.741,16.929,16.148,16.354,4024068.17999999,3545911.6774999723,16.036955,15.219460000000003,14.230523809523808
1716422400,16.352,16.808,15.442,16.596,5766263.23,3724956.5244999724,16.051665,15.166700000000002,14.38233333333333
1716508800,16.596,17.798,16.56,17.25,7298192.05,3982319.398999972,16.073840000000004,15.119240000000005,14.554238095238093
1716595200,17.25,17.472,16.912,17.443,2426265.67,4028896.4619999724,16.098895000000002,15.081060000000004,14.697428571428569
1716681600,17.442,17.915,16.991,17.042,3214720.65,4027400.1439999724,16.123775000000002,15.048680000000004,14.840571428571426
1716768000,17.042,18.867,16.878,18.786,5638537.81,4181380.256499972,16.148385000000005,15.016720000000005,14.990904761904758
1716854400,18.791,18.838,17.847,18.528,5603881.79,4327137.022999973,16.179660000000002,14.994900000000005,15.13980952380952
1716940800,18.539,19.22,18.036,18.453,4377221.2,4431346.577999974,16.206055000000003,14.984080000000004,15.266999999999996
1717027200,18.453,19.207,17.781,17.944,3752099.99,4477711.135499973,16.230345000000003,14.986440000000002,15.47185714285714
1717113600,17.943,18.74,17.461,18.414,3063262.06,4564728.050499973,16.25217,14.976100000000004,15.687619047619044
1717200000,18.411,18.686,18.266,18.443,1410910.67,4588673.348999972,16.273500000000002,14.993560000000002,15.904428571428568
1717286400,18.442,18.566,18.072,18.143,1523835.06,4539122.715999973,16.295515,15.002100000000002,16.08095238095238
1717372800,18.142,18.359,17.539,17.629,2446283,4530815.121999973,16.306130000000003,15.023920000000002,16.31190476190476
1717459200,17.629,17.852,17.474,17.716,1872549.09,4478098.082999973,16.327045000000002,15.034460000000003,16.556523809523807
1717545600,17.716,18.082,17.6,17.741,2229505.03,4218951.866999974,16.34222,15.051640000000004,16.774809523809523
1717632000,17.743,17.776,17.102,17.248,2933861.04,3895614.5034999736,16.352100000000004,15.117380000000002,16.97652380952381
1717718400,17.248,17.722,15.3,16.318,4192706.62,3938821.6369999736,16.361695,15.214480000000004,17.20204761904762
1717804800,16.319,16.421,15.682,15.928,1915926.5,3786236.188999974,16.381975,15.285100000000002,17.386619047619046
1717891200,15.929,16.383,15.901,16.372,1099628.14,3512332.6999999746,16.404465000000002,15.367820000000004,17.46909523809524
1717977600,16.371,16.39,15.76,15.905,1775765.43,3328274.160499975,16.420045000000002,15.453440000000006,17.47323809523809
1718064000,15.906,15.913,14.662,14.988,3486215.88,3301381.545499976,16.438860000000002,15.535740000000006,17.454142857142855
1718150400,14.987,16.236,14.73,16.006,3534449.74,3189790.870999976,16.458930000000002,15.584360000000004,17.445190476190476
1718236800,16.007,16.05,15.052,15.141,2308110.11,2940286.773999976,16.478885000000002,15.624000000000002,17.380571428571425
1718323200,15.139,15.462,14.469,14.744,2962457.3,2967096.355499976,16.490585000000003,15.652260000000002,17.297190476190472
1718409600,14.745,15.113,14.702,14.857,1563299.76,2884525.3109999755,16.499790000000004,15.668260000000002,17.280619047619048
1718496000,14.859,15.23,14.57,15.144,1514250,2678310.920499976,16.512635000000003,15.65912,17.21133333333333
1718582400,15.141,15.22,14.017,14.523,2994665.1,2547850.085999976,16.523434999999996,15.67568,17.092
1718668800,14.522,14.62,12.931,13.986,5575818.39000001,2607779.945499976,16.530969999999996,15.68778,16.96885714285714
1718755200,13.986,14.503,13.913,14.345,2075689.63,2523959.427499976,16.533499999999993,15.6908,16.87847619047619
1718841600,14.346,14.86,14.192,14.255,1908530.59,2466222.853999976,16.539719999999992,15.69814,16.67547619047619
1718928000,14.26,14.595,13.844,13.848,3109887.06,2551171.6734999763,16.541594999999994,15.715680000000003,16.45919047619047
1719014400,13.849,13.912,13.468,13.482,1389556.99,2544457.7699999763,16.544384999999995,15.72996,16.263571428571428
1719100800,13.483,13.685,13.123,13.194,1460540.28,2495170.6339999763,16.546064999999995,15.7282,16.08790476190476
1719187200,13.194,13.689,12.63,13.617,3776245.24,2590355.441499976,16.549229999999994,15.752519999999999,15.87047619047619
1719273600,13.617,14.291,13.571,14.198,2163785.76,2587069.477999976,16.549784999999996,15.77068,15.634238095238093
1719360000,14.197,14.293,13.857,13.915,1473178.38,2514035.344999976,16.544774999999994,15.775839999999999,15.39857142857143
1719446400,13.917,14.63,13.585,14.433,2616406.14,2435220.3209999762,16.536539999999995,15.763619999999998,15.20752380952381
1719532800,14.432,14.6,13.757,13.778,2211079.82,2449977.9869999764,16.529289999999992,15.74118,15.040000000000001
1719619200,13.777,14.167,13.481,13.543,1485231.67,2469258.1634999765,16.519464999999997,15.726099999999999,14.857809523809525
1719705600,13.544,14.35,13.451,14.281,1645240.48,2462731.915999976,16.508229999999994,15.720379999999999,14.723761904761906
1719792000,14.279,14.579,14.22,14.338,1755091.25,2376175.684499976,16.497859999999992,15.718739999999999,14.602809523809523
1719878400,14.338,14.754,14.245,14.415,2151743.28,2307040.361499976,16.487489999999994,15.729399999999998,14.489238095238095
1719964800,14.413,14.596,13.5,13.589,3543779.54,2368823.832999976,16.473854999999993,15.72022,14.389666666666667
1720051200,13.59,13.739,12.512,12.538,4607993.13,2451100.624499976,16.462449999999993,15.7198,14.315047619047622
1720137600,12.539,12.549,11.053,12.311,8073983.28999999,2776634.8009999758,16.452779999999994,15.739299999999998,14.287761904761904
1720224000,12.312,13.283,12.187,13.18,1887193.74,2795281.987999976,16.447829999999993,15.754879999999998,14.172666666666668
1720310400,13.18,13.195,12.289,12.352,1659445.12,2728520.988999976,16.442929999999993,15.775319999999999,14.048714285714286
1720396800,12.355,13.526,11.772,13.121,3902970.7,2644878.6044999757,16.440484999999995,15.7875,13.932857142857145
1720483200,13.119,13.316,12.73,12.841,3025500.29,2692369.1374999755,16.43532499999999,15.760959999999997,13.853
1720569600,12.841,13.168,12.69,12.79,2316344.53,2712759.834499975,16.435994999999995,15.696859999999997,13.720047619047621
1720656000,12.791,13.191,12.291,12.347,2913398.11,2702935.386999975,16.432339999999993,15.635839999999998,13.653285714285717
1720742400,12.343,12.829,12.228,12.74,3147280.64000001,2790821.5694999755,16.424964999999993,15.556299999999998,13.598761904761908
1720828800,12.743,13.136,12.7,13.021,1843029.13,2809946.0119999754,16.41314999999999,15.487519999999996,13.524714285714285
1720915200,13.019,13.527,12.889,13.448,2749845.4,2758626.0199999753,16.40854999999999,15.399099999999997,13.433857142857143
1721001600,13.448,14.511,13.405,14.394,3174140.86,2809143.774999975,16.39904499999999,15.320119999999998,13.381095238095238
1721088000,14.399,14.622,13.814,14.206,3371919.53999999,2904080.832999975,16.38812499999999,15.239979999999996,13.359142857142858
1721174400,14.208,14.504,13.73,13.737,2632485.26,2904884.7889999747,16.37493499999999,15.162859999999998,13.371238095238095
1721260800,13.737,14.003,13.414,13.593,2447987.26,2916730.1609999747,16.360474999999994,15.078279999999998,13.408238095238094
1721347200,13.592,14.139,13.335,14.076,2608696.21,2972903.3879999747,16.345899999999993,14.998379999999997,13.408619047619048
1721433600,14.076,14.333,13.849,14.247,1546995.05,2967991.1164999744,16.33167499999999,14.945419999999997,13.400142857142859
1721520000,14.246,15.196,13.944,14.816,3427519.11,3051612.5094999745,16.321319999999993,14.853819999999995,13.36014285714286
1721606400,14.817,14.881,13.78,13.93,1647419.89,3026396.3399999747,16.30501499999999,14.757999999999997,13.374333333333333
1721692800,13.93,14.17,13.494,13.91,1421942.97,2920304.5114999744,16.29695999999999,14.660799999999997,13.407857142857143
1721779200,13.9,13.96,13.25,13.4,1256030.46,2752706.3779999744,16.29028999999999,14.583439999999998,13.433333333333332
1721865600,13.41,13.45,12.47,12.94,1885396.08,2443277.017499975,16.283139999999992,14.500099999999998,13.41390476190476
1721952000,12.93,13.64,12.91,13.53,1174587.03,2407646.681999975,16.27639999999999,14.427559999999996,13.389857142857144
1722038400,13.53,13.88,13.26,13.54,1460433.56,2397696.103999975,16.269039999999993,14.343299999999997,13.380857142857142
1722124800,13.55,13.65,13.19,13.3,705440.02,2237819.569999975,16.26444499999999,14.268919999999996,13.399999999999999
1722211200,13.3,13.91,13.3,13.53,1524616.75,2162775.392999975,16.267784999999993,14.182599999999995,13.45804761904762
1722297600,13.53,13.8,12.98,13.14,1362496.85,2115083.008999975,16.264804999999992,14.086579999999996,13.475190476190475
1722384000,13.13,13.42,12.768,12.83,1497800.16,2044303.111499975,16.263899999999992,14.012219999999997,13.520333333333335
1722470400,12.82,13.1,12.12,12.88,1870585.71,1980468.3649999746,16.263719999999992,13.956659999999998,13.539809523809524
1722556800,12.88,12.96,11.76,11.93,2658270.91,2021230.4539999745,16.26266499999999,13.904099999999996,13.554047619047621
1722643200,11.92,12.14,11.34,11.68,1748000.69,1971138.2184999746,16.25961999999999,13.847259999999997,13.555952380952384
1722729600,11.69,11.79,10.48,10.88,2457740.26,1935318.1884999746,16.258739999999992,13.79196,13.581333333333337
1722816000,10.88,10.97,8.08,9.49,17206780.71999999,2627061.2474999744,16.24987999999999,13.7488,13.542761904761907
1722902400,9.49,10.7,9.47,10.07,3797828.71,2685328.419999975,16.242419999999992,13.68628,13.478904761904765
1722988800,10.06,10.49,9.39,9.48,2916617.05,2708759.9094999745,16.237364999999993,13.62206,13.356619047619052
1723075200,9.49,10.84,9.34,10.75,2764327.55,2716541.4764999743,16.22978999999999,13.56078,13.123095238095242
1723161600,10.74,10.75,10.16,10.53,1744241.58,2726403.802999974,16.220414999999992,13.481239999999998,12.92614285714286
1723248000,10.53,10.71,10.47,10.55,971316.1,2603593.6524999747,16.20413999999999,13.36816,12.723428571428574
1723334400,10.56,10.84,9.94,10,1547361.69,2598590.7424999746,16.18618499999999,13.279099999999998,12.588047619047623
1723420800,10,10.75,9.94,10.56,2572403.11,2656113.7494999743,16.161779999999993,13.188979999999999,12.41919047619048
1723507200,10.55,10.69,10.09,10.58,1953151.78,2690969.8154999744,16.13593999999999,13.117079999999998,12.24314285714286
1723593600,10.58,10.74,10.21,10.39,1606087.78,2677004.4004999744,16.10569999999999,13.042579999999997,12.013809523809527
1723680000,10.39,10.69,9.98,10.17,2065975.02,2721573.7999999747,16.074194999999992,12.976619999999999,11.853333333333335
1723766400,10.17,10.4,9.91,10.12,1412866.98,2719195.4709999743,16.05096499999999,12.906979999999999,11.694761904761908
1723852800,10.13,10.18,10.03,10.16,660305.04,2716938.721999974,16.030624999999993,12.854299999999999,11.551428571428573
1723939200,10.16,10.48,10.06,10.09,1294898.35,2705452.801999974,16.011874999999993,12.793559999999998,11.419523809523813
1724025600,10.09,10.2,9.94,10.19,1446198.29,2709637.873999974,15.990659999999991,12.717399999999998,11.257142857142858
1724112000,10.19,10.55,10.04,10.23,1584395.02,2713967.6169999745,15.97473999999999,12.6425,11.096190476190477
1724198400,10.24,11.4,10.14,11.22,2603911.22,2750633.8924999745,15.95670499999999,12.55624,10.943333333333335
1724284800,11.21,11.62,11.14,11.48,2372692.02,2736354.9479999747,15.936929999999991,12.483880000000001,10.784285714285716
1724371200,11.48,12.21,11.45,12.05,2511841.64,2774546.995499975,15.915379999999992,12.414820000000002,10.645714285714288
1724457600,12.06,12.56,11.9,12.35,1890917.97,2746205.880999975,15.89095999999999,12.333000000000002,10.569047619047621
1724544000,12.34,12.39,11.94,12.1,1680258.12,1969879.7509999753,15.864384999999992,12.250840000000004,10.502380952380957
1724630400,12.1,12.7,11.83,11.83,2726249.26,1916300.778499975,15.837689999999991,12.186940000000003,10.508095238095242
1724716800,11.83,12.06,10.9,11.16,2512859.8,1896112.915999975,15.802689999999991,12.144760000000003,10.540000000000004
1724803200,11.15,11.71,10.93,11.17,2391451.06,1877469.0914999754,15.76469999999999,12.135000000000005,10.598095238095244
1724889600,11.17,11.47,10.81,10.94,1488137.35,1864663.8799999754,15.73250999999999,12.135780000000006,10.709523809523814
1724976000,10.94,11.2,10.5,11.11,1605908.27,1896393.4884999755,15.699144999999993,12.114180000000006,10.761428571428576
1725062400,11.12,11.21,10.93,11.02,762838.01,1857167.3044999756,15.663574999999994,12.103740000000005,10.841904761904768
1725148800,11.02,11.02,10.23,10.37,1509016.4,1803997.9689999756,15.633889999999992,12.064520000000005,10.850952380952386
1725235200,10.37,10.84,10.32,10.77,1315079.57,1772094.3584999754,15.600304999999993,12.031100000000004,10.878571428571433
1725321600,10.77,10.88,10.21,10.31,1596734.24,1771626.6814999755,15.568394999999994,11.994100000000005,10.900952380952385
1725408000,10.32,10.5,9.82,10.34,2274543.36,1782055.0984999756,15.531844999999993,11.969360000000004,10.918571428571433
1725494400,10.33,10.4,9.91,10.03,1234400.81,1773131.789999976,15.492274999999992,11.934960000000006,10.928571428571432
1725580800,10.03,10.18,9.28,9.57,2726820.88,1876457.5819999762,15.446244999999992,11.881940000000004,10.915714285714289
1725667200,9.58,10.16,9.56,10.03,1343150.05,1878870.166999976,15.399469999999992,11.828380000000005,10.913333333333336
1725753600,10.03,10.46,9.97,10.35,1350353.58,1874077.931499976,15.35521999999999,11.746700000000002,10.90666666666667
1725840000,10.35,10.83,10.27,10.53,2536489.74,1921682.6674999758,15.305869999999993,11.669380000000004,10.880476190476193
1725926400,10.54,10.74,10.33,10.58,1474504.71,1865212.341999976,15.260059999999992,11.595240000000004,10.874285714285715
1726012800,10.58,10.6,10.17,10.4,1527678.77,1822961.6794999759,15.213854999999992,11.514780000000004,10.88666666666667
1726099200,10.39,10.81,10.39,10.78,1446798.84,1769709.5394999762,15.165394999999991,11.433860000000005,10.902857142857144
1726185600,10.79,11.56,10.64,11.45,2956943.65,1823010.8234999762,15.114949999999991,11.355920000000005,10.919523809523811
1726272000,11.45,11.48,11.21,11.29,1145891.32,1796292.4834999763,15.063639999999994,11.270200000000006,10.880476190476193
1726358400,11.3,11.36,10.79,10.81,1228933.57,1721426.6989999763,15.017384999999996,11.203200000000006,10.847142857142858
1726444800,10.81,10.83,10.41,10.54,1891935.14,1690380.4659999763,14.976164999999991,11.133000000000006,10.81857142857143
1726531200,10.54,10.92,10.43,10.63,1812776.35,1661446.7304999763,14.938209999999993,11.080600000000006,10.768095238095238
1726617600,10.63,10.9,10.29,10.89,1980319.05,1686055.8154999763,14.901434999999992,11.050800000000006,10.706666666666667
1726704000,10.9,11.4,10.9,11.21,2838273.01,1747674.0524999765,14.860769999999993,11.006000000000007,10.645238095238094
1726790400,11.21,11.74,11.12,11.44,2711552.14999999,1845109.759499976,14.821059999999994,10.951400000000008,10.620000000000001
1726876800,11.44,11.55,11.21,11.5,1321660.74,1835741.9764999761,14.782894999999991,10.896200000000007,10.606666666666667
1726963200,11.5,11.55,10.84,11.13,1594550.09,1849715.5024999764,14.744229999999993,10.838200000000008,10.619523809523809
1727049600,11.12,11.61,10.92,11.39,2250270.71,1882392.3259999764,14.701129999999994,10.793200000000006,10.635238095238094
1727136000,11.4,12.23,11.2,12.15,2854159.21,1911373.1184999763,14.657459999999991,10.760800000000007,10.658095238095237
1727222400,12.15,12.56,12.06,12.11,2605279.51,1979917.0534999762,14.610354999999993,10.732000000000006,10.694285714285716
1727308800,12.11,12.75,11.87,12.56,3111496.33,1999150.825999976,14.557814999999994,10.723400000000009,10.723809523809523
1727395200,12.56,12.88,12.44,12.67,2804745.60000001,2072230.6034999765,14.511329999999992,10.712400000000008,10.811428571428571
1727481600,12.66,12.98,12.36,12.95,2187458.11,2114085.829999977,14.466449999999993,10.722600000000007,10.895714285714284
1727568000,12.95,12.98,12.43,12.46,1484031.12,2061462.8989999765,14.429084999999993,10.77580000000001,11.016190476190477
1727654400,12.47,12.48,11.75,11.85,2055007.13,2090488.0199999765,14.384309999999994,10.816600000000008,11.163809523809524
1727740800,11.85,12.26,10.84,11.01,4149387.7,2221573.4664999763,14.340804999999994,10.878200000000009,11.302857142857142
1727827200,11.01,11.31,10.45,10.66,3135603.43,2306013.6959999762,14.303059999999991,10.916600000000008,11.403333333333332
1727913600,10.65,10.87,10.34,10.66,2609545.82,2288643.8044999763,14.263749999999993,10.965000000000007,11.466190476190475
1728000000,10.66,11.25,10.59,11.08,2180620.51,2340380.263999976,14.218149999999994,11.003200000000009,11.486666666666665
1728086400,11.08,11.38,10.98,11.27,1206500.32,2339258.601499976,14.175114999999995,11.040200000000006,11.49904761904762
1728172800,11.27,11.4,11.16,11.27,1438654.89,2316594.5889999764,14.136344999999992,11.049200000000008,11.493333333333332
1728259200,11.28,11.76,11.12,11.16,2903675.63,2371139.552999976,14.094889999999994,11.050800000000008,11.475714285714284
1728345600,11.16,11.29,10.78,10.82,2511775.1,2397712.3554999763,14.049739999999993,11.056200000000008,11.474761904761904
1728432000,10.83,10.97,10.41,10.53,2572154.31,2384406.4204999767,14.00663999999999,11.074400000000008,11.496666666666666
1728518400,10.54,10.75,10.25,10.56,2311977.76,2364427.700999977,13.969364999999991,11.097400000000007,11.526190476190475
1728604800,10.55,11.03,10.5,10.91,1729530.83,2384821.205499977,13.929334999999995,11.119600000000009,11.535238095238094
1728691200,10.9,11.15,10.83,11.01,1409186.28,2375553.014999977,13.893229999999992,11.141000000000009,11.518095238095238
1728777600,11,11.08,10.62,10.75,1465344.52,2336306.705499977,13.865554999999993,11.153600000000008,11.487142857142857
1728864000,10.75,11.35,10.6,11.28,2770179.29,2332107.7094999766,13.829844999999994,11.159600000000006,11.461904761904762
1728950400,11.29,11.7,10.93,11.45,4806201.64999999,2442153.8164999764,13.793354999999993,11.146400000000007,11.438571428571427
1729036800,11.45,11.54,11.06,11.24,2177488.42,2395453.420999977,13.755619999999995,11.135000000000007,11.42047619047619
1729123200,11.25,11.35,10.85,11.03,1843237.65,2347378.023499976,13.717954999999995,11.114200000000007,11.415238095238093
1729209600,11.03,11.51,10.98,11.48,2177797.1,2346894.972999976,13.678164999999995,11.082200000000007,11.38190476190476
1729296000,11.48,11.6,11.29,11.42,1040836.05,2324735.2194999764,13.635839999999996,11.065800000000008,11.34047619047619
1729382400,11.42,12.04,11.27,11.98,2070368.07,2325503.266499976,13.590854999999994,11.058200000000008,11.267619047619046
1729468800,11.98,12.03,11.54,11.71,2142895.94,2225178.6784999757,13.548159999999996,11.05980000000001,11.21095238095238
1729555200,11.7,12.35,11.59,11.97,3746862.50999999,2255741.632499975,13.508819999999996,11.05700000000001,11.138095238095238
1729641600,11.98,12.01,11,11.32,2846227.54,2267575.7184999753,13.471234999999997,11.067800000000009,11.115238095238096
1729728000,11.32,11.65,11.22,11.62,2056184.87,2261353.936499975,13.432769999999996,11.074000000000007,11.108571428571429
1729814400,11.62,12.1,10.8,11.13,4150315.56,2408544.6984999753,13.392064999999995,11.093200000000008,11.154285714285715
1729900800,11.14,11.4,10.82,11.01,2431743.17,2458199.1124999756,13.357674999999995,11.12000000000001,11.185714285714287
1729987200,11.01,11.18,10.84,10.99,1292426.51,2377636.6564999754,13.325014999999997,11.14400000000001,11.231428571428571
1730073600,10.99,11.27,10.71,11.18,2232645.81,2363680.191999975,13.296479999999997,11.16420000000001,11.233809523809525
1730160000,11.19,11.81,11.15,11.8,2413413.41,2355743.146999975,13.266074999999995,11.189800000000009,11.221428571428573
1730246400,11.8,12.45,11.65,12.39,3115047.04,2395896.6109999754,13.239299999999997,11.211800000000007,11.20809523809524
1730332800,12.4,12.47,11.31,11.41,2672404.76999999,2443040.307999975,13.208104999999996,11.240600000000008,11.20904761904762
1730419200,11.41,11.73,11.13,11.25,3095385.47,2527350.267499975,13.176639999999997,11.25980000000001,11.255714285714287
1730505600,11.24,11.4,11.07,11.19,2144981.92,2561332.1374999746,13.141784999999997,11.27640000000001,11.344285714285716
1730592000,11.19,11.24,10.51,10.76,3043948.91999999,2575020.618999974,13.110024999999997,11.301800000000009,11.384761904761907
1730678400,10.75,10.92,10.07,10.26,3285395.24,2498980.2984999744,13.077889999999998,11.338000000000008,11.400952380952383
1730764800,10.25,10.94,10.18,10.83,2451648.01,2512688.2779999743,13.046014999999997,11.35820000000001,11.409523809523812
1730851200,10.84,12.32,10.8,12.17,6021284.14000001,2721590.602499975,13.029234999999996,11.367600000000012,11.410000000000004
1730937600,12.17,12.71,12.06,12.59,4102157.95000001,2817808.6449999753,13.024744999999996,11.362400000000012,11.361428571428574
1731024000,12.59,13.75,12.52,13.69,5862824.36,3058908.0604999755,13.011304999999998,11.351800000000011,11.331904761904765
1731110400,13.69,13.84,13.28,13.78,3227868.58,3116783.0859999754,12.999654999999995,11.340800000000012,11.376190476190478
1731196800,13.78,14.85,13.65,14.25,7213896.18,3370333.097999975,12.988304999999999,11.346600000000015,11.450476190476193
1731283200,14.26,14.94,13.61,14.91,7032175.76,3534598.7604999756,12.976439999999998,11.377400000000014,11.55571428571429
1731369600,14.91,15.34,13.66,13.95,9709186.59999999,3877746.7134999754,12.958304999999998,11.411400000000013,11.66809523809524
1731456000,13.95,14.38,13.05,13.48,7983731.02,4174124.0209999746,12.942724999999998,11.461000000000015,11.776190476190479
1731542400,13.49,13.83,12.8,13,5553257.49,4244271.117499975,12.92878,11.507800000000016,11.92857142857143
1731628800,13,13.9,12.71,13.84,4456308.53000001,4345499.385499975,12.916205,11.562800000000015,12.022857142857147
1731715200,13.84,14.8,13.73,14.52,5856591.00000001,4573707.609999975,12.90743,11.638400000000013,12.12571428571429
1731801600,14.53,14.9,13.56,13.78,4925533.75000001,4708352.006999976,12.900439999999998,11.689600000000015,12.191428571428574
1731888000,13.79,16,13.75,15.26,8507217.52,5013042.212499976,12.899009999999999,11.716200000000015,12.320476190476194
1731974400,15.27,15.43,14.33,14.62,4551823.82,5084881.051499976,12.900595000000001,11.734000000000014,12.48761904761905
1732060800,14.62,15.32,14.03,14.24,5709847.39,5236753.182499977,12.897894999999998,11.759600000000013,12.620476190476195
1732147200,14.24,15.38,13.83,14.89,6056901.95999999,5384829.006999976,12.89396,11.796600000000014,12.814761904761909
1732233600,14.89,16.59,14.72,16.57,10260318.33999999,5790595.8279999755,12.889915,11.813200000000016,12.949047619047622
1732320000,16.57,18.39,16.3,17.38,11533900.71,6215093.417499976,12.888745000000002,11.869200000000014,13.037142857142861
1732406400,17.39,18.34,16.1,17.91,8358817.85,6468764.547999976,12.8957,11.924600000000014,13.202857142857145
1732492800,17.91,19.06,17.14,17.34,10299574.1,6861160.852499975,12.897865000000001,11.989200000000015,13.45619047619048
1732579200,17.34,17.84,16.18,17.34,6811917.35,6900692.512999974,12.906215000000001,12.073800000000015,13.750952380952386
1732665600,17.34,19,16.96,18.66,7273824.08000001,7059275.819499974,12.908850000000003,12.192000000000014,14.091428571428574
1732752000,18.66,18.69,17.48,17.93,4613852.6,6996827.231499973,12.908470000000001,12.318000000000016,14.42857142857143
1732838400,17.94,18.41,17.52,18.24,3855567.29,7028212.1669999715,12.911065,12.450800000000015,14.738571428571431
1732924800,18.25,19.441,17.93,19,5052772.29999999,6920155.97299997,12.921495000000004,12.572200000000016,15.047619047619051
1733011200,19,19.11,18.43,18.92,4149445.38,6776019.453999971,12.938410000000006,12.695800000000018,15.301904761904764
1733097600,18.91,26.9,18.57,25.23,36222747.77000003,8101697.512499973,12.958460000000004,12.852600000000018,15.51857142857143
1733184000,25.22,26.32,22.54,24.09,22028330.36000002,8803927.479499973,12.973975000000005,13.000600000000018,15.767142857142861
1733270400,24.1,26.59,23.6,24.07,14113341.65999998,9231931.687999971,12.992855000000006,13.154200000000017,15.989523809523813
1733356800,24.07,24.82,22.41,23.15,9709163.86000002,9494574.454499971,13.019625000000005,13.316000000000017,16.480952380952385
1733443200,23.15,25.94,22.75,25.87,8541586.87,9628824.247999972,13.041480000000005,13.474200000000017,16.963809523809527
1733529600,25.88,26.89,24.44,24.79,6873804.41999999,9726237.78149997,13.065715000000006,13.763800000000018,17.46809523809524
1733616000,24.79,27.41,24.68,26.09,9422038.91000001,9771978.85099997,13.095815000000007,14.020000000000016,17.951428571428572
1733702400,26.09,27.36,19.56,22.25,19183245.38000001,10503549.928999972,13.121090000000008,14.272400000000019,18.524285714285718
1733788800,22.24,23.78,20.27,22.12,15548546.64999997,10995484.891999971,13.169660000000007,14.510600000000018,19.01333333333334
1733875200,22.11,24.33,21.14,24.07,7801029.71000001,11082691.279499974,13.20895500000001,14.807400000000019,19.59952380952381
1733961600,24.06,29.45,23.87,29.13,21001352.82000001,11619743.003499974,13.24766000000001,15.073600000000017,19.932380952380953
1734048000,29.14,30.94,27.53,28.99,14381820.64,11762138.999999974,13.28061000000001,15.367000000000019,20.28952380952381
1734134400,28.99,30.77,28.71,29.12,10705069.13000001,11879451.563999975,13.323650000000011,15.572400000000018,20.75761904761905
1734220800,29.13,29.88,28.02,29.26,7150900.76,11722017.896999974,13.36390500000001,15.780600000000018,21.435714285714287
1734307200,29.25,30.85,28.41,28.73,11253244.26999999,11944084.242999975,13.412585000000009,16.02260000000002,22.027142857142856
1734393600,28.74,29.07,27.3,27.86,8162177.00999999,11988501.889499974,13.440855000000008,16.378800000000016,22.586190476190477
1734480000,27.86,28.4,24.72,24.86,10891198.88000001,12302369.203499973,13.465205000000008,16.726200000000016,23.126666666666672
1734566400,24.85,25.61,21.72,22.81,14916127.01,12855397.189499972,13.498340000000008,17.086000000000016,23.66904761904762
1734652800,22.81,23.72,20.02,23.39,13433143.15,13274415.731999975,13.558780000000006,17.451000000000015,24.170000000000005
1734739200,23.4,24.94,21.78,22.13,8748702.92,13504378.608999973,13.609800000000007,17.805800000000016,24.4652380952381
1734825600,22.14,22.79,21.31,22.08,4483502.54,11917416.34749997,13.662760000000008,18.139400000000013,24.697619047619053
1734912000,22.08,24.97,21.49,24.55,9215196.76,11276759.66749997,13.716795000000008,18.40060000000001,24.94285714285714
1734998400,24.55,25.99,23.54,25.42,8371919.06,10989688.537499972,13.770725000000006,18.609000000000012,25.091904761904765
1735084800,25.43,25.59,24.15,24.44,4716973.49,10740079.018999971,13.817955000000008,18.848600000000012,25.242380952380955
1735171200,24.44,24.7,22.42,22.68,4244868.44,10525243.09749997,13.85004000000001,19.066200000000013,25.210000000000004
1735257600,22.68,23.67,21.37,21.57,5144826.15999999,10438794.184499972,13.87337500000001,19.28400000000001,25.273333333333333
1735344000,21.56,22.38,21.06,21.99,4644178.39,10199901.158499971,13.90218000000001,19.55980000000001,25.290952380952383
1735430400,21.99,22.02,20.77,20.96,2537973.93,9367637.585999971,13.924250000000008,19.86300000000001,25.268571428571427
1735516800,20.96,21.83,20.09,20.58,4524110.74,8816415.790499974,13.945945000000009,20.13520000000001,25.063809523809525
1735603200,20.57,21.2,19.82,20.01,4498063.99999999,8651267.504999973,13.982455000000009,20.345400000000012,24.930476190476195
1735689600,20.02,21.86,19.67,21.73,4784506.5,7840425.188999971,14.027965000000009,20.52500000000001,24.68619047619048
1735776000,21.73,22.91,21.72,22.07,5942889.47999999,7418478.630999972,14.070525000000009,20.691000000000013,24.606666666666666
1735862400,22.07,23.9,21.63,23.48,6281911.66,7197320.7574999705,14.102065000000009,20.83460000000001,24.506190476190476
1735948800,23.48,24.05,22.87,23.6,3449453.99,7012248.418999972,14.130390000000009,20.961200000000012,24.394761904761907
1736035200,23.6,23.83,22.85,23.58,2516610.67,6575416.738999972,14.165400000000009,21.06320000000001,24.05857142857143
1736121600,23.58,24.78,23.01,23.83,5871853.90000001,6460900.583499973,14.190170000000009,21.21880000000001,23.79619047619048
1736208000,23.83,23.84,21.18,21.38,7603584.68,6296519.873499972,14.217365000000008,21.39060000000001,23.53333333333333
1736294400,21.39,21.73,19.59,20.44,6791105.29,5890268.787499972,14.24369500000001,21.600200000000015,23.262857142857143
1736380800,20.44,20.73,19.14,19.65,5470102.72000001,5492116.765999972,14.278060000000009,21.795400000000015,23.029523809523806
1736467200,19.64,20.54,19.53,20.24,5079025.48,5308632.893999972,14.312690000000009,21.976600000000012,22.720952380952376
1736553600,20.25,20.69,19.81,20.21,2575892.75,5213252.404499972,14.357475000000008,22.177600000000012,22.51047619047619
1736640000,20.21,20.34,19.59,19.84,2354200.64,4870202.598499971,14.405545000000007,22.300000000000008,22.359999999999996
1736726400,19.85,20.44,17.83,19.35,8929572.71999999,4898085.281499971,14.451720000000007,22.416400000000014,22.209999999999997
1736812800,19.36,20.51,19.25,20.32,4234979.71,4873985.59249997,14.499595000000006,22.52460000000001,22.118571428571425
1736899200,20.33,22.15,20.1,22.1,7193382.93,5021411.31699997,14.537255000000005,22.631600000000006,22.01190476190476
1736985600,22.1,23.78,21.3,23.03,8100341.73999999,5169187.09599997,14.572045000000005,22.70440000000001,21.764285714285712
1737072000,23.03,25.23,23.02,25.09,5333944.45999999,5203675.39949997,14.604325000000006,22.75360000000001,21.521428571428572
1737158400,25.1,25.67,23.37,24.12,7180885.24000001,5435820.96499997,14.637440000000005,22.78240000000001,21.409999999999997
1737244800,24.12,26.71,22.19,24.34,18510171.54,6135124.00499997,14.667500000000008,22.842000000000013,21.426666666666666
1737331200,24.34,26.94,23.4,25.09,21688921.29000001,6994666.869499971,14.697125000000007,22.93720000000001,21.59428571428571
1737417600,25.08,27.09,23.68,26.67,10509727.17,7280927.90299997,14.721710000000007,23.02460000000001,21.695714285714285
1737504000,26.67,27.21,25.13,25.3,4298632.85,7198715.071499971,14.754420000000007,23.167800000000007,21.856666666666666
1737590400,25.29,26.25,23.98,25.65,6658261.17,7217532.54699997,14.797205000000009,23.28540000000001,22.071428571428573
1737676800,25.66,26.44,24.86,25.18,4571970.71,7273658.38299997,14.84095000000001,23.392200000000006,22.38857142857143
1737763200,25.17,25.44,24.68,24.93,2767936.88,7286224.69349997,14.894710000000009,23.51560000000001,22.55857142857143
1737849600,24.93,26.39,24.86,24.88,3530502.68,7169157.1324999705,14.943235000000008,23.54440000000001,22.72904761904762
1737936000,24.88,25.14,22.18,24.21,9451690.73999999,7261562.435499969,14.99699000000001,23.56860000000001,22.81
1738022400,24.22,24.66,22.36,22.61,4338921.76,7138953.258999969,15.059750000000008,23.600200000000008,22.87333333333333
1738108800,22.62,24.45,22.32,23.66,5429195.02,7136907.87399997,15.13154500000001,23.64080000000001,22.935238095238095
1738195200,23.66,25.21,23.41,24.46,4138779.01,7089895.55049997,15.192145000000009,23.62200000000001,22.953333333333333
1738281600,24.46,26.4,24.12,25.17,5624198.46000001,7242310.83599997,15.258635000000009,23.62380000000001,23.01190476190476
1738368000,25.16,25.99,22.76,22.98,4595841.04,7354392.855999971,15.318930000000007,23.586200000000012,23.165238095238095
1738454400,22.98,23.33,19.29,20.46,12557348.55999999,7535781.64799997,15.379375000000008,23.59340000000001,23.39428571428571
1738540800,20.47,22.05,15.4,21.64,31291131.82999998,8888589.253999969,15.43982500000001,23.62420000000001,23.629047619047615
1738627200,21.64,21.71,19.32,19.97,10301205.02000002,9043980.35849997,15.49914000000001,23.632000000000012,23.76095238095238
1738713600,19.98,20.27,18.96,19.19,5964659.67,8937196.25499997,15.548490000000008,23.552800000000012,23.790476190476188
1738800000,19.19,19.94,18.41,18.58,4582527.29,8899625.39649997,15.601685000000009,23.43260000000001,23.899523809523807
1738886400,18.59,19.86,17.79,18.39,5908194.92999999,8835990.88099997,15.656745000000008,23.25940000000001,23.88285714285714
1738972800,18.39,18.63,17.87,18.45,2487416.07,8034853.107499969,15.710625000000007,23.107000000000014,23.744285714285713
1739059200,18.44,19,17.44,18.26,3353841.91,7118099.138499968,15.754495000000006,22.931800000000013,23.53238095238095
1739145600,18.26,19.13,17.67,18.81,3713087.79,6778267.169499968,15.788110000000007,22.75840000000001,23.213333333333328
1739232000,18.8,19.79,18.22,18.66,4263524.03,6776511.728499969,15.828345000000008,22.63280000000001,22.943333333333328
1739318400,18.65,19.51,17.64,19.2,5633560.51999999,6725276.695999968,15.857815000000008,22.544400000000014,22.65380952380952
1739404800,19.2,19.34,18.18,18.56,2549414.88,6624148.9044999685,15.882530000000008,22.445600000000013,22.3547619047619
1739491200,18.56,19.84,18.45,19.38,3273627.94,6649433.457499968,15.901350000000011,22.368200000000016,21.97333333333333
1739577600,19.39,19.67,18.73,18.99,1679060.06,6556861.326499968,15.923650000000011,22.302800000000016,21.682857142857138
1739664000,19,19.26,18.56,18.69,1828935.06000001,6175723.542499969,15.946350000000011,22.185000000000013,21.34523809523809
1739750400,18.7,19.8,18.36,19.12,3643081.5,6140931.5294999685,15.97065000000001,22.06060000000001,21.069047619047613
1739836800,19.12,19.2,17.28,17.88,4505341.14,6094738.835499969,16.00000000000001,21.943000000000012,20.78619047619047
1739923200,17.88,18.21,17.44,17.98,2675151.19,6021557.444499969,16.025650000000013,21.877000000000013,20.491428571428568
1740009600,17.98,18.48,17.81,18.28,2731996.9,5876947.366499969,16.05395000000001,21.82540000000001,20.249047619047616
1740096000,18.28,19.06,17.12,17.43,4587895.37,5876550.082999969,16.080250000000014,21.75940000000001,20.023809523809522
1740182400,17.43,18.03,17.3,17.76,2055640.23,5351464.66649997,16.10950000000001,21.72260000000001,19.75333333333333
1740268800,17.76,18.13,17.42,17.62,1720018.44,3872908.99699997,16.138750000000012,21.668600000000005,19.459047619047617
1740355200,17.62,17.75,14.97,15.26,5293023.88,3622499.9399999687,16.168050000000008,21.628000000000007,19.09047619047619
1740441600,15.26,15.59,14.02,15.31,10228092.27,3835671.569999968,16.19925000000001,21.559000000000005,18.84190476190476
1740528000,15.31,15.78,14.67,15.26,6144417.14,3913766.062499968,16.22900000000001,21.466200000000008,18.706666666666663
1740614400,15.26,15.78,14.78,15.1,3366542.39,3786683.4354999685,16.260500000000008,21.351800000000008,18.40285714285714
1740700800,15.11,15.2,13.45,14.81,6722597.01,3998442.482499969,16.29750000000001,21.232200000000006,18.18095238095238
1740787200,14.81,15.14,14.22,14.75,2768879.74,3969194.373999969,16.33720000000001,21.065800000000003,17.99380952380952
1740873600,14.75,17.55,14.4,17.42,7915106.42,4179295.3054999686,16.375650000000007,20.8954,17.828095238095234
1740960000,17.42,17.49,14.36,14.46,8257408.33,4378989.520499969,16.41635000000001,20.773000000000003,17.657619047619043
1741046400,14.46,15.36,13.08,14.86,10326427.49,4613632.868999968,16.438900000000004,20.666200000000003,17.481428571428566
1741132800,14.87,16.59,14.63,16.43,8116733.84000001,4891998.816999969,16.462800000000005,20.569400000000005,17.441428571428567
1741219200,16.43,17.67,16.37,17.06,8697077.04000001,5163171.271999969,16.486350000000005,20.459600000000002,17.23428571428571
1741305600,17.06,17.54,15.73,15.94,10299090.47,5594172.792499969,16.511850000000003,20.4038,17.05333333333333
1741392000,15.95,16.04,15.13,15.26,3134313.82,5659441.730499968,16.533100000000005,20.296200000000002,16.921428571428567
1741478400,15.27,15.37,13.6,13.81,4248839.69,5689729.639999968,16.553950000000004,20.206400000000002,16.849999999999994
1741564800,13.81,14.57,12.41,12.65,7677019.97,5848313.581499968,16.589100000000002,20.128600000000002,16.686190476190472
1741651200,12.66,13.66,11.85,13.13,10016626.39,6215387.3414999675,16.610550000000003,20.0278,16.508571428571422
1741737600,13.14,13.81,12.64,13.49,6327960.06000001,6395185.499499967,16.63425,19.886000000000003,16.276190476190468
1741824000,13.49,13.6,12.71,13.04,4141753.02,6372878.381999968,16.6656,19.689400000000003,15.968095238095229
1741910400,13.04,14.71,12.99,13.66,12755289.31999999,6907860.836499967,16.700450000000004,19.4832,15.741904761904753
1741996800,13.66,14.25,13.63,14.01,3408277.78999999,6992273.803999966,16.729200000000002,19.2494,15.52809523809523
1742083200,14.02,14.19,13.21,13.37,2780110.54,6866628.136999967,16.754350000000002,19.0102,15.27857142857142
1742169600,13.38,14.24,13.34,14.03,3319483.10999999,6521197.678999966,16.767300000000006,18.7466,15.09904761904761
1742256000,14.03,14.28,13.46,13.91,2922034.36999999,6360078.540499965,16.77315,18.501400000000004,14.920476190476181
1742342400,13.92,15.05,13.77,15.03,5082770.59999999,6445889.950999965,16.778550000000006,18.261600000000005,14.718095238095229
1742428800,15.03,15.17,14.08,14.22,3092914.51,6264405.825999965,16.784250000000004,18.038200000000007,14.6595238095238
1742515200,14.22,14.39,13.82,13.97,1751688.08,6213546.242999965,16.788950000000003,17.807000000000006,14.592857142857135
1742601600,13.96,14.5,13.93,14.25,1474759.41,5891528.892499965,16.798100000000005,17.59000000000001,14.581904761904752
1742688000,14.25,14.5,14.21,14.47,1401116.5,5548714.300999965,16.812350000000002,17.38400000000001,14.539999999999994
1742774400,14.46,15.41,14.16,15.13,3509456.58,5207865.755499965,16.82335,17.232400000000013,14.499999999999995
1742860800,15.13,15.61,14.87,15.44,2220676.76999999,4913062.901999964,16.838800000000003,17.043600000000012,14.476190476190467
1742947200,15.43,16,14.94,15.24,3150903.48,4635754.223999964,16.852800000000002,16.833800000000014,14.335714285714278
1743033600,15.25,15.8,15.17,15.52,2499733.03,4245786.351999965,16.872850000000003,16.61540000000001,14.36761904761904
1743120000,15.53,15.59,14,14.25,3532174.05,4265679.363499965,16.892100000000003,16.445200000000014,14.395238095238089
1743206400,14.25,14.42,13.37,13.55,2413896.58,4173932.2079999647,16.9081,16.33860000000001,14.338571428571422
1743292800,13.56,13.87,13.19,13.41,2061395.48,3893150.983499965,16.9278,16.214600000000008,14.265238095238086
1743379200,13.42,13.72,12.96,13.51,2664605.78,3525549.9529999653,16.94845,16.120000000000008,14.184761904761896
1743465600,13.5,14.4,13.49,14.04,2669710.9,3342637.4949999647,16.973950000000002,16.04660000000001,14.103333333333326
1743552000,14.04,14.4,12.81,12.9,6814389.49000001,3476269.3184999647,17.003300000000003,15.960000000000012,14.084285714285707
1743638400,12.9,13.31,12.3,12.9,5139724.56999999,3095491.0809999644,17.02935,15.863200000000012,14.125238095238089
1743724800,12.9,13.2,12.35,12.94,4559146.69,3153034.5259999647,17.0552,15.762400000000008,14.168571428571422
1743811200,12.94,13.06,12.57,12.85,1414775.76,3084767.7869999646,17.073800000000002,15.667400000000008,14.140476190476184
1743897600,12.84,12.96,11,11.28,4370640.73,3137325.667999965,17.08865,15.572000000000008,14.133809523809516
1743984000,11.29,11.89,10.1,11.45,13409341.29,3661691.013999966,17.1037,15.456800000000005,14.0995238095238
1744070400,11.46,11.89,10.78,10.93,4384116.83,3626758.325499966,17.117350000000002,15.330800000000004,14.044285714285706
1744156800,10.93,12.82,10.44,12.65,8980891.68999998,3921157.184499965,17.1303,15.218400000000004,13.944761904761895
1744243200,12.65,12.67,11.68,12.08,4138245.69999999,4040485.065499964,17.13835,15.087800000000001,13.821904761904753
1744329600,12.07,12.9,12.02,12.64,3323588.22999999,4132926.506499964,17.148799999999998,14.933599999999998,13.67999999999999
1744416000,12.64,13.29,12.47,13.15,2468342.79,4186287.820999964,17.1608,14.788799999999998,13.566666666666658
1744502400,13.15,13.23,12.43,12.62,3154296.08,4168529.7959999642,17.171899999999997,14.624999999999998,13.464761904761893
1744588800,12.63,13.25,12.57,12.63,2801098.17,4197550.865999965,17.17385,14.520399999999997,13.40142857142856
1744675200,12.64,12.84,12.21,12.24,3088546.47,4194433.015499964,17.175050000000002,14.402399999999998,13.349047619047605
1744761600,12.24,12.53,11.89,12.35,2896851.83,4214288.955499964,17.1725,14.289599999999997,13.260952380952368
1744848000,12.35,12.71,12.2,12.54,2255618.77,4150461.1914999643,17.178250000000002,14.203999999999997,13.141904761904751
1744934400,12.54,12.72,12.4,12.56,1155230.48,4087527.8864999646,17.183000000000003,14.101199999999997,12.989523809523797
1745020800,12.57,13.06,12.53,12.94,1188404.07,4043878.315999964,17.18925,14.001399999999997,12.85190476190475
1745107200,12.93,13.6,12.87,13.28,2277566.14,4024526.333999964,17.19425,13.940999999999997,12.709999999999988
1745193600,13.29,13.7,12.96,13.11,2623398.74000001,4022210.725999964,17.1968,13.881799999999997,12.629523809523794
1745280000,13.1,14.18,12.88,14.13,3872482.56,3875115.3794999635,17.19715,13.827399999999995,12.600476190476176
1745366400,14.13,15.28,14.01,15.02,4479481.4,3842103.2209999645,17.195,13.776599999999997,12.594285714285698
1745452800,15.02,15.15,14.15,15.06,3263326.6,3777312.2164999642,17.191999999999997,13.739199999999997,12.575238095238081
1745539200,15.06,15.36,14.71,14.92,3790777.90999999,3896112.3239999637,17.1924,13.709799999999996,12.579523809523797
1745625600,14.92,15.28,14.67,14.86,2127724.28,3783966.5014999635,17.19595,13.623599999999996,12.680476190476178
1745712000,14.87,15.1,14.37,14.56,2456622.73,3236330.5734999636,17.2056,13.616999999999996,12.783333333333319
1745798400,14.56,15.11,14.24,15.03,3049340.9,3169591.7769999634,17.218700000000002,13.620199999999997,12.877619047619035
1745884800,15.03,15.24,14.47,14.6,2173196.17,2829207.0009999643,17.23095,13.592799999999997,12.97333333333332
1745971200,14.61,14.76,13.83,14.3,2127588.64,2728674.147999965,17.246199999999998,13.549999999999997,13.129523809523794
1746057600,14.3,15.04,14.3,14.74,2952704.48,2710129.9604999656,17.26495,13.5284,13.299999999999986
1746144000,14.74,15.03,14.49,14.65,2801948.57,2726810.2494999655,17.2839,13.514399999999998,13.474761904761893
1746230400,14.65,14.67,14.16,14.24,1788850.74,2658537.9824999655,17.3027,13.538799999999998,13.55333333333332
1746316800,14.24,14.37,13.81,13.86,1579429.9,2597454.5689999657,17.3229,13.5778,13.679999999999987
1746403200,13.86,14.2,13.48,13.65,2448399.35,2565447.2129999655,17.34305,13.601199999999999,13.775714285714272
1746489600,13.65,13.89,13.2,13.82,2166912.05999999,2528950.224499965,17.3654,13.626199999999999,13.827619047619034
1746576000,13.82,14.09,13.46,13.82,1873337.32,2509836.151999965,17.38385,13.658399999999999,13.886666666666653
1746662400,13.81,15.99,13.81,15.88,5676038.21000001,2735876.5384999653,17.4003,13.67,13.93523809523808
1746748800,15.89,16.73,15.58,16.01,6902689.71999999,3021590.820999965,17.42025,13.667,14.010476190476176
1746835200,16.01,17.47,15.86,17.34,5230336.13,3169229.320499965,17.4371,13.6726,14.080476190476174
1746921600,17.34,17.42,16.3,17.1,4824652.78,3279292.0224999646,17.45105,13.668400000000002,14.239523809523792
1747008000,17.1,17.98,16.03,16.74,6485836.98000001,3409959.7434999654,17.46415,13.6666,14.403809523809525
1747094400,16.74,17.81,16.03,17.39,5140765.42000001,3443023.9444999658,17.47725,13.683600000000002,14.613333333333333
1747180800,17.4,17.53,16.67,17.01,3739156.87000001,3466815.457999966,17.48895,13.719399999999998,14.795238095238094
1747267200,17.02,17.21,15.69,16.04,4599640.32,3507258.5784999668,17.50095,13.786799999999998,14.96809523809524
1747353600,16.04,16.54,15.61,15.76,3037327.69,3552738.748999967,17.52045,13.843799999999998,15.123333333333335
1747440000,15.76,15.79,15.07,15.32,2634568.83,3561636.0539999665,17.54195,13.889199999999999,15.21809523809524
1747526400,15.33,16.4,14.88,15.88,4286878.87000001,3623512.952499966,17.5688,13.934399999999998,15.264761904761908
1747612800,15.88,16.01,14.84,15.78,4330819.39,3731394.1134999665,17.597700000000003,13.9658,15.304761904761907
1747699200,15.79,16.42,15.24,15.71,4389269.1,3844478.136499966,17.6233,13.981799999999998,15.326666666666668
1747785600,15.71,16.49,15.52,16.1,6093462.07,4001516.0159999654,17.654600000000002,13.9866,15.389523809523807
1747872000,16.1,16.91,16.04,16.74,4542884.36000001,4088562.8054999663,17.684600000000003,14.008,15.425238095238095
1747958400,16.74,17.16,15.42,15.53,6190632.78999999,4308651.907999966,17.709850000000003,14.054599999999999,15.478095238095236
1748044800,15.53,15.91,15.24,15.34,2601739.54,4359767.389999966,17.73275,14.101999999999999,15.563809523809523
1748131200,15.34,15.56,14.86,15.54,2236117.68,4349153.306499967,17.75035,14.145999999999997,15.659047619047616
1748217600,15.54,15.96,15.4,15.54,2143637.24,4347989.565499967,17.7678,14.187199999999995,15.70095238095238
1748304000,15.54,16.13,15.15,15.91,2513450.22,4379995.210499967,17.78965,14.263999999999996,15.753333333333334
1748390400,15.91,16.16,15.31,15.69,2287285.42,4210557.570999967,17.811950000000003,14.316599999999996,15.833333333333334
1748476800,15.69,16.19,15,15.05,3470428.69,4038944.519499968,17.8365,14.364599999999996,15.923333333333332
1748563200,15.05,15.12,13.76,13.9,6106096.74999999,4082732.5504999673,17.866400000000002,14.418399999999995,16.02285714285714
1748649600,13.89,14.19,13.39,13.97,3241877.57,4003593.789999967,17.89275,14.503599999999995,16.11190476190476
1748736000,13.97,14.13,13.58,14.06,1673437.42,3762973.811999967,17.915300000000002,14.592799999999995,16.07238095238095
1748822400,14.06,14.12,13.59,14.07,1803670.48,3596119.0649999664,17.93215,14.687999999999995,15.971904761904758
1748908800,14.08,14.45,13.98,14.11,2397370.67,3529029.7549999664,17.9469,14.735999999999995,15.81142857142857
1748995200,14.12,14.48,13.7,13.83,1698210.37,3383958.257499966,17.958,14.772399999999996,15.666666666666664
1749081600,13.84,14.04,12.64,12.89,4325191.79,3448351.4624999664,17.96755,14.798999999999994,15.539523809523809
1749168000,12.89,13.69,12.82,13.56,2892254.8,3461235.7609999664,17.97155,14.817199999999993,15.383333333333335
1749254400,13.57,14.08,13.48,13.83,1796907.09,3336737.171999966,17.9665,14.846199999999994,15.231904761904762
1749340800,13.82,13.98,13.55,13.73,1301631.33,3185277.768999966,17.9666,14.875799999999993,15.081904761904763
1749427200,13.73,14.4,13.54,14.36,2139591.17,3072793.872499966,17.969499999999996,14.907599999999993,14.977142857142859
1749513600,14.36,15.53,14.32,15.45,4610246.79999999,2998633.1089999652,17.97485,14.918399999999993,14.90619047619048
1749600000,15.45,15.66,14.77,14.89,4342696.57,2988623.719499965,17.9762,14.938799999999992,14.803809523809527
1749686400,14.89,14.93,13.83,13.97,3957934.78,2876988.8189999657,17.972749999999998,14.964199999999991,14.736190476190478
1749772800,13.98,13.99,12.75,13.44,6529679.32000001,3073385.8079999657,17.968299999999996,14.979999999999992,14.723809523809523
1749859200,13.45,13.46,12.83,13.15,1849077.29,3054033.788499966,17.959799999999998,15.001599999999991,14.666190476190476
1749945600,13.16,13.33,13,13.3,1457954.35,3019749.643999966,17.955849999999998,15.048399999999992,14.534285714285716
1750032000,13.3,14.17,13.17,13.56,2758548.76,3032004.570999966,17.9533,15.06359999999999,14.434761904761904
1750118400,13.57,13.79,12.8,12.99,3726610.18999999,3103970.809499965,17.950649999999996,15.042599999999991,14.330476190476194
1750204800,13,13.23,12.63,13.11,2573912.22,3059144.985999965,17.945049999999995,15.010199999999992,14.223809523809523
1750291200,13.12,13.38,12.91,13.07,1851285.83,2846404.4399999655,17.932599999999994,14.974799999999991,14.12952380952381
1750377600,13.07,13.29,12.3,12.51,2738596.05,2821240.3639999656,17.912899999999993,14.943599999999993,13.99047619047619
1750464000,12.51,12.75,11.69,12.03,2605780.15,2867857.500499965,17.893399999999996,14.923599999999992,13.86761904761905
1750550400,12.03,12.2,10.94,11.65,5918789.6,3073613.4564999654,17.872449999999994,14.882799999999992,13.773333333333333
1750636800,11.65,12.97,11.39,12.82,4411334.51,3174311.648499965,17.845649999999992,14.852999999999993,13.707142857142859
1750723200,12.83,13.73,12.78,13.42,4188366.46,3298819.4529999653,17.823799999999995,14.828399999999995,13.614761904761906
1750809600,13.42,13.51,12.99,13.13,2471771.02999999,3206148.4149999646,17.79754999999999,14.783799999999994,13.5
1750896000,13.14,13.57,12.88,12.94,1893346.8,3156203.0149999647,17.768099999999993,14.731399999999992,13.440476190476193
1750982400,12.94,13.23,12.73,13.05,1558205.31,3144267.9259999646,17.738849999999992,14.679599999999994,13.40761904761905
1751068800,13.05,13.45,13,13.39,1200113.9,3139192.0544999647,17.67524999999999,14.658799999999994,13.374285714285717
1751155200,13.4,13.88,13.24,13.7,1498678.23,3107146.4074999643,17.614949999999993,14.654199999999994,13.37666666666667
1751241600,13.71,13.78,13.12,13.38,2514005.77,3002334.355999965,17.552849999999992,14.640399999999993,13.352380952380956
1751328000,13.37,13.44,12.78,12.9,1734062.81,2871902.667999965,17.501199999999994,14.622799999999993,13.331428571428576
1751414400,12.9,13.85,12.73,13.56,3263950.46,2837203.451999965,17.43894999999999,14.566199999999991,13.330000000000004
1751500800,13.55,14.08,13.43,13.67,3061053.26,2663772.148999965,17.380649999999992,14.513799999999993,13.283333333333335
1751587200,13.66,13.78,12.93,13.16,2145964.77,2678616.522999965,17.314899999999994,14.440999999999992,13.161904761904767
1751673600,13.16,13.27,12.99,13.23,900526.54,2650745.132499965,17.26889999999999,14.366599999999991,13.098571428571434
1751760000,13.23,13.7,13.1,13.48,1349555.74,2580295.4814999653,17.225249999999992,14.28979999999999,13.084285714285716
1751846400,13.49,13.73,13.25,13.44,1830708.82,2485500.4129999657,17.173399999999994,14.213199999999993,13.070952380952384
1751932800,13.43,14,13.2,13.96,2064962.22,2460052.9129999657,17.094649999999994,14.146399999999993,13.074761904761907
1752019200,13.97,14.38,13.81,14.25,3387387.4,2536857.9914999655,17.014199999999995,14.088799999999994,13.083333333333336
1752105600,14.25,15.34,14.15,15.23,3789246.68,2589390.5229999656,16.936399999999995,14.038199999999994,13.077619047619052
1752192000,15.24,15.88,15.01,15.28,5080650.85999999,2713134.0584999654,16.858449999999994,14.001399999999995,13.123809523809527
1752278400,15.29,15.48,14.7,15.11,2060919.92,2520240.5744999656,16.780599999999993,13.952599999999993,13.178095238095242
1752364800,15.11,15.95,15.04,15.66,2764273.77,2437887.5374999656,16.70744999999999,13.916199999999995,13.280952380952385
1752451200,15.66,16.47,15.57,15.75,4507587.92,2453848.610499966,16.650549999999996,13.886999999999993,13.412857142857145
1752537600,15.76,16.2,15.14,16.11,4643980.94,2562459.105999966,16.603699999999993,13.869599999999993,13.559523809523816
1752624000,16.11,17.04,15.82,16.67,5287087.42000001,2732146.1369999666,16.55654999999999,13.840399999999994,13.750476190476196
1752710400,16.68,18.1,16.32,18,5904663.79,2949469.060999966,16.517149999999994,13.831999999999995,13.890000000000006
1752796800,18,19.17,17.32,17.83,9174118.14000001,3348169.272999967,16.482899999999994,13.838399999999995,14.018095238095235
1752883200,17.83,18.55,17.53,18.39,3650635.55,3455767.1389999674,16.43654999999999,13.842599999999996,14.186666666666664
1752969600,18.4,20.01,18.32,19.27,6911594.44,3675646.572499967,16.384999999999994,13.853999999999996,14.427619047619046
1753056000,19.28,20.28,18.98,19.5,5619450.18000001,3869915.9409999675,16.341099999999994,13.869199999999996,14.655238095238092
1753142400,19.49,19.99,18.63,19.66,5855280.76000001,3999482.455999968,16.30644999999999,13.915399999999995,14.89333333333333
1753228800,19.66,19.76,17.55,18.18,5010078.18000001,4096933.7019999684,16.279149999999994,13.970999999999995,15.158571428571426
1753315200,18.18,18.69,17.15,17.91,4483165.68999999,4213793.747999968,16.252549999999992,14.060799999999997,15.449999999999998
1753401600,17.92,18.49,17.23,18.28,4032429.61,4370388.901499967,16.237749999999995,14.166799999999997,15.771904761904759
1753488000,18.29,18.64,18.16,18.41,2049354.9,4405378.859499968,16.223999999999993,14.275599999999997,15.991904761904758
1753574400,18.41,19.3,18.35,19.24,2938359.71,4460761.4039999675,16.215899999999994,14.387399999999998,16.19380952380952
1753660800,19.24,19.56,17.97,18.12,3736717.03,4544349.144499968,16.203599999999994,14.468799999999996,16.437619047619044
1753747200,18.11,18.64,17.47,17.83,3802532.56999999,4565106.402999967,16.190749999999994,14.550399999999994,16.68428571428571
1753833600,17.84,17.95,16.77,17.71,3659853.88999999,4558636.763499966,16.171649999999996,14.658199999999997,16.958571428571425
1753920000,17.72,18.24,16.84,16.92,3516703.42,4480439.391499967,16.144549999999995,14.755199999999995,17.181428571428572
1754006400,16.93,17.03,15.67,16.07,6610546.3,4707920.7104999665,16.116199999999996,14.863399999999995,17.365714285714283
1754092800,16.07,16.27,15.43,15.65,3023394.29,4720876.736499967,16.088449999999998,14.951199999999995,17.53047619047619
1754179200,15.64,16.4,15.44,16.3,1579840.27,4574489.353999967,16.073599999999995,15.020599999999995,17.610952380952376
1754265600,16.3,17.2,16.27,17.11,2701936.82,4477387.1479999665,16.0676,15.065799999999994,17.648571428571426
1754352000,17.12,17.12,16.08,16.38,3046165.48,4365341.050999966,16.059949999999997,15.106399999999994,17.674285714285713
1754438400,16.39,16.91,16.03,16.67,1844029.67,4162309.344999966,16.0479,15.148399999999995,17.704761904761902
1754524800,16.67,18.5,16.57,18.48,5571750.60000001,3982190.967999966,16.035399999999996,15.192599999999995,17.769523809523808
1754611200,18.47,19.98,18.08,19.89,7663560.63,4182837.2219999656,16.020799999999998,15.255599999999994,17.78238095238095
1754697600,19.89,21.99,19.78,21.94,7563414.96999999,4215428.248499965,16.004399999999997,15.331799999999994,17.78238095238095
1754784000,21.95,22.7,21.15,22.06,8655572.55999999,4367234.367499964,15.981049999999998,15.388199999999994,17.805238095238092
1754870400,22.07,22.61,20.84,21.07,7095724.29000001,4429256.543999964,15.952050000000003,15.461799999999993,17.90333333333333
1754956800,21.07,24.2,21,23.6,11374582.29,4747481.749499964,15.922450000000003,15.569199999999997,18.07238095238095
1755043200,23.6,24.74,23.23,23.98,11235490.04999998,5085097.967499962,15.878900000000003,15.705599999999995,18.205238095238094
1755129600,23.98,24.31,21.51,22.46,10838260.75000001,5425389.524499963,15.841650000000005,15.894199999999996,18.28
1755216000,22.45,23.04,21.36,21.76,5502258.56000001,5598034.707499963,15.812350000000004,16.094799999999996,18.467619047619046
1755302400,21.75,22.97,21.39,22.64,4847903.20999999,5693511.882499963,15.786350000000004,16.283199999999994,18.74380952380952
1755388800,22.64,26.33,22.36,25.64,11607242.35999998,6087038.148999962,15.762700000000004,16.498799999999996,18.96047619047619
1755475200,25.64,26.76,24.29,25.78,16005492.39999997,6697186.140499962,15.746500000000003,16.709999999999994,19.126190476190477
1755561600,25.79,25.81,23.42,23.56,12457022.20999999,7137044.556499961,15.723600000000003,16.896599999999992,19.32761904761905
1755648000,23.56,26.89,23.36,26.45,14580303.4,7690224.555499962,15.715700000000004,17.072999999999993,19.632380952380952
1755734400,26.45,26.6,24.63,24.82,8579726.42999999,7788683.56199996,15.710950000000002,17.264799999999994,19.997142857142858
1755820800,24.82,27.87,24.09,26.79,17391120.82000003,8507069.888499962,15.698850000000002,17.509799999999995,20.27
1755907200,26.8,26.83,25.52,26.28,6342745.05999999,8745215.127999961,15.6866,17.751399999999993,20.686190476190475
1755993600,26.28,26.62,25.21,25.82,7437373.67000001,8981986.970499963,15.686750000000002,17.954999999999995,21.062380952380952
1756080000,25.82,26.46,23.08,23.38,10082049.35999999,9333781.164499963,15.696650000000002,18.225999999999992,21.572857142857142
1756166400,23.38,24.76,22.88,24.38,8019450.82000001,9642552.221999964,15.703250000000002,18.451199999999993,22.079047619047618
1756252800,24.37,24.69,23.58,23.78,7229659.66000001,9725447.674999963,15.6952,18.713599999999992,22.53238095238095
1756339200,23.78,26.03,23.56,25.18,12872418.88999999,9985890.587999962,15.71255,18.975999999999992,22.83095238095238
1756425600,25.18,25.23,23.11,23.43,9640370.92,10089738.385499962,15.73435,19.22779999999999,23.21190476190476
1756512000,23.43,23.52,22.83,23.51,2759889.54,9794954.234499961,15.760099999999998,19.42579999999999,23.55047619047619
1756598400,23.51,24.06,23.18,23.2,4221549.06,9651245.47299996,15.791649999999999,19.644599999999993,23.86952380952381
1756684800,23.2,23.87,22.09,22.51,6922598.37,9428646.276999962,15.824799999999998,19.840999999999994,24.038095238095234
1756771200,22.52,23.6,22.34,23.49,5570998.65,9145421.706999961,15.848799999999997,20.059599999999993,24.11285714285714
1756857600,23.49,23.91,23.21,23.69,3694295.37000001,8788223.437999962,15.878749999999998,20.223599999999994,24.167142857142853
1756944000,23.69,23.97,22.18,22.32,3947853.36,8710503.177999962,15.905399999999997,20.388199999999994,24.23571428571428
1757030400,22.32,23.24,22.04,22.28,6727388.69999999,8804477.452499963,15.939999999999998,20.549999999999997,24.230476190476185
1757116800,22.28,22.52,21.87,22.19,2487454.71000001,8348488.069999965,15.963099999999999,20.686999999999994,24.21666666666666
1757203200,22.2,22.61,22.12,22.47,1891346.07,7642780.753499965,15.98735,20.841799999999992,24.209999999999997
1757289600,22.47,23.31,22.23,23.04,3767545.95,7208306.940499966,16.007349999999995,20.993399999999998,24.2347619047619
1757376000,23.04,23.82,22.83,23.05,4633041.62,6710943.851499965,16.027099999999997,21.106399999999994,24.21333333333333
1757462400,23.05,23.93,22.89,23.57,3302753.17,6447095.188499967,16.047649999999997,21.191999999999993,24.06238095238095
1757548800,23.57,24.5,23.31,24.47,4025863.56,5778832.325499965,16.07115,21.279199999999996,23.931904761904757
1757635200,24.47,25.33,24.16,25.13,4645718.7,5693981.007499966,16.089299999999998,21.360799999999994,23.907619047619043
1757721600,25.12,25.64,24.44,24.88,4154255.78000001,5529825.112999966,16.105099999999997,21.436199999999996,23.770476190476188
1757808000,24.88,25.02,23.84,24.09,2601143.16000001,5155779.802999968,16.126649999999998,21.507199999999994,23.753809523809522
1757894400,24.1,24.44,22.97,23.56,3698495.94,4939732.058999967,16.149099999999997,21.58539999999999,23.674761904761905
1757980800,23.56,23.76,23.1,23.48,2566010.45,4706549.598499967,16.172899999999995,21.711199999999995,23.60809523809524
1758067200,23.49,24.24,22.75,23.99,5315579.68,4328707.637999967,16.200999999999997,21.855599999999992,23.52571428571429
1758153600,24,24.75,23.68,24.62,3504432.03000001,4021910.6934999675,16.230049999999995,21.987599999999993,23.534285714285716
1758240000,24.63,24.89,23.27,23.47,4258058.9,4096819.1614999673,16.264299999999995,22.101199999999995,23.49142857142857
1758326400,23.48,23.66,23.09,23.34,1692009.53,3970342.1849999675,16.313649999999996,22.187599999999993,23.501428571428573
1758412800,23.33,23.49,22.9,22.96,1321893.75,3690306.9539999673,16.361499999999992,22.294799999999995,23.474761904761905
1758499200,22.95,23.05,20.24,21.65,8224657.83000001,3822989.9129999676,16.405649999999994,22.417999999999992,23.476666666666667
1758585600,21.66,22.05,21.17,21.52,3338803.5,3805215.319499967,16.447949999999995,22.556199999999993,23.46857142857143
1758672000,21.52,21.97,20.98,21.6,4170756.29,3816360.4659999674,16.491299999999995,22.687199999999997,23.457142857142863
1758758400,21.61,21.66,19.82,20.14,6221553.31,3791068.6964999684,16.537499999999998,22.8326,23.41619047619048
1758844800,20.15,21.24,19.93,21.07,3841681.96,3858780.0589999678,16.573499999999996,22.978799999999996,23.322380952380954
1758931200,21.07,21.15,20.73,20.91,986010.15,3813513.262999968,16.61855,23.0858,23.222857142857144
1759017600,20.92,21.71,20.43,21.68,1599640.6,3705117.9954999676,16.66095,23.173999999999996,23.119047619047624
1759104000,21.68,21.9,20.9,21.74,2497335.67,3598332.6979999677,16.693599999999996,23.278399999999998,23.061428571428575
1759190400,21.73,21.87,20.96,21.3,2883237.53,3577356.9159999676,16.716549999999998,23.347799999999996,23.000476190476196
1759276800,21.31,22.63,21.05,22.58,3207385.07000001,3536432.991499968,16.744449999999997,23.3996,22.96285714285715
1759363200,22.57,23.13,21.93,22.77,3766228.87,3492458.499999968,16.776149999999998,23.42,22.90095238095239
1759449600,22.78,23.09,22.09,22.5,4104599.03,3489975.662499967,16.807799999999997,23.4148,22.817619047619054
1759536000,22.5,22.62,21.76,22.01,2081829.77,3464009.9929999663,16.849899999999995,23.4084,22.770476190476195
1759622400,22.02,22.94,21.88,22,2618277.27,3409999.0594999664,16.888799999999993,23.413,22.68952380952382
1759708800,22,23.6,21.47,23.37,5609599.65000001,3562178.5194999664,16.929749999999995,23.392599999999998,22.56428571428572
1759795200,23.37,23.73,21.75,21.79,5844902.55999999,3588644.6634999663,16.973249999999997,23.3684,22.427619047619057
1759881600,21.8,22.67,21.62,22.63,2790526.23,3552949.3734999658,17.011449999999996,23.3692,22.328095238095244
1759968000,22.63,22.67,21.32,21.99,3321045.72,3506098.7144999662,17.054299999999998,23.374199999999995,22.319047619047627
1760054400,22,22.78,7.9,17.31,23919723.86000002,4617484.430999967,17.101299999999995,23.3614,22.238571428571436
1760140800,17.31,19,16.6,17.2,11458227.87000003,5124301.136999969,17.143649999999994,23.316,22.17380952380953
1760227200,17.2,19.42,16.68,19,7320321.66,5079084.328499968,17.184149999999995,23.2362,22.048571428571435
1760313600,19,20.19,18.73,19.84,8049413.89,5314614.847999969,17.218999999999994,23.217599999999997,21.755238095238106
1760400000,19.84,20.07,18.07,19.1,7462448.83,5479199.474999968,17.264749999999996,23.128399999999996,21.46285714285715
1760486400,19.1,19.26,17.73,18.06,4509983.09,5393620.963999968,17.303849999999994,22.978199999999998,21.27428571428572
1760572800,18.05,18.63,17.1,17.43,5003348.51,5451704.291499969,17.345749999999995,22.7864,21.188095238095244
1760659200,17.42,17.69,15.69,16.61,7835846.23,5794196.095499968,17.383349999999993,22.640799999999995,21.07285714285715
1760745600,16.61,17.01,16.57,16.82,1907438.23,5809585.976999969,17.394249999999996,22.521199999999993,20.90428571428572
1760832000,16.81,17.66,16.53,17.29,3899283.36,5879683.361499969,17.403049999999993,22.435599999999994,20.775238095238098
1760918400,17.29,19.19,16.93,18.66,7350769.65,6103059.9674999695,17.421849999999996,22.309199999999997,20.562857142857144
1761004800,18.66,18.97,17.53,17.61,7395919.32000001,6312486.679999969,17.443449999999995,22.182199999999998,20.368095238095243
1761091200,17.6,17.84,16.71,17.2,4748622.1,6361606.341499968,17.467699999999994,22.0108,20.159047619047623
1761177600,17.2,17.79,17.09,17.44,3347662.36,6323759.507999969,17.490249999999993,21.878599999999995,20.01238095238096
1761264000,17.44,18.1,17.29,17.89,3108106.38,6375073.338499969,17.510349999999995,21.754199999999997,19.836666666666673
1761350400,17.89,18.25,17.79,18.02,1335088.7,6310913.9099999685,17.525849999999995,21.663399999999996,19.580476190476197
1761436800,18.02,18.69,17.69,18.55,3365251.69,6198696.511999968,17.539749999999994,21.5654,19.32666666666667
1761523200,18.54,19.06,18.08,18.22,3943961.89,6103649.4784999695,17.561699999999995,21.439599999999995,19.10714285714286
1761609600,18.21,18.83,17.43,17.83,4096933.56999999,6168969.845499968,17.59049999999999,21.3146,18.91714285714286
1761696000,17.83,18.67,17.54,18.13,5416675.72,6273751.345499968,17.613849999999992,21.226,18.752857142857145
1761782400,18.14,18.43,16.32,16.8,6399161.49,5397723.226999967,17.635599999999993,21.1408,18.50761904761905
1761868800,16.8,17.46,16.73,17.24,3731444.08000001,5011384.037499966,17.666399999999992,21.067999999999998,18.31904761904762
1761955200,17.24,17.44,17.04,17.14,1754292.31,4733082.569999967,17.698599999999992,20.982999999999997,18.104761904761908
1762041600,17.15,17.64,16.99,17.58,2182107.95,4439717.2729999665,17.73404999999999,20.878800000000002,17.85761904761905
1762128000,17.59,17.66,14.51,15.25,8552762.39000001,4494232.950999968,17.763549999999995,20.7804,17.854285714285716
1762214400,15.25,15.51,13.69,14.68,10850755.72000001,4811271.582499968,17.79424999999999,20.645,17.851428571428574
1762300800,14.69,15.4,13.98,15.09,5894032.13000001,4855805.763499969,17.82019999999999,20.500400000000003,17.783809523809527
1762387200,15.08,15.24,14.24,14.74,3839934.18,4656010.160999969,17.84509999999999,20.340600000000002,17.565238095238097
1762473600,14.74,16.23,14.31,15.79,5993232.84,4860299.891499968,17.86599999999999,20.194600000000005,17.354761904761908
1762560000,15.79,16.03,15.12,15.51,4114455.99,4871058.522999968,17.88904999999999,20.0178,17.21333333333334
1762646400,15.52,16.13,15.02,15.93,3070400.01,4657040.040999969,17.91354999999999,19.840200000000003,17.0852380952381
1762732800,15.92,16.67,15.79,16.36,4747415.90000001,4524614.869999968,17.93969999999999,19.672400000000003,17.046190476190482
1762819200,16.36,16.8,15.25,15.28,4143466.43,4494357.086499969,17.95324999999999,19.487400000000008,16.983809523809526
1762905600,15.28,16.25,14.92,15.15,4424573.31,4548202.633999969,17.96384999999999,19.310800000000008,16.91904761904762
1762992000,15.15,16.02,14.14,14.54,5949252.14,4690259.9219999695,17.97459999999999,19.15160000000001,16.809523809523814
1763078400,14.55,14.61,13.58,13.81,6599254.26000001,4953468.199999969,17.98189999999999,19.003400000000006,16.698571428571434
1763164800,13.81,14.34,13.79,14.14,2552274.77999999,4912819.354499969,17.99529999999999,18.871400000000005,16.600952380952386
1763251200,14.14,14.54,13.4,13.73,5401879.85,4985715.252499969,18.002199999999988,18.744000000000003,16.462857142857143
1763337600,13.73,14.29,13.08,13.33,5381203.2,5049928.733999969,18.00674999999999,18.616600000000002,16.26857142857143
1763424000,13.34,14,13.06,13.79,4903240.70000001,5024256.98299997,18.013249999999985,18.4754,16.083809523809528
1763510400,13.8,13.83,12.77,13.53,5275849.25000001,4968091.370999971,18.015049999999988,18.348800000000004,15.854285714285718
1763596800,13.53,14,12.77,12.93,7252067.4,5144122.536999971,18.016499999999986,18.210200000000007,15.621428571428575
1763683200,12.94,13.22,11.61,12.11,10358430.40000001,5574329.441499971,18.016399999999987,18.066600000000008,15.429047619047621
1763769600,12.12,12.31,11.74,12.17,3456903.63,5638069.225499971,18.010299999999983,17.899600000000007,15.210000000000004
1763856000,12.17,12.75,12.11,12.53,4334135.56,5427137.88399997,18.007999999999985,17.740600000000008,15.02571428571429
1763942400,12.52,13.21,12.3,12.97,4497056.78,5109452.936999969,18.005149999999986,17.585200000000004,14.781428571428576
1764028800,12.97,13.22,12.55,13.09,4555187.64,5042510.712499969,17.998099999999983,17.392200000000006,14.544761904761907
1764115200,13.08,13.51,12.75,13.46,3028988.41,5001963.423999968,17.993799999999986,17.17900000000001,14.304285714285719
1764201600,13.45,13.57,13.23,13.34,1701459.82,4787374.772999967,17.990249999999985,16.972400000000007,14.195714285714288
1764288000,13.33,13.55,13.04,13.13,2123209.77,4687812.461999968,17.985599999999987,16.782800000000005,14.120000000000005
1764374400,13.12,13.22,12.91,12.99,1416097.99,4605097.360999967,17.977899999999988,16.602200000000007,14.042380952380958
1764460800,12.99,13.42,12.93,12.95,1500368.36,4442744.983999967,17.969649999999987,16.396600000000007,13.975714285714291
1764547200,12.95,12.99,11.74,12.07,5522451.03,4511694.213999966,17.963199999999986,16.230000000000008,13.849047619047624
1764633600,12.07,13.59,11.98,13.47,4969655.99,4538948.347999966,17.94864999999999,16.04420000000001,13.729047619047622
1764720000,13.47,14.75,13.43,14.64,7868526.73,4634912.077499966,17.93404999999999,15.86700000000001,13.587142857142862
1764806400,14.64,14.93,13.97,14.25,3758770.08,4492887.868499966,17.91464999999999,15.780600000000014,13.38285714285715
1764892800,14.25,14.4,13.36,13.59,3480586.8,4539303.469499966,17.89584999999999,15.695600000000013,13.296666666666672
1764979200,13.59,14.08,13.49,13.92,1853489.23,4361883.938499967,17.87779999999999,15.557000000000011,13.27238095238096
1765065600,13.91,14.18,13.17,13.65,3292175.7,4257432.563499967,17.85579999999999,15.429600000000015,13.258571428571438
1765152000,13.65,14.29,13.56,13.76,2670832.64,4145812.1604999667,17.835499999999993,15.340400000000015,13.248095238095246
1765238400,13.76,15.01,13.53,14.41,3722324.34,4068135.9149999665,17.81564999999999,15.264200000000017,13.237619047619056
1765324800,14.41,14.89,13.94,14.1,4263150.6,3918690.0749999657,17.80419999999999,15.187400000000016,13.23380952380953
1765411200,14.09,14.21,13.4,14.07,3338662.89000001,3567701.699499966,17.80079999999999,15.133600000000015,13.254285714285722
1765497600,14.06,14.35,13.27,13.63,2772453.23,3533479.1794999666,17.79264999999999,15.070200000000014,13.283809523809534
1765584000,13.64,13.97,13.6,13.74,1138943.54,3373719.5784999668,17.78169999999999,14.999600000000013,13.310952380952388
1765670400,13.74,13.8,13.09,13.28,1444630.59,3221098.268999967,17.77274999999999,14.914600000000016,13.365238095238102
1765756800,13.28,13.74,12.47,12.85,3683730.69,3177525.4214999666,17.760499999999993,14.844400000000014,13.437619047619055
1765843200,12.86,13.13,12.55,12.93,3079222.23,3180037.1124999668,17.745599999999992,14.781800000000011,13.51238095238096
1765929600,12.93,13.18,12.12,12.27,4482766.86,3319102.4644999667,17.73999999999999,14.705600000000013,13.548095238095247
1766016000,12.26,12.88,11.74,11.93,4358098.12,3430846.8819999667,17.73379999999999,14.622600000000011,13.542380952380963
1766102400,11.93,12.76,11.84,12.54,3247113.51,3522397.657999967,17.726449999999993,14.527800000000013,13.534761904761913
1766188800,12.54,12.72,12.48,12.56,931824.28,3493970.4539999673,17.716899999999995,14.413800000000014,13.478095238095246
1766275200,12.55,12.71,12.22,12.44,1465467.53,3291121.278999967,17.706049999999994,14.308000000000014,13.410952380952391
1766361600,12.44,12.95,12.33,12.58,2293793.13,3157328.1359999673,17.693999999999992,14.196800000000014,13.382857142857151
1766448000,12.58,12.7,12.07,12.39,2796573.57,2903730.477999967,17.682999999999993,14.072800000000015,13.362380952380958
1766534400,12.39,12.44,12.01,12.28,1615917.48,2796587.8479999667,17.678149999999995,13.987600000000016,13.338095238095244
1766620800,12.27,12.43,11.99,12.07,1333620.15,2689239.515499967,17.669649999999994,13.894000000000014,13.362380952380962
1766707200,12.06,12.54,12.02,12.19,1924237.68,2692776.937999967,17.658999999999992,13.800000000000013,13.310952380952388
1766793600,12.18,12.55,12.16,12.52,1069666.97,2581651.5014999667,17.651349999999994,13.700000000000014,13.198571428571437
1766880000,12.52,12.6,12.32,12.5,1277287.38,2511974.238499967,17.643599999999992,13.642800000000014,13.094761904761913
1766966400,12.5,13.03,12.25,12.3,2954854.09,2473600.725999967,17.636649999999992,13.594800000000014,13.028095238095247
1767052800,12.31,12.61,12.26,12.42,1646109.08,2342748.649999967,17.635099999999994,13.534400000000014,12.961428571428579
1767139200,12.42,12.55,12.19,12.21,1623004.35,2256965.7229999667,17.629249999999992,13.483400000000016,12.906666666666675
1767225600,12.2,12.64,12.15,12.6,1298317.35,2183258.928999967,17.62149999999999,13.418000000000013,12.837142857142865
1767312000,12.61,13.43,12.58,13.27,3912084.12,2321915.9579999666,17.613199999999992,13.357800000000013,12.742380952380959
1767398400,13.27,13.37,12.97,13.23,1815555.33,2340462.1949999663,17.60234999999999,13.285200000000014,12.65238095238096
1767484800,13.24,13.58,13.21,13.43,1896532.62,2251102.2914999663,17.58769999999999,13.206400000000015,12.582380952380962
1767571200,13.42,14.13,13.4,13.9,4109474.72,2302614.9159999667,17.575749999999992,13.145000000000014,12.565238095238104
1767657600,13.91,14.24,13.47,14.04,4765607.39,2316756.9424999664,17.567399999999992,13.094000000000015,12.54095238095239
1767744000,14.03,14.04,13.29,13.44,3137962.62000001,2255750.1674999674,17.56229999999999,13.068600000000014,12.548095238095248
1767830400,13.45,13.56,13.03,13.21,2702515.67,2228520.2754999674,17.55759999999999,13.057000000000015,12.59809523809525
1767916800,13.22,13.45,13.03,13.14,2260152.41,2294936.6819999674,17.55409999999999,13.042800000000014,12.65095238095239
1768003200,13.14,13.26,13.07,13.13,1031188.16,2273222.713499967,17.552649999999993,13.046200000000013,12.706666666666676
1768089600,13.14,13.37,13.05,13.21,1177324.14,2217399.263999967,17.55384999999999,13.060400000000014,12.767619047619059
1768176000,13.21,13.52,12.93,13.08,2177683.73,2186454.771999967,17.555449999999993,13.053400000000012,12.796190476190485
1768262400,13.08,14.18,13.05,14.06,3292078.9,2270262.842999967,17.559599999999993,13.047000000000015,12.823333333333343
1768348800,14.06,14.4,13.85,14.11,3393667.12,2373265.1914999667,17.56724999999999,13.051200000000016,12.860000000000008
1768435200,14.11,14.22,13.56,13.8,3074233.52,2430764.983499967,17.574299999999994,13.071600000000014,12.883809523809532
1768521600,13.8,13.87,13.43,13.73,1843762.86,2469469.777999967,17.582099999999993,13.092400000000016,12.963333333333342
1768608000,13.73,13.9,13.63,13.75,931201.13,2452165.465499967,17.583699999999993,13.103400000000015,13.050476190476198
1768694400,13.74,13.88,13.3,13.32,1741389.83,2391492.252499967,17.582249999999995,13.125200000000016,13.13285714285715
1768780800,13.31,13.32,12.37,12.88,4620041.93,2540188.894999967,17.582649999999994,13.145600000000018,13.206190476190484
1768867200,12.88,12.91,12.03,12.12,2563317.41,2587204.547999967,17.583349999999996,13.152400000000016,13.264761904761913
1768953600,12.13,12.66,11.89,12.4,2945663.72,2669571.866499967,17.588399999999993,13.160200000000017,13.303809523809532
1769040000,12.4,12.58,12.12,12.27,1814067.05,2564671.0129999667,17.591999999999995,13.172600000000015,13.331428571428578
1769126400,12.26,12.5,12.04,12.22,1371389.49,2542462.720999967,17.592499999999994,13.179200000000016,13.317142857142864
1769212800,12.22,12.28,12.13,12.2,873927.83,2491332.481499967,17.594249999999995,13.177800000000017,13.326190476190483
1769299200,12.21,12.22,11.36,11.52,2941954.24,2432956.457499967,17.598499999999998,13.178800000000017,13.310476190476198
1769385600,11.53,12.13,11.51,11.95,2032874.78,2296319.826999967,17.597299999999997,13.157400000000019,13.260476190476197
1769472000,11.94,12.19,11.84,12.03,2172577.81,2248050.5864999667,17.593349999999997,13.110000000000019,13.211428571428577
1769558400,12.03,12.07,11.69,11.84,1644483.52,2195148.9789999668,17.588149999999995,13.06940000000002,13.120476190476197
1769644800,11.85,11.87,10.83,11.13,3626057.88,2263444.252499967,17.583999999999993,13.041600000000019,13.027619047619051
1769731200,11.13,11.17,10.51,10.79,4786187.32,2451194.210499967,17.577949999999998,12.99360000000002,12.931904761904766
1769817600,10.79,10.84,8.97,9.99,9723508.96999999,2878503.4519999665,17.571849999999994,12.959600000000018,12.85571428571429
1769904000,9.99,10.08,9.22,9.41,5435399.92,3041389.2614999665,17.563049999999993,12.925000000000018,12.756666666666671
1769990400,9.4,10.04,9.02,9.81,7134765.78999999,3233523.605999966,17.549399999999995,12.873600000000017,12.64476190476191
1770076800,9.8,9.9,9.08,9.49,5840286.03000001,3355854.5514999675,17.532999999999994,12.81420000000002,12.495238095238102
1770163200,9.49,9.78,9.02,9.25,5382703.22,3471278.0364999673,17.516749999999995,12.74860000000002,12.314285714285718
1770249600,9.26,9.36,7.85,7.92,12548184.43000002,4006499.1149999686,17.500399999999996,12.67580000000002,12.158571428571433
1770336000,7.92,9.01,7.15,8.88,11728958.29999999,4546386.973499969,17.477749999999993,12.58920000000002,11.940952380952385
1770422400,8.88,9.05,8.58,8.91,6639108.50000001,4791272.90699997,17.452949999999994,12.519800000000018,11.709523809523816
1770508800,8.91,9.05,8.72,8.83,2536395.22,4687090.571499969,17.422349999999994,12.452600000000018,11.429523809523815
1770595200,8.83,9.02,8.44,8.83,2810980.42,4699473.721999969,17.386049999999994,12.379000000000017,11.198571428571432
1770681600,8.84,8.89,8.47,8.57,2423078.44,4673344.457999969,17.345099999999995,12.292000000000016,10.968095238095243
1770768000,8.57,8.62,8.13,8.33,4013442.3,4783313.220499969,17.303399999999996,12.231000000000018,10.754285714285718
1770854400,8.32,8.6,8.17,8.41,2312895.87,4830388.53949997,17.257699999999993,12.158400000000015,10.561428571428575
1770940800,8.41,8.91,8.3,8.77,2312791.37,4902331.71649997,17.20094999999999,12.083800000000018,10.392380952380956
1771027200,8.76,9.21,8.75,9.09,2831707.88,4896819.39849997,17.14784999999999,12.011600000000017,10.198571428571432
1771113600,9.1,9.25,8.6,8.79,3072824.5,4948816.88449997,17.09409999999999,11.931400000000018,10.014761904761908
1771200000,8.79,8.99,8.65,8.94,1897487,4935062.34399997,17.04734999999999,11.850200000000019,9.850476190476192
1771286400,8.93,9,8.66,8.82,1822045.86,4943940.46099997,17.001949999999994,11.772800000000018,9.702380952380954
1771372800,8.83,9,8.52,8.6,1800699.08,4852672.52099997,16.95339999999999,11.706800000000019,9.572380952380954
1771459200,8.6,8.76,8.35,8.58,1711219.43,4698924.12649997,16.90299999999999,11.644800000000018,9.42904761904762
1771545600,8.58,9.02,8.45,8.95,3124444.03,4368970.879499971,16.84884999999999,11.570200000000018,9.276190476190475
1771632000,8.95,9.05,8.85,8.87,1904565.08,4192429.137499971,16.802099999999992,11.499000000000017,9.12190476190476
1771718400,8.87,8.9,8.6,8.69,1310299.33,3901205.8144999715,16.75839999999999,11.429400000000017,9.000476190476189
1771804800,8.69,8.7,8.17,8.26,4307602.84999999,3824571.65549997,16.713799999999992,11.353000000000018,8.91285714285714
1771891200,8.27,8.34,8.05,8.19,2590017.43,3684937.3659999706,16.673899999999993,11.280400000000018,8.859523809523807
1771977600,8.2,9.59,8.18,9.27,5682666.11,3341661.4499999695,16.637649999999994,11.207400000000018,8.825238095238094
1772064000,9.27,9.34,8.86,9.09,3368687.02,2923647.88599997,16.602399999999992,11.119400000000017,8.75142857142857
1772150400,9.1,9.3,8.55,8.71,2186732.81,2701029.10149997,16.563799999999993,11.028600000000015,8.689523809523806
1772236800,8.71,8.95,8.21,8.85,4572875.45,2802853.11299997,16.522999999999993,10.925200000000016,8.690476190476188
1772323200,8.85,9.21,8.54,8.67,3557448.24,2840176.50399997,16.485449999999993,10.811000000000018,8.746190476190472
1772409600,8.67,9.27,8.59,8.96,3615246.46,2899784.9049999705,16.44554999999999,10.715600000000018,8.738095238095235
1772496000,8.95,9.02,8.56,8.8,2365116.01,2817368.59049997,16.394449999999992,10.628600000000016,8.735238095238092