time,open,high,low,close,Volume,Volume MA,MA,MA,MA
1466812800,14.25833774,14.690453,14.02566166,14.31097402,11157.76144669,,,,
1466899200,14.30529806,14.44412752,13.73242914,14.06238937,8647.30225173,,,,
1466985600,13.91047618,14.43892944,13.73278755,14.14273591,20958.41379258,,,,
1467072000,14.14262832,14.20191661,11.70717677,12.31021917,17359.95113622,,,,
1467158400,12.29325797,13.03977597,11.57152458,12.85984755,22963.58845023,,,,
1467244800,12.86884418,12.86995493,12.18219449,12.43839552,23431.96204593,,,,
1467331200,12.43416555,12.58351967,11.79453114,12.30640062,19149.300458,,,,
1467417600,12.30594577,12.31608876,11.9230838,12.18228685,15885.79761022,,,,
1467504000,12.18358757,12.19945642,11.50103967,11.7356016,18229.34736638,,,,
1467590400,11.738317,11.91845845,11.35343901,11.4494862,13405.81523509,,,,
1467676800,11.45567609,11.4907274,9.75578938,10.56205596,12850.2603449,,,,
1467763200,10.55787016,11.07794074,10.29964537,10.50197933,13612.75260887,,,,
1467849600,10.50873331,10.568428,9.66452906,10.1041617,33084.42891511,,,,
1467936000,10.10692612,11.56993808,9.97492681,11.43783529,24785.59807239,,,,
1468022400,11.43884865,11.4654843,10.38607959,10.93382695,23350.65261966,,,,
1468108800,10.93382695,11.04013528,10.76930975,10.9550114,11485.93849154,,,,
1468195200,10.96541362,11.05373596,10.26290571,10.52952359,15024.66079293,,,,
1468281600,10.5306122,10.87869635,10.42432681,10.50352227,21618.66757197,,,,
1468368000,10.49997517,10.59139758,10.35000404,10.35431387,35867.61155266,,,,
1468454400,10.3430055,11.70270857,10.30113291,11.61277236,11546.83900659,18720.832488484502,,,
1468540800,11.6169469,12.44177811,11.50767389,11.95897483,13309.60560456,18828.424696378002,,,
1468627200,11.95897483,12.00785209,11.66188099,11.68630555,7731.55368599,18782.637268091003,,,
1468713600,11.69080824,11.71033385,11.03021779,11.23692454,12335.552196,18351.494188262,,,
1468800000,11.23114467,11.61094787,11.01347434,11.02354722,12398.13258943,18103.403260922503,,,11.773919731428572
1468886400,11.02007153,11.96506444,11.0184768,11.72357422,11474.23270283,17528.9354735525,,,11.64893551857143
1468972800,11.72295617,13.02527893,11.60522769,12.46170672,13837.86767638,17049.230755075,,,11.514389574285715
1469059200,12.46268882,12.73693918,12.15507536,12.63773113,10491.38430226,16616.334947288,,,11.36585677952381
1469145600,12.63417207,14.87081492,12.62454254,14.8041632,19107.72185207,16777.431159380503,,,11.337921305714286
1469232000,14.79257473,14.94481383,14.14659888,14.3446569,10309.82595411,16381.455088767005,,,11.318962218571428
1469318400,14.34563979,14.43171654,12.56855409,12.75126394,8039.41622486,16113.135138255506,,,11.32845439047619
1469404800,12.74300629,13.86391539,12.74300629,13.85247713,10543.95122327,15997.819682174004,,,11.447395465714285
1469491200,13.8541897,13.89324742,11.86844177,11.8718343,14647.72062161,16049.568082811005,,,11.55036546809524
1469577600,11.88012208,13.25394174,11.85586894,13.04687251,12157.62314143,15003.227794127006,,,11.598730341428572
1469664000,13.05333276,13.05497267,12.51056048,12.86626052,8600.9142199,14193.993601502505,,,11.713158480952382
1469750400,12.87493963,12.88153967,12.59562047,12.84201051,10508.09844362,13551.865892700505,,,11.775528878095239
1469836800,12.84425478,12.84645504,12.4926032,12.51394298,6859.36476388,13320.537206317505,,,11.896714267619048
1469923200,12.5143249,12.51714156,11.56425149,11.8502549,15454.93198628,13342.050765985006,,,12.028242782857145
1470009600,11.8502549,12.04486531,10.95822053,10.99256959,19592.78788543,13240.756781658007,,,12.095108269523811
1470096000,10.99330072,11.14048686,7.19508991,8.76836143,47678.07985046,13831.280196548007,,,12.170351890000001
1470182400,8.7720282,10.44565512,8.57626022,10.28641824,42590.6464574,15383.470569088506,,,12.212982532857144
1470268800,10.27276075,11.39609113,10.26355953,11.24403916,23354.06639125,15885.693608423006,,,12.235032342380954
1470355200,11.25371903,11.25863854,10.74707701,10.97682386,14409.02872903,16219.567360575005,,,12.152405635714288
1470441600,10.97910818,10.98898643,10.41417318,10.97102486,13507.0501699,16278.142259270006,,,12.149172510476191
1470528000,10.97093197,11.1482068,10.78208688,11.00050515,10293.79827713,16172.925543655005,,,12.131613786666668
1470614400,11.00050515,11.34977469,10.89339235,11.33635437,11089.01112558,16153.664464792504,,,12.084844692857144
1470700800,11.33683264,12.41642185,11.19565381,12.18216,12295.13921086,16076.528041516507,,,12.050783707619049
1470787200,12.18397011,12.43074342,11.97236363,12.29535166,20207.62217496,16562.339935151504,,,12.039525641428572
1470873600,12.30120751,12.31453745,11.61429317,11.62160668,14142.38848851,16314.073266973504,,,12.054421220000002
1470960000,11.63501352,12.06417706,11.61581363,11.77609752,11272.93039162,16362.228488849005,,,12.07625863809524
1471046400,11.7729416,11.77715286,11.50780666,11.55938653,8441.41009798,16382.328182505003,,,12.06833696857143
1471132800,11.55948525,11.68403868,11.1408405,11.22128014,13749.94566461,16542.627904572008,,,12.019950090000002
1471219200,11.22118196,11.31124499,10.95162157,11.21948357,15115.83397961,16566.033572472006,,,11.875756486190477
1471305600,11.21310223,11.25273307,10.97913484,11.14413538,16729.40594715,16794.622712758006,,,11.743124563809525
1471392000,11.15093855,11.16665067,10.73731769,10.76141993,13765.53875869,17052.853939697507,,,11.670268192380954
1471478400,10.76141993,10.99722799,10.71902072,10.7504662,14526.25797912,17253.761916472507,,11.875530793600001,11.544887546666667
1471564800,10.75027884,10.7755561,10.62582106,10.71648878,15572.87623917,17689.43749023701,,11.813736916,11.510235217142858
1471651200,10.71686263,11.2928541,10.70487965,11.26054997,9149.56126715,17374.168954280507,,11.756878799999999,11.401404141904763
1471737600,11.25497815,11.25560856,10.99486582,11.14790303,6668.21275541,16727.94019777951,,11.6969067894,11.300652031428573
1471824000,11.14814326,11.31257342,11.02934892,11.06922555,16004.19887438,15144.246148975508,,11.6659308046,11.199436710952382
1471910400,11.07395615,11.19662016,10.87557536,10.99271058,13700.32659418,13699.730155814508,,11.6237431776,11.13975132952381
1471996800,10.99988798,11.14507242,10.97123547,11.0224766,11101.50002906,13087.10183770501,,11.5893050428,11.106306002380952
1472083200,11.0238084,11.3430193,10.97308138,11.32934816,15242.45199394,13128.773000950509,,11.568388029800001,11.109956286190476
1472169600,11.32949567,11.41021294,11.17805547,11.28542394,10743.6370114,12990.602343025508,,11.5477003534,11.215877674285712
1472256000,11.28118386,11.28591131,11.07704692,11.16478315,10869.54943906,13019.38990112201,,11.534372832399999,11.250928072380951
1472342400,11.16052139,11.16444025,10.93561134,10.93861879,7059.87894117,12817.933291901509,,11.52523732,11.254990405714285
1472428800,10.93861879,11.1403575,10.79879359,10.94310998,12607.39214492,12833.545938604508,,11.5344457328,11.269685647619047
1472515200,10.93022761,11.27204521,10.92898708,11.22937484,15138.86386239,12580.108022976008,,11.550993109400002,11.278912232857142
1472601600,11.22937484,11.65392684,11.14721916,11.65214999,13003.2787319,12523.152535145507,,11.5746183542,11.275965263333333
1472688000,11.65220075,12.55329483,11.61972759,12.1748097,11793.09505816,12549.160768472506,,11.569157311400001,11.257239339999998
1472774400,12.17438397,12.27963521,11.88439129,12.11133917,12582.87834396,12756.234180771507,,11.5692531482,11.211868618095238
1472860800,12.10144506,12.36968096,11.61467782,11.81693545,14528.4920646,12795.161500771006,,11.569015119800001,11.181239967142856
1472947200,11.82314731,11.8462226,11.25144408,11.6835061,12657.51516178,12672.245559879506,,11.5830121448,11.207582968095236
1473033600,11.69320614,11.81271504,11.60572988,11.74727493,10101.60213305,12340.855369174507,,11.6059846992,11.223546856190476
1473120000,11.75570271,11.75636143,11.48630828,11.71006529,12288.05106599,12266.980984539507,,11.6423946158,11.235811090476188
1473206400,11.72005409,11.75606094,11.53590242,11.58714839,15777.75649904,12329.555910535506,,11.652365952,11.257821850476187
1473292800,11.58314141,11.83711938,11.27307181,11.38940502,14534.13263664,12277.618730409005,,11.6495251644,11.28295477238095
1473379200,11.38940502,11.70271469,11.35146396,11.66511497,12094.31407117,12424.856370610005,,11.6494691754,11.309903815714284
1473465600,11.66511497,12.14538311,11.5404331,12.1368595,7517.77829397,12467.334647538006,,11.659676183200002,11.349224218571425
1473552000,12.13608065,12.18186808,11.15528207,11.66974809,12416.02670664,12287.926039151005,,11.6734065446,11.379649876666665
1473638400,11.66327952,11.96115113,11.63337193,11.94444569,10665.38772231,12136.179095557505,,11.670678028000003,11.424822552380949
1473724800,11.93695178,12.09071185,11.89610777,11.9786304,10305.02494121,12096.355341165005,,11.649231994,11.466551577619045
1473811200,11.97740256,12.00013161,11.8627175,11.92680025,10730.86158338,11870.775820637005,,11.629779670800001,11.49140134238095
1473897600,11.90940093,12.12443307,11.89968889,11.92817809,11847.1244522,11925.950192677006,,11.576433596800003,11.53307849190476
1473984000,11.94235022,12.74401157,11.90502435,12.59813672,11000.39824053,11932.492632750505,,11.522935420600001,11.580027054761903
1474070400,12.59845303,12.77235057,12.45052783,12.75515751,7633.81002287,11961.189186835505,,11.506799055600002,11.623090085714283
1474156800,12.74900398,13.01261057,12.20505737,12.36747472,6925.4302489,11677.091092034503,,11.469322121,11.651605796666663
1474243200,12.36747472,13.02147945,12.36387654,12.99228898,9723.44907604,11406.320352717004,,11.47042144,11.714115929047617
1474329600,12.99228898,14.37126875,12.99223564,14.20871474,11247.91187858,11318.552010051004,,11.4480475516,11.789848041428568
1474416000,14.20429094,14.32844278,13.211501,13.78108414,15790.26737852,11518.410626069004,,11.442685075600002,11.857888799999998
1474502400,13.77733257,13.78134963,12.64257114,13.23971989,13475.37888433,11563.035653087503,,11.440948015600002,11.95546875238095
1474588800,13.23864694,13.40345633,13.09796233,13.32722781,16590.17687817,11666.119893766005,,11.438018650400002,12.097342080952378
1474675200,13.32330133,13.32830401,12.78979855,12.86553435,7509.32163509,11408.710217431504,,11.460859332,12.198719897619045
1474761600,12.8571526,13.08401505,12.79092467,13.02448142,9184.26192264,11362.843206911002,,11.525182234999999,12.249429906666665
1474848000,13.02431866,13.12278213,12.75348852,12.84114122,16014.48813556,11549.165060389503,,11.6254366892,12.307329365714285
1474934400,12.84214541,13.19235753,12.81728526,13.09170875,14578.28501131,11489.191486003003,,11.6845027222,12.357262646666666
1475020800,13.09170875,13.44476218,13.05508893,13.27637949,12388.66775136,11381.918241739002,,11.7261664952,12.421118614285712
1475107200,13.27594028,13.30160864,13.06308333,13.13563829,13826.81690155,11468.543383258002,,11.763940705,12.473207485238092
1475193600,13.13558409,13.34409289,13.03985483,13.25848029,15317.79487799,11858.544212459,,11.805009836200002,12.53900003095238
1475280000,13.25848029,13.30550243,13.06873211,13.1933411,10132.12334272,11744.349044263003,,11.841822557599999,12.619439607142855
1475366400,13.1933411,13.27551418,13.15215165,13.20288626,7724.81587901,11597.320452098003,,11.8769296452,12.70259357238095
1475452800,13.20299434,13.50286995,13.17567942,13.49256874,13644.87248582,11764.312829328503,,11.898814035000001,12.77846811142857
1475539200,13.49328401,13.53036129,13.21005514,13.29804534,13261.16968585,11890.828234452003,,11.9156197676,12.828776759047617
1475625600,13.29799083,13.33647082,13.05392564,13.07008603,12824.79042385,11939.711533034504,,11.948357239800002,12.901783338571429
1475712000,13.06770571,13.14156477,12.72509192,12.8661062,11815.38458639,11980.460850327505,,11.976702111400002,12.975503483809524
1475798400,12.86558082,12.96763426,12.53442402,12.66246651,17981.41737256,12497.841217812005,,12.009572106000002,13.038332766666665
1475884800,12.66313322,12.68388124,12.02936719,12.17956978,7575.6496246,12530.352186597005,,12.054997878000004,13.092774946666665
1475971200,12.17936782,12.33739585,11.95941027,12.03947726,6738.71286445,12381.115376017504,,12.096569113400005,13.137438189999997
1476057600,12.03952126,12.04256633,11.64424334,11.73614234,11418.31918141,12389.635741159005,,12.135088126400005,13.140501513333334
1476144000,11.73837448,12.41936042,11.72780265,11.75864903,23770.59006307,12788.651875386506,,12.177181851800006,13.11309257380952
1476230400,11.75626471,12.07616193,11.65158324,11.73827648,14879.91648235,12858.878755287506,,12.215421858000004,13.097473647142857
1476316800,11.74271105,12.11758338,11.73569426,12.07340138,12928.52763576,12675.796293167006,,12.244683478000004,13.03765714047619
1476403200,12.07948714,12.08086595,11.84296725,11.90682494,16729.17706818,13136.789064821507,,12.260262023800003,12.920987344761906
1476489600,11.90682494,11.98551952,11.76699553,11.93571254,7382.28840745,13046.690389062007,,12.272026810000005,12.82371078952381
1476576000,11.9356751,11.9972835,11.90546499,11.95649678,7159.76763259,12603.954363913506,,12.285815279600007,12.768171812857144
1476662400,11.95733624,12.00059085,11.8088688,11.98884496,14573.15259757,12603.697743226508,,12.300726597600006,12.700533580952381
1476748800,11.98884496,12.85660005,11.9755842,12.51928746,13034.42343223,12635.985527270006,,12.321745093200006,12.656256351904764
1476835200,12.51933669,12.58054125,11.88645071,12.00803857,16664.23896372,12777.856630378508,,12.333294628800006,12.605399940476191
1476921600,12.00260257,12.25720823,11.99339109,12.06555584,10883.65412638,12556.149592798007,,12.346300400800006,12.564814404285714
1477008000,12.06219896,12.16921104,11.98467992,12.16921104,14003.546039,12749.720727612006,,12.362134673400005,12.537556247619047
1477094400,12.16839174,12.29136227,11.95667369,12.11239038,14505.92627293,13088.776247308006,,12.383139196800007,12.47715906095238
1477180800,12.11368275,12.17227731,11.87385298,11.91576344,10870.59463472,12950.062354753007,,12.414662746400007,12.426202753809523
1477267200,11.91580913,12.01670721,11.83287747,11.85503761,15502.37828313,13062.122784617006,,12.430236021000006,12.37433278952381
1477353600,11.85699828,11.95853371,11.1732275,11.31516904,17541.26823371,13297.946675110006,,12.438504138000006,12.322858945714286
1477440000,11.31434612,11.67199222,11.30321493,11.47391461,20375.71866804,13725.963379192506,,12.438392164800005,12.261567382857141
1477526400,11.47344671,11.56272741,11.19887409,11.48385553,18938.90668216,13773.837844672506,,12.438413189000007,12.183589709999998
1477612800,11.48305999,11.54942541,10.94581328,11.05190723,14467.59807078,14118.435266981503,,12.440389748800005,12.089167029047617
1477699200,11.05190723,11.22253385,9.95439046,10.34887408,15581.81380536,14560.590314027004,,12.443820379000005,12.013158866190473
1477785600,10.34876531,11.40066371,10.26094813,11.22051736,12700.5569377,14624.702201841505,,12.435178261200008,11.947337405714283
1477872000,11.22043703,11.44105069,10.88346512,10.96804055,15451.55325607,14208.750361491504,,12.430455247600007,11.870644106666665
1477958400,10.96831959,11.21118082,10.40012371,10.80314837,20338.88226289,14481.698650518505,,12.428389390400007,11.78346812095238
1478044800,10.80314837,11.17820837,10.72181701,10.96153475,16275.15280913,14649.029909187006,,12.421639434600007,11.74447003047619
1478131200,10.96157166,11.19035051,10.57743672,10.87084448,33146.74381092,15469.908246324005,,12.395314616800006,11.707893754761905
1478217600,10.87709234,11.19895202,10.76751425,11.14797349,17712.56933279,15986.422292591003,,12.376987774000007,11.662393723333333
1478304000,11.14789449,11.27922599,10.92677221,11.27898629,8005.61070063,16028.714445993002,,12.362953623200008,11.62540602190476
1478390400,11.27720052,11.29610897,10.86861469,10.91365307,9373.15714108,15768.714673168502,,12.340127676800007,11.568141407619047
1478476800,10.91369131,11.014817,10.83005385,10.87458728,13068.55915976,15770.421459545003,,12.319785763800008,11.532005624285713
1478563200,10.86221884,10.93232822,10.78290751,10.84573176,16450.43064157,15759.731043437505,,12.298666648400008,11.500732945714285
1478649600,10.84195761,10.98359461,10.31761734,10.67989095,28984.75086714,16664.785880475505,,12.283062556400006,11.451073721428571
1478736000,10.68000196,10.683889,10.47476186,10.52089544,15912.03642163,16760.210399607007,,12.256679547800008,11.39801383190476
1478822400,10.52126428,10.56082187,10.25935051,10.31248118,10554.95513336,16562.661842628506,,12.21984945900001,11.318320703333333
1478908800,10.3112579,10.33674109,9.75209131,9.95719787,8872.054264,16462.734824092506,,12.189991710200008,11.255075578571429
1478995200,9.95362038,10.34738329,9.76120778,10.09255291,15976.98068479,16486.464944175506,,12.14706056580001,11.18152032142857
1479081600,10.09255291,10.16888169,9.92763106,9.99579027,19139.55147587,16566.379106283504,,12.076484090000008,11.093104613809523
1479168000,10.00017537,10.35763949,9.86614676,10.22194875,17069.97408133,16401.091876948005,,12.01128031600001,10.990476399047619
1479254400,10.21907669,10.61991172,9.83968953,10.01461945,24654.34674933,16686.863880306504,,11.952735541800006,10.903656849999999
1479340800,10.00950248,10.1773346,9.84446184,9.92643525,18329.56906408,16879.962429971507,,11.885334943000007,10.815121262380952
1479427200,9.92525079,9.98776178,9.4732842,9.50663236,13471.9378205,16774.46863072851,,11.829875314200008,10.763063153333333
1479513600,9.50666405,9.7329158,9.4428216,9.68188301,8309.3795508,16554.909761383507,,11.769301491200007,10.693572907619048
1479600000,9.68188301,9.68496293,9.39301115,9.55276187,15079.83549594,16536.323873377005,,11.71691764180001,10.619410037142856
1479686400,9.55187739,9.61569793,9.49991705,9.5948079,11740.01282096,16106.380401280509,,11.65537585580001,10.54582551952381
1479772800,9.59477211,10.24591284,9.54204133,9.84715826,17245.75476394,16154.910499021007,,11.58837697100001,10.514064040000001
1479859200,9.84686225,9.93795808,9.69175694,9.7898025,12429.31651333,15119.039134141505,,11.51579685240001,10.434647111904763
1479945600,9.7897695,9.82103855,9.03537444,9.21521869,11583.58583699,14812.589959351506,,11.444264906800008,10.369255080952382
1480032000,9.21521869,9.65511811,9.1849285,9.39222861,10801.66480906,14952.392664773006,,11.37145332220001,10.323731742380954
1480118400,9.39115008,9.47293709,9.19594037,9.30385459,8428.59913449,14905.164764443505,,11.299291755000011,10.26793496857143
1480204800,9.30382288,9.30934569,8.72039698,8.94520673,10317.20935123,14767.597274017005,,11.226383545400008,10.189095645238094
1480291200,8.94506864,9.00041451,8.68901911,8.69029899,13973.11654681,14643.731569279005,,11.156218688600008,10.105488746190478
1480377600,8.69152541,8.70434665,7.8754927,8.15256962,15288.3293097,13958.910491407005,,11.07912134180001,10.011434855714286
1480464000,8.15276452,8.67566131,8.12535827,8.60311514,15721.81887491,13949.399614071004,,11.009643790000009,9.917699315714286
1480550400,8.60259362,8.60329767,8.33794696,8.44216215,15613.00463378,14202.302089092005,,10.942471551600011,9.813685587619048
1480636800,8.44219018,8.44605808,7.39897728,7.68588066,22675.98432687,14892.498592235506,,10.877784290600012,9.685439771428571
1480723200,7.68949495,8.08305486,7.67089284,7.89666652,10202.30331126,14603.764723559007,,10.81080072520001,9.586545685238097
1480809600,7.90506156,7.90540231,7.42500515,7.50413714,8801.89705079,14086.882002305007,,10.73912927080001,9.487558385714285
1480896000,7.50401471,7.56738074,6.69609407,6.70257205,15942.36191963,14030.501394220008,,10.67601859300001,9.36248217047619
1480982400,6.70096759,7.82919451,6.10455406,7.76127389,17228.61579154,13659.21484633051,,10.61009630640001,9.26436163
1481068800,7.76060143,8.52162167,7.37325335,8.33715481,15008.27325208,13493.150055730508,,10.52234589200001,9.141103736190477
1481155200,8.33731841,8.84118432,8.28215359,8.28595287,15755.6064562,13607.333487515509,,10.442142723600009,8.984283820952381
1481241600,8.28745315,8.65322681,8.05514279,8.51710916,12757.29681383,13829.729350667007,,10.35351121560001,8.867108827619047
1481328000,8.51918558,8.51987588,8.03952648,8.10518362,10943.11550507,13622.893351123508,,10.248432721000011,8.787229559047619
1481414400,8.10669731,8.27296912,8.04714019,8.24622322,9017.25398493,13486.75540932201,,10.163881299600012,8.70911135047619
1481500800,8.24622322,8.58902466,8.15234665,8.4889493,13698.20780143,13309.37806119651,,10.080238646600012,8.661991198095238
1481587200,8.49009441,8.58128931,8.28337863,8.35546833,16528.40394815,13514.332432937512,,10.005796932600012,8.586910274761905
1481673600,8.35399048,8.50708562,8.21663084,8.2295569,13147.88429924,13592.54735605001,,9.93482799900001,8.52469414857143
1481760000,8.22940074,8.2430876,7.75051164,7.77786479,15176.10151452,13811.269191323012,,9.853547450600011,8.472034215238095
1481846400,7.77986871,7.90672794,7.77598619,7.82265783,16851.89569469,14232.43401933301,,9.77622410740001,8.401001361428571
1481932800,7.82233295,7.88311741,7.5318326,7.82802461,10740.73584499,14253.61034402101,,9.70768782460001,8.326703951904761
1482019200,7.82909,7.92459907,7.71585417,7.88045326,7748.51211976,13942.380122668508,,9.63769643900001,8.258258528095237
1482105600,7.87603955,7.88025399,7.61158627,7.61916802,15377.83443257,13946.855378812008,,9.575984196200011,8.18351706238095
1482192000,7.61761748,7.73559006,7.55157375,7.63460028,16820.12298623,14001.770584378008,,9.502063199800011,8.113239444285714
1482278400,7.63216661,7.99943494,7.62940515,7.91041063,25575.79522765,14499.910114071507,,9.42883924580001,8.062536898095237
1482364800,7.90967118,7.91746557,7.36742207,7.57937729,29567.26933484,14844.474364470007,,9.36436159340001,8.01153066142857
1482451200,7.57822973,7.70340951,7.12324998,7.18685262,40381.69114522,16353.443756168006,,9.314993177000012,7.986865454761903
1482537600,7.18785282,7.4127818,7.1433222,7.25691451,18546.57673378,16840.677740317504,,9.24296619020001,7.953879525714283
1482624000,7.25695306,7.31706176,7.17180844,7.20065853,15119.56153671,16799.537721171502,,9.17629738480001,7.91279453238095
1482710400,7.20027643,7.32648662,7.10106867,7.23012683,12184.77647186,16547.345755187504,,9.11844263000001,7.889031292380951
1482796800,7.23155022,7.28929038,7.06231447,7.17087133,20215.8050699,16807.722346078503,,9.050799480800011,7.858566910952378
1482883200,7.17085592,7.67997433,6.98842837,7.5999693,30426.18738007,17541.251392272003,,8.977119643600012,7.844115548571427
1482969600,7.60376867,8.48182574,7.5610427,8.25019839,23559.45551644,18081.3593274025,,8.899298464000012,7.8692372047619035
1483056000,8.25062276,8.48441213,8.06652378,8.16274585,24975.79625643,18782.993364970498,,8.817731908800013,7.841122797142855
1483142400,8.16425308,8.18038509,7.93080348,8.02591557,12318.26891671,18948.0441115595,,8.744061384000013,7.806018725238094
1483228800,8.0257088,8.52339925,7.9994249,8.13890572,17099.14431434,19118.090937205,,8.669987065000013,7.80431613095238
1483315200,8.14582056,8.44658205,7.94903846,8.31994295,22051.63881645,19394.25268062,,8.605071815800013,7.787441687619046
1483401600,8.31775134,9.91959407,8.20622815,9.68737911,23863.38908793,19930.027920054497,,8.556477964600013,7.783667018571427
1483488000,9.69054396,11.11940612,9.61433883,10.98537172,48673.03748362,21604.874718509498,,8.509314972800013,7.778556661428571
1483574400,10.9860034,11.56843115,8.88389529,10.28038158,71081.10435723,24316.3351516365,,8.463583660600014,7.7705087399999995
1483660800,10.27631806,10.47569183,9.57171985,10.2685092,56023.1213112,26580.454424947,,8.427217817600013,7.833933062857142
1483747200,10.27575406,10.55749412,9.42385752,9.94185351,41437.11314486,28264.884476201998,,8.391765618400012,7.965162339999998
1483833600,9.95457041,10.47813821,9.74507054,10.37946797,19814.80394537,28486.732951841997,,8.385597395200012,8.084329806190475
1483920000,10.37595526,10.94297857,10.17065261,10.28341909,22014.4873934,28746.451172200505,,8.400865854600013,8.20079891904762
1484006400,10.2831682,10.68567912,10.25622117,10.54623374,23261.52679604,28630.737750620006,,8.406181097200012,8.301457438095238
1484092800,10.54623083,10.77085228,9.46322631,9.75638012,75010.64318394,30902.906443075004,,8.413022576200012,8.420458138571428
1484179200,9.73535904,10.24098338,9.19054543,9.92348676,42048.12582156,30986.228176892007,,8.421726999200013,8.547327237142857
1484265600,9.92599115,10.00483362,9.53916463,9.85261767,34126.77570158,31765.23812528201,,8.435678698400013,8.68597644952381
1484352000,9.85192877,9.98936627,9.64780176,9.84262883,18380.26493363,31928.27329512801,,8.450291842800011,8.773879758571429
1484438400,9.85365711,10.04437778,9.80056808,10.00873043,12450.69064885,31941.56900397751,,8.469320359600012,8.88550401904762
1484524800,10.0089693,10.08388769,9.61929612,9.65723094,16247.50403325,31743.15395214501,,8.46750479680001,9.012445211904762
1484611200,9.65708611,10.65533745,9.63866839,10.26805285,31833.41604417,31813.515385350016,,8.470178482000012,9.135574465238095
1484697600,10.2681945,10.5178823,9.83653243,10.31424405,27966.46226624,32033.86572284002,10.913428753549999,8.48292646160001,9.269292174761906
1484784000,10.31445016,10.48249488,10.17359682,10.44780652,26266.16245963,32098.38403300002,10.890655784049997,8.49193446600001,9.38486856095238
1484870400,10.45170881,10.80397103,10.3781027,10.63850722,19509.06202699,32457.92368851402,10.869961270999998,8.50603198280001,9.532353395238093
1484956800,10.63251575,10.99728212,10.56060012,10.96398416,17007.60393288,32453.34666944102,10.848510679799999,8.52027246700001,9.661604573809523
1485043200,10.96398416,11.01826275,10.52994649,10.79544896,18494.30297999,32275.479877618018,10.836172728099998,8.55182754420001,9.76625258
1485129600,10.79026244,10.83118879,10.61830476,10.74617378,14386.58274837,31801.639560640022,10.821917142499998,8.595061032800011,9.884145978571429
1485216000,10.74752975,10.81879611,10.43662645,10.49426851,26041.25356979,30670.050364948525,10.808011319599999,8.631954860400011,10.024054006666669
1485302400,10.48753127,10.63254529,10.4316046,10.50911644,16860.88871349,27959.03958276152,10.79781958075,8.675881761800012,10.150556065714287
1485388800,10.51078908,10.67339428,10.4517862,10.64556194,16362.63471618,25976.015253010522,10.788479366749998,8.741443831800012,10.266090867142859
1485475200,10.64838574,10.65196779,10.40727908,10.54035929,16280.78671159,24718.198931347022,10.78204039135,8.799419480600013,10.304514171904763
1485561600,10.53867408,10.56698337,10.43560037,10.561475,7138.77166289,24084.39731722302,10.777985496449999,8.864260213400012,10.28183534904762
1485648000,10.56534892,10.56706652,10.41300891,10.43877842,7892.057472,23378.275821153024,10.779995137449998,8.940094142600014,10.299224890000001
1485734400,10.44202425,10.70114026,10.41349587,10.57870673,12561.74626871,22843.286794786523,10.781462485599997,8.995050993600014,10.312170132380954
1485820800,10.57620972,10.84250242,10.54456242,10.71579771,24478.54993008,20316.682132093523,10.784672546,9.041219136200013,10.341675917619048
1485907200,10.71144777,10.83418237,10.51024917,10.73585008,20533.56785533,19240.954233782024,10.779954712099999,9.086307264600014,10.344500224761907
1485993600,10.73617044,10.92999568,10.60006754,10.82090538,22722.53241067,18670.742069236527,10.777831159549999,9.127194581400015,10.358561540952383
1486080000,10.82090538,10.96885117,10.45046487,10.95998552,28062.09290913,19154.833468011526,10.77628391225,9.173866477400015,10.366636015714287
1486166400,10.96090173,11.52714297,10.95607817,11.33461058,17673.6386261,19415.980866874026,10.776338090749999,9.220516147600014,10.413277442380954
1486252800,11.34419715,11.37457718,11.0856951,11.22866797,14449.80606403,19326.09596841303,10.7766278544,9.265053115800013,10.456011662380954
1486339200,11.22571771,11.32952869,11.1380548,11.27651264,17278.62084286,18598.35620834753,10.777050177149999,9.312660750800013,10.508743464761906
1486425600,11.27744832,11.52878711,11.22912143,11.42463897,19490.27536269,18174.546863170028,10.771879849,9.364487720400014,10.579790214761905
1486512000,11.43025792,11.56680354,10.98450908,11.32737566,26165.35678352,18169.50657936453,10.765663963399998,9.428130135000014,10.63788247857143
1486598400,11.32605672,11.50620732,10.1778873,11.06407312,58543.52565673,20121.22976085153,10.76091168605,9.498369190000012,10.714991130952383
1486684800,11.0587638,11.53893071,10.7855374,11.39461311,27205.70569076,20631.134848745533,10.758831590249999,9.566382057200014,10.770066660476195
1486771200,11.38150972,11.52996128,11.30538829,11.46991302,14129.71479895,20412.90543969353,10.758513781749999,9.634303244800014,10.818311022857145
1486857600,11.46594229,11.48566278,11.37748865,11.45411613,8841.64263277,20135.65843391353,10.756568963549999,9.710412663800014,10.847657051428573
1486944000,11.45413323,11.48687737,11.15808582,11.39516551,16625.90543101,19664.891026974532,10.750403769799998,9.784268171400013,10.883662093809527
1487030400,11.40270443,13.42425544,11.37360625,13.07453624,18811.18013603,19762.405598101534,10.74359767735,9.847341421200015,10.907753944285718
1487116800,13.07453624,13.11691998,12.70562621,13.05073741,14341.79872006,19661.363798295533,10.726700056199997,9.923646137600015,10.939119047619052
1487203200,13.05089832,13.08716441,12.67782379,13.0015678,20061.0223008,19850.375577756033,10.711613649999999,10.009307345600014,10.970023415714289
1487289600,12.99796135,13.0807569,12.75322285,12.77648779,20245.1959536,20505.696792291532,10.7031776959,10.093251378000014,11.092893307619052
1487376000,12.77716826,12.98151788,12.76221623,12.84092275,15131.2966905,20867.658753216532,10.690888375799998,10.177141517600013,11.213922877619051
1487462400,12.84080457,12.95722027,12.70893358,12.84430437,9383.08427764,20708.72565366303,10.688878769399999,10.294029705800014,11.326113632857147
1487548800,12.84423744,13.13255999,12.77837507,12.98702295,14198.41343913,20194.71882911553,10.680914987499998,10.411627027400014,11.432595942380956
1487635200,12.98747103,12.99141705,12.32954109,12.8351527,25338.69410424,20434.97514156103,10.67355951245,10.519658997400015,11.541141073333337
1487721600,12.8314088,12.93042005,12.64998815,12.71686981,27416.5386519,20669.675453622527,10.674722141099998,10.610184785400016,11.655689928095242
1487808000,12.7201949,13.50035453,12.62929741,13.35082093,29377.61368612,20735.45149247203,10.677406113249999,10.703748323400013,11.770371652857147
1487894400,13.32295571,13.46070225,11.97899702,13.19397361,48625.94698523,22283.066910428533,10.68316267775,10.800116099400013,11.871293319047625
1487980800,13.19372009,13.85499964,13.08044983,13.68165593,19664.82681329,22543.817947891534,10.692082268749997,10.897078444000014,11.965627591904767
1488067200,13.6813262,14.69074129,13.38682653,14.67778258,15133.95984002,22436.584897749533,10.712445075349999,10.987382639000016,12.086099760952388
1488153600,14.68217378,15.79816808,14.54338266,15.79169619,18266.21237222,22375.381748226035,10.725234506,11.047972453000016,12.192480146190482
1488240000,15.79714951,16.25312012,15.4497458,16.01229568,29782.45371688,22556.236594894035,10.73394942495,11.095281437200015,12.304244210476197
1488326400,16.02849802,17.34465569,15.55167274,17.33897053,23867.6164202,20822.441133067532,10.743241069149999,11.153553277800015,12.46848776333334
1488412800,17.34465569,19.7336559,17.10024151,19.29497978,34252.0876381,21174.760230434535,10.7519702939,11.221816212400014,12.68349650380953
1488499200,19.29712349,20.82909175,18.57341261,19.96501058,36840.25918376,22310.287449675034,10.7637218728,11.316534793800015,12.901956347142862
1488585600,19.96579083,20.20377012,18.8659929,18.86610464,16768.59525584,22706.63508082853,10.773009968999997,11.424779358200015,13.188222769523815
1488672000,18.87852254,19.60078067,18.42383283,19.3677225,11816.1476875,22466.147193653032,10.780507448649999,11.539356890000015,13.580170705714291
1488758400,19.35490943,20.25329253,19.18577893,19.88313298,15288.84614663,22290.030494183033,10.792419603249998,11.675211625800015,13.988284870952388
1488844800,19.88313298,19.88413734,17.74793913,18.99399959,40433.30680167,23594.605898263533,10.8132700508,11.865983619000014,14.34048447190477
1488931200,19.03385465,19.12071351,16.79460515,16.84728032,37844.27439144,24483.76850279553,10.834451041599998,12.066814095400016,14.717322870476195
1489017600,16.84468084,18.06781791,16.16442985,17.85686167,23616.31701131,24652.324555681033,10.8633489616,12.247083834800014,15.121511797619053
1489104000,17.85723956,19.88305729,14.64621321,19.8049093,83040.51995666,28047.785718989035,10.9037174598,12.437585708200015,15.403391004761911
1489190400,19.79741721,21.67548943,18.84772523,21.61724886,27480.62590622,28952.66280041804,10.94744509485,12.635073759200015,15.58417876238096
1489276800,21.57690079,23.54435829,21.31688019,23.52078108,17183.94751078,29101.93950400054,10.98605494115,12.821809132200015,15.815383232380958
1489363200,23.51834255,30.80291951,23.50954473,28.76692004,23600.10147013,29015.00987229504,11.029086453999998,12.953393681600014,16.150069970952387
1489449600,28.76692583,30.02719637,27.74206246,28.81866287,21026.08447597,28695.48716349854,11.0747497879,13.104246034000017,16.567990261904768
1489536000,28.82822386,34.9046307,28.68975635,34.84200493,18933.76222744,28173.29459056454,11.116137341950001,13.291388089600016,17.07639391476191
1489622400,34.85591408,46.76340941,34.75768503,44.73228299,46050.04772204,28044.49962740504,11.1440709937,13.510962922400015,17.827817585714293
1489708800,44.72636719,54.04153324,40.96147476,44.41248215,53676.46826237,29745.081699859038,11.177615786899999,13.762098860800016,18.588937117619054
1489795200,44.46955671,46.17908727,32.4060037,32.57224546,57637.64578197,31870.265996956536,11.221294205649999,14.121528282400016,19.64251498047619
1489881600,32.5385802,45.81656351,32.53831857,44.15776477,34443.27591371,32679.119174031035,11.274416897050001,14.482978064200015,21.136870316666666
1489968000,43.98425176,45.54352524,41.74939189,42.80884702,24676.60749085,32423.826862729533,11.33690841945,14.969932792600014,22.623465961428572
1490054400,42.83007346,44.31621615,42.16981845,43.03133821,35369.91563256,32998.94182334754,11.42409627885,15.654396123600014,23.523017843809523
1490140800,43.02768542,43.10234517,38.99866156,41.93617138,42077.83513622,33390.22919825353,11.511762473499997,16.329734527800014,24.926826519523804
1490227200,41.99236152,44.48149202,40.90217128,43.53615575,22770.83464553,32686.75797134203,11.6301485824,16.770372251200016,26.213357511428566
1490313600,43.55894123,53.47277878,42.22151538,53.20706239,47097.49136812,34203.20277695603,11.7991169034,17.442298046600015,27.499978584285714
1490400000,53.18583424,53.56769039,47.74965951,50.06467188,41795.92197297,35702.19149122953,11.96646376425,18.089699418600013,28.671273862857138
1490486400,50.06716364,51.83482997,48.72634566,50.68265889,27739.03729491,36324.701048643525,12.073178117349999,18.738752048200016,29.825615575714284
1490572800,50.64178044,52.25428175,49.09863259,49.44022245,29662.29617923,35786.15051752153,12.23570619125,19.363159521600014,31.40857042380952
1490659200,49.43998515,51.12296118,48.88847068,50.54476763,31590.04365984,35473.43898094153,12.38887637785,20.019165635000014,32.89421648285714
1490745600,50.53265686,53.95447008,50.00077793,53.23194391,29204.94421644,35752.870341198024,12.543476373049998,20.866888775200014,34.385403929999995
1490832000,53.23016682,53.76187387,51.7973477,53.04165464,27217.2078953,32961.70473813002,12.6940725527,21.648982502400013,35.79288438095237
1490918400,53.04192254,53.46353442,48.0861553,50.61957422,33558.2610837,33265.58649700402,12.85333580095,22.435943468600012,37.29530190666666
1491004800,50.63163402,52.86352257,49.35546254,51.55608178,19789.71847686,33395.87504530802,13.060634738249998,23.200174558200015,39.0279049347619
1491091200,51.5562001,51.61407808,48.68398754,48.85951026,21773.3358552,33304.53676456152,13.252407771199998,23.985539658000015,40.703371266666664
1491177600,48.83530728,49.53392171,43.67085295,45.1813362,34410.43955964,33973.754518745016,13.4478853237,24.821685756800015,42.17073626285714
1491264000,45.19248726,46.30474759,41.80765266,44.66486036,26157.65192549,34334.94900364752,13.638139410849998,25.655971336400015,43.59639497333333
1491350400,44.66477256,47.93490396,44.65325028,46.21779639,21963.99880399,33130.646557745014,13.832537674149998,26.447081358400013,44.8030011247619
1491436800,46.24934142,46.51128122,42.07348404,43.53933613,31744.63204822,32034.05474703752,14.038013096199997,27.250310731800013,45.58463998952381
1491523200,43.5397012,44.83991921,42.20897902,43.05193991,19637.67892886,30134.05640438202,14.244872628949997,27.998102676600016,46.339220822380945
1491609600,43.05193991,45.61660803,42.36884624,44.82647978,12054.79528555,29014.632372974018,14.438248271599997,28.672647078000015,46.88092517761904
1491696000,44.82647031,44.91217315,43.52156447,44.07875567,15954.69734904,28578.536865883514,14.636135528499999,29.338040975000016,46.82411818428571
1491782400,44.06594634,44.9410156,43.24775877,44.43942412,17368.41420163,27678.461794337014,14.82079907855,30.000906178000015,46.75933045857143
1491868800,44.44621701,44.85382569,43.98892751,44.00090345,16974.27402755,26423.283738903516,14.987064869099997,30.610678152400013,47.34286542619047
1491955200,44.00099343,47.56562004,43.85506733,46.7155724,18914.27333594,26230.455673424014,15.147398487299997,31.211685594600016,47.339103088095236
1492041600,46.71524582,51.10673716,46.67159053,50.6557334,27512.0658386,25251.184396948014,15.314711681699999,31.852685434400016,47.416749616666664
1492128000,50.65201661,50.77262371,47.24771239,48.11902542,24056.59369764,24364.217983181512,15.470570988749998,32.47744209280002,47.46291938999999
1492214400,48.10454138,49.4395241,36.56390422,49.40883008,10622.6529591,23508.398766391016,15.620869243399998,33.109344487800016,47.690509914761904
1492300800,49.44100573,49.49371411,47.8598652,48.29725545,9471.23110808,22498.845512833515,15.773958068599997,33.72962209780002,48.02953742190476
1492387200,48.29351443,49.30614221,47.98859061,48.17089267,17420.59439863,21790.373049773018,15.925446426249998,34.407230491800014,47.787249947142854
1492473600,48.21126998,50.74328954,48.13149631,50.38095065,21151.63249061,21387.707463481514,16.081444947399998,35.166007763600014,47.75601938523809
1492560000,50.38196649,50.72474952,48.53275673,48.54601343,22200.50820458,21136.872478945515,16.234813325599998,35.861371853400016,47.642428745238085
1492646400,48.59432002,50.3829565,48.29455567,50.03428734,24034.45599577,20660.682224549015,16.404063515849998,36.585668982800016,47.581984469999995
1492732800,50.04172577,50.3374186,49.35958764,49.73277642,20174.22346469,20679.907473940515,16.592219775749996,37.277980973200016,47.57418366142857
1492819200,49.73246762,49.74014778,48.73796762,48.85311761,15472.55943998,20364.868653179517,16.768609196749996,37.94784317500002,47.3510441147619
1492905600,48.82603029,49.99399781,48.64323141,49.9655379,11607.2632886,19224.709839627518,16.9501948034,38.63962826420001,47.20783614809523
1492992000,49.96483617,51.19158213,49.90583804,50.26514777,16678.36334803,18750.745410754516,17.1252991832,39.29030261920001,47.16560768142857
1493078400,50.27159922,50.95690505,50.15602753,50.39872423,20134.1120124,18659.251071175015,17.3004754551,39.944208955400015,47.03689510190476
1493164800,50.42535013,54.02549607,50.3324219,53.41679056,29921.64136667,18568.101537097515,17.4860878069,40.552964888200016,47.089563084761906
1493251200,53.4069683,63.29557762,52.74953145,63.10335508,33555.74540203,19264.004860756017,17.66285116855,41.13072702880002,47.33164935
1493337600,63.12422657,72.41964596,62.48935098,72.14331421,42738.49058172,20798.18962556452,17.847008173949998,41.75271569400002,47.60469048666666
1493424000,72.18167493,73.4407538,68.11401991,70.27818953,19424.32148884,20971.670832554515,18.02820921235,42.37066419940002,47.94749973285714
1493510400,70.3215275,79.85172487,69.49897683,79.67733905,19043.03000674,21055.401622810015,18.205984573699997,42.980976024400015,48.879119682857144
1493596800,79.64719739,84.4453925,73.29694247,75.7642896,51581.18067491,22785.746955178016,18.390461833049997,43.66943184380001,50.264423220952374
1493683200,75.76432972,79.47630373,75.06385588,77.86166007,34216.66609912,23550.866593337014,18.5774570409,44.594553339000015,51.47640939952381
1493769600,77.84967393,81.62440884,76.31053684,81.58176098,39583.61635202,24154.444119008018,18.7661383295,45.68028238980001,53.17158003666666
1493856000,81.58215089,99.17566373,80.2428297,99.1711108,65656.56464622,26234.44266643702,18.9723244334,46.689747994400015,54.66324029761904
1493942400,99.1424626,101.1858216,90.6723139,93.06397314,48522.9528345,28129.45766020702,19.2276438225,47.85094979820002,56.275657279523806
1494028800,93.0099668,96.93346473,91.64387525,96.68467224,24439.00135023,28877.846172314516,19.52967968185,48.895819968600016,57.935951973809516
1494115200,96.62474457,97.57595213,89.20819352,91.96734345,28829.91033209,29448.311968987517,19.82227738435,49.87771476920001,60.24620804047619
1494201600,91.99520828,93.41414284,86.51333438,90.48176929,51363.4858077,30958.904634842016,20.1619726972,50.93297673140001,62.386443646190465
1494288000,90.46111157,91.89901187,78.63704395,88.56646775,54649.04463913,32581.33145656951,20.480427138299998,52.21955884880001,64.63767422523809
1494374400,88.56379093,92.12145401,85.61145036,90.80269066,38637.12141948,33311.46472775501,20.810201313949996,53.18619265180001,66.7172022252381
1494460800,90.82683156,93.73230944,87.90448973,90.06592055,55960.38209312,35100.77265917651,21.15843155615,54.23163645360001,68.73200587380951
1494547200,90.02162748,94.60757827,87.64450105,88.19475007,57471.91653499,37200.740513927005,21.59450462625,55.41953841340001,70.55036383095236
1494633600,88.17875002,95.13846587,86.1117382,91.57733336,35919.63417889,38416.35905844151,21.999880267149997,56.34601850380002,72.56258655619047
1494720000,91.58131225,92.06453229,88.86237406,91.0975669,17153.52432617,38440.1171073485,22.42070719105,57.26117091840001,74.46885480428571
1494806400,91.07582869,97.98307753,90.38923977,92.49480195,42013.00887809,39534.061950633,22.82050371545,58.21659796740001,76.3003773590476
1494892800,92.50267021,94.19408483,90.08445431,91.30993709,41317.08004561,40103.833884579995,23.212584782700002,59.179192950800015,78.33486382333334
1494979200,91.3051473,91.91496783,86.53572304,89.60642878,49867.39797335,40919.416513146,23.59457106625,60.07236483720001,80.29353187095236
1495065600,89.55700506,103.92123664,89.33672563,97.30935905,38416.86913677,40703.3354408985,23.98802256765,60.83977025660001,82.3044677842857
1495152000,97.30063504,133.97546608,97.25678371,130.18479878,49042.5975748,42184.2492451965,24.3787733532,61.66042815700001,84.25262077761904
1495238400,130.20268442,133.81705257,126.17156617,129.26389839,37421.67509587,43103.181499653,24.7604719155,62.49667101820001,85.97593688333333
1495324800,129.21787585,156.3617924,126.42106213,156.11388951,34766.43994116,42262.444462965504,25.161782737099998,63.33406531100001,87.60479421523809
1495411200,156.03904327,198.60111926,155.93117154,168.33422423,67659.60091287,43934.591203653006,25.559900998550003,64.11529853400002,90.36867443285713
1495497600,168.10986085,182.95262148,167.87186754,182.69359791,50993.42700397,44505.081736250504,25.96495573065,64.99684683680002,93.17751771190476
1495584000,182.76780696,227.29101035,181.84491545,191.61212893,67386.11051718,44591.55902979851,26.366245879949997,66.53970971960001,96.81735344809523
1495670400,191.49237141,210.74303474,170.92053774,175.41083109,109913.33269451,47661.07802279901,26.76253365345,68.11259620300001,101.22544557333333
1495756800,175.2522742,197.222565,149.59460823,163.29939433,88637.09105358,50870.98250796652,27.192977861899998,70.20375235760001,106.21744261333333
1495843200,163.38340026,168.45067539,124.54485643,157.54115498,81478.54460582,53503.414221653016,27.78906165305,72.59324663700001,111.45698394428571
1495929600,157.31011846,183.83913193,157.25853928,172.08928833,45908.35340905,53230.657601720515,28.38136540315,75.34349187120002,115.0874468152381
1496016000,171.89484542,198.28972738,164.56269694,194.47503001,40245.37362361,52510.47405094451,29.107127176949998,78.28243724260001,118.43199068142857
1496102400,194.72946087,236.86605818,189.58641058,233.58236449,57260.93848467,53441.66490420401,29.894444075699997,80.8662979366,121.32991843095239
1496188800,233.50570937,241.3213794,220.76542433,233.31962205,61408.23009095,53714.05730409551,30.752172197799997,83.26149910060002,125.1452491395238
1496275200,233.32774085,238.4948879,214.05781308,224.76542447,62030.19367697,53941.97116119452,31.653837910999997,85.55128340200001,130.09730917380952
1496361600,224.78688738,232.41657326,218.90230907,225.59094347,41460.7538854,54219.02714652001,32.476323801099994,88.09653957300002,137.0028280661905
1496448000,225.55120067,227.99218446,221.91041995,224.31772163,34239.76031631,55073.338946027005,33.23844783635,91.1044650598,143.78934860857143
1496534400,224.26013271,252.0581747,220.69662586,246.40661367,32741.11131751,54609.744067998006,33.971924952449996,94.88732386720001,150.2036107
1496620800,246.44394494,251.98855193,243.53979733,249.90969905,38971.70083103,54492.47510726901,34.77897193935,98.67369823920002,156.74628657619047
1496707200,249.9328684,267.75284983,244.72327347,265.75997282,79457.34182451,55971.97229982701,35.6987426122,102.23469528060002,163.06725744619047
1496793600,265.75696839,266.88940984,251.63889008,257.94338206,53335.32109671,56717.894897824,36.815092028749994,105.73339948200002,170.46292634000002
1496880000,258.0535555,264.78621252,251.97222693,261.8392861,42451.29967401,56388.330002784496,37.93190414965,109.25737340620002,177.9588738209524
1496966400,261.79722323,282.81640756,261.59820516,282.77772314,30774.31608805,56055.962052393494,39.00526850745,113.19732907800002,186.2660183795238
1497052800,282.66860295,350.72483631,282.64122242,350.07291857,40949.35892892,56365.1080017815,40.08324427345,117.22957795000002,194.28206377380954
1497139200,350.04185466,354.38501607,323.12901926,342.54961346,32235.95717421,54593.92581484851,41.15372313785,121.58135955299994,202.11682220476195
1497225600,342.54981602,418.13663889,339.49167675,389.62282894,99952.23449841,57041.8661895705,42.33568310895,125.73260818119994,209.3831519361905
1497312000,389.20187412,411.17219384,370.97158899,396.47900838,55673.30139441,56456.225733432,43.535599427950004,129.99847363459995,219.89786718285717
1497398400,396.58802274,403.49232172,342.0930161,358.94477487,82991.01004932,55110.1096011725,44.81686613025,134.65334235059993,228.77575879952383
1497484800,359.14032727,365.10175003,295.30627032,364.36057312,116931.05738752,56524.8079178695,46.0581736255,140.66014519359996,239.31331140476192
1497571200,364.36294453,373.8947835,341.83813092,366.33763724,54060.70238154,55153.9158066555,47.319606246650004,146.53407511059996,249.4935690461905
1497657600,366.3384866,403.94097,354.63314641,397.87880979,40019.49735139,54859.47300377251,48.685520822849995,153.32722093139992,257.4617902814286
1497744000,398.05444294,414.72767835,365.86393448,373.85235393,36225.33539732,54658.471092458014,50.3866496244,160.25149814359995,266.45939704476194
1497830400,373.96253959,387.93686025,370.3566734,384.54299982,37681.95206849,53679.521771649015,52.0504486792,166.42241915639997,276.12788480238095
1497916800,384.54340754,411.11396579,384.33551227,391.12160192,49511.62238413,53084.69138630801,53.95248673045,172.64129480759996,287.5725350314286
1498003200,390.90854303,393.95417702,332.92404878,355.33104682,51476.51467921,52557.00743642001,55.8879206293,178.70598045079996,297.18030006
1498089600,355.38509909,371.67218342,343.9848004,362.50596561,36237.38537198,52295.83901074901,57.6361252307,185.22069036239995,306.2311557652381
1498176000,362.50371005,370.55853044,337.48234294,339.49343747,27381.3002327,51952.916006568514,59.41320206265,191.29217365039992,313.73302421428576
1498262400,339.49343747,343.03683667,321.39607923,325.41907067,35969.07235363,52114.31405837451,61.2014387539,197.38948686579997,319.5430920604762
1498348800,325.66285985,334.70640744,284.46363187,299.7738789,36010.50116745,51966.25407519551,63.150069954749995,203.69663311219992,326.10216544809526
1498435200,299.85538551,308.99475535,237.45487725,277.3917135,67998.0389555,51393.288931745,64.9763161487,209.24602084719993,331.52609373380955
1498521600,277.37343104,296.37939432,225.40936389,296.23043213,69315.85971627,52192.315862723,66.85682033705001,214.86450493979996,336.34044368809526
1498608000,296.2480625,333.7407446,277.3640897,331.34137556,49217.03601174,52530.60267960951,68.77399894335,219.67095147319992,338.88174203238094
1498694400,331.05265961,332.04848841,300.996353,306.14916729,31163.295599,52550.051655157,70.51117084485,224.31805342379994,340.1904093871429
1498780800,306.0882244,316.81137002,287.06999916,292.02585335,35019.61650382,52253.564533902005,72.2861799872,228.37983755699992,341.64138364
1498867200,291.97679431,296.7402689,268.85639793,275.58967088,28310.74173828,52057.30376210551,73.9501343143,232.08832495799993,345.1365261876191
1498953600,275.8580285,297.11531049,264.19994163,291.1217109,29675.43387299,48543.463730834505,75.5384232982,236.20329821479993,347.24652053
1499040000,290.9618534,292.23722169,282.32869418,282.96075184,34645.39018308,47492.06817026801,76.99560691865,241.05879637099991,347.68690768285717
1499126400,282.67169164,290.49351628,273.87352449,275.32698358,30941.85114494,44889.61022504901,78.3411357218,245.36572590359992,344.14008636428576
1499212800,275.24857075,278.02716428,261.78427311,271.35685111,45875.84809572,41336.84976045901,79.77970233665,249.40492455959992,341.69113862333336
1499299200,271.34006049,280.18553217,266.4330896,271.59984377,28988.79497368,40083.25439006601,81.39588329635001,253.15282297579995,336.61199209476194
1499385600,271.56516502,274.04069341,243.66036134,251.43114845,39740.46176424,40069.30261070852,82.8853980167,257.14371052659993,330.8428480566667
1499472000,251.43114845,275.33733624,236.38044902,250.28316577,24369.68758704,39476.52022019452,84.30308253695,260.98097422539996,326.6719945442858
1499558400,250.25766369,256.07199749,242.85011926,243.11394036,19353.03147649,38560.07419059452,85.6392535497,264.63761785799994,322.25481695619055
1499644800,243.13455746,243.77637396,203.01631293,209.86130301,58988.63662335,39033.92490255552,87.05371431969999,268.23855613839993,316.783079394762
1499731200,209.79305345,220.32963258,186.75204713,197.07804186,59742.28379607,39447.21335839851,88.42962875495,271.87842443819994,309.7547153938096
1499817600,196.98316994,229.46267767,190.18845846,229.09042412,48047.66290432,40037.72723501552,89.76715038369998,274.96086022619994,303.52907665238104
1499904000,229.01587243,232.04765024,199.69584404,210.58588815,36174.41307339,40477.38287705002,91.0847945162,277.36282756599996,295.2109006138096
1499990400,210.63648795,211.10711785,185.10256,201.54487711,60234.29511403,41690.64401507002,92.40339146875,279.63982840539995,285.97073108714295
1500076800,201.45049462,204.63025433,171.39878303,172.51453651,67189.61434002,43249.599673698525,93.6224513709,280.7147766753999,279.95927286333347
1500163200,172.21965998,174.59676412,136.78599169,157.0936536,84067.10891333,44053.05317159002,94.83569419835,281.2896530279999,272.7249834604763
1500249600,157.29322752,195.7078335,156.55887095,194.92870466,85749.35013436,44874.727692494525,96.011711847,282.2175895521999,266.1560043957144
1500336000,195.58229038,260.96991744,182.50708147,248.51132966,100981.52309949,47462.95204688203,97.0231214756,282.5970647365999,258.8748361023811
1500422400,248.63093911,249.63649524,189.78786004,196.36351582,73765.16315238,49593.04542455103,97.9725774218,283.11974565699995,252.08053965952396
1500508800,197.02796537,239.07340346,196.63208222,231.32997159,140400.20808494,54862.075003607024,99.08174496985,283.30404850059995,248.15372971476205
1500595200,231.06720337,240.93287222,208.66286955,217.40194366,82818.43860596,57587.45984699102,100.09867111795,283.29509847299994,245.8813915019049
1500681600,217.42770983,239.3074137,215.02475914,233.54888351,50072.18791132,58607.29754890752,101.07024486935,283.7518867995999,239.4538743714287
1500768000,232.9791567,237.36956125,221.7764211,230.25767034,45709.24297507,59160.490188507014,101.89696319525,284.83261279259995,235.8910555285715
1500854400,230.17290118,232.34371302,225.51634983,229.45446318,40336.76078862,59630.23567069102,102.64443161675001,284.0882358191999,232.3375360195239
1500940800,229.40867304,230.16436363,186.14934931,203.97581254,82523.52478778,61462.61950529402,103.57782414809999,284.0484428099999,230.33559376380964
1501027200,204.20978719,209.58537696,192.23755352,201.7372865,63044.79988028,63165.41975062401,104.77956706715,283.90117319379993,227.4373061180953
1501113600,201.57655376,211.60947367,199.61700935,206.58943755,47752.67959632,63566.03064222801,105.72125506840001,284.0603319945999,224.88938761047626
1501200000,205.57988815,209.34221837,187.10900748,191.77301864,64208.67588431,65557.98005709151,106.83721039775,284.1791309687999,221.49171279904772
1501286400,191.91337652,207.94465807,175.50864867,204.64220591,50243.08055772,67102.48251115301,107.88262040129999,283.8400879589999,218.17649543666673
1501372800,205.29916886,208.49746957,190.59880752,193.06879329,41140.70291737,66210.08582585401,109.0019279233,282.9214102287999,215.08076180714292
1501459200,193.94633451,209.2538673,188.82331043,207.66834525,50479.83198053,65746.96323507701,110.09828941640001,281.6409565023999,212.23989848285723
1501545600,207.59690082,234.17093826,205.9186169,228.15353036,57188.06005728,66203.98309272502,111.19415982439999,280.61387761219993,210.06651944190483
1501632000,228.1735449,231.49301634,214.34107284,216.585306,46345.58889889,66712.54188400002,112.1626963411,279.2125522629999,207.68341720047624
1501718400,216.6089255,229.09553958,215.46192875,220.32920903,42842.06686889,65842.93047174302,113.12167350605002,277.6498419183999,207.5789906404763
1501804800,220.32920903,224.14227264,218.14509668,218.59036614,40524.18043286,64509.658776385026,114.10272335395001,274.5097594127999,209.05877580714292
1501891200,218.76550796,263.46150729,217.81416044,257.5818904,78678.53289027,64240.229975232025,115.01017135170001,271.8121340485999,208.46329399190486
1501977600,257.5799114,270.65713777,249.48701878,261.29283881,40204.45728917,61962.98533297253,115.98065121255,268.5827480769999,208.92726165285725
1502064000,261.21164775,280.09282126,254.7824307,275.41847911,53051.73774092,59566.49606504403,116.89721327839999,264.9848740293999,209.73895160666675
1502150400,275.41827619,298.55008437,268.5300735,291.85028628,65887.48668987,59172.612241918534,117.88593757085,262.2125627125999,213.78977798238105
1502236800,291.90391137,316.63283686,269.40499498,278.72106816,59833.44062642,55144.27386899254,118.9774421343,259.29715857299993,218.751643944762
1502323200,279.16459708,308.58621441,276.19321683,289.58004581,47133.17985949,53360.010931669036,120.01115552015,257.1220436361999,222.58449034714292
1502409600,290.02224757,312.95582043,285.25226858,310.2724848,61806.87919851,53946.74549602853,121.06275791315,254.39032421659994,224.64825018619055
1502496000,310.4389014,330.48230637,307.05611332,310.17120881,68718.87471272,55097.22708291103,122.10742358915,252.42164672019993,228.5700383928572
1502582400,310.33300507,313.48915436,280.22035416,299.81181408,86096.58480146,57385.218283553026,123.3439927769,250.56779244939997,231.34385145095243
1502668800,299.9174045,326.88487555,291.74225588,306.652213,89868.3464247,57752.45936539903,124.5988857507,248.31978177419995,235.7662581719048
1502755200,306.81189527,309.6849653,277.75419725,288.7290007,121727.21790857,60686.58026681354,125.92373911365002,247.00476175399996,239.41494032904765
1502841600,288.6929153,313.33150172,281.91846103,304.72216175,69994.57598323,61798.67508615904,127.32979800895001,245.96009213779996,242.7270424119048
1502928000,304.27158743,317.30921736,298.18089111,301.86085221,78336.1021808,62505.04640098354,128.66858342895,245.37364756459996,246.4031257366667
1503014400,301.57840762,312.74197902,286.0695842,293.6824929,91381.35709728,64561.960227961536,130.0625064132,244.86150243279994,250.43899183952385
1503100800,292.47534885,303.90417449,281.13444018,290.33078873,60749.81922967,65542.41604357654,131.5601379683,244.99906911479994,255.34303351809527
1503187200,291.57858953,298.80150125,281.91394061,293.08586775,51528.8544802,65594.86716856004,133.0585226698,245.22581485879994,259.8797675495238
1503273600,293.04466074,354.5413472,290.32439473,321.86046222,92102.5580638,67340.59206888604,134.505036158,245.3956494511999,264.7325996571429
1503360000,322.56597382,330.5455495,268.86864432,314.50580088,115886.64107255,70817.64467756904,135.9850694133,244.80603898419992,268.81300836285715
1503446400,314.24450373,327.68652709,312.53914507,318.83022095,84014.61891826,72876.27228003755,137.37601262035,244.55670549639993,273.5757261942857
1503532800,319.0742507,329.88772507,312.93869025,325.0927197,78736.95404267,74786.91096052804,138.8468160541,244.52280420399993,279.01344605
1503619200,325.09829369,340.27448543,324.43571613,334.65108964,70332.0896615,74369.58879908954,140.30392642305,244.8727281413999,283.1254589319048
1503705600,334.53754389,339.29377738,326.37581144,333.42784406,47066.71357487,74712.70161337455,141.7194453539,245.48750316779987,287.9942644057143
1503792000,333.59361236,359.663115,329.8980875,349.03452717,54659.69130914,74793.09929178555,143.117520309,246.11840414859986,292.98300300904765
1503878400,349.87044336,353.85632856,335.18918338,349.04254442,61622.17044895,74579.83347973955,144.52927039735002,246.98846889599986,298.5097041280953
1503964800,349.13971537,379.2972732,348.45331586,374.27788636,75099.92480553,75343.15768869505,146.08446818155,248.06318626779986,302.12141620714294
1504051200,374.27806985,392.91936446,364.361318,385.610319,63142.35264033,76143.61632773707,147.60219725835,249.32421118519989,306.29959184333336
1504137600,384.8686608,395.59768586,378.34029695,388.35452306,60746.49548471,76090.59714204706,149.1396753102,250.9641450973999,309.80549971523817
1504224000,388.34940013,408.64127348,386.07934896,398.45600948,73003.44316769,76304.82556479555,150.70899556885,252.93917232539988,313.73062352857147
1504310400,398.45641372,408.52026915,334.70311,353.77345086,90295.14938309,76514.75379387705,152.32586845385,255.05774440659985,318.82058785428575
1504396800,353.62925341,370.64489553,331.68279174,350.92430591,79636.34845368,76003.15389532606,153.9358844793,258.3460760735999,323.52413439000003
1504483200,351.30503705,351.97935692,278.23516875,305.8607076,119355.78731607,75884.58236570106,155.62442023685,262.1167216163999,327.72334985095245
1504569600,305.77017324,322.90903161,269.94529249,317.41171882,101141.64113803,77441.93562344105,157.31431259335,265.30200359519984,329.79964709142865
1504656000,317.30134477,338.89204541,316.3383325,336.30103194,108347.22646534,78942.49183766806,159.1287289596,269.0594060217998,332.2335752738096
1504742400,336.47416387,337.49183075,300.9462625,331.550423,43603.75359826,76553.61166271706,160.99943098949998,272.10397749679987,332.19588454047624
1504828800,331.546843,335.75832639,281.8669665,305.45138426,91296.96736388,78080.96906942755,162.88393302415,275.67217288479986,333.56172826047623
1504915200,305.72376313,311.950003,291.91109275,303.58809826,38336.25504646,77421.33909774057,164.819237244,278.6475139647999,335.0654839838096
1505001600,303.82338925,306.29896927,281.669092,298.18280908,44126.17281231,75022.51983516607,166.52273181709998,281.0971742479999,336.4792730690477
1505088000,300.19312541,308.72151823,287.7043499,297.5980924,41761.91795485,71316.28367928106,168.2120996596,282.8529682935999,337.03969646714296
1505174400,297.42293,316.45632253,286.69336601,294.1589595,53733.88370054,69802.24691839506,169.67639535860002,285.55670643719986,337.67099692095246
1505260800,294.85650675,296.58047789,255.49562115,276.18576329,87668.75745153,70248.83708883806,171.19957151375002,287.0391346905999,337.9137084128572
1505347200,276.10250307,280.3130781,219.02018,223.05681258,130620.91016763,73263.27811414456,172.8168720597,288.76285778259984,336.75835746904767
1505433600,223.05320241,267.23849897,196.6505156,258.74938344,183346.15915429,80077.25039311557,174.41040265285,290.0555362939998,335.78946026047623
1505520000,258.77509243,272.22846593,243.80719272,253.40117107,64521.56684372,80570.34416984455,175.87272445940002,291.4023447351999,333.75877180047627
1505606400,253.2327746,266.18197825,238.31422007,258.75925004,36370.67157928,79307.76922636105,177.32648918720002,292.6964346615998,328.89991908047625
1505692800,258.75523378,305.17237374,258.49766928,299.54790075,58184.78119715,78462.01204594204,178.75381888355003,294.14063367659986,325.2855521185715
1505779200,299.59541575,301.27815718,277.27271201,283.08882694,55091.65996509,78059.47741218004,180.1750552409,294.5670241981998,321.47475816666673
1505865600,282.83523824,294.07049212,276.0738234,283.76483723,49705.61396713,77507.43333630104,181.57988017035,295.6102231159999,317.17593544619046
1505952000,283.57322341,286.5981851,252.60565022,258.4177939,74657.09894706,77590.11612526955,182.89240070715002,296.84278616459983,314.81904765238096
1506038400,258.25319385,271.57550783,253.67244095,263.74570695,63151.42498875,76232.92990555255,183.93429585715,297.92512704719985,310.47671148952384
1506124800,263.58208518,286.6034092,259.2398424,285.96624468,47656.72063955,74633.94851484604,185.14908429340002,300.05470919639987,305.6269266433333
1506211200,286.01271223,294.492381,275.95287,282.92418304,45239.71743664,70928.14502087454,186.33602867034998,301.5631188301998,299.43946335
1506297600,282.92591831,298.44643692,282.52660792,294.64937931,71191.80985125,69430.65345653554,187.54313006790002,302.6753449675998,293.0246870390476
1506384000,294.67869717,296.572598,285.27763968,289.47500564,60723.34877975,67049.45957225605,188.94439467275004,303.51199472559983,289.7957724590476
1506470400,289.41035904,311.51620946,284.99412815,308.792158,87246.35839072,69231.58981187905,190.26001375455002,304.38032468399985,286.55767137
1506556800,308.93409969,310.85033411,290.69219592,303.67240509,85066.24894153,68920.05389076154,191.5845074175,305.7278422547998,286.0237985942857
1506643200,303.73707976,304.17649858,277.9816221,295.3720595,73928.81899957,70699.68208841704,192.77975777449998,306.2346881075998,284.6934789190476
1506729600,295.18950489,309.93921888,293.82763802,303.66131916,57827.98261362,71384.77257848255,193.99907064434998,306.9018189175998,283.3835325409524
1506816000,304.17550751,307.44964593,291.00098095,303.10264984,57222.7289765,72157.81312956504,195.3339318698,307.1829494481998,282.05600787857145
1506902400,303.03451528,304.79276805,291.98404375,301.60755656,67165.76354887,72829.40712198154,196.6643163834,307.5217868825998,281.5760400328572
1506988800,299.98806795,304.33347,285.52337325,293.02687128,71029.59387049,71997.44894292954,198.0482789716,308.0208136211998,281.579526742381
1507075200,291.94525125,299.3467296,288.7617189,292.0960907,58386.65536792,68385.73620294404,199.39662945330002,308.1366538949998,281.81380487380954
1507161600,291.6694793,300.73267346,286.88708045,295.68313128,50713.27129662,61754.09181006053,200.832503999,308.0044305821998,282.0047317385715
1507248000,295.60400338,310.06891067,293.30523774,309.70233489,55775.20455494,61316.77369562154,202.23326211905,307.86305940279976,281.95082277571436
1507334400,308.6780128,314.83760832,303.71650286,311.45853454,42330.26939255,61614.753586285035,203.56628781635,307.8989742523998,282.70845741428576
1507420800,310.83785842,319.94263948,303.8686968,308.3762441,60916.38478459,61751.33376565704,204.9405010978,307.6264674179998,286.1668535428572
1507507200,308.00711217,309.79728436,282.28381722,296.10481863,86473.79460441,63320.440497623036,206.28180432235,307.6938092179998,288.5931845642858
1507593600,296.8921188,320.6345715,290.72385966,299.4936956,79515.1910004,64810.919349286545,207.5661806902,307.51302860859977,291.35782092000005
1507680000,299.46568436,305.2900516,296.29008574,303.87003106,59358.96662341,64046.012733104035,208.80925263585,307.6698582621998,293.7205349228572
1507766400,303.8557531,309.39431099,298.35947042,303.24449149,100529.77515595,65914.93024146404,210.10687186204999,308.0253790949998,293.55657863142864
1507852800,303.23194481,350.79214215,294.51676996,338.41605739,138052.40567462,70434.71449321756,211.3644986946,308.3862882023998,294.33776285333334
1507939200,338.22852179,355.27356521,328.49110574,340.6376096,51246.23344741,70735.04029375604,212.69896613395002,308.44666721999977,295.2951530357143
1508025600,340.54548357,354.12757758,318.558096,337.1311952,63941.81005836,70372.54030411155,214.0411021156,307.99933188759974,297.42975768285714
1508112000,336.10353275,351.7204275,331.64097526,335.01532653,59355.72873512,70304.15930188005,215.3733024792,307.78661649119977,300.98548865619046
1508198400,333.56768334,341.06441637,310.91113321,316.88666071,52305.24723645,68557.10374416654,216.6361457936,307.4749019019997,303.5888869857143
1508284800,316.8106591,316.85198586,285.97281076,313.17086511,80896.37888088,68348.61024113404,217.86757895965002,307.74136865579976,306.1701732790476
1508371200,313.95123275,316.0616792,301.550634,307.05603422,55631.7982902,67433.75920566554,219.13660575555002,307.8610990549998,308.09236124190477
1508457600,307.17862487,310.85885308,296.41257402,302.4272884,81208.03393284,68602.76177162654,220.39941491854998,307.93516607779975,309.39767814999993
1508544000,302.26790419,305.60258719,289.4774775,300.89667015,70286.37120203,69255.94388290304,221.84429409325,307.6547820649997,309.6061880123809
1508630400,300.82398708,307.3916436,289.9279152,293.18445532,55594.93986165,68677.40269854204,223.29475830310002,307.01166439079975,309.76731320904753
1508716800,295.21293326,295.62768905,273.19800434,282.00564271,79408.59249798,69096.35262991654,224.71425455955,305.7895239657998,310.1032764899999
1508803200,282.06385326,313.90604,271.9088163,296.89717547,94545.60396832,70904.30005993653,226.124122919,304.2184382701998,309.9716265371428
1508889600,296.84782764,302.45537083,288.28257066,297.56054404,65278.36924807,71632.55495750904,227.45545835145,302.4998935769998,309.49933156
1508976000,297.60806503,302.08055161,291.82373055,295.04462127,57071.24227673,71697.35684359854,228.76353226810002,300.54870679039976,308.5659070909523
1509062400,295.03823492,300.37426766,291.4623488,296.50848055,54378.88117438,72299.78743269003,230.0545148879,299.3369268795998,308.7502072904761
1509148800,296.54300667,299.06998508,290.21591557,293.65861684,39094.47645682,71208.69201630153,231.3407446489,297.95855361559984,309.0104193542856
1509235200,293.92987507,311.39653301,292.53891376,304.60448775,72791.71718581,70524.58814537154,232.62190369785,297.77928297299985,308.9800141157142
1509321600,302.86763878,312.97785383,301.75845984,305.54829317,53604.84806078,69229.07099839054,233.8567369925,297.38225947739977,308.35173533761895
1509408000,306.02603824,310.02719941,300.3968365,302.66387952,70536.03055964,69787.92419520204,235.0490685254,296.5571312639998,307.5041202090475
1509494400,302.80288498,305.4422031,284.06355126,288.7581703,90878.33491401,69305.35218310505,236.3182947032,295.8562924149998,307.3245127638094
1509580800,289.00439626,295.95756165,272.9914551,283.16483403,144604.47898237,69632.95584849254,237.58196502450002,295.62043706659983,307.77420202761897
1509667200,284.70928794,315.46676307,283.26683336,305.35426877,102311.26819295,72186.20758576955,238.8367943525,295.6407648563998,307.9251631666666
1509753600,305.30163341,306.36323975,294.82545201,299.67508181,64028.23963192,72190.52906444753,240.09713963465,295.78807453819985,307.20555074952375
1509840000,299.34276666,301.73386603,293.35225211,296.47716413,68189.98790364,72632.24202287353,241.34542820160001,295.88939028059986,306.2493765847618
1509926400,296.37760365,307.18314567,290.63221737,297.22322736,100215.16789205,75027.73805565354,242.63487277835,295.7813744965998,304.67500569809516
1510012800,297.25060063,305.48977979,284.54986125,292.4198377,76197.05085448,74792.77165433353,243.9093355772,295.9209559113998,302.7244091366666
1510099200,292.45534508,337.95462623,290.19596302,309.07635688,158173.07515158,79919.83549740251,245.1820598477,297.5669050351998,300.788502895238
1510185600,310.529024,331.80004381,306.452879,320.91615805,105879.3309808,81153.40034980052,246.37880654880001,298.38541900259975,298.988879125238
1510272000,321.65416365,327.17582573,289.59644716,299.87081665,149552.29906703,85116.69674305052,247.55314444170003,299.24693886379976,297.823792315238
1510358400,297.2554564,322.56789815,295.17192012,314.92149692,124386.9966144,88556.29958068802,248.8390613222,300.01621841019977,297.62881573285705
1510444800,314.47674621,321.16731525,274.331569,305.54228786,326235.22471046,100897.63119131202,250.085531978,299.8736571491998,298.2888216295237
1510531200,305.34572513,323.86136886,303.44184,316.38500195,172014.89886048,104771.09593592002,251.32518773150002,300.3934077479998,298.1670848795237
1510617600,315.87665248,344.18016281,315.06221036,338.26614456,128644.83898105,107939.41942256902,252.56113243160002,301.1364341643998,298.83493377333315
1510704000,337.57100913,344.07638139,325.528567,331.72987444,125715.85954601,111371.65028603301,253.774567738,301.9654946193998,299.42340198952365
1510790400,331.72987444,336.39493444,318.65971073,328.57754795,150788.36956348,116192.12470548801,255.07568393435002,302.9890104187998,301.0605143342856
1510876800,328.59886682,340.15923902,323.51601533,329.94394454,135356.05191562,121005.203478428,256.4304370351,303.3805312823998,303.0304652433332
1510963200,331.80254168,351.2936933,325.97098513,347.07740813,108744.12535058,122802.82388666649,257.67846537950004,304.0497476605998,304.6575762147618
1511049600,347.5436928,375.78532833,343.73808033,352.80044081,123792.43209304,126312.2030882795,259.00107924295,304.92208296559977,306.25438224714276
1511136000,352.80055073,373.84177524,351.21359845,368.47719934,134430.14236618,129506.9086786065,260.26170672945,305.7671803415998,307.8465471990475
1511222400,368.27876316,374.72932535,350.85675898,362.27223134,157895.00070696,132857.741968254,261.5281149638,306.16288814059976,310.390299165238
1511308800,362.13441514,385.97796169,359.91606422,381.89540268,148910.77703031,133073.05687065102,262.85872911555003,306.68831892959975,312.6853445490475
1511395200,381.61745804,426.68625114,374.92006605,406.7617575,181284.13107607,137021.700014807,264.1659875401,307.7224259021998,315.68195912857135
1511481600,407.47409168,479.796244,395.63703816,472.68935675,176802.91157291,142660.43361185648,265.41048858460005,308.7052083351998,318.52045207238086
1511568000,472.71299325,485.0563888,442.74672313,461.33976313,141028.6739398,146302.3679136645,266.6813868593,310.01269932519983,322.9555583761904
1511654400,461.81843646,478.77687949,446.88117504,470.94737168,158712.04233454,149227.21163578896,268.0274655996,311.2259928207998,328.8411261604761
1511740800,470.98286129,491.67744,461.29591344,474.54404033,153251.31736925,153079.9249615275,269.38355899875,313.0033634487998,336.80946368333326
1511827200,474.75057792,478.27067574,455.1684536,465.18039568,147513.77268526,152546.95983821148,270.73008944145,315.29667678479984,344.5077818414285
1511913600,465.06390668,517.97841466,416.15736525,427.45153063,309197.01038919,162712.843808631,272.07613073245,318.83680129419986,352.81588696285706
1512000000,426.75469688,463.75169702,396.9515862,435.13030102,226723.43265722,166571.40048814047,273.50218438465,321.86954985899985,361.25973519952373
1512086400,435.2291525,468.44037072,415.15011662,461.24300457,150304.09101328,167867.2552080845,275.0761564549,325.05932660179985,369.4864284366666
1512172800,461.14771731,471.83973325,448.10280675,457.46837313,127669.94393998,157938.99116956053,276.9871943922,328.3826825263999,375.12334147238084
1512259200,457.06014485,481.007191,442.6264408,462.90114993,147802.40101268,156728.3662771705,278.8510608691,331.7641940673999,380.562110185238
1512345600,463.12966439,473.36988382,446.1493465,467.74591602,143234.76454212,157457.862555224,280.7517842742,334.3233507679999,388.2465000861904
1512432000,467.74601648,470.1984015,447.50696375,453.75400856,184288.02308777,160386.470732312,282.6741748731,336.94855616719985,395.0344465723809
1512518400,453.50104212,456.146209,402.11023778,419.19559056,291051.02082216,167399.60329524602,284.55910310115,340.1085264287999,402.52772571857133
1512604800,418.16586168,437.71491163,396.35484333,410.15198775,335235.65283024,177393.58334097703,286.2384740875,342.48957274359987,409.7353882933333
1512691200,410.62056075,465.4632687,392.62989447,448.08854763,303057.03834061,187109.2289904785,287.9586377581,344.9348435501999,415.2348103885714
1512777600,448.76319975,515.84285275,441.70441971,467.24540292,241722.96840105,193005.75580587902,289.80237877120004,347.54713796659985,419.39984448952373
1512864000,467.19471532,468.63159032,422.25980928,432.61376558,239164.87303026,198242.49233908302,291.63317095139996,349.9219116071999,423.28434162285714
1512950400,431.98140069,521.75409,429.71329264,513.851415,234893.21438276,202092.40302287304,293.49964455715,351.9680902041998,428.91027510333333
1513036800,513.775185,679.5061,495.61509788,651.86429481,418706.53010179,215582.190676447,295.351827342,353.9077126569999,434.6325605695238
1513123200,652.22072585,760.57343041,593.69583235,702.7025392,309603.52131074,221998.16018818048,296.96967339089997,356.7283629251999,438.43319508238096
1513209600,702.57251835,780.95584542,649.06545779,687.73629084,354534.25628348,230884.72742370897,298.41933185175,360.0247252155999,445.3557767804762
1513296000,688.48645275,705.8802,582.84202275,679.9404065,301713.5108534,238918.969269389,299.68952234295,362.65906712419985,459.1458750409524
1513382400,679.84450226,721.18531199,672.56330492,691.42438099,273523.97501598,244659.565903461,301.08829395994997,367.0724063177999,474.42240535142855
1513468800,690.41443901,733.86347814,683.5489885,716.33467685,283327.15044792,251163.35755739454,302.511052985,374.4695793597999,487.8021450342857
1513555200,716.3365493,805.87418562,679.678371,787.68765548,381918.7865149,262883.6082488765,303.71606116825,382.5856866343999,497.6712426414285
1513641600,786.94563668,879.06920205,771.94276605,817.71255972,388389.66918358,266843.24118859606,305.4082640878,390.3892015703999,508.62765301571426
1513728000,817.93247074,831.87375,685.8181,793.77522422,416177.34993478,276315.937052474,307.8510885902,398.0871172749999,520.3127627857142
1513814400,793.70625506,848.81758775,758.05652247,789.05348758,396392.50469972,288620.357736796,310.5768955113,405.9854352837999,535.2243635071428
1513900800,788.3284995,800.55765875,494.419835,667.60821569,582875.41160823,311380.63112020853,313.15513052385,414.43895648399985,552.0116094138094
1513987200,667.71434032,763.83731825,656.16345829,713.17616785,347401.68949001,321360.59554407507,315.58245740629997,424.10061983859987,569.455594822857
1514073600,713.27846535,719.34393369,611.4903095,686.05550422,310652.50079718,329731.48235682806,317.87166748880003,434.3439051695999,586.3090798971427
1514160000,685.02402116,764.8577595,683.49476,729.29373146,307710.59935894,335902.61117038655,320.2867427628,444.1661320635999,596.1359947123809
1514246400,728.22953401,848.978526,727.32192,755.32712685,320202.82760829,337360.20150969306,323.10135391785,454.1720384091998,608.3125563657143
1514332800,755.32870474,778.5491994,708.03234797,736.14407386,285435.12926262,334870.17533131206,326.0619619991,461.8609060423998,618.9389541890475
1514419200,736.35978941,743.548139,675.86439251,722.33868724,321913.56831002,335813.0018297826,328.90924951205,470.01734402399984,631.3936120671427
1514505600,722.57657998,766.09641126,712.67718564,738.2701142,341098.03593374,340781.7552064171,331.6224838816,477.7449524721999,645.754236747619
1514592000,738.42476461,744.89733071,675.84408224,699.50195502,445832.46751736,351115.1349307721,333.71097646479996,486.40128381879987,660.8470216666666
1514678400,698.6516599,752.81430844,692.11837953,744.21964949,359263.23543642,357333.6359834551,335.94805743995,495.5633618085999,675.7130549757143
1514764800,744.2211231,777.52767456,724.01037666,757.68422758,339293.8038994,353362.9996733356,338.08861805075003,504.4378465317999,689.5312248123809
1514851200,757.00406132,903.67844283,756.1016574,860.55196574,546826.93901857,365224.17055872706,340.42589027754997,512.7030931389999,700.5910606266666
1514937600,861.01185775,965.19707403,846.64210472,948.131149,510991.84131942,373047.0498105241,342.7886372961,521.0501722619998,715.4294360509523
1515024000,948.1482075,1031.2246,905.14566,945.29093475,658654.13534825,390894.0810352666,344.71899307255,529.0427950293998,727.0405223642856
1515110400,948.52630793,1043.46335854,907.34605748,959.43137246,765205.34256973,415478.1494129541,346.61793844144995,537.6287580807998,736.9780305038094
1515196800,959.32240555,1045.840635,942.76276864,1007.41257656,542573.83014619,428440.48339786765,348.36117486775004,546.6715968751998,748.6651071609522
1515283200,1007.2400957,1128.18415605,1002.29112225,1119.00276132,500253.63882121,434357.2260131831,349.87628960095,557.5549361509999,760.9296140138093
1515369600,1119.88100311,1242.6934453,983.801915,1140.15544628,596485.6471889,444762.02491344913,351.80266397405,569.7522362397998,774.2387076309521
1515456000,1140.04693486,1346.4844575,1134.02543552,1297.20524313,506496.77284504,449277.99605896213,353.76928224635,582.0234574459998,789.2857645628568
1515542400,1297.15413476,1452.8592117,1204.99193532,1250.54665649,548852.46764173,456900.99420606263,356.24035388885,594.6405339361997,808.4604352519045
1515628800,1250.06910639,1349.20383735,1115.88975796,1146.77661205,439053.7166475,449709.9094580261,358.9916155849,608.1899065765998,825.2446157661901
1515715200,1146.90900585,1281.82016658,1107.3517375,1253.8160661,233451.78041048,444012.4140040496,361.848808489,623.6284136403998,848.077600690476
1515801600,1254.9089382,1431.84503332,1252.50300544,1390.06876447,367932.41547755,446876.4097380681,364.72325035219995,639.3755137497999,869.8286212747616
1515888000,1391.0603963,1404.20343287,1273.00102011,1364.12979085,265717.07107856,444776.73332404904,367.80470522539997,657.9500746255998,886.863055773333
1515974400,1364.12729435,1393.3190159,1263.18621875,1280.1011782,285795.24260377,443056.3540738231,371.62306379789993,675.7155631285999,914.7777153166663
1516060800,1279.199164,1284.05727797,862.87365923,1053.7734197,474929.23979251,452531.05960031756,375.51131120125,691.0131873159999,947.0106961080949
1516147200,1053.81554285,1120.330477,765.80350475,1022.03021861,514914.40304032,462181.1013368325,380.29987022955,707.9542734879999,979.2999478523806
1516233600,1022.43588074,1110.14645018,952.512265,1022.54714768,397109.4191532,464981.6704978055,384.92550815864996,726.3018616423998,1005.5288738876186
1516320000,1023.53102175,1101.34181514,998.3437475,1040.14477155,274825.22627691,456431.3084357831,389.1605218244,744.3576621967998,1019.740602118571
1516406400,1039.3533,1167.17276669,1039.137075,1152.59058598,251437.89540425,451040.0414341745,394.0426435874,760.5407383271998,1033.3542280590473
1516492800,1153.19520035,1153.6510095,1004.2460678,1050.30260166,212992.97691022,444725.00008471555,399.5118352491,772.1253259145998,1047.6498690323806
1516579200,1049.57209113,1089.8806345,917.1840951,994.85882678,258792.09195493,430323.2577315335,404.67577732555003,783.2623223731998,1062.0248527157144
1516665600,995.842592,1029.7308345,910.490821,985.48305672,251706.97202376,417359.0142667505,409.5455373801,795.1642347141999,1083.6005018090477
1516752000,985.42121888,1072.59202178,956.36446848,1063.0567217,248565.18169302,396854.566583989,413.35427521184994,807.2645241247998,1098.1758804838096
1516838400,1064.11585896,1110.9430445,1019.8579694,1050.10265932,162064.62454072,366697.5306825385,417.08647795049995,821.0914757529998,1109.4699090171428
1516924800,1049.46466937,1089.73111624,984.8366412,1051.46779941,225114.08357983,350824.5433542205,420.7436051344,832.9481603235998,1115.4190085876191
1517011200,1050.03776812,1120.54145025,1032.87314949,1107.85879285,166847.94092104,334154.258459212,424.52952523294994,843.5873138605998,1120.8916549066666
1517097600,1108.7792582,1238.61484792,1102.9415281,1223.05604749,214694.41533105,315064.6968663195,428.91584324494994,853.9420566745998,1125.88268941
1517184000,1222.81635428,1231.5221496,1149.07257494,1164.86230095,160968.76030606,297788.29623937054,432.8105719977,866.1281109373999,1130.265376407619
1517270400,1165.74801112,1175.85804175,1032.475224,1059.56938271,201634.22534149,280427.38412435853,436.42686691275,878.7462523125998,1135.0485295642857
1517356800,1059.47752709,1120.12449474,1013.3259305,1107.18415217,150561.54545353,266002.77556466,440.0971264541,891.5725685457999,1140.0034479533333
1517443200,1107.40004427,1151.99681417,944.5250914,1020.12367169,329575.16703108,270808.94489569,444.16099423374993,904.7679734502,1141.179964842381
1517529600,1019.62045537,1026.17605,737.1277074,915.4634195,389632.14852776,271893.93154820055,448.1959378285499,919.8841863415998,1129.8639714890476
1517616000,915.02961058,998.0736365,836.39349412,972.1954071,174276.17429546,267321.8867090455,452.40397031055,934.5291570489999,1123.0371855690476
1517702400,972.12471138,973.8243378,774.00675717,823.40307088,182469.05074701,262155.57711620757,456.9578740655,945.4435164031999,1117.0060931709525
1517788800,823.55453306,856.06022005,625.32378136,693.46082662,319277.16930465,254372.97359181457,461.92770218234995,954.5499135504,1100.894062380476
1517875200,693.26917475,812.39527183,561.76387482,784.23186492,443852.87831213,250819.89735540506,466.69908424634997,960.8983362001999,1080.9953310771427
1517961600,783.68548235,863.43439538,719.7269472,752.7840244,221356.07863678,242032.23032958404,470.98920677434995,965.4528787733999,1055.2464396499997
1518048000,752.52165418,866.06988012,749.87337684,825.17321007,111077.31485973,233844.83475872508,475.66255485265,971.2979787853999,1027.311184812857
1518134400,825.38208066,882.22064401,777.48477075,877.20535319,138369.22515443,228191.40124623402,479.9777049431,973.9375525831998,1014.4758726804761
1518220800,877.22529951,914.84061875,814.87023504,852.69702315,206289.48817362,227856.226809404,483.5803785173,973.4800755785999,1001.6546253371426
1518307200,852.89391395,855.20067475,778.90312477,809.6540491,169981.17760457,223415.681091886,487.1987989045,973.4109597674,992.2558664033332
1518393600,810.44884566,876.21748127,809.6121278,866.02055797,165625.11862597,219111.5884219965,490.33399667979995,972.1123890609998,984.4968464814284
1518480000,865.50253622,870.57155474,821.83309625,839.60625361,147270.52223889,214046.85544929001,492.64465095494995,972.7403487779999,970.216200632381
1518566400,839.31130418,926.79428772,839.06634856,922.29712357,200569.80796016,215972.114620262,495.47880056125,974.5033860901998,958.7567457485715
1518652800,921.70102161,950.28756149,905.06362065,926.37874515,227340.56668585,216083.438775563,498.0749762657,978.2051622393998,952.6215900909525
1518739200,925.77405765,950.9222493,908.15275227,940.5854658,167998.23420907,216140.95343996453,501.04955396434997,980.1347198643998,945.6750756571429
1518825600,941.06010188,980.15722059,932.78067254,975.26267063,169662.77054673,213889.37120074854,504.28830841440003,983.7340209393999,938.9722376509524
1518912000,975.9261168,986.88362126,904.71215145,912.81745322,189342.23939975,215308.04515543306,507.53191446744995,985.9402713823999,933.0806226904762
1518998400,913.58468935,958.1975757,909.11280361,939.29773703,144127.01379591,212432.68457815406,510.57149828045,989.2796713168,927.8005115661905
1519084800,939.11953459,960.80365312,811.87356401,885.0993375,183228.42472887,214066.02854192108,513.86865388255,993.0843647425999,921.4864105080951
1519171200,885.30702544,906.8276434,814.63607092,838.16987971,192624.0584232,207218.4731115271,517.1078200574,997.4493003137999,906.7131441142857
1519257600,838.42066938,874.14229403,787.7539575,803.03034262,162182.93888384,195846.0126293311,520.6960946457,1002.1891514423999,895.9719744038094
1519344000,803.09558243,887.58832895,785.53112034,854.51846792,174174.83998896,195840.9459140061,524.3626444050001,1006.4554614063999,887.663877012857
1519430400,853.48561095,876.58065258,805.76229935,833.8097682,123817.97612338,192908.3921828246,528.02723000775,1010.3570231571998,874.853673562381
1519516800,833.25895821,852.90616235,815.11741006,842.65354471,109694.83465858,182429.2754505211,531.7627757091,1012.9053253555998,864.515895987619
1519603200,842.052749,883.5360864,834.7334277,866.7705669,166752.59257831,168574.26116383012,535.2439364452,1012.4576836349999,861.6137554361904
1519689600,867.65071179,898.99678,858.59247673,869.58789514,148827.13704428,164947.8140842051,538.8387790852,1009.5556675073999,855.023963107619
1519776000,868.73515567,915.19262674,845.62600122,851.39383354,160575.83786204,167422.74023432058,542.1713239420001,1007.7402181708,855.9406523376189
1519862400,852.12319153,884.10295483,845.726475,869.335695,138600.55619872,167434.30678653507,545.0742638885499,1005.2277860856,864.193497112857
1519948800,869.61550869,885.69968839,837.1822228,854.37984921,130987.80693764,163669.2227247361,547.7829514076001,1001.9326054485999,868.2580699804762
1520035200,854.8479124,871.23772042,847.14500079,854.50010804,124704.02596937,161405.36514297608,550.67845135165,996.8879615601999,872.953775177619
1520121600,854.73288576,872.51978045,835.91485338,864.0724972,94307.05975997,157839.46219967605,553.38824876125,991.4766105373998,875.056750650476
1520208000,864.20047343,873.20837756,840.11495829,842.68476758,112747.40795553,156113.30648550804,556.207911144,982.5603823455999,873.9698218895237
1520294400,842.52040683,851.30345377,802.90218904,814.04048755,140064.76087215,153088.05413110755,559.0938637494501,974.9361631157999,874.0556830747619
1520380800,813.77738602,826.75535332,716.938464,749.81398825,210297.15110417,152235.88335202355,561.89044080115,969.0882278589997,876.6470377461903
1520467200,750.60807168,772.5680365,688.20577031,696.97193517,168160.85568421,152244.01442578057,564.5965539248,961.1019086977998,875.5358096323808
1520553600,697.39503111,730.6873105,640.3311201,725.64739013,219708.8421986,154746.31800837404,567.4441733294,950.5819833523998,874.3183922009523
1520640000,725.2322468,748.5316405,675.06578178,681.097334,108606.02883466,150709.50748011956,570.18281151045,940.1530828869999,866.1049095666666
1520726400,681.93746347,738.89162325,665.6952946,722.0408558,121507.16864391,149578.51522251958,573.01166704715,930.831869074,855.1807757580953
1520812800,721.46309094,743.446431,672.74466285,696.71681477,139266.49237046,147380.41860459908,575.8084187244,924.7526804449999,844.945629297619
1520899200,696.7198616,717.31798864,677.02669333,689.11993755,146602.38302059,145079.33483446858,578.5125383012501,918.2515147761999,830.9377561247619
1520985600,689.32342035,705.84426094,584.60531136,610.39303484,186949.76748645,146317.67626459905,581.1143282745,912.3135196252,821.853156247619
1521072000,610.36528694,621.77727202,569.75637972,610.14479389,189905.64640196,147104.21658524906,583.4117442721,905.1325708742,810.3016837590476
1521158400,609.94867967,626.87670896,582.23152514,598.962942,154797.87064198,148653.21131117904,585.4311746092001,896.5215762706,800.9693313804762
1521244800,598.25456242,611.88006687,545.1312555,549.50991559,125407.31116481,149438.83513649055,587.45010924875,889.4498605327999,790.1228149580952
1521331200,549.30621288,562.20407507,453.26389444,537.61176948,247213.45922402,153461.87846877606,589.28306691435,883.3350827482,780.9377888280952
1521417600,537.91205582,560.92817576,516.59647135,556.55635913,203366.51503403,156188.84736826358,591.2991200886,875.8332823105999,768.7684780699999
1521504000,556.09661247,566.99033027,516.13245692,557.3473625,183653.27891635,157342.7194209791,593.15724056395,866.7750437543998,755.2303898504763
1521590400,557.55270427,590.96305681,538.6098,560.37588815,186703.71839209,159747.8775306476,594.9295848035,857.7522494079998,740.70459103
1521676800,559.67255513,578.65946145,518.0682725,539.60366705,159966.40886832,161196.80762718158,596.3144107574001,847.7130917315999,725.9324858980953
1521763200,539.62565894,545.75486778,506.6649494,544.49083306,201451.53290475,165034.18297395058,597.619962091,836.3081512641999,711.0638891057142
1521849600,544.48579278,549.63692324,518.05260591,520.34035912,171794.80241386,168908.5701066451,598.8695640789,822.9781574969998,697.2058917061904
1521936000,520.52364546,536.34940327,511.11222982,523.05666138,143084.28503585,170425.4139606611,599.74572422505,810.8278587279997,681.5043665657142
1522022400,523.15459439,527.28716762,467.1634989,486.29225176,212831.22832089,174063.7373330981,600.50573147745,800.8439888367998,666.7477467490476
1522108800,486.02905956,491.89455975,445.53985441,448.1270889,202937.38705086,173695.7491304326,601.3467406578,789.4923791343998,650.8353777528571
1522195200,448.16832711,465.5950413,440.47797437,445.65258953,168504.13140228,173712.91291633612,602.1411974229,779.9797223617996,634.5965284280951
1522281600,445.78872643,449.09128658,377.21775,382.92013598,270747.74119315,176264.85786606363,603.17420960935,772.0772611541996,617.6254562461904
1522368000,382.8414845,410.6363103,361.54791833,392.44869488,272323.69188186,184450.74101842364,604.11760641505,763.0944862397997,600.2010086914286
1522454400,392.30653295,418.88256778,388.19711546,393.58823262,164891.9261003,186619.97889124314,605.31075704235,756.3522698573998,585.7171325619048
1522540800,393.66864635,399.72244087,358.7794725,378.41476258,158430.74657137,187578.19160128862,606.3254002438499,751.4455951029998,570.7622849814286
1522627200,378.56889157,395.2388685,375.04629815,384.58284579,155218.02703552,188008.97380203512,607.25917839105,744.6740095951999,554.8956804457144
1522713600,384.27125618,418.86042731,380.67989568,415.66555875,191364.39855526,188229.70535547563,608.03288753485,737.2767318267998,541.2047708561906
1522800000,415.27041556,416.18378324,368.79971974,378.16556519,190071.05858015,188237.97596438514,608.74626605805,728.6222415229997,524.8416235600001
1522886400,378.15749434,389.08662232,365.39236408,381.44556006,191362.50530613,190066.20769759262,609.4565885144,718.9498991115998,509.9781012276192
1522972800,381.3636242,385.72984143,362.69938847,369.71517878,127456.40815348,190168.66254702612,609.8802751489,709.4642539001999,496.9564641419049
1523059200,369.43705252,394.48668,368.39237625,384.907776,136066.52352367,184611.31576200863,610.3545281613,700.9628298339999,485.8980132061907
1523145600,384.798788,403.94831932,384.35364795,400.83588353,118042.77885728,180345.12895317114,610.8516745269001,691.9557298495998,475.00757350000015
1523232000,400.9630515,430.77594653,387.00258731,398.74621215,185933.70020584,180459.15001764562,611.36281952335,682.7269160811999,464.0910133466668
1523318400,398.87764114,418.65648149,391.410378,414.79941422,156514.86193592,178949.70719483713,612.1704496894,671.909884811,456.2528162233334
1523404800,415.01460226,432.64549704,410.6321346,429.78535171,175514.12812322,179727.09315758216,612.95503056595,660.7766134835999,449.73967879714303
1523491200,429.78395853,499.93405291,412.86310964,494.09029174,298370.37910434,184573.03546756163,613.57885253655,649.6630596875999,442.22490989333346
1523577600,494.63969656,530.59277879,481.7226447,494.04240586,254516.93656196,188709.14217496663,614.1922840866499,638.1745239456,435.4369123561906
1523664000,493.8761538,515.524009,486.32183406,502.92597899,115611.48754215,187335.50230028163,614.5431204767999,627.8930991241999,429.2183153828572
1523750400,502.47838445,535.2458579,502.30445948,533.95551195,109296.57218879,182158.76949367663,615.0522152221,617.4031326679999,427.0510117966668
1523836800,534.70994022,538.85455101,499.1668278,511.48673567,141350.17806004,179079.40904413562,615.6375704536,608.2968529522,424.64870573952396
1523923200,511.06035555,520.4773483,498.7359552,502.5366104,179380.16550413,179623.2107492281,616.33921254485,601.4152611927999,423.8194495428572
1524009600,502.55111995,527.20890204,501.406818,526.08506223,156768.6602429,173924.25670171558,617.0944810812,595.2355024575999,424.3384424271429
1524096000,526.11055987,570.69350834,520.83928612,568.07789692,194233.33293126,170019.7387541856,617.81357661635,588.2036526789999,425.5381797561905
1524182400,567.95786555,623.67673125,558.14235975,617.31480676,225372.98729872,173043.79181410657,618.86940715985,582.2065675539999,428.12910935142855
1524268800,616.86426716,626.35315677,574.12780824,606.09129321,185760.49668029,174410.2793195526,619.8663722926,575.5832313731999,431.95922709904767
1524355200,605.43714795,646.47307396,579.55507264,621.68054851,170878.24117301,175193.29002642707,620.93362715935,568.2985522432,440.7762633342857
1524441600,621.243036,649.83935675,619.19288965,644.25913223,150721.24321382,173161.13225935507,622.0594439291,561.4284955850001,451.4841734238095
1524528000,644.25841169,713.52393324,644.15201867,703.41787859,227116.00946888,175013.37980379158,623.098515582,555.7621768526001,461.6033667852381
1524614400,703.49035711,705.36935124,592.08875612,616.637659,307935.99698388,180842.0543876791,624.1343383365,550.7217590878,473.1874518295238
1524700800,616.51587268,666.5461567,598.91168873,662.11855036,204646.38907575,184701.5534337926,625.24645705185,545.7559879678001,485.5529892790476
1524787200,662.4422385,685.51426808,640.51011726,643.10271755,169484.32297552,186372.44340638508,626.5713332872501,541.0995967772001,499.2554807
1524873600,643.47750457,693.84089447,638.31378958,683.34557443,161954.25458841,188568.01719294157,628.1498695382501,536.7033294778001,510.6112946909524
1524960000,683.21754965,698.70100979,666.364182,688.94110421,171903.00887718,187866.48262650857,629.7151916479,533.917991698,523.9766751814286
1525046400,688.91416058,693.65932279,662.10710613,670.47889972,187288.45002096,189405.16203076058,631.3631139369501,529.9699351270001,536.9951294085715
1525132800,670.64319376,675.44477202,627.85080357,672.09311325,182657.87503174,189762.34937618655,633.1059939417,528.2160263692001,551.2064531433333
1525219200,671.9665875,691.43838668,663.67115724,685.79121688,158377.05875634,182762.68335878657,635.0745716602,527.1386420168002,564.9257493661905
1525305600,686.24578908,790.25166058,684.10378133,778.02272352,299251.7312239,184999.42309188357,636.6004672825001,526.2926057028002,577.8654011552381
1525392000,778.4764,805.909128,756.48344389,783.5705956,225847.82181453,190511.23980550256,638.3691788138001,526.449481107,590.1174820614285
1525478400,784.23288771,828.65484221,780.5577094,814.83954707,157644.49882697,192928.63613741155,640.1041683084001,525.4182419854001,602.3082375457143
1525564800,815.6673756,834.23137607,750.58,789.701976,152673.91427902,193494.82294836055,642.0234277025501,524.9257679550001,615.8288295352381
1525651200,789.671973,795.786539,699.954047,752.510433,235281.51491084,196289.89041869604,643.9487830683,524.8591935416,629.6158861895238
1525737600,752.80827914,775.73208412,716.45980143,748.92914534,180312.55978721,197467.08539591156,645.78495510945,528.2117873151999,644.4689132409525
1525824000,748.5455774,759.29093758,709.68800322,751.39968694,176552.13994987,196583.02574684206,647.4533403887501,531.6803033494,656.6473162909524
1525910400,751.32620716,767.22363822,721.49546669,722.99558898,175763.61550921,194102.55715736657,649.1791084251502,535.9978354507999,668.1246352114287
1525996800,722.98320337,736.9476529,664.42066031,677.16876484,225709.45254779,196100.00495074157,651.3835660667501,540.8016766589999,679.8576130657143
1526083200,677.71459271,690.9368235,639.15944757,684.54736672,175602.52083913,196336.21893404756,653.6263424121001,545.0996499293999,690.5868809090477
1526169600,685.20984168,741.6405865,669.3243969,730.12874638,154805.41814917,196540.42768081508,656.1161068439001,548.9471056535999,697.9639138642857
1526256000,730.28541384,743.95400404,686.86405017,728.40233014,185354.8870592,194452.37156033108,658.4987623983501,552.8281521423999,700.8141023442857
1526342400,728.3340842,741.52945065,695.22115681,705.39526291,152615.41193102,186686.3423076881,660.7260343922502,556.0805461589998,704.550105844762
1526428800,706.2811251,713.09582882,673.02519023,706.82247189,151849.30288434,184046.48799811758,662.9585436769501,558.8318481147998,709.7143057433334
1526515200,706.65476787,722.53411743,661.182365,668.93032968,119368.33219904,181540.68845929357,665.2110587609002,561.6329787879998,713.7211246914287
1526601600,668.73808043,694.34140095,656.9613774,692.68447612,128152.60436918,179850.60594833206,667.3601144292002,565.8287465331999,713.8152858495239
1526688000,693.39541095,717.33951465,682.63543289,697.36918401,100104.23059496,176260.66703422106,669.33593003985,569.9356599084,718.1098007490477
1526774400,697.1503285,725.79148023,687.06281732,714.75066974,102427.31196247,172017.61013129656,671.2741809961002,574.3177201313999,718.4341711928572
1526860800,714.85116035,722.25179964,688.20454062,697.8047782,104786.73582794,168124.05317110656,673.4370220078001,579.4916277911999,720.7952073152381
1526947200,698.03237943,700.43374089,637.70870474,642.30337158,139962.42127234,167203.32129690656,675.6038105521501,583.9571825941999,721.4629982476191
1527033600,642.30317052,650.459565,564.1085152,577.95402009,209512.64238905,162716.36685516406,677.64824446395,590.152469397,722.6920251776191
1527120000,577.56729424,611.59130444,547.674219,601.79338752,173793.19796072,160113.63566247356,679.7140637392,596.2508791796,723.9932574861907
1527206400,602.17520391,617.0056613,569.3916507,586.08620379,154235.75246197,159943.19834422355,681.5356929488502,602.674127922,722.5746983590478
1527292800,586.58240706,610.05465098,578.54638294,586.44209432,104764.94320751,157547.74979064806,683.4713738636002,609.0619282344,717.4395937500002
1527379200,586.0559574,590.30777421,558.15160695,570.59658793,109668.465097,151267.09729995605,685.4449003860501,614.2163387502001,709.047720607143
1527465600,571.0173726,578.76780468,507.338975,512.57544025,167221.99705174,150612.56916318255,687.5748628832501,617.4621079770001,699.643701949524
1527552000,512.21726154,573.31364688,510.72956608,566.70385419,158404.63864872,149705.19409812504,689.6480626041001,621.9346644236001,688.7676327709526
1527638400,566.28971944,585.7934375,540.8866505,557.80409281,146584.5490522,148246.24077527452,691.3328081181502,626.0274772982001,678.3340428628572
1527724800,557.48392301,585.32202729,553.67614899,578.12576074,138539.54626809,143887.74546128954,692.7242028095502,630.3620156090001,666.9085670176191
1527811200,578.25703134,589.67623538,564.42464028,578.33399685,143780.03794355,142296.62131651054,694.2507839265002,634.0757918476002,658.2311722009524
1527897600,578.33245725,599.2406035,572.14884112,590.9160985,127415.54689431,140927.12775376753,695.6950988086501,636.310582982,649.0123343852382
1527984000,590.99276469,626.782164,590.10884307,618.54055456,123198.61014855,137819.31390823502,697.1652100917502,639.6697358228,642.1137711357145
1528070400,619.21228842,625.96722341,580.35829751,591.36785881,140063.71016274,137191.72881982103,698.4728112470001,642.5298293946001,637.4073536123811
1528156800,592.10775494,616.33130388,576.14003137,608.47300651,142190.76874843,136708.80211302554,699.4311076580001,645.4966375752001,632.9487217923811
1528243200,608.47300651,613.26893936,593.6065575,606.76776388,127421.97609268,137111.48430770755,700.7652728457001,647.1815116774001,627.6349983723811
1528329600,606.49481344,616.56635124,598.20490794,604.88994482,124627.26500969,136935.21733973306,701.9796858251501,649.1189855302001,621.1095473566669
1528416000,604.6164495,607.97756331,593.68132882,600.397624,112313.21614875,137545.66661742254,703.3426031895501,651.4312770416001,616.4942018138097
1528502400,600.4949643,608.9668912,590.070117,593.02995768,92891.61356186,137068.88169739203,704.6523481640502,652.5795239788001,611.7296919085717
1528588800,593.04973468,593.58200109,502.995345,525.1276313,177048.9495168,140681.99238183504,705.9155979337501,654.5192493956001,608.6801497723811
1528675200,524.74064644,536.7806343,507.6755625,531.73785079,143832.35368969,140875.48900270252,707.3496513343503,656.6038724652001,604.2855377666668
1528761600,531.74743538,538.65718528,483.27678183,494.94155526,153697.18813749,138084.71629012452,708.6636028886502,658.1799701170002,599.317003179524
1528848000,494.95610133,501.76205221,447.89654498,476.1846099,188047.35527094,138797.42415563553,710.0562481985002,658.8263646586,590.2873346823811
1528934400,476.23354795,528.7152019,459.68453722,519.78973541,192811.84753077,140726.22890907555,711.3546999772501,658.3406676770002,582.3793857580954
1529020800,519.65374081,521.06630856,481.98169548,487.8331808,134970.49719972,142236.50660868603,712.6151474973002,656.7213944388002,575.3621564095239
1529107200,487.8166657,504.00251106,483.70590223,496.71460468,89983.50786689,141252.25874718055,713.7747496206002,654.9225404844002,570.5159940195239
1529193600,496.79062323,507.00011903,493.87720565,496.83925296,82391.88288822,137010.75303900454,714.9285382523002,651.9361889450003,566.611058204762
1529280000,496.75630895,526.885998,487.86458899,517.80097545,106836.58802654,134432.35050789552,715.6446993954,647.3915235712002,561.9323428242858
1529366400,517.9441968,548.30655435,514.54537915,537.80821925,118182.77162763,133012.26163666704,716.26957986185,645.4545650994002,557.6596052223811
1529452800,537.82687138,542.52907763,516.679614,536.15628142,109477.529876,131559.16081706254,716.3808408544002,641.9688577082002,554.1473511761906
1529539200,536.30477379,543.873855,521.3082693,526.23449522,115705.90669578,130155.45425467403,716.4550650882501,639.0410954508002,554.3961861857143
1529625600,526.23449522,526.67045305,450.03407022,463.08290096,173712.11029577,132470.282424747,716.6992769069001,635.3109690214002,553.0202035695239
1529712000,463.51435826,482.47172937,457.81586136,474.80144868,100045.15156493,131312.60949556602,716.7657226092501,631.8881664462002,551.9893554080952
1529798400,474.78742067,477.07637357,418.84742398,455.33045349,159976.63128026,132308.255551442,716.92339365425,629.2347528368002,549.5183427642858
1529884800,455.19928242,475.13134384,445.541096,458.52944091,129386.9606509,131668.0651465655,717.2703322659,626.5160162002002,544.0301953409523
1529971200,458.911966,460.75472958,428.372128,429.98924969,84048.39238139,129499.38596100101,717.68368563805,623.3248817670002,538.5009263019048
1530057600,430.05387842,446.66807913,419.222475,441.41679854,129023.01895625,129719.17365832902,718.06651171145,617.0260853158002,530.7290167271428
1530144000,441.28157865,443.23524283,416.48490597,420.37379376,117755.40275689,129991.28298873601,718.4599512528999,610.8507023774002,524.4033777795238
1530230400,420.19888284,443.39400825,404.96056905,434.79939272,147992.67362917,132746.33599210152,718.77661797935,603.6605205058003,515.9041512642858
1530316800,434.81895702,464.70954264,434.4988032,453.80854174,137813.50177819,130784.56360517102,718.75330290405,597.0370698040002,508.03029577190483
1530403200,453.79308663,456.48884025,443.4738805,451.65190616,102816.11819788,128733.75183058053,718.8585401046498,590.5866461378002,499.24381238809525
1530489600,451.85234967,481.90381268,443.78185716,476.1640416,143577.21490163,128227.75316878753,719.0392144192999,584.4363992018002,491.35818232714286
1530576000,475.71390286,485.92229416,459.136938,460.93088308,159775.34947139,126814.15287881004,719.2811016850999,577.8158813382003,484.7285910919048
1530662400,461.38548253,484.51924176,453.30197945,467.02157193,111654.28612011,122756.27480827706,719.1906051953999,572.0519574130003,481.22974703761906
1530748800,467.29822546,480.15410433,458.35745751,467.68077709,145325.5805157,123274.02897407606,719.0614621734999,567.5847529510004,478.58337517142866
1530835200,467.87788698,475.9049395,451.95270582,469.41228312,133516.63658296,125450.68540987954,719.0002623143998,562.9268437398003,476.9638193533333
1530921600,469.61193058,487.74062356,461.679543,485.70935037,96360.76169617,126149.12935027706,718.6050022029999,557.8475496442003,476.5274842119047
1531008000,485.6727579,494.5413123,482.07966671,486.23438903,91027.18804583,125358.65935124157,717.6147234376499,552.4981207030003,474.0461052442856
1531094400,486.33290002,488.90609375,467.62130625,471.83557793,108805.18786044,124889.78016288206,716.3594702724499,547.7306468834004,473.16891964047613
1531180800,471.77451724,473.31932895,426.98850777,432.59841512,151439.95614688,126987.90147642608,715.3016090262499,542.9478129874003,472.64485991142857
1531267200,432.66473713,447.02793009,425.10060804,445.1243078,108099.17862273,126607.56507277358,714.20656140915,538.9574520562003,472.1398663909524
1531353600,445.1033837,445.89076387,417.31446604,431.03141588,108746.01023322,123359.2600696461,713.08454736385,534.8179495412003,469.9510379376191
1531440000,431.11409445,442.45495175,424.47198698,432.09783513,100052.03012591,123359.6039976951,711.84127786505,530.5952536416003,464.94104726476195
1531526400,431.98136568,440.723555,428.63815268,433.13580476,76079.00175748,119164.7225215561,710.24990100325,525.7369518054003,460.6061913780952
1531612800,433.21223116,453.58720432,431.11739096,448.93386625,75989.08038747,116494.8285083846,708.5898849565,520.4328245438003,456.07271140952383
1531699200,449.19511062,481.19076602,444.57986785,479.35854312,122135.44147428,118399.18096302908,707.05218078055,516.4892432682002,454.59723208428574
1531785600,478.97420328,513.0576424,465.8554955,499.09944795,170451.3367533,120470.59685288157,705.4660912323,513.5507911840002,452.6131538023809
1531872000,498.75561995,516.63119963,469.0960776,479.08445176,199916.30981855,124578.64220596458,704.29104222945,510.1568801362002,452.30855441
1531958400,479.35394838,483.6627099,459.14016077,468.40373956,149692.89500451,124663.6532747316,702.9507829291999,507.09787215560027,453.3004164199999
1532044800,468.80889664,470.94782425,440.45478973,449.0373315,159420.08673188,125743.98252241609,701.6756624875,504.34770759420024,456.59137824190464
1532131200,448.6268501,468.59838774,440.85238812,460.40703822,110865.51879866,126146.45255245508,700.1896830058499,502.5229466980002,458.3850760142857
1532217600,460.22752812,471.87438525,453.56655771,457.66313471,99451.101688,123940.14689177359,698.5787263954,502.25342685200025,460.6722162904761
1532304000,457.59633131,469.95575456,446.47559,449.60830479,157799.38864083,123841.34885024556,697.14267535735,500.5010388034002,461.350213375238
1532390400,449.65428552,483.78825,448.1457387,478.8163648,222710.12160647,129394.14062456356,695.92777463675,498.7130317384002,461.6644274933333
1532476800,478.7211444,485.63621092,463.24364472,471.61093391,159082.24688421,130081.97394298906,694.7319213055,496.13126315360023,461.9506764719047
1532563200,471.28192914,484.93807037,459.09018419,462.23512229,140067.51334591,130409.51778113656,693.6298337892,493.77272398100024,460.68611757619044
1532649600,462.23687156,473.57634447,455.6869214,470.14481391,129594.86065647,132071.22272915154,692.2507542395501,491.10766470520025,461.53780718190467
1532736000,470.05533812,471.29167146,459.92178137,468.76829939,90862.03156569,132062.96490514456,690.7075197591502,487.7290197098002,461.75634822857137
1532822400,468.49641072,472.30352094,461.05146261,466.46052782,94290.88531018,131337.24977763154,688.70679512155,485.4779898296002,461.4970313333332
1532908800,466.59437265,470.73985522,445.24913692,456.24477282,132719.30009922,130401.21697524856,686.2544550501001,482.7407483776002,461.53191375190465
1532995200,456.21364195,456.94292366,426.423321,431.22320156,152354.38975458,132613.97753184105,683.7760419003,479.85009554580023,460.7251970385713
1533081600,431.32410594,435.0630735,406.01232819,420.069065,137237.33033918,134038.54353713902,681.372966862,477.1551929276001,459.7835845999999
1533168000,420.06091562,425.05110087,407.0829294,411.04911488,120865.82821625,135079.23344165605,678.69395864875,474.5226064354002,459.0411653090475
1533254400,411.02920413,420.49130815,397.34740063,417.71322996,154532.51241347,139001.90897445552,675.4101204535999,471.99121783820016,458.9756789490475
1533340800,417.62529791,420.65675016,399.30447312,407.2043906,144083.37759989,142406.62383507652,672.06006729175,470.6135606686001,457.78257214904755
1533427200,406.9582374,412.95628258,400.1100075,408.8877732,108111.90204968,141705.44686384653,667.9178825730501,468.6032676840001,456.8310340061904
1533513600,408.9165624,414.30077905,400.07363468,405.02444,125287.26176584,139447.24311447353,663.9974519297,467.10581787880017,456.14605280761896
1533600000,404.967208,413.06070525,369.21068877,378.08861772,162130.82434153,137557.96884062252,660.5447927335501,465.80310797840013,454.9112235619047
1533686400,378.00701752,380.7900378,347.38290257,355.1471686,188461.97511736,139496.42284626505,656.4318284108501,463.76157786940007,453.0042667499999
1533772800,355.2814986,370.32465938,350.14973317,364.22056059,154598.65823562,139255.35142145204,651.5818299135001,462.1490020654001,449.46454755380944
1533859200,364.02296411,365.90791584,325.86983175,331.04902148,174721.34477443,142448.14272024055,646.8164265336501,460.3924654358001,443.70212706666655
1533945600,331.35277851,332.11170068,304.15860238,317.90154209,203127.68382104,147631.97182689255,642.5044867924502,458.5561691766002,437.8003516780951
1534032000,318.11510529,328.89244164,314.03592238,318.12756642,142779.63697864,146880.98424378308,639.2716416469501,455.76192202200014,432.839247917619
1534118400,318.11923606,322.541912,279.663975,283.9044735,222435.90436166,146867.2733815426,636.2059294199001,452.10870100900024,427.2207569642856
1534204800,283.8329685,286.01260556,250.16472,278.8425632,304941.12349631,154160.21721214757,633.1183158815,448.66998659240016,420.4347809580952
1534291200,278.8225468,304.61738128,276.88453742,281.12788495,243150.32916446,159314.35800307506,629.8080351123501,444.76627711760017,413.79023008714285
1534377600,281.3741502,299.29766875,277.34565,286.84392944,168318.7973334,161250.55483692157,625.8208180254501,441.8626499402002,405.8995714542857
1534464000,286.84147559,317.7918948,284.91413527,317.607336,227844.95642553,168099.7010799136,622.3904078201001,438.7291722950002,396.37700947333326
1534550400,317.55910189,321.3304425,282.80710971,294.51941001,178656.34485541,172317.97405717507,619.0713587936002,435.30065269520014,387.30638809428564
1534636800,294.41362392,306.55793436,289.14645417,299.585286,129147.16444976,172139.3672747021,615.7334512204502,431.70691514100014,378.9544265299999
1534723200,299.73031607,303.8334237,268.54366133,271.15538472,184737.87947561,173758.54176075358,612.0088054440502,428.7296878462001,371.6907371057142
1534809600,270.82906272,285.66185626,268.6277894,281.0865347,172688.40491308,175531.09548944858,608.1778145149501,425.6382304642001,363.39317094476183
1534896000,280.96243845,300.20516614,258.57723925,270.35622954,221379.55136986,180556.78164712907,604.3146883339001,423.58290130900014,355.4467308580952
1534982400,270.28222212,280.22788365,268.15216075,275.97121865,157491.47752614,180704.72990276257,600.1810337944002,420.7773016548001,346.6329504723809
1535068800,275.9858087,283.41578592,269.40763205,281.410374,190030.0600324,183002.06402438806,595.4999732041501,417.69283654000014,339.4835853838095
1535155200,281.23272911,284.03718,276.0001596,277.57998331,155048.2940582,185348.88362481407,591.2636983794001,414.08290611120015,332.35440274285713
1535241600,277.71399936,278.17562698,268.75929031,274.383999,150731.05349237,186621.07321114058,587.4384485159002,410.1813559732002,325.92212197
1535328000,274.32026432,288.57550497,271.63478387,287.88146618,214872.02122393,189258.13305526058,583.4004541850502,406.36986290240014,319.4315097814286
1535414400,287.94324195,297.8761068,282.45209557,295.24349219,224351.50411493,191052.6095051391,579.6556127502001,402.54885583680016,313.25891895809525
1535500800,295.37354877,296.93865396,283.03458205,288.33241887,195720.21621786,193108.68740425108,576.4837283262001,398.8234477750001,306.8539773295238
1535587200,288.37158724,291.00588615,272.02469599,283.90279559,204560.08794051,194600.62456255505,572.9745324384002,394.9868017788001,301.2757404809524
1535673600,283.95545288,286.02748,253.79138092,281.62786779,211505.77373935,195019.52905847057,570.2373731772501,390.76029475140007,297.33073450333336
1535760000,281.5947441,302.50395,281.4073971,295.17175534,190860.46428702,197423.57042388956,568.1771209141501,386.7932362944001,294.1490797542857
1535846400,295.2410415,299.4663894,288.78090829,295.21116991,171729.75796129,194888.26310387105,565.6438615061002,383.2613945796001,290.3244242780952
1535932800,295.1380455,296.31248969,285.03715822,288.78631988,192827.93663013,189282.60376056205,563.2518613791001,380.3760746546001,287.9710360071428
1536019200,288.80323446,292.31725145,282.4323324,285.2346406,207097.56807383,187479.96570603055,560.5654026596501,377.1516444104,286.8886652095238
1536105600,285.27940444,287.15042304,225.7768624,228.01455456,385894.74448583,198358.76306365206,557.6555933546501,374.16357344860006,285.79740823285715
1536192000,227.87966184,232.50586933,209.53651565,229.12408357,404986.29336416,207215.82991058356,554.8337703332502,371.42505185280004,286.02987710809526
1536278400,229.07610549,234.15230743,213.9738024,215.14777168,288074.62740552,212686.74403808903,552.2050140657002,368.6665591558001,286.3342617461905
1536364800,215.17551808,236.92969188,192.73613737,199.00372503,290421.23725551,220750.44767837654,549.2830506148001,365.46360822840006,283.8050555371429
1536451200,199.00372503,208.5386063,187.40803128,197.24831961,322986.02188112,227662.85479865206,546.5608781234502,361.581130178,281.05649144809524
1536537600,197.28642444,204.09364801,188.56305963,197.9516588,307080.19882127,234382.44449406155,543.4254483551501,356.1594323102,276.1774645757143
1536624000,197.99223402,200.1577274,178.10843818,186.17998079,326130.61930341,239619.99789073906,540.2374862288001,351.16022494640004,271.62909862428575
1536710400,186.0485459,186.14415206,168.94322204,183.80006079,417122.2005861,252601.53404373705,536.9607321028002,346.0951055888,266.7559097485714
1536796800,183.7831936,214.26103837,183.65805747,210.58090196,429827.31262166,264591.3966732,533.2244915224501,341.09443345939997,263.27001803809526
1536883200,210.51304986,223.24877578,202.96930175,208.439616,362021.41044549,274940.0524925645,529.8060246742002,335.83125908719995,258.75065832809526
1536969600,208.7132112,226.53811332,207.68539896,221.487453,225105.59108569,278658.7793722305,526.1852748474502,330.63702956899994,254.62893600666666
1537056000,221.20779713,222.89129931,207.62751994,219.69284653,223065.87174429,279068.47189824854,522.7547967851002,325.36846308899993,251.51511140238094
1537142400,219.71260091,224.18253408,194.3218725,197.80464294,305365.63637425,283119.17851121456,519.5501889846001,319.46813700879994,248.04031340238097
1537228800,197.78094802,215.31734257,195.62241825,209.32269593,262215.45102467,286443.94025155506,516.5247955655002,314.24753636979995,245.3692405304762
1537315200,209.30501541,215.2893562,199.70207813,210.21199444,241776.52120021,288304.76191454,513.1831031298501,309.171626244,242.7648999366667
1537401600,210.19977048,226.27993779,206.9071875,223.81441128,252748.48475863,290366.89746550407,509.9330545928002,304.19847902579994,238.4755274014286
1537488000,223.98945876,249.41629017,220.03070546,244.78764409,436933.14725252,302670.531613779,506.7726913790502,299.2169699686,234.38406091285717
1537574400,244.77271866,252.38336184,231.29259425,238.30631712,237822.37619958,305975.16252569354,503.4810366245502,293.84385227099995,230.66404070190475
1537660800,238.20154842,245.9566512,234.72678,242.05436992,186873.05338803,305677.4183635885,500.2405344138502,288.9054107332,227.80268906809522
1537747200,241.94053342,243.26785913,224.04171215,226.81989022,205572.09308192,305601.14461399306,497.08202947880017,284.48518659079997,226.04839270142853
1537833600,226.79547537,226.87568694,204.48605168,219.3427798,321636.97384348,302388.2560818756,493.72437421850015,280.5600935164,223.34051469095235
1537920000,219.32460698,221.61423021,207.94208805,214.06161909,249841.5256157,294631.0176944526,490.4990884521002,277.23486410059996,220.80923850095238
1538006400,213.98950914,231.45122582,210.22105211,226.93554458,235310.06909,291992.78977867664,487.27764788410013,273.64672584379997,217.85845613619045
1538092800,226.87983877,231.22535282,213.99531098,219.97395233,253455.63444179,290144.5096379906,484.0763574545001,270.3437254302,214.72074847904756
1538179200,219.925684,235.06055017,213.48569279,229.74338844,257404.84467008,286865.4507774386,481.0868718370501,266.70236777059995,214.05632298047615
1538265600,229.88426874,236.38310125,224.9634045,230.96625981,193864.5641023,281204.6690414901,478.2082009849001,262.9887345666,213.9521068380952
1538352000,230.94374887,233.1651678,223.43792835,229.15811572,181571.90978656,273976.7335656476,475.6694028932501,259.70819459399996,214.18192496428566
1538438400,229.05077978,229.7273575,221.93284575,224.21772907,182138.40464539,262227.5437686121,473.3186426685001,257.14396211359997,215.64571845999996
1538524800,224.19794576,224.68454276,215.40224744,219.02054634,190178.22855851,250245.0895654546,470.78711961685,254.25902994839996,217.25133465999997
1538611200,219.00308733,224.60132954,218.20166549,220.37871204,175151.20602347,240901.57934435358,468.4519410423,252.23291728759995,218.73735641809517
1538697600,220.45091932,229.40782418,217.7468055,225.48071462,198039.23943759,239548.2617619486,465.9764144862,250.49421164199993,220.54867776476186
1538784000,225.4374584,225.92063795,221.56887654,223.574912,145416.70503183,235665.8034263256,463.5927001740001,248.71482262799992,222.22584374333326
1538870400,223.606922,225.96914499,220.21953314,224.9746541,130842.97322941,226939.6702690836,461.2958174284501,247.52108773939992,222.69240612809517
1538956800,224.91826166,230.2161651,222.74420448,227.68543994,189044.0966707,223281.10255138512,459.3986835533001,246.32464740219993,223.5038870147618
1539043200,227.74433272,228.6290952,224.65306249,226.12209116,173923.53098303,219888.4530405261,457.4937501624501,245.10966394399992,223.60328982428564
1539129600,226.13878728,226.27716295,220.11221833,223.07729415,221719.01866433,218336.9797358111,455.62002409780007,243.88239964759993,223.8548044704761
1539216000,223.07139724,223.280283,186.3456522,188.48010088,424604.7243682,217720.5585915951,453.9675772515501,242.00175116759993,225.2776995657142
1539302400,188.53041559,197.91028555,187.20783581,193.73201076,256720.2888056,218665.45422189613,452.3814119643501,240.61085604939993,226.07767076714276
1539388800,193.77570839,198.79269208,193.21969846,197.11267053,159844.53521526,217314.02831325764,450.72603374180005,239.1728591281999,226.69030408666657
1539475200,197.12491623,200.28243745,189.7424014,192.02094749,168632.78729742,215467.06302403263,449.0571714893001,238.2721932569999,225.00771787714274
1539561600,191.97973823,220.29540975,189.489839,204.33012234,496552.4150728,224212.83508549863,447.38016531905015,237.11200844599998,222.57649724238084
1539648000,204.50213902,207.7762761,201.37230645,205.63519481,253937.38716593,224417.62816301017,445.8205741835001,235.47448587279996,220.61489502380942
1539734400,205.58799497,206.4631181,201.70732134,203.523671,235693.96996094,224436.82320655714,444.2287304740002,233.82970171499997,218.23235109857129
1539820800,203.543895,205.54523163,196.78137183,199.26829766,235095.39736125,223518.81135253012,442.7424151491502,232.14374764559997,217.16140977095225
1539907200,199.25154755,201.08255004,197.36348373,200.35644701,112699.89353524,216283.56379578813,441.06953234665025,230.43256692919996,216.5086676285713
1539993600,200.3526371,203.8489773,199.34246691,202.46148808,102675.47504654,211724.10934300013,439.6067311416502,229.03148939599996,216.00686057666658
1540080000,202.50142477,205.6535919,201.28303965,201.97023465,90662.76028666,207178.6518680051,438.3516590498002,227.38656396859994,214.68937262809513
1540166400,201.93282199,202.8406952,199.48477324,201.28460891,125747.36387946,204359.09982970863,437.08350083960016,225.55216754479991,213.75520570809516
1540252800,201.3036923,202.32993557,197.5495269,200.9039719,162744.71193856,202987.4239987111,436.19055077140024,223.77088512059996,212.45606759571422
1540339200,200.93004884,203.01428826,200.086418,200.56813458,145805.30075918,201520.1287354966,435.25648327105023,222.09995814899997,211.07530449285704
1540425600,200.57525171,201.07338014,198.4126122,199.60715591,117079.84150386,197472.1588388101,434.30616046295023,220.51663055479995,209.74799464476177
1540512000,199.56201504,204.08000508,198.66548048,200.78178764,122907.65026716,196346.70610057662,433.4104281383502,218.65260014099994,208.63781573190465
1540598400,200.78092563,201.86644619,200.17523556,201.42499253,104076.14973881,195008.36492604663,432.4892961444502,216.77406892099995,207.75912945761897
1540684800,201.39849121,204.77402978,200.93037938,202.51699936,108602.07948568,190986.26406679564,431.4232757911002,215.01642196139997,206.77000773714275
1540771200,202.50577568,202.83019421,191.34162036,194.4849224,172151.2430246,190897.64966887416,430.5422991384002,213.32309184099998,205.59386835714272
1540857600,194.48567825,196.36983785,193.28448418,195.41791332,135661.75386581,186594.78642894817,429.6414943826502,212.75494386799997,204.53911028714273
1540944000,195.42730045,199.24738248,191.56727418,196.65708268,149672.50974152,172848.17569761415,428.79743834825024,212.18809794939997,203.46969815666657
1541030400,196.67361338,198.71262532,196.0000593,197.77820524,127941.48472909,166409.23549378867,427.87574014115023,211.91364236639998,201.88872113095226
1541116800,197.80860964,201.6388778,197.41552211,199.77602706,145290.91115756,165681.55429090367,426.8695965030502,211.983907853,200.42661742428558
1541203200,199.76501466,199.88771752,197.78634325,198.54929987,90207.15829651,161760.27284085818,425.87977438050024,211.92863990880002,199.16851211619036
1541289600,198.55635429,216.93898238,197.81943903,210.04810779,212508.85495258,147558.09483484717,424.8129022720502,211.8779649992,199.61127899047608
1541376000,210.10108989,210.99545888,205.5814635,208.60140076,155916.52920676,142657.05193688866,423.6765605103002,212.087507037,199.8990892904761
1541462400,208.53985499,218.756022,207.09780104,218.4187255,211380.28111275,141441.36749447914,422.17853366360015,212.367069926,199.96750021142847
1541548800,218.41593131,222.61477739,215.33809563,216.57627684,203126.84056221,139842.93965452714,420.68541120090015,212.15097242800002,200.82593641619036
1541635200,216.57819908,218.04022433,209.8716844,210.46329873,170569.7010067,142736.43002810012,419.15406671935017,211.95316610540002,201.02933062666654
1541721600,210.47208637,212.4811116,206.23310208,207.98701119,126103.02922653,143907.80773709962,417.4731801858002,211.72437920120004,201.63807018333324
1541808000,208.01925788,212.4066395,207.716004,210.38021548,90421.19580342,143895.72951293763,415.91462664275014,211.50255028580003,202.2596228423808
1541894400,210.37814448,211.158059,206.45958031,209.68053408,92716.40325107,142244.18148151814,414.39469009010014,211.91483193700006,202.79271813142844
1541980800,209.65942944,211.212755,207.07854455,208.6571314,115731.35539988,139893.51365458412,412.81450531790017,212.05990355520004,203.15607833047605
1542067200,208.63774448,209.06281513,202.92721999,203.30644157,137746.00174253,139490.54870375164,411.0171228371001,212.06492964100002,203.53316058761888
1542153600,203.252532,204.75115907,165.50130409,177.45970151,501722.30002301,158722.67162970913,409.0226424308001,211.7483816392,203.9003177033332
1542240000,177.56103259,180.65472,164.68248953,178.6076409,320520.88880167,168603.33355643466,407.0750673489501,211.060233067,204.251390202857
1542326400,178.49298782,179.6351,169.37773438,172.51693732,187285.66285615,172763.80921230165,405.01898110005015,210.48771740619998,204.36579352047607
1542412800,172.57747311,173.75160349,170.4648088,172.28695392,146673.66646297,174667.38856116615,402.8376204948501,209.8197726358,203.26539194571416
1542499200,172.28123985,180.26085997,172.22071306,175.700582,132784.68034785,172699.06042732863,400.37243217930006,209.34950366279998,202.26541504047606
1542585600,175.651997,175.95728586,141.36679699,145.09178964,510509.9394709,191441.46970758314,398.3376465547001,208.51184209699997,200.91946978714273
1542672000,145.13254614,149.92629559,121.50509976,127.65542265,862285.1175234,227072.1000966771,396.07033945990014,207.8027625332,199.53194413904748
1542758400,127.61461238,137.53208925,122.5149901,134.83978532,423205.25343711,241835.28853207812,393.87135808000016,206.714390388,198.2549718838094
1542844800,134.79423516,136.60167607,122.36529541,123.518649,228082.08853701,245974.84740105068,391.3419287154001,205.76065041980002,195.902917942857
1542931200,123.57430859,125.4834871,116.33267993,121.27439315,294131.04732253,256171.0418523517,388.79026139885013,204.679794291,192.67613267285702
1543017600,121.30002836,126.52323872,107.1353304,110.51412152,324625.60854803,261776.8795321242,386.3004515868501,202.9623048876,189.7324518461905
1543104000,110.43744744,119.36222368,97.74420084,114.27941198,501419.64517862,279052.03533071716,383.80142079020015,200.93225102620002,186.1962825014286
1543190400,114.24215651,117.01066608,102.18559595,106.91559255,410946.18287451,289030.3304188052,381.2509676158001,199.1446921512,182.45810945809527
1543276800,106.86919925,111.09658381,99.015538,108.48749864,338121.30866539,295780.05382396415,378.0863129464001,197.2346542044,178.26595810809528
1543363200,108.50860418,126.1603188,108.34848648,121.63227336,380663.69558761,306284.75355300965,374.8067370816501,195.2525678266,173.70554402190479
1543449600,121.599144,123.56154857,113.07889214,116.57352401,331837.05870045,316571.45502670563,371.4067382729001,192.95323596459994,168.86336267857146
1543536000,116.58825032,119.06770102,109.22279281,111.83273517,288117.89409361,326456.28994121513,368.07582163790016,190.76732596419996,163.6285423519048
1543622400,111.85900148,119.63032834,109.83914424,116.68203755,217830.35305888,332711.9874316057,364.91964143865005,188.4061447332,159.10739932904767
1543708800,116.69580564,119.4835628,113.87595278,114.96538453,176303.11646785,335740.5754850042,361.7275663195501,186.02218590719997,154.6364576757143
1543795200,114.95592576,115.51172415,104.22070244,107.28346404,218969.91821695,339801.77130872523,358.5419649447501,183.93238955119995,150.05768262714287
1543881600,107.30450809,112.20744791,104.11954329,108.5524315,227849.24401848,326108.11850849877,355.4615649626001,181.80231414839997,145.59586463047623
1543968000,108.60635791,109.10263303,100.26218004,100.72946545,229588.65596357,321561.5068665937,352.61815863160007,180.2693668342,141.08561941380952
1544054400,100.78988038,103.0235286,88.14818036,89.24418464,419821.23883316,333188.2856654442,349.8035831648,178.72836737,136.25830192047619
1544140800,89.09518254,96.35345334,81.53844087,92.39767916,626957.93657097,357202.49917084427,346.7358070529501,177.08542165000003,131.74620620285714
1544227200,92.35407026,96.7855341,83.72131355,90.0213132,369310.24595025,369028.77745096426,343.6529590781,175.39067198100005,128.09238543809522
1544313600,90.00580779,98.22540601,88.10199788,92.90534175,246209.402629,355813.75060886925,340.70939295130006,173.47511816420004,123.8369827590476
1544400000,92.92592606,94.85234701,87.43191375,89.25566431,212408.88864149,323319.93916477374,337.75010751450003,171.37700357700004,120.02177998952378
1544486400,89.23117008,90.86145381,83.99444317,86.9596541,201752.64137653,312247.30856174475,334.9418731863001,169.0914138498,116.10436852666665
1544572800,86.89929885,91.29551244,86.01432498,89.07094864,194681.18880648,310577.2635752182,332.0212129632002,166.95400147979998,112.16173803857141
1544659200,89.06088391,90.2491017,83.5849862,85.32857229,252629.88352456,308502.2053853197,329.0380143704002,164.7472988036,109.50287492761903
1544745600,85.38091579,86.23505359,81.09081246,83.081635,276189.25527383,306080.3877216097,325.9104819449002,162.55617587700002,107.56498118714283
1544832000,83.05401926,84.20037857,81.11411066,82.9653573,179033.76645441,289961.0937853992,322.8834464497002,160.3018844702,105.38551277380951
1544918400,82.99418801,86.8114104,82.95165412,83.75217297,158073.19006196,277317.4441447717,320.1220361578002,158.015385374,103.56693769238093
1545004800,83.7397578,97.1297875,83.43361018,93.7927126,319872.50350555,276405.0038867797,317.69679276610026,155.7787249088,101.74823492333333
1545091200,93.81234433,101.5107771,91.40797229,100.84329301,396743.28936169,277208.9835754837,315.13410415005023,153.473933663,100.43638900809522
1545177600,100.86075107,107.83869596,98.30158721,99.28896733,516261.61711214,286430.2114960683,312.63847140160027,151.1434232448,98.98271096
1545264000,99.28051803,117.33469182,98.37070672,114.4886688,481908.2466617,296119.72912447277,310.15161567320024,148.78709463800004,98.35781191476192
1545350400,114.42875518,118.81568353,104.92167389,107.73042608,397558.19404985,305106.1211740213,307.72527559500014,146.43363824680003,97.99380212285716
1545436800,107.72292288,116.45306715,105.48540946,116.09135541,240067.02539687,308294.31662047224,305.57780656875025,144.25915251160004,96.92983516904765
1545523200,116.08356949,133.21947335,115.78452005,129.52177025,480223.81674115,321357.0115466822,303.15911408430026,142.38631992380002,96.83055634952385
1545609600,129.63116798,159.6421635,129.24795323,139.00352925,638974.71643416,341913.28516746627,300.7888544851003,140.463741004,96.63520829761907
1545696000,139.06321408,140.395427,121.5687825,128.75444805,433366.54589374,352102.17966397473,298.3671892444003,138.82037272640002,96.6070805766667
1545782400,128.73721168,136.1066514,123.38519648,130.43582487,323984.31332527,347310.33338858024,295.9797357252003,137.0194171432,97.3002418014286
1545868800,130.41668891,131.99306342,112.37110075,114.50464933,321756.34160944,332050.25364050374,293.52160006935037,135.3457237102,98.81072109714289
1545955200,114.52482652,139.02290149,113.20019159,137.05843313,398610.79677621,333515.2811818017,291.0013406405503,133.9651731178,99.77272188523813
1546041600,137.03239471,147.60496473,131.24773418,134.12460256,411867.5964644,341798.19087357173,288.58315347690035,132.544281547,101.18731042904764
1546128000,134.11425716,139.84967146,128.9611472,138.81764381,315712.47433897,346963.37015844573,286.1212452214003,130.9473424928,102.39018970000002
1546214400,138.82087841,139.2573623,128.34823682,131.21143844,236305.91754988,348691.03396711324,283.73501525325025,129.18768448019998,104.51689227000004
1546300800,131.22368627,148.06294373,129.009813,140.04429671,193760.46517541,348644.99778555974,281.40558317540035,127.14625192999998,106.6170489061905
1546387200,140.04897358,156.67469888,138.51665163,153.21565681,373097.63561572,354668.38539011776,279.04736729565036,125.678154618,108.80334900428575
1546473600,153.31824068,154.8243441,144.47571639,147.11747409,309616.71100803,356339.75817682775,276.7343966316004,124.20090644539998,110.80124301047623
1546560000,147.11494004,155.96909688,144.96048109,153.18663277,329700.67336789,363873.10352250177,274.68128172175045,122.76965501199999,113.32908313476193
1546646400,153.24826525,160.73977224,152.92083221,153.86803063,329180.75375305,372428.4817070562,272.7078846334504,121.2002730992,116.38359304761906
1546732800,153.89980134,160.37389108,148.2579726,155.85953792,314651.0711568,372167.4100896187,270.90379986995043,119.8280164054,119.32592170476192
1546819200,155.85847725,157.91486377,148.81662911,150.58369537,254321.51205867,365046.3212244677,269.21696503950045,118.82620071020003,122.66425493190478
1546905600,150.4430118,153.72692367,145.57335848,148.9406436,266434.71945075,352554.9763413982,267.27407355465044,118.21935616180002,126.04057270952381
1546992000,148.98062868,152.97014,147.59110879,149.41165959,222627.12522259,339590.92026944266,265.5351291342004,117.7109359992,129.47425675476194
1547078400,149.46916894,150.70985354,122.41124636,126.37601954,456213.22306185,342523.6717200427,263.81763439485053,117.3379578654,132.17858926761906
1547164800,126.38150889,128.87276078,121.67607089,125.84447895,305438.03566391,345792.2222333947,262.0690255005005,117.00940954540002,134.46893929571428
1547251200,125.82362098,127.39503683,123.07255501,124.47246786,173004.57194988,330431.25999383116,260.2459537871005,116.5070718128,136.8557341652381
1547337600,124.42921299,125.21880998,113.40181287,115.42447379,217804.13939164,309372.7311417052,258.3262528440006,116.58404889200003,137.42179848619048
1547424000,115.44871275,131.43556454,115.21534264,128.2597202,322602.46428296,303834.5270611661,256.42476912650056,117.01917363080001,138.28437243238096
1547510400,128.25875756,130.45887516,116.70650943,119.99394589,359859.95149675,305628.3089697402,254.54651512725053,116.84989831520002,138.6834730252381
1547596800,120.02444227,127.54163575,119.12235427,122.05804083,306896.54393384,304885.31908596016,252.9758038404505,116.89641491420004,138.01217319380953
1547683200,122.09974345,123.99203027,117.10847215,122.50923171,250715.83875833,297490.5711850662,251.34885489500047,116.96037640840002,137.50056323904764
1547769600,122.45877696,122.79131188,118.07544044,119.64157362,190868.4542365,286440.61407367117,249.70408272525054,117.05858345380004,137.08339646952382
1547856000,119.64501719,127.59348636,119.55168594,123.17699741,191474.28337605,280228.70452552516,248.04065791545062,117.33818961820002,136.68445437238097
1547942400,123.13544697,123.76514165,115.70104061,117.3865795,223819.88500637,279604.4028983497,246.51307400630066,117.59975668500003,137.06562496190477
1548028800,117.42701755,118.66941625,113.65843113,115.73351595,174202.26395195,278626.49283717666,244.88311238255068,117.87116752880006,136.23625069952382
1548115200,115.74049849,119.7609047,110.6644892,118.04606688,233930.8164648,271668.15187963063,243.42254201475018,117.88870669580007,135.71493616857146
1548201600,118.00736969,119.1460328,114.84870204,116.46254246,207481.99326199,266561.41599232866,241.8485147806002,117.95006768800005,134.6944092966667
1548288000,116.46221473,117.25137423,113.83847324,116.42075,269471.5151655,263549.9580822092,240.1897622760502,118.17695293280005,133.95736536857146
1548374400,116.41944568,117.1102584,113.8118434,115.03220934,208599.75855658,257520.9083223857,238.54404890380025,118.19104377180003,132.90983061476194
1548460800,115.0184347,118.11151502,114.67829439,115.02092821,163559.32184044,249966.3208565677,236.7614365639003,118.20640640020005,131.159682312381
1548547200,115.01567279,115.42569729,110.3121117,111.4818983,226743.8384219,248587.43717472922,235.07266713555038,118.42165845700004,129.69793354619048
1548633600,111.47090832,112.21210385,100.51535066,105.36732196,379352.50511639,254233.3264580112,233.3244921734004,118.57986067620004,127.88105624000002
1548720000,105.37871336,105.92574296,101.90126814,103.93933395,237927.58692623,254998.3495431932,231.5647558677004,118.89368636720005,126.03119422000002
1548806400,103.89587995,109.23402173,102.93190111,107.60346088,222495.25805663,243312.4512929322,229.80792478650037,119.40944686120005,123.91797328571433
1548892800,107.63073536,110.02786375,104.87212144,105.74525619,214266.06420245,238753.85271985922,227.96169074695032,119.86191184220004,121.7648126471429
1548979200,105.80185132,107.48100583,102.6440123,105.97860195,178366.43633344,239021.94593903725,226.11262255180034,120.29112354420003,119.62189314000005
1549065600,105.9774156,110.05507229,105.1257533,109.26305622,130915.51713887,234677.51482639875,224.32860570885026,120.54036314840005,117.63102653476194
1549152000,109.3404372,109.98700167,104.6039156,105.99065441,139987.66497523,225546.77486101227,222.74071827430035,120.83403654120004,116.64860923238099
1549238400,106.01284964,107.8472547,105.39716974,106.0211208,145119.02246548,214809.72840944873,221.0725062268003,121.24691267680005,115.70261508952383
1549324800,105.99342754,106.71234733,105.16764005,106.02251856,159446.23668774,207437.2130471437,219.44418575720033,121.58039882780005,114.97835739238099
1549411200,106.03620866,106.46382076,100.15966909,103.34306209,223604.89159723,206081.66568908872,217.80339325130026,121.99339942100006,114.52912789809525
1549497600,103.35326029,104.83828588,102.7680626,103.26907539,147617.643571,203919.12515581373,216.17573153190023,122.51702784540007,113.47014697428574
1549584000,103.25562752,122.14196271,102.34224219,118.01351802,356656.86291621,212178.25413282175,214.45978848160027,122.97753378760007,112.80484091095241
1549670400,118.03677249,119.98434398,116.51720957,117.88277312,189027.40156112,210438.62996055922,212.59288877575034,123.42291274420008,111.91365144714288
1549756800,117.88374896,124.98157998,114.68029572,124.04127162,236237.7530383,213540.40441487674,210.6437068171003,123.66750886340007,110.99745352714288
1549843200,124.077815,124.20469706,118.23688704,119.48047831,228509.29413057,213269.32829816523,208.77823783035035,123.71750424500009,110.91992707000001
1549929600,119.50802068,122.67161987,117.06791238,120.94735052,220961.26215975,213943.2917430532,206.9663247365503,123.79710640620009,110.6678211514286
1550016000,120.94891574,125.1433498,119.67606,120.7883011,205544.27597097,210746.92978332672,205.25125067185036,123.8676033906001,110.98471125238099
1550102400,120.76357631,123.23180707,118.66155415,119.38965064,175117.07870303,209072.7957906492,203.46593079120032,124.07065033140009,111.16313803142863
1550188800,119.40825003,123.08929038,119.21690079,120.4311234,165534.62263421,209171.56083033772,201.69396049460036,124.22964865560009,111.30129439523814
1550275200,120.44220385,123.44595952,120.24395749,121.48411472,163268.96660807,205997.81723964622,200.03598656075042,124.02882281680009,111.5072829019048
1550361600,121.48740275,134.02991516,121.21952622,132.2626176,369515.38183807,205505.9610757302,198.2313186023504,123.66769924220009,111.64865912285718
1550448000,132.26083806,148.04927707,131.15590673,144.56268558,528334.54771503,220026.30911517018,196.49347029090038,123.50837630320008,111.90575026857148
1550534400,144.6686919,149.50813818,141.7837335,142.76680735,353127.35065355,226557.91374501618,194.7796970710003,123.28745281860009,112.21352105476193
1550620800,142.77162203,148.18915569,139.6047204,147.37123569,295154.04710542,230602.3128901647,193.03370975405022,123.40598230000009,113.20307911666671
1550707200,147.281914,148.74298175,141.67192065,144.2704,209338.98007149,232150.94007706718,191.2938097626003,123.09449593180008,115.06952500333335
1550793600,144.28135754,147.69309977,142.37846975,146.57980995,174565.68742399,234333.44859132316,189.5584553767003,123.05725623259997,116.91845230809527
1550880000,146.53569315,159.38718888,144.88814716,157.53721996,270057.10535768,240836.92061044564,187.87938712960033,123.17215706799998,118.81215587047622
1550966400,157.48205068,165.4534525,131.35125392,131.76100829,535464.52275448,260354.19562489568,186.3306916954004,123.4032644462,120.64668652809526
1551052800,131.79248864,141.06678563,131.37652,137.56569857,390773.4138582,271920.5544834187,184.89165945840034,123.54980322579999,122.58007738523813
1551139200,137.50255493,137.98790727,133.32976885,135.8279123,272082.71665199,274344.44573615666,183.55922731190032,123.37089808959999,124.87884708714289
1551225600,135.80746318,139.52772875,124.8470905,134.36851942,335134.42955184,283720.28503519867,182.1844951988503,123.3601448068,126.10600679571432
1551312000,134.35745092,139.64906824,131.37213491,134.56524116,368501.57693455,284312.5207361157,180.88532942430035,123.4471565506,127.6081295466667
1551398400,134.5423775,137.54998656,133.92251416,134.70477588,201018.77032892,284912.08917450573,179.5622425583003,123.00501610379999,129.0274340104762
1551484800,134.662919,135.39172903,129.55136722,132.221153,202878.38138488,283244.12059183477,178.27001940805033,122.6391393168,130.50483674047624
1551571200,132.21708808,134.10032563,127.30461274,129.89982642,153009.82137373,279469.1469539927,177.16726241925028,122.34402365539998,131.99513034857145
1551657600,129.90171253,130.33911288,122.64672651,125.15503688,260278.93921175,281435.0308065928,176.05033161770032,122.05258117179997,132.7899521514286
1551744000,125.11118859,137.55194494,124.80964129,136.29895763,303624.45461771,286339.0397389297,174.9170573076003,121.75565280319998,133.4727321457143
1551830400,136.26524025,140.33278681,133.33481533,137.013555,236999.02135151,289433.1368713537,173.94095176170032,121.92222792999998,133.7517109457143
1551916800,137.01482714,139.58355682,134.79545527,136.1846485,223740.69126811,292343.4403030487,173.0232866483503,122.04976141099996,134.0219280204762
1552003200,136.19218337,138.58427323,128.94425159,132.81266083,276693.02073298,298014.64300929423,172.10547502205026,122.15830858219995,134.7529569304762
1552089600,132.70971289,138.1469186,132.20457096,136.36530177,285672.85303965,293822.51656937326,171.35947653395021,122.35291984399996,135.52558806857144
1552176000,136.34563469,136.83098056,133.19422,134.77519893,227828.49451035,278797.2139091393,170.62636948295022,122.51370459259995,136.32534987142859
1552262400,134.82410792,135.41171892,130.06706972,131.93463206,263564.06386359,274319.0495696413,169.87022919030022,122.85409677479994,136.91494689190478
1552348800,131.93849172,134.66916876,129.9996646,132.87299088,334918.66820399,276307.28062456974,169.06178472750022,123.13662892819995,137.62357484666668
1552435200,132.87865521,132.94842291,130.0321503,131.19467562,242458.76126735,277963.2696843628,168.15524283564991,123.34269751059996,137.74322157666668
1552521600,131.14336525,134.6447025,126.65453875,131.46960961,229911.20057063,280730.5453416948,167.36771356059992,123.67717207359996,137.14188569476192
1552608000,131.49877109,136.7609733,131.41311924,135.78093221,229924.49473515,278723.91481056827,166.55071037309995,123.90913610399996,136.67075157714288
1552694400,135.75468455,143.58159272,135.75060977,140.341215,280162.17222357,265958.7972840228,165.85899675364996,124.20009715519994,135.90043919285716
1552780800,140.34297375,140.43187717,136.43464258,138.11879272,189707.89334048,255905.52125813672,165.13539058899997,124.54288665379994,135.2908777457143
1552867200,138.12079533,141.3131974,135.62477494,136.95827008,189859.83012023,251794.37693154873,164.45748543594996,124.80585882859994,134.77664547238098
1552953600,136.93833724,138.75857862,136.23756013,137.97841458,145267.76792061,242301.0438499872,163.73730250300002,125.10600017159993,133.95778809333336
1553040000,137.98936643,139.72077551,135.50152796,138.67265269,188287.32531031,233290.33126877522,162.99461558739998,125.49320381579993,134.26053973285718
1553126400,138.6513232,139.22710147,132.1072887,134.63731939,223693.32865685,234424.05918517173,162.26268904895,125.99938392899995,134.2316145666667
1553212800,134.59691236,137.04521245,134.23264329,135.81474992,172894.47632968,232924.8639324117,161.548117102,126.46134121919994,134.3340194371429
1553299200,135.80441409,137.5580456,135.33888944,136.48798575,128053.5330722,231677.0495173352,160.78761443215,126.97086865479994,134.53897816428577
1553385600,136.43176988,136.47218534,134.24191424,135.32431731,150675.44772959,226196.8749432272,160.0131030462,127.62309050719995,134.54241046095242
1553472000,135.32625653,136.06577963,130.61717423,132.99077664,239466.88118095,222988.99627138922,159.26203491545004,128.31775688199997,134.5952663676191
1553558400,133.00375984,133.87092199,131.6274127,133.25385051,241268.92813578,223202.4916106027,158.5273122879001,128.85843405219995,134.79844887952387
1553644800,133.25683657,139.82096676,133.01518275,138.9917297,275715.61279353,225801.23768687373,157.8090650218501,129.45982392679994,135.0567579695239
1553731200,138.98652135,139.0353517,136.77778181,137.36401058,179440.28179368,220938.60073990872,157.02656950860006,130.07001160279995,135.4298884342858
1553817600,137.378156,142.997226,136.96143072,142.64399149,249209.63240224,219115.43970803823,156.22370025600011,130.59123682459992,135.2848833333334
1553904000,142.63746096,145.5118782,139.97280264,141.98296079,213802.87702468,218414.15883375477,155.45884240620012,131.13123926919994,135.3790821285715
1553990400,141.96139614,142.06533766,140.18161365,141.21482424,146645.57956518,212568.23461883428,154.71510913195016,131.67589386339995,135.4352422276191
1554076800,141.17904917,143.12529026,138.986001,141.01502161,198901.10457608,205767.35643743878,154.25165794570015,132.33527808619993,135.90340083047627
1554163200,141.0121374,167.63132965,140.76624788,164.79762117,668670.79623584,227077.95818586327,153.77099141105018,133.01569705599994,136.17090840285724
1554249600,164.79240084,180.6417714,150.53117453,161.40613573,694023.9307358,250283.59469412174,153.3615218052002,133.80319537799994,136.47755722714294
1554336000,161.24075935,165.07555324,153.26660464,157.6015004,386983.20602313,258136.53025852074,153.06146182855025,134.28258423339994,136.90995672952388
1554422400,157.66321753,168.7493082,156.1961105,166.02851977,273280.54819878,257792.44905728125,152.76204028340027,134.74922525579996,138.43017721952387
1554508800,166.03560251,173.287022,159.9920655,165.51283314,240766.97898359,260345.4033394368,152.4855019468503,135.08870025559997,139.8688181771429
1554595200,165.50249477,177.12983988,163.9622454,175.04700843,273635.07044613,264534.1653557318,152.2645168468503,135.99504311279998,141.11319392904767
1554681600,174.99307398,187.67716722,173.9234722,180.4263714,479003.81170641,281220.9675450218,152.05159066410033,136.80421881699996,142.55355524142865
1554768000,180.46032976,180.99257587,173.82707693,176.01952363,273765.98433435,285494.90049622377,151.70376126235035,137.54048280299997,143.75220372428578
1554854400,175.89720774,185.83383213,169.68609333,177.5607318,327568.03658665,290688.63589271373,151.48555128820033,138.47326018559997,145.51069018666672
1554940800,177.66039825,177.92554343,159.79975792,164.90771279,336889.1390327,298888.36902786477,151.1851447018503,139.37489438039998,147.5805997733334
1555027200,164.87026328,167.49303797,159.23172286,164.32189697,187836.00338434,301877.49254347174,150.8746879712003,140.44615225459998,149.39208115666673
1555113600,164.29975745,166.3631905,161.70118582,163.65450845,122131.57900739,300450.2991073617,150.7158073553503,141.40942733059998,151.24389444761914
1555200000,163.63375377,169.29192832,161.40988412,168.10189808,113624.63101086,294158.1865988572,150.49675804140028,142.0385640916,152.68534175238102
1555286400,168.11961359,169.3616151,155.82881733,160.2013604,203354.06342037,292262.4433630867,150.32093311135029,142.7344425806,154.04282494523818
1555372800,160.13096478,168.11399001,159.56044769,166.3485419,179053.24071797,287429.3247593087,150.1039929119503,143.0851721226,155.3364688833334
1555459200,166.29632988,168.80215708,164.58295668,166.71591687,141014.73895827,285508.04761753825,149.76015230965032,143.48620206199996,156.8973060628572
1555545600,166.55335632,176.51749551,165.97018003,174.1102283,187491.01619699,282422.11680727574,149.45642438305038,143.82769603199998,158.1930481466667
1555632000,174.10709691,175.09324165,168.40289423,173.60713853,177246.08166356,280594.27703921974,149.07069109740038,144.0389895944,159.7689858319048
1555718400,173.63672095,177.81922314,170.73499344,173.75527224,141524.32471024,280338.21429647267,148.75820113115037,144.60779663659997,161.08918522095243
1555804800,173.77928175,174.50898836,165.86322028,169.84727471,164569.40518288,278621.6293268127,148.47975977440035,145.18345350319998,162.83900511238102
1555891200,169.83132138,174.40329479,168.29583435,171.5037156,170511.25934643,253713.6524823422,148.2499611693504,145.80121359459997,164.31344068571434
1555977600,171.47598432,176.94856916,168.98789681,170.383444,254034.969124,231714.2044017522,147.91629024845042,146.59604777219997,165.82640789761908
1556064000,170.383213,171.00133683,160.0837425,165.660413,265545.85493476,225642.33684733376,147.64816319630046,147.37688571959995,167.18985792000004
1556150400,165.65386883,166.3693058,145.71595736,152.17597177,269473.20185189,225451.96952998926,147.33302583845042,148.15789564679997,168.64170049095242
1556236800,152.17054173,156.10118576,148.20345923,153.12833844,278347.78645243,227331.00990343126,147.0487456809004,148.91041808099996,168.90769205428575
1556323200,153.18206096,158.36023736,152.34474896,155.52489825,135138.1817171,220406.16546697976,146.77099079495042,149.74249586459996,169.11027668619053
1556409600,155.53687217,156.35694095,152.16463377,153.32578575,128970.65282152,202904.50752273525,146.5186785108004,150.64706400699995,168.85191818000004
1556496000,153.2722243,154.86116397,148.70457535,152.48411477,165955.02911425,197513.95976173025,146.27281215265037,151.23429311439995,168.23762383095243
1556582400,152.50494108,161.0224625,152.4502386,160.28940004,204694.55681788,191370.28577329175,146.02843717045036,151.53754144979996,167.7620078838096
1556668800,160.2607,163.34439854,156.74390963,158.38146713,170562.1086043,183053.93425187172,145.75295081735032,151.87641524859998,166.72766394666672
1556755200,158.4573523,160.36567932,156.11365276,158.73314228,159926.39876033,181658.45402067123,145.46337832235028,152.33065999699997,165.3970802976191
1556841600,158.72767964,169.21034964,157.56891938,164.7612027,272917.05915996,189197.72802829972,145.0993849107003,152.66986967659994,164.64802679333337
1556928000,164.82385593,169.03538481,156.91046173,161.95234415,217398.44675564,194386.41881553872,144.72659940320028,153.02404799339996,163.73472847571435
1557014400,161.99460907,163.64002308,157.39998628,161.3216737,169467.76941028,192692.10411503425,144.37361343865027,153.59114335299995,163.44070130857148
1557100800,161.38441586,176.07747875,157.6008984,171.15719969,314115.48077007,199445.21611763927,144.02485589665025,154.10131287799996,163.46162062904764
1557187200,171.17759041,180.96623993,164.86976125,166.17016697,372851.30296742,211037.04431809677,143.8448759661002,154.65208221119997,163.38056518619052
1557273600,166.17038382,172.47001977,162.40244665,169.538317,184740.7279656,210899.52990652728,143.6776629125002,155.31791407299997,163.0576973585715
1557360000,169.69519916,173.39542413,164.50633351,169.36022403,210802.9193665,212577.3717916743,143.48400689550022,155.84134231179993,163.57940399142862
1557446400,169.33101664,175.6599494,166.26373871,172.21211326,256748.89836399,218338.6004743618,143.31756786945016,156.26095148579995,163.57090994714292
1557532800,172.22718497,209.25187017,172.19154812,194.00437656,522789.35783746,236249.59810709077,143.11972327125017,156.92171962519996,163.7053099533334
1557619200,193.89674219,205.5783972,181.67886261,188.29794648,370540.68395393,246251.06933746574,142.90130901795015,157.50595756299995,163.4791192738096
1557705600,188.16001736,209.33366993,185.1327698,196.57241273,410405.35545277,254069.5886539043,142.69029903145014,158.13715561139995,163.41268949904767
1557792000,196.54167663,221.73638723,195.2245261,217.68114948,477485.9298416,264666.5923992463,142.54974354160012,158.75090703819995,164.37693256190482
1557878400,217.68741444,251.39134376,217.0386508,249.17736375,538970.47626265,278141.45611978427,142.3788121414001,159.5024029156,165.25553597952387
1557964800,249.14530202,279.87805296,240.75319645,264.84765834,876964.83815157,308072.3087047412,142.21419628600015,160.66619544839998,166.44928346190483
1558051200,264.83643476,269.40477435,216.45509151,244.38653577,696588.31386463,336144.8153121177,142.05114623290015,161.70239466299998,168.70155515142864
1558137600,244.23006199,248.3776243,231.14824694,233.75110464,271171.22833241,343254.8440876622,141.90578375465012,162.92735657139997,172.67855280619057
1558224000,233.76568969,265.19047786,232.66040971,260.74951819,318380.07744367,350876.0965041332,141.87128577795016,164.62116402819996,178.0438712142857
1558310400,260.72327853,261.0467672,238.37595122,252.50360459,318361.53562431,356559.44544445473,141.8099348374502,166.93963429299998,182.38949965857142
1558396800,252.45529138,264.52778853,247.200683,254.98319875,341994.38130851,365131.0590796652,141.7947611215502,169.45675286579998,186.1145571057143
1558483200,254.79824607,261.44311288,238.68076906,243.58994102,320926.13677403,373181.04598035023,141.8792579307502,171.59720336959998,191.2299729361905
1558569600,243.44436488,248.65816815,231.15927033,245.57238657,304584.74861045,374764.43045287475,142.11801978685023,173.41934563259997,195.9928057847619
1558656000,245.58890295,256.21156031,242.43294641,250.00768242,247591.84285492,376274.1002578387,142.42967308175025,175.7946767806,200.50203429476193
1558742400,249.9366081,258.97765358,248.22475166,251.62392145,160789.20982014,375840.1722783317,142.67918114860024,178.02045238760002,204.5595806704762
1558828800,251.5932916,271.38989387,245.88543352,268.14629688,237223.9725265,371995.59686615324,142.87084710520026,180.2998159304,208.69478277952385
1558915200,268.12573592,280.45981836,264.60556981,271.32771096,278012.15850849,367253.6396432067,143.19130928275,181.8756623274,212.7541389566667
1559001600,271.36126684,276.78790219,263.67333037,271.24292023,231211.60322057,369577.1834059552,143.4649362795,183.5589873442,217.0242140661905
1559088000,271.1963879,274.5779519,260.13818786,269.37266413,226461.22207332,370360.0985412962,143.74097213795002,185.4071109846,222.11110088428566
1559174400,269.48919533,289.25251543,238.37333,254.67763214,541653.3600654,384605.3216263667,143.9661753437,187.11901901820002,226.88112523047616
1559260800,254.83846889,268.29826769,245.23220676,267.50266326,294664.33373509,373199.0704212482,144.1437967376,189.17168829300002,231.88458967142856
1559347200,267.46829615,274.85994203,261.3598206,264.86406475,222812.46301345,365812.6593742242,144.35082814589998,191.09730234360003,236.63860620142853
1559433600,264.82669262,274.35991622,263.98186182,269.33510998,144277.12646742,352506.24792495667,144.51685412564999,192.91363332020003,240.70133992095236
1559520000,269.25560212,270.17711687,246.15227726,249.807943,220441.34361584,339654.0186136687,144.77470422585003,194.7806961302,245.2389851590476
1559606400,249.650863,251.14432151,232.58459127,240.8803157,302038.37202602,327807.4134018371,145.07902628700006,196.32303413700004,248.61325602523803
1559692800,240.90847457,250.13718828,237.1864927,246.04602963,204639.19875787,294191.1314321522,145.39530583220005,198.37493314640002,252.47216857285707
1559779200,245.95098349,251.20980285,234.72778356,249.37977584,168832.79190007,267803.3553339242,145.69026807545006,200.38577650200006,255.00719382380944
1559865600,249.38464898,254.62326927,244.58061859,249.59030514,213725.18994208,264931.0534144077,145.91525356575008,202.49938853260002,256.11191602476185
1559952000,249.51076697,251.1499895,241.38695665,244.42041998,125404.80826849,255282.28995564874,146.2094812250501,204.13350943100002,255.96280487619043
1560038400,244.42658298,245.2348899,226.49047547,231.31774723,154603.1979806,247094.37307346324,146.5172693409501,205.74708853700002,255.2262390428571
1560124800,231.27126129,248.31080306,227.29785174,247.85811504,181910.0278788,239090.15540197777,146.97664638330008,207.34103829160006,255.47403758428564
1560211200,247.77700919,249.30765782,237.05386526,245.4195371,149981.58853292,230542.9279899223,147.3326478938001,208.99431547100005,255.98210021952374
1560297600,245.36817449,263.3872899,242.74413543,262.79955508,210798.58249786,225853.6196842928,147.67446478570014,210.50391700780006,254.5805873166666
1560384000,262.63999891,264.68868967,254.48503788,255.49018677,224888.15562095,224718.4353225943,148.04326016425014,211.92018263680006,254.35937352857135
1560470400,255.53628567,266.26873486,252.43371326,264.00282301,238317.58857978,228594.85426057634,148.4116561334501,213.07143213660004,253.90396106904757
1560556800,263.89453388,274.09419048,261.86632612,269.24029512,194115.43226587,226439.42724754484,148.93414871095013,214.63164894320005,254.81870459571422
1560643200,269.22099175,279.32679674,259.540848,268.4749493,266041.74937736,225840.90679098835,149.51797369760015,216.10996537320003,255.29098079571426
1560729600,268.38674659,277.03391625,267.40271075,273.76965561,264709.97148848,227515.82520438387,150.00036350715015,217.95828759480005,255.9574160619047
1560816000,273.91590187,274.32756718,260.89994774,264.60671705,283732.38126323,230379.38316387933,150.62206083735018,219.75488307020004,256.79629099857135
1560902400,264.6027476,270.0810706,263.47081236,268.87439553,186767.82313435,212635.10631732683,151.24278655710015,221.99142009500002,256.81194111380944
1560988800,268.85662732,274.59063175,266.51790005,271.78131941,215897.48228598,208696.76374487136,152.0042137249001,224.31365922860005,256.92822419238087
1561075200,271.71938403,297.87595963,271.71902774,296.29087634,388157.49408554,216964.01529847583,152.71026759885015,226.5726602496,256.6122145171428
1561161600,296.25457728,316.52435864,292.8546608,308.87683716,491828.15424316,234341.56668726285,153.4957037511502,228.98153764680004,256.5884874409523
1561248000,308.81887618,319.99231424,303.15705,306.38323655,250649.62726003,235851.98086947235,154.29946773355016,231.22398969240004,257.4029487395237
1561334400,306.2412076,313.54603504,295.00172433,310.99563934,203068.83708406,230903.50412237435,155.03368111325014,233.39568960220004,258.7738160290475
1561420800,311.05498543,317.73847131,305.27903961,316.51050632,289342.37462509,235138.66291573533,155.81966177125014,235.66368664780003,260.86966233428564
1561507200,316.59780674,365.01788797,310.83712369,335.04297567,826632.86712639,268028.66667705134,156.5835316806501,238.41484132900004,262.63385883761896
1561593600,335.22661412,344.96416329,273.642405,293.76701522,664955.95955344,290590.2051576193,157.34449347055013,241.29715401820005,265.54755866333323
1561680000,293.78014874,313.7916782,288.62167178,309.89881258,370078.10075043,302823.8697817164,158.1285731449501,244.18577186620004,269.1489963119046
1561766400,309.78917071,324.38432444,290.44388971,316.89529125,358747.78646349,313031.0992058608,159.07361020645013,247.17925117900006,273.3869461233332
1561852800,317.01023475,323.30846937,285.17307131,290.08156738,351534.18678937,321512.3071513893,160.0752322347501,250.08631731160003,275.5006241890475
1561939200,290.08334483,301.77392513,277.59602007,292.83840604,415937.07710846,334810.08158016636,161.10350109025015,253.46377348560003,278.37245787666654
1562025600,292.89283328,296.18793166,270.6829483,291.2697147,394637.97834498,344002.0513725223,162.21225836375015,255.94834745000003,281.823642222857
1562112000,291.16594706,304.09328969,287.69752394,302.07866585,363719.83251551,350943.63521725027,163.33282249955016,258.75911922100005,284.62191937285706
1562198400,302.06025525,304.47692648,280.05274935,282.72004533,282423.66131619,353148.93885407073,164.55793081190015,261.65278278080007,286.76383799190467
1562284800,282.62503468,295.5502052,278.34260498,287.91796654,250709.18274008,355978.6263777813,165.56223917925018,263.57432659720007,288.9471797823809
1562371200,287.78424001,300.07129281,283.88647216,287.83719647,167892.35176878,351071.15649735223,166.66545492060015,265.66513578840005,290.81761362857134
1562457600,287.61974876,311.45363205,283.46246344,306.45235147,176273.2273933,346649.3192925932,167.81513310635015,267.5590818278,292.11427355999996
1562544000,306.62263277,315.78180765,302.33508443,313.3932494,236627.43365691,344294.07191227726,168.8201862000502,269.24703215520003,293.2530899185714
1562630400,313.46658824,319.0985735,300.84442752,308.09873547,305355.34128114,350223.44781961676,169.8577353688002,269.9178857868,294.13865664952374
1562716800,308.35735764,315.43499267,279.04854022,288.83049844,411313.33591053,359994.24050084426,170.8986757673002,270.37929195080005,295.9471043719047
1562803200,288.74767407,289.20126865,261.03618824,268.50404633,319238.42129439,356548.2868612868,171.99424231005023,271.24830516480006,297.83394217142853
1562889600,268.54192953,280.06040601,265.6569636,275.48021993,210120.16139435,342462.8872188463,172.98908167185022,272.70233010140004,299.904990667619
1562976000,275.6196459,276.260634,261.08322705,269.20834908,196185.69141959,339739.69042682427,173.95970794155022,273.75520472560004,300.8552812823809
1563062400,269.37665928,270.24458863,225.15183966,228.6327406,391197.88151335,349146.1426482888,174.8946774588502,274.8671073432,300.69922065952375
1563148800,228.53772911,236.4685043,207.0623329,228.53908286,436885.38959566,356523.29339681735,175.93049437955017,275.54405333700004,299.7082370209523
1563235200,228.45876873,234.93080225,190.34357048,198.6935298,431375.21142448,336760.4106117218,176.9250172825502,276.04233544320005,297.8192613980952
1563321600,198.83241697,220.0906951,192.15659225,211.46741222,369099.07116404,321967.5661922518,177.92685882950016,276.64049211040003,294.11685682904755
1563408000,211.5056169,230.1386583,205.88493578,226.12170273,415290.1349594,324228.1679027003,178.79055454465018,277.0245054436,290.1903541395237
1563494400,226.17992319,227.41639397,212.04547163,221.49911636,204841.63879873,316532.8605194624,179.4854659250502,276.5646818266,284.58002192428563
1563580800,221.39079053,237.90863338,219.49601128,228.65656293,204736.07107678,309192.95473383286,180.1678493784502,275.7725375462,278.6954712838094
1563667200,228.79825397,230.08649409,217.7594166,225.4945671,144055.59235898,295598.88049635885,180.87011888360018,274.319853923,275.4742659271428
1563753600,225.58368066,228.42419981,211.24803117,217.23186622,169115.45682594,284322.7544204069,181.3611034622502,273.12434376280004,271.2647565833332
1563840000,217.21731444,219.65182679,208.52353305,211.99024187,186409.79162217,275457.2523757399,181.9312756299002,272.2593245348,267.062912377619
1563926400,212.04258734,218.42864011,201.27116698,216.4335243,213865.88117969,272029.3633689149,182.23945111325023,271.5957542192,263.98734093571426
1564012800,216.47743212,227.22434619,215.3768389,219.32718839,173209.35654002,268154.3720589119,182.6261651615502,270.8188322126,260.38702951571423
1564099200,219.31530342,220.82617475,212.61697767,219.33015304,133312.13662771,266425.36130185844,183.0626854561502,270.0314422596,256.6118165238094
1564185600,219.29442895,224.36506245,201.70296564,207.29033074,181766.62324321,266700.03109435394,183.5141238457502,268.9893773844,252.5334764499999
1564272000,207.14029568,213.71480089,197.18792128,211.23970904,158213.66764365,262779.3427936909,183.9571851768502,268.2330233618,249.51476897666657
1564358400,211.35254021,215.83422208,205.32699501,210.70816475,124971.38526238,253760.14499275293,184.31857972830016,267.7440875338,246.24868261952375
1564444800,210.8137201,216.07285633,203.9129925,210.04034735,129579.94072766,239673.47523360947,184.6691516889502,267.209710709,242.41311758476184
1564531200,209.98184983,219.26630637,209.5960933,218.51395962,160737.66260994,231748.43729938698,184.96316973445016,266.608718253,237.87918223095235
1564617600,218.65569154,219.77231994,211.0276014,217.48838896,146615.70127818,228573.21429357847,185.27599720280014,265.762718765,232.98941629523804
1564704000,217.53824018,223.13106264,214.59256917,217.86980747,170713.66885486,227299.61316534193,185.59333545515017,265.0991045462,228.31996924190472
1564790400,217.8799968,224.80790666,216.7092337,222.14571568,131719.8525122,214325.71171528441,185.9370677435001,264.68691289659995,224.9715626314285
1564876800,222.10664594,224.31489643,216.58962873,222.76491651,121567.34678595,198559.8095747989,186.22881617920012,263.9305575428,222.54224561380948
1564963200,222.83892655,236.82729751,222.58502142,233.14885032,235035.21839192,188742.8099231709,186.5379564264501,263.3924459932,219.79889263952379
1565049600,233.03057024,239.83870484,221.68225705,225.97986398,276141.40407339,184094.92656863842,186.9596171525001,262.48622267080003,217.55781485857136
1565136000,225.91541114,231.7985418,219.42526145,225.97829669,232091.4274262,174934.9911919784,187.38059649450014,261.7338150848,217.27839466380945
1565222400,226.21429044,227.02136226,214.81214337,220.37578763,198655.09774748,174625.6641394159,187.85080395330013,260.89667293819997,217.49790739999992
1565308800,220.51140669,221.44546081,206.75630735,210.17463063,196414.27996063,174209.5745836084,188.3611235291501,259.967165366,218.7972566466666
1565395200,210.32427394,214.94990868,199.5571455,205.94178276,193551.68241137,176684.3790862279,188.8091739655001,259.2606433864,219.48825114523805
1565481600,205.89699697,217.99728255,205.42755429,216.11147183,171845.54413371,176820.88345161642,189.3199328144501,258.30484755379996,219.2146361404762
1565568000,216.23598546,216.76318221,209.02049595,211.27190893,102057.26753756,172603.25724738592,189.8234671928501,257.5322791466,218.6753749152381
1565654400,211.33231442,211.43536346,202.69725106,208.59154915,169983.89392702,170409.15788475244,190.3766652859001,256.56230698859997,217.59371871666667
1565740800,208.59803634,209.29751136,181.62862515,186.46951196,268638.35276444,175180.60769597342,190.90835673770007,255.33017321299997,217.14690465619046
1565827200,186.48512217,189.66423373,176.94096012,188.04388789,304093.63862108,183719.68279564194,191.42236323410012,253.52319134139998,216.86309716619044
1565913600,187.95042229,188.24937655,177.94933324,185.3449572,214758.95600244,185369.29943360345,191.9373092747501,251.66788403479998,216.70125465571428
1566000000,185.24958394,187.94066125,181.43672936,185.53303076,142762.97641668,184596.76487225495,192.4095148481501,249.76565748239997,215.2743969252381
1566086400,185.63558004,198.252239,183.03833194,194.64005031,145788.38276627,185637.61474744946,192.8489934275501,247.7175756786,213.78471594904764
1566172800,194.61271595,203.9510208,192.98338209,202.36786488,162394.07504778,187278.32146345545,193.3472380744001,245.11675579139998,212.16637329
1566259200,202.3783598,202.96045879,194.4687789,196.59068702,130646.20932144,185773.74879903047,193.8214938690501,242.1767740358,211.13031138619044
1566345600,196.70194184,197.21185501,179.99497969,187.19225671,185559.25927691,187720.92669896697,194.2892905681001,240.00833287540001,210.33985144666664
1566432000,187.22693994,195.22890538,182.44818625,190.85847638,188227.16208954,188596.60136070097,194.6465334868501,237.52101723900003,209.94269431
1566518400,190.84056508,196.76087634,188.59747368,194.17903513,157098.12770379,189865.5151202805,195.02934343480013,235.0759124202,209.3022342942857
1566604800,194.19802066,194.37018233,186.34069565,190.91501797,154662.91647755,191520.2936048605,195.4292316110001,233.32163837020002,207.81072463190478
1566691200,190.93770839,193.9712337,182.42548129,186.48930322,130077.81560231,186272.42346537998,195.83720009505015,231.3966839898,206.5426335566667
1566777600,186.68074395,194.47842676,185.22665571,188.38974803,177359.66244827,181333.33638412398,196.27238304220012,229.31513482999998,205.41450154047618
1566864000,188.35107379,190.12548885,184.03824687,187.09274646,145345.1762558,176996.02382560397,196.75549608565012,227.09073104059996,203.9273254590476
1566950400,187.12613942,188.9017451,165.28727502,172.90892444,183894.21571163,176257.97972381147,197.20855651100013,225.3199108366,202.19991530238093
1567036800,172.92556154,173.40196073,163.56126325,168.95867798,170377.88147167,174956.15979936346,197.59820251345013,223.3798518652,200.06852947904758
1567123200,168.9940209,170.7547366,165.57880377,168.44492241,123314.41993227,171444.29667540846,198.0225416233001,221.3528940002,198.21676197809524
1567209600,168.37262167,175.02996434,165.51080325,171.77992902,133133.42244989,169508.69059121746,198.4633311949501,218.99164193139998,195.68964901380951
1567296000,171.75170439,173.54133284,167.90761525,171.50685127,84073.09101004,168609.48176484148,198.8877936920001,216.4656318726,193.24121522095234
1567382400,171.47855663,182.37700984,170.56487798,178.76859168,146240.84910068,167422.32952352447,199.3035248976501,213.761835652,191.25408625809519
1567468800,178.76935533,183.39445768,174.59844368,178.88683985,170390.24631477,162509.92420104097,199.72912826085013,211.3643992428,189.62733131809523
1567555200,178.92525227,180.43586171,173.63274615,175.0322797,172681.06619531,155939.29557975248,200.07452440305013,209.36321676440002,187.50330176761904
1567641600,175.04311206,175.94045645,169.59039296,173.98046437,128976.40590103,151650.16807468198,200.3496551596501,207.2892109462,185.95552475571426
1567728000,173.99733502,179.2377984,164.64549576,169.41433154,181854.79345758,153604.75892672697,200.57424219145014,205.33518099,184.54101478904764
1567814400,169.38819065,181.19709216,168.50446956,178.06874426,149170.92641174,153773.88610900048,200.81906441195014,204.3378980116,183.9963846814286
1567900800,178.13477237,184.664725,176.71212323,181.53368145,181495.92392426,154728.97855282447,201.0732273044501,203.34485315139997,183.32669784714284
1567987200,181.39536856,187.25239678,175.53783258,180.64690572,198563.7320772,158124.85469061247,201.32682005530012,202.87162814939998,182.5680966252381
1568073600,180.68894811,184.53139677,175.82406135,179.80757828,124487.77433456,155071.28044349496,201.62371476050015,202.1218891924,182.2126544109524
1568160000,179.79694813,183.4234751,173.85205093,178.30271512,164260.76572891,153872.96062546346,201.91599334275014,200.9877417686,181.58854160809528
1568246400,178.3592803,182.7651499,176.47133735,180.88024122,131853.26348794,152610.71741467094,202.18373416765016,200.1191343266,180.55421021952384
1568332800,180.89577126,182.13630991,176.61106189,181.3283253,120980.14142441,150926.57866201396,202.3923234015002,199.17667669700003,179.75501456523813
1568419200,181.39336668,189.1585385,174.90476172,188.63082872,133856.39020974,151115.50739238545,202.51658163130014,198.2797234694,179.3317030609524
1568505600,188.67188776,190.89300659,186.15664438,189.17097575,122161.99110961,148355.62382545247,202.69309131585018,197.53123771060004,178.8565490057143
1568592000,189.188133,200.9364847,188.2291769,197.5299339,232253.60317228,152701.04517127646,202.86390354465016,196.85748717560008,178.244610442381
1568678400,197.47253194,215.24279486,195.9843321,207.891912,352077.44295046,161110.20653321798,203.04578607325016,196.14642151400005,178.13583952571432
1568764800,207.8426066,219.74935,207.68082044,210.21813544,312081.08070137,168195.36649470296,203.21192491490015,195.38644425220005,178.2635382176191
1568851200,210.32357341,225.257835,200.73282406,220.69212602,377654.84018814,180912.38750749646,203.31575239070014,194.77245776580006,178.69878516380956
1568937600,220.75275045,221.92558739,211.58792978,218.07547082,178940.49244781,183202.74100739247,203.56134855535015,194.41007066600005,179.68922161809527
1569024000,218.08383359,221.45462955,213.48798352,214.91176275,117452.67976042,184871.72044491145,203.78016168900015,194.13587516320004,181.46585071333337
1569110400,214.8542643,215.53525287,205.525685,211.16751435,131430.89300104,184131.22263992944,204.04417627110016,194.0795501082,183.92934823904767
1569196800,211.1975727,211.74945834,197.82979949,201.00856452,151836.89158663,183203.55490352242,204.31818855275017,194.08310587000003,186.29270768714292
1569283200,201.00506981,202.80082608,152.48803864,166.36364808,609590.46709005,205049.02494825944,204.63301201645018,194.12666919800006,188.34660453142862
1569369600,166.45537513,175.1972726,161.92808509,170.08201246,342382.0050102,215719.30490371794,204.9989476970502,194.13841083520003,190.23520753523812
1569456000,170.23578039,171.05282209,151.8193592,165.86895224,298257.33177973,221539.43181982543,205.38893260925022,194.07924994080008,191.2942538609524
1569542400,165.87586263,177.625734,160.96468013,174.17300262,239493.37081428,226055.55403995243,205.8428941072502,193.85968591420004,190.69791139571433
1569628800,174.25138781,177.07386144,168.19615568,173.89929464,190807.72079126,226521.14388330243,206.30749627695022,193.42455887440008,190.46218438428576
1569715200,173.90193939,174.92809836,164.3252365,169.43697005,159290.99273601,224557.50691624294,206.70056030255023,192.08885482960005,190.07592190190482
1569801600,169.51529889,181.80435924,164.354049,181.16384097,235341.66161533,230100.2012802814,207.0713300993002,190.97089779920003,190.30252528666674
1569888000,181.29013336,186.09345906,173.48825265,176.30917133,212045.83272298,232489.45462998492,207.3954496794002,189.7687109102,190.1039800666667
1569974400,176.33077696,181.67356022,174.02863362,180.73359342,148596.87354511,233326.63513284345,207.56320461565022,188.84465521000004,189.52794619047623
1570060800,180.78281782,181.41469006,169.72935,174.83934402,147202.2993076,234637.74302700293,207.7317881691002,188.11914849020005,189.55256215476197
1570147200,174.9152763,179.39634709,170.49496737,175.9754048,137640.93050968,234826.9700419999,207.8872569356502,187.38905223600005,189.3859713476191
1570233600,176.04873398,177.17740982,172.25096523,176.66585749,109692.59181948,234203.50007749343,208.0984487884502,186.69009961880005,189.50172745714292
1570320000,176.7171547,177.4043355,167.1474792,170.18376642,140905.51117248,229636.09547750343,208.3035803072502,185.99084486680005,189.21406568571433
1570406400,170.23894424,182.62312583,168.65717243,180.26472485,207346.13338412,222399.52999918643,208.49479177940023,185.43368575220006,188.9591647095239
1570492800,180.303129,185.3624492,177.46656464,180.86811275,174863.36035577,215538.64398190644,208.74326293620018,185.20108239340004,188.38940417476198
1570579200,180.84843719,196.00764267,179.09826,193.22726981,286141.91720425,210962.99783271193,208.9459041318002,184.95971273160004,187.48525134952388
1570665600,193.2235019,194.74060854,187.11500649,191.82342927,199242.81946756,211978.11418369942,209.1478660239002,184.78613073740001,186.6630985376191
1570752000,191.86848625,198.41141044,179.37219324,180.86914938,226260.44058476,217418.50222491645,209.3314687804002,184.47914545060002,185.3762509542858
1570838400,180.81896875,184.84014575,177.61293723,179.82546953,130562.99067455,217375.1071085919,209.5265544540002,184.19163894140002,184.567162114762
1570924800,179.81716158,184.87334295,176.84793718,181.12721952,126745.00464138,216120.51276132945,209.71999166855022,183.7616438988,183.19246226952387
1571011200,181.09394914,187.75114401,180.52767293,186.96537678,127145.72412311,191998.27561298246,209.8775472372002,183.69437555460001,181.42073267714292
1571097600,186.92303777,188.52719544,176.82724224,180.51879935,158465.11261594,182802.43099326946,210.10568426450018,183.7869990058,179.7499568095239
1571184000,180.53720053,181.34487232,171.7319555,174.61842361,151826.51745481,175480.89027702346,210.3309510786502,183.5872124658,178.3194665795239
1571270400,174.63048635,179.26408096,172.80807287,177.2681624,122871.47397367,169649.79543499294,210.6146474989502,183.30014115379998,177.65074335380962
1571356800,177.23379338,177.5268495,168.08688315,173.00787552,149794.80047647,167599.14941925346,210.89714305875023,183.10438518479998,178.32479817619054
1571443200,172.96636116,175.64626144,169.69743887,172.11248018,114428.37754196,165356.018659551,211.13653492245018,183.113906656,178.54081775476197
1571529600,172.13689197,176.85166762,169.29578656,175.47460739,108703.66835488,159024.1189965285,211.3693930175502,182.95648768239997,179.08363728619057
1571616000,175.46611581,178.35569021,171.65502216,174.34865438,134086.03483992,155126.1291023755,211.58007046665017,182.70700122539998,179.0281550433334
1571702400,174.21477877,175.40958805,170.23779932,171.28759932,146841.47461312,155038.35915577598,211.8280772976502,182.7941859846,178.94306864047627
1571788800,171.24451328,171.77659675,153.06962304,162.46399677,364260.45302963,165891.26684187748,212.0174513369502,182.8751699354,179.23057518047625
1571875200,162.50737206,164.06826343,158.94638547,160.93365246,183794.2652672,168198.93357975347,212.18062865105017,182.94852109080003,178.90604248571435
1571961600,160.93973838,188.78780333,160.43627591,181.67636358,325642.57452011,178996.43271478498,212.36089534185018,183.0224146582,178.6669200090477
1572048000,181.86967183,200.77361745,172.73398695,180.03828935,501609.62398284,197031.638355303,212.5208596114002,183.0792507204,177.79693921619054
1572134400,180.04996624,189.14446888,176.74518056,184.2202726,247114.42300374,199020.05283628398,212.55743390645017,182.9296308732,177.1347634276191
1572220800,184.25755439,190.90607796,180.6772446,181.94393324,244783.93977758,202516.0818073745,212.62777626475017,182.60117401159997,177.40623765523816
1572307200,181.94925004,193.32723054,181.6275919,190.94938978,234844.30405134,199951.201149729,212.71151203465018,182.3192014668,177.56682964857148
1572393600,190.96867409,192.05876582,179.87346086,183.36294238,200341.91722135,200006.1560374185,212.7378074324002,182.47311945100003,178.23523470476198
1572480000,183.41788782,185.74797206,177.72865694,182.3922655,166675.40417355,197026.904216858,212.7225632505502,182.6855986072,178.3151970090477
1572566400,182.48793704,184.96076055,177.01198437,183.2703012,140951.61534117,197546.335450189,212.65199647070017,182.808629174,178.79525782000007
1572652800,183.32357904,185.96885706,181.6910921,183.2187429,82923.92816967,195355.2816266035,212.6582464316002,182.8168342098,178.32552794238103
1572739200,183.23065414,185.23585523,179.0434888,181.711411,85892.78658022,193292.634749459,212.6783402602002,183.022883891,177.87642490571437
1572825600,181.77034598,191.37562812,180.3937834,186.1058835,159767.87203789,193357.77272055647,212.7116379642002,183.09399117300003,177.9907654685715
1572912000,186.11648606,192.50789219,181.93414379,188.90610781,159530.00921943,193742.94730878746,212.79681906645018,183.17578218060004,178.15234991476197
1572998400,188.87714115,194.62236606,187.93246132,191.20804432,160576.70737983,195628.20897909548,212.9299565305002,183.22358338020004,178.1801685566667
1573084800,191.25795549,192.24913024,184.08525859,186.40079637,140553.2348949,195166.13070001698,213.02849870015018,183.26139173220002,178.13924030523816
1573171200,186.45569555,188.14614858,179.69406175,183.5627622,185753.5248377,198732.38806480396,213.09995053725018,183.12300337780002,178.53863594619054
1573257600,183.53435806,185.73938811,182.59438824,184.92940393,114007.86708665,198997.59800139247,213.2152952412502,183.0617015328,179.32861788476197
1573344000,184.92474731,195.90686535,183.27541648,188.85545643,154287.89352308,200007.69093555046,213.2996462462502,182.889225011,179.76350521666674
1573430400,188.89239992,190.19034434,183.37595112,184.67448958,120181.01229192,198674.66781949048,213.37462371690017,182.5555476574,180.2661188680953
1573516800,184.66566359,188.6086215,181.39997813,186.94491878,120342.01072577,186478.7457042975,213.43460199290018,182.079200876,180.87644857047627
1573603200,186.97451092,189.28966874,184.64284688,187.71303123,115396.02326797,183058.833604336,213.51109683930017,181.33661359959999,181.5136318580953
1573689600,187.78964348,188.42292305,182.8295277,184.60007261,127896.76697284,173171.54322697248,213.59836069970018,180.67369226180003,182.00533829619056
1573776000,184.59055539,186.76474455,176.6845136,179.71854626,186305.71879723,157406.347967692,213.68112830800018,180.1525661354,182.75092493714294
1573862400,179.71541233,183.36992625,179.09730287,182.19003453,112222.46812074,150661.75022354198,213.7414235410002,179.62270564000002,183.95325991142863
1573948800,182.21392835,186.9431928,179.58480106,183.79212123,119105.01683166,144377.804076246,213.8141533406502,179.34143272520004,185.08023229952389
1574035200,183.79866158,184.02075104,173.68268675,177.81566985,166410.62274961,140956.12001115948,213.93012855780017,179.76842038820004,184.9870029033334
1574121600,177.84810652,178.22965159,172.47805575,175.69450912,148475.29618248,138362.78895921598,214.09262114685018,180.05878159120002,185.0894669595239
1574208000,175.73197448,177.63027573,173.25920309,174.42306575,133658.81868291,136711.95968468397,214.26170404855017,180.3357734716,185.0690787990477
1574294400,174.40747565,175.58008197,155.43933858,160.77118994,238383.54975644,141583.55640544745,214.42264471345018,180.4961141098,184.8724948280953
1574380800,160.74510758,162.39732201,137.39885981,149.90668588,416933.21206101,158284.02060001442,214.5790161477502,180.69397064160003,184.14607193952386
1574467200,149.85735252,154.26377211,146.41358027,152.12549153,139515.92334216,160965.17743811145,214.71518830520017,180.86154463760002,183.72036352857148
1574553600,152.17267694,153.22478325,138.714107,140.04804772,137972.42994389,159875.40533341144,214.8246914776502,180.7521580006,182.69078850190482
1574640000,140.05858652,152.04026985,131.52202129,145.99145929,314169.90247266,167607.39999607293,214.9517447481502,180.714435889,181.10204491523814
1574726400,146.10653205,149.94357431,143.51576126,147.57903968,156807.90239414,167418.95974678843,215.04715738600018,180.31518781940002,179.6214138976191
1574812800,147.6144871,156.14777814,140.90894482,152.91822878,220689.25078053,171425.76054106993,215.1018239181002,179.81653465659997,177.6374442176191
1574899200,152.89343801,154.95165741,149.09265299,151.0160048,140532.38839761,169164.7037190654,215.16417752610016,179.33953639119997,175.72723354095245
1574985600,150.9785652,157.95027633,150.32101678,154.81839718,176871.04416575,172307.86257302042,215.16142510730018,178.6071801958,173.75927791571434
1575072000,154.8409475,155.64083436,149.64511829,151.68768376,129798.68573373,171083.4021835529,215.0551725382502,178.12333405319998,171.93595336619052
1575158400,151.71885486,152.41403927,145.8026169,150.97986998,142936.96803013,172221.19997046344,214.9849491610502,177.46962034979998,170.25096329142863
1575244800,151.05776742,151.5952158,146.31823291,148.871479,109427.19036444,171675.45895239693,214.8374978146502,176.91062267040002,168.88218400476194
1575331200,148.9173295,150.67491153,145.86363533,147.27164925,102892.45729893,171050.2806539449,214.72065399095018,176.06639737019998,167.29924494904768
1575417600,147.32165317,154.54399175,143.08279322,145.42534,186413.96397081,173976.14050384343,214.5974886230502,175.32629672840002,165.49564559428578
1575504000,145.52914304,149.1559947,143.43057144,148.19581823,136228.07116077,171472.25812202043,214.39205788415018,174.74266741600005,163.79074032857147
1575590400,148.23067028,150.57091589,145.93195883,148.75195322,121947.81393967,171958.52541296693,214.20564817575018,174.16575542500001,161.9015370176191
1575676800,148.81200587,150.2745772,147.07624177,147.45897852,88061.94171641,170406.37165720444,213.9968780980002,173.5206406146,159.88783743523814
1575763200,147.48135563,151.94327065,146.41043949,150.69977315,96097.22476858,166890.70175815295,213.66691076940018,172.726766064,158.15430151238098
1575849600,150.61329307,152.45626778,146.06192374,147.3507548,125780.02064298,165755.93798117794,213.1759233005502,172.02489687700003,156.67970184380954
1575936000,147.3071812,148.49503575,143.90022439,145.45633622,128320.95862002,165489.04497803346,212.5960424038502,171.4964447694,155.02584203380954
1576022400,145.51275342,146.26542224,141.6963507,143.2490378,90339.019541,158086.81846726144,212.1104679712502,170.92612058580002,153.45001593476192
1576108800,143.2562472,145.73850304,138.80905737,144.68793281,125737.45978961,143527.03085369145,211.6688391480502,170.41514264580005,151.99930569428574
1576195200,144.67917242,145.33151911,142.67176345,144.70618943,95279.33723647,141315.20154840697,211.1060706482502,169.98688850520003,150.55939269904763
1576281600,144.70934136,144.9900971,140.74755091,141.81941852,74725.22772157,138152.84143729098,210.5873123914002,169.42441145340007,149.07491517761906
1576368000,141.85615028,144.60782658,139.85514164,142.38497976,71052.392822,125996.965954758,210.0496912902502,168.84656509020004,148.3090457904762
1576454400,142.38759182,142.57628648,128.202981,132.47453567,214180.78959167,128865.61031463448,209.5852404509002,168.28579385980007,148.06140310238095
1576540800,132.49118311,132.67302834,119.30278844,121.7595057,220939.03513341,128878.09953227849,209.0941322920502,167.93027258060008,147.5706377209524
1576627200,121.82380263,135.78899119,115.87647508,133.01033437,298062.44865765,136754.6025452805,208.5713755610502,167.60572332000007,147.68192019904762
1576713600,133.03135649,134.47648004,125.61744137,128.12218258,185803.29859512,137201.215266749,208.02950114280017,166.80858441880008,147.03825716952383
1576800000,128.15350632,129.4375485,125.78550063,128.22313584,99651.22047206,135693.84200366552,207.41220932245017,166.05551822700008,145.8087555514286
1576886400,128.24090554,128.45647444,126.53560569,127.19827388,77103.82145894,132402.18467510602,206.7791017148002,165.02060348840004,144.86076057952383
1576972800,127.23154755,133.18772091,126.83707488,132.32205552,116958.70950913,132778.7606323405,206.1319842062502,163.81691493760007,143.77057856904761
1577059200,132.42920484,135.28701891,126.04130062,127.7747191,164684.19156619,135868.34734570354,205.49704578440017,162.65813382940007,142.50413755285715
1577145600,127.73547101,129.69417309,126.436273,127.71957258,114092.12220634,132252.25525748002,204.88603030205022,161.55331863340007,141.33797517761906
1577232000,127.68539206,127.81608507,123.15062716,124.95225208,104467.957544,130664.24957664152,204.1573145142502,160.46993604020005,140.44950782238092
1577318400,124.94181722,132.34893486,124.1754657,125.4535936,121847.00267437,130659.20901337653,203.49804586235018,159.34849549380004,139.44490020809522
1577404800,125.47796268,126.73944486,121.43844667,126.17119609,127557.33291657,132633.97857338452,202.7919812253502,158.33056174619998,138.5138489380952
1577491200,126.17298965,129.44431852,125.78640838,127.83633038,103317.97611778,132995.0161408445,202.18405718955023,157.25182790819997,137.53893998952375
1577577600,127.86836742,137.96268054,127.33093474,134.3427101,149833.65166417,134197.697691904,201.6156469804502,156.08410168979998,136.45597691190474
1577664000,134.25608161,135.84747443,129.89455585,131.05072945,150240.55095634,135293.67730872,201.0470271099001,154.80502457519998,135.3807027628571
1577750400,131.09313539,133.26271255,127.6500898,128.67040771,111527.81550797,136353.11710706848,200.4390018262001,153.48993556079998,134.44629094666664
1577836800,128.63865949,132.64605458,128.17686338,130.23809288,76789.71691903,133905.7299635395,199.82964816340012,152.28534355519997,133.66738318238092
1577923200,130.23451908,130.28775781,125.51882187,126.80060792,96907.13593733,133987.1198985825,199.23230732390013,151.17081491879998,132.89119149904758
1578009600,126.79048332,134.84032238,125.484015,134.21380113,182801.16680651,139390.91685282948,198.7029865557501,150.1590810422,132.09186157
1578096000,134.18486063,135.67584657,132.33905485,134.10514506,96054.82492217,140641.03845783797,198.0945519610001,149.0029865026,131.4722927642857
1578182400,134.15057548,138.14420601,134.00595574,135.289542,120553.13601807,135959.65577915797,197.50663592740014,147.8829048652,130.62051538857142
1578268800,135.269808,144.71954196,134.74719822,144.18407916,170065.82741734,133415.9953933545,196.8643517025001,146.7487683472,130.12087785047618
1578355200,144.25514214,145.78580814,138.60249828,143.01108346,212125.06223513,129119.1260722285,196.2421544159001,145.530519881,129.75353149523806
1578441600,142.96126012,148.13663241,136.8526252,140.54157936,242569.32635017,131957.427459981,195.56549233940012,144.5227944514,129.41565350666664
1578528000,140.56625856,141.51166751,135.25415932,137.67837157,145185.73492609,134234.1531826825,194.8704813282001,143.61052642739998,129.97325081571427
1578614400,137.72051895,145.37608703,134.97030978,144.8505135,187467.33681827,139752.32895064898,194.16210962130012,142.67251657679998,130.9852307090476
1578700800,144.84161174,148.19199531,142.028392,142.40524568,136079.1102738,140708.34898888247,193.46433034890012,141.88035573539997,131.34386142285712
1578787200,142.35553728,146.46629401,141.5676639,146.43531277,100885.5938543,137518.41910328798,192.81182248895013,141.18426400759995,131.79891804142858
1578873600,146.46864036,147.0136947,142.05269033,143.49834938,105837.77392277,137105.70168910947,192.1438982213001,140.48120541239996,132.59069793
1578960000,143.51181072,171.13759528,143.44528016,165.76601019,408034.4868856,152284.02815618948,191.50591202005012,139.74631152879996,133.3148394442857
1579046400,165.68357658,171.9043515,158.99325776,166.25309715,279227.60381697,160153.05821331948,190.7395130556501,139.42789799999997,133.98689931333334
1579132800,166.2430086,167.16648375,158.41269092,164.08400247,171076.58020479,162329.0205777305,189.8978367666501,139.27786919599995,134.73564361238093
1579219200,164.09175472,174.74428913,161.920706,169.641004,250097.33711992,169667.9886278375,189.0543124417501,139.1640656208,136.54737873666667
1579305600,169.650536,179.43967638,164.98460975,173.97082539,251568.91103447,174754.7515963525,188.22358681255014,139.23307165399999,138.5140856447619
1579392000,173.93376912,178.84344501,161.60278791,166.79922787,230880.42075978,178786.7450865245,187.35306050935012,139.62856267200002,140.35362892428572
1579478400,166.79877125,169.2270656,160.9415043,166.56782415,111601.02751259,178790.4056867555,186.4100221948501,140.0020438214,142.42361977714285
1579564800,166.65894108,170.16749703,163.034261,169.13302302,123102.63181089,181106.0514313485,185.6586788656501,140.22535929519998,144.62050049190475
1579651200,169.26918131,171.13449434,165.58970667,167.62866806,94699.62698645,180995.6759838045,184.9380148537001,140.59785927919998,146.16604895714283
1579737600,167.67309035,167.79452977,158.785864,162.44229202,145869.7801748,179149.10665221902,184.18480388320012,140.98090784339996,147.85733918095235
1579824000,162.44191293,164.19693651,155.13731156,162.28894724,127884.05493136,180740.5681526785,183.5548160586501,141.28313872559997,149.78413038619044
1579910400,162.339651,162.46783036,157.19024676,160.11085958,70169.34955278,178221.378829414,182.9388290484501,141.59489780899997,151.56463396619046
1579996800,160.05725688,167.67697734,159.01984665,167.41986472,94739.97546967,174455.08623203047,182.3523346019001,142.00012868939996,153.26185701857142
1580083200,167.61387772,171.90778615,164.84401716,169.81622122,138559.26386463,170776.79631350547,181.67593741200008,142.40726906559996,154.59876873809523
1580169600,169.80742064,177.2343175,169.47254492,176.07808725,184877.84285882,167892.22213893797,181.09517630610011,142.74760810599997,155.83713609619048
1580256000,175.88523792,178.45289326,173.05055146,173.390652,126782.7936253,166972.07507389848,180.50125158850014,143.02947068619997,157.3671514638095
1580342400,173.38825635,186.92985836,170.35323009,184.40818809,186199.43591903,166908.68002893648,179.9002089464501,143.25664881339998,158.58772965714283
1580428800,184.52324103,185.73171672,174.91575116,179.59819031,146240.87135496,167416.76808299447,179.18015864920014,143.65586653739996,160.1623488852381
1580515200,179.65183279,184.15848672,178.88483288,183.49548831,114588.28919446,168101.90285000246,178.42463713840013,144.03819549879995,161.72659043952382
1580601600,183.49750558,193.47608498,178.156825,188.23336623,200196.77352321,172819.8528300245,177.68469775895014,144.61274214779996,163.95181979761907
1580688000,188.17747978,195.58868313,186.57772785,189.53889945,168374.19128759,160836.838050124,177.07764459035013,145.17142846339996,165.6064710742857
1580774400,189.47904,191.53464145,184.180205,188.23445136,155239.6344469,154637.43958162048,176.5842054648001,145.99461146919995,167.5631492947619
1580860800,188.27215466,207.79483905,187.57481831,203.84682813,234713.34977526,157819.278060144,176.0871948014001,146.69281661919996,169.55353279285714
1580947200,203.923383,216.19608495,200.75237319,212.88004138,272635.42269296,158946.18233879597,175.60810631600012,147.46860259679997,171.74593993904762
1581033600,212.96135628,224.68924107,212.8952616,223.17812657,280968.11607712,160416.14259092847,175.3869835534501,148.39688155099995,172.8158657090476
1581120000,223.25749325,228.11878624,213.29053485,223.2541701,268790.28402065,162311.635753972,175.1422790907001,149.33995994479994,174.6060433747619
1581206400,223.30816445,230.93998771,223.06252178,228.92593436,192621.9454703,166362.6816518575,175.06628888325014,150.45515825859994,176.9296642752381
1581292800,228.88269197,229.59495976,215.99770735,222.92395531,246436.92507697,172529.3963151615,174.95011865330014,152.09690470719994,179.4790510642857
1581379200,222.96865234,239.95817944,218.0648514,237.79086061,283428.92560275,181965.86124597647,174.76720463690015,153.69429884739992,181.8258770028571
1581465600,237.80367797,276.0982937,237.69064436,266.38319106,453935.85536453,197369.16500546297,174.6008813119001,155.59541772719996,184.78429159761905
1581552000,266.37457616,278.56891741,254.84898425,268.55396166,425208.10319809,212235.36741879946,174.47683263790012,157.49603841239997,187.46791689095238
1581638400,268.47985909,287.764753,260.30775288,285.91412663,334004.91755759,225427.14581903996,174.41376000930012,159.53059162199995,190.73733772857145
1581724800,285.9140577,289.0373645,261.68518496,264.88232811,419344.94270812,241657.39418096244,174.44349131105014,161.34262961779996,195.43993406190475
1581811200,264.97003167,273.93017396,236.6917055,259.03723924,384947.34881766,253976.79842861398,174.49981095220014,163.54295244799994,200.49287071142857
1581897600,259.05395512,268.94183295,242.17959937,267.750015,368847.23009009,263175.2677901775,174.56227300250015,166.31622481760002,206.3797840157143
1581984000,267.916098,286.91113766,259.02264248,283.151201,386678.20781049,276170.038499437,174.58025683710014,169.1882590092,211.3689015647619
1582070400,283.273382,289.69725232,249.03883762,258.5536135,268847.30828039,280302.432117505,174.67256037495017,172.39746966980002,215.73163368476193
1582156800,258.44792195,264.25524057,244.41607875,257.37042499,289127.25890978,287446.75149524596,174.96802467655004,175.17169231020006,220.39514767428568
1582243200,257.33193375,268.82822972,254.12012493,265.78348729,193411.47964864,291387.911017955,175.25459593965007,177.79571048740002,225.49386737666669
1582329600,265.80901932,267.25971724,256.40242031,262.09058663,121820.041235,287469.07440354454,175.63062574905004,180.46385658540004,229.5492464957143
1582416000,261.99569484,276.4465858,261.48811092,275.31696341,153687.37163779,286734.7334210545,175.90483565285004,183.50586601640003,233.02363872904763
1582502400,275.45447536,278.01867972,256.90354297,265.75777807,214193.86014701,289682.44470605993,176.10745205095006,186.10353013220004,237.12770048999997
1582588800,265.81135185,266.37214441,244.20605608,246.5456686,210738.04129303,288483.6792819484,176.35876018115002,188.6461767744,240.87032421952378
1582675200,246.39150694,250.02948,214.543848,223.80132159,388387.72013975,294271.2941542879,176.68516714880002,191.4258343618,245.01716218047616
1582761600,223.81683035,238.32096945,209.3657617,227.40107894,348853.61874634,297665.5692877489,176.8672066379,193.9833700718,248.64663259095238
1582848000,227.57644255,234.61092338,213.57241675,227.18154342,234227.60940965,295937.4355571989,177.04023418030002,196.80760643880004,251.42335722142857
1582934400,227.13866117,233.43302159,217.00437795,217.4750138,139727.93069107,293292.7348182374,177.20340736515,199.4169711602,252.3735711957143
1583020800,217.45988424,227.98031242,211.58537543,217.53435665,177036.57138398,289822.7171335879,177.38396097840004,201.464202949,253.0650491747619
1583107200,217.46549,234.50870898,215.81954945,232.11334721,192823.59381499,285292.4505441999,177.63065431200002,203.08000771160002,253.25568807238093
1583193600,232.12577875,232.86533701,220.08697745,223.72105584,173020.23805509,271246.6696787279,177.85756426420005,204.8171977032,252.9804901533333
1583280000,223.7894197,228.74832043,220.34166318,224.42646641,142661.68543774,257119.3487907104,178.03941945405003,206.6072611402,252.43803407190475
1583366400,224.45747508,234.49529443,224.43755009,228.69248939,182949.52626571,249566.57922611642,178.12871714820005,208.0597511462,252.87562416238092
1583452800,228.58353467,245.82947193,228.03875888,245.63619424,224307.1960647,239814.69189394545,178.18516518375006,209.56233336559998,252.2056334590476
1583539200,245.59536645,252.99476134,236.39895064,237.54178385,227598.29093512,231947.23899981845,178.26471335620005,211.27589405439997,250.20769418999996
1583625600,237.54718898,237.5764237,195.68503388,199.42512713,364242.77793827,231717.01639222744,178.30913067945002,212.8803481836,248.30952884380952
1583712000,199.47312388,208.67496059,189.81789278,202.883406,397586.87029163,232262.44951628443,178.46445490290003,214.05355730800002,246.3915320633333
1583798400,202.85551584,206.37854144,195.50379376,200.52239312,254084.4259946,231524.30540199493,178.6848021995,215.3023451528,245.0896013842857
1583884800,200.6452546,203.23248258,181.43870648,194.73139753,243576.88792722,229246.78685286696,178.8766826927,216.93338898820002,242.2509293790476
1583971200,194.97109251,195.81005532,102.479304,108.57208005,1163339.69017912,277743.19737939094,179.07114987095002,218.29140458519998,239.16204323619044
1584057600,108.57692486,145.38035247,87.03489352,135.53194284,1647141.52893282,354009.27176428196,179.24141206635002,218.80049062,235.2273380990476
1584144000,135.38497748,136.01715875,119.71360668,122.29028572,439065.43520716,368278.1749427505,179.45775371315003,219.52217418260003,232.18818495761903
1584230400,122.18479027,135.1716767,119.84654094,123.35695775,410906.72498956,378113.81818487804,179.66250919729998,220.201265562,225.1025494842857
1584316800,123.42564662,124.4696973,100.5333525,111.20172391,730176.04885692,404085.7185630725,179.72367354939996,220.71323305220002,218.9000949866667
1584403200,111.3745238,121.97804153,109.53521812,116.10185834,358048.27217778,402568.746164974,179.7837981975,219.532101292,212.2429378004762
1584489600,116.13587553,118.88821798,109.87101466,118.51360923,432445.659221,406748.348188707,179.81551498744997,218.9938943084,205.0067470547619
1584576000,118.58660899,143.83599525,115.60631583,136.85331176,615658.28330974,425819.88188371155,179.83459688525,218.193921078,197.64693495190477
1584662400,136.8955924,153.74079039,115.75863445,133.43926839,603155.91921603,448991.2813099596,179.4450107694,217.4588430414,191.4353249395238
1584748800,133.47240085,137.91228627,125.52045627,132.84423463,259725.31039991,453125.7182607561,179.1807217434499,216.3344802252,186.42162435095238
1584835200,132.76602193,137.44477544,120.5201844,122.45721121,242864.88522454,455627.78283123364,178.8567094397499,215.2601929676,182.10982591380952
1584921600,122.34151732,139.53893293,118.8460368,136.5084831,320390.98014426,462996.3199356922,178.60894960629992,214.1089034072,177.6459080552381
1585008000,136.53974358,144.22926,132.94515888,138.98056016,314114.01818432,471568.9365730211,178.3201648359499,213.37815660239997,173.61587095190475
1585094400,138.90205906,142.9226484,132.67857788,136.36191609,292117.83476293,477027.3519978821,178.0584495155999,212.3587782084,169.0883878357143
1585180800,136.37959314,139.8855744,132.83923569,138.75915741,230060.76353428,477315.0303713611,177.79211791664991,211.42369909479999,164.5357752590476
1585267200,138.74703095,141.80011428,128.70865924,131.64746678,252315.06637449,478550.8691433297,177.61885021909993,210.20293355279998,160.50051355999997
1585353600,131.61326915,133.6520675,124.86322986,131.30221279,313610.39784949,476019.25013889064,177.3922036026499,209.1684358902,156.30696354476186
1585440000,131.39476414,132.295284,123.70559175,124.333982,185912.36455604,465435.5248521112,177.1619905765499,208.1572691044,152.0244239266666
1585526400,124.37111429,135.96171865,123.83126408,132.33018799,287695.54907332,467116.0810060472,176.8991152340999,207.119818399,146.59638928571422
1585612800,132.35219339,135.33365907,130.45173069,133.00316888,193889.89668952,464631.7314441622,176.7117553277499,205.8180649846,141.5373620923809
1585699200,133.03636059,137.5331675,128.71253301,136.0341602,274139.54334787,420171.7241025997,176.55958647084987,204.19341349259997,137.9615932766666
1585785600,136.14295667,152.2374148,135.1637205,141.47840352,362500.41232493,355939.6682722052,176.35105232999987,202.35589521699995,134.60191622857138
1585872000,141.39552747,146.99786418,137.82820467,141.4937999,248990.486164,346435.9208200472,176.13717970979985,200.37749145499998,131.38671507428566
1585958400,141.46870912,147.70665738,138.99174991,144.46646168,223810.47159937,337081.1081505377,175.89218251509985,198.4455765276,128.59160853476186
1586044800,144.6441435,145.98559638,140.6068464,142.74426694,131294.81973167,307137.0466942752,175.64965568764987,196.64716079899998,130.15857631904754
1586131200,142.79605982,172.8097592,142.6765509,171.65694219,543005.02369607,316384.8842701897,175.3798120220499,194.61202679079997,130.44247427428567
1586217600,171.5676602,176.65243486,162.240225,164.7398685,485224.60403971,319023.8315111252,175.13706175589985,192.11393103999998,131.49848265333327
1586304000,164.75479248,174.73341222,163.51774805,173.2913053,280245.95960989,302253.2153261327,174.89543597379983,189.57272780479997,132.42168785285708
1586390400,173.3007108,173.64893304,165.13016049,169.88725075,190141.19421001,281602.4790758317,174.63245263119984,186.74377450579996,135.3005077709523
1586476800,169.953894,170.4472406,152.31464073,158.11209813,398631.50541131,288547.7888264017,174.39398977004984,184.30101328239994,137.61660349285708
1586563200,158.13352384,161.64637732,154.21921849,158.59153629,176066.3978187,285207.8644561097,174.11380910004985,182.55340734139995,140.22506521047612
1586649600,158.54929092,165.55761889,155.16004956,158.70538266,198869.82180837,279131.80653931515,173.79668184844985,180.49320441139992,141.79810992428563
1586736000,158.68588277,159.47539854,149.33774822,156.85569968,303605.97547139,278606.4044036687,173.45931250594987,178.29600649739993,142.97300657857136
1586822400,156.85141418,162.28750128,155.65010125,158.66349072,200063.69225654,274003.6972783492,173.21413658679987,176.52267924239993,144.1990685623809
1586908800,158.57572928,161.49125076,152.01936975,152.75786279,300940.72388355,277547.6952958127,172.94745857519985,174.53751270519996,145.92517196476183
1586995200,152.74517594,176.38231112,148.0697309,172.62212838,465272.90628657,288195.5872914167,172.73935628794985,172.39367368519999,146.89408703999993
1587081600,172.7201905,175.14571506,168.44078144,170.79646571,220807.16408985,283555.42560343473,172.53295496994986,170.32596960579997,147.83136944761895
1587168000,170.74370655,189.8392768,170.57031165,187.76392245,319845.04888812,290252.05982003873,172.3184726379999,167.95674433119999,148.61212881428563
1587254400,187.79447174,188.56569617,176.25886664,180.26767576,299929.91870084,290863.77830141474,172.27961207904988,165.81485858419998,150.2246512414285
1587340800,180.19089787,186.71184571,166.74372536,170.51493608,365507.13881461,299444.64040766924,172.2227289300499,163.939102468,152.08888928571417
1587427200,170.42444744,174.92300944,168.43028846,171.06571396,221743.02030233,296824.8142553923,172.1776626672499,162.91551860379997,154.77754212666656
1587513600,171.05447583,184.31113659,170.03697336,183.04610135,248393.9828448,291119.4927813858,172.10011510774993,161.78342633919996,157.44105135333325
1587600000,183.04860193,195.58444105,178.46168514,186.14951629,470131.27898292,302176.53242233174,171.9944079484999,160.99507391979995,159.2593726909523
1587686400,186.29187525,189.9602037,184.20890238,187.69695367,246290.16289425,303300.51698707574,172.01033374014992,160.25092715899996,161.07187483761896
1587772800,187.81252277,198.94640678,185.74186757,194.46736816,234976.4220805,308484.5971045172,171.95849686384992,159.31053874759996,163.31053870190468
1587859200,194.50588385,200.27892678,192.521805,197.65467682,178131.77696366,290240.9347678967,172.01577061944994,158.0895860826,165.4377345480951
1587945600,197.77230176,200.05491057,189.94624625,196.78813294,259621.1156203,278960.7603469262,172.0134410311499,157.27608699279997,167.63788472761894
1588032000,196.78435377,197.97838307,192.61185059,196.85132117,200820.85773775,274989.5052533192,171.99181899144992,156.51054799039997,170.0188802742856
1588118400,196.744465,221.22960941,196.7071885,215.62264049,552279.08738143,293096.3999118902,171.96727053724993,155.690637276,172.63366169714277
1588204800,215.63261178,228.07947847,201.33668123,206.16438735,475913.06141744,296960.4777121967,171.9991717565499,154.66726075439996,173.83038506619036
1588291200,206.18113016,217.64372,205.9620374,212.04315488,241026.04714891,300208.4601787072,172.07900050589993,153.86951861379995,175.35950185999988
1588377600,212.12927084,215.45559488,210.22952187,214.1396412,198236.26524078,300176.7823503277,172.1161616499999,153.81677872999995,177.37527972619034
1588464000,214.17774086,219.46477565,204.34459221,210.16661892,194215.3470468,294707.2509290982,172.18415792704988,153.69613703339996,179.10276242142845
1588550400,210.30506001,210.99690675,195.11909097,206.84834695,247357.73019223,297071.9528258827,172.2062949620999,153.99814198079994,181.67090798095225
1588636800,207.01578219,212.12792948,201.02328897,205.42910098,186688.43093855,291359.3381786327,172.23111848044988,154.22680177719994,184.3160558338094
1588723200,205.50014761,211.58511616,197.48394393,199.2714432,288950.71374151,282543.22855137975,172.31102933939985,156.29622327379994,186.7665908938094
1588809600,199.27749677,216.1160752,196.4375478,212.41208129,423081.57103357,292656.9488985657,172.49001519419988,157.86837724099993,189.14719314476176
1588896000,212.44542804,217.21709853,207.25637043,211.55805146,286433.4659229,290986.36975030473,172.61520103334985,159.62590390499994,191.37412696666652
1588982400,211.5691293,214.8419708,208.54576431,210.13296616,233375.54038651,287658.6508345882,172.74058992384983,161.29573168899992,193.5890593671427
1589068800,209.9566282,210.64832122,177.0979468,187.66264636,434808.30216129,291123.70900192217,172.90869413309986,163.18027923039995,195.48381902952366
1589155200,187.74486528,194.37889802,175.924287,185.92809397,330017.03608239,296537.40979092516,173.08643510964984,164.84367092759996,197.4248469223808
1589241600,185.97480104,193.18079311,185.45738092,190.01880416,209580.80946233,294596.7511218017,173.23433603239985,166.72164036879997,198.49003947999987
1589328000,189.9378288,201.41967782,188.46325729,199.76139112,261662.20002838,284173.29717407475,173.39644215969983,168.21573516279994,198.84218093714273
1589414400,199.84019727,208.89316248,195.90004771,203.25512074,311385.00942691,287428.03950070776,173.53223697479982,169.7496091181999,199.57614083666653
1589500800,203.35988142,204.25077778,189.67341265,194.71461196,367277.89048896,294043.1129211307,173.71692434429985,170.84597735279993,200.47866894142845
1589587200,194.7239568,203.4425775,192.74526746,200.60264755,248273.37370865,297550.19275838026,173.90297132969982,172.11539500799995,201.27463512095224
1589673600,200.43790781,210.10760361,199.3815418,206.85643343,228281.59480441,295983.21671758575,174.09719816389986,173.18560142919992,202.0891877138094
1589760000,207.0667953,217.16378208,206.77363256,214.77665344,312098.56660317,301547.1021608567,174.22319141184988,174.40121804839993,202.42336191809514
1589846400,214.85802562,216.26592129,208.7610504,214.72545029,183566.41370776,283111.46847717324,174.34816361939986,175.73908214139996,202.71551807952372
1589932800,214.65187896,215.83382016,204.40008612,210.02990975,189435.83752251,268787.6072824268,174.38987582229987,176.85819123239995,203.15369696571418
1590019200,209.94071797,211.67421071,191.3492715,198.5796739,261345.90844145,269803.6003470538,174.4884913311499,178.23729484779997,204.01029317999988
1590105600,198.58643028,209.35143714,195.98212328,207.3409818,222452.37375089,271014.4057725592,174.58366557184988,179.7483792606,204.8614421857142
1590192000,207.34606995,211.26278408,204.72221268,206.56172191,170685.25074169,269837.90095730376,174.64751896544985,181.55723268939997,204.5951216742856
1590278400,206.61141814,210.75328487,199.48575024,199.84251152,234131.06707702,269176.5678015433,174.69578525429984,183.2051379354,204.2339448433332
1590364800,199.73348802,206.06337252,197.73799059,204.11441335,216205.7876474,270652.43563698576,174.81325270954986,184.74567275279998,204.0100318395237
1590451200,204.15461045,205.11302526,196.56451124,200.94200606,211456.20529712,266777.71021476627,174.97517464924985,185.9965830268,203.6491785399999
1590537600,200.9296564,208.83332615,200.73488492,208.47289016,210591.40323957,256153.20182506624,175.13245039469984,187.31383459239999,203.15755437809514
1590624000,208.41166519,220.21557461,204.4164508,219.7898975,250168.02856683,254339.9299572627,175.26650622894985,188.61519303259996,203.0273670638094
1590710400,219.81031,224.9523672,217.22481937,220.60009075,238238.25831059,254583.0658534667,175.35084754344985,189.72271402939998,202.81369587714275
1590796800,220.6339088,248.83633431,218.52223938,243.7704972,306068.48910204,248146.07520050422,175.45702303494986,190.95011695759996,203.25186001809513
1590883200,243.75919804,245.54930938,229.34357977,231.60321345,288223.31032384,246056.38891257672,175.54530110544982,191.53581823499997,203.6031845995237
1590969600,231.51664872,253.14641448,230.52045263,248.40593372,317287.43579598,251441.72022925917,175.58847344144982,192.41047866819997,204.03375789904754
1591056000,248.454473,254.0596608,223.74208,237.86477539,363877.45934806,256552.48319524317,175.67704152634983,193.34045051219996,205.63554509142847
1591142400,237.74963738,245.66390449,232.282504,244.61445172,192972.34476804,250631.84996229963,175.76393774564983,194.35470731219996,207.72795304809512
1591228800,244.64545035,246.7310256,235.49446223,243.26116542,258221.03602968,245179.00723933562,175.8816551767998,196.06787529359997,210.70308827428562
1591315200,243.28739438,247.94535139,239.07764972,239.98644025,170371.98186009,241283.93764690767,176.0363273821498,197.52810883679996,212.98146785666657
1591401600,239.47128513,244.63108475,237.851329,242.06537241,144185.01978754,237079.10889606416,176.21595538799977,199.32211985799998,215.117327885238
1591488000,242.01999136,245.387727,234.10990575,244.69254583,210985.45148907,232023.4531403592,176.5000832800998,200.94230137219998,217.02237763190467
1591574400,244.79774019,247.79001306,241.04054863,246.45077443,157931.50134794,230741.7075223682,176.71953419119978,202.66132059219996,219.17817897904752
1591660800,246.48062814,250.60768908,237.7245955,243.99611775,193760.71056059,230957.95117427217,177.0385634967498,204.47138664479996,221.15259444857134
1591747200,244.03865409,251.15510258,240.39705,247.99892315,223417.12296659,229061.51190052918,177.3292946423998,205.81867288219996,222.95431408666659
1591833600,248.03495696,251.62024052,224.48139372,230.14641008,317455.00459152,233811.6434425607,177.64141672834978,207.24405101619996,224.46260556238087
1591920000,230.23360653,239.37568865,228.04571052,237.53349552,180235.37924927,234289.14986793968,177.93876194929976,208.3826234838,225.85644686999993
1592006400,237.52264063,239.14719976,234.52281162,238.16614746,124686.74139983,228816.93358408017,178.24961580129977,209.70628545719995,227.66449512714274
1592092800,238.20298803,238.56972367,229.48727461,231.46046528,136389.17176672,224826.10279004616,178.58147011774977,211.17590909059996,229.16767304047613
1592179200,231.48198709,233.88623235,217.62034238,230.98246115,279567.86659055,228231.68585471768,178.93281751814976,212.71457327439995,230.60541178904754
1592265600,231.00205362,236.31092642,228.9018049,235.35725948,183794.82558394,226891.8569719362,179.36121544059978,213.656579449,232.11038443428563
1592352000,235.35792078,237.33251683,227.44415713,233.59038717,169565.03675922,222861.70738155572,179.83166259994977,214.6842590336,233.61600127999992
1592438400,233.62381344,234.38384404,227.1174471,231.01044603,148344.97347516,218367.04313978422,180.3110297580498,215.6936429094,234.895432127619
1592524800,231.04228311,231.89528241,226.19058154,228.79897345,173786.65102818,211752.95123609123,180.7615215698498,216.4335048518,236.53425371904754
1592611200,228.70567316,230.66377488,225.01052438,228.86016833,124616.10210375,203572.59082508675,181.2192317509998,217.1000605384,237.73032500523806
1592697600,228.86378021,231.44704665,226.87424235,227.82192664,115897.33423738,193503.08574715673,181.67216728989976,217.87144306919998,238.26463683999995
1592784000,227.85173545,247.51108095,227.21979875,243.21051678,353044.03500241,192961.41452987422,182.06487847239976,218.6062243892,238.65505982571423
1592870400,243.26611771,245.01459499,240.45324908,243.09353329,252963.58511572,195960.97654725824,182.46471075414973,218.91398049999995,237.94504416523804
1592956800,243.09222912,249.2283246,230.66750096,234.35420005,362655.03942171,201182.67671685974,182.86740506564976,219.36667222199998,237.76498288857138
1593043200,234.32398353,235.13308668,226.68896908,232.2277336,252036.07034019,205265.88114086475,183.27691858269972,219.70301249099998,237.51758208190472
1593129600,232.25249455,233.29788127,227.179554,229.46362076,262212.4199209,211167.25114753275,183.67707146294975,219.97665819979997,237.76657055333328
1593216000,229.47274706,231.05086758,215.32601346,220.74892848,241907.50166788,212713.35365647325,184.07670893519975,220.63753615699997,237.27798714047614
1593302400,220.76223656,227.85396244,218.3448826,224.89751745,192419.83999528,214437.77058884027,184.48465153059973,221.36243988379996,236.75258562523808
1593388800,224.88477361,229.92026977,221.08051065,227.86374429,250259.35466054,217262.70279383776,184.89663446379976,221.94094186519996,236.25149898285713
1593475200,227.90723944,228.65474524,222.75336185,225.47316027,186185.5423296,215401.12376198824,185.37170795654973,222.60006767319996,235.2364302242857
1593561600,225.51401395,232.82220979,224.03425404,231.0943527,221448.69212931,210600.80813887776,185.84341585689972,222.94109846259994,234.29380982523807
1593648000,231.11609959,232.19521442,222.56887315,226.65056481,247067.23360052,213942.40085644025,186.2778919645497,223.12491600299995,233.40871315190475
1593734400,226.62844388,228.24163515,224.13635606,225.0588703,173839.61858404,216400.0447156507,186.6855317667997,223.42020702879995,232.52666755761905
1593820800,224.94317147,230.78075313,224.44926364,229.29107302,161974.83729784,217679.32799220673,187.0960960965997,224.22422898739995,231.72168801238092
1593907200,229.35706434,229.89938592,222.76769499,227.76211343,153451.97976128,211373.53365074322,187.4725590578997,225.01513031339994,231.55521918999997
1593993600,227.731365,242.24252037,227.05236026,241.74465707,324834.38682979,218425.51171303572,187.88080145614967,225.83664128419997,230.96118941761904
1594080000,241.73671212,243.96274111,234.70054519,239.37534076,262982.70559761,223096.39515495524,188.2966805135497,226.37442475799995,230.53856682523806
1594166400,239.35823552,249.03800964,237.93067385,247.06325668,411612.56826774,236259.77489458426,188.7005153677497,226.81049974919995,230.36245483238093
1594252800,247.0734945,247.70530252,237.67104081,242.07779397,252041.47769111,240172.51622773078,189.1468900386497,227.50202897039995,230.87494035238095
1594339200,242.08729354,242.24741244,235.67151787,241.24313286,195984.86919135,243740.9545821108,189.56821796389968,228.04521828799997,231.0662775561904
1594425600,241.2992162,241.6946828,237.68443964,239.26467411,153564.02417698,245624.2890790908,190.0311396370497,228.74298276079998,231.70784277095234
1594512000,239.24567715,244.04670752,236.53331387,242.81085327,226128.26541713,239278.50059982677,190.5687974736497,229.23495650719997,232.23485933952378
1594598400,242.83211625,245.86623739,237.20698024,239.38966315,262663.19046889,239763.48086748528,191.0425563689497,229.88171263499993,232.8274383590476
1594684800,239.41815005,242.15896667,236.46486747,240.41996045,186503.91133704,230955.92446325178,191.6106687413997,230.5226703193999,233.32289101523804
1594771200,240.46178503,241.4259265,236.55287568,238.45122846,188912.70461995,227799.75617723976,192.16642976599968,231.37593949859993,234.0366494261904
1594857600,238.44321994,239.16604635,229.64778353,233.5377401,236962.01029771,226537.2356960803,192.7657546799997,232.01441334479995,233.85470401523804
1594944000,233.56279238,234.82393669,231.16181993,232.70020547,207189.77951214,224801.34958829326,193.31453337224968,232.73939597199995,233.7273910228571
1595030400,232.63468128,236.96965971,232.2453216,235.82463546,186891.22072957,224524.91862500776,193.88187544104971,233.53033900459997,233.92248761380947
1595116800,235.83828723,240.34783185,233.37088,239.25046434,177253.64807601,220874.63329578127,194.4396009486997,234.25644994659996,233.98486887571428
1595203200,239.28097439,239.83044491,234.26208,236.09751309,243953.14111295,223763.01323494874,195.02889395464973,235.00663439459996,234.13899195714285
1595289600,236.06570746,246.96664351,235.6257787,245.68884522,326120.61082695,228996.6091698307,195.59857430239973,235.50793139339996,234.85688276571423
1595376000,245.68585288,270.17128544,241.2970153,264.22362654,383026.15829642,235794.55540462575,196.16981812419974,235.7661375528,235.54035642714285
1595462400,264.24967129,280.77075,260.29903285,275.61274422,503767.70042615,252290.95949673126,196.7228926145997,236.070628447,235.93244065571426
1595548800,275.68293824,287.80697946,268.44742536,279.50074808,356466.96101414,262015.5656825463,197.2188677645997,235.98022778979998,236.89509231999995
1595635200,279.58058561,309.25976617,279.500298,305.6633895,366171.24790712,272651.52908983827,197.72711514469972,236.07011378259998,238.47267678857148
1595721600,305.75180487,322.14834209,299.9971884,311.35024833,476766.84933363,280248.1522150303,198.26288628344975,236.0157720126,240.80420914142863
1595808000,311.34179183,334.72504063,310.40691531,322.45860043,1011366.81847727,317667.35785901325,198.80794814074972,236.54294903560006,243.3966795119048
1595894400,322.45894469,327.49159402,306.05041392,317.65729472,694259.07635872,331799.68326356227,199.3544326665997,237.1629148856001,247.0334564871429
1595980800,317.5902289,326.2268778,312.78578966,317.97731671,510803.12583007,344737.76567051024,199.91180788704972,237.88770653880007,251.01384386333342
1596067200,317.88752774,342.50256864,313.93754894,335.77566441,578521.78634307,363864.6115280962,200.56240029444973,239.20124552380005,254.85736497571435
1596153600,335.74405428,350.34859865,328.80643092,346.94669895,599799.93597062,386176.4071177782,201.26401630554975,240.58694304220006,258.5850770690477
1596240000,346.96808885,393.89556993,342.93452585,387.40249774,842741.13275657,417007.05048475025,201.9405996501497,242.14226413420008,261.96193707047627
1596326400,387.33485805,416.00153359,320.6050985,372.24281732,1130149.42388582,460381.3621555967,202.7538611803497,243.56639454000006,266.423740424762
1596412800,372.37028198,398.46448267,364.75794337,386.47626359,736390.87236663,487875.71020707616,203.60790452519973,245.0460185192001,271.4572435719048
1596499200,386.41311614,403.30825012,380.87689619,389.75637042,653927.93585735,511126.4717689462,204.53180566949973,246.80155334440008,278.5114256495239
1596585600,389.76504628,407.72542819,383.623637,401.09144884,643374.47299456,531447.0949037888,205.39583957559975,249.13755912180008,284.6748525090477
1596672000,401.11440824,404.00456991,391.342677,395.15277903,479454.14310985,545060.3130836742,206.27369993074976,252.13493916620007,291.6789763395239
1596758400,395.1307416,398.75632134,363.651285,379.6531944,499122.45450355,560671.8747723731,207.22040168894975,254.81647256340008,298.79023395714296
1596844800,379.67682738,397.55661808,376.3666422,397.50040556,241564.18221404,563887.4014792746,208.23764343679974,257.91678852960007,306.5350063561906
1596931200,397.4004384,400.53738715,384.23009903,390.32635323,269886.87181023,565184.0880141386,209.34582587454975,261.09226671500005,314.2309605909525
1597017600,390.35382144,400.11420801,378.61854456,395.73549765,539683.5034678,575862.232646181,210.3757744753997,264.40695050220006,321.22872196857156
1597104000,395.6739759,398.79229401,366.6380098,378.95968927,467624.69585967,580092.1595243437,211.4877357809997,267.6381983394001,328.9275681638096
1597190400,378.9106992,389.54932094,365.60014815,387.31114573,400174.37948589,574912.4934773307,212.58831261309973,270.6110533068001,336.1216581109525
1597276800,387.4524057,431.8563081,377.11002657,425.1025362,856260.36243667,599902.1635484572,213.72391573034972,273.98508194900006,343.72346689952394
1597363200,425.12596641,444.91487339,418.14781446,438.7642937,659380.98775392,614562.6505407972,214.86568348614972,277.2144056470001,350.06969756857154
1597449600,438.69993741,443.43811229,426.30307242,432.52454812,329655.93829423,607207.1049888271,215.93111033739973,280.5726770672001,355.9310080061906
1597536000,432.63664918,436.80326415,412.702892,433.9119093,260819.90380541,569679.7592552342,217.0729472500997,283.28766051700006,363.04956952904774
1597622400,433.98417918,447.57846461,418.73732125,431.5367007,354373.69253257,552685.4900639266,218.18643567594972,286.1720127658001,370.63354789190487
1597708800,431.5577427,434.24244032,413.79794829,422.2907765,308814.01721526,542586.0346331861,219.35290170409974,289.9869794888001,376.67455544523824
1597795200,422.18610799,426.81654141,393.0113541,407.67455991,344625.94114969,530891.242373517,220.43625541424976,294.1177106908001,382.5108250152382
1597881600,407.69893949,419.49242941,402.36836318,416.02617652,312625.77256715,516532.53420334356,221.57225684499974,298.1789292380001,387.7050202661906
1597968000,416.02411764,418.56334687,385.10940247,387.91709295,402883.80545864,494539.6678384471,222.86067020239975,302.4421888544001,392.68756701761913
1598054400,387.9455996,397.11835944,379.44008906,395.54309509,291230.41892687,452593.71759049955,224.20541056479976,306.5749725194001,396.95886431285726
1598140800,395.61923475,397.4773605,383.523296,390.78577174,208896.00194447,426218.97406939155,225.48764286914974,310.4635131636001,400.7803172704763
1598227200,390.88178086,410.24648796,387.70320927,408.14020944,282132.37382069,407629.1959675586,226.79024915564978,314.1075411564001,402.73128841333346
1598313600,407.95133292,409.25098403,369.4250388,383.28667949,397214.11364223,395321.17799994204,228.02589171869974,317.8061776328001,403.11893590619064
1598400000,383.28422638,393.36875682,377.63262176,386.10625373,288689.67242933,385782.95446591603,229.23935464964975,321.0315081956001,404.00193373571443
1598486400,386.00518358,397.1336976,370.92288028,382.9880768,322906.25241274,376972.14436137554,230.36025000764974,324.4411926914001,405.0335502047621
1598572800,383.00009785,398.15667923,379.96095671,395.55180106,274790.87514829,378633.479008088,231.49921405909973,327.6710866658001,404.7254696842859
1598659200,395.52737513,405.7840308,392.4196411,398.98861261,239546.40164732,377116.45549994253,232.4911050265997,331.27864858600003,404.0118889647621
1598745600,398.96601406,429.90318819,398.53376389,429.00326808,400521.93963713,370158.377308409,233.52764824524974,334.1094890344001,403.4326174300001
1598832000,428.99312932,439.52317955,418.54778895,434.05835536,454580.95420598,369506.1902257245,234.46234296329973,337.0441072938001,404.1896939376192
1598918400,434.11276279,488.98251188,427.72261558,475.54675781,825719.4209564,390783.44229925,235.43864380359975,339.7626036962001,404.26056094000023
1599004800,475.41198031,481.35427589,420.43397325,439.9540185,692380.62509048,382589.4554319405,236.23918656819973,342.83208383800013,406.10231879000014
1599091200,439.90746251,451.02252058,372.07605782,382.61716256,688946.94781006,384067.7534347475,237.05344698634974,345.9869934330001,407.9272167761906
1599177600,382.60238306,400.93071511,358.9174418,386.17593156,489497.00419774,392059.806729923,237.8237576985497,349.78176531240007,412.52660099238113
1599264000,386.00475336,394.7828592,308.53995495,335.10237383,923922.94723558,425214.9589014315,238.6868969272997,353.60671535420005,415.0334044576192
1599350400,335.11308616,362.23068985,316.47645851,352.85777982,651633.76796731,440077.9626731685,239.49288568729972,358.32985724740007,413.01029142714304
1599436800,352.887412,358.56911106,323.38245989,353.75720504,515359.35276441,450405.2294506261,240.30598607239972,362.3205384084001,410.5060837061906
1599523200,353.79911388,357.29846285,324.84810075,337.33721592,432070.8366074,454777.47422351164,241.13350804089973,365.20385709040005,405.866932549524
1599609600,337.39884352,359.3275888,330.86964219,351.22545798,337447.46033959,456018.5586121337,242.08167119679968,368.2566209196001,402.0072120980954
1599696000,351.01833943,378.19049193,350.49703523,368.27997016,440264.88073226,457887.61237581476,242.9570296487497,370.30466428680006,398.3034265904763
1599782400,368.28916033,375.47163234,355.732356,373.98422655,353281.20096777,460990.1514778597,243.5749292653497,372.64532717400004,394.2580189438096
1599868800,374.04996173,388.45976715,364.8415263,388.02637462,318163.46890017,466453.5248256448,244.1670588481497,374.93546198800004,391.56996647095247
1599955200,388.0242354,390.23672801,353.540378,366.4835325,399889.19054626,472341.3656619232,244.42681471229972,376.96025604460004,389.2963375966668
1600041600,366.5154465,385.23311725,355.8125548,377.33600604,418863.44742333,473423.83235097816,244.8983355438997,379.0709882998001,388.63286776809537
1600128000,377.26728979,382.43273872,362.1930917,364.04313449,346889.54604898,476333.82603196066,245.38026944414972,381.15211517220007,388.2749286980953
1600214400,364.06085534,373.57172513,354.9971337,365.16464283,346494.58546972,477513.24268480967,245.73803808729969,383.1195448188001,387.11767921047624
1600300800,365.0525435,394.47004707,363.52068197,389.56209265,513424.81483549,489444.93966916966,246.18371244404972,385.2900573496001,385.6508123819048
1600387200,389.61281088,392.91816044,375.30668702,384.50587584,402492.81261236,497592.2602174217,246.6485274777997,386.5064602096001,384.7344530961906
1600473600,384.55963681,388.96806845,377.2911966,385.21775447,288185.75271932,491975.4508715312,247.1896597201997,387.8261753638001,383.7372335295239
1600560000,385.27881056,385.51913944,364.86908953,370.9901067,271285.75097035,482810.6907097497,247.89706325029974,388.6578660450001,384.0502819033334
1600646400,371.03808713,376.81617656,330.25954156,340.17451105,494145.67227357,466232.0032756083,248.6104743048497,389.60801300720016,383.5242854642858
1600732800,340.3307553,346.98644668,335.57344366,344.36179431,358929.98882423,449559.47146229574,249.3601489403497,391.0397085260001,382.868530314762
1600819200,344.26765575,344.75312865,313.32520695,320.453134,341664.26571181,432195.3373573832,250.04445689569968,392.0143127546001,380.10599882047626
1600905600,320.54441095,353.08938891,316.62397398,349.43901241,356807.86962362,425560.8806286772,250.78290504084964,392.7797338650001,375.6353395676191
1600992000,349.34019029,358.22007356,337.62345925,352.08220888,335279.97457926,396128.73199586116,251.64304372084968,392.45148604420007,369.3884365438096
1601078400,352.152322,357.08298622,346.13549694,354.00685587,242251.53682299,375659.6204386452,252.40500636399966,391.8101199188001,363.6979182342858
1601164800,354.05109112,362.24813209,347.29872649,357.62398848,254268.72519851,362605.0890603502,253.21248985714968,390.96783053320013,362.118006322381
1601251200,357.60642632,368.15648991,351.05052527,353.94078678,282609.41353356,355132.0179066582,253.94530805859966,389.5817658048001,360.49449571857156
1601337600,353.75465576,360.55912165,350.28494544,359.81091003,243657.07377726,350442.4985785417,254.50271816689965,388.5487170762001,361.3947091490477
1601424000,359.90716248,361.42644255,351.50803976,359.86350854,209462.06359116,338902.3577214867,254.99634616724964,387.6873056732001,361.6216714661906
1601510400,359.97112193,370.42066449,345.44308023,352.9444698,312747.95141264,336875.69524373015,255.41090291799966,387.1743789026001,361.63041345380964
1601596800,352.84860021,354.50070896,334.41250828,345.76079151,285407.88764576,335237.9161810096,256.1609723443996,386.3768505610001,362.7005893638096
1601683200,345.73578921,351.15834907,343.91854886,346.34307009,143983.57853048,322442.6355802206,256.90696635879965,385.6491392320001,363.111925104762
1601769600,346.24601381,354.42410463,344.20812305,352.5351354,147827.09679284,308890.81804869615,257.67438867254964,384.9306474796001,362.3816631828572
1601856000,352.4766723,356.28669509,348.81977193,353.73569093,161142.48433448,299603.46496297116,258.48885162729965,384.54872386500006,361.0376900857144
1601942400,353.81473649,355.0533483,336.92175386,340.96988282,240763.67802997,294316.91959098366,259.7156951609497,383.86139034640007,359.05277082238104
1602028800,340.88028634,342.87465288,333.16166929,341.70899175,215452.72252529,279418.3149754737,260.8370899968997,382.2745554526001,358.38856143666675
1602115200,341.70939206,353.37516325,334.20598452,351.0830829,240310.81156324,271309.2149230177,262.02495611099965,380.4261309804001,357.2647369076191
1602201600,351.0738285,368.79068515,347.55662933,365.27384883,275947.46613857,270697.3005939802,263.17289367124965,378.82634272600006,356.1660106376191
1602288000,365.33217971,380.28494592,365.0063175,370.81068092,226682.39347822,268467.1327193737,264.34568900924967,377.22281835860014,355.0490748719048
1602374400,370.74644561,377.59511825,369.00233133,374.38296852,158465.38150828,251683.1181811092,265.4968950679997,375.41148200100014,353.2167410742858
1602460800,374.41199251,395.4827305,365.06250495,386.6882835,301157.31061131,248794.48427046323,266.66700269884967,373.7998463060001,352.30093026428574
1602547200,386.75152406,387.76153613,374.63579396,381.33284031,201250.19211629,241773.78059068724,267.7514145946996,372.66801676580013,351.6148791428572
1602633600,381.46080708,387.77543522,373.24761957,379.09067088,213398.17584803,234603.2959019077,268.78906766684963,371.65297021200007,351.7764439914286
1602720000,379.10192252,382.33230074,369.865915,377.66788285,288240.31028633,232251.3126872612,269.83339145244963,371.31084197140007,353.9913855366667
1602806400,377.70923731,380.01568138,361.4649291,365.63228058,316587.09461164,235968.09057669374,270.9765208108996,370.88763944000016,355.7519115366667
1602892800,365.79161134,370.7471824,363.73591446,368.57570456,156079.33745693,231058.62118961476,272.12034763954966,370.80568967520014,358.5441751976191
1602979200,368.54419726,378.8960248,367.5816357,378.52877033,160025.15510506,224929.40826818976,273.2794982433496,370.2695422926001,359.88840712333337
1603065600,378.44233535,384.683975,372.90669343,379.5931946,245853.65660886,225039.23740976973,274.4696035054996,370.18562212040007,360.53364863285714
1603152000,379.55333374,381.09610222,365.05732025,368.93183157,343179.95327254,231725.13189383876,275.7092491359496,370.0168547028001,361.22740333238096
1603238400,368.96501687,402.75767415,368.15609512,391.32801333,443911.31673293,238283.30015985327,276.9576760035996,369.66973877840013,362.22286913476194
1603324800,391.23772831,421.50995515,390.74455163,414.49774008,324717.86158553,240248.79885684178,278.19661829404964,369.13021684840015,363.4444123642857
1603411200,414.47958789,420.19711737,401.53167542,409.71031691,194458.88975459,242772.56441804726,279.46328779829963,368.7210200028001,363.87874196142855
1603497600,409.74407089,416.00706763,407.54544443,412.58160461,153303.89186461,243046.40417163572,280.6297982612496,367.7328185332002,365.37705171333334
1603584000,412.62695894,419.19164219,402.29930787,406.26188225,137474.81405889,241863.0206578562,281.80766093964957,366.43028805740016,368.3081598219048
1603670400,406.23291756,411.44098932,382.21048976,393.27870131,267416.39619902,243195.65656630867,283.0201339902996,364.74591316780015,371.3533753171428
1603756800,393.24432805,410.93017863,390.24618907,404.23340928,263151.895472,245580.61521364417,284.2107079456996,364.2367875994002,374.50759124666666
1603843200,404.740553,409.35000219,380.31628953,388.7261767,289368.0410401,248033.47668748716,285.3478981040496,364.7786506864002,377.06600776333335
1603929600,388.74281696,394.58342512,380.51894156,387.60403882,235097.51143232,245990.9789521747,286.5822058622996,365.30676414740014,378.949008257619
1604016000,387.49818933,392.53004454,373.60121706,382.86381117,258736.35606841,247593.67708168417,287.94097322799956,366.7299543158001,381.9615571366666
1604102400,382.95461747,396.55140273,380.61777751,386.9521371,209374.33475191,250139.12474386566,289.13124010159953,367.5383727456002,384.2004707057143
1604188800,386.6724975,401.0207322,384.51217837,396.82684424,197266.19440479,244944.56893353965,290.37044878214954,368.5478968304002,385.9395638447619
1604275200,396.92444395,404.82275881,378.35044393,383.52601304,274522.87687185,248608.20317131764,291.53530166689956,369.57567604600024,386.7771810990476
1604361600,383.62714519,391.59796409,370.48789333,388.28976615,270225.13964825,251449.5513613287,292.65225891969953,370.3032476628003,387.5458218695238
1604448000,388.33734307,409.51450581,377.00365481,403.07122465,343227.29884111,254198.9007890677,293.88286547544953,370.5949244830003,388.61457785619046
1604534400,403.23344665,423.44925261,396.54330122,417.24617178,549758.28598771,265857.4603578712,295.0335386774995,370.8542826940003,388.4639935485714
1604620800,417.27158755,459.83295475,413.73473996,456.51936858,563829.98546836,286244.99275844265,296.1780319582995,371.0302920864003,388.79527573142855
1604707200,456.64172609,469.32115395,423.4795422,435.86491895,492065.38377396,302847.0041918877,297.30807251574953,371.3711416972003,389.9372068633333
1604793600,435.73419642,460.5871872,432.19141012,454.59989383,248339.09361947,302971.27604241815,298.44951574764957,371.59021689940033,391.82188728857136
1604880000,454.50434565,460.06619407,433.9032555,444.58537768,333809.90763192,302502.7737603871,299.66986065489954,372.3707787026004,396.1498438599999
1604966400,444.78096695,455.63339638,438.56321301,450.91379265,306254.45622022,295619.93073475163,300.72438007819954,373.41240928160033,399.3540921642857
1605052800,450.9586977,477.75777039,450.00464539,463.81934319,396225.08273235,299195.29179209255,301.8118465803995,374.7515548002003,402.9765266166666
1605139200,463.68088561,470.73037176,451.45812203,462.79984615,368175.05209836,307881.09990928107,302.88838309139953,375.77873566240027,406.071392477619
1605225600,462.89129696,479.13182847,457.512318,477.02692065,367441.61407316,318587.98601970857,304.0732755714995,377.1663784496003,409.97529538619045
1605312000,477.05640255,478.78759294,451.5592725,461.28192649,212103.25210666,322319.40792209713,305.50329773399955,378.63828386920034,413.4272634747619
1605398400,461.4053457,463.47070478,440.21817512,448.54229803,205358.00197355,319216.4882108236,306.8272937589495,380.8530695012003,415.7273637638095
1605484800,448.49456677,466.56549878,445.97067312,460.83801761,273369.41893529,319727.3643839881,308.18506272134954,383.2422204788003,418.9329163228571
1605571200,460.91003784,485.89527456,460.25031754,482.78235808,408820.73366838,325699.9990154021,309.47724202829954,386.08915472180036,421.25197926952376
1605657600,482.72632073,497.05791714,456.38177833,478.86936355,502773.50092363,339083.7984899676,310.79332622319953,388.64091288660035,423.26533240190474
1605744000,478.95807591,482.77251313,464.712732,471.90604344,326618.35927875,342477.89865048457,312.14008609834957,390.8249072388003,426.4824427019047
1605830400,471.92411126,514.91371821,471.12190066,510.8481276,490984.63830436,356558.4138281071,313.46581194499953,392.71561608200034,430.22286883523805
1605916800,510.82671102,553.88062873,502.40411767,552.90720056,473711.96034787,370380.70212526113,314.86700588354955,394.7798966646003,434.5154015423809
1606003200,552.9497324,581.56164194,510.19366208,560.77762996,553133.32560974,384311.2245621556,316.1891589101495,397.3567280906003,438.5297827147618
1606089600,560.7686107,611.85841794,550.16324407,609.2833142,643032.85161597,402951.6101605416,317.3537571978496,399.7378971610004,444.62427397333323
1606176000,609.12229754,623.67169748,585.31644213,605.25117377,758520.59061434,423716.274749203,318.62712534914954,401.97874785900035,452.5268960428571
1606262400,605.35038375,607.549184,553.40597479,569.52626004,426579.93709457,417557.35730454605,319.98082136514955,405.1368210150003,460.334076315238
1606348800,569.48407285,577.72639845,479.67012797,520.47335052,695031.4503301,424117.43054763303,321.30446997689955,409.27974919600035,471.0844239895237
1606435200,520.46129335,532.1171825,493.17197994,518.97874752,218604.80125699,410444.40142178454,322.6131670994995,413.5684403934003,481.41591959047616
1606521600,519.07290451,548.88276235,506.94976247,538.05518573,265072.48909567,411281.07119559456,324.1331660027495,418.7034039694003,489.3423498471428
1606608000,537.95316622,577.4156895,530.76286944,576.4910184,255557.54773802,407368.4532008996,325.8705565006499,423.73371362620026,494.25792978714276
1606694400,576.70454672,617.42309627,570.61563314,617.1056974,503140.79128539,417212.7699541581,327.67808743444994,428.30484117060024,497.2321859271428
1606780800,617.14193873,639.08876458,561.8848725,585.70259746,523130.17598418,423558.0246167496,329.6624435989999,431.8801283460002,502.0983891071427
1606867200,585.69355265,605.01358634,574.45612002,597.83399305,270799.70788137,418689.25740590005,331.6309092105499,435.23804163840026,507.9027283723809
1606953600,597.58339959,624.14533512,586.44985593,616.73616565,338171.06280175,417225.7298423296,333.42787567994986,438.69366837640024,516.1179816923808
1607040000,616.46741162,620.59391375,564.95854796,567.78474888,390935.88881319,426167.36167765607,335.09192920074986,442.80727512600026,522.5364962071428
1607126400,567.38232031,597.56948208,560.86555114,597.19500102,271224.90306086,429460.7067320215,336.7571824684998,447.66172970360026,528.918146200476
1607212800,597.2443179,607.92531392,583.32650974,602.32334483,224446.72885886,427014.5722282001,338.4973643763498,451.6420159828003,536.2484471290476
1607299200,602.19353348,603.41804468,584.3638955,591.60579744,195640.76595318,416355.5738424401,340.3810125127498,455.97203903760027,540.5702484733332
1607385600,591.73026912,595.33244768,547.6079201,554.79484304,288925.86660628,405663.1921265726,342.4502653960498,460.7249489330003,547.0422996414285
1607472000,554.68172994,578.35781218,526.9287951,573.39038016,291830.10128954,403923.77922711207,344.4052053235498,464.52728625360027,554.3652066319047
1607558400,573.37192752,575.95005866,547.87550533,558.76772106,209200.96283975,389834.59545388154,346.3913620510498,469.15854066240024,560.5922437666666
1607644800,558.89945431,560.5538265,535.22409379,544.31991848,210045.83103081,376651.28898802854,348.44076071214977,473.8334934678003,564.0214097171428
1607731200,544.27591764,574.67882745,542.88079565,568.3369267,159244.94330437,356956.8698727601,350.2058011893498,478.0950340100003,568.5224105080952
1607817600,568.26199404,595.23274035,563.8500591,590.62088345,184879.92878205,334049.22373106406,352.1181489429998,481.59906697880035,572.6586808709524
1607904000,590.47719452,591.76048679,575.59926841,586.41398097,154945.90557798,303870.489479246,354.0796161183999,485.6882379506003,574.2525756747618
1607990400,586.41276413,597.6172225,578.73853682,589.19693168,187179.65081456,291900.47516524553,356.04474673609985,489.0370321052003,574.9873245385713
1608076800,589.19076534,641.63939749,581.24034674,638.219811,348642.18273808,274581.0117856445,357.78201604229986,491.6334756732003,576.408431847619
1608163200,637.9633701,677.42997504,625.50453825,643.29796313,588544.90475154,293078.01696037204,359.6161593335499,494.8060078690003,575.3194159795237
1608249600,643.45468905,666.92344258,629.32771321,654.6514172,289119.26989654,294280.3560004155,361.41078538124987,498.3667934458003,574.5549282609524
1608336000,654.74196437,671.4107252,643.79439023,658.95316121,315767.46560589,297290.85189380904,363.11181290689984,501.96983542020024,577.826049735238
1608422400,658.95402286,661.62121024,620.54613868,638.46431103,245605.57460522,284414.0910598005,364.94878751009986,505.88820002760025,583.6748408119047
1608508800,638.4581028,648.7798128,588.63625379,608.09401794,283899.81034647,272452.57277791505,366.85952747654994,510.5679280620003,590.13544413
1608595200,608.36047782,638.31254781,587.78631392,637.06279488,304183.44009399,274121.7593885461,368.6926478938999,515.6593637906003,595.8924905814284
1608681600,636.85638018,639.29734488,545.32338189,585.521118,440626.60999704,279244.53674831055,370.5356320985499,521.0003113582002,598.8435997542856
1608768000,585.4912695,615.17225516,565.4537049,612.25425311,312062.25191618,275300.8549034601,372.5078786675499,526.5220983590002,598.4144721609523
1608854400,612.24696291,635.04481329,603.8699941,626.60832302,294598.79577932,276469.5495393831,374.5663524159499,531.5523418376001,600.860195847619
1608940800,626.80138218,654.62715938,611.94323723,636.47058349,360575.93326211,283276.00975954556,376.59757983334987,535.7776853116002,600.2738684642857
1609027200,636.72219879,727.14217875,615.96601012,684.23395498,795856.20016887,313286.7814703301,378.70302176244985,540.8484209484001,600.0604440576191
1609113600,683.9055558,748.61719893,680.51446856,729.13307183,651598.44746846,331420.41051343904,380.6722710589999,544.7930479854,602.8615666357142
1609200000,729.31168292,739.63549969,687.82628861,731.66453035,313719.23353175,332514.8671255495,382.4964353215999,548.9767085546,604.7318324676189
1609286400,731.70961133,758.6360834,715.16824587,752.45051246,385527.91062279,341331.2145147015,384.4818170947499,553.1639515794001,608.6323377128571
1609372800,752.4910982,757.32076564,720.27197788,737.78435975,279481.6183346,344803.003879891,386.1990958226999,556.7629758776001,615.1812555409523
1609459200,737.8531398,751.42167304,715.5507582,730.69026975,256658.11498652,349673.66246399854,388.03690435909994,561.7303565982,623.6036216033333
1609545600,730.76974855,789.99117439,717.00391802,775.36715064,479907.98899351,364425.06547457154,389.93769210204994,567.2210201582001,632.1302945699999
1609632000,775.12887668,1019.62148125,769.44709744,980.9748507,945435.25443583,403949.53291746404,391.9000644307499,572.9626032116,640.6548964123808
1609718400,980.69263859,1167.488175,864.13479775,1042.5506706,1154143.97842328,452297.7492979,394.08123958989995,578.9933376078001,649.5296750442856
1609804800,1043.03207918,1135.94249669,973.81833882,1103.06741047,782338.7473635,473982.577529171,396.5761728986499,584.472637939,659.3882571366665
1609891200,1103.6150944,1217.12386763,1058.41225862,1212.13385416,677742.08762632,478442.43667291,399.0468280727999,589.8304464110001,677.9765412914285
1609977600,1212.05216475,1292.03527829,1130.847915,1226.4351981,597288.40084915,493850.8932205405,401.6182498977999,595.7972510108001,699.6973360357142
1610064000,1226.47470668,1276.22930566,1063.81393323,1218.74235931,585423.0991031,507333.674895401,404.1498693701499,606.1911094950001,724.1673588352381
1610150400,1218.79002739,1311.95582801,1172.96867303,1281.24487335,473843.08214774,518745.550272527,406.64840841315,618.0712769464001,751.4965989857143
1610236800,1281.1450863,1352.77686089,1143.17314326,1255.06323691,640677.55315759,536584.437413083,409.34845786894994,630.9158648036,779.2650387461905
1610323200,1254.92865176,1260.40665745,910.65589228,1088.58293425,958235.59011862,569287.0449143145,413.08538018659993,645.5028947252,806.1265121800001
1610409600,1087.91523078,1152.06462381,1002.1847264,1049.99126377,489866.17065013,571749.022946969,417.14308130944994,660.4542114162001,835.7594508533335
1610496000,1050.00724962,1142.4808585,983.31079096,1130.6590387,385447.04914969,575418.2628086446,421.51442349454993,675.3909377336001,865.1213044666666
1610582400,1130.5460088,1250.04195025,1085.2342125,1230.98301921,454165.42921301,583396.5944803291,426.4307919236999,690.7988726486001,888.0017290528572
1610668800,1231.01226394,1255.4505297,1068.94916146,1169.43019545,503515.19618314,590543.5576263806,431.4238582809999,704.8419933755999,907.6649894761906
1610755200,1169.52686046,1294.0642352,1151.36377913,1228.44667513,410577.91004214,571279.6431200441,436.30151749364995,715.3980994614001,933.6239380809524
1610841600,1228.27423838,1268.76709789,1165.18597721,1232.298644,347936.47489002,556096.5444911221,441.4922741939499,724.2122584528,963.0872126571428
1610928000,1232.25315,1261.73021156,1182.43933382,1258.32933373,328256.72269157,556823.418949113,446.5958193782499,734.7204157514,988.9358732490476
1611014400,1258.90078977,1440.9472179,1251.53067488,1367.63498747,686918.37669417,571892.942252682,450.87759538149993,747.9495509348,1017.1252109461906
1611100800,1367.47153337,1408.90213716,1233.41902248,1378.17164455,554981.75428779,585667.9490503415,454.98023359654997,760.9286878334001,1043.2235294709524
1611187200,1378.3702881,1391.1675745,1084.51459436,1111.3448346,578875.23591692,601778.8050968616,459.52978414764993,775.1180463856,1068.4233514661905
1611273600,1111.78324454,1275.03687713,1038.99325358,1234.33210804,468319.56278731,601199.3837865514,464.5602116564499,789.002915551,1098.707658948095
1611360000,1234.10402262,1273.9539393,1196.65381843,1234.70515038,322351.89029148,570045.215579334,469.26804391224994,802.6396818576,1128.5039033333333
1611446400,1234.44282502,1401.60670933,1217.58623294,1393.77686463,490644.93202114,536870.2632592269,474.28291148654995,817.650267659,1146.2924973738093
1611532800,1393.7977105,1478.45013232,1294.32531443,1318.41945246,653114.73575485,530409.0626787944,479.28893294304993,833.4996486008,1170.2754420542856
1611619200,1318.08997539,1378.52762535,1241.7523778,1367.6652341,468996.57465205,519971.7870300809,484.44732678764996,843.7698654318,1192.1486801371427
1611705600,1367.90889561,1375.99051212,1204.47513979,1242.68809807,529028.18350168,516558.77616270736,490.16020737349993,856.1217842796,1211.8059188957143
1611792000,1242.35300826,1363.87910658,1219.2467609,1333.17666225,450739.56143362,509824.5992792334,495.90461023114995,869.4601923096,1224.9425275557142
1611878400,1333.20117847,1442.23199852,1286.43175048,1379.93310457,977210.67527633,534992.9789356629,500.32252383699995,885.3918295817999,1237.5424239190477
1611964800,1380.17551947,1407.80020253,1323.81171909,1380.41304265,387670.27793568,522342.6151745673,505.2854610918499,899.7137517344,1238.997387914762
1612051200,1380.1006338,1382.82217784,1282.42036767,1314.34771433,308654.75404188,489863.57337073033,510.2621101399499,915.2349404675999,1244.0803147790477
1612137600,1314.0103114,1380.00546297,1270.56517308,1374.95121283,397695.11558155,485255.0206173013,515.9956781797,928.9928055682,1251.7560645533333
1612224000,1374.51525442,1549.13198798,1361.758916,1513.72814005,658196.9358798,498892.5149538068,521.37738647215,944.1885312100001,1256.4783583295236
1612310400,1513.44203316,1672.96476113,1509.11610841,1667.43109714,535221.265431,502945.3067647063,527.00949697835,960.6118388802001,1259.3014286828572
1612396800,1667.84071588,1699.25242371,1556.13860962,1597.64153052,522280.03727609,503883.5488193538,532.0266140981499,977.3337013636001,1272.9380133771429
1612483200,1597.716792,1763.8384039,1591.42796027,1719.65669894,450309.91215248,505870.14892487077,537.47844314305,992.2539171162002,1295.0207217714287
1612569600,1720.44302814,1746.1479552,1638.60860595,1679.3147628,673999.01141592,522173.27575116575,543.18116035015,1007.9405237038002,1320.581295982857
1612656000,1679.2436743,1696.40309322,1493.18029657,1614.48379209,433795.83754019,527450.2314935968,548.88112576115,1026.4868068854003,1338.041225092857
1612742400,1614.91305302,1780.83662238,1567.05078291,1751.89730509,643972.31886997,525302.9286023868,554.2606081905,1048.0514901946,1364.2424871638095
1612828800,1751.67667307,1827.03719747,1706.96950521,1772.53777487,607793.77546969,527943.5296614819,559.96767555415,1067.2399245850002,1385.712396100476
1612915200,1772.85395306,1857.9635,1678.37497454,1742.46979988,508443.00203002,524421.9179671368,566.37281522705,1088.7670993012,1403.9116888666667
1613001600,1742.88942239,1827.51316904,1703.69689659,1786.80832564,420465.5608871,522029.2178721264,573.53084753545,1109.2603662132,1427.4149255980954
1613088000,1787.13253948,1870.20323919,1738.89205439,1845.372821,432391.45166204,527531.1959406544,580.32280286635,1128.3709788308001,1446.696010712381
1613174400,1845.07736588,1876.47213033,1760.825001,1818.29047219,308398.48744928,518418.8737120613,587.7405987955999,1150.639638712,1464.0435419185715
1613260800,1818.68394744,1856.83224795,1780.56192598,1803.01565385,330850.52730757,502305.6632896974,594.9087283835,1173.9285138506,1496.2084700633334
1613347200,1802.72941943,1842.37978448,1651.85344766,1779.95221843,394801.12361639,498595.89073791436,601.6600292112499,1196.0366539506,1525.3056468709524
1613433600,1780.74908712,1831.71490652,1723.15982045,1782.9883064,363800.44017341,490334.5035715009,609.0414520155999,1220.0623981034,1553.0954241000002
1613520000,1782.38855784,1857.37468867,1733.38311144,1851.24800301,431984.81665052,489396.76633234584,616.50663714955,1244.7247694612001,1572.5829854914289
1613606400,1851.58050337,1953.30178434,1848.7630116,1940.11133123,453802.37908954,463226.35152300633,623.69066920145,1268.5584124446002,1594.560736251905
1613692800,1940.50247581,1980.62879308,1886.94344433,1957.69443163,430856.94562355,465385.6849073999,631.0679595879999,1291.8893138518001,1614.3380254090478
1613779200,1957.93078871,2044.07061086,1806.738092,1916.39191516,486646.53289211,474285.27384991135,638.68253069085,1313.8036791208003,1643.3170685014286
1613865600,1915.79974758,1976.75673321,1884.61364753,1935.98695496,301361.31640015,469468.58389084134,646.1856965782,1334.8807838122002,1672.218719405238
1613952000,1936.02128502,1944.03024496,1525.4968,1779.55899237,547613.09339622,463939.39176666236,653.6108882638999,1357.2724532654001,1699.7311635509527
1614038400,1779.2559616,1784.14827575,1354.5600505,1578.15466283,673549.30257065,470855.79362364486,660.831771034,1381.0256696408,1725.25396700381
1614124800,1578.2139516,1716.27165806,1500.86535172,1625.37147512,417370.59893562,465610.32170662144,668.0119790712499,1405.4238710784002,1754.8558356052386
1614211200,1625.07522441,1675.11891429,1457.46978309,1481.68475944,338823.54768922,460036.0034834584,675.3312065975999,1429.1379039866003,1774.1228727261907
1614297600,1481.39024112,1564.51417307,1397.78342314,1445.33790184,391088.20222091,445890.4630237079,683.17054916715,1452.3503000730002,1777.1908023823812
1614384000,1445.78905481,1530.35231778,1426.30479646,1460.28237413,310645.5753427,439732.9499138334,691.0266400073499,1468.3219829064003,1775.187963238572
1614470400,1459.48794342,1472.99439367,1292.71572268,1422.3028416,377714.63730214,426420.0658354419,698.65981773105,1479.0340627510002,1769.666212234762
1614556800,1422.62774794,1575.6103421,1410.94302773,1571.01640314,375283.46682405,414794.5504031599,706.3342952616499,1489.480144044,1756.6034123728573
1614643200,1570.9455885,1606.43377697,1455.3375355,1488.7695039,380118.90657228,408378.34563027293,713.2563263283499,1494.8711621496,1746.173298626667
1614729600,1488.571409,1659.53478975,1477.23828343,1568.67999795,351062.45306609,404908.19023922243,719.2488336705001,1499.2492162244002,1737.0218247938096
1614816000,1568.83022433,1626.78376,1504.54517794,1538.5662375,347673.16242269,400672.2757772549,725.3881890182998,1504.0800165208002,1728.4084485104765
1614902400,1538.62754155,1552.7555307,1438.38814665,1528.15054776,359276.38282256,403216.1705459189,730.8449810493498,1506.9011758858,1714.8956737023811
1614988800,1528.7350162,1676.33128125,1513.06644195,1651.0613979,416143.20438492,407480.8043997864,736.0929930703,1513.2202392104,1706.6199688485717
1615075200,1651.54203623,1735.07291361,1627.82378817,1726.70259752,346263.20296705,405053.9083673194,741.4996064946,1521.2239706034002,1694.7989170323813
1615161600,1726.68379769,1843.9251591,1665.21602705,1834.13694979,411773.14827498,407452.5437723979,746.6745649739499,1531.5977452870002,1679.6930944971432
1615248000,1834.491925,1875.46282839,1797.67825139,1871.9428244,351186.27760311,403412.61682002747,752.40413430865,1539.755889263,1671.7298052452384
1615334400,1872.28318604,1881.22098177,1756.56465222,1795.2926721,382717.05879831,399858.35080546595,757.65416035965,1545.699239834,1668.0958501819052
1615420800,1796.22400895,1849.26617616,1724.69303774,1826.57901004,368062.93272694,396718.6501606355,763.3349376087999,1555.331863883,1670.6760754847624
1615507200,1828.27886379,1843.14181932,1719.77783839,1766.4682153,321562.59690531,388464.4533612955,768.8582092498,1565.2969823308001,1674.9120049133337
1615593600,1766.64334567,1943.51538913,1728.2863338,1921.57271546,365222.13499864,391657.49429122,774.3412784850999,1577.3337484466,1672.247465346191
1615680000,1921.86217704,1933.56156752,1835.27297144,1848.50559684,243184.43314572,376436.06127869495,780.4851315921,1589.60601826,1666.8411643371433
1615766400,1847.80650714,1891.3480753,1718.9173248,1794.25236346,395032.51065136,362510.2216827305,787.0802717801499,1598.1591719526,1657.7351540357147
1615852800,1793.94280569,1820.96146386,1707.31016803,1805.71323938,335005.30584525,358391.95702821197,794.1708256464999,1607.1273192624003,1657.9818588119053
1615939200,1806.06846076,1843.75771366,1737.02022026,1824.02208386,330899.09457501,357995.7343725015,801.5909543037499,1620.2297868764,1653.8160798538102
1616025600,1824.47478668,1855.39027107,1755.31558745,1775.72356684,279915.3967141,352437.09409716097,808.5897021888,1633.9745990248002,1654.5157641914293
1616112000,1776.04047572,1844.63700509,1732.78592453,1810.89766,209416.73222322,347375.651941187,815.7686683802999,1646.2506079540003,1665.3518868842862
1616198400,1809.5772073,1871.03752485,1798.71019875,1806.17504344,192666.74647169,338123.2573996645,822.5603084096,1654.2601179306002,1674.8114396814292
1616284800,1805.7157545,1819.23787518,1733.94816502,1783.90152897,190937.38112668,328905.953114796,830.2517385894499,1664.0059936690002,1688.8132876528578
1616371200,1784.25408957,1809.55329884,1655.30211,1681.5076304,242878.55017162,322043.93529476307,837.563735305,1673.1331306642,1706.220895184286
1616457600,1681.95112137,1722.01591544,1649.08351142,1668.829589,247453.0724623,316863.4662645735,844.6200567382999,1683.7938400396001,1722.6919746752387
1616544000,1668.2161862,1742.11578292,1543.72774109,1581.81329462,303719.68753591,314665.79252023454,851.6708639299,1693.3482599946,1739.910959788096
1616630400,1581.59626581,1623.22167978,1545.380925,1586.9418677,304925.51376737,311948.24906747503,858.79603128615,1701.873098772,1745.172446800477
1616716800,1586.65151477,1705.37838615,1584.99105707,1700.3788673,297927.13100183,306037.44539832056,865.5296327799499,1709.9428684984,1753.746736567144
1616803200,1700.53656906,1736.7651774,1665.75603634,1713.62796397,190403.11909625,298244.4412047806,872.41382930315,1717.2860668198,1754.3721316466679
1616889600,1713.28024821,1727.75285384,1660.27750103,1687.15270726,178916.88933714,286601.6282578886,879.0669707313,1723.1636343431996,1756.6757330847631
1616976000,1687.3371559,1845.30295763,1676.24636703,1816.46623807,306261.92483929,284355.4106196976,885.7867082836499,1724.5253374346,1764.877081634287
1617062400,1816.62365513,1861.0840156,1786.33978507,1841.16145066,252896.6279634,277864.3890779521,892.2811606228498,1722.9155528457998,1767.8564419233346
1617148800,1841.4465256,1951.75916061,1765.0646343,1920.77237385,295341.83699355,274228.3342912826,898.6944289100499,1724.9702995813998,1765.9731138157156
1617235200,1920.82596072,1983.52308316,1887.91457402,1968.12189144,302290.6256258,273264.7357273071,904.927983514,1724.849724882,1765.1316513528586
1617321600,1968.28861364,2146.97310491,1948.75424432,2135.35720283,318974.85316917,270952.37163583364,911.0984039534,1725.0064837712,1763.6658716509537
1617408000,2134.86682833,2141.32911948,1999.52468507,2010.13717615,285653.14960321,273075.8074587082,917.8315122647,1729.0461326908,1769.641095543811
1617494400,2009.60863467,2093.21521857,1978.14605155,2076.32646472,196910.46468522,263169.7051604012,924.71296600495,1730.8314156022002,1776.3812327533346
1617580800,2076.28965457,2130.76923422,2003.0426572,2106.92064655,246068.9845303,258722.88909465363,931.3926022513499,1733.7961075818,1793.947375016668
1617667200,2107.34799097,2151.77520436,2044.50204344,2112.89352523,251886.1561707,254772.2421744381,938.6335335908999,1738.3091494130003,1798.1647302876206
1617753600,2113.2707454,2129.37898997,1930.554407,1963.16143073,279386.14182787,254745.77943012663,945.9694197114499,1745.2801269568001,1809.0133430438111
1617840000,1962.3019705,2085.15060954,1947.92770282,2080.03918166,202742.28175769,254412.05690685014,953.6331497076,1748.5754140598,1823.9023089052398
1617926400,2080.13587476,2102.48092257,2046.24142339,2065.52323029,175895.87014696,253573.51309061362,961.6413415023,1753.7361339104,1838.5299415647632
1618012800,2065.9566249,2202.77732625,2057.15469784,2133.5464072,254915.2146928,256772.40476891963,970.4314474862493,1759.8142337644001,1845.1556247490491
1618099200,2133.68752808,2163.67246632,2112.26569986,2150.35368912,165114.06701848,252884.18061126262,978.6619176945493,1766.4730599004001,1859.6468445023825
1618185600,2150.53555853,2200.66029753,2101.75834643,2137.11058155,219992.51546947,251511.1527616211,987.2177268039994,1770.076522387,1871.7718716590493
1618272000,2136.93451153,2320.78768441,2134.50487425,2300.42903636,326705.8126614,252660.45901789563,995.8045195734994,1774.6523459600003,1887.3609842190494
1618358400,2300.65918744,2448.06578925,2282.44941234,2433.03072189,377397.98985585,256284.08282231964,1004.4464578204494,1777.1605839412002,1904.8110870833348
1618444800,2432.70937528,2547.74018374,2401.49617084,2516.52526939,315478.39716508,257161.6461304821,1012.3361762017495,1780.6776234526,1926.5064657095254
1618531200,2516.58864293,2549.39212548,2297.71774,2426.27925589,337864.77442209,264534.72889677406,1020.8814215765494,1785.3568589318002,1956.5826298695254
1618617600,2426.5251829,2498.3773599,2314.640156,2319.49923471,243057.61489294,267741.7651745641,1029.5081651727494,1789.3793314636,1997.1167930728586
1618704000,2319.9689383,2341.56270037,1939.2484266,2240.52077592,405808.34008903,272719.08593705104,1038.4540882371994,1799.7967323434,2041.382669343811
1618790400,2239.96524318,2294.5299,2080.43266603,2163.64158387,229944.69860465,271571.4894691135,1047.6035910127994,1816.8942535246001,2075.949354514763
1618876800,2163.86438704,2358.9055429,2053.02866382,2333.47114212,340035.6281845,273806.17902866105,1056.5419488584994,1834.7173294100003,2104.800367407144
1618963200,2333.25580293,2470.6442243,2236.85274731,2357.53541224,403786.99084313,278880.99728952756,1066.2836829958994,1853.6092193390002,2131.1512278195246
1619049600,2357.86539668,2646.46506552,2297.93019988,2398.55354693,621609.47027922,294012.72814503004,1076.6788023259994,1871.0924459964,2147.6833871433346
1619136000,2398.36473963,2443.51946752,2103.93244575,2371.0074318,520406.05077254,305750.37320349657,1087.4733087305494,1886.6972140322,2171.126705784287
1619222400,2370.73366276,2373.0266364,2156.34672963,2215.84468894,184701.82107256,305139.9410228635,1097.8350010760994,1901.5239888776,2191.9249457076203
1619308800,2216.04578848,2360.033387,2161.10140611,2323.43005956,213539.99957987,303513.49177534203,1107.6334426994995,1916.7730836571998,2212.4216912071442
1619395200,2322.76325765,2547.06523406,2304.60458554,2535.13654851,240016.68383466,302920.01815854,1117.0367290363995,1934.1484018239998,2223.643130681906
1619481600,2534.49068556,2684.6404198,2480.93518359,2669.05165817,207261.74099758,299313.7981170255,1126.0902146067494,1950.7458728036002,2233.438726529049
1619568000,2669.07564438,2764.08751759,2561.77484,2751.03133301,286456.5498455,303499.511521416,1136.0287663597994,1967.3946966896003,2245.205564378573
1619654400,2750.79492022,2802.0614262,2670.77266714,2759.50017693,267233.24881465,308066.3804548005,1146.0847280705495,1981.1485795132,2265.5967978052395
1619740800,2759.06986764,2801.42614375,2694.96521,2776.9953691,323115.15509848,311476.3774750845,1156.3148201281995,1994.5959527464001,2292.08051842143
1619827200,2777.10961749,2961.95485141,2755.60096532,2947.84860523,267695.16758075,316605.432503198,1166.4011788325495,2010.7646317662002,2329.5981328157154
1619913600,2948.1381952,2989.31308949,2853.24071611,2952.12776285,200855.7885745,315648.5961584495,1175.7755528631494,2027.4629259338003,2361.953418304763
1620000000,2951.50512781,3459.89535039,2949.55164891,3432.31335005,453975.72896442,322012.0919736005,1185.6841582021996,2045.044696106,2395.833043962382
1620086400,3433.82629187,3605.49857587,3160.91878335,3241.53547834,562406.5496932,331262.519965468,1196.6044255302495,2064.3288462026003,2434.609339106668
1620172800,3241.63199634,3551.70317,3204.88355698,3529.10333333,407011.42966872,335839.17159065,1208.1233145769495,2083.3371733838,2472.7890569033343
1620259200,3528.95612034,3612.03634133,3380.46179359,3492.5509544,291960.41506503,333543.953622797,1220.0244178373996,2106.9647811823997,2534.4653792128584
1620345600,3492.46583912,3596.37640493,3360.0640676,3483.31535181,238820.37682762,333332.091719531,1231.9500038794495,2127.5758821302,2579.279971688096
1620432000,3483.51115994,3965.2174055,3453.58887398,3917.2541779,398272.8407304,332955.3167515995,1243.9015393074494,2159.2520371943997,2631.473905566191
1620518400,3917.53494111,3993.6635181,3728.8153693,3928.19174344,322963.0152693,337606.232584832,1256.7341181320494,2188.1976994919996,2677.9513191380966
1620604800,3929.61723,4214.02062658,3624.10948877,3951.90416444,460936.82144038,343651.292247626,1269.5993035918996,2222.6655013709997,2728.286371324763
1620691200,3950.76126863,4187.64629298,3765.78975117,4180.02662793,281921.82277844,337558.03384439147,1284.8725309278996,2256.0360787818,2804.369940048096
1620777600,4179.65968384,4378.57234875,3689.25522625,3806.96699453,447874.7808531,328871.2993730855,1299.2520469166996,2290.1879144812,2884.735224215715
1620864000,3804.34798395,4050.21957522,3394.09569555,3720.81945378,520244.37269822,328863.21546936955,1315.0546850605494,2332.3150448392,2969.890585195239
1620950400,3721.38170135,4182.00600016,3688.8031159,4079.75761213,316072.57029943,335431.752930713,1330.6247959808993,2374.7553788391997,3057.821798805239
1621036800,4080.21493881,4145.12790764,3621.12546705,3645.83087481,284074.91049564,338958.4984765015,1346.1434067669493,2418.1154315486,3126.8423503428576
1621123200,3645.67331172,3882.07363229,3326.45578814,3584.20976632,339906.49013679,343952.988791608,1363.8850184985995,2468.0858114992,3189.8073935261914
1621209600,3584.0112928,3592.56805475,3119.00242645,3284.89121713,376258.36737862,352402.82011066005,1381.5693371491495,2510.8485596098003,3271.1764497323816
1621296000,3284.79717865,3569.38794606,3241.33077434,3377.10912997,284323.13380724,352296.14930874703,1399.2563692709496,2553.6286827930003,3339.2710300119056
1621382400,3378.20201083,3445.84571435,1865.3099535,2445.5429565,995723.06354646,388720.64004533755,1418.1079508260495,2603.4849976816004,3399.308158905239
1621468800,2447.34996957,3011.14149714,2156.98014359,2773.80252861,535992.55996799,399364.51028881304,1435.0798777756493,2642.3940378318007,3435.010762172858
1621555200,2774.06838184,2946.61870272,2102.87041212,2436.24065717,479621.23852361,409960.81383595604,1451.6526656332996,2679.8056738788,3468.727784639525
1621641600,2435.50140786,2494.38404628,2156.18135533,2296.84781604,394508.69377074,419643.45909576805,1470.0850601873994,2711.7604440762,3454.1807190914296
1621728000,2296.37034619,2385.65298452,1720.8431829,2100.65695115,607706.50261817,427329.99777845555,1486.2930475150495,2742.9733019142,3454.8617834571437
1621814400,2101.03259752,2680.90704059,2081.40152909,2650.78089031,490284.44575343,423723.89258146705,1502.2704654631495,2755.0609320310004,3438.6353686033344
1621900800,2652.71111836,2758.75825468,2381.7396767,2708.6393921,376588.7448167,422202.758338866,1516.7569013546995,2772.1215351262003,3407.635331022858
1621987200,2708.2627729,2920.87552752,2640.99100599,2889.31948149,313942.49862479,423301.8625168541,1531.7281279486995,2781.4839104408,3367.0891018942866
1622073600,2889.34172401,2893.40018136,2634.3130067,2743.35905895,222163.38245995,422469.01279847056,1542.0210820456996,2784.7137227050007,3329.873270478096
1622160000,2745.21703053,2766.23197695,2327.74344862,2414.35340726,316456.93710967,418378.21761743404,1553.9059604675494,2786.5241182050004,3304.4972663714298
1622246400,2414.24144775,2574.28695596,2207.33206879,2279.61545266,270230.19725609,415741.57671677356,1564.1695336881996,2798.0132067168,3274.0313686647623
1622332800,2281.050156,2479.32823833,2178.13462927,2387.73517017,211917.26566551,403290.59892803,1573.7123239376494,2810.0475816278004,3238.3555641195244
1622419200,2387.54428578,2723.29325093,2273.59243463,2711.13280631,285930.90672996,403491.05312560603,1582.2002525701494,2825.5761007530004,3187.452614379048
1622505600,2709.05250314,2744.62986634,2519.38598607,2633.74397377,209737.66774968,391584.197470435,1593.3679261627994,2841.1800533174,3109.4698179390484
1622592000,2633.68776053,2804.25871615,2546.6894233,2706.76931164,180408.74375553,374592.41602330044,1604.6285262803995,2847.8663378294,3036.1147430214296
1622678400,2706.69087282,2895.18230529,2662.89442336,2856.32692866,188596.56865799,368218.61594122846,1616.8957990930994,2852.1481822768,2977.0303926342867
1622764800,2856.84599448,2860.12912691,2545.99202515,2691.21051728,181811.52659893,363105.446746393,1628.3395949186993,2857.2319575362,2903.397885293334
1622851200,2691.12958193,2817.70577242,2549.73302845,2629.23789249,170128.90071706,354616.56727540644,1638.1884350665994,2868.4475398800005,2851.007519441429
1622937600,2629.3248963,2748.27866932,2615.3395005,2711.62657972,135796.96565135,342593.497189043,1647.3319433666495,2878.3802077244,2809.841208721429
1623024000,2712.12480474,2848.65507194,2558.9650747,2593.96255084,196367.17316732,338195.69915704697,1656.9515225015493,2886.50701323,2743.719918490477
1623110400,2593.24062573,2625.38897279,2307.5910144,2510.05567127,242730.42393063,300546.06717625546,1668.1931873023495,2894.9729373654,2695.3107288561914
1623196800,2509.83745652,2635.5085653,2406.79750201,2611.42619033,286517.47362442,288072.31285907695,1678.9767725679494,2898.4666423232,2653.759148541906
1623283200,2611.90585157,2627.19908321,2419.23447792,2472.47381794,212930.98704974,274737.8002853835,1690.2042094936996,2902.5258150552004,2620.857783480477
1623369600,2473.30914775,2502.24034117,2321.94274884,2354.37021929,187602.80406691,264392.50580019195,1702.2431326468495,2910.3683619554004,2579.5695235423823
1623456000,2354.44520775,2460.66606741,2253.88542,2370.81970188,211110.63001132,244562.71216984946,1713.3949951451993,2917.4371974538,2587.4687251533346
1623542400,2371.20921723,2552.29341113,2309.20474374,2509.63971665,171075.99102033,228602.28943319447,1724.1272728172494,2924.3654792018,2573.1197389309536
1623628800,2509.65482856,2618.68316465,2462.34306903,2582.02399574,203766.11832283,219961.15810850094,1735.2910588980997,2929.924580166,2569.2211466509534
1623715200,2582.20723984,2643.62146758,2501.21669037,2545.02897077,180009.42660507,213264.50450751494,1745.9013414350993,2932.2233482799998,2572.7436174052386
1623801600,2544.67448215,2555.805472,2347.36152,2368.47552265,150785.88269846,209695.6295194404,1755.8973791534495,2931.3396817272,2592.218987190953
1623888000,2368.48818977,2462.16767171,2304.64374504,2372.45641512,142458.5291467,200995.70912129193,1766.1899741022994,2931.3359271288,2588.944849354287
1623974400,2372.29382075,2378.98867142,2136.38123024,2234.2710283,168342.97479721,195901.34799834792,1775.7484550421993,2937.211827683,2581.1538769100016
1624060800,2234.55282596,2280.52578548,2161.33343361,2165.65534478,136322.03177345,192121.5863037449,1784.4738895676494,2942.3837064066,2556.351783631906
1624147200,2165.45636586,2277.42315554,2042.56288323,2243.56031532,171957.21144453,186422.90153947342,1793.3017322081994,2942.5815548518,2538.6897529733346
1624233600,2243.55263648,2267.3200392,1863.53182575,1886.58899584,300860.68858946,190979.0525814624,1803.0022994912495,2936.5700321414,2530.114401594287
1624320000,1885.66803072,1998.24036489,1698.6242724,1880.491755,318595.38664137,197888.3847257544,1813.3100527173492,2928.9985337835997,2524.6877297904775
1624406400,1880.03633483,2056.93290037,1832.4225908,1968.54270941,196970.60841915,198307.0867138124,1823.4403038335993,2918.493950811,2517.822260511906
1624492800,1969.13159395,2043.16455421,1882.90651029,1989.93561732,252325.72340006,201832.79655386892,1832.5924055181995,2906.2671503246,2478.5582695371445
1624579200,1990.10113665,2013.6909887,1788.28281195,1810.04933468,227682.07657792,204710.4553469119,1841.5722325017996,2892.1813845263996,2442.6891162623824
1624665600,1809.68824806,1855.92113534,1716.88874256,1829.27553796,182174.05142716,207029.3096357024,1849.6580591562995,2870.8706091861995,2407.5354685371444
1624752000,1829.28347274,1986.3428575,1806.00991268,1981.65270773,172940.96354439,205857.9991545559,1857.5578228928996,2839.8341772851995,2366.2787394257157
1624838400,1982.56653707,2150.80074584,1960.1569323,2084.16532777,271611.55494074,207302.05570506142,1865.7864545042496,2814.3743219066,2324.31868311143
1624924800,2084.30382524,2257.95476384,2075.78494887,2164.8319399,187226.54267151,202337.50915741592,1872.1357186551995,2783.5909675863995,2286.2252376576203
1625011200,2164.69548659,2290.62802946,2086.8927485,2275.28919219,188003.93369299,201091.15648957842,1878.6992536857995,2749.940935192,2251.4645770866678
1625097600,2276.75986361,2280.0271667,2073.66838445,2108.13062625,146715.45127515,199046.7888499904,1885.5559922277494,2716.8601389150003,2227.188518845238
1625184000,2107.54909406,2161.0584306,2017.9750006,2155.60872694,128860.6411428,194934.2894065644,1892.4940535901997,2678.1481095115996,2210.7492935419045
1625270400,2155.3946448,2242.3741821,2111.68883114,2227.83376859,111485.0031748,191954.7400142879,1898.5862712763994,2641.2675811982,2194.742769820952
1625356800,2227.67030069,2389.03770693,2190.15132798,2323.07657993,119363.60130733,187734.6141635129,1904.9586747509995,2605.5261367073995,2177.3930940261903
1625443200,2322.14441121,2331.8151808,2151.57715852,2196.3532207,129818.63449336,185225.07455792738,1911.9999863888495,2567.4313879925994,2167.9282610571427
1625529600,2197.42188957,2354.38426181,2190.8560486,2323.14657564,142556.25880706,184813.5933633574,1919.6269744223994,2533.4546606269996,2161.119407090952
1625616000,2322.64714239,2409.16188295,2293.91044128,2317.61415375,132573.35891079,184319.33485156187,1927.7295345294995,2502.1504460901997,2152.2354481995235
1625702400,2317.42944081,2330.57867785,2085.7848804,2116.56149943,176435.26956284,184723.94958984337,1936.2642958569495,2465.1119692193997,2133.870173197619
1625788800,2116.53983162,2189.12455322,2045.49183127,2147.18340837,149210.29941121,185368.36297173137,1943.8518445709497,2438.6568833218,2123.304344858095
1625875200,2147.58547146,2193.43050574,2072.75266686,2111.7223575,108968.94316338,182218.94955767386,1951.6978183007993,2410.8997524093998,2120.882374910476
1625961600,2111.7408543,2175.99960894,2082.09190416,2140.33632026,87626.78448659,171557.25435253038,1959.8910024853496,2391.6648595796,2108.696902734762
1626048000,2141.05289895,2169.9107026,2002.69394211,2032.535559,118970.73375569,161576.02170824638,1968.3152863299995,2370.4749600551995,2104.5498732142855
1626134400,2031.92210965,2046.56665847,1917.56755152,1940.51741408,123287.50808368,157891.86669147288,1976.0805626178494,2363.8953309138,2101.981635724762
1626220800,1940.7502422,2022.25349291,1856.28110353,1994.34970152,142985.90363268,152424.87570310387,1984.4230384100492,2351.362948509,2097.066207388571
1626307200,1994.19457534,2057.85792045,1878.7823563,1918.60643228,127147.20378702,147398.13206355885,1992.7163433727494,2344.8725825156002,2104.0160437295235
1626393600,1919.65860973,1965.33884848,1849.57517706,1876.94500054,107872.97573545,143683.07827897338,2000.1068293147493,2341.7423526,2106.874408447619
1626480000,1876.7973378,1920.49316886,1846.91779509,1899.9499077,85233.53094503,139297.70664900535,2007.8022762668995,2340.379924757,2108.1033128338095
1626566400,1899.41406519,1993.32001624,1875.903084,1891.792608,138109.52663672,132622.60523380438,2015.1755740799993,2326.1746552323993,2104.706684974762
1626652800,1892.11857469,1918.97653082,1801.50479382,1818.08551279,105561.87877174,128539.37203881587,2022.9496500912992,2311.888861420799,2107.8921928728573
1626739200,1818.17927668,1842.53930743,1716.57809665,1786.12082518,156408.39117022,126959.59491267738,2030.0510566207493,2292.4746004365993,2111.2576390509525
1626825600,1786.23506784,2040.60345747,1754.57250837,1995.25329838,172707.49715179,128259.19720650939,2036.6206020760492,2275.146319268399,2106.978586682857
1626912000,1995.35807905,2046.94231565,1948.57184592,2024.58879634,149465.07028757,129289.41866374789,2043.4099976661994,2264.858249277199,2094.308119302857
1626998400,2024.5975775,2134.51936831,1996.0976232,2125.76247051,136048.26592265,130517.5818011404,2049.5818600526995,2257.1017923839986,2076.2742566971424
1627084800,2125.80226383,2201.11663928,2105.33364895,2186.65752977,122920.34411351,130695.4189414494,2055.3209196962493,2245.7087992363986,2062.9392141347616
1627171200,2187.01840261,2201.31261036,2108.19886214,2193.32861266,107788.20272075,129593.89735281891,2061.1623465829994,2227.208559613799,2058.961031758095
1627257600,2193.15614406,2434.2323801,2174.43458574,2229.82373928,294780.77268943,137205.12304693743,2066.8590570606993,2214.438746105999,2057.539781451904
1627344000,2229.10451415,2322.4941,2150.78779744,2301.13757315,194653.08497003,140309.1093498994,2072.2605628258993,2200.7951357999987,2055.5790081747614
1627430400,2300.0819284,2351.23418592,2241.78180174,2300.75907913,194290.10096253,141201.8509198839,2077.5377156030495,2186.183846636999,2049.400533542857
1627516800,2301.24370823,2406.9027599,2263.37048879,2383.66179511,139075.74473033,140695.1231858399,2083.637146341749,2176.0927868867993,2050.994367760952
1627603200,2383.83894743,2475.894561,2317.83540788,2463.01978263,190488.69741349,144771.11089834542,2088.855216069949,2167.3746012901993,2049.946320023333
1627689600,2463.45799896,2555.91792248,2417.77662618,2532.7855196,118785.52435938,146329.04789198493,2094.2712750694996,2157.7385444813995,2049.143697422381
1627776000,2533.0374622,2697.95683484,2513.86642848,2556.07595467,182163.48620977,149488.68551468893,2099.6892256659994,2151.882044927599,2061.8627591214286
1627862400,2556.6838088,2665.826559,2505.10951128,2607.53515294,158978.94650233,151273.2574356214,2104.5951994584993,2147.696113084799,2076.902586467143
1627948800,2607.41018429,2636.86304574,2440.54852705,2507.14692314,174662.77520195,152857.10101408494,2109.6121421643993,2143.1408251803996,2096.95321323381
1628035200,2507.25144949,2770.14407128,2456.04957124,2724.91288004,177217.00428852,155360.59103915995,2115.0241182335994,2142.9517444741996,2116.750338681905
1628121600,2725.31948832,2850.47762265,2509.95131725,2828.84592658,297969.64860268,164865.42468252144,2120.1216892624993,2146.5200504803997,2144.1312717266665
1628208000,2829.029793,2953.664152,2720.82074673,2891.59525182,193865.97864624,170297.04706758194,2125.764682053499,2150.2251755361995,2171.113629300952
1628294400,2893.55878861,3179.2664475,2866.39018416,3163.9450284,220991.63643558,174441.1525575249,2132.636866295399,2152.1830842619993,2205.9023520876185
1628380800,3164.36203494,3196.27505886,2949.02913553,3014.57436479,162184.56950282,177272.2870940789,2140.0508375745494,2150.685542809999,2249.2470899114282
1628467200,3014.41640493,3190.40864955,2895.91504328,3162.75194953,198849.75514151,179394.35529264342,2147.1779221543993,2154.283220995399,2297.563768543809
1628553600,3163.01938889,3247.25828227,3053.53710983,3142.4328,145785.58569536,178048.25971982192,2154.0606828230493,2163.4906290739987,2357.7540123866665
1628640000,3142.53892602,3278.28341934,3121.72171337,3163.16216048,142914.16994402,177720.7147026444,2160.7492664614992,2173.8734058079986,2411.2198103290475
1628726400,3163.18445217,3240.49234869,2977.71592926,3047.31023865,138162.16622142,177826.4097175829,2168.2315974860494,2192.466885809998,2475.2515454119048
1628812800,3046.9751559,3329.5642189,3036.58083894,3325.18440117,129497.13406581,178155.2492151979,2176.2143338989495,2209.445266210198,2539.837829927143
1628899200,3325.20143087,3337.38693554,3201.44370488,3266.62966831,107312.22908456,178131.4505333884,2184.3806634893995,2227.8290988943977,2595.4525376461906
1628985600,3266.58011312,3329.24920243,3113.90566422,3310.6508217,134210.35575846,170102.92968683987,2193.3622136940494,2252.9459749775983,2644.153558708572
1629072000,3310.61157035,3345.23195224,3136.04978134,3147.89563594,136127.35439205,167176.64315794088,2201.544227295249,2278.599383087198,2701.2688887400004
1629158400,3147.78733399,3290.86973677,2989.1119784,3011.09423841,160607.96801394,165492.53651051136,2211.8012628698993,2300.174733671998,2752.6961334323814
1629244800,3010.0998842,3126.15179701,2947.71199496,3015.78631375,137753.13473029,165426.40601050938,2221.341766329699,2326.8797093489984,2805.9019529104767
1629331200,3016.17164151,3192.70746147,2958.92104691,3184.49151285,141138.060903,162958.8741849849,2230.984051380199,2356.0113160215983,2849.6196622752386
1629417600,3184.36642128,3311.88694575,3178.53683352,3286.35397485,158291.8183817,164934.1888861009,2239.2517182502993,2385.6388216963987,2883.427122525715
1629504000,3286.28879919,3311.16677739,3202.61220284,3226.4181431,103293.65393327,160990.69727227587,2249.285542993849,2408.963680260599,2917.4760384600004
1629590400,3226.52808228,3275.97356983,3128.3484048,3240.94216622,103361.51426694,158209.82566050635,2258.780365164899,2427.502258473399,2955.61078692381
1629676800,3241.22025789,3378.52067669,3232.78372829,3323.9898417,147473.2892116,156850.35136098886,2269.120178783049,2444.5213459503993,2994.817177029524
1629763200,3324.00632,3359.92880444,3141.90065,3173.01059102,127189.23271251,154348.96278218835,2278.193773651499,2462.7053923635995,3027.8473019580956
1629849600,3171.41983637,3251.0226772,3079.45978542,3228.82296771,112997.11397677,145100.33605089286,2286.3495793206994,2486.2698593355994,3060.459978698572
1629936000,3228.81104348,3250.93497068,3050.50642691,3094.16971648,120327.60211043,141423.41722410236,2294.5264456761993,2507.686047658799,3094.576868639524
1630022400,3093.72492649,3283.13929463,3058.36418396,3275.18115259,141420.7767256,137444.87423860334,2303.877164668799,2527.9482156113995,3126.2846623480955
1630108800,3274.7151151,3288.20953667,3207.39030146,3247.25192523,103308.01299899,134501.04641341185,2313.4341784788994,2547.966480846799,3150.2803808085714
1630195200,3246.79358742,3297.62670869,3147.23591305,3225.73359232,100911.34179099,129604.12574588585,2321.9976284941495,2567.4996282531993,3162.914846994286
1630281600,3225.36970632,3353.08809531,3143.5444958,3230.19660141,179343.70756041,131282.03183913833,2329.8651838395494,2585.6131560945996,3181.180842269048
1630368000,3229.38128588,3472.6858842,3189.98156048,3432.40427968,231764.93709268,135724.57019657135,2338.496925395449,2601.1442673491997,3185.147837356191
1630454400,3430.98364255,3842.572827,3382.16169698,3830.07034832,224287.36179912,140030.82997545635,2345.7636948558493,2624.3166604124,3195.2030386671436
1630540800,3829.94529872,3839.11379601,3718.83093782,3788.28256928,202979.87286544,143704.96691543784,2353.511235880399,2646.3180307495995,3198.414688756667
1630627200,3788.67284202,4030.36435086,3708.80283854,3940.28394358,195723.65684037,148125.53830322833,2360.9096655023495,2668.5982554459997,3212.2228544557147
1630713600,3940.9561058,3975.66369165,3835.65441461,3887.36379882,137600.78540829,148295.05978571982,2368.5260847398495,2690.395461069,3243.9803872100006
1630800000,3887.65069385,3987.37623644,3834.1369035,3952.53060745,140199.82187212,148498.68315972332,2375.8996554916494,2718.3928354826,3279.264783906667
1630886400,3952.48072369,3984.05431927,3865.56724554,3928.64018663,131679.32566845,147052.25104244883,2383.3159744538493,2756.1838941674,3308.555238307143
1630972800,3928.92846584,3953.59962084,2976.4334922,3434.86166856,288025.49391617,154565.86900174283,2390.532915832699,2792.0625515225997,3338.114006426667
1631059200,3435.92154602,3563.51811344,3215.82547044,3500.48913626,189872.46447041,157002.5891801133,2398.468073126099,2832.4961017486,3368.6797105100004
1631145600,3499.41075631,3566.4254442,3390.50649866,3424.63780739,141959.9238438,156185.9944532183,2408.526972506749,2872.7044777142,3405.85802244762
1631232000,3424.39311144,3513.89510321,3141.22382874,3209.24556563,127954.60047785,157419.0417804473,2418.4533070838993,2913.7560917091996,3426.037423883334
1631318400,3209.48552568,3347.7095907,3201.17423314,3266.81225556,77796.8344757,156140.8077908853,2429.2549657096492,2954.4930432817996,3449.1185106695248
1631404800,3266.87323508,3472.97737941,3232.76924328,3405.77311158,95361.1365363,153535.2001571203,2439.776843171749,2986.8285663972,3460.5540485047627
1631491200,3405.73690001,3430.72811625,3106.54804093,3286.80408278,145322.7380813,154441.87542555982,2450.283256193949,3021.1159326188,3456.8822194942863
1631577600,3286.90478079,3437.00333996,3272.79240985,3436.01957598,105162.56082104,154050.1477677733,2460.2259004709495,3049.703622799,3458.8057486590483
1631664000,3435.15045992,3619.15296685,3359.81859986,3615.69688343,133593.34305266,154713.43481488482,2467.6117366555995,3073.3967581847996,3466.654841295239
1631750400,3616.51052826,3684.44858701,3482.77569858,3569.45092248,121075.90557723,153696.1912574663,2475.5322227610995,3096.2177538858,3464.884090870477
1631836800,3570.01135723,3594.33903312,3347.83842087,3398.33539195,122638.74336587,154662.72777581032,2482.9754770232494,3120.6000655219996,3477.4083282495244
1631923200,3398.4006049,3542.60585559,3369.47820675,3437.09341217,99187.703205,154576.54584651082,2490.1239098895494,3142.4695749243997,3495.830895664763
1632009600,3436.50693803,3456.65594823,3280.67004608,3328.81103007,92119.8924269,150215.35508983533,2498.567197853199,3166.5934916583997,3518.4633340457144
1632096000,3329.18316596,3347.77282575,2917.38905406,2976.425729,159406.11718214,146597.41409430833,2507.469206035499,3192.884677864,3524.3278216342865
1632182400,2975.848774,3106.35363083,2652.2320175,2762.9618124,182249.43527921,144495.51776831286,2516.4948026521993,3218.2585147309997,3533.3678924409523
1632268800,2765.75626198,3094.03417592,2738.48935376,3079.20605916,128970.76363899,140795.06230699035,2526.4482110228996,3238.5519866677996,3538.276341857619
1632355200,3079.20704884,3177.68756142,3034.75679972,3154.64421328,117138.62580242,136865.81075509285,2537.2252835693994,3258.033459258599,3526.1920146000007
1632441600,3154.48270686,3162.19035049,2728.05128716,2930.3591528,181328.32194124,139052.18758174038,2547.9610239737995,3273.9539694679993,3494.313801872381
1632528000,2930.43872005,2971.73048249,2805.23521584,2924.88566225,96662.45517568,136875.31924691837,2557.097618917849,3282.3609649545992,3458.558359531429
1632614400,2924.40031733,3117.91086796,2739.15018197,3061.69132761,130390.28588033,136810.86725751238,2566.8392384591994,3285.4694981437992,3428.3851044838098
1632700800,3061.5444708,3166.72887568,2925.66515625,2927.34812685,104077.05460039,127613.44529172339,2575.6398936197993,3296.9106808641995,3380.29344778
1632787200,2926.410967,2970.78586324,2786.33876597,2806.02215124,111501.01110334,123694.87262336988,2582.8291910772996,3305.5053075289993,3334.4611555623815
1632873600,2804.96352336,2951.23487335,2781.53056649,2850.74822372,81630.38467698,120678.39566502887,2589.0032474004997,3307.5355720533994,3292.0402374747623
1632960000,2850.3551053,3050.99083776,2837.74043124,3000.61764343,95555.1672863,119058.42400545138,2596.1439707068,3308.2013802619995,3244.3596631995247
1633046400,3000.58905585,3333.42298548,2970.21121782,3311.57208384,126285.16648745,121482.84060603888,2603.2836787855995,3306.156306246199,3214.4149242795247
1633132800,3311.98734592,3470.59307584,3259.85311007,3389.2859185,102095.01185836,121819.53437214186,2608.7647898006494,3304.411781487399,3183.474880825239
1633219200,3389.12448226,3499.49850035,3344.4967113,3420.24133467,76884.42683705,118397.61880992935,2614.0295039898997,3297.277185521599,3163.2834444461914
1633305600,3419.91152919,3440.55586554,3273.171573,3387.39541544,116641.44945394,118971.56324157436,2620.3614972674495,3291.443493995999,3168.156135789525
1633392000,3388.27102118,3546.42648621,3365.9562666,3517.16843772,119669.29644997,118275.36091143984,2625.8653428514995,3288.1926036549994,3173.988214977144
1633478400,3517.1143749,3634.63120414,3345.665076,3575.96593562,182949.60630843,121369.04594799985,2631.0631125311997,3293.477840558799,3174.67717798143
1633564800,3576.96766697,3654.82958099,3473.61783156,3588.52201253,127520.08779141,121613.11316927685,2635.708990072499,3294.7598709053987,3179.46724144143
1633651200,3589.03422031,3679.68000972,3534.14052079,3563.5305275,102535.53266263,121780.50464215835,2641.4695503054495,3297.8321042325992,3183.331472952858
1633737600,3563.7418935,3640.73716791,3538.69907924,3575.60156113,71813.70687362,120765.19536449434,2649.05614890735,3299.3669961073992,3181.439523057144
1633824000,3575.90566987,3605.34654352,3406.15102277,3416.31555087,101242.18925311,117856.99896804283,2656.9740123029496,3306.7524521429996,3182.347670202382
1633910400,3414.97075755,3624.5596641,3375.907285,3543.00828188,129549.12254935,115221.98333154983,2664.9551085569997,3318.0498860871994,3190.214105228572
1633996800,3542.65409219,3550.77849769,3404.22994156,3491.82275982,149199.54749454,116233.42252432732,2673.0134677999995,3329.5046000627995,3196.8097313695243
1634083200,3491.30884125,3613.71941348,3407.92432841,3607.31,115177.99039926,116135.39075416932,2681.5448216885998,3337.0853803557998,3200.9766133123812
1634169600,3607.63057727,3827.69139063,3586.15,3791.92,178347.67748549,115986.35853138185,2690.3937761494994,3342.8703320813993,3227.9567348780956
1634256000,3791.99573552,3928.4922,3735.58951838,3868.59,202857.60372168,121296.11595868184,2699.4168785672996,3346.6682802367995,3262.664399040953
1634342400,3868.67674778,3981.961035,3802.48,3829.55,132353.96150265,121394.29973979783,2708.8269930528,3352.709602549999,3287.812205747619
1634428800,3829.77288243,3918.28,3639.89651452,3847.36046142,109138.2324652,121647.35863303833,2718.3608529134494,3356.0662609123997,3318.1586717819046
1634515200,3847.25617395,3893.53433142,3675.9574134,3747.19,133388.24921103,122741.72053842284,2727.5333641946995,3364.752249091999,3362.8363311723806
1634601600,3746.16094944,3889.42761285,3732.57,3876.8772231,132553.43372054,125287.87299060084,2737.3136962655994,3376.0141897377994,3405.915585350952
1634688000,3877.5904125,4188.37315509,3806.93874236,4163.48286675,170228.59275278,129021.54426392482,2746.2709157281997,3391.5025954082,3443.328401246666
1634774400,4163.59144121,4377.1827989,3980.41643503,4052.85773148,256049.6664419,135509.76926164734,2755.7393259083497,3402.5899723563994,3482.368490444285
1634860800,4053.2706324,4167.77225497,3888.04,3972.14287424,122585.67283333,136534.30231039584,2766.2631623720495,3414.5921430801995,3533.361589104285
1634947200,3971.8426521,4174.74809689,3927.02538478,4169.34179034,95698.39067121,137475.00050210385,2776.5237811816996,3425.0212712338,3595.8727625819038
1635033600,4168.36511742,4186.42,3956.94301957,4083.454081,95870.28536587,136436.44229770036,2786.4657239283993,3437.9548836675995,3645.979433441428
1635120000,4082.73,4236.83176122,4066.68,4220.39091181,111672.47502087,136036.60122624534,2796.0986643662495,3452.5764554089997,3677.4351853652374
1635206400,4220.84554135,4296.2357564,4087.82922097,4131.37648212,110359.16156681,132407.07898916438,2804.994004909049,3457.0322030721995,3714.5807030719043
1635292800,4132.14957656,4317.38230752,3915.36151723,3926.27976042,171974.66059459,134629.8076293234,2813.7016050103994,3460.7094091714,3746.1622624209517
1635379200,3926.94071065,4331.29281039,3894.991735,4288.97455463,160522.40852948,137529.15142266586,2824.468333463399,3465.2905661065997,3785.8287146290468
1635465600,4289.075409,4465.79988132,4262.50848447,4421.27706288,122642.4831618,140070.59023707488,2834.3509897972,3469.2123717502,3815.076716743333
1635552000,4420.94251779,4434.86957619,4237.75820143,4324.36743164,73639.93865509,138690.47770717388,2843.6771009356494,3474.5695778373997,3831.758327448095
1635638400,4324.60308318,4397.02367436,4166.86664922,4291.16856931,112240.14356254,137825.02875783338,2853.9593422611997,3478.6243037471995,3865.1132104052376
1635724800,4291.51419031,4382.87875801,4143.65307638,4322.49004889,105983.78293803,135664.2405300079,2864.56080551255,3488.4526655844,3905.958283518571
1635811200,4322.83136102,4607.2694052,4287.18065063,4592.35984827,115471.15889559,135678.89895482437,2875.2625641632994,3504.2223739518,3941.613801161904
1635897600,4593.330489,4689.29775,4386.05817105,4606.30286298,109872.11725132,132255.12094311585,2885.5918304224497,3524.1551590616,3983.273468706666
1635984000,4606.05129872,4609.10896893,4420.16925984,4536.60863213,84148.93507515,126319.68751078934,2894.5554971885495,3546.4575963818,4020.391648088095
1636070400,4535.87338292,4577.09281625,4443.369093,4479.25713823,79214.49099816,123662.71398556486,2905.2486015161003,3566.9447226567995,4072.7981761095225
1636156800,4479.25695471,4534.40509723,4330.34805179,4522.29721226,70632.08078263,121737.40640143635,2916.66943392275,3585.279061403,4120.369264822856
1636243200,4522.83452825,4640.43403031,4506.93719008,4615.43743798,71144.09429368,118625.19865556885,2926.7891258991503,3611.3901767127995,4155.830628257618
1636329600,4615.45930768,4827.25609509,4609.82444468,4809.81746061,130250.92656168,118510.07329762587,2936.0798151362505,3634.7958424527988,4184.910015792379
1636416000,4809.50731169,4841.54631719,4715.1899095,4732.55903665,100910.58385887,115044.17285293038,2945.10963903375,3653.214077426799,4217.897978280951
1636502400,4732.29306176,4869.46630492,4459.94760419,4633.59194695,134260.60096257,108954.7195789639,2955.9400419956505,3671.410201741799,4254.473072402856
1636588800,4633.12348006,4784.34372932,4575.84840703,4722.09333329,97461.97742012,107698.53480830339,2967.3740601370005,3693.889438147999,4305.07438005095
1636675200,4722.18601972,4813.68145104,4522.73673986,4667.98856888,101636.11657118,107995.4211033019,2978.85449941805,3717.456318664199,4345.82113307714
1636761600,4667.69210985,4709.71031281,4581.27196486,4645.73843176,53953.13449087,105899.56355955191,2990.4325771898507,3747.076447274999,4368.207279753331
1636848000,4645.50977649,4697.96157189,4514.8499835,4625.45691905,67153.65176188,103673.6223966024,3001.376707540551,3782.199113427999,4400.0756417442835
1636934400,4625.45709559,4774.928499,4529.77213969,4563.97679016,86793.04002164,102495.3163193439,3012.6662176692507,3819.6117161189986,4433.211151012854
1637020800,4564.01499225,4566.9330747,4108.65230525,4212.93865326,141258.81004841,100959.5237920349,3024.7225372376506,3852.469461601599,4455.896705366187
1637107200,4212.37425086,4302.63185155,4065.69,4289.75,118214.3352455,98844.12012783591,3036.530295261901,3882.7363487135985,4481.706364320949
1637193600,4290.212418,4345.63687989,3956.08653547,3997.91886495,132632.06470633,99343.5992050624,3048.6190315519507,3917.043934292799,4498.06759662333
1637280000,3998.01041676,4314.29333536,3975.59820684,4299.22648005,133984.5594224,102360.8302434279,3060.612347920601,3951.055359428799,4501.951509534758
1637366400,4299.51674474,4442.23646468,4205.34,4416.63615071,76575.54945675,100577.6005381384,3071.276608022451,3981.1010686797986,4519.2596161814245
1637452800,4416.40672618,4428.33936237,4248.32,4262.63,62915.77580623,98424.2001815484,3081.1600418904004,4006.812879207999,4505.399821434758
1637539200,4262.38,4329.448344,4026.7986396,4089.89256626,95411.1201136,97421.1982424489,3090.5321698206008,4036.4874361831985,4499.587888919044
1637625600,4088.88091198,4389.20065931,4050.94475788,4341.78507659,131215.48111602,98488.36643568389,3099.554552886751,4059.4308490077988,4503.981637446187
1637712000,4341.44,4374.2707762,4170.90790586,4272.97188706,86556.96462469,98608.76791316087,3106.7342693075507,4085.4030257402005,4502.622657955235
1637798400,4271.92737624,4555.061753,4248.47969136,4525.15169295,120559.68689858,100676.02770818188,3113.4437762814005,4107.5043070776,4491.546587353807
1637884800,4526.02,4554.61352535,3914.36,4045.92904327,160434.84828704,105166.16608340238,3118.672731791901,4124.971188707601,4479.6144553690465
1637971200,4053.69,4188.29616878,4030.48798793,4098.91703931,58813.02276927,104549.61250718187,3123.0072974419004,4138.3642133394005,4463.741551753808
1638057600,4098.97162788,4303.43842651,3981.77629812,4298.34809591,78782.30512444,101976.18143531987,3128.882800803751,4157.4520065624,4463.195983221428
1638144000,4298.12745255,4463.02,4281.44,4449.19,88455.23666975,101353.41407586387,3132.5504341371006,4172.5680755492,4442.561312032856
1638230400,4449.16,4754.57,4346.6,4631.52,157861.36923698,102533.45248958438,3135.5371421964005,4191.5517906958,4422.40035141619
1638316800,4631.49,4783.18,4526.41,4585.71,149821.4219378,105151.42471546838,3139.8294908203006,4200.6999313106,4407.300858936666
1638403200,4584.21,4621.74,4440.24,4516.11,99526.28858751,105045.93331628488,3141.608079366101,4211.4076615468,4390.128122717142
1638489600,4515.77,4661.11,4061.67,4222.18,133865.14513085,109041.53384828389,3144.5928791136503,4225.8625922424,4385.3167400195225
1638576000,4220.95,4243.24,3466.71,4125.28,273903.46906016,119379.02471319787,3145.0630035078007,4246.5200812250005,4383.036647307618
1638662400,4125.04,4260.61,4031.86,4197.66,141300.19676925,122104.38255057838,3144.6574555646994,4268.2903155874,4373.227917150952
1638748800,4197.98,4387.21,3929.82,4355.89,128250.87611396,121453.98585385588,3147.1143610715994,4290.168060391001,4351.998937680475
1638835200,4355.3,4430.35,4254.55,4309.64,96459.33728532,120366.23595584687,3150.756213802699,4308.344060391,4327.215202834761
1638921600,4309.72,4460.12,4225.27,4441.12,110100.73273865,119239.66935746286,3153.515025742049,4316.949260391,4306.843920975237
1639008000,4441.95,4491.34,4074.72,4109.17,93700.55378258,117225.46907547186,3158.214421367999,4322.083060391001,4296.935026205714
1639094400,4108.43,4217.41,3882.84,3900.69,122368.96187329,119515.13969629887,3162.8739225363993,4329.445260391,4301.5398522409505
1639180800,3900.68,4099.81,3841.05,4089.87,87333.82780813,120736.04229639386,3167.5603664507494,4339.615851162601,4308.747947479047
1639267200,4091.43,4177.68,3989.39,4133.92,87533.82946265,120342.17776384638,3171.3012208008995,4350.864851162602,4314.045620576666
1639353600,4133.84,4145.36,3663.99,3783.8,131223.17836508,120342.56262629938,3180.0618060183997,4362.149706700601,4295.067692955237
1639440000,3783.8,3886.66,3683.31,3862.74,113599.78925112,121694.70385762087,3187.97224337535,4361.063449365601,4279.507400064285
1639526400,3861.93,4095.24,3647.05,4022.06,144777.90688185,122905.61485678439,3197.3392400894995,4358.020094736001,4273.378352445237
1639612800,4019.76,4117.47,3953.48,3958.27,110990.34996464,120433.3899406644,3208.0606010092997,4360.374637251201,4258.802515956665
1639699200,3958.84,3993.2,3696.26,3879.42,123572.94682383,123671.38614339239,3218.1031662535497,4359.6662014444,4235.990845642856
1639785600,3879.28,4002.12,3769.26,3962.75,85543.61571282,124009.45167281141,3224.3527118019997,4353.6731198244,4224.042660544761
1639872000,3962.62,4027.76,3886.87,3925,65654.66813311,122869.4232459794,3231.2588648414994,4346.5201015882,4197.048294213809
1639958400,3925.29,3982.92,3756.04,3944.4,104409.00681488,120196.80512487439,3237.4818674340495,4344.3337719457995,4189.119292153332
1640044800,3944.69,4065,3915.18,4019.7,97709.71785417,117591.21992069289,3242.684072139299,4344.9735767374,4182.635147424285
1640131200,4019.5,4080.73,3943.55,3981.33,63852.68878032,115807.53993033338,3249.9260051029996,4336.7824856448,4164.856666666665
1640217600,3981.82,4159.47,3895.33,4112.68,101979.99390217,114213.2823688994,3258.6382278397,4327.6119443872,4140.819047619046
1640304000,4111.75,4139.8,4020.86,4047.29,62190.94236585,103627.65603418389,3266.4909019888496,4319.624595754401,4111.68476190476
1640390400,4048.09,4141.88,4024.47,4097.52,50381.76413692,99081.7344025674,3272.3323379572994,4312.6892243682005,4082.9047619047606
1640476800,4096.54,4114.25,4000.41,4065.61,42734.30842668,94805.90601820339,3278.9773680884496,4306.633423390401,4063.6938095238083
1640563200,4067.39,4133.22,4032.17,4037.56,61249.88625247,93045.43346656089,3285.0685215302497,4294.412826425,4055.365714285713
1640649600,4037.56,4038.96,3757.66,3795.73,101908.22365836,92635.8080125464,3290.5088868869493,4284.540369165401,4054.0438095238082
1640736000,3796.81,3829.38,3610.02,3630.55,97047.82016755,92803.1713317949,3297.1513343005495,4274.753996522801,4047.7557142857127
1640822400,3629.45,3771.29,3593.89,3710.67,79813.66440321,90675.4064582909,3303.9117948381,4267.1192537582,4032.597142857141
1640908800,3710.44,3816.76,3618.47,3675.75,90578.771578,90837.6536467844,3310.9170619394995,4257.985509513001,4008.1252380952365
1640995200,3675.87,3783.52,3673.96,3767.69,48593.7333155,88890.6488394269,3318.1836991852992,4246.4279607534,3969.5266666666653
1641081600,3767.12,3853.43,3716.46,3831.41,54572.81320493,85058.1305814194,3326.1210208289494,4226.1462115412005,3950.550476190475
1641168000,3829.61,3849.56,3682.16,3765.62,68189.77303834,82787.6297707804,3333.3919398772996,4204.106030808201,3939.839047619046
1641254400,3765.67,3893.8,3714.74,3784.99,93688.35128121,80233.1519907484,3341.2173707875995,4185.6475918692,3924.4971428571416
1641340800,3785.26,3836.96,3424.11,3538.75,112638.32682776,80315.5508339044,3348.424169691149,4164.720725203401,3910.0919047619036
1641427200,3540.23,3550.87,3296.95,3409.26,134832.76416561,80878.5417009934,3354.7228211817496,4146.714753825801,3909.226190476189
1641513600,3408.84,3416.14,3065.98,3196.5,137474.06174564,83475.0640026344,3360.7279725984995,4130.428185190602,3905.5238095238083
1641600000,3197.57,3247.89,3002.63,3081.59,89746.51222302,84679.6562071299,3366.1966026197993,4113.231446809601,3882.509047619046
1641686400,3082.43,3212.71,3061.19,3152.4,75036.88051285,83211.04989202839,3372.3099077659494,4097.651711006401,3856.365714285713
1641772800,3152.29,3181.93,2928.76,3083.83,124454.20109951,84548.2740542954,3379.6245801526993,4084.1679379412008,3823.845714285713
1641859200,3084.07,3261.83,3053.92,3241.14,83665.07784842,85538.89350770038,3386.590398077099,4066.558137941201,3781.8857142857123
1641945600,3241.07,3413.71,3208.15,3373.28,94548.89173647,85167.33839941538,3394.343992935599,4050.529760642201,3745.095238095236
1642032000,3373.23,3414.01,3236.43,3241.66,72610.15871714,85688.29921697988,3401.2094662116992,4026.177031041201,3704.115714285712
1642118400,3241.6,3345.82,3195.95,3309.73,57428.4650697,86040.63426361888,3407.037964635099,4000.8923080270006,3667.0414285714264
1642204800,3309.69,3370.94,3267.4,3328.59,33506.8542,85579.26155228488,3413.5875196558995,3977.3163080270006,3638.0866666666643
1642291200,3327.38,3386.75,3286.19,3349.43,37033.3957,84368.43702466137,3419.593010880899,3960.3412567018004,3596.6095238095213
1642377600,3351.41,3359.07,3143.87,3212.94,52301.6825,81888.10996674337,3425.5122973338493,3940.97115517,3561.4876190476157
1642464000,3214.91,3245.57,3087.54,3161.27,55318.6541,79801.65166336586,3430.9817692472493,3920.3449174288003,3524.871904761902
1642550400,3163.72,3174.59,3047.17,3085.72,52915.9271,78456.76479820537,3438.137222573849,3896.0364835698,3490.768095238093
1642636800,3089.81,3274.08,2991.38,3000.93,54209.2441,76638.28842430537,3445.857244884049,3881.6897027044006,3451.5004761904734
1642723200,3001.08,3033.6,2472.66,2568.56,140558.0361,81236.50356353036,3452.157281345399,3866.6999619182006,3421.2880952380924
1642809600,2570.28,2622.73,2320.77,2411.68,141960.1896,85605.87238328387,3458.285104706549,3844.9918000000007,3395.3438095238066
1642896000,2412.79,2549,2373.03,2541.9,89935.6563,86693.16654636686,3464.103895007049,3819.2334,3361.546666666664
1642982400,2541.99,2542.52,2160.98,2442.68,154668.4272,89742.17034230636,3469.474599046099,3788.3174000000004,3308.82333333333
1643068800,2438.4,2506.43,2352.98,2460.2,77601.7095,87990.33947591836,3474.998645914849,3756.6218,3244.2514285714255
1643155200,2460.77,2718.87,2403.49,2464.69,115408.2677,87019.11465263784,3480.026952280149,3717.6708000000003,3182.846190476188
1643241600,2464.5,2522.78,2319.8,2426.72,84365.6624,84363.69468535585,3484.3163834371994,3681.4607999999994,3119.849047619045
1643328000,2427.25,2558.8,2362.59,2547.04,80929.3019,83922.83416920484,3487.705650537549,3649.7932,3056.7638095238067
1643414400,2547.04,2631.46,2523.54,2602.33,54390.8111,82890.53069856236,3489.566684434049,3614.6936,3005.618095238093
1643500800,2602.23,2638.51,2547.07,2605.02,44864.5387,78911.04757858685,3490.009351555849,3576.7798,2958.8304761904737
1643587200,2604.78,2707.44,2477.47,2688.96,67949.1787,78125.25262116586,3491.1307807870994,3539.8807999999995,2927.9038095238075
1643673600,2689.24,2815.48,2676.53,2789.47,74060.2878,77100.82242434236,3492.7613732899495,3499.5928,2905.0819047619025
1643760000,2789.23,2812.66,2614.59,2680.32,71100.4806,77025.33851848534,3494.326456248099,3468.3502000000003,2879.016190476188
1643846400,2681.14,2726.54,2576.86,2696.56,58868.7346,77097.35199500035,3496.0912944605993,3442.383,2860.212857142855
1643932800,2691.43,2997.57,2673.9,2996.92,95363.0541,80190.16199000036,3497.5232128592993,3412.686,2838.70476190476
1644019200,2996.81,3063.23,2963.01,3015.62,53047.7898,80990.88169500035,3500.0957350643,3383.7868,2805.7066666666647
1644105600,3015.29,3077.71,2960.22,3057.81,32192.809,79985.43802000034,3503.4047979938996,3363.9002,2779.749523809522
1644192000,3058.04,3188.97,2998.63,3141.96,57160.3229,80077.52146000034,3506.4581494862996,3340.2518,2764.8538095238077
1644278400,3144.48,3229.19,3053.06,3121.33,62473.7305,80555.41163000035,3510.3099173248997,3313.7417999999993,2749.9504761904745
1644364800,3121.36,3272.14,3056.35,3247.01,61966.3974,80943.26929500034,3514.8725423221995,3294.5148,2736.063809523808
1644451200,3245.94,3281.8,3073.28,3086.26,73001.5819,77565.44658500035,3518.7743927836996,3277.2387999999996,2732.6838095238077
1644537600,3083.81,3144.18,2917.13,2959.95,50767.9651,73005.83536000035,3522.7982297436997,3259.1399999999994,2730.781904761903
1644624000,2960.26,3011.44,2899.28,2953.89,47198.1956,70868.96232500035,3528.69240217975,3243.4791999999998,2738.4623809523796
1644710400,2953.9,2954.36,2839.48,2872.04,30709.5961,64671.02077000035,3534.8398980538495,3227.0178,2742.525714285713
1644796800,2874.42,2965.01,2832.19,2930.56,40430.1619,62812.44339000034,3540.15268156195,3211.5640000000003,2761.163333333332
1644883200,2933.23,3199.84,2914.17,3185.75,51576.4392,59620.85196500034,3545.73953758025,3193.6626,2786.982857142855
1644969600,3179.9,3189.51,3046.76,3122.97,43362.4832,57570.693005000336,3550.7173752276994,3170.6079999999997,2802.7038095238076
1645056000,3123.83,3162.02,2853.41,2893.9,52729.082,56160.682010000324,3556.0191375788495,3148.7399999999993,2825.9361904761886
1645142400,2893.57,2946.26,2754.72,2780.37,55273.2957,56204.80624000032,3560.4837945155496,3124.2304,2860.4861904761888
1645228800,2780.29,2830.98,2701.75,2765.42,42240.9527,56073.62694000032,3564.1344258191493,3101.5294,2891.832857142855
1645315200,2765.09,2765.21,2577.43,2621.84,51213.6928,55236.85264500033,3567.3981879533994,3084.4931999999994,2914.0795238095216
1645401600,2623.73,2759.52,2561.21,2569.99,70371.2163,55052.39907000032,3570.254592557749,3071.037999999999,2925.1904761904743
1645488000,2572.79,2658.82,2501.88,2638.48,56003.1952,54297.53480000033,3572.9890835821993,3056.305,2932.9566666666647
1645574400,2639.61,2755.58,2578.42,2580.3,51242.3585,53916.215995000326,3576.6027346690494,3037.6989999999996,2933.757619047617
1645660800,2578.65,2727.61,2301.88,2598.34,115117.2324,54903.92491000033,3579.553657071049,3019.492399999999,2928.092380952379
1645747200,2600.6,2834.86,2573.96,2769.24,75461.1062,56024.590730000324,3581.2427772976994,2996.5753999999997,2920.9023809523796
1645833600,2769.02,2865.91,2737.1,2780.61,57604.0222,57295.15139000033,3582.1069515329996,2971.347,2916.139523809522
1645920000,2781.02,2836.07,2562.08,2617.99,72293.2781,58051.799150000326,3583.3983169172993,2948.8042,2911.462380952379
1646006400,2617.63,2958.13,2574.36,2922.73,87557.3557,59305.980410000324,3582.8829525170995,2924.7104,2900.6204761904746
1646092800,2924.78,3041.36,2854.12,2977.23,81730.6382,60294.19245000032,3581.5886728841992,2905.9021999999995,2889.4295238095224
1646179200,2976.07,3044.59,2916.84,2949.34,74963.3593,60392.281320000315,3580.3230966250994,2893.1018,2868.4857142857127
1646265600,2946.17,2970.64,2788.2,2834.91,69869.6985,61347.36799000031,3577.404871483099,2884.7839999999997,2858.0461904761887
1646352000,2832.81,2835.7,2574.15,2623.14,86923.957,63333.656060000314,3575.32369965915,2875.5119999999997,2851.184285714284
1646438400,2625.54,2682.7,2592.58,2666.11,57514.0108,64673.87679500032,3573.3561399115,2870.9186,2837.009523809522
1646524800,2664.99,2678.09,2541.65,2551.13,58409.6011,65572.84875500032,3571.5470259114995,2868.786599999999,2825.0404761904742
1646611200,2552.6,2647.86,2446.18,2492.79,85941.7387,67291.11373000033,3568.8211651090996,2862.950599999999,2809.0019047619035
1646697600,2493.32,2625.88,2482.72,2577.42,75257.4841,68885.86377500034,3568.1982639158496,2852.1831999999995,2795.2980952380935
1646784000,2575.88,2773.18,2569.7,2728.38,92250.11,70861.91517500035,3566.4584919099993,2839.8127999999997,2780.016666666665
1646870400,2730.07,2730.66,2550.41,2607.76,74734.865,71834.99364000035,3564.8720435684495,2826.940399999999,2759.170476190475
1646956800,2608.35,2671.28,2525.82,2557.15,74581.634,73452.02770500035,3562.4933394599498,2811.3911999999996,2730.2023809523794
1647043200,2553.47,2613.06,2553.16,2569.05,36026.1645,72692.65129000034,3559.8695612802494,2794.2583999999993,2711.41238095238
1647129600,2566.76,2600.4,2494.74,2516.38,46675.5777,71507.86936000035,3558.1446400881996,2781.5479999999993,2697.786666666666
1647216000,2515.67,2610.09,2499.53,2589.74,77540.2807,72584.72363500035,3555.82135851945,2772.8902,2687.157142857142
1647302400,2588.49,2669.69,2505.96,2619.72,73886.5581,73716.93361500035,3552.3628509551995,2763.3309999999997,2677.8061904761894
1647388800,2623.36,2790.65,2601.82,2775.26,99591.9799,72940.67099000033,3548.8181810809497,2754.4554,2672.784285714285
1647475200,2774.66,2835.34,2741.95,2814.45,74980.0071,72916.61603500033,3546.3279903654498,2754.4652,2673.724761904761
1647561600,2815.51,2987.91,2763.28,2940.53,95916.6493,74832.24739000034,3543.1620795343497,2756.5591999999997,2672.8314285714278
1647648000,2942.11,2984.83,2897.29,2952.42,54863.4634,73960.75665500034,3539.3278803258495,2757.5159999999996,2682.115238095237
1647734400,2951.55,2964.88,2819.57,2862.79,47162.7172,71941.02473000034,3536.3080773707497,2761.0568,2692.4061904761897
1647820800,2862.8,2961.03,2830.6,2892.08,67174.0312,71213.19438000035,3532.745862532199,2767.3579999999997,2700.562857142856
1647907200,2890.61,3053.34,2887.99,2970.77,82632.6064,71596.65673500035,3530.2237139497993,2774.3531999999996,2708.7442857142846
1647993600,2970.19,3045.88,2924.44,3038.11,71885.2414,71697.43388000035,3526.9464081868496,2784.6293999999994,2720.4014285714275
1648080000,3038.77,3129.97,3005.23,3112.31,82212.0137,71461.83671500036,3524.5864485606994,2792.736999999999,2718.9419047619035
1648166400,3110.52,3196.04,3083.26,3103.32,92361.1966,73204.19600500035,3522.5300305990995,2797.9461999999994,2718.6342857142845
1648252800,3105.61,3153.38,3086.43,3147.17,35900.8712,72078.75951000034,3521.0816975920497,2803.6873999999993,2722.861428571427
1648339200,3147.54,3299.22,3128.31,3297.68,59364.786,70749.91187500034,3518.68177619365,2809.3235999999993,2736.070952380951
1648425600,3294.76,3432.98,3277.46,3334.31,74299.3235,70702.00384500033,3513.84537445205,2814.2963999999997,2758.9366666666656
1648512000,3337.14,3485.11,3336.67,3402.12,67850.025,69481.99959500032,3509.3643616056493,2822.9362,2781.8442857142845
1648598400,3399.93,3448.01,3330.11,3385.9,53850.7294,68437.79281500033,3504.5167918877496,2831.0713999999994,2817.3942857142847
1648684800,3383.43,3444.72,3264.27,3282.63,94954.0828,69456.41525500032,3500.2705228936497,2834.0763999999995,2857.4666666666653
1648771200,3278.78,3480.72,3217.04,3457.37,104808.6573,72895.53989500033,3496.0694198563997,2839.7175999999995,2896.738095238094
1648857600,3451.91,3533.07,3427.25,3444.17,82187.6293,74671.14247500032,3491.94281892325,2845.2475999999997,2928.04857142857
1648944000,3446.56,3588.44,3414.37,3522.32,61026.1512,73845.43600000032,3490.5043605804494,2850.4507999999996,2960.185238095237
1649030400,3519.67,3546.44,3413.25,3520.76,83324.9239,74317.35429000032,3489.49031489915,2855.7421999999997,3003.0528571428563
1649116800,3519.23,3554.87,3399.71,3406.82,67847.6505,72730.13782000032,3489.0386758622,2856.4545999999996,3044.7252380952373
1649203200,3404.04,3405.45,3163.35,3169.45,118161.7424,74889.22458500034,3490.0030480340497,2863.8767999999995,3092.6271428571417
1649289600,3172.14,3268.86,3146.6,3228.78,81629.7379,74174.87901500033,3490.5984867562493,2873.5612,3136.9614285714274
1649376000,3227.4,3315.76,3175.13,3194.33,96005.4017,76231.97593000034,3489.98277119835,2884.9298,3174.44238095238
1649462400,3193.22,3269.79,3180.55,3259.55,42111.4841,75979.41427500034,3490.8356007844495,2897.9042,3193.2133333333322
1649548800,3260.36,3315.26,3196.33,3202.71,44660.0628,74853.71585500034,3490.8763529045495,2907.4294,3212.9433333333327
1649635200,3203.99,3214.53,2953.88,2979.9,122776.65,76860.91803500033,3490.4094684873994,2907.1034000000004,3225.029047619046
1649721600,2987.19,3083.74,2948.74,3028.4,91121.7564,77822.74378500033,3490.1660138749994,2909.2195999999994,3239.6542857142845
1649808000,3030.76,3128.63,2999.52,3118.32,82612.9303,77842.78961500034,3490.2084369152494,2915.2281999999996,3255.840952380951
1649894400,3116.62,3145.2,2976.32,3022.79,70006.6192,76725.06074500034,3488.8702198543992,2924.8118,3260.022857142856
1649980800,3020.15,3052.21,2996.46,3041.62,52006.0891,77530.32164000036,3488.3700647040496,2933.5576,3262.7671428571416
1650067200,3042.96,3085.22,3011.44,3059.99,37649.6991,76444.56729500035,3489.4595860590493,2940.7188,3266.5866666666657
1650153600,3060,3083.14,2985.21,2988.48,54773.0635,75468.25429500036,3491.9425269970498,2949.887,3262.323809523809
1650240000,2987.89,3069.4,2886.93,3056.26,93460.5893,76748.78251000037,3492.5600467012496,2959.4838,3259.385714285713
1650326400,3056.92,3132.35,3032.58,3102.79,67687.0812,77440.60010000036,3491.6863256348497,2968.3336,3255.234285714285
1650412800,3101.09,3163.28,3034.87,3077.73,70877.0364,76236.74778000035,3492.17652987085,2977.1992,3240.5104761904754
1650499200,3075.69,3178.49,2951.09,2983.7,91867.8927,75589.70955000035,3493.1437015596,2983.014199999999,3227.269999999999
1650585600,2982.75,3031.76,2933.11,2963.05,74168.892,75188.77268500035,3492.94919492155,2987.1715999999997,3213.0161904761894
1650672000,2962.83,2981.5,2917.58,2932.66,37047.495,73989.83987500037,3493.5205542872995,2995.9369999999994,3198.341428571428
1650758400,2933.17,2967.66,2900.64,2922.2,40312.6259,71839.22497500037,3494.7903935311,2999.5381999999995,3184.106666666666
1650844800,2923.4,3027.54,2799.12,3007.52,105806.2479,73737.15484500038,3495.4790524125,3001.5482,3160.5676190476183
1650931200,3010.73,3033.42,2770.26,2810.31,86726.676,72165.40152500037,3495.75726419535,3002.2353999999996,3136.2099999999996
1651017600,2809.5,2919.92,2796.89,2890.5,69662.8076,71567.05501000036,3494.71335377615,3004.7981999999993,3107.6328571428567
1651104000,2885.61,2979.37,2855.73,2937.4,80628.4801,70798.20893000036,3493.1555741836496,3010.988599999999,3083.1928571428566
1651190400,2937.51,2946.02,2777.9,2816.84,86066.3488,72995.95216500036,3490.9728675102997,3016.110399999999,3054.787619047618
1651276800,2817.5,2841.9,2721.04,2728.07,57654.252,73645.66162500037,3488.8511404330993,3025.2381999999993,3041.504285714285
1651363200,2729.28,2845.5,2717.63,2826,69865.2593,71000.09209000037,3485.9285982444994,3031.5886,3027.629047619047
1651449600,2827.1,2882.08,2779.11,2855.49,93137.1498,71100.86176000038,3482.659768566399,3037.8502000000003,3009.6533333333327
1651536000,2854.66,2860.86,2756.41,2781.26,69773.2649,70458.87849000037,3479.754758503749,3042.0306,2984.344761904761
1651622400,2780.78,2966.22,2771.95,2940.01,93507.201,71633.90758000038,3475.988655866249,3046.2122,2966.4061904761893
1651708800,2940.18,2954.38,2691.02,2746.98,112991.0126,74683.15375500037,3472.563148060599,3049.6306,2960.481904761904
1651795200,2745.85,2756.11,2634.54,2692.52,95712.644,77586.30100000037,3470.1685703062485,3054.7695999999996,2948.7133333333322
1651881600,2693.24,2702.91,2590.31,2634.35,76562.7419,78675.78492000038,3466.537728896849,3061.5517999999993,2940.22238095238
1651968000,2633.34,2639.15,2488.11,2518.62,139747.2781,80990.11936000038,3462.718965097749,3065.3821999999996,2927.08857142857
1652054400,2522.56,2529.91,2227.03,2229.17,234017.6192,89306.64626000039,3458.8124150977487,3071.788,2910.4647619047605
1652140800,2236.48,2456.46,2198.02,2341.09,225516.5642,97038.62265000037,3454.130265097749,3071.2224,2890.196190476189
1652227200,2338.25,2452.84,1992.42,2077.45,267848.1727,105837.63665000038,3448.6936150977494,3068.7837999999992,2867.8219047619036
1652313600,2080.9,2180.8,1694.29,1953.25,303240.1941,117291.20175500037,3444.2459150977493,3062.6602000000003,2828.436666666665
1652400000,1955.94,2144.96,1936.28,2006.15,175026.3389,124190.14395000036,3438.7440127906493,3053.9842,2792.165238095237
1652486400,2009.73,2064.7,1947.98,2053.36,92404.7625,126794.75078000038,3433.4706627906494,3041.3118000000004,2744.532857142856
1652572800,2052.53,2159.47,1998.61,2143.09,97017.9154,126355.33415500037,3427.2580266751493,3030.292000000001,2695.463809523808
1652659200,2141.01,2141.01,1981.12,2020.51,154826.8253,129760.34162000038,3419.0337123413997,3012.4256000000005,2649.8971428571417
1652745600,2021.88,2118.89,2009.68,2088.69,119838.5033,132269.1264050004,3409.9152736839997,2990.728400000001,2608.025714285713
1652832000,2087.54,2108.4,1905.26,1912.02,181176.4282,137296.5238100004,3401.760009312799,2968.605200000001,2570.9252380952366
1652918400,1917.77,2038.23,1901.26,2017.04,230312.2665,144508.8196950004,3391.3005503610993,2947.606,2523.9247619047605
1653004800,2016.98,2059.32,1920.77,1956.89,170444.1643,150148.31531000038,3380.6495299560997,2927.5244000000007,2489.5619047619048
1653091200,1956.09,1987.49,1934.38,1972.83,57333.72,149521.7383450004,3369.5783253970494,2901.981000000001,2442.967619047619
1653177600,1973.33,2053.82,1964.15,2041.1,111259.6652,150427.8641150004,3359.1882429864495,2877.068600000001,2399.140952380952
1653264000,2039.49,2084.28,1957.53,1971.09,187205.5307,156299.47740500042,3350.2722941843494,2847.266600000001,2358.1909523809522
1653350400,1972.55,1991.01,1910.99,1977.11,50698.0863,154159.02167000045,3338.9299714112,2819.8894000000005,2322.2271428571426
1653436800,1975.81,2018.24,1935,1940.64,85263.6162,152772.65185000043,3327.2670360967995,2793.374600000001,2284.850952380952
1653523200,1939.1,1963.93,1736.86,1790.4,198910.9458,157932.56694000046,3315.205298938599,2763.6838000000007,2242.736666666666
1653609600,1790.41,1820.63,1706.41,1724.76,246573.4627,166433.10298000046,3303.834656092049,2735.6224000000007,2204.4438095238097
1653696000,1726.47,1806.86,1721.14,1791.01,146078.3526,166749.65670500044,3292.006655847599,2704.5978000000005,2156.8547619047617
1653782400,1789.92,1823.82,1760.66,1812.35,90799.2918,159588.74033500045,3278.909006606249,2673.7248,2111.3033333333333
1653868800,1811.71,2010.29,1802.54,1998.06,149815.4541,155803.68483000045,3266.0829922913485,2644.4012000000007,2065.2195238095237
1653955200,1996.42,2009.34,1927.04,1940.3,157633.8933,150292.97086000047,3253.255399130699,2616.8202,2025.060476190476
1654041600,1941.94,1969.14,1767.4,1816.84,251980.7057,147729.99644000045,3240.744663439549,2586.7398000000003,1991.428571428571
1654128000,1816.82,1850.55,1782.22,1832.95,215547.0123,149756.03011000046,3227.836377378249,2558.6734,1980.4233333333334
1654214400,1833.31,1842.72,1737.53,1773.42,209728.2395,155622.20396000048,3213.711190188349,2529.7293999999997,1961.338095238095
1654300800,1774.05,1812.73,1747.36,1803.29,106707.3456,156106.67547000048,3198.2859028852986,2505.6364000000003,1948.9280952380948
1654387200,1802.87,1828.54,1773.24,1804.94,111936.7796,153962.1731850005,3183.578157702049,2484.8444,1943.1995238095235
1654473600,1805.28,1918.35,1803.16,1858.57,226930.4353,159316.76978500048,3169.471947967299,2460.6132000000002,1932.1171428571424
1654560000,1857.45,1873.9,1723.74,1812.3,428305.3507,171673.21591000046,3155.851781300849,2434.9058000000005,1920.2090476190472
1654646400,1810.39,1833.8,1762.5,1790.63,366867.9151,178500.99834000046,3142.213338456449,2409.9184000000005,1904.1066666666661
1654732800,1791.33,1831.98,1776.38,1787,237551.527,181856.36647500045,3128.068846297648,2385.1518,1896.3952380952378
1654819200,1786.56,1802.78,1655.22,1661.1,346617.7872,196320.56983500047,3114.1063117023987,2360.0508,1883.2338095238094
1654905600,1661.19,1679.91,1498.62,1530.74,426377.616,212076.46737500047,3100.1535277515986,2337.4526000000005,1877.4533333333331
1654992000,1530.48,1543.08,1425.9,1434.6,571105.0371,231271.4426950005,3088.105284485299,2312.5733999999998,1866.4990476190474
1655078400,1438,1451.42,1169.86,1208.1,840121.7206,270742.6244100005,3075.681234485299,2286.3302000000003,1852.4138095238093
1655164800,1201.99,1263.56,1075.88,1206.52,490289.6047,290993.9238350005,3064.9844901605484,2260.5156,1831.3619047619047
1655251200,1207.47,1245.69,1014.3,1236.47,563910.7972,309243.9164050005,3052.549857760299,2234.0636,1802.4809523809522
1655337600,1235.66,1253.67,1050.82,1067.06,285613.8324,311195.9348900005,3039.4198270067486,2205.4174000000003,1766.1480952380953
1655424000,1065.17,1116.36,1050.02,1085.36,225613.2004,315172.6772800005,3027.041677006749,2175.4562,1729.4533333333336
1655510400,1084.46,1096.78,883.6,993.89,321244.0225,326694.9138150005,3014.8977141754485,2141.1742,1695.9214285714286
1655596800,995.6,1153.96,936.43,1127.31,229604.9784,330684.39003000053,3000.842488792499,2105.1542,1661.4766666666667
1655683200,1125.84,1167.1,1052.65,1126.97,301056.7316,337855.5319450005,2986.6506293571983,2073.6774,1631.0290476190476
1655769600,1126.16,1192.03,1109.34,1124.73,225795.5206,336546.2726900006,2970.0653708924488,2037.2086000000004,1593.0709523809523
1655856000,1123.51,1124.27,1041.9,1048.78,216504.9179,336594.1679700006,2955.8683256760983,2000.1678,1560.4499999999998
1655942400,1050.03,1155.06,1045.96,1144.04,213542.3206,336784.8720250006,2941.5560904795484,1963.7088000000003,1518.9695238095235
1656028800,1144.78,1243.43,1131.36,1223.88,241432.2887,343521.1191800006,2925.3996499999985,1931.6936000000005,1480.132857142857
1656115200,1223.63,1256.29,1180.74,1241.55,164340.3421,346141.2973050006,2908.5804999999987,1897.7130000000004,1443.558571428571
1656201600,1241.45,1283.11,1195.16,1197.42,184170.4854,344003.2998100006,2890.3923499999987,1863.0978000000005,1410.7533333333329
1656288000,1196.97,1237.58,1172.26,1190.83,176915.0051,331433.78253000055,2873.100349999999,1828.4482000000003,1384.5847619047618
1656374400,1190.77,1233.56,1135.46,1142.55,211452.4246,323663.00800500053,2856.1546499999986,1792.5288000000003,1357.8352380952379
1656460800,1142.66,1154.4,1086.49,1098.42,327986.1946,328184.7413850006,2840.667399999999,1762.0668000000003,1328.9057142857139
1656547200,1098.5,1104.85,996.72,1071.6,298199.2321,325763.8136300006,2825.2848999999987,1733.0474,1297.1085714285712
1656633600,1065.1,1108.4,1032.88,1057.86,248813.1957,316885.59261500055,2810.016799999999,1704.3088,1265.215714285714
1656720000,1059.04,1076.55,1027.36,1065.36,148767.073,295768.6944100005,2794.3567499999995,1677.753,1232.2533333333329
1656806400,1064.96,1085.25,1039.15,1072.96,147445.4345,261134.88010500054,2779.016299999999,1656.0206,1198.1866666666663
1656892800,1072.58,1157.02,1044.91,1149.44,214952.463,247368.02302000058,2762.797799999999,1631.1672000000003,1169.4609523809518
1656979200,1149.47,1171.68,1077.87,1132,236040.8175,230974.52403500056,2748.2060999999994,1611.0502,1147.2999999999993
1657065600,1132.03,1200.81,1110.49,1185.44,232955.3659,228341.60071000055,2734.4153999999994,1593.1424000000002,1130.0790476190468
1657152000,1185.76,1253.81,1162.82,1236.97,213183.7804,227720.12971000053,2719.458149999999,1574.3266000000003,1127.2857142857135
1657238400,1239.18,1274.24,1192.47,1213.7,240386.5746,223677.25731500052,2704.146549999999,1554.7186000000002,1123.737142857142
1657324800,1213.85,1232.8,1204.29,1216.56,96336.6738,217013.8420850005,2690.5168499999986,1534.8456000000003,1121.307142857142
1657411200,1216.12,1218.29,1154.62,1167.15,131159.1421,208518.96261000048,2676.5299499999987,1517.0754000000002,1129.3980952380946
1657497600,1165.35,1170.07,1091.19,1095.53,107870.4878,202622.7109700005,2661.7844499999987,1499.0104000000001,1135.509523809523
1657584000,1095.44,1097.14,1034.54,1037.36,123681.9559,197981.56287000052,2647.740299999999,1485.5094000000004,1146.1128571428565
1657670400,1037.52,1117.79,1009.41,1114.75,179911.9319,196300.04343500052,2634.0031999999987,1469.4426,1148.0099999999993
1657756800,1113.73,1211.39,1072.11,1192.43,145359.1627,191496.38713500052,2620.116649999999,1454.636,1146.5128571428563
1657843200,1192.63,1285.76,1180.28,1231.08,156163.7084,191087.5554500005,2606.6764999999996,1438.5224000000003,1142.3523809523801
1657929600,1231.99,1414.93,1192.42,1355.92,142618.8474,189009.97355000052,2593.0229999999997,1419.611,1145.4938095238085
1658016000,1355.57,1384.36,1323.01,1338.17,111249.7511,185726.7108500005,2579.0072999999993,1400.9364,1147.7980952380942
1658102400,1338.37,1596.2,1336.08,1581.68,197921.4681,185050.1630250005,2564.9363999999996,1383.6892000000005,1148.1409523809514
1658188800,1581.75,1629.08,1493.92,1542.94,210883.4331,179195.02495000052,2549.8506499999994,1368.7250000000004,1153.587142857142
1658275200,1542.91,1619.93,1492.19,1521.61,154294.609,171999.7937950005,2534.8009999999995,1357.5386000000005,1160.289523809523
1658361600,1521.68,1604.79,1462.04,1575.85,117742.0753,165446.2377750005,2519.887149999999,1350.1618000000003,1178.901428571428
1658448000,1575.68,1645.41,1519.09,1535.27,119095.6336,163962.66580500052,2505.5212499999993,1341.1050000000002,1197.9676190476184
1658534400,1536.54,1596.15,1491.38,1549.25,79520.7902,160566.43359000052,2491.4888499999997,1336.4916000000003,1218.1195238095231
1658620800,1549.52,1663.02,1547.12,1598.34,113567.1332,155497.16710000052,2479.2897999999996,1327.3892000000005,1242.1314285714277
1658707200,1598.76,1608.79,1438.58,1440.41,130600.7393,150225.16319000052,2467.8278999999993,1319.0154000000005,1264.8652380952376
1658793600,1436.44,1453.72,1357.63,1449.78,117186.2246,144436.70612500052,2457.1829499999994,1314.1956000000002,1287.9076190476183
1658880000,1450.72,1642.51,1421.74,1636.56,117305.6634,139642.8002750005,2446.518899999999,1308.2420000000002,1312.9257142857136
1658966400,1638.91,1783.29,1598.28,1725.38,110907.9751,133168.8703000005,2435.288499999999,1303.7586000000001,1326.7814285714278
1659052800,1726.08,1766.58,1658.16,1722.77,95139.3895,133109.00608500052,2424.010699999999,1299.6596,1341.9138095238088
1659139200,1724.01,1743.84,1675.34,1697.13,74543.462,130278.22208000052,2412.858949999999,1292.3690000000001,1363.3957142857134
1659225600,1696.65,1751.82,1667.8,1679.89,62539.6944,128011.68241000052,2401.680249999999,1284.1932000000002,1386.6533333333325
1659312000,1678.42,1704.96,1608.2,1630.95,73515.8487,125503.37705000052,2391.9781999999987,1280.6784,1410.894761904761
1659398400,1630,1678.4,1561.15,1631.55,103261.8939,121670.87515000052,2382.1339499999985,1279.3734000000002,1433.7790476190469
1659484800,1632.5,1684.22,1591.79,1619.19,108652.3116,119835.53259500054,2373.400349999999,1278.0888,1458.1952380952373
1659571200,1617.78,1662.15,1580.09,1607.97,110873.8175,117571.03805000053,2366.1751999999988,1278.8093999999999,1483.6914285714277
1659657600,1607.53,1740,1605.68,1737.71,115451.2267,116212.65701500054,2359.040099999999,1281.7924,1511.9861904761897
1659744000,1735.56,1749.96,1688.03,1690.49,78892.8643,114594.81267500055,2352.2347999999984,1285.7194,1536.007142857142
1659830400,1690.84,1728.51,1669.88,1700.74,57666.8556,107582.08205000055,2344.5147499999985,1294.1884,1555.794761904761
1659916800,1701.01,1816.7,1695.02,1777.89,83645.7577,101220.19828000055,2336.0477999999985,1302.4417999999998,1579.9199999999994
1660003200,1777.68,1790.84,1670.4,1703.45,83690.2639,97689.98102500054,2327.994249999998,1309.8718,1595.851904761904
1660089600,1702.28,1885.18,1661.02,1854.49,137518.3264,98678.79358000055,2319.603349999998,1323.2848,1613.1171428571422
1660176000,1855.04,1941.24,1851.32,1881.75,108035.4725,98125.78552500054,2311.056349999998,1335.3873999999996,1622.4604761904754
1660262400,1882.03,1965.5,1855.33,1959.37,94752.7876,98887.38539500054,2302.3490499999984,1349.5243999999998,1630.1038095238084
1660348800,1958.67,2020.05,1947.92,1984.39,89128.7454,97665.46600500053,2294.9728999999984,1362.5359999999998,1645.9552380952373
1660435200,1984.53,2029.51,1910.5,1935.86,70754.0404,94673.13106000054,2287.6189999999983,1374.0655999999997,1660.5219047619041
1660521600,1934.93,2011.71,1873.62,1900.06,100364.94,93832.06683000052,2280.694099999998,1388.6607999999999,1680.717142857142
1660608000,1899.98,1915.31,1853.3,1877.57,86018.4154,92267.70443000054,2274.578899999998,1405.3201999999997,1701.4380952380943
1660694400,1877.41,1956.18,1819.83,1834.28,108168.4417,92130.72776000053,2270.253349999998,1421.6268,1717.5104761904752
1660780800,1834.96,1880.81,1822.42,1846.59,83548.1805,91551.16731000054,2267.467399999998,1436.8369999999998,1739.3985714285704
1660867200,1845.39,1847.23,1606.31,1609.3,155758.7332,95611.93087000053,2264.1666499999983,1450.7232000000001,1759.769523809523
1660953600,1610.29,1656.75,1526.67,1575.97,136907.4231,99330.31730500053,2261.750099999998,1464.776,1769.184761904761
1661040000,1576.66,1644.97,1563.88,1616.58,106949.1042,101001.98008000053,2259.371049999998,1478.5108000000002,1774.9566666666658
1661126400,1617.76,1627.83,1530.67,1624.93,113688.2685,101523.29881000053,2256.726899999998,1492.3454000000002,1769.5533333333324
1661212800,1625.11,1671.23,1564.85,1665,91071.4158,100644.25402000055,2254.093599999998,1507.3088000000002,1763.7838095238085
1661299200,1665.71,1698.56,1605.78,1656.83,80951.4252,99148.13440500053,2250.746249999998,1518.0628000000004,1760.7690476190467
1661385600,1655.93,1721,1655.87,1695.87,74973.869,97124.26652000053,2246.9059999999977,1528.4250000000002,1760.4823809523798
1661472000,1692.88,1703.66,1488.58,1508.73,137397.0315,100049.47488000053,2243.1138499999975,1539.4494000000004,1762.0752380952372
1661558400,1508.58,1518.41,1449.23,1491.14,124852.4667,103408.75543500054,2237.7155499999976,1550.4888000000003,1763.867619047618
1661644800,1491.16,1509.56,1424.35,1426.27,81505.0441,103301.71975500054,2231.6480499999975,1560.8000000000006,1768.0533333333324
1661731200,1426.21,1559.54,1422.76,1552.56,106529.9629,104443.70470500053,2226.3293499999977,1571.2966000000006,1757.1495238095226
1661817600,1552.31,1604.86,1474.95,1524.22,137006.8647,104418.13162000055,2220.9711999999977,1581.5052000000005,1747.6566666666656
1661904000,1524.7,1618.3,1524.09,1554.46,117057.3232,104869.22415500056,2214.3115999999977,1586.9404000000004,1734.586666666666
1661990400,1554.45,1598.17,1514.14,1585.51,109114.3089,105587.30022000056,2207.5176499999975,1592.4892000000004,1723.856666666666
1662076800,1585.62,1647.84,1547.77,1575.55,91302.5572,105695.99081000057,2200.7079499999977,1596.6834000000003,1715.3219047619039
1662163200,1575.31,1581.75,1535.2,1557.72,44669.4034,104391.75896000056,2192.5417999999977,1604.3916,1701.0347619047611
1662249600,1557.96,1580.25,1542.01,1579.4,39759.498,101361.48686000056,2184.390849999998,1612.9654,1686.9280952380946
1662336000,1579.88,1627.22,1558.02,1617.33,99437.9055,102032.46136500055,2175.287149999998,1623.3074,1668.6509523809516
1662422400,1618,1686.3,1556.73,1558.87,130800.4804,103164.06330000055,2167.618649999998,1632.7226,1648.3333333333326
1662508800,1557.52,1656.15,1492.8,1629.45,107197.1204,104346.51029500054,2160.439999999998,1640.385,1631.3590476190466
1662595200,1629.7,1663.16,1596.39,1635.57,84501.0112,100783.62419500055,2153.4428499999976,1646.9178,1617.8957142857134
1662681600,1635.52,1745.43,1631.53,1719.05,124886.2932,100182.56770000055,2147.0101999999983,1651.3873999999998,1602.7195238095228
1662768000,1717.83,1789.23,1707.96,1774.97,70534.7533,98361.85015500055,2140.2351499999977,1656.9705999999999,1592.9657142857136
1662854400,1774.92,1789.91,1721.44,1766.98,80780.8748,96716.48047000056,2132.0949999999975,1656.5143999999998,1582.917142857142
1662940800,1765.7,1782.66,1693.64,1717.04,131186.069,98722.21313000054,2124.3771499999975,1658.2446,1588.1433333333323
1663027200,1717.2,1752.82,1562.5,1574.54,187706.9774,104059.99074000055,2117.9942999999976,1660.5237999999997,1597.6195238095224
1663113600,1573.71,1646.8,1556.06,1638.64,136249.4004,107123.76731000056,2111.8867999999975,1663.3877999999997,1604.7814285714273
1663200000,1638.52,1654.62,1458.07,1472.53,211264.8523,110817.15835000055,2106.2069499999975,1668.1817999999996,1609.1676190476182
1663286400,1472.58,1483.09,1407.34,1433.79,113518.5123,110250.46063000054,2101.275599999997,1672.5363999999995,1604.8599999999988
1663372800,1432.96,1475.88,1410,1469.1,94352.7889,110892.84787000055,2097.0208999999973,1674.9103999999998,1603.9938095238085
1663459200,1468.94,1469.45,1325.28,1334.63,107924.2544,110962.56244500054,2092.7033499999975,1677.5929999999996,1593.3585714285707
1663545600,1334.83,1392.18,1281.85,1376.11,118123.5435,110018.39638500052,2088.6367499999974,1681.3701999999996,1589.7899999999995
1663632000,1377.07,1383.78,1314.41,1323.18,94453.509,108888.20567500053,2084.2302499999973,1678.0895999999996,1588.7404761904752
1663718400,1322.97,1395.53,1221.16,1246.64,122550.7445,109560.02745500053,2078.2567499999977,1672.2577999999996,1584.3766666666659
1663804800,1246.56,1348.2,1237.8,1326.51,112931.2275,110641.46097000052,2072.5468999999975,1667.1843999999994,1575.9742857142846
1663891200,1326.45,1358.6,1262.62,1327.36,95576.9031,113186.83595500053,2066.8195999999975,1659.9343999999994,1566.4009523809514
1663977600,1327.27,1348.9,1306.9,1317.23,65955.6931,114496.6457100005,2059.374899999997,1653.8587999999995,1551.742857142856
1664064000,1317.25,1336.03,1271.14,1294.71,71336.0817,113091.55452000051,2051.834249999997,1647.7033999999994,1539.4095238095226
1664150400,1294.57,1339.2,1278.78,1336.42,86355.0883,110869.28491500052,2043.7606999999975,1640.0051999999994,1527.5909523809514
1664236800,1336.54,1400.31,1301.55,1328.22,129718.0894,111995.33336500052,2036.4666999999972,1634.1515999999995,1516.1390476190468
1664323200,1327.73,1359.32,1258.13,1336.99,137014.3308,114620.99934500053,2029.9668999999974,1628.5393999999994,1502.58238095238
1664409600,1336.6,1352.06,1289.32,1336.14,113202.4525,114036.80731000053,2022.8695499999976,1620.1297999999995,1489.2057142857132
1664496000,1337.1,1373.09,1316.49,1328.97,143320.6413,117676.10171000051,2016.7464499999976,1612.2141999999994,1478.22238095238
1664582400,1328.24,1334.58,1303.36,1312.07,55994.7536,116436.79565000052,2010.9192999999973,1604.9277999999995,1464.2957142857133
1664668800,1311.67,1317.34,1270.73,1276.76,59803.3215,112867.65827500052,2004.6183499999972,1595.9343999999994,1450.037142857142
1664755200,1277.84,1330.11,1267.21,1323.56,88593.0177,107911.96029000051,1997.4499999999978,1588.6051999999995,1431.461904761904
1664841600,1323.88,1370.13,1319.52,1361.85,109752.1625,106587.09839500052,1991.0932999999977,1578.2381999999996,1409.4190476190468
1664928000,1361.84,1364.74,1317.28,1352.48,100072.7757,101027.49456500052,1984.9486499999975,1567.1825999999994,1386.0752380952372
1665014400,1352.09,1383.07,1347.12,1352.05,118216.9421,101262.41605500053,1978.7883499999975,1554.2365999999995,1367.3380952380944
1665100800,1352.27,1360.97,1319.55,1331.14,100833.2361,101586.43841500054,1972.8871499999973,1540.0839999999994,1357.209999999999
1665187200,1331.02,1337.18,1304.59,1315.5,63753.5284,99377.90211500053,1966.5832999999973,1527.8379999999995,1343.5833333333323
1665273600,1315.58,1329.01,1308.01,1323.39,58531.9068,96398.32028000054,1960.0450499999974,1517.0737999999994,1337.8461904761893
1665360000,1322.85,1337.96,1288.92,1290.04,106835.5718,97017.42342000053,1952.5525499999976,1506.5719999999992,1332.9580952380943
1665446400,1288.09,1297.83,1268.12,1279.74,91692.0174,95474.48706500053,1945.0980999999974,1496.9273999999994,1325.6438095238086
1665532800,1280.41,1305.85,1275.66,1294.62,67116.4692,93183.74915000053,1937.204699999997,1486.6183999999992,1325.1085714285703
1665619200,1294.68,1300.74,1194.64,1287.5,128354.2764,94822.61781500053,1929.2049999999972,1480.7423999999994,1321.0099999999989
1665705600,1287.92,1342.01,1284.28,1296.81,100745.0968,96562.08800000053,1921.6512999999968,1475.6907999999994,1318.9414285714277
1665792000,1297.17,1301.53,1265.56,1274.87,58696.2463,95930.09623000052,1913.846599999997,1469.1599999999992,1321.2261904761897
1665878400,1275.25,1314.44,1274.95,1306.04,58879.0988,94556.29675500053,1905.5702499999973,1462.2561999999991,1319.3685714285707
1665964800,1306.45,1338.42,1296.3,1331.47,88492.9995,92495.04226000053,1896.996649999997,1454.8485999999994,1317.9138095238088
1666051200,1332.25,1341.1,1288.57,1310.81,95624.7884,90425.56514000052,1887.8852999999972,1447.4619999999993,1315.8966666666659
1666137600,1310.71,1312.86,1280.89,1285.38,67087.1984,88119.80243500051,1878.767399999997,1439.4807999999994,1316.4361904761897
1666224000,1285.38,1311.34,1271.81,1282.87,68201.9315,84363.86694500051,1869.5046499999964,1434.8035999999995,1316.2004761904757
1666310400,1282.86,1306.79,1256.38,1300.09,79112.5544,85519.75698500052,1859.4537499999965,1431.1015999999997,1315.371428571428
1666396800,1300.62,1319.59,1294.88,1313.75,47173.063,84888.24406000052,1849.2662499999965,1429.2055999999998,1312.9138095238088
1666483200,1313.83,1370.68,1299.77,1364.37,74238.899,84170.53812500052,1838.6299999999965,1424.3705999999997,1310.3771428571422
1666569600,1364.22,1370.3,1324.67,1343.84,118219.5063,84593.90531500052,1828.2306999999967,1419.5937999999996,1309.001904761904
1666656000,1343.91,1522.62,1335.54,1460.04,166192.3446,87899.8837600005,1818.474899999997,1414.1619999999998,1309.0819047619038
1666742400,1461.92,1591.9,1458.77,1566.29,174504.3313,90714.25322000051,1807.742099999997,1408.4535999999998,1313.2538095238087
1666828800,1565.07,1577.59,1504.94,1514.01,106665.5185,91005.86734000049,1796.9481499999968,1403.2175999999997,1314.219523809523
1666915200,1513.59,1573.94,1488.23,1554.92,96254.5136,92630.91660000049,1785.750899999997,1399.3506,1318.8952380952373
1667001600,1554.78,1663.23,1548.67,1620.51,123581.8817,95883.4153450005,1774.6475499999972,1394.6393999999998,1329.076666666666
1667088000,1620.83,1639.68,1577.72,1590.76,71530.5349,94118.1635000005,1764.1821999999975,1391.4935999999998,1336.7890476190469
1667174400,1590.88,1634.43,1548.54,1572.93,100755.1938,94571.3223200005,1755.1567999999972,1391.6419999999998,1347.4452380952373
1667260800,1571.69,1611.05,1564.47,1578.54,79528.1457,95191.90614500051,1745.7320999999972,1389.3332,1361.9695238095233
1667347200,1578.65,1619.91,1501.46,1518.67,128230.4431,95185.7144800005,1737.0606499999974,1387.7202000000002,1374.7014285714279
1667433600,1518.52,1558.59,1515.51,1531.08,71498.9595,93723.4076150005,1728.5943499999971,1385.7494,1388.1723809523803
1667520000,1531.03,1674.02,1528.28,1645.24,111039.4004,96340.56532000049,1720.1508499999973,1382.0652,1402.4009523809516
1667606400,1645.71,1664.75,1622.91,1626.93,63668.5306,96580.03691000049,1713.0259499999975,1378.1842,1413.0699999999993
1667692800,1627.27,1638.02,1565.43,1569.02,69479.0687,95629.34037000049,1705.9864999999977,1375.4142,1424.669047619047
1667779200,1568.63,1607.82,1546.7,1566.5,100596.3932,95877.9206100005,1698.348699999998,1374.2967999999998,1441.260952380952
1667865600,1565.57,1578.17,1240.85,1334.78,300151.5155,107531.1364650005,1691.0993999999973,1372.1456,1458.0257142857135
1667952000,1335.72,1337.26,1073.95,1099.61,358801.1085,122061.09531500051,1683.7839999999974,1375.5997999999997,1470.5485714285708
1668038400,1098.5,1346.45,1085.4,1296.2,289429.0351,132576.9193500005,1676.0773999999974,1379.4625999999998,1481.7404761904754
1668124800,1297.06,1305.09,1198.64,1284,190847.8791,139760.6601550005,1668.7903999999971,1381.4609999999998,1482.881904761904
1668211200,1283.7,1286.67,1235.98,1254.76,74941.1948,139795.7749450005,1661.735299999997,1386.0983999999999,1474.0357142857135
1668297600,1254.72,1271.87,1202.67,1219.97,81857.152,137977.65723000054,1654.3559999999968,1385.2718,1474.6704761904755
1668384000,1219.11,1291.34,1172.74,1240.83,115945.7535,135465.32767500053,1646.812449999997,1380.8004,1473.904285714285
1668470400,1240.09,1289.91,1232.88,1251.5,89339.7846,131207.10034000053,1639.726449999997,1381.7916,1471.0952380952374
1668556800,1251.5,1267.36,1185.94,1215.18,89619.452,130354.79701500053,1631.5850999999973,1380.9414000000002,1464.219047619047
1668643200,1216.06,1226.44,1183.69,1199.3,86185.1891,129851.33079000053,1622.4198499999973,1379.4894,1459.3138095238087
1668729600,1199.27,1230.54,1198.02,1211.26,55965.4794,126470.51067500054,1614.2898499999972,1377.5442,1449.3833333333325
1668816000,1211.26,1230.64,1197.31,1216.5,29205.1573,124354.24179500055,1605.6722499999971,1376.4666,1432.663809523809
1668902400,1216.45,1224.97,1131.56,1140.44,99646.0596,124298.78508500053,1597.8944999999976,1374.7682,1417.6776190476182
1668988800,1140.44,1143.67,1077.92,1106.06,144183.429,127531.54925000055,1589.5418499999973,1372.5074000000002,1401.3128571428563
1669075200,1105.9,1145.31,1074.93,1137.31,101092.752,126174.66469500055,1581.0589999999972,1369.7536000000002,1382.074285714285
1669161600,1138.23,1190.02,1127.08,1184.06,91840.7475,127191.75409500056,1573.2322999999974,1367.256,1360.6304761904753
1669248000,1183.89,1215.87,1179.47,1202.84,75736.7666,125426.62240500057,1565.667849999997,1365.0066,1338.3985714285704
1669334400,1202.74,1204.17,1169.46,1197.96,67688.3456,125627.61315500057,1557.5343499999972,1361.5740000000003,1317.387619047618
1669420800,1198.05,1231.58,1196.42,1204.95,68683.1312,125587.81628000057,1549.313199999997,1358.1600000000003,1301.4538095238088
1669507200,1205.11,1222.2,1190.16,1193.43,42169.9158,122666.49241000057,1541.4893999999974,1354.435,1285.8233333333326
1669593600,1193.41,1198.51,1151.23,1167.61,58587.4799,110588.29063000057,1532.4915499999977,1350.8792,1264.524285714285
1669680000,1167.56,1226.2,1158.94,1215.8,86502.788,96973.37460500057,1524.2869499999972,1347.8864,1244.4299999999992
1669766400,1215.93,1308.21,1213.11,1294.95,76523.5488,86328.10029000057,1516.510899999997,1344.8046000000002,1226.544761904761
1669852800,1294.97,1297.45,1263.36,1276.36,40904.8485,78830.94876000057,1509.2594499999975,1342.2807999999998,1207.549999999999
1669939200,1276.33,1296.32,1266.37,1295.56,48626.9461,77515.23632500057,1502.6805499999975,1339.8394,1201.884285714285
1670025600,1295.44,1304.53,1237.8,1241.32,58010.1368,76322.88556500057,1497.5244999999975,1336.7238000000004,1211.1861904761895
1670112000,1241.29,1286.48,1240.52,1279.97,53733.7536,73212.28557000056,1491.8437999999978,1335.2390000000003,1210.2414285714276
1670198400,1279.96,1305.83,1247.96,1259.55,61847.1269,71837.65268500058,1487.4236999999976,1335.5432000000003,1210.7919047619039
1670284800,1259.43,1273.27,1242.94,1271.21,41196.7011,69416.51514000057,1483.495499999998,1335.1780000000006,1210.1519047619036
1670371200,1271.5,1275.91,1221.46,1231.43,41116.0141,67163.05639000057,1479.5437499999978,1335.3392000000003,1213.0090476190464
1670457600,1231.76,1291.35,1223.49,1280.53,42928.6906,66511.21695000057,1475.7516999999975,1334.2294000000004,1213.900476190475
1670544000,1280.53,1292.62,1257.14,1263,49270.2135,67514.46976000056,1471.418049999997,1334.3314000000005,1214.8390476190466
1670630400,1262.97,1282.64,1260.45,1266.65,20179.8269,63541.15812500056,1467.7932999999973,1333.4016000000004,1215.612857142856
1670716800,1266.66,1283.31,1256.52,1263.32,16319.5262,57147.96298500056,1463.5564499999973,1332.1964000000005,1219.4809523809515
1670803200,1263.15,1277.75,1241.4,1275.41,28669.5013,53526.80045000056,1460.3961999999974,1330.6088000000007,1221.944761904761
1670889600,1275.64,1345.08,1256.34,1320.11,54732.1159,51671.36887000056,1456.6087499999976,1330.5118000000004,1224.3328571428563
1670976000,1319.5,1349.01,1301.07,1308.07,37007.05,49734.88304000056,1453.1803499999978,1330.1144000000004,1230.184285714285
1671062400,1308.32,1311.12,1260.32,1266.44,32486.9263,47974.81207500056,1449.4733499999975,1329.4456000000005,1238.2485714285704
1671148800,1266.45,1278.86,1158.09,1167.25,57597.8938,47420.55020500056,1445.6704999999974,1328.4370000000004,1246.9533333333325
1671235200,1167.15,1189.8,1162.76,1187.72,23955.4954,46509.82918500056,1442.1300499999975,1326.6578000000006,1252.8585714285705
1671321600,1187.73,1196.08,1173.22,1183.33,20158.4729,44588.37883500056,1438.5777499999976,1326.1832000000004,1255.887142857142
1671408000,1183.35,1194.05,1151.54,1167.72,20488.118,41287.64533500057,1435.1911499999978,1323.1438000000003,1254.4247619047612
1671494400,1167.47,1226.03,1163.8,1217.4,56668.2375,40294.87977000057,1432.616199999998,1317.1468000000004,1253.604285714285
1671580800,1216.94,1220.24,1204.77,1213.76,41103.5703,40304.81586000057,1430.5929499999982,1310.2116000000003,1253.1233333333325
1671667200,1213.4,1234.01,1184.39,1217.45,54845.0223,40615.71967000057,1428.1782499999981,1302.8676000000005,1253.1285714285707
1671753600,1217.61,1229.02,1212.96,1219.99,49876.9745,40209.061555000575,1425.4486999999986,1294.1240000000007,1253.2047619047612
1671840000,1219.99,1226.67,1214.99,1220.76,24694.9283,38757.120290000574,1421.2946499999982,1285.6632000000006,1249.3385714285707
1671926400,1220.65,1224.09,1196.79,1218.39,32243.9357,37276.960730000574,1417.531749999998,1278.552600000001,1246.5333333333326
1672012800,1218.4,1229.66,1212.86,1227.64,32920.6287,36863.157110000575,1414.3641999999982,1271.2570000000007,1242.9347619047612
1672099200,1227.73,1232.78,1201.15,1210.87,54672.6112,37540.98696500058,1411.0380499999978,1265.2326000000007,1241.9557142857136
1672185600,1210.92,1213.86,1181.6,1189.24,57819.1581,38285.510340000576,1408.2579499999981,1259.010800000001,1239.0233333333326
1672272000,1189.54,1205.16,1186.55,1200.35,49102.0584,38277.10258500058,1405.310299999998,1250.521200000001,1237.5038095238087
1672358400,1200.24,1201.4,1183.55,1199.09,51524.5011,39844.33629500058,1402.3728499999977,1242.3504000000012,1234.6304761904755
1672444800,1199.06,1206.99,1191.64,1194.98,33999.4748,40728.33372500058,1399.179949999998,1235.5228000000013,1232.621428571428
1672531200,1195.03,1203.63,1190.71,1200.17,29425.9298,40766.15515000058,1396.2222499999978,1228.4102000000012,1228.8033333333326
1672617600,1200.15,1222.01,1193.61,1213.79,50073.4163,40533.22017000058,1393.3610499999975,1225.4994000000013,1225.7599999999993
1672704000,1213.73,1219.57,1204.86,1214.3,56344.9152,41500.11343000059,1390.5642499999979,1227.5142000000012,1222.3471428571422
1672790400,1214.27,1269.59,1212.58,1256.61,99025.8395,44827.059090000585,1388.313099999998,1225.5720000000013,1219.3399999999992
1672876800,1256.64,1259.01,1242.39,1250.76,56893.2305,44791.82592500058,1386.605599999998,1223.7916000000014,1216.4057142857137
1672963200,1250.74,1275,1238.38,1269.17,63487.1825,46768.41028000058,1385.434349999998,1222.6998000000015,1211.3671428571422
1673049600,1269.25,1270.85,1261.64,1263.96,23208.1246,46920.89286500058,1385.389299999998,1222.5762000000013,1208.916666666666
1673136000,1264,1294.31,1258.53,1289.98,37781.8879,47785.58136000058,1385.3315999999984,1222.0456000000015,1208.1699999999994
1673222400,1291,1344.74,1285.5,1320.46,87035.8847,49303.96372000057,1385.150099999998,1222.1478000000013,1213.0233333333326
1673308800,1320.38,1346.08,1317.48,1335.64,56694.3276,50083.501585000566,1385.8837499999977,1222.8594000000012,1216.653809523809
1673395200,1335.56,1396.56,1321.5,1389.24,64036.9665,50543.098795000566,1386.528449999998,1224.2568000000012,1221.7323809523803
1673481600,1389.78,1437.18,1368.07,1416.29,115119.4112,53805.220630000564,1387.842049999998,1225.310800000001,1229.0057142857136
1673568000,1417,1465.07,1402.05,1450.31,111814.6666,58161.20754500057,1388.4592999999982,1226.780400000001,1234.6361904761898
1673654400,1449.67,1595.97,1448.67,1550.43,168902.7658,64994.14905000057,1389.1702999999982,1230.3808000000013,1242.9923809523802
1673740800,1551.06,1563.59,1516.53,1553.11,53453.1226,66020.77374500057,1389.8664499999982,1234.9724000000015,1252.4609523809518
1673827200,1552.59,1603.68,1522.49,1577.25,94619.3214,68018.10925500057,1391.0724499999985,1240.0110000000013,1263.4285714285706
1673913600,1577.08,1605.54,1548.24,1565.74,70478.3124,68651.06697000057,1391.9545499999988,1244.6556000000014,1279.1271428571422
1674000000,1566.38,1605.95,1500.93,1512.14,72662.9352,69829.11081000057,1392.5133499999988,1249.6050000000014,1295.0661904761898
1674086400,1514.17,1562.81,1512.42,1552.2,30872.701,68796.52080500056,1393.251799999999,1256.6544000000015,1311.7142857142849
1674172800,1552.3,1662.11,1541.78,1659.27,46707.8908,69431.94160500055,1394.3461499999987,1263.6176000000014,1328.6128571428562
1674259200,1660.05,1680.69,1623.31,1626.92,66387.1995,71280.00509000056,1395.6435499999986,1271.2940000000015,1343.9890476190467
1674345600,1626.66,1662.65,1603.17,1627.75,37985.0807,70675.58831000057,1397.6829499999988,1279.2566000000015,1360.7438095238085
1674432000,1627.25,1649.79,1595.88,1626.72,62524.5636,70984.57073000057,1399.9563999999987,1285.1834000000017,1382.6571428571422
1674518400,1626.44,1641.55,1539.5,1556.32,89625.0698,70514.53224500056,1402.4846499999985,1290.3284000000015,1403.2257142857136
1674604800,1554.8,1638.73,1520.03,1611.49,108734.4078,73106.59111000056,1405.0240499999986,1297.9866000000015,1423.586666666666
1674691200,1613.3,1631.62,1581.94,1601.53,74838.0145,73674.13271000056,1407.2579499999983,1304.6138000000017,1443.2499999999993
1674777600,1602.81,1622.78,1560.19,1598.09,83961.5377,76711.80336500055,1409.6541499999983,1312.3424000000016,1459.5366666666657
1674864000,1597.54,1606.84,1558.71,1572.79,53689.8892,77507.20343000056,1412.2032999999983,1319.2774000000018,1476.4357142857134
1674950400,1572.93,1659.53,1567.57,1645.49,82374.1648,77274.11743500056,1414.6778999999983,1325.2128000000018,1493.1390476190468
1675036800,1644.82,1647.5,1535.93,1566.66,82836.6726,78581.23468500056,1416.8894499999983,1332.0184000000015,1508.801904761904
1675123200,1566.67,1603.04,1561.92,1585.64,56726.294,78215.70106000055,1418.8381999999983,1339.4204000000016,1523.5080952380945
1675209600,1585.63,1648.14,1559.6,1641.71,73425.2066,76130.99083000055,1420.5512999999983,1345.7716000000014,1540.4371428571421
1675296000,1641.74,1713.39,1633.08,1643.49,108565.6993,75968.54246500056,1422.5259499999984,1351.9674000000016,1552.1609523809516
1675382400,1643.45,1673.85,1630.6,1664.11,84617.4415,71754.27625000055,1424.697849999998,1359.5442000000016,1564.0657142857135
1675468800,1664.12,1695.06,1646.71,1666.92,60571.3645,72110.18834500056,1427.210649999998,1365.6110000000015,1576.0880952380944
1675555200,1666.75,1673.27,1612.85,1629.58,60836.7217,70421.05836000056,1429.8877999999982,1371.8156000000015,1586.9071428571424
1675641600,1629.63,1657.06,1607.3,1614.18,74033.7192,70598.82870000057,1432.541499999998,1378.2476000000015,1597.0880952380944
1675728000,1613.41,1676.9,1613.38,1671.37,81116.3835,71021.50111500056,1434.4126499999977,1384.9560000000015,1602.6352380952371
1675814400,1672.16,1696.19,1632.05,1650.87,69828.9861,72969.31537000056,1436.1854499999981,1392.9094000000014,1606.276666666666
1675900800,1651.49,1655.86,1526.59,1545.48,91609.0736,75214.37451000056,1437.6143999999979,1402.9028000000014,1608.0352380952372
1675987200,1545.39,1554.08,1496.32,1513.81,78921.7951,75841.10429000056,1439.140999999998,1411.7400000000014,1613.0652380952372
1676073600,1513.63,1543.83,1508.55,1538.68,44961.747,76189.93760500055,1439.5531499999984,1420.3570000000016,1619.671428571428
1676160000,1538.49,1547.43,1495.45,1515.24,44834.3184,75305.42534500055,1440.1730499999983,1430.4300000000014,1619.3514285714277
1676246400,1515.28,1525.85,1464.92,1506.43,89929.8157,75320.66264000055,1440.712899999998,1439.0994000000014,1612.4247619047612
1676332800,1506.42,1566.88,1494.72,1556.5,85364.4602,74152.16526000056,1440.9045499999982,1445.7338000000016,1608.2228571428564
1676419200,1555.61,1680.76,1543.54,1675.54,110530.803,75936.80468500056,1441.585049999998,1451.6610000000014,1602.8652380952374
1676505600,1677.04,1743.31,1632.86,1638.04,109206.241,77199.03985000055,1442.0931499999979,1458.0348000000015,1597.1371428571424
1676592000,1635.15,1722.34,1631.77,1694.46,98431.1279,79436.10178500056,1441.828849999998,1463.9244000000015,1597.1457142857134
1676678400,1693.77,1711.19,1681.32,1692.11,54639.43,78049.36504500055,1442.1958499999982,1469.6852000000013,1600.1957142857136
1676764800,1691.66,1725.35,1669.38,1680.98,63175.8628,77066.32455500055,1442.640349999998,1476.2624000000014,1601.9342857142851
1676851200,1681.92,1719.13,1653.47,1703.42,77985.9978,78129.30974500056,1442.033749999998,1485.5558000000017,1606.5233333333329
1676937600,1703.36,1717.96,1639.01,1659.59,121026.1243,80509.35563000056,1440.9389999999978,1494.5318000000016,1612.2052380952377
1677024000,1659.45,1666.47,1598.68,1643.35,96551.5974,79908.65053500058,1440.107649999998,1504.4140000000016,1613.8952380952376
1677110400,1643.72,1678.89,1628.58,1650.88,106001.549,80977.85591000058,1439.999699999998,1514.2744000000014,1620.4076190476183
1677196800,1651.22,1663.82,1574.42,1608.12,88884.8409,82393.52973000058,1439.7904499999981,1523.9944000000019,1623.929047619047
1677283200,1607.71,1608.94,1558.6,1594.82,49908.7127,81847.12928000058,1440.1079999999981,1534.0594000000015,1624.0071428571423
1677369600,1594.5,1648.85,1587.84,1641.64,58427.2527,81066.80595500059,1440.410799999998,1542.9754000000016,1624.359047619047
1677456000,1641.79,1666.3,1608.99,1633.68,92841.7852,81653.07604000058,1440.719749999998,1551.5564000000015,1621.6928571428566
1677542400,1633.57,1647,1598.54,1604.77,74701.1021,81896.68184000059,1441.196999999998,1559.4418000000016,1618.2595238095232
1677628800,1604.95,1669.44,1596.56,1666.31,90026.4556,81817.55094000058,1440.8063999999981,1566.5890000000018,1618.8338095238094
1677715200,1666.03,1679.69,1620.36,1647.78,80734.7577,81908.19907000058,1440.5706999999977,1573.1020000000017,1619.7623809523807
1677801600,1648.06,1649.05,1543.33,1572.24,103871.5365,84853.68854500058,1440.321399999998,1580.6556000000014,1616.5909523809519
1677888000,1568.94,1585.42,1550.14,1566.79,44513.0487,84837.62506000057,1439.472549999998,1587.5296000000014,1617.32619047619
1677974400,1566.47,1590.71,1556.52,1564.51,56649.8332,83173.62593500057,1438.9293999999977,1593.2158000000013,1622.1976190476187
1678060800,1564.38,1581.89,1556,1566.42,65089.6405,82159.88495000057,1437.8651499999978,1599.8292000000015,1624.9799999999998
1678147200,1566.85,1582.78,1538.77,1562.01,84361.519,80851.42075000057,1436.6247999999978,1605.0000000000014,1626.3185714285712
1678233600,1561.98,1570.16,1529.97,1532.32,89722.8258,79877.24999000058,1434.8517999999979,1608.1190000000015,1628.6647619047615
1678320000,1532.87,1545.6,1413.92,1436.43,111276.9883,80519.54301000058,1433.2613999999978,1610.4486000000015,1631.521428571428
1678406400,1436.45,1438.59,1370.85,1431.52,121794.0585,83877.27443500058,1431.8209999999976,1610.7302000000016,1631.7838095238092
1678492800,1431.39,1494.79,1429.51,1491.17,117875.834,86612.27299500059,1430.1818999999978,1610.9964000000016,1624.963809523809
1678579200,1489.95,1622.36,1470.65,1597.87,133908.5092,89408.39856500059,1428.6279999999979,1610.6916000000015,1615.3633333333328
1678665600,1602.09,1705.12,1574.38,1680.45,183760.7761,92545.13115500058,1427.2791499999978,1610.0232000000015,1602.8423809523806
1678752000,1681.78,1783.69,1665.01,1704.82,204046.7225,97919.88741000058,1425.8782999999976,1608.5090000000014,1593.2738095238092
1678838400,1705.36,1722.82,1610.38,1656.33,119983.6935,98618.99463500056,1425.6418499999977,1606.0954000000015,1589.31619047619
1678924800,1654.86,1694.29,1639.04,1677.12,95481.8874,98948.84696000058,1425.4235999999976,1602.7334000000014,1588.2223809523805
1679011200,1676.68,1801.79,1666.8,1793.66,164465.7459,104676.69862000058,1424.5228499999978,1602.1524000000018,1590.3761904761902
1679097600,1793.18,1844.48,1749.7,1763.4,101432.953,106826.98363500058,1423.5557999999978,1603.2064000000016,1590.9942857142853
1679184000,1764,1846.28,1763.19,1786.07,90581.0137,106713.94506000057,1422.6866499999978,1604.7684000000015,1592.2438095238092
1679270400,1786.99,1809.57,1728.49,1737.99,118874.0354,108922.59172500057,1422.3918499999977,1606.7686000000017,1601.079047619047
1679356800,1738.01,1844.89,1726.46,1806.99,137104.4204,111276.48996500058,1422.3147499999977,1608.0812000000017,1609.1066666666661
1679443200,1807,1830.14,1715.34,1738.68,181097.1413,116294.60914500058,1423.2951999999975,1611.9238000000014,1615.9842857142853
1679529600,1738.36,1859.3,1733.64,1816.9,111046.7916,116653.37190000058,1424.1211499999977,1615.2300000000018,1620.951428571428
1679616000,1817.4,1821.85,1728.01,1751.35,91376.6774,118996.55333500057,1425.3753999999979,1619.4956000000018,1630.5809523809519
1679702400,1751.2,1763.74,1716.45,1743.65,47604.4152,118544.28243500057,1426.5808999999977,1621.3456000000015,1634.0271428571425
1679788800,1743.44,1799.84,1741.41,1775.96,53963.2396,117987.96239000055,1427.7767999999976,1626.1522000000014,1642.080476190476
1679875200,1774.95,1781.75,1686.22,1716.12,74609.2228,117500.34758000057,1428.9348499999978,1629.2130000000013,1650.6095238095236
1679961600,1716.06,1792.32,1702.34,1773.68,92565.6237,117642.48747500055,1429.6972499999977,1632.7168000000013,1659.0314285714285
1680048000,1773.93,1825.73,1773.48,1793.01,104061.0041,117281.68826500056,1430.8544499999978,1634.8740000000012,1669.1004761904762
1680134400,1793.06,1829.76,1765.35,1792.34,86117.6745,115497.86906500059,1431.7592499999978,1636.4648000000013,1676.2290476190476
1680220800,1792.25,1847.58,1776.45,1822.08,94315.8526,114319.86999500058,1432.9467499999978,1638.6456000000014,1686.3085714285712
1680307200,1822.87,1844.68,1812.73,1821.81,45481.0242,109898.49574500057,1433.6168499999978,1640.3764000000012,1698.722380952381
1680393600,1821.97,1825.46,1772.24,1795.47,52445.4792,103332.73090000058,1434.5407499999978,1643.5664000000013,1715.670476190476
1680480000,1794.65,1839.56,1762.75,1811.2,87986.9653,97529.74304000058,1435.2732999999978,1645.9992000000013,1734.2685714285715
1680566400,1811.04,1889.21,1803.08,1871.39,87536.0755,95907.36214000058,1435.6760499999978,1648.8286000000016,1750.0133333333333
1680652800,1871.22,1940.66,1865.4,1909.35,86108.3397,95438.68475500056,1435.9491999999982,1654.3606000000013,1759.422857142857
1680739200,1909.86,1914.28,1857.02,1873.34,69252.3321,90678.01406500056,1436.039399999998,1660.5206000000014,1765.6490476190475
1680825600,1873.34,1883.4,1843.82,1865.16,47539.5516,87983.34399500056,1436.1661999999978,1665.6564000000017,1773.5809523809523
1680912000,1865.09,1880.72,1848.96,1850.3,33183.652,85113.47591000056,1436.6913999999979,1671.5756000000015,1785.6295238095236
1680998400,1850.26,1874.55,1826.69,1859.58,50886.155,81714.08189000057,1437.9277499999976,1678.8748000000016,1794.9733333333331
1681084800,1859.55,1919.71,1847.81,1910.81,69683.0998,78343.01586000057,1438.7118999999977,1685.9318000000014,1798.378095238095
1681171200,1911.3,1928.96,1884.22,1892.08,84862.424,73531.27999500057,1440.4052499999975,1689.8878000000013,1802.5161904761903
1681257600,1892.08,1932.36,1859.89,1918.49,105407.2182,73249.30132500056,1442.5932499999979,1694.4302000000014,1806.0166666666667
1681344000,1918.81,2023.32,1901.9,2014.22,125538.3813,74957.38652000057,1444.7944999999977,1697.5470000000014,1814.2461904761903
1681430400,2014.64,2130.53,2011.9,2101.96,146597.2704,79907.02928000057,1447.4880499999979,1700.896400000001,1818.298095238095
1681516800,2101.83,2112.95,2076.68,2092.61,59939.3179,80205.83319500057,1449.9332999999979,1705.493000000001,1826.8604761904758
1681603200,2092.42,2138.44,2075.73,2120.3,71033.9211,80027.06811000056,1452.5688999999977,1709.266200000001,1836.2566666666662
1681689600,2120.38,2121.31,2061.12,2075.63,77433.8244,79270.47814500055,1455.6335999999978,1714.444200000001,1852.952380952381
1681776000,2075.75,2122.73,2054.7,2104.25,79816.3084,78058.24336000056,1458.555099999998,1721.8616000000009,1869.5695238095234
1681862400,2103.37,2106.27,1928.38,1935.9,112545.3627,79379.62777000056,1461.378699999998,1730.8831999999998,1885.966666666666
1681948800,1935.67,1981.33,1917.09,1943.13,88791.0833,79103.38930500056,1464.384999999998,1740.5729999999996,1903.08619047619
1682035200,1942.74,1956.83,1827.29,1848.88,84405.3937,81049.60778000054,1467.982549999998,1751.0825999999995,1918.8276190476186
1682121600,1849.06,1889.02,1844.95,1874.51,40191.5365,80436.91064500055,1471.810249999998,1759.7623999999996,1925.6319047619043
1682208000,1874,1882.24,1839.21,1862.51,37381.6988,77906.64732000054,1475.6321999999977,1769.1737999999996,1932.8123809523804
1682294400,1862.56,1890.18,1806.83,1842.63,59711.0642,76515.39675500053,1479.5487499999977,1775.7963999999995,1934.0885714285712
1682380800,1842.87,1878.76,1805.38,1866.67,77035.8853,76061.77403500053,1483.246199999998,1781.3327999999997,1936.5980952380949
1682467200,1867.79,1965.01,1791.04,1866.8,142171.165,79707.71568000053,1487.122599999998,1785.3547999999998,1939.7904761904758
1682553600,1865.5,1939.32,1862.76,1909.48,131186.6441,83890.07030500054,1490.2417499999979,1791.4001999999998,1941.287142857142
1682640000,1910.69,1924.48,1876.37,1892.51,87510.0802,86606.39171500053,1493.573599999998,1797.3146,1941.0623809523802
1682726400,1892.98,1918.87,1887.85,1909.17,43773.6097,86250.76445000053,1496.200199999998,1802.8769999999997,1939.0361904761896
1682812800,1909.23,1940.74,1870.29,1871.29,65623.4072,86047.77982000053,1498.7634999999977,1808.8819999999998,1940.7571428571423
1682899200,1872.54,1886.88,1808.33,1832.01,87684.7821,86188.89772500054,1501.3136499999978,1814.9777999999997,1942.0595238095232
1682985600,1830.69,1881.65,1824.31,1871.94,72552.7004,84546.17183500054,1503.766549999998,1822.521,1944.8628571428562
1683072000,1871.9,1917.68,1844.79,1906.17,85801.7199,82559.33876500053,1506.444199999998,1831.6426000000001,1945.4204761904755
1683158400,1906.57,1921.3,1869.44,1878.96,71657.7577,78812.36313000052,1509.200699999998,1841.1956,1941.6680952380946
1683244800,1879.35,2000.81,1877.09,1997.01,118802.5897,81755.52672000052,1512.1311499999981,1848.7979999999998,1940.7090476190465
1683331200,1995.75,2020.96,1866.92,1903.59,109810.0734,83694.33433500053,1515.1434999999983,1853.4807999999998,1940.12238095238
1683417600,1903.71,1938.7,1880.8,1881.59,57770.8242,82711.18432500053,1518.2906499999983,1857.3106,1933.6814285714274
1683504000,1878.99,1896.2,1817.05,1857.14,77273.3151,82584.03466000053,1521.1739999999982,1861.3375999999998,1928.6838095238081
1683590400,1856.48,1866.92,1843.02,1850.96,64545.2945,80184.03125000054,1523.896549999998,1865.7902,1919.6828571428555
1683676800,1850.93,1888.82,1794.3,1843.73,76559.7778,79572.46597500054,1526.772199999998,1872.1879999999999,1908.3157142857128
1683763200,1843.53,1843.63,1775.29,1795.78,52641.5917,77984.27587500055,1529.9286999999981,1874.3866,1897.9114285714275
1683849600,1796.9,1814.88,1737.55,1808.51,62878.929,79118.64550000054,1532.7932999999982,1876.7504,1885.849999999999
1683936000,1808.67,1816.56,1789.7,1795.99,36462.0028,79072.66070000055,1536.120999999998,1878.1717999999998,1881.4609523809513
1684022400,1796.15,1824.42,1792.13,1800.32,34055.6407,77789.88952500056,1539.0848999999982,1880.4312,1874.4442857142844
1684108800,1800.31,1846.65,1787,1817.01,41528.5896,76014.52474000056,1542.0659499999979,1881.1660000000002,1872.5219047619037
1684195200,1817.63,1830.46,1797.99,1824.49,26280.9319,70220.01308500055,1544.937299999998,1882.3080000000002,1868.7828571428558
1684281600,1824.76,1835.73,1785.89,1822.45,26148.7156,64968.11666000056,1547.691649999998,1882.1401999999998,1865.8214285714275
1684368000,1823.22,1832.13,1770.4,1801.31,25394.0029,61862.31279500056,1550.3415499999983,1883.033,1864.6014285714275
1684454400,1801.64,1828.29,1797.92,1813.29,23560.3929,60851.65195500057,1552.4985999999983,1884.1664,1862.592857142856
1684540800,1812.88,1829.47,1808.08,1820.33,12079.4809,58174.45564000057,1554.8219499999984,1884.9874,1860.4809523809513
1684627200,1820.5,1831.2,1799.66,1805.05,21912.6619,54885.84963000057,1556.501699999998,1887.1548,1855.329999999999
1684713600,1804.98,1829.27,1792.65,1818.06,29215.2364,52718.97643000058,1557.6718499999981,1888.1302000000003,1851.557619047618
1684800000,1818.06,1871.42,1800.25,1854.53,47392.6519,50798.52303000058,1559.1868499999982,1888.2962000000002,1847.327142857142
1684886400,1854.72,1854.72,1780.77,1799.89,37543.2927,49092.799780000576,1560.5346999999983,1888.7152,1844.1728571428564
1684972800,1799.79,1819.6,1763.64,1806.4,35087.9453,44907.06756000058,1561.5443999999982,1888.6801999999998,1843.5085714285703
1685059200,1806.82,1839.21,1798.77,1828.9,64315.5576,42632.34177000058,1562.5971499999985,1888.345,1842.679523809523
1685145600,1829.35,1836.89,1813.79,1831.24,12044.7337,40346.03724500058,1563.798949999998,1888.7967999999998,1837.6185714285707
1685232000,1831.85,1916.89,1825.63,1909.58,51114.7663,39038.10980500058,1565.0078999999982,1889.6634,1834.1633333333323
1685318400,1911.39,1926.37,1877.36,1893.5,33958.8486,37508.787510000584,1566.439799999998,1888.2334000000003,1826.1580952380946
1685404800,1893.51,1918.31,1880.4,1901.26,28514.0778,35106.50251000058,1567.874699999998,1886.1744,1822.7128571428566
1685491200,1900.46,1907.25,1850.71,1874.07,29500.8168,33949.46376500058,1568.921149999998,1885.2856,1824.0457142857135
1685577600,1874.85,1887.77,1843.95,1862.5,23073.7753,31959.20608000058,1569.7859499999984,1884.6072,1825.7771428571418
1685664000,1862.67,1912.5,1846.99,1907.38,35026.4523,31887.42855500058,1570.972849999998,1885.7928,1828.17238095238
1685750400,1907.62,1908.97,1882.29,1892.32,11721.4029,30770.71666500058,1572.2848499999982,1886.4711999999997,1829.6171428571417
1685836800,1891.89,1915.16,1885.19,1890.81,10059.2263,29197.24850000058,1574.7671499999979,1886.2802,1832.7942857142848
1685923200,1889.71,1891.36,1775.72,1810.57,33314.4583,29548.924820000586,1578.8169999999982,1885.92,1837.5023809523798
1686009600,1811.91,1897.51,1799.62,1884.61,26972.3629,29590.107185000583,1581.803499999998,1884.8002,1842.0895238095227
1686096000,1885.14,1897.85,1821.94,1833.02,28288.433,29734.828690000584,1584.889799999998,1882.6633999999997,1846.3985714285702
1686182400,1832.59,1862.46,1829.54,1846.35,13488.2517,29231.221630000586,1587.986349999998,1878.4705999999996,1846.0919047619038
1686268800,1846.45,1856.66,1828.67,1840.93,14156.5132,29335.07324500059,1591.1989999999983,1874.4345999999996,1848.954761904761
1686355200,1840.98,1845.91,1720.16,1752.97,59038.8165,31191.38097500059,1594.531749999998,1868.2399999999993,1849.4580952380943
1686441600,1751.41,1777.78,1741.5,1753.54,11671.2871,30314.183510000585,1597.7358499999982,1864.4195999999997,1851.602857142856
1686528000,1753.96,1758.78,1721.58,1743.13,18595.6861,28874.33522000059,1601.1139999999982,1858.9949999999994,1852.9190476190468
1686614400,1743.15,1763.63,1727.17,1739.21,16531.2648,27823.733825000592,1604.170349999998,1857.2039999999993,1849.7114285714276
1686700800,1740.1,1750.01,1636.19,1651.3,36496.709,27894.17201000059,1607.5370999999982,1855.1599999999996,1847.2585714285703
1686787200,1649.68,1677.87,1627.14,1666.24,28780.2654,26117.40740000059,1610.6196999999984,1853.2417999999996,1843.6904761904752
1686873600,1666.01,1727.68,1647.15,1717.64,32624.0607,27146.373750000592,1614.1492499999981,1850.8223999999996,1838.1990476190465
1686960000,1718.65,1764.48,1713.49,1727.45,15709.3018,25376.10052500059,1617.8235999999981,1848.4347999999995,1831.1233333333325
1687046400,1727.96,1746.51,1716.39,1721.21,12008.1734,24278.56676500059,1620.901899999998,1846.3663999999997,1824.449047619047
1687132800,1719.98,1747.5,1703.91,1737.1,18638.8462,23784.805185000594,1623.7492999999981,1842.0589999999997,1819.1509523809516
1687219200,1736.51,1795.57,1715.32,1792.5,35943.7562,24106.952155000592,1626.4507499999982,1838.0477999999996,1814.2085714285706
1687305600,1792.37,1900.5,1788.3,1890.17,76379.7952,26772.253150000593,1629.156999999998,1834.2109999999998,1805.2385714285706
1687392000,1890.29,1932.33,1864.79,1872.85,40122.8213,27027.07160000059,1631.388749999998,1830.9098,1797.7909523809515
1687478400,1872.64,1936.88,1865,1893.94,44161.4929,28649.076100000588,1633.7527999999982,1827.1505999999997,1792.6119047619036
1687564800,1893.27,1906.48,1866.02,1875.98,22348.5063,29263.540100000588,1636.502949999998,1824.4667999999997,1793.3785714285702
1687651200,1876.2,1930.86,1870.79,1899.39,36443.4802,29419.991195000584,1639.0611999999983,1823.6765999999998,1793.8714285714277
1687737600,1899.7,1906.76,1838.41,1859.45,28981.4732,29520.44671000059,1641.1924999999983,1824.0411999999997,1793.2314285714276
1687824000,1859.72,1912.62,1856.47,1889.9,21780.7788,29195.064000000588,1643.4961999999982,1823.3747999999996,1792.4533333333325
1687910400,1890.86,1891.17,1820.29,1828.46,21583.357,29599.819265000588,1645.9808999999982,1823.6743999999997,1792.8619047619036
1687996800,1829.67,1878.63,1828.89,1852.76,20163.4022,29900.163715000584,1649.2251499999982,1821.2537999999997,1795.1895238095228
1688083200,1852.99,1945.37,1823.96,1933.5,54616.2029,29679.03303500059,1652.1895499999982,1821.1697999999994,1795.4414285714277
1688169600,1934.19,1943.69,1898.9,1925,20945.8504,30142.76120000059,1655.3614999999982,1820.7269999999996,1795.224285714285
1688256000,1925.22,1957.99,1894.62,1938.28,22178.1455,30321.884170000587,1658.3853499999982,1821.3821999999993,1795.529523809523
1688342400,1938.46,1976.24,1934.74,1956.25,31376.0814,31064.12500000059,1661.7251499999982,1820.9321999999995,1799.9376190476182
1688428800,1956.69,1967.28,1932.49,1936.15,26645.4435,30571.56172500059,1664.6197499999982,1821.1127999999997,1808.1295238095229
1688515200,1936.23,1942.97,1896.75,1910.37,13514.8029,29808.28860000059,1667.7542499999984,1823.8671999999995,1816.9266666666656
1688601600,1909.78,1959.34,1847.6,1847.6,26127.0358,29483.437355000584,1670.5632999999984,1826.1969999999994,1827.0752380952372
1688688000,1847.28,1877.91,1829.49,1871.22,14583.9525,29427.169890000583,1673.5104999999985,1829.0427999999997,1836.4533333333325
1688774400,1871.08,1873.44,1844.34,1866.13,9250.7249,29289.297465000585,1676.8009499999982,1832.1613999999995,1848.7899999999988
1688860800,1866.01,1879.12,1857.17,1863.28,13983.8251,29056.546410000585,1679.8253999999981,1834.5441999999996,1857.4261904761893
1688947200,1863.84,1905.48,1844.98,1880.81,19688.7728,28243.797240000586,1682.976449999998,1836.2617999999993,1864.7395238095228
1689033600,1881.5,1891.23,1863.99,1878.62,13964.5762,25123.036290000586,1686.4254999999982,1836.7647999999995,1871.3433333333323
1689120000,1879.32,1901.71,1866.08,1872.44,19526.7111,24093.230780000587,1690.2699999999982,1838.1629999999996,1878.1085714285703
1689206400,1872.55,2014.34,1864.07,2006.05,47692.1883,24269.765550000586,1693.8832499999983,1839.2197999999996,1884.9519047619037
1689292800,2006.11,2028.85,1902.47,1939.22,40077.7962,25156.230045000582,1697.2045999999982,1840.0787999999998,1889.052857142856
1689379200,1938.72,1946.37,1928.15,1931.88,9560.3265,23812.072360000584,1700.7220999999981,1841.5939999999996,1888.2085714285706
1689465600,1931.95,1943.02,1916.92,1923.63,9109.4852,22818.472960000585,1703.965749999998,1842.8051999999996,1894.5514285714276
1689552000,1923.21,1936.57,1874.6,1912.09,16984.7775,22578.672895000585,1707.2133499999982,1843.1633999999995,1896.7076190476178
1689638400,1912.11,1917.78,1875.63,1898.16,11297.5438,22064.382235000587,1710.530149999998,1847.2865999999995,1899.3695238095224
1689724800,1897.75,1919.61,1883.45,1889.26,11854.4283,21648.933540000588,1713.8232999999982,1849.9429999999995,1900.523809523808
1689811200,1889.32,1928.55,1880.2,1891.93,12895.9777,19562.92228000059,1717.0816999999981,1852.0025999999996,1903.0304761904747
1689897600,1891.95,1905.46,1885.29,1892.3,7146.6175,18872.960635000585,1721.0199999999982,1853.8503999999996,1903.423809523808
1689984000,1892.25,1897.81,1853.72,1866.53,11370.4312,18332.57492000059,1724.5778999999984,1853.9005999999997,1906.3190476190457
1690070400,1867.54,1906.15,1859.89,1889.52,10715.6141,17299.551555000588,1728.1829499999983,1853.9937999999995,1908.1842857142838
1690156800,1889.48,1890.82,1831.08,1850.59,18453.4033,16889.949545000585,1731.8548999999982,1853.7537999999995,1906.222380952379
1690243200,1850.31,1867.82,1846.14,1857.98,8108.0992,16619.614360000585,1735.4135999999985,1854.1109999999994,1903.438095238093
1690329600,1857.6,1888.13,1849.82,1872.47,13013.6777,15963.946455000585,1738.9089499999984,1854.7069999999994,1901.1161904761882
1690416000,1872.19,1886.33,1856.05,1861.39,9569.6507,15713.231365000585,1742.3803499999983,1853.8899999999996,1896.0847619047597
1690502400,1861.69,1882.87,1857.53,1875.24,10836.8726,15792.538750000585,1745.8391499999984,1853.8339999999996,1892.362380952379
1690588800,1875.1,1886.19,1870.01,1881.71,7639.9048,15475.342735000586,1749.2316999999985,1853.0295999999996,1890.557619047617
1690675200,1882.02,1885.5,1852.18,1862.15,13921.8508,15186.996635000589,1752.4928499999983,1853.9777999999997,1891.2142857142837
1690761600,1862.11,1876.59,1851.71,1856.48,14773.3426,15227.434955000586,1755.6573999999985,1853.7349999999997,1891.405714285712
1690848000,1856.29,1874.76,1816.72,1873.52,22073.6107,15354.779935000586,1758.6565499999983,1854.3023999999996,1892.1476190476174
1690934400,1875.66,1879.14,1820.48,1839.42,18000.5707,13870.199055000587,1761.6005999999982,1854.8801999999996,1892.0938095238075
1691020800,1838.92,1857.24,1825.01,1835.5,13073.0417,12519.961330000588,1764.6431499999983,1855.6957999999995,1890.9352380952364
1691107200,1835.02,1848.76,1817.8,1828.37,10208.6345,12552.37673000059,1767.5001999999984,1857.8793999999998,1890.692380952379
1691193600,1828.63,1837.3,1825.57,1835.67,5246.5112,12359.22803000059,1770.2740999999985,1859.9381999999998,1889.1199999999978
1691280000,1835.94,1836.64,1824.96,1828.44,6732.0971,11846.59401000059,1773.0044499999985,1862.5459999999998,1880.9985714285694
1691366400,1828.04,1843.8,1802.26,1827.91,15804.6385,12071.948745000589,1775.3689999999986,1864.5502,1875.719999999998
1691452800,1828.03,1876.47,1825.18,1856.12,16545.2947,12306.49206500059,1777.5699499999985,1868.2341999999999,1871.1385714285695
1691539200,1856.47,1872.54,1845.38,1855.17,13039.043,12313.64533000059,1779.6859999999986,1871.4768,1866.6057142857126
1691625600,1854.84,1865.2,1845.91,1851.37,9168.7665,12414.75278000059,1781.1309499999986,1873.8374,1862.597142857141
1691712000,1850.98,1855.69,1839.53,1847.7,7586.3324,12225.547840000592,1782.5428999999986,1875.8571999999997,1860.595238095236
1691798400,1847.69,1852.78,1845.88,1848.9,7521.7512,12065.854695000591,1783.7984999999985,1877.9912,1858.9719047619026
1691884800,1848.92,1860.65,1835.27,1839.4,10848.6284,11685.61595000059,1785.1481499999986,1880.3716,1857.040476190474
1691971200,1839.29,1855.12,1834.15,1844.88,23983.9244,12479.40721000059,1786.7296499999989,1881.6250000000002,1854.9166666666647
1692057600,1844.54,1846.84,1814.84,1827.35,14233.9503,12540.42084000059,1788.1081999999985,1880.8490000000002,1854.0771428571409
1692144000,1827.23,1830.18,1798.31,1805.99,17115.9285,12917.73473000059,1789.0924499999987,1880.3460000000005,1851.690476190474
1692230400,1805.69,1808.99,1576.31,1682,62697.0756,15510.74488000059,1790.2336999999984,1879.4452,1851.4185714285693
1692316800,1680.28,1698.38,1644.89,1661.41,54203.3619,17838.91773500059,1791.3517999999985,1878.7136,1849.959999999998
1692403200,1661.43,1694.43,1654.09,1669.22,17795.2737,18032.58888000059,1792.4566999999984,1877.6234000000002,1846.7942857142837
1692489600,1669.02,1692.71,1663.22,1685.2,11455.131,17866.67830000059,1793.9195999999984,1876.9814000000001,1838.2519047619023
1692576000,1685.05,1685.62,1651.93,1667.84,14792.3996,17502.61774500059,1795.0591499999982,1875.3032,1828.0695238095213
1692662400,1667.97,1668.75,1590.75,1634.67,26911.8893,17948.18367500059,1796.2758999999985,1872.374,1817.95095238095
1692748800,1634.57,1699.59,1629.72,1679.65,31115.2801,18850.29559500059,1797.4221999999986,1868.547,1809.5247619047593
1692835200,1679.67,1684.06,1639.7,1660.13,18255.4024,19252.63399000059,1798.5881999999986,1863.2613999999999,1800.5419047619023
1692921600,1660.51,1673.65,1636.45,1653.55,15038.0477,19742.210815000588,1798.7707499999983,1858.4654,1789.1680952380927
1693008000,1653.66,1656.28,1644.19,1646.83,5176.0846,19664.410190000588,1799.2444999999984,1853.0566000000001,1781.5599999999972
1693094400,1646.39,1660.14,1645.96,1657.97,5923.5514,19170.355835000588,1799.6623999999983,1846.625,1773.2090476190451
1693180800,1657.94,1661.98,1624.19,1653.35,16323.2574,19159.25397000059,1799.8798499999984,1841.495,1764.8842857142834
1693267200,1653.11,1745.97,1640.24,1730.19,44702.6905,20742.436345000588,1800.0015999999987,1836.4902,1755.8919047619024
1693353600,1729.69,1731.51,1697.05,1706,16068.1443,21087.405235000588,1799.8543999999986,1832.6091999999999,1747.7742857142835
1693440000,1705.54,1723.68,1631.19,1646.27,26882.5769,22052.217460000586,1799.9180499999984,1828.1213999999998,1739.4619047619021
1693526400,1646.22,1653.89,1602.17,1628.77,20701.828,22711.221300000583,1800.0707999999984,1823.9581999999998,1733.465238095236
1693612800,1629.22,1644.79,1628.12,1637.01,7639.4806,22550.763910000584,1800.2676499999986,1819.7595999999999,1726.3619047619022
1693699200,1637.13,1645.51,1625.9,1636,8797.0524,21791.420310000583,1800.1449499999987,1816.7472,1716.5952380952356
1693785600,1635.88,1643.75,1618.39,1630.29,12269.1589,21693.180740000582,1800.1804499999987,1813.2948000000001,1706.1699999999976
1693872000,1630.18,1646.91,1610.07,1634.13,14244.9205,21549.63034000058,1800.7197999999987,1808.7714,1696.0799999999977
1693958400,1634.09,1663.49,1611.94,1632.97,18007.2566,19315.139390000586,1801.8016999999986,1801.2258000000002,1686.3942857142833
1694044800,1632.68,1659.69,1623.96,1648.75,17346.3204,17472.287315000583,1802.6382999999987,1795.1816000000003,1676.175714285712
1694131200,1648.39,1658.18,1617.12,1636.18,15108.4972,17337.948490000585,1803.2934499999988,1789.264,1666.9747619047591
1694217600,1636.18,1636.95,1629.95,1635.04,6923.0271,17111.343295000584,1803.9051499999987,1783.3972,1658.7357142857118
1694304000,1635.05,1635.38,1602.69,1617.29,13557.3547,17049.591050000585,1804.3076999999987,1777.8380000000002,1657.152380952378
1694390400,1617.55,1618.73,1530.84,1551.59,26889.1932,17048.456245000583,1804.1099999999988,1772.5341999999998,1655.9509523809497
1694476800,1551.73,1620.92,1549.71,1592.97,24561.0369,16720.744085000588,1804.0712499999986,1767.724,1654.3233333333305
1694563200,1593.2,1617.72,1582.82,1608.19,15776.4137,16596.794650000586,1803.7695999999985,1762.609,1651.0895238095213
1694649600,1608.2,1640.85,1607.73,1627.14,20097.7599,16849.780260000585,1803.4738999999986,1757.4638,1645.5538095238069
1694736000,1627.14,1653.59,1612.06,1642.17,11105.4606,17146.249060000584,1803.3127499999985,1752.479,1643.5680952380924
1694822400,1642.25,1651.92,1632.44,1635.73,5888.0739,17144.475185000585,1802.9765499999985,1745.7203999999997,1640.1652380952357
1694908800,1635.46,1635.46,1613.67,1623.11,8298.8897,16743.256800000585,1802.8537999999985,1740.568,1638.5942857142834
1694995200,1623.01,1669.85,1610.17,1637.58,20959.6612,15556.105335000582,1802.7234999999982,1735.5722,1638.0523809523784
1695081600,1637.27,1661.51,1628.11,1644.43,15277.8274,15516.589490000584,1802.2270499999984,1730.6656,1637.5238095238071
1695168000,1643.56,1650.75,1606.98,1622.81,18074.4538,15076.183335000585,1802.1512999999986,1726.2812,1635.863809523807
1695254400,1622.92,1625.45,1571.58,1583.97,17160.3819,14899.111030000586,1802.2181499999986,1721.491,1635.1128571428549
1695340800,1584.28,1601.76,1579.05,1593.64,8443.5531,14939.314655000586,1802.1456499999986,1716.3190000000002,1631.0290476190453
1695427200,1593.68,1598.48,1588.82,1594.22,5832.4286,14791.083465000585,1802.1880999999985,1711.8276,1627.0676190476165
1695513600,1594.48,1601.89,1573.33,1581.78,10816.9682,14718.473930000586,1802.3428999999983,1707.5866000000003,1624.10095238095
1695600000,1580.45,1597.18,1565.02,1588.71,13004.1136,14656.433585000585,1802.1268999999986,1702.5724000000002,1622.428095238093
1695686400,1588.83,1598.33,1580.69,1593.84,8718.0282,14191.972165000585,1802.0758999999985,1697.4633999999999,1620.3904761904737
1695772800,1593.64,1634.65,1584.48,1598.39,15244.9796,14086.905125000583,1802.4368499999985,1692.6262,1617.8085714285687
1695859200,1598.32,1667.89,1597.71,1653.52,23178.1831,14490.389420000585,1802.7169499999986,1687.9432000000002,1615.8285714285691
1695945600,1653.83,1687.56,1648.94,1668.3,29981.9311,15643.334620000585,1802.8142499999988,1682.8654000000001,1613.9099999999976
1696032000,1668.01,1693.91,1666.96,1671.33,12410.8201,15586.007890000585,1802.9503499999985,1678.0708000000002,1612.2633333333308
1696118400,1671.26,1752.63,1670.02,1734.17,17982.7177,15140.684115000584,1803.1113999999986,1673.3894,1612.4904761904736
1696204800,1734.52,1744.33,1638.81,1663.17,34149.5943,15620.111985000583,1803.3586999999989,1668.2348000000002,1614.0199999999975
1696291200,1663.1,1670.83,1643.82,1656.82,19136.6187,15788.122235000585,1804.120099999999,1664.2017999999998,1615.7480952380927
1696377600,1656.82,1657.99,1627.29,1647.55,25380.968,16052.282640000583,1804.9316999999987,1660.5404,1621.3138095238069
1696464000,1647.54,1656.48,1609.66,1611.29,39069.614,17450.490310000583,1805.4677999999988,1657.0130000000004,1626.6271428571404
1696550400,1611.78,1661.8,1611.78,1645.72,18214.8175,18066.827490000585,1805.7460499999988,1654.7184000000007,1629.6676190476169
1696636800,1645.77,1648.39,1630.27,1634.4,12428.6689,18273.316450000584,1805.6852999999987,1651.1938000000007,1631.5419047619025
1696723200,1634.13,1642.82,1616.97,1633.2,13952.3617,17922.951475000584,1805.5178499999988,1647.4326000000008,1630.7871428571407
1696809600,1633.45,1635.86,1551.07,1580.58,26662.6356,18492.191885000582,1805.9070499999987,1643.8366000000005,1630.9561904761886
1696896000,1580.76,1594.57,1552.52,1567.82,19590.3222,18567.985305000584,1805.8372999999985,1639.9426000000008,1630.892857142855
1696982400,1568.06,1578.34,1546.56,1567.16,18124.5711,18616.194765000582,1805.1530999999986,1639.2170000000003,1631.3733333333312
1697068800,1566.61,1568.02,1522.84,1540.36,21892.4433,19288.639275000583,1804.5738499999986,1638.6768000000004,1628.6590476190454
1697155200,1539.76,1573.21,1527.92,1552.45,23546.4062,20174.338155000583,1803.6999499999988,1637.9564000000005,1625.0109523809501
1697241600,1552.4,1561.39,1545.39,1555.39,6663.877,19966.683595000584,1803.2385999999988,1635.8640000000003,1622.3609523809505
1697328000,1555.52,1566.41,1549.64,1558.46,8939.3386,19763.444845000584,1802.3756499999986,1633.8636000000004,1620.2842857142834
1697414400,1557.86,1656.29,1556.13,1600.53,53891.4254,22022.114705000586,1801.8482499999986,1632.5134000000003,1618.322857142855
1697500800,1601.59,1601.64,1553.9,1565.43,29304.1344,22725.072445000584,1800.6666499999985,1629.7276000000004,1616.4738095238074
1697587200,1565.36,1585.35,1556,1563.84,21414.5415,22636.89036500058,1799.7489999999984,1627.5740000000005,1615.3633333333312
1697673600,1563.34,1574.03,1543.48,1567.58,32181.5924,22746.87343000058,1798.8665499999988,1625.6108000000002,1615.9261904761884
1697760000,1567.42,1630.26,1562.1,1605.1,37214.3021,23987.047530000582,1797.6885499999987,1623.8434000000002,1614.5733333333312
1697846400,1604.74,1643.29,1593.33,1629.32,19983.4364,24087.08346500058,1796.8701999999987,1622.6946000000003,1612.928095238093
1697932800,1629.64,1668.16,1622.2,1664.57,27218.6399,23740.535745000583,1795.7787499999988,1620.9361999999999,1608.835714285712
1698019200,1664.63,1801.07,1658.91,1766.27,83952.3385,26981.32173500058,1794.6059999999989,1617.6092,1605.8261904761882
1698105600,1767.5,1854.67,1757.11,1785.28,102586.6882,30841.60774500058,1793.646949999999,1614.8408000000002,1603.8257142857121
1698192000,1785.66,1818.4,1761.71,1787.08,38131.1444,30794.68426500058,1792.3636999999987,1614.0174,1600.5114285714264
1698278400,1787.07,1867.45,1763.87,1804.62,62566.4713,33012.266955000574,1791.0738499999989,1614.0284000000001,1605.4209523809502
1698364800,1804.54,1804.65,1750.85,1780.2,23220.251,33551.84606000058,1789.934399999999,1614.5796000000003,1611.5380952380929
1698451200,1780.58,1806.22,1772.6,1776.25,12532.1894,33480.83744500058,1788.9038999999987,1617.185,1618.1823809523787
1698537600,1775.79,1811.02,1765.13,1796,15202.7691,32907.84412000058,1787.6935499999986,1620.2848,1627.388571428569
1698624000,1796.55,1830.67,1778.96,1810.04,30345.6692,33445.61147000057,1786.4696499999984,1623.3438,1633.7923809523788
1698710400,1810.09,1820.11,1784.67,1815.86,21731.5318,33625.959505000574,1785.9342999999985,1626.7767999999999,1640.5471428571407
1698796800,1816.44,1859.91,1784.89,1847.6,42860.0379,34674.33923500057,1785.5348999999985,1629.4057999999998,1648.2995238095214
1698883200,1848.91,1874.8,1788.93,1801.14,26287.1847,34811.37816000057,1785.2187999999983,1632.2072,1659.226190476188
1698969600,1800.63,1835.61,1778.87,1834.15,28641.1255,35910.24058500057,1784.9439999999981,1635.4263999999998,1671.0376190476168
1699056000,1834.25,1869.29,1825.94,1857.4,16089.5779,36267.75255000057,1784.2909499999985,1639.2813999999998,1684.3919047619024
1699142400,1857.99,1912.76,1848.3,1893.81,43353.7942,35740.87099000057,1783.7117999999982,1644.5667999999998,1696.8099999999977
1699228800,1893.17,1914.86,1871.4,1900.53,25166.08,35533.96827000057,1783.0993499999981,1649.6594,1710.2242857142833
1699315200,1901.23,1909.49,1852.58,1886.84,25812.128,35753.84759500057,1782.0784499999982,1653.5184,1724.6057142857119
1699401600,1886.37,1904.81,1873.89,1888.58,21370.6285,35213.29940000057,1780.6479499999984,1657.6586000000002,1740.5747619047595
1699488000,1886.72,2131.07,1884.38,2120.79,152403.424,40972.75549500057,1779.4228999999984,1661.9632000000001,1754.8604761904737
1699574400,2119.44,2136.72,2069.18,2078.77,84935.8339,44220.37537000057,1777.8270999999982,1667.1248,1770.165714285712
1699660800,2078.37,2090.63,2035,2054.01,36699.3291,44694.40983000057,1776.6196999999984,1672.6732000000002,1785.6295238095215
1699747200,2053.55,2065.82,2014.3,2044.67,24323.65,41712.97540500057,1775.3854499999984,1677.6584000000003,1811.9728571428548
1699833600,2044.99,2118.08,2031.53,2054.72,59168.2768,39542.05483500058,1775.1749999999986,1682.5414,1834.5285714285692
1699920000,2053.91,2065.24,1938.44,1979.49,40039.4771,39637.47147000058,1774.9619999999984,1692.501,1854.7519047619023
1700006400,1979.6,2063.62,1968.14,2059.97,37528.0961,38385.55271000058,1775.1517999999985,1702.397,1872.8519047619022
1700092800,2059.63,2089.6,1939.36,1961.4,47351.9049,39592.135405000576,1775.2221499999985,1711.6043999999997,1886.5876190476192
1700179200,1961.5,1990.41,1908.2,1962.15,37008.7653,40815.96420000057,1776.5135499999983,1720.6133999999997,1895.8357142857144
1700265600,1961.8,1972.12,1920.09,1963.31,17147.7409,40913.212790000565,1777.6942499999984,1730.0721999999996,1908.8304761904762
1700352000,1963.54,2016.64,1944.46,2013.08,17381.8579,40265.02222500056,1778.6309499999982,1737.8877999999997,1916.2961904761905
1700438400,2013.69,2067.66,1995.61,2022.35,42456.2074,41301.25600500056,1779.5202999999985,1747.2103999999997,1924.9604761904761
1700524800,2021.96,2035.71,1932.5,1933.93,33244.6865,40820.48843500056,1780.246500000001,1754.4705999999996,1933.8680952380953
1700611200,1931.64,2091.51,1931.64,2064.13,40955.126,41553.885500000564,1780.681400000001,1760.6431999999998,1944.205238095238
1700697600,2064.8,2088.29,2041.47,2062.12,21609.7546,41202.31695500056,1781.435400000001,1766.5433999999996,1954.3152380952383
1700784000,2062.2,2133.69,2059.96,2081.75,43578.2159,42576.74885500056,1781.8859500000008,1773.3783999999996,1959.9376190476191
1700870400,2082.03,2091.66,2066.93,2083.86,14058.3215,41111.97522000056,1782.536650000001,1779.1419999999998,1970.2485714285715
1700956800,2083.64,2094.83,2038.05,2062.86,17086.4892,40707.99568000056,1782.993500000001,1784.5572,1982.6761904761906
1701043200,2063.15,2071.03,1987.33,2028.25,23028.6082,40568.81969000056,1783.528050000001,1792.7033999999999,1994.4666666666667
1701129600,2027.77,2076.43,1996.57,2048.94,17227.0365,40361.64009000056,1784.2450000000013,1800.9947999999997,2005.2504761904763
1701216000,2049.22,2073.15,2020.33,2029.17,16556.9161,33569.31469500056,1783.929600000001,1810.404,2013.3004761904765
1701302400,2028.86,2054.52,2021.68,2051.77,14534.2247,30049.234235000564,1784.732300000001,1819.1667999999997,2019.3823809523808
1701388800,2053.15,2108.67,2046,2087.55,35391.1718,29983.826370000566,1785.6349500000008,1827.7359999999999,2027.1014285714289
1701475200,2087.91,2183.71,2086.03,2165.16,26852.2826,30110.258000000566,1786.758000000001,1835.6369999999997,2033.796190476191
1701561600,2165.19,2219.16,2150.36,2193.28,24862.0069,28394.944505000567,1787.9225000000008,1845.0041999999999,2030.5095238095244
1701648000,2195.25,2272.17,2191.44,2242.71,62254.6527,29505.703285000567,1789.0181500000008,1854.2312,2030.9276190476196
1701734400,2236.76,2308.06,2189.58,2293.9,59824.2077,30620.50886500057,1790.180500000001,1863.9234000000004,2036.2204761904768
1701820800,2293.15,2311.83,2223.11,2233.45,35804.3066,30043.128950000573,1791.382650000001,1874.8672000000004,2043.2971428571434
1701907200,2233.85,2384.01,2220.25,2356.62,65757.4379,31480.562580000573,1792.5485500000013,1887.1214000000002,2052.2490476190483
1701993600,2357.26,2388.43,2340.58,2359.02,53551.4304,33300.747055000575,1793.805800000001,1899.8792,2067.220952380953
1702080000,2360.79,2403.14,2330.64,2340.95,28802.6185,33871.78508500058,1795.158500000001,1913.5642,2075.4819047619053
1702166400,2341.16,2377.57,2323.26,2352.62,16245.4901,32561.24922000058,1796.861850000001,1927.4316000000001,2094.301904761905
1702252800,2352.18,2354.93,2161.11,2224.96,43582.4607,33078.13793000059,1798.7160000000006,1940.7920000000001,2113.2004761904764
1702339200,2223.63,2243.53,2166.53,2202.82,26065.5753,32333.660395000585,1800.9230000000011,1956.6476,2131.1833333333334
1702425600,2202.29,2283.94,2149.62,2260.65,29634.5789,32734.901610000583,1803.326050000001,1972.4764000000002,2147.351904761905
1702512000,2262.98,2331.88,2237.06,2316.13,37614.9026,32436.735945000586,1805.391650000001,1987.1934000000003,2157.0000000000005
1702598400,2316.1,2317.96,2211.73,2220.94,26118.4204,33039.74089000058,1808.1495000000007,2001.6594000000002,2169.804285714286
1702684800,2221.42,2262.25,2212.71,2228.41,15534.0673,32962.11979500059,1810.8543000000009,2012.8672000000004,2179.1623809523817
1702771200,2227.98,2246.42,2192.74,2195.52,15800.8492,32600.73184500059,1813.2864000000006,2021.5982000000001,2191.2580952380954
1702857600,2197.21,2226.85,2116.68,2218.89,28624.6987,33170.61495500059,1816.0500500000007,2031.1055999999999,2197.8861904761907
1702944000,2219.37,2254.51,2138.61,2178.1,30032.8385,33844.41107500058,1818.1428500000009,2041.6866,2204.7695238095243
1703030400,2177.9,2263.82,2160.07,2202.45,45987.9893,35417.09930500058,1820.0124500000009,2050.013,2211.086666666667
1703116800,2201.56,2280.69,2184.35,2240.36,41201.6153,35707.62148000058,1822.1595000000007,2058.9772,2220.164761904762
1703203200,2239.95,2346.83,2232.53,2326.95,70370.6771,37883.541205000576,1824.192250000001,2067.3626,2226.315238095239
1703289600,2327.53,2333.01,2269.5,2311.01,23456.3599,37813.258855000575,1825.8294500000006,2075.8204,2234.566666666667
1703376000,2310.49,2325.78,2250.3,2265.48,18739.784,35637.51542000058,1827.4652000000008,2083.1816,2243.547142857143
1703462400,2264.85,2306.95,2254.57,2272.33,20774.2592,33685.01799500057,1829.0724500000006,2090.9134,2254.9471428571433
1703548800,2273.13,2276.21,2184.01,2231.93,28992.6592,33344.43562500057,1830.8544000000006,2098.7686,2261.8923809523812
1703635200,2231.5,2393.53,2215.3,2381.07,58141.9441,32963.66093500057,1832.2080000000005,2109.2848,2265.3304761904765
1703721600,2380.94,2446.46,2336.7,2345.95,59709.8952,33271.58417500057,1833.7586500000004,2118.8219999999997,2266.7409523809524
1703808000,2347.73,2387.13,2258.42,2300.39,39549.7931,33808.94290500057,1835.5064000000004,2126.9836,2263.79
1703894400,2299.73,2323,2269.56,2292.63,19430.7161,33968.20420500057,1838.0883000000003,2134.554,2270.819523809524
1703980800,2292.71,2322.24,2257.07,2281.76,20745.1199,32826.33716500057,1840.2203000000006,2141.182,2270.311428571429
1704067200,2282.92,2353.17,2267.05,2353.17,19052.7782,32475.697310000563,1842.3826000000004,2151.0666,2267.5195238095243
1704153600,2352.84,2432.36,2347.77,2356.81,61931.5194,34090.544335000566,1844.5125000000005,2160.2140000000004,2265.218571428572
1704240000,2359.43,2392.8,2140.99,2210.8,62968.2177,35358.21009000057,1846.4675000000007,2163.806,2261.8442857142863
1704326400,2209.45,2301.09,2203.85,2269.87,41547.8704,36129.68259000057,1849.6080000000009,2168.0832000000005,2267.9495238095246
1704412800,2271.25,2278.28,2189.27,2270.24,41820.4237,37444.000410000575,1852.5700500000007,2172.6382000000003,2275.2823809523816
1704499200,2269.27,2271.74,2219.54,2241.85,15898.4379,37448.87984500057,1855.3563500000007,2178.8082,2272.908571428572
1704585600,2242.36,2257.89,2210.03,2222.6,23784.4379,37206.86680500057,1858.1234500000005,2184.8500000000004,2270.7057142857147
1704672000,2220.94,2361.87,2170.48,2332.63,67933.2891,39101.889335000575,1861.2757500000005,2189.4762,2273.053333333334
1704758400,2333.02,2375.17,2237.4,2345.33,93626.3981,41483.80977500057,1864.7104000000006,2193.6742000000004,2273.693333333334
1704844800,2344.2,2638.35,2341.56,2584.84,177606.4825,48304.05313500058,1867.9062500000007,2199.8510000000006,2274.982857142858
1704931200,2580.56,2700,2566.86,2618.58,119449.6825,50758.00340500058,1870.3230000000005,2205.445,2280.3990476190484
1705017600,2616.6,2714.36,2457.11,2522.47,133063.8725,56238.37903500057,1873.0663000000004,2210.6308000000004,2288.3623809523815
1705104000,2524.35,2589.62,2496.36,2577.64,54923.944,58047.58703500057,1875.7320000000007,2217.0218000000004,2306.5714285714294
1705190400,2577.73,2579.02,2468.23,2471.65,29950.6518,58506.40666500058,1877.9787500000007,2223.4814000000006,2324.5819047619057
1705276800,2472.27,2552.52,2470.1,2511.04,33788.1854,58746.18297500057,1879.6409000000006,2236.4996000000006,2333.8923809523817
1705363200,2511.75,2613.87,2498.29,2587.96,36489.5287,57663.56220500057,1881.9398000000008,2247.5886000000005,2346.589047619048
1705449600,2588.78,2592.89,2507.82,2529.14,31377.9453,56246.964710000575,1884.1967500000005,2256.7956000000004,2356.406666666667
1705536000,2528.04,2546.84,2425.71,2469,32930.7354,55916.011825000576,1887.7410500000003,2266.7134000000005,2367.77380952381
1705622400,2466.95,2503.75,2414.41,2491.19,42475.5896,57068.255500000574,1891.3370000000007,2274.4692000000005,2384.7276190476196
1705708800,2491.47,2491.47,2454.39,2471.5,12743.4269,56668.17085000058,1894.6521000000005,2283.4328000000005,2391.778571428572
1705795200,2471.44,2482.06,2453.95,2456.96,11673.3876,56299.201320000575,1898.0908000000004,2294.6270000000004,2397.638095238096
1705881600,2457.61,2465.7,2301.14,2312.33,52457.1032,55825.48051000057,1901.3067500000004,2304.2310000000007,2406.7238095238104
1705968000,2312.5,2349.7,2166.6,2242.17,51334.1165,55243.775450000576,1904.5981500000007,2313.027600000001,2415.2414285714294
1706054400,2241.54,2263.21,2193.88,2234.62,22803.251,54306.54448000058,1907.8704500000003,2321.8160000000007,2423.584285714287
1706140800,2233.28,2242.41,2171.58,2218.19,34034.2119,53917.23389000058,1910.8911500000004,2329.495000000001,2421.6395238095247
1706227200,2218.02,2282.77,2196.42,2267.32,44491.5627,55346.890130000575,1913.5447500000002,2335.3310000000006,2416.1804761904773
1706313600,2266.32,2282.86,2249.35,2268.09,16279.8844,54971.66245500058,1916.21945,2337.712000000001,2417.3147619047627
1706400000,2269.48,2306.7,2240.9,2257.56,16417.7622,52395.88611000058,1918.8962,2337.701200000001,2414.8538095238105
1706486400,2255.28,2322.47,2236.39,2317.28,30155.432,49222.337805000585,1921.62915,2336.5156000000006,2414.7147619047632
1706572800,2317.06,2390.75,2296.89,2343.79,46334.2603,42658.72669500058,1923.9528000000003,2336.210400000001,2415.9642857142867
1706659200,2345.27,2350.91,2263.03,2281.8,28202.5033,38096.367735000575,1925.8075500000004,2334.424400000001,2417.629047619049
1706745600,2283.83,2312.07,2243.38,2303.82,24331.9014,32659.769180000578,1927.6500000000003,2332.6058000000007,2416.898095238096
1706832000,2305,2324.14,2282.46,2307.96,21738.0296,31000.47346000058,1929.4245500000004,2330.938000000001,2416.824761904763
1706918400,2308.71,2329.08,2293.56,2296.52,12936.1768,30149.74971000058,1931.3571000000004,2330.2312000000006,2402.3942857142865
1707004800,2295.73,2309.3,2270.8,2289.86,14840.432,29202.362040000582,1933.3044500000003,2332.6078000000007,2387.4057142857155
1707091200,2289.07,2335.94,2268.79,2299.83,24137.9016,28584.78068500058,1935.2300500000003,2334.187400000001,2377.1909523809536
1707177600,2299.32,2392.16,2296.66,2372.29,33239.6428,28677.86556000058,1936.7862000000002,2335.050800000001,2363.8042857142873
1707264000,2372,2448.21,2353.51,2424.39,31804.0431,28621.53094500058,1938.8090500000003,2334.887400000001,2355.14761904762
1707350400,2426.69,2463.59,2413.09,2420.11,36927.8959,28344.146260000583,1940.5586500000002,2336.3990000000013,2345.0900000000015
1707436800,2421.82,2531.86,2419.18,2487.14,45108.9025,29962.420040000587,1942.4596000000001,2337.6280000000015,2334.820000000001
1707523200,2488.68,2519.52,2474.97,2501.57,16639.94,30210.747660000583,1944.4389500000004,2339.7142000000013,2329.8319047619057
1707609600,2502,2539.22,2495.08,2508.32,22859.8138,28730.883190000583,1946.4307500000004,2342.7822000000015,2327.5038095238106
1707696000,2508.44,2665.95,2470.49,2660.93,45793.3955,28453.84714000058,1948.4337500000004,2347.7080000000014,2327.3109523809535
1707782400,2662.22,2687.4,2595.41,2642.42,44964.6154,29561.915360000577,1950.4732500000005,2352.061200000002,2328.742857142858
1707868800,2640.11,2788.27,2621.09,2777.01,37626.7289,29741.541210000578,1952.8732000000005,2356.9968000000017,2331.1885714285722
1707955200,2776.3,2866.7,2760.96,2825.46,53281.6025,30181.04320000058,1955.6625000000004,2360.489200000002,2347.788571428572
1708041600,2825.14,2857.93,2750.04,2803.64,37402.9918,31237.19857000058,1958.3154500000005,2364.4354000000017,2366.848095238096
1708128000,2804.3,2805.19,2719.76,2786.91,18614.3918,31347.030050000576,1961.4982000000005,2372.3444000000018,2392.6761904761916
1708214400,2787.41,2895.31,2764.71,2880.56,26011.0413,31139.81051500058,1964.7161500000002,2379.746200000002,2421.5938095238107
1708300800,2881.4,2982.71,2858.46,2944.13,46706.278,31158.411400000583,1967.8954000000003,2390.6478000000016,2447.132857142858
1708387200,2942.92,3031.89,2877.78,3014.15,49674.7037,32232.02142000058,1971.8931000000002,2399.5356000000015,2471.8385714285723
1708473600,3014.55,3016.35,2874.73,2968.19,39446.2621,32987.739455000585,1975.7290000000005,2408.6894000000016,2501.5052380952393
1708560000,2967.89,3032.36,2907.02,2970.24,44597.548,34130.71537500058,1980.2055000000005,2418.4198000000015,2531.355238095239
1708646400,2970.49,2991.88,2903.71,2921.7,24182.0076,34693.00691500058,1985.0220500000005,2430.1784000000016,2563.277142857144
1708732800,2921.79,3005.13,2906.42,2993.15,15636.3504,34732.80283500058,1989.7578500000006,2443.4258000000013,2595.962380952382
1708819200,2993.1,3124.32,2985.51,3112.84,45208.4783,35786.33167000058,1994.3248000000003,2456.6454000000012,2627.696666666668
1708905600,3113.33,3199.18,3036.94,3177.13,57130.1934,36980.859200000574,1999.5305000000005,2468.8730000000014,2656.922380952382
1708992000,3179.52,3286.37,3164.3,3242.96,56120.2004,38196.667065000576,2005.0736500000005,2484.0618000000013,2690.095238095239
1709078400,3242.99,3496.1,3219.26,3385.39,111346.2218,41917.58336000057,2011.0025500000004,2497.098400000001,2729.284761904763
1709164800,3383.9,3524.44,3300.34,3341.5,83573.2101,43840.79874000057,2016.6651500000005,2511.5566000000017,2771.0609523809535
1709251200,3344.34,3455.91,3339.11,3434.74,38277.1443,44922.65895500058,2022.3741500000006,2528.9764000000014,2812.5214285714296
1709337600,3436.15,3460.9,3398.02,3422.93,23980.6591,44978.701220000585,2027.8431000000005,2548.0670000000014,2858.2833333333347
1709424000,3422.55,3494.25,3361.61,3490.24,25490.7017,43963.56653000058,2033.5282500000003,2566.2736000000014,2902.159047619049
1709510400,3492.15,3642.86,3420.47,3630.03,85683.5653,45999.51402500058,2039.8166000000006,2587.0748000000012,2947.282857142858
1709596800,3626.48,3820.65,3278.13,3557.08,168428.1241,52539.583785000585,2046.4454000000007,2602.2080000000014,2991.1571428571438
1709683200,3561.69,3905.31,3503.78,3820.79,82589.9243,54004.99987500058,2053.421700000001,2618.5312000000013,3037.9152380952387
1709769600,3819.88,3937.6,3737.77,3873.35,44171.2564,54343.41310500059,2061.1041500000006,2636.5404000000017,3084.062857142858
1709856000,3871.75,4012.59,3820.79,3889.67,65873.6604,56706.376535000585,2068.614650000001,2654.7924000000016,3127.6180952380955
1709942400,3891.07,3952.16,3878.38,3910.53,20751.3082,56443.38988000059,2076.5639500000007,2677.960000000002,3177.321904761906
1710028800,3911.69,3966.56,3798.49,3881.25,31411.1647,55678.634215000595,2084.541850000001,2698.8808000000013,3227.22142857143
1710115200,3879.98,4087.17,3755.56,4064.55,54848.8625,55937.3421550006,2092.963100000001,2723.5374000000015,3278.937142857144
1710201600,4069.95,4091.22,3833.62,3977.74,52264.7246,56578.26528000061,2102.7032500000005,2750.4216000000015,3332.442857142858
1710288000,3977.52,4082.58,3932.45,4005.74,50200.1387,56858.39481500061,2112.181600000001,2778.835000000002,3380.094761904763
1710374400,4003.89,4012.17,3722.47,3879.4,48081.9514,58053.39200500061,2122.9394500000008,2807.2218000000016,3433.448095238096
1710460800,3883.52,3932.8,3581.33,3742.31,70505.2614,60796.8375550006,2133.880200000001,2835.416800000002,3479.333333333334
1710547200,3742.89,3779.9,3473.46,3520.99,41358.0972,60604.3185000006,2144.9893500000007,2867.5686000000014,3528.7404761904772
1710633600,3532.3,3677.07,3415.41,3643.76,49630.0444,60229.3110500006,2156.368650000001,2900.876800000002,3572.0338095238103
1710720000,3643.8,3643.8,3457.09,3520.39,45858.7009,59716.236075000605,2167.3766500000006,2936.1482000000015,3611.110476190477
1710806400,3519.62,3547.28,3148.37,3158.71,89317.8395,58614.81696000061,2179.3987500000007,2969.0438000000013,3636.2457142857156
1710892800,3162.55,3536.93,3060.61,3517.4,125378.0997,60705.0614400006,2191.0197000000007,2999.526200000001,3661.5276190476206
1710979200,3516.44,3586.82,3410.23,3493.74,59622.5266,61772.3305550006,2202.814250000001,3024.5996000000014,3677.8733333333344
1711065600,3494.42,3542.59,3250.62,3336.88,42586.7675,62702.6359750006,2213.9214000000006,3052.113000000001,3673.8614285714298
1711152000,3332.18,3432.28,3273.18,3331.45,24303.1136,62643.256570000594,2224.366200000001,3077.369600000001,3680.1476190476205
1711238400,3331.23,3468.6,3299.73,3454.27,26429.4377,59680.5501900006,2233.3202000000006,3094.198200000001,3687.397142857144
1711324800,3459.12,3653.96,3422.38,3590.28,37289.678,53123.62788500059,2243.0090000000005,3117.670400000001,3682.7371428571446
1711411200,3591.73,3677.8,3547.17,3587.17,39031.7053,50945.7169350006,2252.3796000000007,3141.909200000001,3678.3809523809537
1711497600,3587.55,3662.6,3459.52,3499.79,53389.4547,51406.6268500006,2260.0293000000006,3162.570400000001,3676.6680952380966
1711584000,3497.92,3612.77,3467.39,3560.26,37283.695,49977.12858000059,2269.4312500000005,3183.0402000000013,3674.7752380952393
1711670400,3560.51,3582.78,3475.28,3512.3,23147.9747,50096.9619050006,2278.7199500000006,3206.1952000000015,3676.208095238097
1711756800,3513.39,3566.24,3490.67,3508.47,23277.0118,49690.2542600006,2287.252900000001,3232.203600000001,3660.922380952382
1711843200,3509.27,3656.42,3506.61,3646.63,32710.2307,48583.32267000059,2295.7395000000006,3257.9504000000015,3646.0133333333347
1711929600,3642.83,3647.19,3417.71,3505.32,39719.9368,47956.083280000596,2304.8460000000005,3280.5004000000017,3628.043333333335
1712016000,3505.27,3507.14,3218.55,3278.81,54162.0365,48154.178170000596,2314.5536500000003,3303.2178000000013,3608.8976190476205
1712102400,3280.33,3367.9,3206.49,3311.7,34668.331,47483.4971500006,2324.3086000000003,3325.0616000000014,3597.72523809524
1712188800,3310.93,3439.81,3252.43,3328.86,47882.5345,46352.3608050006,2333.6323500000003,3345.4882000000016,3571.0952380952394
1712275200,3325.29,3345.15,3216.44,3319.77,48895.3079,46729.2213400006,2343.3472,3368.389400000002,3537.812857142859
1712361600,3319.96,3398.62,3308.99,3352.98,18640.6727,45179.7527550006,2353.1507500000002,3388.329400000002,3504.763333333335
1712448000,3355.24,3459.33,3346.54,3454.78,20913.2872,43932.482070000595,2362.7282500000006,3400.6870000000013,3478.547142857145
1712534400,3453.55,3729.29,3408.99,3695.2,55908.6004,42262.020115000596,2372.9204500000005,3414.0726000000013,3458.4261904761925
1712620800,3693.96,3724.32,3456.23,3507,46548.8216,38320.5562100006,2382.3113500000004,3425.109600000002,3450.4257142857164
1712707200,3505.45,3560.27,3414.71,3545.47,33711.8943,37025.0245950006,2390.4945500000003,3434.995800000002,3441.4266666666686
1712793600,3543.44,3617.06,3476.63,3505.13,25228.9798,36157.135210000604,2398.8744,3445.9826000000016,3449.750952380954
1712880000,3504.72,3554.54,3114.72,3238.89,58123.7781,37848.168435000596,2407.40315,3459.340000000002,3466.3361904761923
1712966400,3236.03,3300.88,2864.96,3012.06,77351.1855,40394.2558250006,2415.8141000000005,3475.632800000001,3467.672857142859
1713052800,3012.22,3178,2911.72,3158.86,50571.2434,41058.3340950006,2424.35685,3486.890200000002,3468.21523809524
1713139200,3152.97,3277.48,3028.31,3103.18,46789.1638,41446.2070200006,2433.5167000000006,3497.516600000002,3463.549047619049
1713225600,3099.16,3127.39,2997.69,3085.92,33245.4048,40439.0045250006,2444.0728500000005,3508.2554000000014,3448.3400000000015
1713312000,3086.33,3123.25,2920.68,2986.74,45980.1129,40873.825420000605,2453.6396500000005,3513.6284000000014,3434.272857142859
1713398400,2985.65,3094.82,2956.73,3067.22,31231.1694,41277.9851550006,2463.3959000000004,3515.4356000000016,3411.077619047621
1713484800,3064.26,3124.58,2869.81,3058.24,45720.8695,42400.1780400006,2473.0126500000006,3518.7498000000014,3387.208571428573
1713571200,3058.94,3170.28,3023.51,3157.67,21028.0142,41816.06721500061,2481.2635500000006,3518.5566000000017,3362.777619047621
1713657600,3155.76,3198.54,3118.1,3148.94,16537.8238,40656.9615650006,2488.3546500000007,3516.7324000000017,3339.2995238095255
1713744000,3148.86,3237.02,3132.12,3202.59,19711.5392,38934.4367000006,2496.1570000000006,3511.608000000002,3317.6776190476207
1713830400,3202.03,3266.87,3154.2,3219.78,20075.0257,38204.7714350006,2503.4053000000004,3505.244600000002,3300.972857142859
1713916800,3222.33,3292.27,3105.91,3140.46,33092.5864,37465.274030000604,2510.4934000000007,3499.579400000002,3277.273333333335
1714003200,3137.59,3191.88,3076.64,3156.25,29763.8077,36508.699020000604,2517.0704500000006,3494.038000000002,3262.857619047621
1714089600,3157.7,3165.53,3103.87,3130.83,16863.5533,36419.84305000061,2523.7357000000006,3488.5582000000018,3260.0466666666684
1714176000,3131.74,3279.47,3074.24,3254.99,43396.3276,37543.9950700006,2530.711050000001,3482.805200000002,3251.892380952383
1714262400,3256.11,3354.03,3251.25,3264.05,37980.9785,36647.613975000604,2538.2153000000008,3474.600200000002,3243.6728571428594
1714348800,3258.51,3286.89,3118.63,3216.23,38613.7247,36250.8591300006,2545.7222500000007,3466.267800000002,3234.6757142857164
1714435200,3215.49,3252.65,2919.71,3014.34,41415.7988,36636.0543550006,2553.6787500000005,3452.9770000000017,3230.009523809526
1714521600,3016.9,3023.24,2816.1,2970.25,53823.8559,38065.7981600006,2561.54905,3438.1266000000014,3220.927142857145
1714608000,2970.2,3018.42,2895.95,2988.64,31896.3678,36754.4276450006,2569.0793500000004,3425.433000000002,3198.1190476190504
1714694400,2987.57,3128.88,2958.65,3105.11,31633.2277,34468.5297550006,2576.6946000000003,3412.503400000002,3174.6590476190504
1714780800,3103.31,3171.93,3096.04,3118.66,18054.063,32842.670735000596,2584.44585,3399.2030000000022,3147.2676190476222
1714867200,3122.03,3172.92,3075.1,3138.94,16878.6574,31347.1454150006,2592.8817,3378.198800000002,3122.6728571428603
1714953600,3139.61,3222.21,3048.42,3064.18,21508.4884,30760.2995950006,2601.36615,3358.049000000002,3116.302380952384
1715040000,3063.69,3129.45,3004.93,3007.08,19216.7847,29422.133185000603,2609.7455,3337.7070000000017,3121.378571428574
1715126400,3008.98,3039.54,2939.42,2974.83,20955.4007,28908.3447500006,2617.0549499999997,3322.221200000002,3120.4300000000026
1715212800,2973.69,3061.04,2949.52,3037.12,16066.6558,27425.634065000595,2624.12925,3309.748200000002,3118.5728571428604
1715299200,3038.29,3054.29,2884.9,2909.67,23318.0075,27540.133730000594,2631.28015,3302.107200000002,3114.818571428574
1715385600,2910.1,2942.14,2888.23,2913.07,11969.7177,27311.728425000598,2638.80305,3290.5156000000015,3114.2514285714315
1715472000,2912.44,2955.04,2901.78,2930.14,8727.3992,26762.521425000596,2646.5692,3280.249400000002,3112.818095238098
1715558400,2932.19,2997.25,2867.33,2951.68,26883.9137,27102.965825000596,2654.4446999999996,3276.5718000000015,3105.7433333333356
1715644800,2951.02,2959.89,2863.17,2882.51,16732.7843,26284.97572000059,2661.9276999999997,3266.966200000001,3094.095714285717
1715731200,2882.66,3045.37,2864.62,3034.7,37734.3801,26683.50434000059,2668.9375999999993,3255.2848000000017,3083.676666666669
1715817600,3037.08,3043.09,2925.55,2945.91,36341.8978,27657.42156500059,2675.6651499999994,3246.808600000001,3071.7285714285736
1715904000,2946.64,3121.35,2934.57,3094.46,39913.1008,27483.260225000588,2682.5278999999996,3238.782400000001,3055.6680952380975
1715990400,3089.78,3181.36,3087.1,3123.52,21857.2487,26677.073735000587,2688.2448999999992,3228.7306000000012,3050.631904761907
1716076800,3126.09,3137.59,3057.01,3070.96,17519.9714,25622.386070000586,2693.8838499999997,3214.5752000000007,3040.615714285717
1716163200,3071.39,3697.8,3045.13,3661.57,168709.4237,31987.067315000586,2699.599149999999,3203.525800000001,3038.883809523812
1716249600,3663.36,3836.21,3626.57,3789.83,193869.5827,38989.35365500059,2705.3344499999994,3192.4482000000007,3032.6233333333357
1716336000,3791.27,3812.33,3653.88,3736.37,103356.1772,42562.34412500059,2710.845999999999,3183.1322000000005,3023.428571428574
1716422400,3738.04,3948.75,3552.88,3784.63,227106.8318,52336.02433000059,2717.1382499999995,3175.356600000001,3044.6352380952408
1716508800,3782.62,3827.89,3632.22,3728.28,89164.354,55891.53888000059,2722.887799999999,3166.6064000000006,3081.5633333333353
1716595200,3729.14,3778.1,3710.83,3751.01,26041.1939,56349.665705000596,2729.3098999999993,3166.9052000000006,3118.0452380952406
1716681600,3751.09,3881.45,3733.49,3826.06,39465.2905,57247.505810000606,2735.8481999999995,3172.595400000001,3155.949523809527
1716768000,3824.6,3972.01,3823.23,3892.38,61474.3424,59360.38369500061,2741.9649999999992,3181.746600000001,3185.6242857142884
1716854400,3891.39,3927.21,3772.47,3842.06,41526.7427,60388.950795000615,2751.2671499999997,3191.205200000001,3215.736190476193
1716940800,3842.42,3882.82,3743.55,3764.37,35624.5531,61366.84566000061,2761.0455499999994,3199.193600000001,3248.456190476193
1717027200,3764.01,3826.51,3702.94,3747.7,27296.2812,61565.75934500061,2770.440399999999,3207.818400000001,3287.8942857142883
1717113600,3747.93,3844.66,3722.7,3760.16,28427.341,62388.640510000616,2779.8944999999994,3217.2800000000007,3327.6552380952407
1717200000,3761.44,3830.42,3747.8,3813.85,13691.5692,62636.84901000061,2789.033249999999,3226.0320000000006,3365.252380952383
1717286400,3814.54,3838.89,3749.56,3780.91,17631.1836,62174.21250500062,2798.354099999999,3228.969200000001,3399.0895238095263
1717372800,3779.86,3852.3,3757.65,3766.81,26016.4316,62638.39487000062,2808.041499999999,3234.1166000000007,3439.5890476190502
1717459200,3767.31,3832.67,3734.78,3812.04,28082.0774,62155.77973500063,2816.8994499999994,3238.161200000002,3482.483333333336
1717545600,3812.94,3886.79,3754.13,3866.31,31845.9483,61930.98226000064,2825.7158999999992,3243.261800000001,3522.996190476193
1717632000,3868.45,3878.85,3763.04,3812.44,17490.552,60809.85482000063,2834.267699999999,3254.7610000000013,3561.8119047619075
1717718400,3812.05,3840.39,3607.39,3677.81,36509.8984,61542.487305000635,2842.782849999999,3270.138000000001,3606.075238095241
1717804800,3676.36,3709.87,3665.72,3681.74,9519.6734,61142.47240500063,2851.3100499999987,3282.2970000000014,3645.6757142857173
1717891200,3681.07,3719.66,3667.37,3705.73,9724.4561,53193.22402500064,2860.4818499999988,3296.474200000001,3686.9390476190506
1717977600,3706.76,3711.04,3646.49,3666.1,9746.9325,43987.09151500064,2869.086549999999,3312.0820000000012,3714.7176190476216
1718064000,3665.52,3671.19,3435.14,3497.56,38264.7672,40732.52101500064,2878.113599999999,3328.596000000001,3741.2995238095264
1718150400,3496.9,3655.57,3463.79,3559.81,28908.875,30822.623175000637,2887.3630499999995,3340.8078000000014,3771.5266666666694
1718236800,3559.78,3561.15,3428.41,3467.72,26776.2454,27703.217745000635,2896.8780499999993,3353.2778000000017,3771.7423809523834
1718323200,3469.17,3528.76,3363.22,3479.92,27738.1953,27788.06781500064,2905.8748499999992,3364.2390000000014,3757.8247619047643
1718409600,3481.18,3591.32,3473.12,3568.19,26133.1527,27121.46092500064,2914.152149999999,3374.5822000000016,3749.4171428571453
1718496000,3567.4,3650.69,3540.79,3622.59,17085.0987,24901.998740000636,2922.8911999999987,3380.4816000000014,3734.3261904761935
1718582400,3622.75,3636.2,3467.86,3510.71,26622.2496,24156.774085000634,2931.099199999999,3387.282200000002,3722.4995238095266
1718668800,3512.02,3515.79,3359.56,3483.88,35241.725,24137.63268000063,2939.119099999999,3393.8274000000015,3713.7938095238123
1718755200,3484,3587.53,3467.28,3560.76,33402.4846,24442.942850000632,2946.198149999999,3400.300800000002,3704.1047619047645
1718841600,3559.34,3626.25,3487.03,3513.34,21159.1343,24079.532515000632,2953.5778999999993,3409.0480000000016,3685.9300000000026
1718928000,3513.46,3544.28,3447.47,3518.54,29017.4467,24845.82639000063,2960.6021999999994,3416.400000000002,3668.8738095238127
1719014400,3519.34,3521.26,3476.93,3496.44,8426.3269,24385.58355500063,2967.8605499999994,3421.333200000002,3659.1780952380977
1719100800,3496.55,3521.83,3408.91,3420.93,16381.2942,23903.82668500063,2975.4567999999995,3426.686200000002,3648.0180952380974
1719187200,3421.12,3434.01,3241.95,3352.46,54482.5837,25223.852000000632,2983.423899999999,3437.6146000000012,3636.5123809523834
1719273600,3351.19,3426.08,3335.96,3395.44,28819.7072,25072.53994500063,2990.7185999999992,3448.476400000002,3621.3976190476214
1719360000,3396.02,3423.85,3328.88,3369.95,18546.6643,25125.34556000063,2997.700249999999,3459.074400000002,3604.2557142857163
1719446400,3370.01,3473,3362.87,3449.2,20936.4664,24346.67396000063,3004.678249999999,3466.901000000002,3584.524761904764
1719532800,3449.25,3486.12,3360.49,3376.7,22436.3073,24992.505655000627,3011.278549999999,3472.946400000002,3564.6866666666688
1719619200,3377.14,3404.49,3371.65,3374.8,10423.6457,25027.465135000624,3017.657699999999,3477.2168000000015,3541.050476190479
1719705600,3375,3457.56,3353.76,3435.96,22648.5439,25672.545705000626,3023.670399999999,3483.842000000002,3523.753333333336
1719792000,3435.8,3517.9,3423.94,3440.75,19544.0362,24736.509155000625,3029.6077999999993,3491.099400000002,3509.4147619047644
1719878400,3441.81,3463.56,3399.05,3418.64,12055.3919,23893.835000000625,3034.586999999999,3500.586800000002,3494.7985714285737
1719964800,3420.21,3428.95,3252.45,3293.81,25359.9072,23823.018090000623,3039.769099999999,3507.3784000000014,3481.952380952384
1720051200,3295.84,3311.39,3046.03,3059.94,44038.5996,24638.038305000624,3044.914099999999,3516.6810000000014,3471.2214285714313
1720137600,3065.45,3112.97,2824.45,2983.12,88208.7322,27741.81728000062,3050.396999999999,3527.138800000001,3467.463333333336
1720224000,2983.11,3082.55,2957.79,3068.77,20688.6763,27921.996160000628,3056.155699999999,3537.3510000000015,3454.7966666666694
1720310400,3067.3,3073.81,2924.79,2932.09,16065.0364,27394.135500000626,3062.015599999999,3546.6902000000014,3435.378571428574
1720396800,2935.18,3096.48,2827.72,3020.56,56918.2713,28477.96281500063,3067.892149999999,3554.916200000001,3411.7214285714313
1720483200,3020.06,3111.92,3006.51,3067.94,25092.2799,28062.45258000063,3073.515249999999,3555.4210000000007,3387.939523809526
1720569600,3067.03,3153.28,3027.17,3103.05,30609.607,28534.976215000625,3079.503749999999,3556.165200000001,3355.058571428574
1720656000,3100.77,3213.41,3058.03,3101.65,29763.7675,28572.292255000626,3084.830749999999,3555.6514000000006,3331.7180952380972
1720742400,3102.99,3156.89,3049.5,3136.34,20184.2471,29160.188265000626,3089.152849999999,3551.822800000001,3311.9114285714304
1720828800,3137.27,3208,3117.72,3178.32,13618.1543,29022.03127000063,3092.9739999999993,3550.8148000000006,3290.115714285716
1720915200,3180,3269.41,3167.87,3247.35,18677.0131,27231.75274000063,3097.4273499999986,3538.942200000001,3270.5114285714303
1721001600,3246.74,3498.73,3237.66,3486.52,34496.4977,27515.592265000632,3101.0755499999987,3525.206600000001,3252.311428571431
1721088000,3488.74,3500.04,3350.67,3447.66,29785.8038,28077.549240000633,3104.976549999999,3512.512200000001,3237.162857142859
1721174400,3446.28,3522.62,3376.86,3389.66,22957.6666,28178.60925000063,3108.6814999999992,3499.5464000000006,3228.8971428571454
1721260800,3391.08,3490.42,3372.47,3426.61,22698.3274,28191.71025500063,3112.6416999999988,3488.547200000001,3235.2809523809547
1721347200,3427.95,3543.31,3378.32,3507.2,34721.3995,29406.597945000627,3116.822549999999,3478.4740000000006,3237.767619047622
1721433600,3510.04,3541.95,3481.46,3520.21,19292.1126,29238.776380000625,3121.1425999999988,3471.683200000001,3238.7061904761927
1721520000,3520.21,3546.07,3413.29,3537.46,24999.1058,29511.529860000628,3125.874549999999,3462.7888000000003,3237.6304761904785
1721606400,3539.24,3561.7,3426.95,3443.04,29385.3913,30378.029830000625,3130.205949999999,3453.7408,3243.8447619047643
1721692800,3443.21,3540.3,3393.8,3484.6,73315.2779,32775.79836500062,3135.908799999999,3446.9856,3250.76904761905
1721779200,3484.12,3490.15,3310.51,3336.6,35491.5894,32348.447855000628,3141.645149999999,3442.1756,3255.6023809523836
1721865600,3339.51,3343.32,3089.54,3175.94,78597.9601,31867.90925000063,3147.130299999999,3437.3765999999996,3255.7114285714306
1721952000,3178.05,3287.6,3170.93,3277.48,41441.2978,32905.54032500063,3152.854549999999,3431.8488,3258.8523809523836
1722038400,3277.44,3330.3,3201.24,3250.39,41529.5898,34178.76799500063,3158.624699999999,3425.0914000000002,3260.890000000003
1722124800,3246.03,3283.84,3201.75,3272.66,15063.9073,32086.04979500062,3164.4416999999985,3419.4472000000005,3266.413809523812
1722211200,3273.02,3399.5,3259.72,3319.12,46344.5438,33148.66299000062,3171.074999999999,3409.9384000000005,3280.430952380955
1722297600,3320.65,3366.98,3195.58,3280.35,35966.4468,33416.50498000062,3176.9408499999986,3396.1310000000003,3289.0795238095266
1722384000,3281.19,3350.41,3215.39,3232.94,29346.2459,33395.62890000063,3183.0126499999983,3385.4318000000003,3305.297142857145
1722470400,3233.53,3243.18,3079.89,3202.14,33130.6715,34042.95012000062,3188.486399999999,3376.8834000000006,3319.5142857142887
1722556800,3203.38,3218.05,2960.05,2987.43,43340.9705,35529.090930000624,3193.253099999999,3368.701800000001,3329.62904761905
1722643200,2989.2,3015.91,2861.55,2904,31006.9554,36145.58804500062,3197.9773499999988,3360.9696000000013,3335.814285714289
1722729600,2902.24,2932.88,2638.56,2688.81,50891.4546,36965.33589000063,3202.502649999999,3353.2546000000016,3340.5995238095265
1722816000,2691.09,2697.6,2131.22,2421.53,244132.7601,47682.68370500063,3205.9417499999986,3347.962200000001,3333.5085714285747
1722902400,2421.83,2554.87,2418.07,2464.12,50804.927,49075.046725000626,3209.444449999999,3340.8088000000007,3320.4457142857173
1722988800,2465.47,2550.79,2310.62,2343.39,59460.8139,50913.17105000063,3213.2338499999987,3331.203000000001,3293.8485714285744
1723075200,2342.76,2725.04,2322.48,2684.53,63315.4582,52342.87398500063,3216.510349999999,3319.684600000001,3243.1347619047647
1723161600,2682.15,2707.08,2558.19,2601.45,37787.7881,53267.65776000063,3220.162799999999,3302.0970000000007,3196.299523809527
1723248000,2599.42,2644.25,2580.33,2611.1,15124.7916,52773.94205000063,3222.544749999999,3278.0758000000005,3146.4771428571457
1723334400,2611.55,2722.17,2544.89,2556.61,25921.9138,52600.76817500063,3224.124949999999,3257.1440000000002,3111.140000000003
1723420800,2556.13,2749.85,2509.49,2723.17,54967.5644,51683.38250000063,3224.923299999999,3234.3342000000002,3068.0090476190503
1723507200,2722.88,2738.37,2614.2,2703.75,34483.8449,51632.99527500063,3224.685949999999,3216.8096,3024.718095238098
1723593600,2704.08,2780.98,2634.18,2663.29,31247.6604,49265.48029000063,3224.5505999999987,3198.5718000000006,2978.0109523809556
1723680000,2666.86,2676.23,2511.86,2570.16,31746.2153,48780.726165000626,3223.910049999999,3180.4230000000007,2943.731428571432
1723766400,2569.07,2629.8,2555.46,2594.1,29657.0669,48187.10002000063,3225.047899999999,3161.6264000000006,2906.548095238099
1723852800,2594.62,2627.67,2590.4,2614.94,8302.6249,47849.035900000636,3226.4934999999987,3147.6712000000007,2874.4857142857177
1723939200,2615.66,2684.06,2597.39,2613,15980.3653,46330.82697500063,3228.3381499999987,3134.6970000000006,2845.639047619051
1724025600,2613.44,2648.99,2569.05,2639.17,22203.4978,45642.67952500063,3229.9480999999987,3120.054,2813.097142857146
1724112000,2638.2,2697.38,2558.14,2574.85,29893.8576,45670.06011000063,3232.4729999999986,3104.058200000001,2782.8376190476224
1724198400,2575.91,2662.28,2537.47,2631.72,22778.6362,45152.458345000625,3234.655149999999,3086.9562000000005,2751.4252380952416
1724284800,2633.18,2645.53,2584.6,2624.21,13665.5388,43668.68676000062,3236.631149999999,3071.721000000001,2719.04666666667
1724371200,2624.2,2800.05,2623.46,2764.74,34108.9801,43823.787995000625,3238.1941499999984,3056.485000000001,2685.4514285714317
1724457600,2766.31,2820.92,2735.44,2769.79,23621.0819,42460.269360000624,3239.578249999999,3040.549200000001,2656.821904761908
1724544000,2770.45,2793.61,2736.76,2749.07,17614.8191,31134.372310000625,3240.9339999999984,3023.231200000001,2629.3014285714316
1724630400,2749.97,2762.92,2667.23,2682.38,13721.1706,29280.184490000618,3242.589999999999,3007.492800000001,2618.697142857146
1724716800,2682.84,2701,2402.28,2458.98,37005.5139,28157.419490000622,3244.266749999999,2994.1008000000006,2612.3061904761935
1724803200,2457.98,2556.66,2421.17,2529.76,35829.7753,26783.13534500062,3245.6011999999987,2988.1968000000006,2615.1757142857173
1724889600,2528.76,2597.6,2504.49,2529.54,19700.3182,25878.76185000062,3247.2771999999986,2983.9302000000002,2627.5971428571456
1724976000,2530.03,2547.53,2436.26,2527.81,25156.2972,26380.337130000622,3248.9489499999986,2977.5362000000005,2627.352380952384
1725062400,2527.21,2534.35,2494.87,2515.25,7236.5919,25446.071035000623,3251.2734999999984,2972.542000000001,2636.2271428571457
1725148800,2515.07,2517.6,2403.84,2428.19,21691.6263,23782.274130000624,3253.2609999999986,2961.3104000000003,2628.8466666666695
1725235200,2430.42,2564.09,2428.13,2539.3,21883.9861,23152.28119000062,3254.884399999998,2950.5468000000005,2625.340000000003
1725321600,2539.51,2553.63,2417.39,2426.82,15054.277,22342.61202000062,3256.1957499999985,2939.076600000001,2620.7757142857176
1725408000,2426.85,2491,2304.45,2451.22,31646.4243,22337.62247000062,3256.0549499999984,2927.599800000001,2614.6604761904796
1725494400,2452.27,2466.92,2349.01,2369.41,17094.8893,21709.51359000062,3256.1958999999983,2915.1780000000012,2605.904761904765
1725580800,2370.19,2408.24,2150.14,2226.31,46297.3196,23609.248325000623,3256.3019999999983,2900.1754000000005,2592.717619047622
1725667200,2226.16,2312.35,2224.75,2275.42,20518.1739,23836.138755000622,3255.6363999999985,2886.0144000000005,2582.619047619051
1725753600,2275.43,2333.28,2242.5,2298.27,18959.9789,23673.96281000062,3255.000549999999,2864.8204000000005,2573.0595238095275
1725840000,2298.1,2380.38,2275.11,2360.47,25665.2029,23462.53007500062,3253.2564499999985,2844.8916,2555.5457142857176
1725926400,2360.3,2399.43,2323.2,2389.98,20104.3498,23328.81575500062,3251.825649999999,2824.4865999999997,2539.3780952380985
1726012800,2389.95,2390.53,2281.66,2342.58,30792.1725,24185.14744000062,3249.9415499999986,2800.4806,2524.3909523809552
1726099200,2342.98,2393.72,2317.28,2363.62,26402.7147,23799.83417000062,3248.2630999999988,2775.845,2511.119523809527
1726185600,2363.83,2463.72,2336.03,2442.53,25760.2867,23906.79441000062,3245.7073499999988,2751.4062,2502.3161904761937
1726272000,2443.9,2444.01,2385.92,2420.25,12973.0883,23674.70787000062,3242.118249999999,2727.8664000000003,2488.547619047622
1726358400,2420.64,2431.04,2288.72,2318.31,21109.8133,24044.14000500062,3238.424599999999,2706.8052000000002,2476.138571428575
1726444800,2316.93,2337.05,2254.92,2296.4,36259.6445,24006.84653500062,3235.074999999999,2683.9648,2460.7952380952415
1726531200,2296.48,2394.73,2265.17,2343.81,24488.4452,23439.78003000062,3232.026149999999,2664.5052,2444.1504761904794
1726617600,2343.96,2377.03,2277.65,2375.8,35571.7112,24233.34968000062,3229.367549999999,2649.837,2423.6380952380982
1726704000,2375.3,2494.57,2374.06,2465.65,38197.4951,24885.409575000624,3226.114699999999,2632.6924,2405.258095238098
1726790400,2467.22,2574.53,2439.76,2561.87,31403.4235,26093.751155000624,3222.368599999999,2614.0508000000004,2399.773809523813
1726876800,2561.84,2622.25,2530.71,2614.4,11819.0708,25600.123380000623,3218.6955999999986,2594.5256000000004,2392.442380952384
1726963200,2615.75,2632.86,2525.54,2582.35,22989.1707,25655.382610000623,3214.582049999999,2575.0194,2389.4000000000033
1727049600,2581.5,2703.72,2542.04,2647.31,31070.1887,26456.178195000626,3209.246649999999,2556.9284000000002,2391.021904761908
1727136000,2648.43,2672.51,2593.3,2654.8,21529.0967,25950.311815000627,3204.0211499999987,2541.5826,2395.743333333337
1727222400,2655.76,2672.69,2557.96,2580.51,17545.5141,25972.843055000627,3198.566499999999,2528.7772,2403.084285714289
1727308800,2579.89,2666.7,2560.88,2633.86,22777.6664,24796.86039500063,3193.330849999999,2521.3165999999997,2408.2276190476223
1727395200,2633.75,2729.54,2617.47,2696.72,23688.7644,24955.389920000627,3188.2078999999994,2514.8835999999997,2419.0838095238128
1727481600,2697.33,2706,2653.79,2677.14,10200.324,24517.40717500063,3182.867099999999,2514.0535999999997,2425.2404761904795
1727568000,2677.21,2684.74,2636.53,2659.21,10208.237,23744.55888000063,3178.153699999999,2518.719,2437.8333333333367
1727654400,2659.02,2663.45,2576.99,2603.15,25222.5108,24000.466930000628,3171.961499999999,2521.0468,2460.233809523813
1727740800,2606.1,2658.96,2417.37,2448.98,36836.4896,24302.68278500063,3165.831299999999,2526.8561999999997,2479.363333333337
1727827200,2449.68,2499.66,2353.96,2365.61,22577.0427,24111.399185000628,3159.6569499999987,2527.1,2496.5509523809556
1727913600,2366.03,2404.16,2311.77,2350.38,23433.3413,23995.05191500063,3153.006849999999,2528.6137999999996,2508.107142857146
1728000000,2350.7,2444.67,2340.3,2415.63,17107.4011,24201.76755500063,3146.769899999999,2529.5759999999996,2510.9166666666697
1728086400,2416.01,2428.77,2391.25,2414.73,9191.8887,23605.871325000633,3139.930749999999,2530.5067999999997,2512.0133333333365
1728172800,2415.84,2456.33,2407.36,2440.4,9218.1054,22253.794370000633,3133.427749999999,2525.0229999999992,2511.38285714286
1728259200,2440.68,2519.66,2400.79,2422.46,27918.6649,22425.30535500063,3126.695099999999,2518.2601999999997,2510.1019047619075
1728345600,2423.19,2464.26,2401.53,2440.66,15956.8562,21444.56260500063,3120.313849999999,2512.001999999999,2509.8390476190507
1728432000,2440.72,2471.82,2351.63,2369.15,21004.8656,20584.93113000063,3113.8471999999992,2508.911399999999,2515.6528571428603
1728518400,2370.3,2416.72,2330.44,2384.61,25848.253,20307.172605000633,3108.0702999999985,2505.3239999999996,2521.6557142857177
1728604800,2384.15,2471.17,2380.67,2438.65,20910.9554,20761.76683500063,3101.6033999999986,2501.8331999999996,2526.267619047622
1728691200,2439.93,2490.65,2434.91,2477.79,14892.6897,20356.94278500063,3096.079599999999,2498.0224,2525.9509523809556
1728777600,2478.37,2484.95,2438.27,2468.62,10673.4322,19337.10496000063,3092.3596999999986,2494.0521999999996,2522.0919047619077
1728864000,2469.34,2654.82,2444.65,2630.18,35944.1179,20057.85602000063,3086.9746999999984,2489.9381999999996,2516.2242857142887
1728950400,2631.21,2684.25,2539.63,2607.89,31414.9125,20751.325940000628,3081.6182999999983,2484.9959999999996,2509.719047619051
1729036800,2608.99,2646.35,2590.18,2611.43,23826.3317,20803.759205000628,3077.1371999999988,2481.2847999999994,2504.3033333333365
1729123200,2611.85,2646.57,2577.4,2604.88,16945.339,20466.587935000625,3072.3256999999985,2475.5457999999994,2503.4876190476225
1729209600,2603.31,2675.22,2596.56,2641.45,23907.3089,21151.937180000627,3066.977399999998,2469.5224,2501.253809523813
1729296000,2640.98,2662.32,2630.62,2647.75,9652.5268,21124.151670000625,3061.2192499999987,2467.1445999999996,2502.726190476193
1729382400,2647.95,2756.3,2635.95,2746.32,25894.6935,21157.760805000624,3055.672349999999,2465.6547999999993,2501.3461904761934
1729468800,2746.73,2767.04,2656.62,2666.67,18260.2037,20228.946510000624,3050.5164999999984,2468.7038,2498.714285714289
1729555200,2666.7,2671.06,2604.58,2620.75,19447.2551,20072.457130000625,3045.866099999999,2470.2062,2497.3147619047645
1729641600,2620.93,2625.64,2451.89,2522.71,29610.0896,20381.294545000626,3041.3440499999983,2472.4444,2501.46285714286
1729728000,2523.02,2561.03,2506.47,2535.15,22609.7669,20656.412835000625,3036.8588499999983,2474.8432000000003,2504.487619047622
1729814400,2535.99,2564.18,2386.93,2438.32,35194.2227,21956.529535000624,3031.6500999999985,2479.4646000000007,2512.667142857146
1729900800,2439.09,2504.75,2428.07,2480.13,17394.7596,22365.362245000622,3027.3307499999983,2484.2342000000003,2520.1480952380984
1729987200,2480.14,2524.18,2462.74,2505.85,12031.9749,21571.02774500062,3024.175449999999,2485.8632000000002,2528.9466666666694
1730073600,2507.31,2586.64,2470.38,2566.65,26744.3173,22110.40080000062,3021.348549999999,2487.7810000000004,2530.027142857146
1730160000,2566.88,2680.12,2560.48,2637.58,30402.4113,22580.27808500062,3018.0375999999987,2489.4596000000006,2533.141428571432
1730246400,2636.78,2722.64,2599.04,2659.19,40532.4139,23314.48613000062,3014.5424999999987,2490.8378000000007,2536.258095238098
1730332800,2659.59,2668.53,2501.41,2516.86,35198.9161,24028.884165000618,3010.3911499999986,2495.9142000000006,2543.1242857142884
1730419200,2516.25,2585.97,2466.11,2512.06,23392.995,24453.89943000062,3005.7929999999988,2500.5228000000006,2552.5014285714315
1730505600,2511.91,2522.92,2471.36,2492.32,11407.6399,24490.609815000622,2999.5085999999988,2505.8904000000007,2566.3128571428597
1730592000,2493.59,2495.56,2410.49,2456.63,18505.4429,23618.67606500062,2994.374249999999,2511.4326000000005,2572.610476190479
1730678400,2456.61,2489.97,2358.46,2397.32,25540.8816,23324.974520000622,2989.176149999999,2516.8168000000005,2576.106190476193
1730764800,2396.87,2482.47,2380.61,2423.44,29925.0846,23629.912165000624,2984.483749999999,2520.3024000000005,2576.798095238098
1730851200,2424.92,2746.29,2421.05,2723.31,90886.4117,27326.965800000624,2981.4771999999984,2523.2712000000006,2576.2271428571457
1730937600,2724.07,2918.75,2701.69,2897.62,82729.6865,30268.084680000622,2979.7128499999985,2524.2670000000003,2565.138571428575
1731024000,2899.25,2983.39,2888.77,2963,46346.0297,32102.75982500062,2976.5028499999985,2524.9946000000004,2556.3552380952415
1731110400,2963.33,3157.91,2956.63,3128.53,59434.1546,33779.73288000062,2973.5472499999987,2526.5748000000003,2561.6828571428605
1731196800,3128.21,3250.51,3070.9,3185.87,93095.4795,37521.49667000062,2970.579249999999,2529.1156,2575.6228571428605
1731283200,3183.53,3388.91,3108.38,3373.68,86555.3263,40876.900230000625,2967.9286999999986,2536.7056000000002,2590.9347619047653
1731369600,3379.44,3443.27,3208.01,3246.23,97555.7354,44274.18252000063,2964.5791999999988,2547.1420000000003,2613.829047619051
1731456000,3245.81,3338.91,3120.28,3191.57,79304.7001,47108.929180000625,2961.4051999999983,2557.089,2634.760000000003
1731542400,3192.56,3241.35,3034.18,3059.92,52822.0741,47990.32175000062,2959.2333999999987,2568.4222,2668.4271428571456
1731628800,3059.91,3134.06,3013.57,3090.35,43704.2414,49305.79584000062,2957.9767999999985,2579.8516,2698.2119047619076
1731715200,3091.52,3218.43,3072.82,3133.45,47945.7822,51101.48620500062,2956.778849999999,2595.6782,2730.0623809523836
1731801600,3135.47,3160.31,3036.35,3075.91,31690.3787,51348.789275000614,2956.322599999999,2607.6566000000003,2755.051428571431
1731888000,3075,3224.94,3049.99,3209.8,41927.0791,51925.022665000615,2956.5496499999986,2618.3920000000003,2786.100476190479
1731974400,3210.72,3222.39,3070.51,3110.12,75088.8518,53652.844560000616,2957.636799999999,2627.9802,2817.210952380955
1732060800,3110.71,3159.8,3031.43,3070.88,42134.7681,53999.63716000061,2958.213799999998,2637.11,2844.3566666666693
1732147200,3071.77,3388.66,3034.03,3360.15,137460.1571,59702.9952650006,2957.896699999999,2645.8446000000004,2874.9828571428598
1732233600,3362.12,3427.25,3259.11,3328.05,68194.1345,62542.319995000595,2956.8760499999985,2653.82,2897.484761904764
1732320000,3328.82,3502.77,3313.65,3396.49,83530.6507,65793.5803850006,2956.2466499999987,2664.8318,2917.0890476190502
1732406400,3395.74,3450.06,3288.2,3362.14,30893.325,66061.20255500061,2956.8421999999987,2674.9712,2957.2457142857165
1732492800,3362.96,3547.12,3301.77,3415.82,101852.7739,69657.5870200006,2957.370499999998,2687.4092,2996.1023809523836
1732579200,3413.1,3465.42,3255.92,3325.57,49778.3361,67602.1832400006,2958.4762999999984,2707.3,3039.1580952380978
1732665600,3327.96,3688.4,3301.1,3656.99,80456.3199,67488.5149100006,2958.501349999998,2726.8533999999995,3082.2776190476216
1732752000,3656.63,3666.06,3530.78,3580.4,43460.8768,67344.25726500059,2958.2624499999984,2746.4706,3130.777619047622
1732838400,3580.28,3648.11,3537.89,3594.41,29565.4277,65850.8209200006,2959.368499999998,2765.4188,3173.736190476193
1732924800,3593.97,3739.62,3570.64,3705.29,45033.7753,63447.735710000605,2960.6878499999984,2784.9272,3218.1971428571455
1733011200,3705.81,3751.32,3662.93,3710.68,41995.7275,61219.75577000061,2962.634899999998,2802.9894,3250.710476190479
1733097600,3711.04,3762.45,3556.86,3645.05,59417.3117,59312.8345850006,2964.5714499999985,2827.3160000000003,3280.777619047621
1733184000,3644.92,3671.3,3504.09,3617.43,58877.8272,58291.49094000059,2966.4649499999987,2851.541,3308.2423809523834
1733270400,3621.59,3895.37,3619.61,3844.08,105292.0137,60914.98792000059,2968.544449999999,2875.737,3333.233333333336
1733356800,3845.18,3957.19,3644.74,3787.31,125515.409,65005.54630000059,2972.2640499999984,2901.0698,3346.1557142857164
1733443200,3788.66,4093.57,3778.17,4003.5,84462.8466,66831.39952000059,2975.515349999999,2925.7276,3363.831904761907
1733529600,4005.95,4029.31,3973.82,3999.94,21187.4479,66306.2529800006,2978.728999999999,2949.2562000000007,3394.9038095238116
1733616000,4001.29,4019.88,3924.34,4007.41,20415.9536,65230.69670500059,2982.842899999999,2969.0012000000006,3429.5414285714305
1733702400,4009.81,4009.81,3536.46,3715.84,72973.1302,65124.910625000586,2986.222799999999,2993.725,3473.024761904764
1733788800,3714.89,3781.84,3521.07,3630.3,60905.286,66063.4365200006,2989.7184999999986,3017.2426,3514.286190476192
1733875200,3630.84,3850.88,3558.4,3834.25,29269.8682,60653.92207500059,2992.333349999999,3045.215,3558.6433333333352
1733961600,3835.18,3988.26,3798.53,3882.54,45516.3899,59520.0348450006,2995.9361499999986,3072.3848,3582.7404761904786
1734048000,3881.74,3969.27,3853.93,3907.05,32342.8045,56960.642535000596,2999.5178999999994,3099.578,3607.510952380954
1734134400,3908.1,3943.43,3826.31,3869.5,20715.7216,56451.7623650006,3001.2275499999987,3118.9684,3643.861904761907
1734220800,3869.03,3974.04,3831.52,3956.48,25176.0479,52617.9260650006,3002.2780999999995,3138.2410000000004,3668.7376190476207
1734307200,3960.77,4106.45,3882.53,3985.57,45789.5684,52418.4876800006,3003.6332999999995,3162.5110000000004,3696.30904761905
1734393600,3987.41,4040.24,3848.36,3892.63,32613.0321,50026.3232900006,3003.2893499999996,3189.7076,3718.8333333333353
1734480000,3891.65,3901.32,3617.95,3625.25,41856.3315,49946.0960250006,3002.7994499999995,3217.1456,3747.13523809524
1734566400,3629.67,3762.54,3329.31,3415.38,67864.5511,51861.0521950006,3003.2156499999996,3245.7691999999997,3774.2661904761926
1734652800,3420.67,3499.02,3096.16,3470.71,83167.7009,53767.7484750006,3003.49805,3275.2961999999998,3801.26904761905
1734739200,3468.34,3556.6,3292.71,3337.3,31719.6682,53253.945510000594,3003.5714000000003,3304.8906,3799.757619047621
1734825600,3338.04,3399.62,3223.5,3279.81,21516.4933,51358.904590000595,3003.7086,3331.4102000000003,3791.899523809526
1734912000,3279.4,3460.6,3218.96,3419.77,33631.3553,50096.5809950006,3004.6691499999997,3351.1636,3786.00904761905
1734998400,3417.06,3539.14,3333.05,3491.92,30230.9201,46343.5263150006,3005.8585,3366.2873999999997,3768.4857142857163
1735084800,3494.05,3545.21,3440.85,3494.59,14242.3829,40779.8750100006,3006.5208500000003,3385.3644,3747.968095238097
1735171200,3498.12,3512.38,3303.53,3333,15781.6417,37345.8147650006,3005.5778499999997,3401.8691999999996,3737.2404761904777
1735257600,3333.21,3436.76,3301.54,3330.92,19975.7005,37285.2273950006,3003.7501999999995,3417.6189999999997,3731.2638095238112
1735344000,3330.74,3421.1,3320.21,3402.39,8572.9059,36693.0750100006,3002.2697,3436.881799999999,3714.621428571431
1735430400,3402.46,3410.13,3324.06,3352.81,12478.1185,33668.324425000596,2999.8959999999993,3458.7737999999995,3692.9876190476207
1735516800,3351.22,3433.01,3298.91,3358.9,25478.5188,31896.986065000598,2996.9634999999994,3480.1967999999993,3660.9600000000023
1735603200,3357.91,3448.37,3313.06,3333.94,18256.5052,31346.317915000596,2995.0001499999994,3492.3905999999993,3632.50523809524
1735689600,3334.47,3369.09,3309.5,3356.78,9866.58,29563.827420000598,2994.0706999999993,3501.0566,3601.3338095238114
1735776000,3357.24,3497.8,3350.25,3452.03,18127.4363,28853.059010000597,2993.134949999999,3509.8443999999995,3584.336666666669
1735862400,3453.49,3628.92,3422.55,3607.62,22311.9735,28932.871605000593,2991.2712999999994,3514.3299999999995,3570.2242857142883
1735948800,3610.89,3669.9,3573.79,3657.12,14993.0843,28423.723425000593,2989.5953999999997,3517.7905999999994,3547.487619047622
1736035200,3658.06,3674.19,3593.33,3634.82,9138.3427,26591.162140000593,2989.1195499999994,3516.9957999999997,3526.9871428571455
1736121600,3641.26,3744.39,3611.57,3687.78,19013.1547,25911.168270000595,2988.0845499999996,3519.2067999999995,3512.7285714285745
1736208000,3689.17,3702.29,3356.33,3381.87,36276.3314,25632.168265000597,2987.54045,3524.4159999999993,3502.615238095241
1736294400,3380.09,3415.02,3217.99,3327.23,26751.8879,23576.5351050006,2986.8105499999992,3535.369999999999,3487.2980952380985
1736380800,3326.44,3357.08,3158.63,3220.8,24229.0561,20629.602865000597,2985.7535,3546.7053999999994,3473.1176190476217
1736467200,3222.33,3321.56,3194.04,3267.38,15442.2794,19815.7334250006,2984.9006999999997,3556.7327999999993,3448.795714285717
1736553600,3266.52,3319.32,3219.23,3283.71,8575.2195,19168.6697350006,2985.38525,3568.970199999999,3434.6042857142884
1736640000,3283.31,3298.85,3225.9,3266.24,5724.0397,17773.3039550006,2986.2514499999997,3572.4115999999985,3425.338571428574
1736726400,3267.4,3334.85,2927.84,3137.01,46066.9263,18565.104265000602,2986.6217499999993,3576.753799999999,3415.6561904761934
1736812800,3137.34,3256.58,3126.42,3226.73,22939.4045,18999.9553450006,2987.4939499999996,3579.7521999999985,3413.1042857142884
1736899200,3226.69,3474.63,3186.25,3450.24,28265.3089,19624.1387050006,2986.8105999999993,3577.8967999999986,3412.458095238098
1736985600,3453.14,3460.89,3266.3,3308.78,23789.2685,19814.817105000602,2985.9645499999997,3577.009999999999,3398.9933333333356
1737072000,3308.64,3527.68,3307.59,3473.45,28387.653,20805.554460000603,2984.9639,3574.404999999999,3386.365238095241
1737158400,3476.85,3493.25,3227.34,3305.39,45451.3534,22454.216205000605,2984.5384999999997,3569.9023999999995,3384.253333333336
1737244800,3304.52,3446.19,3125.09,3212.18,115326.7801,26946.629270000605,2983.9798499999997,3566.1205999999993,3383.100000000002
1737331200,3202.4,3453.26,3146.87,3280.51,83801.2543,30223.866725000604,2983.4612999999995,3568.613999999999,3389.887142857145
1737417600,3283.48,3367.27,3197.71,3327.97,34134.7761,31437.276530000607,2981.90035,3561.6497999999997,3385.2680952380974
1737504000,3327.03,3364.51,3221.99,3242.39,17534.2861,31407.619020000606,2981.1504999999997,3559.5107999999996,3378.5714285714307
1737590400,3240.29,3347.83,3183.27,3339.19,43119.0004,32447.97036500061,2981.5277,3553.7304,3374.838571428573
1737676800,3338.19,3427.41,3275.72,3309.61,29472.858,33171.95905000061,2980.8918,3543.8681999999994,3374.5542857142873
1737763200,3305.27,3349.55,3269.59,3317.5,11882.3058,33309.15720500061,2981.0552999999995,3535.2648,3369.107142857144
1737849600,3321.15,3359.6,3228.76,3232.87,12624.6523,32989.73208500061,2980.4890499999997,3528.9231999999993,3363.733809523811
1737936000,3229.58,3251.92,3020.99,3183.9,39027.404,33127.2857150006,2980.0808999999995,3521.4223999999995,3349.542857142859
1738022400,3184.38,3223.91,3039.53,3077.56,26048.1578,33092.09921000061,2981.1837499999992,3511.3245999999995,3333.3704761904773
1738108800,3078.76,3176.1,3054.24,3114.44,26312.6099,33196.27690000061,2982.908,3501.7705999999994,3314.2300000000014
1738195200,3116.16,3282.97,3095.19,3248.07,30203.1319,33934.31952500061,2983.776099999999,3488.0505999999996,3290.2357142857154
1738281600,3248.86,3442.29,3214.31,3300.13,47825.1984,35896.81847000061,2985.811599999999,3472.7091999999993,3275.7447619047634
1738368000,3297.51,3331.9,3102.71,3118.03,23013.7314,36761.303055000615,2987.2568499999993,3456.238999999999,3265.6119047619063
1738454400,3115.85,3163.03,2760.41,2869.31,54402.9223,37178.10285500061,2988.504649999999,3443.4733999999985,3266.9104761904773
1738540800,2869.62,2921.57,2160.86,2882.89,261752.4875,49118.75700500062,2989.1537499999995,3433.156199999999,3268.470000000001
1738627200,2885.48,2890.04,2636.92,2732.75,72932.7752,51352.13032000062,2989.5649999999996,3421.4325999999987,3260.580476190477
1738713600,2734.79,2828.22,2700.6,2789.49,56498.0802,52987.570905000626,2989.2710999999995,3409.7843999999986,3241.6790476190486
1738800000,2789.72,2857.46,2657.14,2688.2,46437.5659,53890.066550000614,2988.951699999999,3394.003999999999,3229.578095238096
1738886400,2688.19,2798.34,2564.34,2623.25,38130.7692,53524.03734000062,2988.955299999999,3374.000199999999,3206.055238095239
1738972800,2620.03,2668.43,2591.33,2634.9,33797.4215,49447.56941000062,2988.023349999999,3352.5283999999983,3174.5909523809532
1739059200,2634.76,2697.93,2524.46,2628.94,32057.408,46860.37709500063,2986.375199999999,3327.4719999999984,3145.0395238095252
1739145600,2630.07,2694.55,2561.6,2663.05,24840.0646,46395.64152000063,2983.773449999999,3305.4091999999987,3104.5538095238107
1739232000,2663.43,2727.01,2565.99,2603.19,25231.3169,46780.49306000063,2981.0548499999986,3286.6681999999987,3072.625714285716
1739318400,2602.23,2800.01,2551.89,2739.42,35836.7335,46416.37971500062,2977.1825999999987,3270.8255999999988,3044.852380952382
1739404800,2737.3,2756.59,2614.78,2677.86,20935.9555,45989.53459000062,2973.5289999999986,3254.109399999999,3015.449523809525
1739491200,2679.5,2791.78,2666.57,2725,14867.9882,46138.818710000625,2969.282699999999,3239.942199999999,2980.9361904761918
1739577600,2725.62,2738.34,2665.1,2693.42,11974.1172,46106.291955000626,2965.183749999999,3227.606999999999,2956.985238095239
1739664000,2693.63,2725.45,2655.99,2661.8,8260.7873,44567.961120000626,2960.935249999999,3211.275399999999,2925.4933333333342
1739750400,2661.3,2850.61,2639.42,2745.25,39059.1818,45218.51232000063,2957.396949999999,3196.2253999999994,2897.654761904763
1739836800,2746.24,2757.21,2607.56,2671.88,24179.5928,45111.86146500062,2954.832499999998,3179.890799999999,2867.9366666666674
1739923200,2670.92,2738.01,2657.54,2716.57,13416.0731,44272.50852500062,2951.4610499999985,3167.730799999999,2840.742857142858
1740009600,2716.73,2770.3,2709.88,2739.44,15655.0469,42664.00095000062,2948.906199999999,3154.980799999999,2819.854761904763
1740096000,2741.53,2845.54,2617.83,2663.31,56283.3939,44327.48407500062,2945.9321999999984,3140.168999999999,2800.5366666666678
1740182400,2663.41,2797.9,2653.16,2766.2,48768.8597,44045.780945000624,2942.9615999999987,3128.017799999999,2781.590476190477
1740268800,2765.5,2855.44,2746.53,2821.22,47043.3706,33310.32510000062,2940.026949999999,3114.2773999999995,2757.3700000000013
1740355200,2821.64,2840.55,2474.67,2517.42,64977.4759,32912.56013500062,2937.171249999999,3101.9299999999994,2727.0452380952393
1740441600,2522.77,2532.89,2332.05,2495.18,74660.6211,33820.68718000062,2934.886799999999,3089.5831999999996,2710.2914285714296
1740528000,2492.98,2506.45,2256.38,2334.2,60112.4105,34504.429410000615,2933.309049999999,3073.8087999999993,2708.00142857143
1740614400,2338.99,2380.41,2228.62,2308.34,54958.8771,35345.83480500062,2932.3718999999987,3056.980399999999,2690.598095238096
1740700800,2308.72,2313.53,2077.24,2238.17,86301.7246,37971.04996000062,2932.6250499999987,3040.262399999999,2679.285238095239
1740787200,2238.07,2281.42,2144.56,2218.27,57915.6073,39263.95992500062,2933.833949999999,3017.9143999999987,2657.6047619047627
1740873600,2217.91,2546.13,2177.35,2520.29,148750.7587,45459.49463000062,2935.344349999999,2994.0623999999993,2639.5161904761912
1740960000,2521.84,2524.67,2097.96,2149.86,83842.7295,48390.06526000062,2937.7334999999985,2973.108999999999,2621.1790476190486
1741046400,2147.97,2222.36,1996.67,2172.1,65339.9919,49865.228180000624,2936.8979499999987,2952.731199999999,2601.3395238095245
1741132800,2169.97,2277.28,2157.18,2242.23,35350.8757,50585.97419000062,2936.3665999999985,2933.078599999999,2596.1657142857152
1741219200,2244.61,2320.57,2179.99,2203.34,24763.8729,51080.76842500061,2934.9820999999993,2912.096399999999,2571.728095238096
1741305600,2202.48,2249.58,2106.65,2142.1,41479.2621,52556.02567000062,2933.740749999999,2896.8279999999986,2551.2000000000007
1741392000,2140.75,2247.71,2107.9,2204.91,22905.8521,53288.27891000062,2931.315749999999,2874.500399999999,2527.5242857142866
1741478400,2204.93,2213.21,1990.65,2020.63,33721.7877,53021.40920500063,2928.8883499999993,2855.2021999999993,2504.9280952380964
1741564800,2024.43,2159.06,1817.77,1865.64,83262.5543,55975.55728000063,2928.173349999999,2835.512199999999,2477.170952380953
1741651200,1871.08,1962.94,1759.21,1923.88,67216.1734,58665.56229500063,2926.071849999999,2810.574199999999,2453.908571428572
1741737600,1925.23,1959.17,1836.33,1909.25,55789.4731,60672.28360500063,2923.9618499999992,2787.2405999999987,2423.3766666666675
1741824000,1909.73,1916.62,1823,1865.37,24562.2472,59086.22627000064,2922.098299999999,2761.869799999999,2381.4904761904772
1741910400,1864.59,1945.73,1861.94,1912.75,17195.3387,57507.55022000064,2920.0499999999993,2736.174599999999,2345.8714285714295
1741996800,1913.91,1956.73,1905.79,1938.48,16244.94,55967.62869000064,2917.56465,2709.243799999999,2307.42761904762
1742083200,1938.9,1942.58,1867.8,1888.67,32924.8874,54364.99926500063,2915.7149499999996,2682.111199999999,2265.805238095239
1742169600,1887.65,1953.3,1881.76,1928.02,27263.2021,51995.128315000635,2912.6594999999998,2653.7367999999988,2230.0642857142866
1742256000,1927.54,1935.91,1873.75,1933.34,14821.2847,49730.57202500063,2908.866649999999,2626.196399999999,2190.6490476190484
1742342400,1932.95,2070.82,1929.44,2058.11,48979.7908,49431.617710000624,2904.662349999999,2597.667599999999,2146.241904761906
1742428800,2060,2069.1,1952.92,1983.85,22570.7198,46245.06747000063,2900.359649999999,2570.244999999999,2118.1752380952394
1742515200,1983.23,1995.9,1938.06,1965.68,15253.1069,44111.94245000063,2895.941149999999,2541.668399999999,2091.4209523809536
1742601600,1964.81,2005.99,1964.81,1981.29,11258.4978,37237.32940500062,2892.0929999999994,2515.571399999999,2078.273809523811
1742688000,1980.28,2020.88,1977.97,2007.69,13649.6538,33727.67562000062,2889.4904999999985,2490.5601999999985,2062.8219047619064
1742774400,2006.25,2104.85,1979.92,2082.5,23542.707,31637.811375000623,2886.285049999999,2470.1711999999984,2049.846190476192
1742860800,2081.32,2097.63,2038.54,2068.07,15687.2597,30654.63057500063,2883.2774499999996,2447.5593999999987,2038.56142857143
1742947200,2068.1,2079.98,1983.8,2010.44,14715.784,30152.22613000063,2880.3050999999996,2421.9115999999985,2014.1519047619058
1743033600,2011.42,2037.83,1987.89,2003.05,11623.541,28659.440075000624,2878.019399999999,2395.5347999999985,2010.9442857142872
1743120000,2003.19,2016.48,1863.41,1897.07,42637.1215,29646.003545000625,2875.7976999999996,2373.3279999999986,2005.9904761904777
1743206400,1896.75,1913.23,1798.9,1828.79,19569.9144,28938.409880000625,2872.9295999999995,2357.5917999999983,1994.9528571428586
1743292800,1827.8,1849.21,1769.37,1807.95,29564.5311,26253.508720000624,2870.70195,2341.2953999999986,1985.4152380952396
1743379200,1810.13,1852.66,1778.67,1822.26,21805.028,23982.951450000626,2868.4843,2326.8491999999987,1973.7471428571444
1743465600,1822.03,1926.59,1820.72,1905.58,37056.133,23046.284445000627,2867.0497499999997,2311.120399999999,1955.8366666666684
1743552000,1905.52,1954.6,1782.09,1794.47,43634.4698,23999.895575000628,2866.25855,2295.297799999999,1945.709047619049
1743638400,1794.71,1844.17,1749.24,1817.09,22051.404,24242.698840000627,2864.93365,2279.4085999999993,1943.6433333333348
1743724800,1818.8,1834.95,1762.71,1816.16,17659.8349,24313.443585000627,2863.4575499999996,2262.8695999999995,1942.7719047619062
1743811200,1815.54,1827.16,1765.42,1805.88,10677.1791,23201.058170000626,2861.140549999999,2246.735999999999,1937.306190476192
1743897600,1805.64,1815.96,1536.87,1580.13,52705.53,24473.174565000627,2858.3345999999997,2231.5865999999996,1935.0071428571443
1743984000,1578.21,1635.61,1412.54,1552.36,121357.0203,29799.96134500063,2855.6614499999996,2215.4121999999993,1930.4076190476208
1744070400,1551.69,1618.31,1441.66,1472.13,29614.868,28831.715205000633,2852.9546499999997,2196.9655999999995,1924.093333333335
1744156800,1474.24,1689.52,1385.41,1668.78,96738.6737,32540.112900000637,2850.2698999999993,2179.7315999999996,1909.400952380954
1744243200,1669.02,1669.84,1472.72,1521.63,46246.5036,34089.782735000634,2847.140999999999,2161.3491999999997,1891.5123809523827
1744329600,1522.27,1590.65,1505.41,1566.05,24186.1197,34736.16383000063,2844.634899999999,2139.0833999999995,1869.5500000000018
1744416000,1566.73,1668.3,1545.96,1644.04,27425.608,35424.96154000064,2842.2336999999993,2116.894599999999,1851.010476190478
1744502400,1645.07,1647.84,1563.41,1596.35,28432.5393,35669.45315500063,2839.544049999999,2091.4321999999993,1829.0000000000018
1744588800,1596.25,1689.63,1595.27,1622.75,31296.5733,36449.91883500063,2835.5656999999997,2071.3701999999994,1809.9700000000018
1744675200,1624.45,1661.17,1583.66,1589.77,28523.0472,37140.28199500063,2830.9992499999994,2047.4713999999992,1793.910476190478
1744761600,1587.85,1613.97,1537.43,1577.24,24542.1081,37786.210350000634,2825.5505499999995,2024.0035999999993,1774.3228571428592
1744848000,1576.42,1615.23,1563.65,1582.22,17640.5935,36536.38395000063,2820.82245,2003.6181999999994,1752.430000000002
1744934400,1584.57,1599.61,1573.6,1588.36,9822.9945,36049.03795500063,2815.51885,1980.2211999999997,1729.6538095238118
1745020800,1588.31,1629.96,1585.3,1612.38,11787.3709,35160.17994500063,2810.1125500000007,1956.2518,1709.0252380952402
1745107200,1613.27,1618.36,1566.2,1586.09,11513.1998,34645.58853500062,2805.0587500000006,1937.6988000000001,1688.9857142857163
1745193600,1586.66,1656.57,1564.08,1579.38,23484.6462,33967.01419500062,2800.1379500000003,1919.3400000000004,1674.2852380952402
1745280000,1579.8,1776.14,1538.12,1757.71,70081.0035,35289.34088000062,2795.0824,1904.3003999999999,1663.980000000002
1745366400,1760.51,1828.71,1745.85,1796.15,44186.616,36396.10148000062,2789.54765,1889.9008,1653.4152380952403
1745452800,1795.32,1802.34,1724.47,1770.93,20457.0564,36535.962555000624,2784.0481500000005,1877.385,1641.849523809526
1745539200,1769.45,1827.33,1739.79,1786.32,31393.8778,37571.79749000062,2778.663200000001,1864.7413999999999,1634.8080952380976
1745625600,1785.1,1840.31,1781.37,1821.48,21853.2186,36029.18192000063,2773.589250000001,1845.9232000000002,1634.8880952380973
1745712000,1822.98,1856.9,1783.15,1792.28,16512.5957,30786.960690000626,2769.4062500000005,1838.0801999999999,1632.6900000000023
1745798400,1792.25,1828.5,1746.17,1799.9,22289.6688,30420.700730000623,2765.5086500000007,1830.5611999999996,1631.26904761905
1745884800,1799.73,1843.14,1782.71,1798.67,18258.2846,26496.68127500062,2761.6536499999997,1821.1352,1632.0119047619069
1745971200,1799.28,1817.74,1736.97,1794.88,18281.0391,25098.40805000062,2758.36405,1812.7948000000001,1642.114285714288
1746057600,1793.29,1873.09,1793.29,1838.31,24448.5012,25111.527125000623,2755.2711500000005,1806.3824,1653.9019047619072
1746144000,1840.59,1870.58,1814.26,1842.42,14128.976,24446.69552500062,2751.9238,1798.1298000000002,1669.451428571431
1746230400,1842.5,1848.89,1810.91,1835.1,9074.4192,23478.789520000624,2748.7431000000006,1793.7151999999999,1675.456190476193
1746316800,1834.54,1850.46,1806.45,1810.57,10038.323,22415.87700500062,2745.6472000000003,1792.3758000000003,1690.536190476193
1746403200,1810.03,1834.17,1785.37,1820.99,16880.111,21833.73019500062,2742.7628499999996,1789.7958,1703.6966666666692
1746489600,1821.15,1821.59,1752.2,1816.92,21162.3108,21664.74033000062,2739.8393,1788.3770000000002,1712.7947619047648
1746576000,1819.11,1850.87,1788.89,1812.23,15420.2336,21553.722335000617,2736.6394,1787.9180000000001,1722.995714285717
1746662400,1812.26,2220.4,1809.71,2206.63,77338.1119,24929.478205000614,2733.22485,1786.365,1732.4357142857168
1746748800,2206.27,2489.37,2185.15,2345.74,134095.2952,31044.87442000061,2730.0733,1783.8067999999998,1743.2523809523834
1746835200,2344.73,2597.95,2318.19,2585.29,58048.1565,33371.62225500062,2726.1345,1782.4532000000002,1754.4423809523835
1746921600,2579.64,2606.08,2437.38,2514.47,57423.471,35068.56349500062,2722.2705499999997,1780.2312,1784.1761904761931
1747008000,2513.86,2623.58,2408.59,2496.48,44351.2709,33782.07686500062,2718.26625,1777.809,1820.2419047619073
1747094400,2496.25,2737.83,2417.14,2681.2,45207.823,33833.13721500062,2714.3468,1780.7793999999997,1866.570952380955
1747180800,2677.77,2722.87,2549.44,2610.6,47348.5048,35177.70963500062,2710.22415,1788.0171999999998,1910.7795238095264
1747267200,2610.38,2645.24,2479.99,2548.35,35397.712,35377.90134500062,2706.0465499999996,1800.4093999999998,1954.4509523809552
1747353600,2548.29,2648.25,2531.79,2537.55,23695.015,35469.99116500061,2703.3481,1811.0729999999999,1998.4266666666695
1747440000,2536.9,2537.93,2448.26,2475.74,25764.7062,35932.59669000062,2701.7434500000004,1820.8487999999998,2037.210000000003
1747526400,2475.66,2585.57,2326.74,2498.19,40189.9292,36827.609710000615,2701.56615,1832.8227999999997,2074.2300000000027
1747612800,2500.27,2546.2,2349.78,2527.74,42078.4326,38018.61711000062,2701.52495,1843.6733999999997,2110.00285714286
1747699200,2527.64,2586.43,2443.16,2524.42,29030.0764,38556.06897500062,2701.3315999999995,1854.4315999999997,2141.158095238098
1747785600,2523.64,2616.67,2454.05,2552.12,43307.583,39499.02306500061,2702.546,1865.1215999999995,2174.77285714286
1747872000,2552.14,2693.53,2543.54,2664.14,35364.6875,40560.808640000614,2703.1983499999997,1876.6949999999995,2209.431904761908
1747958400,2663.7,2731.87,2503.66,2527.05,46153.7197,42414.77366500061,2703.4108499999998,1890.0829999999994,2243.9914285714317
1748044800,2523.35,2576.41,2515.23,2529.72,9224.2956,42374.07229500062,2703.2653499999997,1904.4787999999994,2280.050476190479
1748131200,2529.48,2554.57,2462.91,2551.79,16020.7491,42331.10420000061,2702.45615,1918.5219999999995,2319.3757142857175
1748217600,2551.31,2597.94,2527.74,2564.36,10863.3266,41816.154990000614,2701.6511499999997,1931.4527999999993,2351.977142857146
1748304000,2563.84,2712.68,2510.46,2662.82,30053.2079,42547.80370500062,2701.70555,1948.8461999999993,2385.054285714289
1748390400,2660.8,2687.69,2611.51,2683.15,21610.8044,39761.438330000616,2701.7673500000005,1963.0453999999995,2420.350476190479
1748476800,2682.38,2790.54,2619.41,2632.44,44157.6667,35264.55690500061,2702.0663500000005,1977.3165999999994,2455.749047619051
1748563200,2632.9,2649.54,2509.21,2532.07,34792.4611,34101.7721350006,2703.1039000000005,1992.2347999999995,2496.030000000003
1748649600,2533.77,2550.58,2478.28,2528.43,19159.4103,32188.569100000605,2703.75255,2011.9193999999995,2537.502380952384
1748736000,2529.22,2548.52,2470.65,2539.64,11709.4934,30556.480225000607,2704.28395,2034.1285999999996,2557.7790476190507
1748822400,2539.19,2616.8,2476.45,2607.32,21932.807,29392.72942500061,2703.4263500000006,2058.3489999999993,2566.651904761908
1748908800,2606.32,2654.8,2578.28,2593.75,34114.4971,28731.029040000612,2701.760050000001,2077.6221999999993,2563.944285714289
1748995200,2592.71,2679.49,2585.14,2607.31,41732.0903,29047.74795500061,2700.2591500000003,2097.8309999999997,2565.1428571428605
1749081600,2607.6,2640.89,2393.24,2415.98,50835.5807,30404.77624000061,2698.032250000001,2117.0785999999994,2570.420952380956
1749168000,2415.63,2531.03,2386.92,2479.6,28723.356,30552.708730000613,2695.2651000000005,2134.990599999999,2566.2566666666703
1749254400,2479.96,2543.92,2459.82,2525.93,12541.3621,29170.280375000613,2691.057050000001,2155.209999999999,2566.1000000000035
1749340800,2526.97,2549.86,2492.9,2511.46,11409.536,27636.835545000613,2687.4680500000004,2174.629999999999,2559.7966666666703
1749427200,2510.87,2694.85,2479.86,2680.16,28413.0654,27605.98499500061,2684.2084000000004,2194.9807999999994,2557.037142857146
1749513600,2680.23,2825.26,2656.95,2816.08,56168.4153,28249.026610000612,2681.9454000000005,2211.7555999999995,2559.4271428571465
1749600000,2815.45,2878.71,2745.8,2772.04,57900.3091,29375.80769000061,2679.4624000000003,2229.703199999999,2560.0590476190514
1749686400,2771.24,2784.62,2620.97,2645.32,31452.8281,28640.76311000061,2676.8317000000006,2248.454599999999,2567.3171428571463
1749772800,2641.76,2643.87,2441.6,2579.59,49142.2542,30636.66104000061,2673.5320500000007,2266.436199999999,2581.205714285718
1749859200,2580.35,2580.35,2491.47,2532.05,10475.3964,30359.39340500061,2669.8810500000004,2288.3175999999994,2591.6780952380986
1749945600,2532.26,2560.74,2493.72,2548.96,9901.7994,30311.317045000607,2666.9601000000007,2313.0515999999993,2590.781904761908
1750032000,2548.32,2680.92,2517.22,2544.65,41566.8244,30886.99787000061,2664.1630000000005,2333.3381999999992,2593.283809523813
1750118400,2544.1,2617.47,2455.41,2511.34,27145.7267,31163.74398500061,2660.76305,2350.3215999999993,2593.3947619047653
1750204800,2511.03,2547.62,2469.89,2526.02,22854.6585,30098.593575000607,2658.2032,2366.494799999999,2593.2600000000034
1750291200,2526.56,2547.28,2486.93,2522.31,14623.0474,29090.12289000061,2655.0809500000005,2381.4093999999996,2592.3214285714316
1750377600,2522.58,2569.88,2369.64,2406.36,26025.0622,29433.405485000614,2651.49685,2395.959,2585.1080952380985
1750464000,2406.12,2449.37,2222.35,2296.69,35239.5121,30609.906420000614,2647.3157,2411.0063999999998,2577.6257142857175
1750550400,2300.99,2316.97,2119.18,2229.16,59751.8681,32500.85947500061,2643.3481,2425.2351999999996,2572.3814285714316
1750636800,2226.94,2441.9,2191.2,2413.78,46381.2663,33114.19793500061,2637.80795,2439.7821999999996,2566.3952380952414
1750723200,2414.32,2481.69,2379.96,2450.32,30630.3179,32559.10931500061,2632.6292,2454.3307999999997,2555.360000000003
1750809600,2450.02,2470.07,2390.03,2419.39,19699.6356,31002.312060000608,2627.21385,2465.6917999999996,2540.5752380952413
1750896000,2419.24,2531.97,2396.91,2415.55,17681.2262,30450.20557000061,2621.3174999999997,2474.7772,2531.3590476190507
1750982400,2415.49,2463.74,2382.44,2423.84,10690.5392,30357.664425000607,2615.37565,2482.6584,2524.5290476190507
1751068800,2424.83,2448.07,2407.5,2437.72,5556.6008,30065.01766500061,2609.1822,2494.7225999999996,2515.580476190479
1751155200,2436.68,2524.4,2414.96,2500.37,10392.3234,29163.98056500061,2602.5784999999996,2507.3091999999997,2515.5600000000027
1751241600,2501.15,2523.29,2436.14,2486.59,14771.5968,27094.139640000612,2594.5038999999997,2519.3585999999996,2512.9047619047647
1751328000,2486.37,2501.16,2388.83,2407.1,11568.5665,24777.552510000613,2587.6362499999996,2531.4249999999993,2508.7042857142887
1751414400,2406.26,2620.02,2376.76,2572.22,23412.2816,24375.525185000613,2579.8703499999992,2535.7691999999997,2508.1761904761934
1751500800,2573.51,2636.22,2559.07,2592.53,17595.8947,22798.20721000061,2571.967599999999,2537.6088,2498.9585714285745
1751587200,2592.33,2601.87,2476.61,2509.39,12909.7731,22919.92604500061,2564.008299999999,2535.9103999999998,2479.4833333333363
1751673600,2510.42,2530.58,2489.87,2518.28,4622.7007,22655.97111000061,2557.548299999999,2535.3527999999997,2469.968095238098
1751760000,2517.26,2603.83,2504.97,2572.06,9448.4248,21050.05113000061,2551.585399999999,2533.5651999999995,2467.4542857142887
1751846400,2571.83,2589.22,2514.66,2543.23,10800.6779,20232.79869000061,2544.915999999999,2531.3855999999996,2464.111428571431
1751932800,2542.77,2628.38,2524.25,2616.47,11737.5186,19676.94169500061,2537.936249999999,2531.0242,2463.455714285717
1752019200,2617.15,2795.52,2591.45,2770.71,33529.2485,20622.25175000061,2530.4364999999984,2530.245,2464.555714285717
1752105600,2771.37,3001.63,2757.64,2951.06,47546.8695,21698.34211500061,2523.950099999998,2529.8596,2464.488095238098
1752192000,2951.47,3038.35,2915.95,2956.89,40418.2393,21957.278475000614,2517.1303499999985,2531.7859999999996,2469.4942857142887
1752278400,2957.64,2980.15,2904.87,2942.53,14743.3472,19706.852430000614,2509.7494499999984,2532.6867999999995,2481.1461904761936
1752364800,2943.05,3018.12,2936.77,2970.97,13638.5844,18069.718335000613,2502.8776999999986,2534.4613999999997,2501.56285714286
1752451200,2972.38,3081.3,2963.95,3015.54,36594.0354,18367.90421000061,2497.611749999998,2539.3871999999997,2527.7785714285747
1752537600,3013.23,3145.15,2932.86,3140.03,52598.1308,20012.82897000061,2493.250999999998,2547.366,2558.53285714286
1752624000,3138.71,3426,3102.03,3374.66,79499.5381,23103.744565000612,2488.9797999999982,2553.2209999999995,2593.857142857146
1752710400,3373.4,3524.59,3314.08,3479.4,59204.5033,25529.442770000613,2486.1468499999983,2561.5305999999996,2622.512380952384
1752796800,3479.84,3677.33,3461.77,3548.69,71052.8725,28804.256355000613,2484.503099999998,2570.3556,2655.3557142857176
1752883200,3549.84,3609.71,3509.64,3595.07,13176.3943,28943.459900000616,2482.1886999999983,2579.6305999999995,2700.8447619047647
1752969600,3594.26,3822.5,3581.71,3757.21,84105.1751,32410.138815000613,2479.4417499999977,2591.144,2751.5042857142885
1753056000,3754.16,3859.88,3702.58,3764.17,71312.4656,35397.333770000616,2476.823649999998,2605.3807999999995,2805.068571428574
1753142400,3765.72,3799.41,3619.42,3747.48,61079.8712,37280.71325000062,2475.236349999998,2621.3058,2860.1804761904796
1753228800,3747.21,3765.39,3531.74,3629.79,50076.3699,38904.73701000062,2474.2818999999977,2639.6308000000004,2920.030000000003
1753315200,3629.56,3773.23,3512.29,3707.59,46416.3659,40580.06665000062,2474.1432499999974,2660.8907999999997,2980.867142857146
1753401600,3708.82,3745.62,3579.62,3726.09,51951.9818,42946.530705000616,2474.7761999999975,2685.4664000000002,3044.694761904765
1753488000,3724.31,3794.11,3700.75,3743.34,18741.7484,43411.196885000616,2475.7251499999975,2709.9570000000003,3095.055238095241
1753574400,3744.16,3882.3,3734.28,3875.14,28789.7155,44310.64876500062,2477.0307999999977,2732.7602,3148.1533333333364
1753660800,3874.21,3941.5,3756.47,3797.3,36892.6506,45568.405365000624,2479.0329499999975,2753.4809999999998,3206.091428571431
1753747200,3797.05,3887.24,3717.45,3795.19,27940.051,45288.945490000624,2480.5936499999975,2775.4866,3264.427619047622
1753833600,3795.51,3835.55,3680.5,3811.18,25510.7867,44187.141350000624,2481.2929499999977,2801.6888,3326.47904761905
1753920000,3812.32,3879.72,3686.21,3699,21655.2945,43248.994110000625,2481.156299999998,2826.9636000000005,3386.1966666666694
1754006400,3697.5,3725.14,3435.88,3488.83,46572.3495,44840.444225000625,2481.520149999998,2853.9478000000004,3442.3261904761935
1754092800,3487.83,3537.34,3372.4,3393.76,24596.827,45388.35635500062,2481.711699999998,2879.6646,3491.872380952384
1754179200,3394.04,3522.22,3357.14,3500.36,14714.721,44294.39063500062,2483.519049999998,2901.9652,3527.4885714285747
1754265600,3501.31,3737.06,3493.62,3721.14,24757.8839,42902.37829000062,2486.258599999998,2921.8672,3552.819047619051
1754352000,3720.78,3721.93,3547.37,3612.38,35748.033,40714.80303500062,2489.141099999998,2940.4064000000003,3574.3061904761935
1754438400,3612.22,3699.5,3565.8,3685.28,15794.3552,38544.295630000626,2491.7801499999973,2957.2766,3599.5152380952413
1754524800,3684.47,3927.79,3651.4,3911.3,31943.2678,36588.81539500062,2494.4174999999973,2973.56,3633.115238095241
1754611200,3909.38,4071.45,3881.99,4010.03,46517.3095,38255.86115500062,2496.5812999999976,2992.9262,3655.608095238098
1754697600,4010.92,4324.72,4007.71,4262.78,54438.0866,36772.50673000062,2498.3403999999973,3016.3698,3670.3995238095267
1754784000,4262.81,4331.63,4161.58,4251.35,46005.0166,35507.134280000624,2499.1755499999977,3037.7244,3690.966190476193
1754870400,4248.56,4367.02,4167.55,4226.21,53097.3155,35108.00649500062,2499.426149999998,3061.2032,3712.934761904765
1754956800,4225.09,4637.31,4222.72,4589.71,91003.6263,37154.369315000615,2501.487949999998,3088.9088,3744.730476190476
1755043200,4587.06,4783,4565.6,4745.97,74877.6377,38577.43290500062,2502.1825999999983,3118.6632,3768.2609523809524
1755129600,4745.3,4793.19,4452.85,4551.07,88467.2975,40403.198690000616,2504.0820499999986,3155.7915999999996,3790.262857142857
1755216000,4549.91,4669.19,4375.04,4444.59,46994.7282,41815.84768000062,2507.577649999998,3194.8848,3830.3690476190477
1755302400,4440.73,4495.02,4379.83,4426.16,23409.6209,41546.84295000062,2511.2252499999977,3234.8258,3883.520476190476
1755388800,4425.74,4577.79,4399.81,4476.37,30062.4728,41205.33406000061,2515.8992999999978,3278.3444,3923.68619047619
1755475200,4474.76,4484.49,4229.31,4316,37024.6088,41659.561950000614,2520.944099999998,3324.2574,3957.9004761904757
1755561600,4315.95,4356.17,4072.98,4076.7,30026.2234,41885.333785000614,2525.3791999999976,3366.8909999999996,3990.415714285714
1755648000,4078.66,4379.26,4063.5,4338.65,32151.3812,42410.138120000614,2531.779699999998,3407.4718,4019.045714285714
1755734400,4335.89,4342.43,4208.46,4226.95,17311.7948,40947.11038500061,2538.9220499999974,3447.5182,4043.745714285713
1755820800,4227.3,4889.47,4211.16,4830.49,70302.8547,43232.41177000061,2545.5130499999977,3488.2912,4057.150952380952
1755907200,4830.54,4830.54,4663.6,4778.49,34914.2883,44242.39013500061,2551.816499999997,3524.6038,4082.268571428571
1755993600,4777.6,4957.51,4721.63,4780.67,55513.2538,45780.15863000061,2558.5594999999976,3556.406,4107.409047619047
1756080000,4780.92,4799.49,4347.73,4380.14,64737.2176,47229.6178600006,2565.3691499999973,3595.0370000000003,4171.297619047618
1756166400,4374.79,4634.43,4317.8,4603.8,39266.2727,48403.2137350006,2570.7087999999967,3628.1315999999997,4237.237142857142
1756252800,4602.82,4664.2,4487.08,4509.42,46398.7392,49125.9873050006,2574.591649999997,3672.8908,4298.204285714285
1756339200,4508.74,4633.94,4432.75,4513.6,34451.2316,48522.6834100006,2580.694749999997,3718.2727999999997,4329.585238095237
1756425600,4510.82,4517.21,4267,4362.72,33109.6134,47456.2597500006,2587.4829499999973,3763.5205999999994,4376.795714285714
1756512000,4359.89,4416.58,4257.84,4374.73,16660.3161,45989.02472500061,2597.220949999997,3799.6821999999997,4416.040476190476
1756598400,4375.51,4498.93,4374.42,4394.68,18572.7977,44262.798835000605,2607.4496499999973,3840.8936,4444.721428571428
1756684800,4393.75,4489.78,4214.14,4315.84,27179.6878,41071.6019100006,2617.405549999997,3878.7525999999993,4461.51619047619
1756771200,4312.98,4418.06,4263.81,4328.04,23234.8953,38489.4647900006,2625.8652499999966,3913.6103999999996,4466.847142857143
1756857600,4327.37,4492.55,4285.52,4453.88,35485.8541,35840.3926200006,2635.767999999997,3941.8435999999992,4473.672380952381
1756944000,4453.23,4484.59,4268.79,4299.39,19767.8091,34479.0466650006,2645.1405999999965,3970.2003999999993,4477.940476190476
1757030400,4300.81,4493.99,4261.68,4307.22,21008.7098,34359.0011100006,2654.5638999999965,3999.2434,4465.4800000000005
1757116800,4305.86,4327.25,4246.28,4275.11,6542.3725,33182.996095000606,2663.0622499999968,4026.1407999999997,4451.570952380952
1757203200,4276.28,4336.39,4271.69,4306.4,5981.4835,31630.8398300006,2671.9199499999963,4052.3907999999997,4439.5861904761905
1757289600,4306.64,4382.06,4280.83,4308.08,17413.2845,31000.192885000597,2680.1962499999963,4078.6677999999993,4433.044761904762
1757376000,4305.56,4407.32,4276.49,4311.03,9258.2242,29855.5350350006,2688.3861499999966,4097.162399999999,4425.851904761905
1757462400,4310.02,4487.93,4286.73,4348.57,19180.0008,29948.9453350006,2696.4013499999965,4113.7188,4417.758095238095
1757548800,4349.47,4472.53,4336.96,4460.35,17473.8649,27307.4958450006,2705.2036499999963,4128.247199999999,4417.380952380952
1757635200,4463.61,4747.66,4452.56,4715.53,27360.7641,26929.819635000604,2713.3915999999967,4142.473799999999,4428.539523809524
1757721600,4715.25,4766.28,4608.92,4668.23,16513.0055,24979.807220000606,2721.201449999996,4153.491199999999,4429.0119047619055
1757808000,4670.05,4691.55,4579.97,4608.84,19760.5886,22730.97577000061,2729.2175999999968,4164.428399999999,4440.1261904761905
1757894400,4606.89,4675.68,4469.78,4527.19,16404.1427,21587.86927000061,2737.1667499999962,4176.450199999999,4434.651904761906
1757980800,4526.8,4540.21,4429.03,4502.18,17085.1158,20122.18810000061,2745.0099499999965,4193.061399999999,4429.401428571429
1758067200,4503.44,4618.86,4429.27,4591.74,25740.5173,19686.652385000612,2753.248549999996,4213.220199999999,4421.219047619048
1758153600,4592.07,4649.37,4556.79,4589.82,14344.7446,18748.408945000607,2761.160399999996,4232.062999999998,4428.221428571429
1758240000,4590.32,4621.68,4441.6,4471.52,9148.73,18372.829640000607,2769.3560499999962,4249.373,4423.382380952381
1758326400,4471,4511.37,4459.47,4482.72,4164.699,17652.42470500061,2780.346599999996,4262.413999999999,4427.302380952381
1758412800,4482.68,4501.64,4447.04,4449.56,5060.2356,16546.452095000608,2791.2118499999965,4276.5116,4430.931904761905
1758499200,4447.78,4459.15,4079.33,4202.69,49649.2114,17867.16790000061,2802.5850499999965,4292.442599999999,4436.112857142857
1758585600,4200.04,4231.58,4119.98,4166.89,14303.4974,16808.05006500061,2813.6792999999966,4308.0154,4441.255238095238
1758672000,4165.45,4208.33,4074.4,4155.26,12599.9362,16449.65642000061,2824.999349999996,4323.4658,4443.868571428571
1758758400,4155.18,4164.56,3828.52,3876.41,36776.5487,17238.04836500061,2836.866699999996,4343.343599999999,4438.480476190476
1758844800,3876.53,4070.74,3872.13,4036.88,20504.9603,17936.177755000608,2847.214349999996,4364.459599999999,4430.806666666666
1758931200,4034.39,4040.74,3977.71,4021.43,7067.5509,17990.48112500061,2858.822649999996,4378.5062,4416.586666666667
1759017600,4022.77,4145.58,3971.11,4144.46,8344.965,17537.06515000061,2870.375749999996,4387.4212,4396.444761904761
1759104000,4145.06,4239.94,4088.96,4217.61,29311.1423,18539.71105500061,2881.4123999999956,4398.2788,4383.571428571428
1759190400,4216.23,4244.79,4095.07,4145.24,22588.98,18710.16001500061,2891.409149999996,4402.1014000000005,4371.4914285714285
1759276800,4146.47,4356.37,4124.34,4349.32,20769.3205,18874.93279500061,2901.533099999995,4404.613,4363.780000000001
1759363200,4354.53,4517.7,4334.51,4486.82,16950.4357,18354.416375000612,2911.284849999995,4404.841,4359.471904761905
1759449600,4482.91,4591.27,4430.74,4512.67,19853.5423,18521.44321500061,2920.5637499999953,4402.4746000000005,4351.5771428571425
1759536000,4514.24,4519.56,4444.06,4487.97,14106.4422,18238.73589500061,2931.4199499999945,4401.7998,4351.612857142857
1759622400,4489.7,4616.74,4470.07,4515.73,16239.044,18230.48096000061,2941.9076999999947,4400.1804,4352.873333333333
1759708800,4515.67,4737.04,4490.98,4685.87,18171.1705,18284.78369500061,2953.083749999995,4395.3726,4343.213333333333
1759795200,4687.41,4757.26,4439.31,4451.06,28710.0247,18433.25906500061,2964.8449499999947,4390.1896,4334.629523809524
1759881600,4453.14,4557.18,4414.5,4525.97,14224.0232,18427.222995000608,2976.0073999999954,4389.4216,4330.195714285715
1759968000,4527.74,4532.32,4272.22,4369.08,22129.3498,19076.25398500061,2988.061599999995,4390.2892,4337.751904761905
1760054400,4371.21,4395.81,3444.81,3836.83,124412.623,25088.65018500061,3001.0523499999945,4392.0806,4335.31761904762
1760140800,3827.23,3895.86,3653.25,3751.32,52501.347,27460.705755000607,3013.9755999999948,4396.2706,4332.185714285714
1760227200,3751.29,4198.2,3703.8,4158.43,51504.711,27553.48073500061,3026.7487499999947,4398.9718,4321.674285714286
1760313600,4153.71,4293.78,4048.25,4244.38,28466.5593,28261.633830000606,3039.036849999995,4407.957200000001,4291.450952380953
1760400000,4244.1,4264.93,3894.22,4129.17,38341.7656,29548.72530000061,3052.5469499999945,4408.565799999999,4256.622380952382
1760486400,4128.02,4216,3936.38,3988.41,23929.7267,28906.384200000604,3064.9738499999944,4400.7634,4242.759047619048
1760572800,3990.56,4115.06,3826.72,3895.97,22179.0909,28990.0907300006,3077.6972499999947,4379.18,4244.744285714287
1760659200,3894.27,3952.74,3680.09,3834.81,27944.1913,30033.922750000598,3089.5041999999944,4366.778800000001,4242.948095238095
1760745600,3834.94,3930.52,3822.91,3892.72,9086.4999,30070.9994950006,3098.2758499999945,4356.053000000001,4235.0028571428575
1760832000,3891.48,4031.02,3833.02,3985.59,22484.6575,29729.675255000602,3106.6920999999943,4351.033600000001,4235.934285714286
1760918400,3984,4086.82,3913.29,3981.26,14464.5597,29323.454240000603,3117.4320499999944,4338.725800000001,4226.311904761905
1761004800,3980.03,4111.77,3844.05,3876.02,21322.445,29351.1104650006,3128.638699999994,4326.456800000001,4220.182857142857
1761091200,3874.03,3893.29,3709.65,3807.09,24180.551,29712.616230000596,3139.7991999999945,4312.881000000001,4212.617619047619
1761177600,3804.61,3933.32,3801.71,3857.83,15713.1171,29505.5949700006,3150.597299999994,4303.481000000001,4201.362857142857
1761264000,3858.96,4011.86,3849.58,3935.98,19554.0626,29777.975990000596,3161.0373999999942,4295.698200000001,4188.5428571428565
1761350400,3936.06,3965.44,3914.44,3953.79,8515.4883,29391.798205000592,3171.1001499999943,4287.429800000001,4162.722380952381
1761436800,3952.91,4185.54,3920.83,4157.34,22761.9255,29621.33595500059,3181.035849999994,4278.633400000001,4132.770476190476
1761523200,4153.7,4266.55,4098.2,4120.97,33206.716,29846.170520000596,3191.9914499999936,4268.214400000001,4105.309047619047
1761609600,4119.97,4175.2,3935.73,3982.17,18542.1471,30062.076715000592,3202.812299999994,4256.2934000000005,4079.8719047619047
1761696000,3978.65,4037.17,3851.32,3905.55,20262.5812,29968.738285000592,3213.111599999994,4249.025200000001,4062.805714285714
1761782400,3904.73,3950.33,3682.59,3805.4,20675.8748,24781.900875000592,3223.117649999994,4241.956600000001,4035.9057142857137
1761868800,3805.88,3901.84,3799.59,3848.78,14495.6858,22881.61781500059,3234.5061499999942,4239.601200000002,4013.5776190476186
1761955200,3848.92,3901.29,3834.08,3874.48,6191.035,20615.93401500059,3246.424249999994,4235.892600000001,3984.033809523809
1762041600,3874.61,3916.41,3840.69,3908.3,8954.1128,19640.311690000588,3258.832549999994,4229.3744000000015,3957.191904761905
1762128000,3905.96,3913.41,3560.84,3604.18,34429.7748,19444.71215000059,3271.275349999994,4221.264800000002,3957.7609523809524
1762214400,3601.25,3654.53,3058.08,3286.82,69770.8144,21736.766535000592,3284.2720499999937,4210.401400000002,3963.6257142857144
1762300800,3290.5,3479.6,3169.54,3424.33,29804.6107,22118.04252500059,3296.352649999994,4198.170000000001,3951.714761904761
1762387200,3423.94,3456.81,3245.8,3313.45,19053.2397,21673.494945000588,3307.660199999994,4181.349000000001,3921.229047619047
1762473600,3312.66,3471.77,3196.05,3433.69,22099.1748,22324.128690000587,3318.705449999994,4166.150400000001,3881.1171428571424
1762560000,3435.19,3484.22,3359.23,3401.56,20563.5146,22228.07154500059,3329.8355999999935,4146.057200000001,3854.25619047619
1762646400,3402.52,3614.56,3361.23,3583.77,16177.591,22313.723110000592,3341.2591499999935,4121.249800000001,3826.517142857142
1762732800,3580.95,3655.71,3509.14,3567.41,19216.686,22208.43516000059,3352.914449999994,4099.692800000001,3807.4161904761895
1762819200,3566.53,3642.64,3406.04,3417.35,17507.5443,21874.78482500059,3363.0242499999936,4074.127000000001,3784.027619047618
1762905600,3420.39,3586.45,3372.4,3414.08,16439.5896,21911.108450000593,3371.5165499999935,4051.0044000000007,3764.8933333333325
1762992000,3414.37,3562.53,3158.08,3231.88,31288.4692,22497.828780000593,3380.576299999994,4029.605200000001,3745.186190476189
1763078400,3224.45,3252.33,3073.16,3113.07,36436.9893,23893.903830000592,3389.2130999999936,4011.6262000000006,3723.34476190476
1763164800,3118.47,3229.74,3117.53,3167.22,10314.4881,23271.531960000593,3398.484649999994,3993.9832000000006,3704.6299999999983
1763251200,3167,3246.33,3012.05,3097.44,24950.5956,22858.725940000593,3406.7038999999936,3978.2764000000006,3674.822857142856
1763337600,3096.2,3220.28,2960.58,3030.06,36508.5262,23757.044895000592,3415.641999999994,3963.2202000000007,3635.636666666665
1763424000,3030.12,3169.16,2950.7,3124.67,33366.3328,24412.23247500059,3424.6243999999942,3944.7526000000003,3598.1809523809507
1763510400,3123.06,3126.36,2871.8,3023.25,33370.2459,25046.95103000059,3432.779549999994,3929.4858000000004,3547.7095238095217
1763596800,3022.61,3060.27,2790.51,2832.59,42116.9359,26428.013535000595,3440.742549999994,3912.0926,3495.761428571426
1763683200,2835.78,2883.08,2620.41,2766.66,111906.7982,31713.801695000595,3447.940549999994,3893.6128000000003,3454.9280952380927
1763769600,2767.13,2798.06,2706.06,2769.92,15296.3331,32030.912710000597,3454.5063999999943,3871.3248000000003,3412.913809523807
1763856000,2769.04,2857.99,2768.2,2802.62,25601.9476,31589.521350000596,3461.349149999994,3849.4660000000003,3366.5895238095213
1763942400,2802.08,2984.82,2765.25,2954.38,47094.2782,30455.69454000059,3467.8619499999936,3827.0262000000007,3315.0599999999968
1764028800,2953.07,2980.28,2856.2,2960.23,30525.4595,30491.73698000059,3473.820699999994,3796.6916,3262.4619047619017
1764115200,2960.17,3045.24,2889.35,3028.33,26909.8243,30884.56621000059,3480.2319499999935,3762.288400000001,3209.8104761904738
1764201600,3027.22,3070.05,2986.8,3014.71,27101.1854,31134.666740000586,3486.1726999999933,3727.433400000001,3178.8676190476162
1764288000,3015.42,3096.01,2995.35,3032.77,30597.6008,31636.371050000587,3491.282799999993,3693.726400000001,3163.3157142857117
1764374400,3032.47,3051.53,2967.7,2992.16,13705.0519,31512.744095000584,3496.0111499999934,3662.4994000000006,3144.458571428569
1764460800,2991.24,3051.79,2978.41,2991.73,10254.1468,31064.617135000582,3500.7761499999933,3627.9866,3130.2328571428543
1764547200,2992.68,2998.1,2719.66,2800.55,64462.6149,33412.37066500059,3505.728099999993,3599.5320000000006,3111.1414285714254
1764633600,2800.52,3034.25,2785.37,2998.21,41844.3215,34682.60726000059,3509.466849999993,3569.3068000000003,3091.6461904761877
1764720000,2999.46,3214.91,2988.21,3189.8,49532.3721,35594.80240500059,3512.539299999993,3542.5806000000007,3063.4538095238067
1764806400,3188.99,3238.54,3070.18,3133.58,30337.6271,35289.83429500059,3514.754499999993,3525.6872000000008,3026.9366666666633
1764892800,3136.11,3191.69,2988.1,3021.86,29521.2759,36250.17368500059,3517.255699999993,3510.495400000001,3006.9776190476164
1764979200,3020.11,3065.93,3014.05,3039.28,8999.1029,35452.599050000594,3519.9371499999934,3483.3378000000007,2996.297619047616
1765065600,3037.81,3150.78,2916.48,3061.92,30680.8029,35161.2128850006,3521.4919499999933,3458.414400000001,2991.6166666666636
1765152000,3057.72,3179.85,3042.1,3124.89,27069.3563,34846.3640600006,3523.397599999993,3439.6270000000013,2987.27333333333
1765238400,3124.13,3397.55,3091.88,3319.95,27938.0284,34574.7531850006,3524.658599999993,3422.5304000000015,2981.1809523809493
1765324800,3318.61,3445.27,3291.38,3324.08,36648.9219,34301.35248500059,3526.9618999999925,3405.048200000002,2979.4895238095205
1765411200,3323.24,3328.39,3147.64,3237.7,32059.6505,30308.995100000593,3530.532199999993,3389.137600000002,2984.005238095235
1765497600,3239.1,3266.01,3045.66,3084.97,27440.7584,30916.216365000593,3533.709149999993,3372.521600000002,2993.3042857142827
1765584000,3084.21,3135.36,3080.25,3115.39,9525.5484,30112.396405000596,3536.179749999993,3355.307600000002,3007.629523809521
1765670400,3116.06,3128.95,3028.64,3063.02,14939.7455,28504.669770000597,3538.7540499999927,3342.081400000002,3026.920476190473
1765756800,3064.89,3176.14,2903,2965.22,37761.6296,28866.478275000594,3541.303049999993,3331.042600000002,3042.0780952380924
1765843200,2963.76,2977.79,2883.58,2963.04,27605.1972,28901.246920000598,3543.6067999999927,3319.6548000000016,3058.529047619045
1765929600,2960.38,3028.85,2792.86,2834.41,28541.5175,28973.2635250006,3547.5712999999932,3304.197600000002,3070.929047619045
1766016000,2835.34,2997.27,2775.44,2827.92,36252.5344,29256.0102050006,3551.543099999993,3287.785800000002,3071.4452380952353
1766102400,2828.1,3018.86,2811.05,2978.91,22743.4095,29707.928085000596,3554.9726499999933,3269.970400000002,3071.579047619045
1766188800,2979.76,2993.31,2963.32,2977.75,7867.0106,29588.5712750006,3557.575699999993,3246.1280000000015,3062.3447619047593
1766275200,2978.35,3011.12,2945.1,3002.78,7022.4236,26716.5617100006,3559.8385499999936,3222.9694000000018,3053.4499999999975
1766361600,3006.39,3068.26,2965.81,3006.58,15171.1004,25382.900655000594,3561.7378999999933,3200.0142000000014,3050.8852380952353
1766448000,3006.06,3033,2902.54,2962.57,13520.8825,23582.3261750006,3563.401799999993,3178.4616000000015,3050.199047619045
1766534400,2963.09,2976.28,2886.33,2946.12,6476.8025,22389.284945000596,3565.5566499999927,3161.9318000000017,3050.725238095235
1766620800,2945.25,2969.1,2892.32,2902.87,8082.3858,21317.340440000597,3567.0865499999927,3144.5112000000017,3060.5361904761876
1766707200,2902.59,2990.76,2893.04,2926.66,8893.1663,21312.043610000597,3568.5279499999924,3127.0772000000015,3058.839047619045
1766793600,2927.77,2957.12,2917.65,2948.08,2864.6169,19921.234310000596,3570.3858999999925,3109.0428000000015,3047.235238095235
1766880000,2949.57,2958.12,2926.38,2950.04,4056.1838,18770.575685000596,3572.3058999999926,3096.2106000000017,3036.2490476190446
1766966400,2949.29,3053.82,2910.34,2936.02,19195.6138,18333.454955000598,3574.283249999993,3089.3966000000014,3031.7157142857113
1767052800,2935.62,3005.03,2916.84,2971.19,12471.5236,17124.585040000595,3577.236249999993,3078.967400000002,3027.372857142854
1767139200,2968.75,3022.03,2957.94,2968.06,10530.8122,16048.143125000595,3579.6510999999928,3071.2316000000014,3022.045238095235
1767225600,2967.91,3006.91,2967.91,3001.32,4621.4325,14907.176830000597,3581.752049999993,3061.519400000001,3013.0514285714257
1767312000,3002.27,3147.57,2990.69,3124.4,15624.2893,15212.113875000596,3583.7090999999928,3052.4890000000014,2996.4438095238065
1767398400,3125.69,3134.83,3075.49,3125.47,7379.9612,14834.124660000594,3584.9415999999933,3039.5340000000015,2979.490476190473
1767484800,3127.24,3161.38,3118.31,3142.66,10753.9977,13483.743065000595,3585.601599999993,3027.6096000000016,2968.234285714283
1767571200,3145.35,3260.94,3133.98,3224.42,14982.0338,12852.584895000597,3586.4915999999935,3018.623800000001,2970.1119047619018
1767657600,3225.07,3303.14,3185.01,3294.96,20091.3518,12430.076610000597,3587.945099999993,3010.368600000001,2970.591904761902
1767744000,3292.03,3292.11,3125.87,3165.99,16775.8476,11456.242270000597,3589.903099999993,3008.2190000000014,2974.384285714283
1767830400,3165.09,3179.99,3053.52,3105.29,16297.3475,11133.939170000598,3592.0831499999936,3008.4670000000015,2986.7271428571403
1767916800,3104.13,3140.19,3057.27,3084.74,16976.7305,11589.425165000597,3594.3449499999933,3007.9758000000015,3002.5328571428545
1768003200,3083.71,3100.55,3076.12,3083.22,3509.2504,11413.766505000596,3597.2436999999936,3010.5154000000016,3018.3223809523784
1768089600,3082.03,3144.3,3081.12,3119.5,5738.8159,10942.152280000595,3600.3143499999937,3015.8134000000014,3031.5304761904736
1768176000,3117.53,3166.61,3066.94,3092.79,17872.0888,11159.712595000596,3603.3975499999938,3016.639800000001,3036.5699999999974
1768262400,3092.78,3354.51,3090.05,3322.66,28165.1322,12244.129080000595,3606.908099999994,3018.280600000001,3041.5923809523783
1768348800,3324.47,3396.62,3279.5,3353.74,23293.6046,13004.690020000595,3611.351099999994,3023.323600000001,3047.1504761904735
1768435200,3352.97,3381.56,3276.84,3317.78,19111.7592,13515.619665000593,3615.6975999999936,3029.654800000001,3051.2557142857113
1768521600,3317.03,3326.16,3253.94,3293.91,11678.0929,13956.293465000592,3620.0782499999937,3036.6464000000005,3068.4028571428544
1768608000,3295.47,3330.67,3283.1,3308.22,16050.9612,14556.032335000593,3623.4330499999937,3042.449800000001,3087.8133333333303
1768694400,3308.3,3367.16,3278.64,3282.02,16859.4188,14439.222585000593,3626.5975499999936,3049.8154000000013,3107.5709523809496
1768780800,3271.04,3271.97,3165.78,3186.11,18111.4031,14721.216560000592,3630.098099999994,3057.685600000001,3125.0590476190446
1768867200,3185.64,3197.87,2898.58,2937.37,32374.4147,15813.396685000593,3633.4842999999937,3063.474600000001,3142.208571428568
1768953600,2939.77,3063.8,2866.22,2979.76,26347.7903,16899.714575000595,3637.978399999993,3069.058600000001,3158.0171428571402
1769040000,2981.74,3034.18,2905.13,2950.5,12127.2785,16724.864035000595,3642.5584999999933,3074.5676000000008,3169.9261904761875
1769126400,2949.31,3014.92,2890.46,2953.27,12996.1266,17005.672305000593,3646.6455499999934,3080.364800000001,3168.3157142857112
1769212800,2953.23,2967.15,2941.52,2948.68,3822.985,16659.121670000593,3650.6821499999933,3084.2524000000003,3168.8728571428546
1769299200,2948.9,2955.21,2784.44,2814.99,14867.3569,16653.387825000595,3655.1877499999932,3086.9888000000005,3166.452857142854
1769385600,2813.75,2946,2811.15,2928.87,20484.1015,16673.025310000594,3658.7367499999937,3086.6198000000004,3158.303809523807
1769472000,2926.52,3031.81,2899.16,3023.23,21493.9855,16908.932205000594,3661.7046499999933,3081.833800000001,3149.8852380952353
1769558400,3024.42,3041,2980.4,3006.81,13741.0165,16781.115655000598,3663.844549999993,3078.227600000001,3134.281904761902
1769644800,3008.37,3008.85,2756.06,2818.25,30428.0811,17453.6831850006,3666.151949999993,3076.764000000001,3120.208095238092
1769731200,2820.72,2825.05,2636.28,2703.71,42104.1213,19383.426730000596,3668.0441499999934,3072.2782000000007,3107.268571428568
1769817600,2702.9,2710.18,2246.77,2450.2,83709.0247,23281.937170000598,3670.0943499999935,3069.617200000001,3099.6885714285686
1769904000,2448.76,2473.8,2220.63,2268.35,47421.9906,24759.432260000598,3671.755399999993,3067.5840000000007,3086.019999999997
1769990400,2269.07,2395.22,2157.43,2345.69,48417.4768,25772.049490000598,3671.9767999999935,3061.3212000000003,3067.875714285711
1770076800,2345.06,2357.49,2108.95,2232.07,55728.056,27393.7720600006,3671.8658499999933,3051.2046,3037.7319047619017
1770163200,2230.05,2292.35,2073.86,2144.7,57891.3466,29332.751430000604,3672.197549999993,3040.5248000000006,2997.2009523809493
1770249600,2144.66,2166.93,1815.68,1825.41,129819.1596,35239.804765000605,3672.5189499999933,3027.8294000000005,2961.6247619047585
1770336000,1828.99,2092.8,1754.71,2063.21,102539.7375,39564.243580000606,3671.7553499999935,3010.8886,2909.6919047619012
1770422400,2056.96,2117.25,1991.87,2087.31,168081.412,47125.343240000606,3670.196199999993,2996.542,2852.1185714285684
1770508800,2085.12,2148.13,2066.28,2089.07,62939.6898,49366.75757500061,3666.747049999993,2981.8789999999995,2781.0533333333306
1770595200,2089.72,2146.18,2009.61,2104.82,25357.3921,49015.90644500061,3661.2154999999934,2965.5121999999997,2722.4485714285715
1770681600,2105.71,2122.75,1990.8,2021.37,27445.1676,49070.775310000616,3655.546949999993,2945.3322,2664.31
1770768000,2020.86,2030.32,1904.23,1941.71,27188.2578,49823.82427500062,3648.9638499999933,2930.0380000000005,2607.5028571428575
1770854400,1940.41,1999.36,1896.55,1947.66,20677.7053,50207.903210000615,3641.711999999993,2912.206,2556.0128571428572
1770940800,1944.5,2072.35,1925.51,2048.48,24286.6278,51231.08535000062,3632.0529999999935,2894.4324000000006,2512.3938095238095
1771027200,2048.12,2105.69,2043.35,2086.51,17125.053,51343.970155000614,3623.548199999993,2876.4732,2462.962857142857
1771113600,2086.55,2100.63,1930.33,1965.93,138519.1478,57245.72247000062,3615.2473499999933,2856.7690000000002,2415.2085714285713
1771200000,1963.61,2021.68,1937.71,1999.09,21252.8121,57233.66380000062,3607.5437499999935,2836.3518000000004,2372.123333333333
1771286400,1997.84,2014.49,1943.62,1991.84,21990.4791,57646.13693000063,3599.5298999999936,2816.382600000001,2331.067619047619
1771372800,1991.83,2036.78,1923.99,1955.14,18344.6784,57041.96679500063,3591.0062999999936,2799.2948000000006,2290.6361904761907
1771459200,1954.45,1987.09,1909.58,1949.52,15336.8825,55703.60485500064,3581.9981499999935,2782.4918000000007,2246.3609523809523
1771545600,1948.13,1978.52,1923.51,1968.24,23888.348,52712.571020000636,3572.360749999994,2762.8488000000007,2197.247142857143
1771632000,1968.39,1995.8,1954.85,1973.49,8097.0619,50746.324585000635,3563.616649999999,2743.8298000000004,2147.1676190476187
1771718400,1972.71,1982.58,1934.42,1958.12,7150.7934,48682.99041500063,3555.073249999999,2724.9462000000003,2105.7995238095236
1771804800,1957.95,1957.95,1840.71,1855.13,34366.9056,47614.93289500064,3545.8469999999998,2704.625200000001,2070.7771428571427
1771891200,1859.37,1868.9,1800.51,1853.43,25169.0563,45978.81838000064,3537.3474499999993,2684.2544000000007,2048.0766666666664
1771977600,1852.83,2146.15,1847.88,2058.01,46825.8782,41829.15431000064,3529.8624999999993,2663.592800000001,2033.3038095238092
1772064000,2055.46,2082.7,1977.01,2027.68,34211.9925,38412.76706000064,3522.6693999999993,2640.574600000001,2009.9438095238093
1772150400,2026.84,2063.55,1887.02,1929.78,29657.3087,31491.561895000643,3514.915199999999,2617.2276,1991.913333333333
1772236800,1929.67,1985.71,1838.78,1964.93,30421.3717,29865.64599000064,3506.1506999999997,2591.4770000000003,1987.7852380952377
1772323200,1966.13,2051.54,1908.78,1940.28,47481.9194,30971.87235500064,3497.9562499999993,2564.0572,1997.4171428571426
1772409600,1939.89,2088.7,1922.82,2027.05,44608.9478,31830.061365000634,3489.3204499999997,2539.3182,1991.063333333333
1772496000,1920,2013.49,1920,1962.49,35.6225,30472.429600000636,3479.0395999999996,2516.552,1985.2357142857138