time,open,high,low,close,Volume,Volume MA,MA,MA,MA
1755442800,193.77,195.49,193.52,195.47,144755.996,86501.36035000064,,,
1755446400,195.48,195.89,192.89,193.23,136745.502,90848.84175000063,,,
1755450000,193.22,193.71,192.77,193.37,43543.015,91475.17875000063,,,
1755453600,193.38,193.53,189.94,192.12,143218.418,96308.56420000063,,,191.49809523809552
1755457200,192.11,193.43,190.85,191.18,127130.887,99552.81650000064,,,191.714285714286
1755460800,191.17,191.98,190.97,191.11,70023.24,100358.40860000064,,188.80920000000006,191.9185714285717
1755464400,191.12,191.75,190.92,191.25,64450.553,99915.73350000064,,188.92260000000002,192.09666666666695
1755468000,191.24,193.44,191.12,193.09,70285.451,96676.88970000064,,189.079,192.19809523809553
1755471600,193.1,193.27,190.88,190.99,65739.982,94977.13190000065,188.30790000000022,189.21040000000002,192.2700000000003
1755475200,191,191.33,189.61,190.16,113865.945,93312.79590000064,188.36715000000027,189.317,192.41714285714315
1755478800,190.16,190.46,186.5,186.53,284516.925,103682.27120000064,188.42265000000026,189.45579999999998,192.64095238095268
1755482400,186.53,186.76,183.44,183.95,403583.268,120605.29600000064,188.47380000000024,189.60299999999998,192.6147619047622
1755486000,183.94,184.57,181.82,182.67,240259.592,128479.38020000067,188.52575000000022,189.76899999999998,192.54571428571458
1755489600,182.67,183.43,181.57,182.91,147029.847,131027.31700000066,188.5704500000002,189.87619999999995,192.21809523809554
1755493200,182.91,183.51,181.21,182.92,150196.891,129707.37810000064,188.62775000000022,189.92499999999993,191.8052380952384
1755496800,182.93,182.94,180.31,181.38,189948.503,135667.63630000065,188.68745000000024,189.94119999999995,191.3638095238098
1755500400,181.38,181.61,180.22,180.62,172372.048,139668.40250000064,188.74195000000026,189.87079999999995,190.93666666666695
1755504000,180.63,181.6,180.46,180.83,112927.233,142111.04020000066,188.79455000000024,189.76559999999995,190.43714285714313
1755507600,180.82,181.98,180,181.2,151680.83,146642.92455000064,188.81915000000023,189.68619999999996,189.91714285714312
1755511200,181.21,181.39,180.56,180.77,79807.803,145604.09645000062,188.82935000000023,189.6026,189.32142857142884
1755514800,180.78,181.53,180.4,181.36,100390.964,143385.84485000063,188.83200000000022,189.4684,188.71428571428598
1755518400,181.37,183.2,181.09,183.2,135162.162,143306.67785000065,188.8312500000002,189.3578,188.1890476190479
1755522000,183.2,183.34,180.52,180.56,167502.284,149504.64130000066,188.83965000000023,189.227,187.59619047619074
1755525600,180.56,182.61,180.56,182.56,124169.162,148552.17850000065,188.8458000000002,189.0686,187.00523809523835
1755529200,182.56,183.14,181.17,183.1,105237.006,147457.48445000063,188.84915000000024,188.91640000000004,186.42095238095263
1755532800,183.1,184.42,181.76,182.06,128192.15,150365.92995000063,188.8410000000002,188.82260000000002,185.8176190476193
1755536400,182.06,185.7,182.01,184.65,126233.459,153455.07525000063,188.82450000000023,188.75500000000002,185.3028571428574
1755540000,184.66,184.76,183.01,184.37,108733.622,155377.48380000063,188.81195000000022,188.65140000000002,184.8733333333336
1755543600,184.38,184.56,182.78,183.21,74687.846,155824.87700000062,188.79385000000025,188.56980000000007,184.43904761904784
1755547200,183.21,183.81,182.07,183.02,54966.647,152879.91210000063,188.78465000000025,188.4838000000001,184.13142857142878
1755550800,183.03,184.18,182.69,183.8,44848.591,140896.49540000065,188.77725000000024,188.3486000000001,183.80380952380975
1755554400,183.8,185,183.78,184.19,85863.925,125010.52825000063,188.78455000000022,188.26580000000004,183.33333333333354
1755558000,184.2,184.6,182.44,182.94,71897.994,116592.44835000062,188.8053500000002,188.19440000000006,182.95380952380975
1755561600,182.94,185.03,181.21,185.01,141026.373,116292.27465000062,188.81355000000022,188.09900000000005,182.6509523809526
1755565200,185,185.87,182.63,183.1,112073.902,114386.12520000064,188.83450000000022,187.99660000000003,182.53952380952404
1755568800,183.1,183.24,181.96,182.18,81708.169,108974.10850000064,188.85900000000024,187.89880000000005,182.4914285714288
1755572400,182.18,182.21,178.17,178.52,349202.614,117815.63680000065,188.87520000000026,187.80100000000002,182.60285714285737
1755576000,178.52,180.09,177.32,180.06,218488.317,123093.69100000065,188.89260000000024,187.6922,182.61190476190498
1755579600,180.06,180.59,179.28,179.79,78491.704,119434.23470000064,188.91735000000025,187.61140000000003,182.57666666666688
1755583200,179.79,180.59,179.4,180.09,84388.242,119663.25665000065,188.9307000000003,187.48140000000004,182.44047619047637
1755586800,180.1,180.18,178.97,180.11,71463.688,118216.89285000064,188.9377000000003,187.36180000000002,182.41380952380973
1755590400,180.12,180.93,179.11,180.45,83425.826,115630.07605000064,188.95145000000025,187.1644,182.36428571428593
1755594000,180.45,182.47,180.38,181.33,142088.616,114359.39265000063,188.95855000000026,186.9348,182.3114285714288
1755597600,181.33,182,181.19,181.4,61375.607,111219.71490000063,188.95585000000028,186.6984,182.2800000000002
1755601200,181.41,182.81,181.32,182.66,76079.476,109761.83840000062,188.93445000000028,186.43200000000002,182.23666666666688
1755604800,182.67,182.74,181.39,182.03,58934.125,106298.93715000062,188.92110000000025,186.1818,182.14761904761926
1755608400,182.03,183.42,180.63,182.07,157140.238,107844.27610000063,188.90260000000026,185.952,182.18761904761925
1755612000,182.07,183.01,178.13,178.57,261560.433,115485.61665000064,188.88740000000027,185.741,182.19238095238114
1755615600,178.56,179.87,177.46,177.98,245864.135,124044.43110000063,188.8746500000003,185.50080000000005,182.14142857142875
1755619200,177.98,178.55,176.74,177.16,203062.731,131449.23530000064,188.86940000000027,185.30800000000002,182.14190476190495
1755622800,177.16,178.74,176.34,178.13,140637.65,136238.68825000065,188.8575000000003,185.086,181.85238095238114
1755626400,178.12,178.78,175.85,176.71,183646.107,141127.79735000065,188.83825000000027,184.85580000000004,181.54809523809544
1755630000,176.71,178.29,175.69,176.74,132325.938,144149.19455000065,188.82585000000026,184.58260000000007,181.2600000000002
1755633600,176.75,178.66,175.93,178.65,73381.709,140766.96135000064,188.80670000000023,184.27780000000007,181.02714285714305
1755637200,178.65,179.26,178.22,179.09,67011.532,138513.84285000063,188.79045000000028,183.94560000000004,180.68952380952402
1755640800,179.08,179.54,177.86,179.09,109914.734,139924.17110000062,188.75925000000024,183.59880000000004,180.3347619047621
1755644400,179.09,179.34,175.88,176.22,126798.093,128803.9450500006,188.73430000000025,183.26840000000004,180.1304761904764
1755648000,176.22,178.58,176.04,178.15,109308.045,123344.93145000061,188.69885000000025,182.93580000000006,179.84857142857163
1755651600,178.15,179.78,177,179.55,123600.31,125600.36175000062,188.67380000000023,182.66640000000004,179.65761904761925
1755655200,179.56,181.34,179.2,180.79,131880.617,127974.98050000062,188.64785000000026,182.42460000000003,179.3738095238097
1755658800,180.79,181.5,180.06,180.49,82215.352,128512.56370000061,188.63615000000024,182.18420000000006,179.35619047619068
1755662400,180.49,181.7,180.34,180.59,135801.227,131131.33375000063,188.63545000000025,181.88360000000003,179.33190476190495
1755666000,180.59,181.13,179.83,181.07,97343.878,128894.09685000063,188.63285000000025,181.58480000000006,179.379523809524
1755669600,181.06,181.28,180.15,181.02,51484.805,128399.55675000064,188.63440000000028,181.35600000000005,179.3985714285716
1755673200,181.02,181.64,180.38,180.53,76295.026,128410.33425000065,188.61455000000026,181.16860000000005,179.42142857142875
1755676800,180.53,182.25,180.28,182.06,118907.729,131409.01445000066,188.61015000000026,181.04780000000005,179.45095238095254
1755680400,182.06,182.25,180.87,180.93,175482.109,132326.10800000065,188.61695000000026,180.9806,179.43619047619063
1755684000,180.94,181.72,180.81,181,46748.55,121585.51385000064,188.62970000000027,180.94860000000006,179.39476190476205
1755687600,181,181.32,178.32,180.29,118443.886,115214.50140000065,188.64905000000027,180.91080000000002,179.36619047619064
1755691200,180.28,182.3,180.2,181.88,152309.55,112676.84235000063,188.67115000000027,180.86300000000003,179.31380952380968
1755694800,181.88,181.89,178.66,178.85,278020.659,119545.99280000063,188.70120000000028,180.87660000000002,179.26285714285729
1755698400,178.84,182.54,177.53,181.36,350050.107,127866.19280000063,188.7328500000003,180.88280000000003,179.34476190476204
1755702000,181.36,185.06,181.19,183.03,275894.456,135044.61870000063,188.7613000000003,180.88620000000003,179.53047619047635
1755705600,183.02,184.84,183.01,183.78,162264.325,139488.74950000067,188.7931000000003,180.86800000000002,179.61095238095254
1755709200,183.78,186.25,183.6,185.15,236383.236,147957.33470000065,188.8172000000003,180.89020000000005,179.76476190476203
1755712800,185.14,185.64,182.59,183.62,212430.92,153083.14400000064,188.84125000000031,180.84000000000003,180.06571428571442
1755716400,183.61,187.97,183.5,187.59,151412.164,154313.84755000065,188.8650500000003,180.80320000000003,180.4009523809525
1755720000,187.6,187.89,186.27,187.23,117835.789,154740.23475000064,188.89305000000033,180.85260000000002,180.71047619047633
1755723600,187.23,187.63,185.78,187,107537.551,153937.09680000064,188.91315000000031,180.87700000000004,180.9261904761906
1755727200,187.01,187.64,186.67,187.33,75139.343,151100.03310000064,188.9469000000003,180.91800000000003,181.3309523809525
1755730800,187.33,187.95,186.68,187.94,78168.04,150897.66750000062,188.9825500000003,180.94920000000002,181.85523809523824
1755734400,187.95,189.22,187.02,187.93,139528.817,151084.04700000063,189.0227000000003,181.00800000000004,182.27666666666678
1755738000,187.92,189.28,186.79,189.09,155615.497,153997.62795000063,189.07570000000032,181.0652,182.647142857143
1755741600,189.08,189.99,185.51,186.47,254245.554,164135.6654000006,189.1199000000003,181.141,182.98761904761918
1755745200,186.47,190.1,186.35,188.43,298414.76,175241.65210000062,189.18170000000032,181.2272,183.3419047619049
1755748800,188.43,188.7,187.22,187.75,149221.259,176757.32860000065,189.22805000000028,181.31,183.7466666666668
1755752400,187.76,188.17,186.64,188.1,77650.512,171865.74875000064,189.28025000000028,181.38479999999998,184.00380952380968
1755756000,188.1,188.1,186.5,186.6,54186.333,172237.63790000064,189.31890000000024,181.50779999999997,184.3566666666668
1755759600,186.6,187.42,185.89,186.98,77344.136,170182.65040000065,189.35010000000023,181.537,184.70047619047634
1755763200,186.99,187.04,185.64,185.65,64198.203,165777.08305000066,189.36550000000025,181.64359999999996,184.98809523809538
1755766800,185.66,185.73,184.05,184.93,178323.748,160792.2375000007,189.38145000000023,181.755,185.25809523809542
1755770400,184.93,185.31,183.89,184.33,95950.642,148087.26425000068,189.37290000000021,181.9466,185.54285714285732
1755774000,184.34,184.98,183.48,184.03,78839.532,138234.5180500007,189.36185000000023,182.0774,185.7980952380954
1755777600,184.03,184.86,182.76,183.75,87803.733,134511.4884500007,189.34290000000018,182.22120000000004,185.9433333333335
1755781200,183.74,185.82,183.37,184.08,139276.086,129656.13095000069,189.32095000000024,182.3324,186.20428571428587
1755784800,184.09,186.42,183.7,184.82,177869.279,127928.04890000071,189.2956500000002,182.42880000000002,186.33142857142875
1755788400,184.82,185.06,181.44,181.65,248610.99,132787.99020000073,189.27165000000022,182.50640000000004,186.36571428571446
1755792000,181.65,182.38,180.8,180.96,150258.141,134409.10780000073,189.2301500000002,182.56040000000002,186.3800000000002
1755795600,180.96,181.59,179.85,181.17,110593.084,134561.8844500007,189.18355000000022,182.6074,186.3642857142859
1755799200,181.17,182.3,180.55,182.16,62431.458,133926.49020000073,189.1123000000002,182.63580000000002,186.27047619047636
1755802800,182.15,182.93,179.94,180.15,96508.561,134843.51625000074,189.0438000000002,182.6916,185.95476190476208
1755806400,180.15,181.47,179.43,180.84,95886.697,132661.41025000074,188.9688500000002,182.68320000000003,185.66619047619065
1755810000,180.84,181.61,180,181.15,42369.794,126999.12510000076,188.90660000000022,182.73100000000002,185.43571428571445
1755813600,181.16,181.86,180.91,181.79,33192.51,115946.47290000075,188.8517500000002,182.79480000000004,185.09380952380968
1755817200,181.78,181.78,179.86,180.29,46192.277,103335.34875000075,188.76630000000023,182.89480000000003,184.75571428571445
1755820800,180.3,181.81,180.26,181.15,64038.176,99076.19460000074,188.67630000000023,182.93520000000004,184.4328571428573
1755824400,181.15,182.1,180,181.97,65464.624,98466.90020000075,188.57130000000024,183.01780000000002,184.08523809523825
1755828000,181.98,183.5,181.69,182.62,148413.086,103178.23785000073,188.4745500000002,183.10600000000002,183.79095238095255
1755831600,182.63,183.44,181.41,181.76,79932.346,103307.64835000073,188.3703000000002,183.16880000000003,183.44428571428585
1755835200,181.76,183.38,181.75,182.9,73968.823,103796.17935000073,188.2688000000002,183.19280000000003,183.16904761904777
1755838800,182.9,183.9,182.67,183.67,58073.299,97783.65690000073,188.16200000000015,183.23400000000004,182.9080952380954
1755842400,183.67,184.12,182.38,182.94,83160.668,97144.15820000073,188.08990000000017,183.34900000000005,182.67761904761917
1755846000,182.94,184.36,182.8,183.98,91592.14,97781.78860000073,188.00415000000015,183.4384000000001,182.4833333333335
1755849600,183.97,185.1,183.74,183.77,144017.486,100592.47625000073,187.91990000000015,183.48260000000005,182.38904761904777
1755853200,183.76,184.04,182.44,182.94,123741.404,99815.74215000073,187.83455000000015,183.52480000000006,182.29428571428585
1755856800,182.94,182.96,180.87,181.18,86848.274,95264.69190000073,187.75055000000017,183.58840000000006,182.2776190476192
1755860400,181.19,181.3,179.6,179.63,121772.666,88922.77570000073,187.64895000000016,183.6354000000001,182.26523809523823
1755864000,179.63,179.82,177.27,178.45,317124.625,97266.09990000073,187.56185000000016,183.6936000000001,182.2266666666668
1755867600,178.45,181.28,178,180.25,231190.065,103295.94895000072,187.4752000000002,183.74860000000004,182.08857142857156
1755871200,180.25,193.28,180.22,191.7,1982842.813,199316.51670000073,187.3871500000002,183.79680000000008,181.84142857142868
1755874800,191.7,195.42,191.66,193.47,665340.243,227758.10080000074,187.2995000000002,183.7792000000001,181.68904761904773
1755878400,193.48,197.96,193.48,194.9,605340.56,253230.79395000078,187.21085000000022,183.7532000000001,181.6552380952382
1755882000,194.9,198.1,194.9,196.88,382505.735,270237.59100000083,187.11255000000023,183.7022000000001,182.15666666666678
1755885600,196.88,197.54,195.68,196.82,158154.653,276485.6981500008,186.9830000000002,183.7014000000001,182.6952380952382
1755889200,196.83,199.73,196.6,198.97,219878.883,285170.02845000086,186.84145000000024,183.8978000000001,183.39761904761914
1755892800,198.97,199.63,198.38,199.61,134075.438,288671.8915500009,186.69280000000023,184.1902000000001,184.16142857142867
1755896400,199.61,202.4,199.42,200.2,409511.632,305874.24195000087,186.56120000000024,184.4610000000001,184.90761904761916
1755900000,200.19,200.44,198.59,199.41,216572.11,309282.1931500009,186.48185000000026,184.7380000000001,185.7257142857144
1755903600,199.4,200.96,199.03,200.69,130558.64,311813.50785000087,186.42090000000024,184.99880000000007,186.6457142857144
1755907200,200.69,200.82,198.41,198.53,173445.171,316787.32525000087,186.37855000000025,185.27520000000013,187.55285714285725
1755910800,198.53,199.01,196.77,197.82,256593.958,326713.3582000009,186.33595000000025,185.59500000000008,188.38333333333344
1755914400,197.82,198.37,195.26,197.56,197689.201,332439.7848500009,186.30650000000026,185.84720000000007,189.2438095238096
1755918000,197.55,198.71,197.15,198.16,107889.71,333254.6633500009,186.28325000000027,186.0908000000001,190.04238095238102
1755921600,198.15,204.95,198.1,204.67,634112.199,357759.39900000097,186.30925000000028,186.36460000000005,190.75285714285724
1755925200,204.66,208.62,204.35,207.54,746333.836,388889.020600001,186.33600000000027,186.58860000000007,191.41428571428582
1755928800,207.54,207.89,205.74,206.54,410750.6,405084.1369000009,186.35035000000025,186.78620000000006,192.13904761904772
1755932400,206.53,207.3,204.92,205.18,281167.508,413053.87900000095,186.37955000000022,186.97880000000004,193.1242857142858
1755936000,205.18,205.66,202.15,203.82,510550.063,422725.1509000009,186.40555000000026,187.16020000000003,194.25619047619057
1755939600,203.82,204.7,203.2,204.47,127415.816,417536.43845000083,186.42565000000027,187.5242,195.3800000000001
1755943200,204.47,204.71,201.8,201.97,143095.876,325549.09160000086,186.44570000000024,187.90640000000002,196.52285714285725
1755946800,201.98,203.02,201.53,201.98,94102.188,296987.18885000085,186.47195000000028,188.28220000000005,197.674761904762
1755950400,201.99,203.19,201.08,201.99,102077.01,271824.01135000086,186.53420000000028,188.62380000000005,198.91380952380965
1755954000,202,202.46,200.58,201.49,172846.423,261341.04575000083,186.6205500000003,188.96820000000002,199.9480952380953
1755957600,201.5,203.47,200.97,202.72,147944.967,260830.56145000085,186.69410000000028,189.31800000000004,200.43761904761917
1755961200,202.72,203.8,202.43,202.58,202706.266,259971.93060000084,186.7576500000003,189.64440000000002,200.84333333333342
1755964800,202.57,203.58,202.2,203.26,71549.553,256845.63635000083,186.81320000000028,189.9854,201.15714285714296
1755968400,203.25,203.77,202.27,203.26,91472.211,240943.66530000084,186.8672000000003,190.3386,201.4352380952382
1755972000,203.26,204.35,203.23,204,75303.231,233880.2213500008,186.9102500000003,190.68780000000004,201.7095238095239
1755975600,204,204.57,203.78,204.09,58979.088,230301.24375000084,186.9444000000003,191.0672,201.9138095238096
1755979200,204.08,204.26,203.23,203.77,53030.523,224280.51135000083,186.9795000000003,191.43720000000005,202.08761904761914
1755982800,203.77,204.09,203.03,203.08,40694.129,213485.51990000083,187.00445000000028,191.806,202.26857142857153
1755986400,203.08,203.64,202.8,203.52,30631.056,205132.61265000084,187.0310000000003,192.23820000000003,202.49142857142866
1755990000,203.53,204.86,203.53,204.14,58260.176,202651.13595000084,187.05915000000027,192.69900000000004,202.6380952380953
1755993600,204.15,206.86,204.14,206.13,164232.865,179157.16925000082,187.0925500000003,193.15740000000005,202.85476190476197
1755997200,206.12,208.85,204.96,208.13,327499.255,158215.44020000083,187.1378500000003,193.58960000000008,203.1261904761906
1756000800,208.13,211.99,207.49,208.76,601739.176,167764.86900000082,187.18440000000027,194.04820000000007,203.4395238095239
1756004400,208.76,209.41,207.21,209.05,198695.804,163641.28380000082,187.23325000000025,194.5018000000001,203.81904761904775
1756008000,209.06,210.7,208.4,210.67,245038.297,150365.6955000008,187.28490000000028,194.96160000000006,203.9838095238096
1756011600,210.66,210.76,208.1,208.57,269918.225,157490.8159500008,187.34785000000028,195.44840000000008,204.04190476190485
1756015200,208.58,208.87,207.05,207.37,193451.578,160008.6010500008,187.42765000000026,196.0052000000001,204.16142857142867
1756018800,207.37,208.24,206.6,206.66,167982.399,163702.61160000082,187.52060000000026,196.5574000000001,204.42285714285723
1756022400,206.67,208.22,206.11,208.15,131792.857,165188.40395000082,187.62350000000026,197.09900000000013,204.6490476190477
1756026000,208.15,209,207.63,208.18,125376.37,162814.9013000008,187.7349000000003,197.6600000000001,204.78714285714292
1756029600,208.19,208.25,204.5,204.82,333279.402,172081.6230500008,187.8578500000003,198.19620000000015,205.01047619047628
1756033200,204.81,205.35,203.41,204.48,229071.381,173399.87880000082,187.98365000000027,198.68560000000014,205.30428571428578
1756036800,204.48,204.92,203.57,204.37,105051.472,175074.9747500008,188.1130500000003,199.1454000000001,205.5990476190477
1756040400,204.37,205.67,204.22,204.73,144903.816,177746.5550000008,188.22775000000027,199.6496000000001,205.75761904761913
1756044000,204.73,206.46,204,206.08,175539.165,182758.3517000008,188.32600000000025,200.13360000000011,205.84142857142865
1756047600,206.07,209.35,205.38,205.62,424375.954,201028.19500000082,188.43070000000026,200.5546000000001,205.92666666666676
1756051200,205.62,207.32,205.53,206.61,202796.354,208516.4865500008,188.53410000000025,200.98540000000008,205.99666666666673
1756054800,206.61,209.78,206.5,209.35,245642.11,218763.8856000008,188.63535000000024,201.4492000000001,206.13095238095246
1756058400,209.35,211.97,208.82,211.23,468356.079,240650.13675000082,188.72505000000027,201.95120000000009,206.20809523809532
1756062000,211.23,211.89,201.44,205.01,1052338.621,290354.0590000008,188.81195000000028,202.50380000000007,206.3280952380953
1756065600,205.01,205.36,201.09,203.63,577291.15,311006.97325000085,188.89335000000028,203.01120000000006,206.59380952380957
1756069200,203.64,205.66,202.23,204.4,270808.587,308172.43985000084,188.9862500000003,203.30940000000007,206.9819047619048
1756072800,204.41,205.51,201.38,205.09,273043.165,291737.63930000085,189.0798000000003,203.62700000000007,207.05285714285722
1756076400,205.09,207.15,204.71,205.98,237425.156,293674.1069000009,189.16230000000033,203.95360000000008,207.0285714285715
1756080000,205.99,208.19,202.23,203.49,352879.723,299066.1782000009,189.25345000000033,204.1162000000001,206.9461904761905
1756083600,203.49,208.9,203.44,206.95,279382.482,299539.3910500009,189.36995000000033,204.25240000000008,206.8014285714286
1756087200,206.95,213.6,206.69,212.55,624502.256,321091.92495000095,189.49320000000031,204.36100000000005,206.66904761904766
1756090800,212.55,212.98,208.8,209.24,269090.194,326147.3147000009,189.58955000000032,204.47060000000008,206.40428571428575
1756094400,209.24,209.71,206.77,207.32,301648.714,334640.1075500009,189.67450000000034,204.58620000000008,206.22714285714287
1756098000,207.33,208,203.39,203.71,309592.471,343850.9126000009,189.75950000000034,204.66780000000008,206.4166666666667
1756101600,203.71,204.72,201.7,201.93,368246.635,345599.2742500009,189.84085000000033,204.79300000000006,206.50571428571433
1756105200,201.94,204.43,198.69,199.82,564457.998,362368.60510000086,189.92680000000033,205.07340000000008,206.53714285714292
1756108800,199.81,200.8,198.11,199.94,378268.889,376029.4759500009,190.0045500000003,205.30180000000007,206.32571428571433
1756112400,199.93,200.23,198.19,199.47,261203.631,381844.4667000009,190.09940000000032,205.49700000000007,206.0280952380953
1756116000,199.47,199.47,195,195.87,410148.404,393574.92865000095,190.22145000000035,205.6080000000001,205.79000000000005
1756119600,195.87,197.55,195.44,197.55,257946.332,385253.447550001,190.32420000000036,205.55320000000006,205.5738095238096
1756123200,197.54,198.51,196.78,198,266297.923,388428.52600000094,190.4154000000003,205.39880000000008,205.34047619047627
1756126800,198,198.47,195.56,198.24,313383.872,391815.61410000094,190.49205000000032,205.26680000000007,204.9185714285715
1756130400,198.23,199.5,196.86,198.31,379533.273,387374.4738000009,190.5564500000003,205.1526000000001,204.51238095238105
1756134000,198.3,198.54,196.09,196.56,204754.94,344995.2897500009,190.6075500000003,204.99360000000013,204.14952380952386
1756137600,196.57,198.36,195.61,196.45,140836.978,323172.5811500009,190.66645000000028,204.8552000000001,203.75095238095244
1756141200,196.45,197.36,195.15,196.69,122193.614,315741.8325000009,190.7218500000003,204.77580000000012,203.2252380952382
1756144800,196.7,197.84,196.11,196.46,102575.368,307218.4426500009,190.74350000000032,204.70100000000014,202.52666666666678
1756148400,196.46,196.49,190.98,191.47,555974.515,323145.9106000009,190.7732000000003,204.62740000000014,202.1190476190477
1756152000,191.47,192.12,186.28,186.29,704037.357,340703.79230000084,190.7961500000003,204.52880000000013,201.78857142857154
1756155600,186.3,188.43,185.99,186.41,339019.55,343685.6457000008,190.82425000000032,204.40340000000015,201.41047619047632
1756159200,186.4,188.52,185.33,187.03,227919.207,323856.4932500009,190.8561000000003,204.28560000000016,200.7619047619049
1756162800,187.02,187.6,185.69,187.2,219206.427,321362.30490000086,190.87950000000035,204.14960000000013,199.82428571428582
1756166400,187.19,188.66,185.58,186.29,291231.332,320841.4358000009,190.8947000000003,203.91380000000012,199.0109523809525
1756170000,186.3,188.97,185.66,188.22,307779.224,320750.7734500009,190.9166500000003,203.55960000000013,198.06238095238106
1756173600,188.22,189.29,186.88,187.51,265194.327,315598.1580500009,190.93330000000032,203.20600000000016,196.85523809523818
1756177200,187.51,187.97,186.41,186.9,168205.805,295785.5484000009,190.9227500000003,202.87120000000016,195.76238095238105
1756180800,186.9,188.5,186.9,187.89,143078.913,284026.04960000084,190.89305000000033,202.5536000000002,194.85285714285723
1756184400,187.89,189.59,187.87,188.75,124169.336,277174.33485000086,190.8590000000003,202.20900000000017,194.08142857142863
1756188000,188.74,189.75,187.38,187.93,148897.112,264111.7702500009,190.8253000000003,201.89060000000015,193.36571428571435
1756191600,187.92,189.92,187.21,188.92,179224.56,260175.6816500008,190.78395000000035,201.51820000000015,192.79761904761912
1756195200,188.92,190.37,187.98,188.71,216557.239,257688.6474500008,190.74925000000033,201.09360000000015,192.26476190476197
1756198800,188.7,189.29,187.5,188.02,150312.521,249535.0799000008,190.7235000000003,200.67620000000016,191.71523809523816
1756202400,188.02,188.96,187.81,188.62,90928.727,235104.8526000008,190.70045000000036,200.27020000000016,191.38428571428574
1756206000,188.63,189.09,186.67,187.97,136666.368,231700.42400000076,190.67905000000036,199.81540000000015,190.96333333333337
1756209600,187.98,192.32,187.18,190.54,320829.555,240700.05285000073,190.66295000000034,199.42240000000012,190.48809523809527
1756213200,190.54,191.06,187.71,189.4,375909.091,253385.82670000073,190.65045000000035,199.04920000000013,190.03000000000003
1756216800,189.41,191.81,188.42,191.52,288032.055,262658.66105000075,190.62465000000032,198.67640000000011,189.53761904761907
1756220400,191.52,192.55,189.95,190.77,194434.185,244581.64455000072,190.61430000000033,198.28580000000014,189.2509523809524
1756224000,190.76,193.74,190.58,193.65,216507.51,220205.15220000074,190.6070500000003,197.8816000000001,188.9152380952381
1756227600,193.64,194.25,192.25,193.72,222204.334,214364.39140000072,190.6145000000003,197.59600000000012,188.66904761904766
1756231200,193.72,195.37,193.51,194.86,135372.123,209737.03720000075,190.63785000000033,197.29440000000014,188.39809523809527
1756234800,194.85,197.51,194.3,197.43,178987.649,207726.09830000074,190.66435000000035,197.03740000000013,188.5019047619048
1756238400,197.43,197.74,195.91,196.35,175844.118,201956.73760000075,190.70250000000036,196.7582000000002,188.85571428571433
1756242000,196.34,196.87,195.37,196.79,125748.651,192855.20895000076,190.73490000000035,196.50960000000018,189.25809523809525
1756245600,196.79,197.9,195.76,196.76,151483.95,187169.69010000076,190.78560000000033,196.27160000000018,189.75333333333336
1756249200,196.75,198.1,195.59,195.86,126820.837,185100.44170000072,190.83635000000035,196.0366000000002,190.18904761904764
1756252800,195.85,196.24,194.42,194.63,119314.827,183912.23740000074,190.90045000000035,195.79820000000018,190.68904761904764
1756256400,194.64,196.76,193.78,196.26,151725.288,185290.03500000073,190.96305000000038,195.5006000000002,191.0957142857143
1756260000,196.27,199.75,195.59,198.29,310121.462,193351.2525000007,191.03350000000037,195.33620000000022,191.4933333333334
1756263600,198.28,202.81,196.9,201.92,328547.683,200817.40865000073,191.11385000000035,195.1988000000002,191.86142857142863
1756267200,201.91,205.7,201.68,205.17,631797.142,221579.40380000073,191.1796000000004,195.02800000000016,192.26000000000005
1756270800,205.18,205.35,202.51,202.87,295032.946,228815.42505000075,191.26075000000037,194.81880000000018,192.71428571428578
1756274400,202.88,204.17,201.91,202.24,271395.712,237838.77430000078,191.3317500000004,194.62440000000018,193.38047619047626
1756278000,202.25,202.73,200.81,202.43,307586.752,246384.7935000008,191.39555000000036,194.5204000000002,194.15428571428578
1756281600,202.44,203.66,201.48,203.49,208268.865,240756.75900000083,191.45840000000035,194.4198000000002,194.82857142857148
1756285200,203.48,205.14,203.08,203.91,228998.687,233411.2388000008,191.51645000000036,194.2722000000002,195.50571428571433
1756288800,203.91,205.38,203.28,204.09,235929.284,230806.10025000083,191.5860500000004,194.1448000000002,196.16333333333338
1756292400,204.1,205.38,204.09,205.01,140351.517,228101.96685000084,191.6796000000004,194.0432000000002,196.90238095238098
1756296000,205.01,205.65,203.18,204.64,235124.95,229032.83885000087,191.7903500000004,194.01760000000021,197.53904761904764
1756299600,204.63,205.98,202.62,204.44,314931.389,233669.1916000009,191.88570000000038,194.0488000000002,198.23857142857148
1756303200,204.44,208,203.36,206.72,451808.831,249491.02700000093,191.97595000000038,194.1306000000002,198.88095238095244
1756306800,206.73,209.4,206.26,208.66,437126.296,262397.95935000095,192.0734000000004,194.2136000000002,199.5414285714286
1756310400,208.66,209.09,206.59,207.94,309223.402,269066.92355000094,192.16580000000042,194.32440000000025,200.05523809523817
1756314000,207.94,210,207.42,209.18,325996.92,279079.33700000093,192.26985000000042,194.49980000000022,200.6742857142858
1756317600,209.18,212.08,208.21,208.36,429611.011,292985.6900500009,192.37940000000043,194.63760000000025,201.3314285714286
1756321200,208.36,209.3,205.95,206.4,381710.798,305730.18810000096,192.5118500000004,194.81200000000027,201.8319047619048
1756324800,206.4,209.49,202.95,208.58,1105917.213,355060.3074000009,192.6347500000004,195.02040000000025,202.4428571428572
1756328400,208.58,208.78,204.82,205.61,230784.385,359013.26225000096,192.75800000000038,195.21300000000028,202.99380952380957
1756332000,205.61,205.73,203.41,204.36,237504.404,355382.4093500009,192.89115000000038,195.46540000000027,203.4528571428572
1756335600,204.35,205.36,202.57,202.95,146330.39,346271.5447000009,193.0339000000004,195.7036000000003,204.0585714285715
1756339200,202.95,205.11,201.72,203.93,299132.206,329638.29790000094,193.17135000000042,195.89780000000027,204.5814285714286
1756342800,203.93,206.43,203.15,205.91,234736.007,326623.45095000096,193.31060000000042,196.1402000000003,204.96714285714293
1756346400,205.91,207.87,205.3,206.24,175234.394,321815.385050001,193.4454000000004,196.4230000000003,205.18904761904767
1756350000,206.25,208.35,206.05,208.15,139736.63,313422.8789500009,193.56410000000042,196.7844000000003,205.28476190476198
1756353600,208.16,212.55,207.47,212.08,451679.002,325593.3858000009,193.6968500000004,197.1152000000003,205.32000000000005
1756357200,212.08,213.17,210.74,211.63,436655.759,335976.2394000009,193.81455000000042,197.4532000000003,205.48047619047625
1756360800,211.64,211.89,209.71,211.67,245763.114,336467.9309000009,193.94350000000043,197.8274000000003,205.76190476190484
1756364400,211.67,213.33,210.51,213.11,238525.327,341376.6214000009,194.06835000000044,198.22640000000033,206.22142857142865
1756368000,213.11,216.5,213.06,214.24,754043.658,367322.5568000009,194.20220000000046,198.62500000000034,206.60904761904766
1756371600,214.23,214.3,211.32,211.6,379181.676,370535.07115000085,194.34110000000044,199.1164000000003,206.97857142857148
1756375200,211.6,213.94,211.07,213.94,220495.96,358969.42760000087,194.48875000000044,199.6110000000003,207.40809523809526
1756378800,213.94,213.97,212.4,213.14,153519.003,344789.0629500008,194.64580000000046,200.0866000000003,207.8476190476191
1756382400,213.15,214.31,211.97,213.13,268649.091,342760.34740000084,194.81295000000046,200.5738000000003,208.17904761904768
1756386000,213.13,216.89,212.16,212.74,690701.977,360995.60025000083,194.97565000000046,201.10000000000028,208.63142857142861
1756389600,212.74,216,211.66,215.64,415761.547,360303.1270500008,195.13855000000044,201.55360000000027,208.9371428571429
1756393200,215.64,216.07,210.2,211.06,500514.241,366243.2992000008,195.32300000000046,202.05820000000026,209.15000000000003
1756396800,211.06,214,207.17,207.43,410753.368,331485.1069500008,195.50345000000044,202.56060000000028,209.37857142857146
1756400400,207.43,210.67,207.28,210.41,253008.081,332596.29175000085,195.66370000000046,203.05080000000027,209.68619047619052
1756404000,210.4,212.75,209.5,212.05,152660.148,328354.0789500008,195.82945000000046,203.54620000000028,209.81476190476192
1756407600,212.06,213.03,209.79,209.94,162796.307,329177.37480000086,195.99270000000044,204.04820000000026,209.86380952380958
1756411200,209.95,213.64,209.64,213.21,167437.166,322592.6228000008,196.15540000000044,204.4814000000003,209.95095238095243
1756414800,213.22,213.94,211.9,213.71,137097.001,317710.67250000086,196.31375000000048,204.79960000000028,210.25761904761907
1756418400,213.71,215.73,213.55,214.22,189778.202,318437.8629000008,196.48685000000046,205.1924000000003,210.52333333333337
1756422000,214.22,215.31,213.71,214.43,169446.681,319923.3654500008,196.63950000000048,205.5604000000003,211.01190476190482
1756425600,214.43,217.97,214.09,215.07,395611.939,317120.0123000008,196.7663500000005,205.88480000000033,211.47761904761907
1756429200,215.07,215.43,212,213.47,310166.911,310795.5699000008,196.91375000000048,206.25180000000034,211.87333333333333
1756432800,213.47,217.5,212.77,215.3,388349.339,317924.88115000085,197.06900000000044,206.5774000000003,212.26333333333338
1756436400,215.31,217.8,214.22,216.86,267288.111,319363.0203500008,197.21725000000046,206.93480000000028,212.59285714285713
1756440000,216.86,218,216.07,217.13,421831.963,302752.4356000008,197.37390000000042,207.28760000000028,212.6590476190476
1756443600,217.13,217.25,214.66,215.8,220529.014,294819.8025000008,197.54820000000043,207.6538000000003,212.83380952380952
1756447200,215.81,216.21,212.7,212.73,576083.404,312599.17470000085,197.71250000000043,208.00600000000028,213.08095238095237
1756450800,212.73,212.73,207.8,208.77,650808.791,337463.66410000087,197.86950000000044,208.41940000000028,213.27238095238096
1756454400,208.78,210.07,206.15,206.82,471023.882,347582.40365000087,198.02595000000045,208.83140000000026,213.34666666666666
1756458000,206.81,207.88,205.34,207.71,395667.619,332830.6857500009,198.16755000000046,209.20820000000026,213.40047619047618
1756461600,207.7,209.38,206.89,207.57,263880.223,325236.6195500009,198.32595000000046,209.48580000000027,213.1542857142857
1756465200,207.57,209.18,206.73,207.62,184634.396,309442.62730000087,198.47230000000044,209.63700000000026,212.85333333333332
1756468800,207.61,214.94,207.12,211.9,673681.689,322589.04335000087,198.62180000000043,209.75500000000025,212.5952380952381
1756472400,211.9,212,207.63,209,472544.41,333565.85980000085,198.7658000000004,209.84660000000025,212.3490476190476
1756476000,209,211,206.87,207.51,593789.563,355622.3305500009,198.89280000000042,209.95220000000026,211.96714285714285
1756479600,207.52,210.55,203.81,204.46,467676.452,370866.33780000085,198.99695000000042,210.03380000000027,212.00714285714284
1756483200,204.46,205.5,202.74,204.84,417353.691,383362.16405000084,199.09140000000042,210.10800000000026,212.08190476190478
1756486800,204.83,204.9,202.1,202.51,306185.242,391816.57610000076,199.18450000000047,210.26420000000027,211.94380952380956
1756490400,202.51,203.25,201.34,202.11,208626.21,392758.9765000008,199.29000000000048,210.34400000000028,211.582380952381
1756494000,202.1,204.56,201.66,202.95,189105.084,393741.8966500008,199.3859500000005,210.40140000000028,211.33952380952383
1756497600,202.95,203.51,200.78,201.02,210768.35,384499.71720000077,199.50670000000045,210.40180000000026,210.83
1756501200,201.01,204,199.85,203.76,254845.055,381733.6244000007,199.61120000000045,210.36420000000027,210.27761904761908
1756504800,203.76,204,202.47,203.15,100894.377,367360.87630000076,199.71575000000047,210.24120000000028,209.74095238095245
1756508400,203.15,205.5,203.14,205.08,166140.882,362303.5148500008,199.80315000000047,210.12460000000024,209.10238095238097
1756512000,205.09,205.38,203.53,205,150176.83,348720.7582000008,199.89910000000043,210.00000000000028,208.56380952380957
1756515600,204.99,205.16,200.9,201.12,338317.079,354610.16145000077,199.98700000000045,209.8532000000003,208.07238095238097
1756519200,201.13,203.71,200.68,203.32,296531.883,340632.5854000008,200.07590000000047,209.8004000000003,207.5857142857143
1756522800,203.32,206.65,203.18,205.61,231030.337,319643.6627000008,200.17050000000046,209.69180000000028,207.0209523809524
1756526400,205.61,206.54,204.61,204.65,171571.918,304671.06450000074,200.2568500000004,209.68120000000027,206.25857142857143
1756530000,204.65,207.06,204.37,206.09,214353.642,295605.36565000075,200.3552500000004,209.69400000000027,205.66428571428574
1756533600,206.09,206.64,205.04,205.1,137341.233,289278.41615000076,200.44690000000043,209.6574000000003,205.32523809523815
1756537200,205.1,205.66,204.46,205.14,112740.859,285683.7393000008,200.56405000000044,209.6452000000003,205.12904761904767
1756540800,205.13,205.56,202.61,203.02,175568.814,260778.09555000075,200.68425000000042,209.6392000000003,205.09428571428577
1756544400,203.02,203.36,201.65,202.42,181542.108,246227.98045000076,200.78400000000042,209.60740000000035,204.97000000000008
1756548000,202.43,203.31,201.78,202.71,141778.676,223627.43610000075,200.88980000000043,209.56620000000035,204.8542857142858
1756551600,202.7,202.9,201.77,202.64,70084.365,203747.83175000077,201.01710000000043,209.42660000000035,204.63523809523815
1756555200,202.64,202.67,199.26,200.6,345018.325,200131.06345000077,201.1361500000004,209.29680000000036,204.1838095238096
1756558800,200.61,200.65,197.52,199.17,347524.334,202198.01805000074,201.26085000000043,209.12380000000033,203.8842857142858
1756562400,199.16,200.52,198.22,199.96,159754.969,199754.45600000076,201.37740000000045,208.91000000000037,203.65238095238104
1756566000,199.96,201.67,199.46,201.05,160190.105,198308.70705000075,201.50165000000044,208.67940000000036,203.46857142857152
1756569600,201.05,201.06,199.74,200.37,99751.383,192757.85870000074,201.61100000000044,208.50020000000038,203.1985714285715
1756573200,200.38,201.61,200,200.93,79303.19,183980.76545000073,201.71325000000047,208.23340000000042,203.07714285714295
1756576800,200.92,201.59,200.5,201.04,82716.957,183071.89445000075,201.81370000000047,207.9540000000004,203.02666666666673
1756580400,201.04,201.41,200.59,201.25,63980.577,177963.87920000072,201.9181000000005,207.69060000000042,202.9038095238096
1756584000,201.25,201.3,199.75,200.67,57406.822,173325.37880000073,202.0066000000005,207.45680000000044,202.89952380952386
1756587600,200.66,201.28,200.2,200.61,53228.623,159070.95600000076,202.08410000000052,207.15140000000042,202.77000000000004
1756591200,200.6,201.58,200.08,201.44,84221.178,148455.42075000075,202.16920000000053,206.9488000000004,202.6795238095239
1756594800,201.43,203.33,201.38,202.7,140441.908,143925.99930000075,202.25455000000053,206.82100000000042,202.46952380952388
1756598400,202.7,205.98,202.69,205.43,277324.904,149213.64860000074,202.33755000000056,206.6378000000004,202.26047619047625
1756602000,205.44,206.64,204.18,206.41,257843.665,151388.14975000074,202.42750000000055,206.41020000000037,202.27571428571432
1756605600,206.41,206.66,204.89,205.04,98254.591,149433.81765000074,202.52680000000052,206.22360000000037,202.24619047619058
1756609200,205.03,205.7,204.82,205.58,86515.395,148122.54445000074,202.63490000000053,205.98820000000035,202.23761904761912
1756612800,205.57,205.65,203.47,204.42,142994.331,146493.82030000078,202.7460000000005,205.76800000000037,202.32142857142867
1756616400,204.43,204.9,203.89,204.64,80433.956,141438.41270000077,202.8478000000005,205.59220000000033,202.27142857142866
1756620000,204.65,204.89,202.73,202.94,198877.746,144293.36620000078,202.8965000000005,205.43180000000038,202.29428571428582
1756623600,202.94,203.92,202.92,203.55,84277.701,145003.03300000075,202.9426500000005,205.23120000000034,202.26000000000008
1756627200,203.56,206,203.53,205.81,126624.97,134083.36525000076,202.9953000000005,205.07340000000033,202.33714285714294
1756630800,205.81,205.85,203.89,204.05,105094.607,121961.87890000075,203.0429500000005,204.8558000000003,202.3619047619048
1756634400,204.05,204.52,202.73,203.54,174835.386,122715.89975000075,203.0840500000005,204.61140000000032,202.40190476190483
1756638000,203.55,203.84,202.23,203.65,90451.616,119228.97530000075,203.1171000000005,204.32760000000036,202.55285714285722
1756641600,203.65,203.79,202.42,203.39,177558.768,123119.34455000077,203.1411500000005,204.0826000000003,202.71714285714293
1756645200,203.38,203.82,201.73,202.08,107621.758,124535.27295000076,203.16335000000046,203.9442000000003,202.92523809523814
1756648800,202.09,203.94,201.5,203.75,136244.871,127211.66865000075,203.1810000000005,203.84980000000033,203.10095238095246
1756652400,203.76,204.89,203.6,204.58,137307.756,130878.02760000076,203.1953000000005,203.7842000000003,203.212380952381
1756656000,204.58,205.3,203.68,205.11,106249.957,133320.18435000075,203.2317000000005,203.70300000000032,203.29380952380956
1756659600,205.12,205.7,204.52,204.96,149763.454,138146.92590000073,203.2628500000005,203.61940000000033,203.42809523809532
1756663200,204.95,205.73,204.68,205.67,57958.943,136833.81415000075,203.29275000000052,203.50860000000034,203.59666666666675
1756666800,205.67,205.99,204.45,204.62,68730.199,133248.22870000073,203.3202000000005,203.3456000000003,203.78047619047624
1756670400,204.61,205.22,204.33,204.84,42407.623,121502.36465000075,203.31380000000047,203.2572000000003,203.98476190476197
1756674000,204.83,205.42,204.25,205.37,76586.691,112439.51595000076,203.28650000000053,203.20920000000032,204.22571428571433
1756677600,205.38,205.78,203.45,203.75,111567.552,113105.16400000076,203.2725500000005,203.21920000000034,204.3771428571429
1756681200,203.74,203.91,200.28,200.62,407697.508,129164.26965000076,203.26955000000052,203.23580000000035,204.4790476190477
1756684800,200.62,201.43,198.49,200.44,303931.978,137211.15200000076,203.27600000000052,203.27800000000036,204.4761904761905
1756688400,200.44,202.49,199.88,200.97,160040.132,141191.46080000076,203.27845000000053,203.33260000000038,204.34952380952387
1756692000,200.97,201.24,196.03,197.53,455367.92,154015.96950000076,203.29695000000055,203.3810000000004,204.13904761904766
1756695600,197.53,198.75,196.93,198.42,176008.942,158602.53155000074,203.31015000000053,203.43560000000036,203.8942857142858
1756699200,198.41,198.49,196.77,197.54,155618.398,160052.20295000073,203.32440000000054,203.37280000000035,203.73000000000008
1756702800,197.54,198.97,196.61,198.4,119273.769,160761.16105000075,203.34380000000056,203.31860000000037,203.39142857142863
1756706400,198.4,199.48,197.53,198.78,131092.841,158574.03380000073,203.34895000000054,203.2364000000004,203.17619047619056
1756710000,198.77,202.93,197.86,202.92,317215.698,169912.23790000073,203.33915000000056,203.08700000000036,202.89000000000007
1756713600,202.92,204.58,202.4,203.08,287827.957,175425.69735000073,203.32505000000054,203.03300000000036,202.53714285714292
1756717200,203.07,203.84,201.01,201.04,188643.85,179476.80195000075,203.31360000000055,202.91740000000036,202.28619047619054
1756720800,201.04,201.59,198.36,199.47,194473.019,182388.20935000075,203.28125000000054,202.77320000000037,202.25666666666672
1756724400,199.47,199.68,198.67,199.4,125365.44,181791.09355000075,203.25290000000058,202.65580000000034,202.22952380952387
1756728000,199.41,200.49,198.77,199.6,123473.4,182652.26570000075,203.22175000000058,202.59240000000034,202.11761904761912
1756731600,199.61,201.13,198.94,199.68,163500.813,183339.13365000073,203.19835000000057,202.55200000000033,201.9933333333334
1756735200,199.68,200.72,198.94,200.22,147361.927,187809.28285000075,203.17465000000058,202.47000000000034,201.78619047619054
1756738800,200.21,200.87,197.67,198.37,194634.334,194104.48960000073,203.16855000000058,202.39900000000034,201.54904761904768
1756742400,198.36,198.98,197.44,198.56,164105.331,200189.37500000076,203.15330000000057,202.33860000000038,201.29047619047626
1756746000,198.56,199.12,197.27,198.55,115703.33,202145.20695000075,203.11785000000057,202.2764000000004,201.06476190476198
1756749600,198.54,199.52,198.42,199.23,89168.571,201025.25790000072,203.07140000000055,202.2172000000004,200.71714285714293
1756753200,199.23,200.16,199.14,200.16,61679.185,183724.34175000075,203.02315000000056,202.2096000000004,200.42857142857147
1756756800,200.16,200.17,196.16,197.71,230472.205,180051.35310000074,202.96780000000058,202.1936000000004,200.12904761904767
1756760400,197.71,197.8,194.43,195.06,284475.569,186273.12495000073,202.92335000000057,202.1656000000004,199.83666666666673
1756764000,195.07,195.97,194.19,195.76,163033.195,171656.38870000074,202.88760000000056,202.11560000000043,199.66571428571436
1756767600,195.76,197.44,195.47,197.32,112299.969,168470.94005000073,202.8461500000006,202.09280000000044,199.52714285714293
1756771200,197.32,197.99,196.77,197.71,108217.832,166100.91175000073,202.79820000000058,202.0774000000004,199.27095238095245
1756774800,197.71,200.02,197.24,199.27,178343.012,169054.37390000076,202.75005000000058,202.0108000000004,199.02285714285722
1756778400,199.26,202.4,198.84,202.25,205224.727,172760.96820000076,202.72210000000058,201.8870000000004,199.01285714285717
1756782000,202.25,203.36,201.58,201.85,191491.078,166474.73720000076,202.70050000000057,201.78880000000038,198.9790476190477
1756785600,201.86,203.14,201.39,203,105687.561,157367.71740000078,202.66720000000055,201.72300000000038,199.06142857142862
1756789200,203,203.5,201.94,203.26,96075.579,152739.30385000078,202.61885000000058,201.6484000000004,199.24476190476193
1756792800,203.27,204.45,203.14,204.1,190537.199,152542.51285000078,202.5672500000006,201.5798000000004,199.39095238095243
1756796400,204.11,204.2,201.85,202.12,181584.113,155353.44650000078,202.52575000000058,201.51620000000037,199.39476190476194
1756800000,202.12,203.9,202.03,203.1,125325.192,155446.03610000078,202.4812500000006,201.42500000000035,199.4033333333334
1756803600,203.1,204.39,202.81,204.39,131599.8,153850.98545000076,202.43085000000062,201.38420000000033,199.54904761904766
1756807200,204.39,204.45,203.39,203.71,110376.378,152001.70800000074,202.3859500000006,201.33780000000036,199.67523809523814
1756810800,203.71,203.78,201.67,201.98,117872.277,148163.60515000075,202.37015000000056,201.33140000000037,199.8514285714286
1756814400,201.97,202.23,197.37,197.99,301805.214,155048.59930000076,202.3670000000006,201.28100000000035,200.07952380952386
1756818000,197.99,204.3,197.81,204.05,481775.32,173352.19880000074,202.3613000000006,201.28420000000034,200.2714285714286
1756821600,204.04,205.15,202.66,204.37,395126.805,188650.11050000074,202.3563500000006,201.30100000000036,200.35523809523815
1756825200,204.36,204.62,199.77,200.3,258265.603,198479.43140000076,202.3370500000006,201.25900000000036,200.3371428571429
1756828800,200.29,201.99,199.48,201.47,166726.542,195292.14825000073,202.3351000000006,201.21760000000035,200.59857142857146
1756832400,201.48,205.36,201.48,204.8,267813.134,194459.02650000073,202.3223000000006,201.10660000000036,200.8757142857143
1756836000,204.79,206.52,203.33,205.65,242296.501,198422.19180000076,202.2781000000006,201.1146000000003,200.9266666666667
1756839600,205.66,207,204.43,205.54,184006.325,202007.50960000075,202.24180000000058,201.13420000000033,200.98904761904765
1756843200,205.53,208.23,204.91,206.73,214074.479,207300.34195000076,202.19515000000058,201.09860000000037,201.32666666666668
1756846800,206.73,208,206.65,207.26,144965.616,205631.47215000074,202.19685000000055,201.05300000000037,201.83095238095237
1756850400,207.26,208.87,206.63,208.66,227035.219,206721.99675000075,202.20905000000053,201.05740000000034,202.29666666666668
1756854000,208.66,209.68,207.96,209.65,268412.043,210568.0450000007,202.21145000000053,201.06820000000036,202.74476190476193
1756857600,209.64,210.47,207.88,208.37,345497.102,222558.52205000073,202.2191000000005,201.07980000000035,203.19952380952384
1756861200,208.36,211.84,207.42,211.47,278954.269,231702.45655000076,202.24575000000053,201.10100000000034,203.64666666666668
1756864800,211.46,211.97,210.34,211.28,290747.853,236712.98925000074,202.2946500000005,201.15380000000033,203.99904761904764
1756868400,211.27,211.84,209.32,210.03,159202.206,235593.89390000078,202.33460000000053,201.23020000000037,204.30952380952385
1756872000,210.02,210.46,209.21,210.28,108958.095,234775.53905000078,202.37825000000052,201.31580000000034,204.71285714285716
1756875600,210.28,210.48,208.93,209.03,93763.647,232883.73140000078,202.42335000000054,201.40820000000036,205.09476190476192
1756879200,209.04,209.45,207.94,208.44,246863.863,239708.1056500008,202.47510000000054,201.62520000000038,205.37714285714287
1756882800,208.44,209.41,208.04,209.36,115476.091,239588.2963500008,202.5405500000005,201.84200000000038,205.7657142857143
1756886400,209.36,210.75,208.93,209.4,170642.325,233030.1519000008,202.6001500000005,202.02320000000037,206.04809523809524
1756890000,209.4,209.68,208.15,209.61,138275.668,215855.16930000082,202.67405000000053,202.27820000000037,206.2409523809524
1756893600,209.62,210.37,208.93,209.92,125307.028,202364.18045000083,202.74815000000052,202.49040000000034,206.51
1756897200,209.91,211.34,209.65,210.38,138534.767,196377.63865000082,202.84095000000048,202.70840000000035,206.86333333333334
1756900800,210.37,211.4,208.69,209.14,248474.387,200465.03090000083,202.96090000000052,202.92760000000035,207.41666666666666
1756904400,209.14,213.02,209.1,211.62,365050.082,205326.87830000083,203.07400000000052,203.14000000000036,207.69619047619048
1756908000,211.63,212.66,210.35,212.07,381443.448,212284.2256500008,203.1810500000005,203.27380000000034,207.98238095238096
1756911600,212.07,212.66,210.91,211.37,172405.105,211704.1646500008,203.29185000000052,203.41060000000033,208.40333333333334
1756915200,211.37,211.97,209.46,209.93,117894.141,206895.14775000082,203.40740000000054,203.59740000000033,208.8866666666667
1756918800,209.93,211.56,209.93,210.81,88088.144,204051.27415000083,203.51435000000055,203.79080000000033,209.23285714285717
1756922400,210.8,211.19,208.83,209.68,101866.939,197792.8601500008,203.62640000000053,204.03520000000034,209.50523809523813
1756926000,209.67,210.48,209.29,210.38,80755.111,188410.0135500008,203.74380000000053,204.28460000000035,209.71428571428575
1756929600,210.38,210.46,209.22,209.43,64917.014,174381.0091500008,203.85005000000052,204.51840000000033,209.90857142857146
1756933200,209.42,209.52,208.38,208.88,61629.134,163514.7524000008,203.96440000000052,204.71260000000035,210.02380952380958
1756936800,208.88,209.89,208.51,209.88,76715.556,152813.1375500008,204.08510000000052,204.9614000000003,210.10571428571433
1756940400,209.89,210.96,209.65,210.77,91729.708,149439.5126500008,204.1973500000005,205.18380000000033,210.09523809523813
1756944000,210.77,211.94,210.45,211.23,118088.5,149896.03290000078,204.3034500000005,205.42040000000034,210.11952380952386
1756947600,211.24,211.25,209.75,210.39,99003.504,150158.0257500008,204.41740000000053,205.62440000000032,210.04380952380956
1756951200,210.39,210.54,207.47,208.25,201532.552,147891.46020000082,204.52270000000053,205.79880000000034,210.0195238095239
1756954800,208.25,208.67,207.57,208.19,70361.506,145635.7309500008,204.63475000000054,206.04220000000035,210.07666666666674
1756958400,208.19,208.56,206.94,207.17,69750.645,140591.1469500008,204.72920000000053,206.35640000000032,210.0819047619048
1756962000,207.17,207.17,205.68,206.79,147151.521,141034.9396000008,204.82660000000055,206.6658000000003,210.04476190476197
1756965600,206.79,207.22,206.31,206.33,77334.27,138636.30170000083,204.91840000000056,206.9272000000003,210.03285714285715
1756969200,206.33,207.44,206.25,206.68,59159.712,134667.5489500008,205.01840000000055,207.13800000000032,209.92857142857147
1756972800,206.68,208.15,206.58,207.06,55198.708,125003.7650000008,205.1063000000006,207.31640000000033,209.80428571428573
1756976400,207.07,208.12,207.07,208.06,59983.131,109750.41745000081,205.1896500000006,207.41480000000033,209.64809523809527
1756980000,208.06,208.79,207.54,207.54,93747.451,95365.61760000081,205.2566000000006,207.5136000000003,209.4938095238096
1756983600,207.53,208.42,207,207.22,70541.03,90272.41385000081,205.31040000000056,207.5802000000003,209.33571428571435
1756987200,207.23,208.5,207,208.37,104798.072,89617.6104000008,205.36450000000056,207.64860000000027,209.28428571428577
1756990800,208.36,208.48,206.33,207.06,166211.331,93523.7697500008,205.41450000000054,207.70780000000028,209.09
1756994400,207.05,207.71,204.18,205.39,288191.074,102839.9765000008,205.46235000000055,207.8266000000003,208.85904761904766
1756998000,205.39,205.41,203.38,203.76,225694.967,110086.96930000081,205.5164500000005,207.91540000000026,208.71619047619052
1757001600,203.77,204.87,203.53,204.59,100490.826,111865.65990000081,205.5786000000005,207.9720000000003,208.57952380952386
1757005200,204.58,205.18,203.94,203.96,72897.212,112429.06380000079,205.6376000000005,208.0652000000003,208.3214285714286
1757008800,203.97,204.71,202.28,203.08,145125.446,115849.5583000008,205.6838500000005,208.1668000000003,208.0395238095238
1757012400,203.07,203.67,201.84,202.12,82923.989,115409.2723500008,205.71035000000052,208.31480000000028,207.76380952380953
1757016000,202.11,203.79,201.88,202.63,119341.87,115471.9408500008,205.72635000000054,208.30900000000028,207.50333333333333
1757019600,202.63,204.02,202.47,203.82,88430.752,114943.30325000078,205.7473000000005,208.31340000000029,207.22714285714284
1757023200,203.81,204.74,202.76,204.19,108620.067,110297.67900000077,205.7630500000005,208.38660000000024,206.857619047619
1757026800,204.2,204.82,202.23,202.32,102201.141,111889.66075000077,205.7697000000005,208.41880000000026,206.47
1757030400,202.32,202.92,201,201.19,137334.142,115268.83560000076,205.77520000000052,208.3652000000003,206.11714285714282
1757034000,201.19,203.78,200.95,203.47,124095.048,114116.01195000074,205.7754500000005,208.30480000000028,205.82190476190473
1757037600,203.47,204.05,202.66,204.04,95243.362,115011.46655000075,205.77040000000048,208.2704000000003,205.53952380952376
1757041200,204.03,204.03,202.48,203.53,71480.17,115627.48945000076,205.7559500000005,208.21960000000027,205.20619047619044
1757044800,203.53,204.46,203,204.12,64418.841,116088.49610000076,205.74590000000046,208.12080000000032,205.02999999999997
1757048400,204.12,204.89,203.92,204.67,147975.879,120488.13350000077,205.74280000000047,207.97140000000033,204.8990476190476
1757052000,204.67,204.87,203.9,204.86,129054.352,122253.47855000077,205.73015000000046,207.84780000000032,204.76571428571418
1757055600,204.86,208.43,204.75,207.87,336685.286,135560.69135000076,205.6984500000005,207.76120000000031,204.64380952380947
1757059200,207.87,207.96,206.49,206.55,208620.549,140751.81520000077,205.6647000000005,207.6024000000003,204.52999999999992
1757062800,206.56,206.93,204.52,205.88,178615.532,141372.02525000076,205.6361500000005,207.45920000000032,204.37761904761894
1757066400,205.88,206.62,205.73,206.05,64784.815,130201.71230000076,205.6145500000005,207.3520000000003,204.3933333333332
1757070000,206.04,207.04,206,206.67,88074.194,123320.67365000075,205.6002000000005,207.2436000000003,204.36142857142846
1757073600,206.67,209.74,204.93,209.04,503181.493,143455.20700000078,205.57790000000048,207.22040000000032,204.24285714285702
1757077200,209.05,210,208.39,209.65,235654.049,151593.04885000078,205.57320000000047,207.18260000000032,204.19476190476178
1757080800,209.66,209.66,201.62,202.24,617807.28,175227.14055000077,205.57570000000047,207.1130000000003,204.25571428571416
1757084400,202.24,204.45,201.61,203.56,283331.78,185247.5301000008,205.60030000000046,207.0460000000003,204.50714285714275
1757088000,203.55,204.07,202.5,203.76,150807.732,186820.82320000077,205.61340000000047,206.9872000000003,204.74809523809515
1757091600,203.76,203.79,202.21,202.41,136899.257,189244.2484500008,205.61325000000045,206.96960000000033,204.66619047619037
1757095200,202.41,204.7,201.91,204.33,126443.262,190135.40820000082,205.61230000000043,206.9550000000003,204.6890476190475
1757098800,204.33,205.55,203.88,205.44,113702.231,190710.46270000082,205.60490000000044,206.8170000000003,204.76714285714272
1757102400,205.43,205.69,204.43,205.56,75428.551,187615.1831500008,205.58970000000045,206.6558000000003,204.75666666666652
1757106000,205.56,205.67,202.9,203.13,142593.057,188540.08360000083,205.57980000000046,206.4896000000003,204.78095238095224
1757109600,203.13,204.37,202.7,204.12,49816.889,186268.75995000082,205.53265000000047,206.3104000000003,204.84047619047604
1757113200,204.11,204.49,203.22,203.36,39347.504,184662.12665000084,205.48490000000047,206.1984000000003,204.99476190476176
1757116800,203.37,204.29,203.18,203.87,53854.404,184133.90480000083,205.43250000000046,206.09100000000032,205.08714285714268
1757120400,203.86,204.68,203.49,204.41,45266.786,178998.4501500008,205.3865500000005,206.00860000000034,205.1180952380951
1757124000,204.42,204.66,203.14,204.31,80953.03,176593.3840500008,205.3385000000005,205.8636000000003,205.08571428571412
1757127600,204.3,204.57,203.8,204.07,39669.281,161742.5838000008,205.30000000000052,205.7574000000003,205.10190476190456
1757131200,204.06,204.07,203.21,203.23,40470.915,153335.1021000008,205.2621500000005,205.6470000000003,205.11571428571412
1757134800,203.23,203.35,202.13,202.26,127888.589,150798.75495000082,205.2141000000005,205.52680000000032,205.09857142857123
1757138400,202.25,202.64,202.07,202.44,60366.1,150577.8192000008,205.15650000000053,205.3996000000003,205.0609523809522
1757142000,202.44,203.27,202.4,203.03,41614.96,148254.8575000008,205.1180000000005,205.26120000000031,204.83999999999983
1757145600,203.03,203.56,202.66,203.49,46621.663,125426.86600000082,205.1002000000005,205.13480000000033,204.63571428571413
1757149200,203.49,203.49,202.68,202.69,45058.363,115897.08170000082,205.0702000000005,205.03440000000032,204.47190476190457
1757152800,202.7,203.1,202.42,202.91,50787.082,87546.07180000082,205.03150000000053,204.9158000000003,204.32809523809507
1757156400,202.91,202.93,201.8,202.38,84445.609,77601.7632500008,205.0021500000005,204.82120000000032,204.1766666666665
1757160000,202.38,202.87,202.2,202.27,29564.62,71539.6076500008,204.9522500000005,204.74600000000035,203.87428571428558
1757163600,202.27,202.49,201.41,202.33,74711.477,68430.21865000081,204.89500000000052,204.68920000000034,203.55333333333314
1757167200,202.33,202.66,201.86,202.05,73697.327,65792.9219000008,204.83610000000053,204.60940000000036,203.55999999999983
1757170800,202.05,202.28,201.01,201.26,72406.443,63728.13250000081,204.7791000000005,204.5264000000004,203.49857142857127
1757174400,201.26,202.37,200.75,201.62,83586.694,64136.03965000081,204.7212000000005,204.4128000000004,203.430476190476
1757178000,201.62,201.79,199.62,200.15,137410.525,63876.9130500008,204.6673000000005,204.30740000000037,203.41333333333318
1757181600,200.14,200.81,199.32,200.04,95519.854,66162.0613000008,204.6053500000005,204.20960000000042,203.26714285714266
1757185200,200.05,200.28,199.37,199.71,58847.439,67137.0580500008,204.53295000000048,204.08320000000043,203.08523809523788
1757188800,199.7,200.8,199.7,200.8,43828.888,66635.7822500008,204.4586500000005,203.96720000000045,202.82761904761884
1757192400,200.8,201.2,200.35,200.76,27307.774,65737.8316500008,204.3913000000005,203.89180000000042,202.68047619047599
1757196000,200.76,201.07,200.01,200.4,31536.827,63267.0215000008,204.33790000000053,203.81960000000043,202.47047619047603
1757199600,200.39,201,199.92,200.16,36086.347,63087.874800000805,204.30035000000052,203.7286000000004,202.34857142857123
1757203200,200.17,201.36,200.12,201.15,45870.267,63357.8424000008,204.2743500000005,203.64360000000042,202.20047619047597
1757206800,201.15,203.19,201.1,202.7,88634.638,61395.14485000081,204.2365500000005,203.59800000000038,202.00952380952359
1757210400,202.71,202.96,202.02,202.81,53758.394,61064.75955000081,204.1989000000005,203.5708000000004,201.81190476190454
1757214000,202.81,203.27,202.57,202.86,40906.384,61029.330750000816,204.15935000000053,203.5262000000004,201.67285714285694
1757217600,202.85,203.09,202.3,203.08,30597.101,60228.102650000816,204.1038500000005,203.4530000000004,201.64761904761886
1757221200,203.08,203.25,202.76,202.83,30143.584,59482.363700000824,204.0626500000005,203.3922000000004,201.67380952380933
1757224800,202.82,202.95,202.23,202.28,38139.453,58849.98225000083,204.0271000000005,203.3998000000004,201.69380952380934
1757228400,202.28,203.3,202.25,202.99,45735.613,56914.482450000825,204.0056000000005,203.43220000000036,201.6961904761903
1757232000,203,203.94,202.99,203.54,69571.129,58914.807900000815,203.9871500000005,203.4200000000004,201.6647619047617
1757235600,203.54,203.97,202.72,203.18,48085.486,57583.50835000082,203.9881000000005,203.40080000000043,201.6452380952379
1757239200,203.18,203.38,202.86,203.38,37438.117,55770.547850000825,203.99160000000052,203.38680000000045,201.6490476190474
1757242800,203.37,203.99,203.13,203.96,48001.23,54550.28720000082,203.9911500000005,203.35000000000045,201.70428571428553
1757246400,203.96,204,203.35,203.77,54242.905,53083.097750000816,204.00145000000052,203.31640000000044,201.74761904761885
1757250000,203.78,203.79,203.08,203.43,41000.463,48262.594650000814,203.99680000000052,203.29000000000045,201.79761904761887
1757253600,203.43,203.97,203.16,203.68,73801.717,47176.687800000815,203.99245000000053,203.19620000000046,201.88857142857125
1757257200,203.68,205.55,203.47,205.2,209112.425,54689.93710000082,203.9820000000005,203.13280000000046,202.00809523809502
1757260800,205.2,205.48,203.39,203.45,134099.81,59203.48320000082,203.97470000000052,203.09440000000046,202.09428571428552
1757264400,203.46,203.7,201.72,201.98,196341.492,67655.16910000083,203.9850000000005,203.04880000000048,202.26238095238074
1757268000,201.97,202.26,201.48,202.14,74411.669,69798.91120000082,203.98530000000054,202.98400000000046,202.50809523809508
1757271600,202.14,203.09,201.87,203.08,69400.239,71464.60580000082,203.97705000000053,202.87680000000043,202.6861904761903
1757275200,203.08,204.93,202.58,204.92,86023.898,73472.28735000083,203.97265000000053,202.78780000000043,202.74238095238076
1757278800,204.93,205.16,204.44,204.68,160790.118,77080.06135000082,203.9593500000005,202.81200000000044,202.80809523809504
1757282400,204.68,207.46,204.34,207.1,226240.019,85704.14260000082,203.95225000000053,202.78040000000044,202.93571428571408
1757286000,207.1,207.95,206.25,206.35,315164.612,99417.05400000082,203.9525500000005,202.74800000000042,203.16238095238072
1757289600,206.35,207.1,205.66,205.66,170192.794,106396.83865000082,203.9547000000005,202.76140000000044,203.33047619047596
1757293200,205.67,207.38,205.59,206.89,106044.155,110191.86720000082,203.95250000000055,202.7732000000004,203.5399999999998
1757296800,206.89,208,206.12,207.81,139364.553,115253.1222000008,203.94965000000056,202.75800000000038,203.70857142857122
1757300400,207.82,209,207.49,207.65,274334.931,126683.0881000008,203.95185000000052,202.78880000000038,203.84190476190452
1757304000,207.64,208.64,206.96,207.82,107016.118,128555.33755000078,203.97345000000055,202.85320000000038,204.0233333333331
1757307600,207.83,207.93,206.69,207.32,139390.699,133120.59820000076,204.00100000000057,202.88400000000038,204.26047619047594
1757311200,207.33,207.7,206.66,207.08,94525.826,135974.98365000077,204.03670000000056,202.9546000000004,204.51619047619027
1757314800,207.08,208.87,207.02,207.92,201655.424,143657.69335000077,204.0632000000006,203.03340000000037,204.74619047619026
1757318400,207.91,209.48,207.39,208.93,199335.7,150912.3331000008,204.08965000000057,203.09820000000036,204.92619047619024
1757322000,208.93,210.94,208.65,210.87,286405.751,163182.5975000008,204.11945000000057,203.1684000000004,205.11190476190453
1757325600,210.87,215.84,210.43,215.22,781574.21,198571.2221500008,204.1533000000006,203.23340000000042,205.328095238095
1757329200,215.22,215.3,212.96,214.28,330906.175,204660.9096500008,204.1853000000006,203.3104000000004,205.56476190476164
1757332800,214.28,215,213.52,214.47,238674.428,209889.64055000077,204.2210500000006,203.42360000000036,205.90285714285687
1757336400,214.47,216.31,212.8,213.28,411806.427,220662.88730000076,204.2546000000006,203.55340000000035,206.46428571428547
1757340000,213.28,215.78,212.99,215.27,278236.211,230854.11440000078,204.2828000000006,203.71020000000036,206.9690476190474
1757343600,215.28,216.83,214.71,215.04,461974.013,250482.80310000078,204.30890000000056,203.94480000000036,207.41047619047592
1757347200,215.04,215.49,213.88,214.93,225333.201,257448.2682500008,204.32640000000058,204.17660000000035,207.8785714285712
1757350800,214.93,217,213.98,215.42,290681.249,263942.8248000008,204.34870000000058,204.40780000000038,208.51142857142835
1757354400,215.43,217,214.78,216.67,165044.533,260883.05050000077,204.39960000000056,204.62580000000042,209.12571428571405
1757358000,216.67,217.11,214.79,216.15,328562.349,261552.9373500008,204.44310000000058,204.88580000000042,209.68999999999974
1757361600,216.16,216.22,213.92,214.47,181991.354,262142.86535000085,204.49335000000062,205.1400000000004,210.18999999999977
1757365200,214.47,215.85,214.25,215.08,159559.48,264818.63160000084,204.5365500000006,205.39760000000038,210.76095238095215
1757368800,215.08,215.52,214.46,214.69,76533.93,261677.1004500008,204.5982000000006,205.68080000000043,211.19190476190454
1757372400,214.7,215.24,213.55,214.11,80535.424,251987.12510000082,204.65565000000058,205.9818000000004,211.5785714285712
1757376000,214.11,214.91,212.2,213.22,138055.506,253539.09450000082,204.70125000000058,206.3018000000004,212.02714285714262
1757379600,213.21,214,212.08,213.21,163005.739,254719.84650000083,204.75810000000055,206.59040000000041,212.39857142857116
1757383200,213.21,213.5,210.79,211.62,265091.675,263248.1389500008,204.8237500000006,206.89780000000042,212.69857142857117
1757386800,211.61,214.78,211.38,214.63,170109.986,261670.8670500008,204.88625000000056,207.1756000000004,212.96380952380926
1757390400,214.62,215.69,213.96,214.85,197685.098,261588.33695000078,204.94165000000055,207.44260000000043,213.2204761904759
1757394000,214.85,215.45,214.05,215.23,92052.514,251870.6751000008,205.00665000000055,207.6990000000004,213.4252380952378
1757397600,215.23,219.76,215.02,218.43,460945.147,235839.2219500008,205.06135000000057,207.9600000000004,213.78476190476164
1757401200,218.43,219.79,218.3,219.23,272575.835,232922.7049500008,205.10900000000055,208.1694000000004,214.11476190476165
1757404800,219.23,219.5,218.46,218.99,149051.382,228441.5526500008,205.14955000000052,208.40800000000038,214.41476190476163
1757408400,218.99,219.29,218.52,218.98,99703.52,212836.40730000078,205.19080000000054,208.64880000000036,214.77476190476162
1757412000,218.98,219.19,217.42,217.75,154193.041,206634.2488000008,205.22055000000054,208.8962000000004,214.965714285714
1757415600,217.75,218.04,217,217.25,107694.077,188920.2520000008,205.27060000000057,209.20320000000035,215.18999999999969
1757419200,217.24,218.36,216.61,217.64,157648.294,185536.0066500008,205.32065000000054,209.53120000000038,215.4047619047616
1757422800,217.64,218.48,216.3,218.03,204622.931,181233.09075000082,205.36995000000053,209.86540000000042,215.61761904761875
1757426400,218.04,218.54,213.23,215.49,586161.409,202288.93455000082,205.44335000000058,210.1852000000004,215.71190476190446
1757430000,215.49,215.8,211.69,213.07,560346.833,213878.15875000082,205.53640000000053,210.46940000000038,215.835714285714
1757433600,213.07,214.98,213,214.17,175529.84,213555.08305000086,205.62915000000055,210.75080000000042,215.98333333333306
1757437200,214.16,215.69,214.02,214.9,137573.437,212455.7809000009,205.71920000000054,211.0360000000004,215.98666666666637
1757440800,214.9,216.91,214.45,216.44,308415.734,224049.87110000086,205.8203000000005,211.3174000000004,215.8152380952378
1757444400,216.44,216.99,215.84,216.34,99591.044,225002.65210000085,205.9144500000005,211.55180000000036,215.7209523809521
1757448000,216.35,216.4,215.24,216.32,77904.791,221995.11635000087,206.0149500000005,211.7446000000004,215.74142857142826
1757451600,216.32,216.6,215.17,215.19,65103.337,217099.99625000087,206.1131000000005,211.9544000000004,215.80619047619018
1757455200,215.19,217.34,215.01,217.21,192042.977,213447.56135000088,206.19665000000052,212.1484000000004,215.8847619047616
1757458800,217.22,217.8,216.58,217.21,144200.566,212152.0903500009,206.24740000000054,212.40820000000036,215.98999999999972
1757462400,217.22,217.54,215.09,215.23,203844.231,212460.04700000086,206.30285000000055,212.69540000000038,216.08380952380924
1757466000,215.22,216.54,215.15,216.31,133856.759,214550.25925000088,206.37215000000054,212.97900000000038,216.27428571428547
1757469600,216.32,219.65,216.32,219.19,347702.449,208888.12435000087,206.4570000000005,213.22120000000038,216.54047619047594
1757473200,219.19,219.53,218.06,219.2,98768.603,200197.76275000087,206.54170000000053,213.46700000000038,216.56904761904735
1757476800,219.2,219.2,217.82,218.4,85900.875,197040.23740000086,206.6253000000005,213.71760000000035,216.63857142857117
1757480400,218.4,219.29,217.86,218.63,96948.924,196902.50760000088,206.7028500000005,213.88020000000034,216.8271428571426
1757484000,218.63,219.63,218,219.19,120875.037,195236.60740000085,206.78780000000054,214.07940000000036,216.86380952380927
1757487600,219.2,222.89,219.09,222.25,528737.793,216288.79320000083,206.88200000000052,214.35000000000034,216.82428571428542
1757491200,222.25,222.45,220.42,220.74,203079.616,218560.35930000088,206.9653500000005,214.59620000000035,216.8071428571426
1757494800,220.74,221.25,219.91,220.45,173382.532,216998.33935000087,207.0541500000005,214.80800000000036,216.81714285714258
1757498400,220.45,220.59,218.77,220.09,209135.223,198147.03005000087,207.15395000000055,215.02760000000035,217.03142857142834
1757502000,220.09,220.43,218.93,220.25,109446.845,175602.03065000087,207.24915000000053,215.25500000000034,217.19761904761882
1757505600,220.24,224.9,219.74,223.43,574455.948,195548.3360500009,207.35260000000054,215.55360000000033,217.33142857142832
1757509200,223.42,226,222.53,224.18,506390.244,213989.17640000087,207.47045000000054,215.82680000000033,217.42952380952357
1757512800,224.18,225.08,222.31,222.71,267348.371,211935.80825000087,207.58760000000052,216.07740000000035,217.6561904761902
1757516400,222.7,224.16,222.7,223.17,207022.574,217307.3847500009,207.7122500000005,216.30060000000032,218.14952380952357
1757520000,223.16,223.97,222.42,223.77,159663.909,221395.3406500009,207.82740000000052,216.4882000000003,218.62619047619023
1757523600,223.76,224.13,221.55,222.67,137974.687,225038.90815000088,207.93330000000051,216.6524000000003,218.99809523809503
1757527200,222.66,223.2,221.29,222.86,145710.785,222722.29855000088,208.02250000000052,216.8504000000003,219.3185714285712
1757530800,222.86,222.89,220.53,221.23,155194.192,223271.97985000088,208.1145000000005,217.01520000000033,219.67238095238068
1757534400,221.23,222.63,220.95,222.52,96512.787,217905.40765000088,208.21665000000053,217.2130000000003,219.9747619047616
1757538000,222.53,223.73,222.35,223.47,89161.346,215670.6370000009,208.3212500000005,217.38300000000032,220.33999999999975
1757541600,223.47,224.65,223.2,224.49,107433.806,203657.20485000088,208.4143000000005,217.53560000000033,220.53142857142834
1757545200,224.48,224.6,223.67,224.07,65637.676,202000.6585000009,208.5195500000005,217.6942000000003,220.78428571428552
1757548800,224.06,225.43,223.85,225,140047.567,204707.99310000087,208.62290000000047,217.81040000000033,221.17666666666645
1757552400,225.01,225.59,224.49,224.82,125956.493,206158.37155000085,208.71430000000052,217.92740000000032,221.56619047619023
1757556000,224.83,225.05,222.94,223.02,126654.523,206447.34585000086,208.81005000000053,218.07380000000035,221.7985714285712
1757559600,223.02,224.57,223,224.17,94596.518,184740.28210000086,208.90630000000047,218.27420000000035,222.0747619047617
1757563200,224.17,224.29,222.58,223.52,112110.884,180191.84550000087,209.02895000000052,218.45400000000035,222.38047619047592
1757566800,223.52,223.96,221.72,222.27,129929.73,178019.20540000085,209.1260500000005,218.66020000000037,222.58952380952354
1757570400,222.26,223.62,221.91,223.33,104475.509,172786.2197000009,209.2266500000005,218.87440000000035,222.8266666666664
1757574000,223.33,223.54,221.94,223.23,102329.054,172430.33015000087,209.3455000000005,219.07040000000035,222.8871428571426
1757577600,223.23,223.57,222.28,223.5,104379.239,148926.49470000088,209.4631500000005,219.28960000000035,222.95999999999972
1757581200,223.49,225.23,223.46,224.49,187619.303,132987.94765000086,209.5632500000005,219.52760000000035,223.0971428571426
1757584800,224.49,225.85,224.34,225.75,148771.744,127059.11630000088,209.65010000000046,219.68040000000033,223.2466666666664
1757588400,225.74,225.75,224.47,225.03,104524.034,121934.18930000087,209.74325000000047,219.85000000000034,223.40142857142828
1757592000,225.04,228.8,222.79,226.71,837797.809,155840.88430000088,209.82720000000046,220.01000000000033,223.4519047619045
1757595600,226.72,228.95,224.26,228.22,431365.975,170510.44870000088,209.90225000000046,220.11140000000032,223.5266666666664
1757599200,228.23,228.3,225.66,227.09,212752.513,173862.53510000085,209.97560000000044,220.21660000000037,223.6371428571426
1757602800,227.09,227.25,225.37,226.82,149500.205,173577.83575000087,210.04350000000042,220.35180000000037,223.80571428571403
1757606400,226.82,228.37,225.3,225.9,214824.366,179493.41470000087,210.11915000000045,220.47280000000038,224.01761904761884
1757610000,225.9,227.69,225.64,227.49,127165.2,181393.60740000088,210.18425000000047,220.65200000000038,224.22809523809497
1757613600,227.49,227.74,225.94,226.34,137329.019,182888.3680500009,210.25660000000045,220.87140000000036,224.4166666666664
1757617200,226.34,226.91,225.92,226.71,140713.078,186642.1381500009,210.33160000000044,221.06040000000039,224.63904761904737
1757620800,226.69,226.71,225.47,225.57,120203.474,185649.93350000092,210.41375000000045,221.2362000000004,224.875714285714
1757624400,225.56,227,225.54,226.72,113956.695,185049.9436000009,210.50970000000044,221.44440000000034,225.01238095238065
1757628000,226.71,228.58,226.38,228.04,246287.228,191031.57885000092,210.60295000000042,221.73280000000034,225.11809523809495
1757631600,228.04,228.94,227.96,228.73,139066.841,193255.0950000009,210.69025000000042,221.97620000000035,225.18952380952354
1757635200,228.73,234.98,228.11,232.99,605179.998,217908.5507000009,210.77275000000043,222.21240000000034,225.27142857142832
1757638800,232.99,233.94,231.54,232.23,214715.444,222147.8364000009,210.86215000000044,222.39500000000035,225.42476190476165
1757642400,232.24,233.86,232.15,232.7,138167.855,223832.45370000094,210.94425000000047,222.60260000000034,225.69666666666637
1757646000,232.69,235.81,232.22,235.09,249612.608,231196.63140000092,211.02590000000043,222.83700000000036,226.11666666666636
1757649600,235.08,238.2,234.22,237.42,466338.821,249294.61050000088,211.10805000000047,223.10780000000034,226.53142857142825
1757653200,237.42,239.86,237.05,238.63,442493.325,262038.3116000009,211.18355000000048,223.42340000000033,227.0280952380949
1757656800,238.64,238.64,237.28,238.15,229694.951,266084.4719500009,211.26340000000047,223.72380000000038,227.58809523809492
1757660400,238.15,238.89,237.01,237.33,237992.56,272757.8982500009,211.35020000000043,224.07320000000036,228.2638095238092
1757664000,237.33,238.35,236.72,237.73,115947.608,236665.38820000086,211.46550000000042,224.44880000000035,228.98428571428536
1757667600,237.73,238.6,237.46,238.46,121568.111,221175.49500000087,211.57260000000045,224.81340000000034,229.63476190476155
1757671200,238.45,239.29,237.55,239.06,107510.86,215913.41235000087,211.68770000000043,225.20200000000034,230.18619047619012
1757674800,239.07,239.55,238.51,239.18,146323.822,215754.59320000085,211.81125000000043,225.59700000000032,230.79095238095206
1757678400,239.18,240.44,237.56,239.34,271559.3,218591.33990000086,211.95120000000043,225.97100000000032,231.35047619047586
1757682000,239.34,240.1,238.05,239.57,238381.455,224152.15265000085,212.09995000000046,226.34180000000032,231.86666666666636
1757685600,239.57,241.84,239,240.26,397301.821,237150.79275000087,212.24130000000048,226.6660000000003,232.4423809523806
1757689200,240.26,240.35,238.51,239.31,253528.502,242791.56395000088,212.37410000000048,227.0324000000003,233.0385714285711
1757692800,239.32,239.4,237.94,238.82,151735.603,244368.17040000088,212.50660000000047,227.4070000000003,233.68952380952348
1757696400,238.82,241.3,238.26,240.25,267578.046,252049.23795000085,212.64695000000043,227.7920000000003,234.2976190476187
1757700000,240.25,241.48,239.87,240.73,195442.136,249506.98335000087,212.80100000000047,228.1784000000003,234.91523809523773
1757703600,240.74,241.26,239.61,241,149155.59,250011.42080000084,212.95595000000046,228.51500000000024,235.4919047619044
1757707200,241,241.24,239,239.72,205755.635,230040.20265000087,213.11680000000044,228.81760000000028,236.19095238095204
1757710800,239.72,240.3,238.33,240.11,155068.626,227057.86175000085,213.28070000000048,229.1398000000003,236.8580952380949
1757714400,240.12,244.04,240.11,241.16,354587.031,237878.82055000085,213.45035000000047,229.4814000000003,237.47523809523778
1757718000,241.16,242.7,240,242.18,176014.223,234198.90130000087,213.61350000000047,229.82060000000027,237.9985714285711
1757721600,242.18,243.75,241.63,243.16,215093.349,221636.62770000086,213.77230000000046,230.18720000000027,238.33761904761872
1757725200,243.17,244.14,241.58,241.62,190812.377,209052.58030000085,213.93325000000044,230.52440000000027,238.76285714285683
1757728800,241.62,242.88,240.68,242.51,157035.544,205419.60995000083,214.09920000000045,230.90200000000027,239.21428571428538
1757732400,242.51,243.99,241.84,243.61,148467.234,200943.34365000084,214.26810000000046,231.27480000000028,239.59857142857106
1757736000,243.62,243.67,242.52,242.97,110441.799,200668.05320000084,214.42485000000045,231.64900000000026,239.79857142857105
1757739600,242.98,243.35,241.23,241.69,117913.929,200485.34410000086,214.59010000000043,232.02240000000026,239.98333333333298
1757743200,241.68,242.8,241.68,242.69,116022.325,200910.91735000088,214.76895000000044,232.37340000000026,240.24333333333297
1757746800,242.69,243.18,242.35,242.46,71133.988,197151.42565000086,214.96105000000043,232.72360000000026,240.51190476190442
1757750400,242.45,243.5,242.01,243.49,122993.057,189723.11350000085,215.15390000000042,233.09940000000023,240.70047619047585
1757754000,243.49,243.72,242.77,243.46,129603.562,184284.21885000085,215.34220000000042,233.49840000000026,240.90190476190443
1757757600,243.46,243.46,242.22,242.64,114820.371,170160.14635000084,215.5393500000004,233.84880000000027,241.06380952380923
1757761200,242.64,242.65,241.26,241.93,143997.941,164683.61830000085,215.74680000000038,234.2322000000003,241.26904761904729
1757764800,241.93,242.55,241.31,242.44,81010.371,161147.35670000085,215.9485000000004,234.6360000000003,241.46523809523777
1757768400,242.45,243.09,237.93,240.06,282043.314,161870.62010000082,216.1378500000004,235.0392000000003,241.61142857142823
1757772000,240.06,241.08,238.59,240.35,227190.73,163458.04980000082,216.3303500000004,235.4438000000003,241.69095238095204
1757775600,240.35,240.86,238.5,239.43,143665.876,163183.56410000083,216.5310500000004,235.8266000000003,241.83999999999966
1757779200,239.43,239.69,237.33,237.52,193932.11,162592.3878500008,216.74255000000042,236.1754000000003,241.8990476190473
1757782800,237.53,238.41,235.73,237.8,207326.915,165205.30230000083,216.9425000000004,236.5092000000003,241.9038095238092
1757786400,237.8,238.86,237.15,238.42,59895.902,150470.74585000082,217.1355000000004,236.80980000000034,241.84190476190443
1757790000,238.42,239.33,238.06,238.98,69818.72,145160.97070000082,217.3275000000004,237.0826000000003,241.67619047619016
1757793600,238.98,240.39,238.84,240.23,80302.056,138421.4060500008,217.51910000000035,237.3068000000003,241.5847619047616
1757797200,240.24,241.45,239.88,240.1,85400.731,133150.82375000083,217.69605000000038,237.5154000000003,241.50428571428543
1757800800,240.11,242.04,239.99,241.89,80519.098,129325.00145000084,217.87350000000038,237.7350000000003,241.40047619047587
1757804400,241.89,243.18,241.71,242.38,156219.966,129712.63805000084,218.03130000000039,237.98540000000025,241.30761904761874
1757808000,242.38,244.09,242.2,243.5,209189.078,134650.00200000085,218.18615000000037,238.21520000000027,241.16190476190445
1757811600,243.5,246.59,242.81,245.79,286740.154,143091.31325000085,218.34575000000038,238.49300000000025,241.1747619047616
1757815200,245.79,249.2,245.75,248.68,324469.105,153513.65225000083,218.5076000000004,238.76080000000027,241.1685714285711
1757818800,248.68,249.6,246.8,246.89,218669.431,160890.42440000083,218.66915000000037,239.08720000000028,241.16333333333301
1757822400,246.89,248.01,244.5,246.24,230516.669,166266.60500000083,218.8251000000004,239.40040000000027,241.29761904761875
1757826000,246.25,248.08,246.04,247.71,90714.654,164322.15960000083,218.97735000000037,239.70960000000025,241.6304761904759
1757829600,247.72,248.4,246.24,247.05,115288.946,164345.58835000085,219.17560000000037,240.05080000000027,241.8304761904759
1757833200,247.05,247.24,245.71,246.39,103888.726,162340.12760000082,219.36970000000036,240.36460000000025,242.0104761904759
1757836800,246.4,247.1,245.88,246.42,81476.961,162363.45710000084,219.5684000000004,240.65780000000024,242.21142857142829
1757840400,246.42,247.76,246.13,247.76,96427.715,153082.67715000082,219.78530000000038,240.92860000000022,242.3823809523807
1757844000,247.75,248.09,246.98,247.67,87044.814,146075.3813500008,220.00705000000033,241.1810000000002,242.5609523809521
1757847600,247.67,247.92,245.58,246.09,112381.103,144511.1427000008,220.21430000000038,241.37360000000024,242.77476190476162
1757851200,246.1,246.77,244.69,245.26,137490.462,141689.0603000008,220.41770000000034,241.52880000000022,243.02809523809498
1757854800,245.27,245.92,243.31,243.8,235521.476,143098.7883500008,220.64060000000035,241.6942000000002,243.3904761904759
1757858400,243.79,245.1,241.53,243.24,305701.58,155389.0722500008,220.85525000000035,241.9028000000002,243.66380952380928
1757862000,243.24,244.27,241.87,243.81,180948.794,160945.5759500008,221.07040000000035,242.10160000000022,243.94142857142833
1757865600,243.81,245.84,243.43,245.16,165325.235,165196.7349000008,221.28315000000035,242.25420000000022,244.24047619047593
1757869200,245.16,248.45,244.51,247.92,225369.822,172195.18945000082,221.49990000000034,242.37820000000022,244.4995238095236
1757872800,247.93,247.96,244.66,244.66,148608.185,175599.64380000083,221.71670000000034,242.47060000000022,244.75619047619026
1757876400,244.67,245.29,242.13,242.51,217930.499,178685.17045000082,221.92680000000033,242.54860000000025,245.05047619047596
1757880000,242.5,243.47,240.99,242.45,149806.218,175716.0274500008,222.13695000000035,242.63340000000022,245.41666666666646
1757883600,242.45,244.72,240.57,244.14,152751.323,169016.5859000008,222.34465000000034,242.73140000000024,245.63380952380933
1757887200,244.15,244.29,240.79,242.99,144802.409,160033.25110000078,222.54865000000035,242.90360000000027,245.66333333333313
1757890800,242.98,242.98,239.23,239.76,144107.769,156305.1680000008,222.75255000000033,243.02040000000022,245.66666666666646
1757894400,239.75,242.16,239.66,240.68,118287.944,150693.7317500008,222.96090000000032,243.06560000000027,245.69714285714267
1757898000,240.69,241.77,239.15,241.11,113666.166,151841.30735000077,223.1870500000003,243.10000000000025,245.5638095238093
1757901600,241.12,242.76,240.34,242.1,105597.277,151356.7239000008,223.39580000000032,243.16280000000023,245.13904761904746
1757905200,242.1,243.41,242.01,242.64,108069.175,151565.7463500008,223.5964500000003,243.22820000000024,244.84333333333316
1757908800,242.65,243.51,242.04,242.83,118826.505,153433.22355000078,223.7973500000003,243.22120000000024,244.59904761904744
1757912400,242.83,243.97,242.59,243.97,80820.933,152652.8844500008,224.0064000000003,243.2116000000002,244.33190476190455
1757916000,243.96,244,239.59,240.31,189330.001,157767.14380000083,224.2111000000003,243.19020000000023,244.12190476190452
1757919600,240.31,241.28,236.17,237.98,322162.568,168256.21705000082,224.4036000000003,243.16900000000024,243.95238095238068
1757923200,237.98,238.11,231.77,232.07,654277.792,194095.58355000083,224.59890000000033,243.18940000000023,243.83571428571403
1757926800,232.07,235.6,231.55,235.59,336817.754,199160.39745000083,224.8037000000003,243.19580000000025,243.48095238095215
1757930400,235.58,236.84,234.02,236.18,217785.755,194764.60620000082,225.0140000000003,243.2030000000002,243.01952380952355
1757934000,236.18,236.95,235.19,236.45,242871.999,197860.76645000084,225.22865000000027,243.14980000000023,242.35190476190448
1757937600,236.46,238.16,234.42,234.8,240303.393,201609.67435000086,225.43880000000027,243.0756000000002,241.8914285714283
1757941200,234.8,237.12,234.14,235.2,295999.743,205141.17040000082,225.65485000000027,242.8632000000002,241.52857142857115
1757944800,235.2,235.64,232.72,233.44,240445.975,209733.05990000084,225.85440000000028,242.7258000000002,241.2052380952378
1757948400,233.44,234.41,231.96,233,343275.553,216000.31260000085,226.04350000000028,242.5796000000002,240.77619047619018
1757952000,233,233.66,230.74,231.39,199126.569,218466.33015000084,226.19810000000027,242.4394000000002,240.30190476190447
1757955600,231.38,233.37,230.15,233.3,189798.708,220318.69940000083,226.3625500000003,242.28260000000023,239.61238095238065
1757959200,233.29,233.6,232.22,233.24,90122.403,217584.69910000084,226.52940000000032,242.14800000000025,239.05714285714254
1757962800,233.24,234.67,231.8,233,200216.863,220390.15380000081,226.69735000000028,241.96800000000025,238.52761904761874
1757966400,232.99,234.47,232.78,234.34,61390.381,217545.2756500008,226.8559500000003,241.82680000000025,238.09190476190443
1757970000,234.35,235.37,233.71,235.18,84407.536,216082.3441500008,227.01780000000028,241.64760000000027,237.57285714285683
1757973600,235.18,235.34,233.7,233.94,105639.195,216084.44005000085,227.1736000000003,241.5250000000003,237.09714285714256
1757977200,233.93,234.52,233.04,234.31,74349.431,214398.45285000085,227.32365000000027,241.4394000000003,236.8390476190473
1757980800,234.32,234.7,232.87,233.8,80532.236,212483.73940000084,227.46290000000027,241.34340000000026,236.57714285714255
1757984400,233.81,235.7,233.79,233.97,171537.19,217019.55225000082,227.61350000000024,241.26180000000025,236.23571428571398
1757988000,233.97,235.05,233.83,233.87,54291.85,210267.64470000082,227.76280000000025,241.18580000000023,235.86476190476156
1757991600,233.87,235.8,233.85,235.08,100170.789,199168.0557500008,227.90800000000024,241.06000000000023,235.4438095238092
1757995200,235.09,235.25,232.97,234.49,100816.646,171494.99845000083,228.06085000000024,240.94420000000025,235.0219047619044
1757998800,234.49,236.61,234.37,236.55,160538.777,162681.0496000008,228.21960000000024,240.78240000000022,234.540952380952
1758002400,236.56,237.03,234.75,235.87,105780.059,157080.76480000082,228.37090000000026,240.61420000000024,234.29190476190442
1758006000,235.87,236.43,235.35,235.77,72581.278,148566.22875000082,228.51645000000025,240.4216000000002,234.12571428571397
1758009600,235.77,236.93,235.12,236.1,134014.735,143251.7958500008,228.66820000000024,240.2074000000002,234.33904761904728
1758013200,236.11,236.36,234.87,235.31,71537.406,132028.67900000082,228.82815000000025,239.9236000000002,234.3523809523806
1758016800,235.3,236,234.77,235.25,60642.375,123038.49900000081,228.9868000000003,239.71680000000023,234.3328571428568
1758020400,235.25,235.91,234.81,235.37,91653.405,110457.39160000082,229.1468000000003,239.5094000000002,234.31619047619014
1758024000,235.36,235.89,234.45,235.26,65626.909,103782.40860000081,229.2946500000003,239.27060000000023,234.34047619047587
1758027600,235.25,235.64,231.29,233.09,244605.411,106522.74375000081,229.4540000000003,239.0516000000002,234.3428571428568
1758031200,233.08,234.35,231.26,234.14,179028.609,110968.05405000082,229.59785000000028,238.8300000000002,234.43476190476156
1758034800,234.14,238.09,233.13,237.79,315413.915,116727.90665000083,229.74495000000027,238.6066000000002,234.54238095238063
1758038400,237.79,239.27,236.24,238.25,382397.291,132778.25215000083,229.8971500000003,238.35880000000023,234.623333333333
1758042000,238.24,240.95,237.83,238.16,278302.793,142473.01500000086,230.0392500000003,238.11060000000023,234.66333333333301
1758045600,238.15,239.08,236.85,237.64,103796.653,142380.88790000085,230.17645000000027,237.85060000000024,234.87999999999968
1758049200,237.63,238.36,237.13,237.82,78588.728,142592.85275000086,230.31505000000027,237.62820000000025,235.12999999999968
1758052800,237.82,238.4,237.32,238.29,48235.289,140978.00540000087,230.45225000000028,237.50800000000024,235.31190476190443
1758056400,238.3,238.78,237.13,238.54,65294.654,135665.87860000087,230.5811000000003,237.40820000000025,235.42904761904728
1758060000,238.54,239.03,237.2,237.92,100849.992,137993.78570000088,230.71640000000028,237.29520000000025,235.61380952380915
1758063600,237.92,238.21,236.44,236.96,115390.07,138754.74975000086,230.8657500000003,237.14480000000026,235.80333333333297
1758067200,236.96,237.05,235.48,236.23,144477.462,140937.79055000085,231.0123500000003,236.9428000000003,236.02904761904725
1758070800,236.24,236.95,235.84,236.29,75063.563,136664.02985000084,231.1488000000003,236.81540000000027,236.21714285714248
1758074400,236.3,237.85,235.84,236.33,77641.619,135257.10785000084,231.2609000000003,236.73600000000027,236.3642857142853
1758078000,236.32,236.52,233.84,234.07,144903.319,138873.20990000086,231.37860000000026,236.6454000000003,236.41904761904723
1758081600,234.07,234.72,233.44,233.73,85496.557,136447.30100000085,231.49770000000026,236.5018000000003,236.5047619047615
1758085200,233.73,235.44,233.2,235.07,210180.407,143379.45105000088,231.62400000000028,236.3666000000003,236.49428571428533
1758088800,235.07,236.71,234.78,236.09,138124.746,147253.56960000086,231.73725000000027,236.29720000000032,236.40857142857104
1758092400,236.09,238.09,235.74,237.69,140614.716,149701.63515000086,231.84685000000027,236.2102000000003,236.31142857142817
1758096000,237.69,237.73,235.06,235.87,123101.811,152575.3802500009,231.95335000000028,236.0694000000003,236.26238095238057
1758099600,235.86,236.31,235.2,235.2,52587.281,142974.47375000088,232.05770000000027,235.90200000000027,236.2995238095234
1758103200,235.2,236.38,233.66,234.16,183863.294,143216.2080000009,232.1560000000003,235.75060000000022,236.41571428571393
1758106800,234.16,234.7,233.92,234.17,65753.922,130733.20835000087,232.2456000000003,235.61580000000023,236.43952380952345
1758110400,234.18,235.29,233.96,234.78,78175.817,115522.13465000087,232.34190000000027,235.49020000000027,236.43666666666627
1758114000,234.78,235.99,234.19,235.48,133951.174,108304.55370000086,232.44185000000027,235.40140000000025,236.4876190476187
1758117600,235.48,235.93,233.56,233.96,105544.234,108391.93275000088,232.54885000000027,235.34580000000028,236.4890476190472
1758121200,233.96,235.2,233.62,233.9,124788.391,110701.91590000087,232.6667500000003,235.38760000000028,236.34571428571385
1758124800,233.9,234.74,232.27,234.07,241495.146,120364.90875000088,232.7800000000003,235.35920000000027,236.21380952380912
1758128400,234.06,237.21,232.5,232.51,353717.686,134786.06035000086,232.8899500000003,235.33120000000025,236.01380952380913
1758132000,232.65,238.42,232.23,233.67,792019.518,169344.53665000087,233.00265000000033,235.31180000000026,235.83571428571386
1758135600,233.67,239.1,233.53,238.74,379969.057,182573.48600000088,233.10035000000033,235.29500000000024,235.65714285714247
1758139200,238.74,241.24,237.61,238.01,265988.497,188649.0377500009,233.2000000000003,235.26900000000026,235.3819047619044
1758142800,238,240.68,236.01,240.26,190692.878,194430.50350000086,233.30125000000032,235.28160000000025,235.14999999999964
1758146400,240.26,245.72,240.26,244.89,386222.365,209859.54080000086,233.37890000000033,235.2718000000002,235.18904761904724
1758150000,244.89,246.62,243.79,244.84,277156.033,216472.17650000085,233.4522500000003,235.31740000000025,235.23904761904726
1758153600,244.84,246.09,244.16,244.73,185356.468,221465.17205000087,233.52765000000034,235.42620000000022,235.430952380952
1758157200,244.72,247.5,244.49,246.3,191441.931,220528.24825000088,233.59530000000032,235.5216000000002,235.84047619047578
1758160800,246.31,246.6,245.07,246.42,118603.954,219552.20865000086,233.67490000000026,235.66680000000022,236.2457142857139
1758164400,246.41,247.99,246.11,246.72,221496.592,223596.30245000086,233.7823500000003,235.87780000000024,236.75333333333293
1758168000,246.71,246.97,245.58,246.27,118488.238,223365.62380000087,233.8842000000003,236.07100000000025,237.3519047619044
1758171600,246.26,246.36,244.33,244.93,90284.974,225250.50845000087,233.9953500000003,236.28680000000026,237.8923809523806
1758175200,244.93,245.06,242.58,244.28,198972.704,226005.9789500009,234.14235000000025,236.52660000000023,238.39857142857105
1758178800,244.27,245.31,244.27,244.75,94046.119,227420.58880000087,234.30120000000028,236.7790000000002,238.80714285714245
1758182400,244.75,247.17,244.34,247.03,159057.226,231464.65925000087,234.4540000000003,237.03400000000022,239.23857142857105
1758186000,247.02,247.13,246.13,247.09,90890.215,229311.61130000086,234.61100000000027,237.28200000000024,239.670952380952
1758189600,247.09,247.11,245.31,246.05,96397.955,228854.29735000088,234.7609000000003,237.47900000000018,240.1752380952377
1758193200,246.06,247.04,245.64,245.97,121154.582,228672.6069000009,234.9128000000003,237.67480000000018,240.78761904761862
1758196800,245.96,246.9,245.84,246.04,82964.5,220746.07460000092,235.06255000000027,237.8388000000002,241.37380952380911
1758200400,246.04,248.39,245.01,246.15,284454.097,217282.89515000093,235.21125000000026,238.06200000000018,241.87714285714242
1758204000,246.15,248.15,246.1,247.73,193059.421,187334.89030000093,235.34660000000025,238.2884000000002,242.4490476190472
1758207600,247.74,248.99,247.29,248.24,195094.76,178091.1754500009,235.48430000000025,238.4874000000002,243.02714285714242
1758211200,248.25,250.22,247.65,249.83,271110.583,178347.27975000092,235.64330000000027,238.7006000000002,243.6023809523805
1758214800,249.82,253.51,249.24,251.38,492751.881,193450.2299000009,235.79720000000026,238.91640000000018,244.3271428571424
1758218400,251.38,251.45,249.83,250.43,142375.657,181257.89450000093,235.93150000000026,239.13200000000018,245.02095238095194
1758222000,250.43,250.49,247.33,248.36,175694.309,176184.80830000094,236.06535000000028,239.38140000000018,245.54904761904717
1758225600,248.36,249.22,247.84,248.33,103153.263,172074.64805000095,236.2035500000003,239.6844000000002,246.18571428571383
1758229200,248.33,248.65,247.44,247.61,61168.069,165560.95495000095,236.34115000000028,239.99820000000017,246.66999999999956
1758232800,247.62,248.16,246.9,247.09,92025.353,164232.02490000095,236.48385000000027,240.27000000000018,246.83523809523763
1758236400,247.09,247.73,245.88,247.5,136848.057,159999.59815000097,236.61380000000025,240.51360000000014,247.00142857142814
1758240000,247.5,248.33,247.16,248.18,107994.899,159474.93120000098,236.7592500000003,240.71760000000017,247.138571428571
1758243600,248.19,248.57,246.8,247.47,108139.77,160367.67100000096,236.9139000000003,240.93140000000017,247.17619047619004
1758247200,247.47,248.03,246.42,246.71,66461.425,153742.10705000098,237.0656000000003,241.1272000000002,247.22761904761865
1758250800,246.71,247.74,244.66,245,203859.684,159232.78530000098,237.20615000000032,241.30320000000017,247.2971428571424
1758254400,245,245.39,242.83,245.02,243971.458,163478.496900001,237.3306500000003,241.48240000000015,247.35428571428525
1758258000,245.02,245.73,244.29,245.67,114552.154,164661.593850001,237.4478000000003,241.68760000000017,247.43904761904716
1758261600,245.67,245.68,243.51,243.63,97688.18,164726.105100001,237.5697000000003,241.89780000000022,247.47333333333287
1758265200,243.63,244.88,243.16,243.82,134987.638,165417.757900001,237.6913500000003,242.10740000000015,247.48619047619005
1758268800,243.81,244.83,243.46,243.8,95274.935,166033.279650001,237.81340000000034,242.28160000000017,247.42142857142812
1758272400,243.8,244.31,242.14,242.87,107128.011,157166.97535000098,237.93740000000034,242.4554000000002,247.2566666666662
1758276000,242.87,243,241.76,242.32,110164.778,153022.243200001,238.05665000000033,242.68740000000017,247.15047619047576
1758279600,242.32,242.42,240,240.91,208917.043,153713.357350001,238.17550000000037,242.88540000000015,247.0471428571424
1758283200,240.92,242.07,240.44,240.84,116438.884,145979.772400001,238.28800000000035,243.06040000000016,246.89619047619004
1758286800,240.83,242.31,240.66,242.11,114969.549,127090.655800001,238.39900000000034,243.21460000000013,246.7138095238091
1758290400,242.11,242.71,239.54,239.6,179463.288,128945.037350001,238.49470000000036,243.31820000000013,246.38904761904718
1758294000,239.59,239.6,235.81,237.54,553657.799,147843.211850001,238.5934500000004,243.44720000000015,246.0366666666662
1758297600,237.54,238.87,237.21,238.62,118394.738,148605.28560000102,238.68745000000038,243.56140000000013,245.66904761904715
1758301200,238.62,238.69,236.45,236.65,143535.032,152723.63375000103,238.7777000000004,243.69500000000014,245.1080952380948
1758304800,236.64,237.08,235.12,236.98,140774.465,155161.089350001,238.87420000000043,243.85380000000015,244.49428571428524
1758308400,236.97,237.94,235.91,235.98,150054.008,155821.386900001,238.95790000000042,243.95020000000014,244.0304761904757
1758312000,235.98,237.75,235.98,237,84305.723,154636.92810000098,239.04450000000045,243.99140000000014,243.47428571428523
1758315600,237,238.4,236.41,238.39,78545.864,153157.232800001,239.14370000000042,244.08460000000014,242.96809523809475
1758319200,238.4,238.85,238.32,238.53,43737.94,152021.05855000098,239.2250500000004,244.13960000000017,242.4390476190471
1758322800,238.52,238.56,236.78,238.53,61968.433,144926.496000001,239.29660000000044,244.19780000000017,241.9390476190471
1758326400,238.53,239.7,238.26,239.67,99701.503,137712.998250001,239.37220000000042,244.26720000000014,241.47285714285667
1758330000,239.67,239.96,238.4,238.4,83540.894,136162.43525000097,239.4330000000004,244.33380000000017,241.04714285714238
1758333600,238.4,238.52,237.36,238.37,57275.081,134141.78030000097,239.48915000000042,244.3268000000002,240.65761904761854
1758337200,238.37,238.4,237.74,238.09,51760.011,129980.39895000096,239.54390000000043,244.33720000000017,240.40380952380903
1758340800,238.09,238.87,237.73,238.7,43247.233,127379.01385000096,239.59535000000042,244.30260000000015,240.08857142857093
1758344400,238.69,239.49,238.46,239.42,51894.202,124617.32340000097,239.64620000000042,244.19820000000016,239.74095238095188
1758348000,239.41,239.44,238.72,239.15,41920.173,121205.09315000098,239.70340000000044,244.06940000000017,239.47714285714235
1758351600,239.14,239.78,238.98,239.78,51353.007,113326.89135000098,239.76195000000044,243.94220000000013,239.23333333333284
1758355200,239.77,239.78,237.5,237.62,60100.123,110509.95330000098,239.8308000000004,243.77800000000013,239.02476190476142
1758358800,237.62,238.1,237.19,237.24,45828.9,107052.92085000097,239.88535000000044,243.62360000000015,238.84761904761854
1758362400,237.24,237.83,236.91,237.32,42801.692,100219.84105000098,239.94550000000044,243.47760000000017,238.72666666666615
1758366000,237.33,238.45,237.33,238.14,50219.794,75047.94080000097,240.00240000000042,243.33520000000019,238.56999999999954
1758369600,238.14,238.21,237.27,237.67,70358.179,72646.11285000098,240.06805000000043,243.23220000000015,238.39857142857096
1758373200,237.66,238.09,237.37,237.44,37713.153,67355.01890000099,240.13155000000046,243.0990000000002,238.1704761904757
1758376800,237.44,238.99,237.05,238.77,71881.143,63910.35280000097,240.18710000000047,242.9488000000002,238.1009523809519
1758380400,238.77,241.22,238.77,240.1,290685.705,70941.93765000098,240.24235000000047,242.75460000000018,238.10714285714238
1758384000,240.11,241.1,239.23,240.39,97427.675,71598.03525000098,240.26550000000046,242.5756000000002,238.05095238095188
1758387600,240.4,240.56,238.92,239.14,43884.95,69864.98955000097,240.29055000000048,242.40800000000021,238.15190476190426
1758391200,239.13,239.13,238.23,238.41,43433.356,69849.76035000097,240.31365000000045,242.2374000000002,238.30047619047568
1758394800,238.41,239.05,237.97,238.64,45639.523,69033.31485000098,240.32890000000046,242.0920000000002,238.5104761904757
1758398400,238.64,240.04,238.44,239.73,71631.915,67629.83545000097,240.33015000000046,241.9710000000002,238.61238095238045
1758402000,239.73,240.31,239.48,239.8,42780.36,65591.80875000099,240.32420000000045,241.8242000000002,238.61333333333283
1758405600,239.79,240.21,239.35,240.11,28346.898,64145.39960000098,240.32730000000046,241.64220000000023,238.61857142857093
1758409200,240.11,240.21,239.01,239.48,27063.745,62910.58630000099,240.34115000000045,241.41380000000024,238.67571428571378
1758412800,239.48,240.69,238.96,240.68,49281.376,63212.29345000099,240.35445000000047,241.1590000000002,238.68190476190426
1758416400,240.68,240.77,239.9,240.12,49194.944,63077.33055000098,240.35785000000044,240.9450000000002,238.7633333333328
1758420000,240.12,241.12,239.89,241.12,96774.294,65820.03660000098,240.35460000000043,240.7738000000002,238.81619047618997
1758423600,241.12,241.79,240.48,241.78,61561.231,66330.44780000098,240.35190000000043,240.60940000000016,238.93952380952328
1758427200,241.78,241.82,240.36,240.51,61969.437,66423.91350000098,240.35385000000045,240.4468000000002,239.00714285714233
1758430800,240.51,240.8,240.16,240.39,35249.798,65894.95840000098,240.35500000000047,240.31860000000017,239.0880952380947
1758434400,240.4,241.07,240.14,240.31,61873.218,66848.53470000098,240.35425000000046,240.17100000000016,239.2133333333328
1758438000,240.31,240.31,239.45,239.87,53198.033,66997.44665000099,240.35510000000045,240.02980000000014,239.24809523809466
1758441600,239.87,240.09,238.53,238.84,41826.907,65570.88305000098,240.36440000000047,239.91600000000014,239.37999999999946
1758445200,238.84,239.02,237.1,238.48,103050.025,68837.72665000099,240.36375000000044,239.79200000000014,239.52619047618995
1758448800,238.48,239.21,238.04,238.38,36409.5,67064.14450000098,240.36570000000043,239.69980000000015,239.6476190476185
1758452400,238.38,239.06,238.2,238.64,35189.193,54289.31890000098,240.36960000000047,239.60560000000015,239.68095238095182
1758456000,238.64,240.05,238.54,239.5,49669.664,51901.418350000975,240.37355000000048,239.48960000000014,239.71952380952328
1758459600,239.49,240.28,239.18,239.52,40970.416,51755.691650000976,240.37495000000047,239.39380000000017,239.76428571428517
1758463200,239.51,239.91,238.45,238.58,47286.466,51948.34715000098,240.37070000000043,239.28700000000015,239.7580952380947
1758466800,238.57,238.74,237.7,237.91,59040.126,52618.37730000097,240.35915000000045,239.17860000000016,239.72952380952327
1758470400,237.91,238.41,236.08,237.04,128427.261,55458.14460000097,240.33755000000045,239.09400000000014,239.68809523809472
1758474000,237.04,237.85,236.27,237.82,50438.585,55841.05585000096,240.3218500000004,239.03760000000017,239.66142857142802
1758477600,237.83,238.13,237.2,238.12,36418.193,56244.620600000955,240.30120000000042,239.00980000000018,239.6376190476185
1758481200,238.12,238.17,237.15,237.99,34686.608,56625.76375000095,240.27635000000043,238.96460000000016,239.56142857142805
1758484800,237.99,238.03,237.24,237.64,31063.317,55714.860800000955,240.2590000000004,238.88060000000016,239.47047619047564
1758488400,237.64,237.76,236.7,237.28,43730.736,55441.65040000096,240.24815000000044,238.82940000000016,239.39047619047565
1758492000,237.28,238.11,235.32,237.92,116564.008,56431.13610000096,240.22760000000042,238.83500000000018,239.28952380952327
1758495600,237.93,237.93,235.96,236.16,68564.64,56781.306550000954,240.20485000000045,238.8250000000002,239.2019047619042
1758499200,236.16,236.96,231.17,232.27,401323.622,73749.01580000095,240.17260000000041,238.85180000000022,239.03999999999945
1758502800,232.27,234.75,232,233.19,234574.377,83715.24475000097,240.14440000000042,238.8650000000002,238.93523809523754
1758506400,233.18,233.97,230.5,231.69,306302.933,95936.73050000097,240.1218000000004,238.8910000000002,238.69904761904706
1758510000,231.7,233.05,231.65,232.81,103076.595,98430.65860000096,240.10210000000043,238.9094000000002,238.24619047618992
1758513600,232.81,233.16,231.56,231.74,80542.637,100366.44510000097,240.07810000000046,238.86480000000017,237.8976190476185
1758517200,231.73,231.94,224.78,224.99,322085.953,111318.24150000098,240.06420000000043,238.73960000000017,237.4833333333328
1758520800,224.98,225.33,214.5,224.44,1203824.642,169688.99860000098,240.0520500000004,238.63280000000017,237.12619047618995
1758524400,224.44,224.49,221.82,221.88,314137.321,183636.405000001,240.0357000000004,238.4732000000002,236.73904761904708
1758528000,221.88,222.78,220.96,221.5,179968.227,190151.33315000098,240.00945000000044,238.36140000000015,236.0795238095233
1758531600,221.5,221.66,219.32,220.48,319957.416,204100.683150001,239.98640000000043,238.22880000000015,235.41095238095187
1758535200,220.48,222.67,219.93,222.41,184705.871,210971.65340000097,239.95275000000046,237.96680000000015,234.6252380952376
1758538800,222.4,222.78,221.09,221.49,143606.312,215199.96270000096,239.92190000000045,237.68160000000015,233.80904761904708
1758542400,221.49,222.97,220.61,222.9,125109.425,215034.07090000095,239.87945000000045,237.33080000000012,232.9033333333328
1758546000,222.9,224.03,221.36,223.74,211377.211,223081.00220000098,239.80390000000045,236.97780000000014,232.0885714285709
1758549600,223.73,224,220.95,221.38,195876.734,231053.92925000098,239.71665000000047,236.59180000000015,231.27476190476136
1758553200,221.38,221.77,219.91,220.73,239853.371,241312.267400001,239.61415000000048,236.28760000000017,230.55999999999943
1758556800,220.73,221.53,219.17,219.71,257179.1,252618.05655000097,239.5041500000005,235.97260000000014,229.92666666666614
1758560400,219.71,221.4,217.8,221.08,318156.636,266339.351550001,239.37760000000048,235.68420000000012,229.143809523809
1758564000,221.08,221.2,219.45,219.45,74096.314,264215.966850001,239.2462500000005,235.39620000000014,228.31571428571377
1758567600,219.45,219.59,216.56,217.1,259774.11,273776.44035000104,239.1192500000005,235.07040000000012,227.44523809523756
1758571200,217.1,219.75,216.45,219.44,134566.03,260438.56075000105,239.0025500000005,234.73620000000014,226.65666666666615
1758574800,219.45,221.1,218.97,220.89,110410.875,254230.38565000106,238.88270000000048,234.3550000000001,225.80761904761852
1758578400,220.89,220.89,219.7,219.83,66260.473,242228.26265000104,238.7543500000005,233.9746000000001,224.81619047618997
1758582000,219.82,220.58,219.72,220.38,49827.518,239565.80880000108,238.6260500000005,233.55580000000012,224.01999999999947
1758585600,220.39,221.41,219.42,219.7,121353.781,241606.3660000011,238.49250000000046,233.11500000000012,223.4780952380947
1758589200,219.69,219.91,216.54,216.6,139868.12,232495.4743500011,238.35910000000047,232.73560000000012,222.84190476190426
1758592800,216.6,217.86,213.22,214.1,264817.45,185545.1147500011,238.21800000000047,232.38060000000013,222.30333333333286
1758596400,214.1,217.82,212.34,216.94,383186.166,188997.55700000114,238.07305000000048,231.98260000000013,221.6790476190471
1758600000,216.94,217.42,214.02,215.78,176270.595,188812.67540000114,237.94395000000048,231.5942000000001,220.9580952380947
1758603600,215.77,217.81,214.68,216.96,140092.984,179819.45380000112,237.82940000000045,231.18600000000012,220.4395238095233
1758607200,216.96,220.26,216.95,219.23,187615.351,179964.92780000114,237.71235000000044,230.7284000000001,220.08238095238045
1758610800,219.22,219.47,218.63,219,102301.427,177899.68355000115,237.59520000000043,230.1968000000001,219.79190476190425
1758614400,219,220.35,218.45,220.07,112002.428,177244.33370000115,237.46790000000047,229.7332000000001,219.5757142857138
1758618000,220.06,220.86,218.24,218.67,130864.03,173218.67465000114,237.31130000000047,229.2264000000001,219.51619047618996
1758621600,218.67,219.26,218.23,219.08,61362.785,166492.97720000113,237.15850000000046,228.7300000000001,219.35380952380896
1758625200,219.08,219.63,217.87,219.34,72236.486,158112.13295000113,237.03065000000043,228.30440000000013,219.28619047618992
1758628800,219.33,220.65,218.74,219.89,100210.369,150263.69640000112,236.89730000000046,227.8766000000001,219.08476190476136
1758632400,219.88,220.18,218.56,219.04,99419.777,139326.85345000113,236.76140000000044,227.47180000000012,218.86285714285663
1758636000,219.05,220.65,217.61,217.7,168491.011,144046.58830000114,236.64260000000047,227.0478000000001,218.76571428571376
1758639600,217.7,219.93,216.97,219.28,126988.004,137407.28300000116,236.53880000000044,226.6526000000001,218.72571428571376
1758643200,219.27,221.71,217.85,220.43,172956.419,139326.80245000115,236.43575000000047,226.26980000000012,218.693809523809
1758646800,220.42,220.61,215.91,216.73,153049.95,141458.75620000117,236.32355000000047,225.90000000000012,218.5328571428566
1758650400,216.74,217.21,215.12,215.76,185813.866,147436.42585000113,236.20845000000048,225.50800000000015,218.52476190476136
1758654000,215.75,217.16,214.35,214.52,155240.551,152707.07750000112,236.09195000000048,225.07200000000012,218.6833333333328
1758657600,214.51,215.32,212.96,215.27,161605.45,154719.66095000115,235.97725000000045,224.66720000000015,218.55428571428516
1758661200,215.27,216.68,214.47,215.84,78964.506,151674.48025000113,235.85260000000045,224.30420000000015,218.3099999999995
1758664800,215.83,216.45,214.76,215.29,74451.355,142156.17550000112,235.7395500000004,223.88060000000013,218.05714285714234
1758668400,215.29,215.96,213.22,213.3,79745.607,126984.14755000111,235.64605000000043,223.4550000000001,217.813809523809
1758672000,213.29,215.61,213.29,213.45,94230.732,122882.15440000109,235.5878500000004,222.98900000000012,217.6299999999995
1758675600,213.45,216.42,212.82,216.2,95738.069,120664.40865000109,235.4935500000004,222.53200000000012,217.56761904761854
1758679200,216.21,216.45,213.27,214.29,240434.567,123305.36945000109,235.39145000000045,222.08900000000017,217.52952380952328
1758682800,214.28,214.68,207.41,208.51,766027.4,156491.6681000011,235.2818000000004,221.6420000000001,217.36333333333283
1758686400,208.5,209.19,204.81,208.04,809069.208,191345.0071000011,235.18415000000041,221.16240000000013,217.3833333333328
1758690000,208.04,210.55,207.82,209.74,222807.02,195942.1566000011,235.0873500000004,220.67300000000014,217.25619047618997
1758693600,209.73,211.43,208.62,210.96,265721.082,206160.0714500011,234.9966000000004,220.2738000000001,216.74571428571375
1758697200,210.97,211.02,209.53,210.63,167997.289,210948.1116000011,234.89810000000043,219.91420000000014,216.223809523809
1758700800,210.63,211.2,210.02,210.88,98355.876,210855.38695000112,234.8084000000004,219.42060000000012,215.73190476190425
1758704400,210.89,211.18,209.83,210.98,97671.354,210767.96580000114,234.72290000000044,218.94760000000014,215.36476190476137
1758708000,210.98,211.47,210.12,210.9,95531.636,207119.99705000114,234.62815000000043,218.48620000000014,214.96238095238044
1758711600,210.9,212.6,210.73,212.35,132891.774,207415.18555000116,234.5057000000004,218.07060000000013,214.55952380952326
1758715200,212.36,213.4,211.79,211.95,102619.304,203898.32980000114,234.37420000000037,217.7834000000001,214.13523809523753
1758718800,211.96,213.14,211.43,211.62,106100.368,201550.85070000112,234.2470000000004,217.51220000000012,213.74761904761849
1758722400,211.61,216.24,211.41,215.61,215715.127,203045.9137500011,234.13210000000038,217.29420000000013,213.4928571428566
1758726000,215.62,216.05,213.28,213.61,281691.168,209368.44460000112,234.01370000000043,217.0822000000001,213.14380952380893
1758729600,213.6,214.45,213.21,213.87,96773.675,206126.8558500011,233.89910000000043,216.91960000000014,212.72428571428514
1758733200,213.88,215.51,213.5,215.17,87022.13,206529.7370500011,233.78415000000044,216.7104000000001,212.67095238095183
1758736800,215.17,215.2,213.35,213.92,68873.249,206250.8317500011,233.66930000000045,216.5130000000001,212.5685714285709
1758740400,213.93,214.21,212.41,213.18,86564.425,206591.77265000108,233.5556500000004,216.3672000000001,212.53761904761853
1758744000,213.18,213.24,210.9,212.11,102918.765,207026.1743000011,233.44295000000042,216.1646000000001,212.5328571428566
1758747600,212.11,212.61,210.72,211.28,51797.403,204829.14100000108,233.31830000000042,216.01440000000014,212.44142857142802
1758751200,211.28,212.32,210.94,211.74,74456.686,196530.2469500011,233.2170000000004,215.9032000000001,212.34095238095185
1758754800,211.75,212.24,211.3,211.6,66449.219,161551.33790000112,233.10620000000043,215.78740000000013,212.28428571428518
1758758400,211.61,212.44,210.26,210.73,114955.841,126845.66955000111,232.99505000000042,215.6294000000001,212.18095238095182
1758762000,210.72,211.22,207.73,208.22,227130.192,127061.82815000109,232.8943500000004,215.4826000000001,211.96857142857087
1758765600,208.23,211.97,206.82,210.06,243744.677,125963.0079000011,232.7877000000004,215.36620000000005,211.8404761904756
1758769200,210.06,210.13,206.02,207.3,263095.021,130717.89450000113,232.67675000000042,215.21220000000005,211.94619047618994
1758772800,207.3,207.63,202.76,204.36,522146.949,151907.44815000112,232.56100000000043,215.02640000000008,211.95476190476134
1758776400,204.35,205.91,203.25,205.45,175308.315,155789.29620000112,232.45195000000044,214.84440000000006,211.96999999999943
1758780000,205.44,205.73,203.33,203.64,153860.093,158705.71905000112,232.3399500000004,214.60120000000006,211.79571428571373
1758783600,203.63,205.24,203.3,204.19,116087.168,157865.48875000112,232.20900000000046,214.40840000000009,211.4971428571423
1758787200,204.19,205.77,203.62,204.32,119063.793,158687.7132000011,232.07140000000047,214.22240000000008,211.2385714285709
1758790800,204.32,205.91,201.76,202.25,270332.155,166899.30255000113,231.92170000000044,214.02760000000006,210.8890476190471
1758794400,202.26,203.69,201.93,202,126048.536,162415.9730000011,231.78380000000044,213.79780000000005,210.5695238095233
1758798000,202,202.53,200.69,201.35,213729.493,159017.8892500011,231.63120000000046,213.55500000000006,210.1871428571423
1758801600,201.34,202.57,197.03,198.59,566506.399,182504.5254500011,231.46155000000041,213.29960000000005,209.72523809523756
1758805200,198.59,201.62,197.57,200.79,407753.038,198541.07085000112,231.29610000000045,213.00140000000007,209.2671428571423
1758808800,200.79,204.06,200.79,202.65,216480.132,205921.41500000114,231.12470000000044,212.66640000000004,208.5880952380947
1758812400,202.65,203.27,200.37,201.15,167440.328,209965.21015000116,230.96085000000048,212.30500000000006,207.8728571428566
1758816000,201.14,201.95,198.38,198.72,214089.443,215523.74405000117,230.80130000000045,211.95860000000008,207.24999999999943
1758819600,198.71,198.93,193.6,194.84,804032.24,253135.4859000012,230.63110000000043,211.54880000000009,206.65380952380895
1758823200,194.84,199.6,194.43,199.45,457481.218,272286.7125000012,230.45945000000043,211.17780000000005,206.04571428571373
1758826800,199.46,200.89,197.34,198.09,348931.477,286410.82540000125,230.29585000000046,210.83300000000006,205.3571428571423
1758830400,198.09,198.7,195.21,196.22,213346.412,291330.3539500012,230.12015000000048,210.47520000000003,204.53476190476135
1758834000,196.22,197.38,194.75,196.35,192241.163,289585.9025000012,229.94875000000044,210.09560000000005,203.97142857142802
1758837600,196.35,197.58,193.9,194.64,211732.714,287985.30435000116,229.78155000000046,209.60680000000008,203.32142857142802
1758841200,194.64,196.07,191.32,192.74,415720.494,295616.5780000012,229.59885000000045,209.18720000000008,202.5890476190471
1758844800,192.73,195.97,192.53,195.71,239868.369,281502.6490000012,229.41310000000044,208.81440000000006,201.90428571428518
1758848400,195.71,197.18,195.18,195.9,220249.17,283749.69175000116,229.21130000000048,208.42360000000008,201.25761904761853
1758852000,195.89,197.55,195.44,196.46,193798.237,285746.5989500011,229.0377500000005,208.06020000000004,200.43285714285662
1758855600,196.46,197.37,195.15,196.47,139919.974,286938.23925000115,228.85735000000048,207.64760000000007,199.8809523809519
1758859200,196.47,197.42,195.1,195.76,109441.843,286457.14175000123,228.66455000000045,207.18560000000008,199.47809523809477
1758862800,195.76,197.29,194.43,195.08,155449.729,280713.02045000123,228.46890000000047,206.7940000000001,199.04999999999953
1758866400,195.09,196.99,193.75,195.2,223436.777,285582.43250000116,228.27230000000046,206.44600000000008,198.70857142857096
1758870000,195.2,196.85,194.05,196.31,238085.248,286800.2202500012,228.06650000000045,206.1062000000001,198.30714285714237
1758873600,196.31,196.98,195.76,196.15,128448.972,264897.34890000115,227.87470000000047,205.71160000000012,197.86714285714237
1758877200,196.15,196.56,193.74,194.63,143270.543,251673.22415000116,227.6916500000005,205.34100000000012,197.53142857142814
1758880800,194.63,194.7,191.78,192.11,224370.679,252067.75150000118,227.5056000000005,205.07240000000013,197.2604761904757
1758884400,192.11,194,190.8,193.47,290744.08,258232.93910000118,227.29425000000046,204.81560000000016,197.0128571428567
1758888000,193.46,198.31,192.15,196.67,555928.316,275324.88275000115,227.0830000000005,204.54700000000014,196.82428571428525
1758891600,196.67,197.37,194.44,197.16,331884.462,251717.4938500012,226.85710000000046,204.25080000000017,196.41095238095195
1758895200,197.16,197.36,193.28,194.42,474356.012,252561.23355000117,226.60865000000047,203.93080000000018,195.97380952380908
1758898800,194.42,196.83,194.21,196.02,215426.017,245885.96055000118,226.3660000000005,203.5554000000002,195.7604761904757
1758902400,196.02,199.8,195.81,199.6,344739.982,252455.63905000113,226.12310000000048,203.2052000000002,195.68619047619003
1758906000,199.59,202.03,199.19,201.4,332637.938,259475.47780000116,225.8647500000005,202.9206000000002,195.66619047619002
1758909600,201.4,202.66,200.87,201.83,229535.999,260365.64205000116,225.5932000000005,202.61680000000018,195.50285714285673
1758913200,201.83,201.97,198.92,200.68,285531.006,253856.16765000118,225.32695000000047,202.2662000000002,195.57476190476146
1758916800,200.68,200.94,199.56,199.96,100451.025,246885.3004500012,225.0789500000005,201.9542000000002,195.82142857142813
1758920400,199.96,202.68,199.74,202.32,132217.885,242483.73620000118,224.8401000000005,201.63400000000019,196.08238095238053
1758924000,202.32,203.97,201.86,203.57,171140.695,241350.85910000122,224.59080000000048,201.38980000000018,196.36999999999955
1758927600,203.57,205.52,202.83,205.17,142269.916,241468.3562000012,224.34715000000048,201.1490000000002,196.7138095238091
1758931200,205.16,205.35,204.04,205.19,138224.307,242907.47940000118,224.11000000000047,200.85920000000021,197.02857142857096
1758934800,205.18,205.43,203.57,204.35,140934.136,242181.69975000116,223.8815500000005,200.58000000000018,197.39380952380907
1758938400,204.35,204.77,203.62,203.7,73226.495,234671.1856500012,223.66045000000048,200.36280000000016,197.80857142857099
1758942000,203.71,205.09,203.58,203.88,115933.092,228563.57785000122,223.43400000000054,200.19200000000018,198.22380952380908
1758945600,203.88,204.12,203.16,203.66,134942.036,228888.23105000122,223.2036000000005,200.0698000000002,198.63285714285672
1758949200,203.65,203.65,202.23,202.48,100852.286,226767.31820000126,222.9844500000005,199.93880000000019,199.04333333333284
1758952800,202.47,202.65,201.76,202.64,55973.479,218347.45820000125,222.7636500000005,199.7938000000002,199.4566666666662
1758956400,202.65,203.11,201.52,202.05,85841.552,208102.33180000127,222.5483000000005,199.65320000000017,199.80666666666616
1758960000,202.05,202.21,200.86,200.93,87880.57,184699.94450000123,222.3251000000005,199.5664000000002,200.1080952380948
1758963600,200.93,201.57,199.88,201.18,140385.911,175125.01695000124,222.0899500000005,199.43840000000023,200.48952380952332
1758967200,201.17,202.07,200.49,201.63,84233.002,155618.86645000122,221.85630000000052,199.34200000000018,200.96285714285668
1758970800,201.63,202.03,201.28,201.71,42949.273,146995.02925000124,221.6339000000005,199.3076000000002,201.31809523809477
1758974400,201.71,203.07,200.97,202.45,97368.913,134626.47580000124,221.4105500000005,199.23960000000025,201.5328571428567
1758978000,202.45,203.39,202.17,202.9,77051.388,121847.14830000124,221.18490000000054,199.18540000000021,201.74571428571386
1758981600,202.89,203.77,202.33,202.69,70845.194,113912.60805000125,220.96265000000054,199.12520000000023,202.0928571428567
1758985200,202.68,203.69,201.8,203.52,76367.47,103454.43125000125,220.7354000000005,199.0714000000002,202.39904761904714
1758988800,203.52,203.61,202.72,202.93,77843.323,102324.04615000126,220.49915000000053,199.0606000000002,202.55619047619
1758992400,202.92,202.95,200.89,201.87,124346.328,101930.46830000126,220.2677000000005,199.0696000000002,202.61761904761858
1758996000,201.86,202.17,200.85,201.64,142090.516,100477.95935000126,220.0423000000005,199.10060000000024,202.6980952380948
1758999600,201.65,202.33,201.28,202.19,28730.406,94800.98385000126,219.82585000000054,199.18260000000024,202.80523809523766
1759003200,202.19,202.89,201.89,202.63,24979.415,89138.73925000125,219.61300000000054,199.23720000000026,202.89619047619004
1759006800,202.62,204.05,202.26,203.8,43804.081,84282.23650000125,219.39915000000053,199.24280000000027,202.8638095238091
1759010400,203.81,204.89,203.4,203.89,76512.477,84446.53560000125,219.1944500000005,199.25720000000027,202.79809523809482
1759014000,203.89,204.3,203.24,203.46,63617.765,81830.76925000125,218.99295000000052,199.31560000000027,202.6771428571424
1759017600,203.47,204.07,202.54,202.95,127978.527,81482.59380000124,218.7886000000005,199.46260000000024,202.61095238095194
1759021200,202.96,203.19,201,201.13,99846.083,81432.28365000125,218.5836000000005,199.52620000000024,202.5890476190472
1759024800,201.13,202.06,201,201.48,59819.855,81624.60245000124,218.3802000000005,199.64040000000026,202.5776190476186
1759028400,201.48,201.97,200.74,201.4,53648.371,80014.94340000124,218.1866000000005,199.79380000000026,202.5333333333329
1759032000,201.4,201.99,201.2,201.9,42919.922,77766.91100000124,217.99555000000052,199.93600000000026,202.41285714285672
1759035600,201.9,202.45,201.17,201.28,52535.405,73374.38570000124,217.8040000000005,200.10220000000027,202.36523809523766
1759039200,201.29,201.8,200.38,201.72,55553.578,71940.41450000124,217.62545000000054,200.2700000000003,202.30619047619007
1759042800,201.73,202.3,201.16,202.1,31671.228,71376.51225000122,217.4550500000005,200.3854000000003,202.29904761904717
1759046400,202.1,202.7,201.41,201.81,57045.488,69360.34100000122,217.27670000000052,200.4954000000003,202.31571428571385
1759050000,201.82,202.02,200.64,200.7,73558.191,69185.68115000123,217.09910000000053,200.6042000000003,202.34142857142814
1759053600,200.69,201.05,200.21,200.83,59426.306,68614.73675000123,216.92160000000055,200.7004000000003,202.3638095238091
1759057200,200.82,200.88,199.23,199.86,90311.167,69311.92160000124,216.74870000000053,200.8196000000003,202.36857142857102
1759060800,199.86,199.98,198,198.43,120878.622,71463.68655000124,216.5732000000005,200.9600000000003,202.2852380952377
1759064400,198.43,201.4,198.3,201.17,86676.252,69580.18275000123,216.3876500000005,201.0922000000003,202.18666666666624
1759068000,201.18,202.03,200.44,201.89,84858.946,66718.60425000123,216.20360000000048,201.1800000000003,202.05190476190432
1759071600,201.89,203.55,201.84,203.42,153083.09,72936.23845000124,216.02145000000047,201.2736000000003,201.80952380952343
1759075200,203.43,204.75,203.26,204.05,108755.722,77125.05380000125,215.83215000000047,201.37820000000033,201.72571428571388
1759078800,204.05,205.84,203.97,205.05,192859.839,84577.84170000124,215.6436500000005,201.50460000000032,201.72666666666623
1759082400,205.05,206.37,204.8,206.12,82964.733,84900.45450000124,215.45595000000048,201.65860000000032,201.81142857142817
1759086000,206.13,206.67,205.41,206.18,47906.397,84114.88610000124,215.2648000000005,201.76300000000035,201.89999999999958
1759089600,206.18,207.79,206.02,206.82,85735.067,82002.71310000125,215.06345000000053,201.88820000000032,202.0152380952377
1759093200,206.82,207.3,206.54,207.22,56377.163,79829.26710000123,214.87220000000048,202.08080000000035,202.12571428571385
1759096800,207.23,209.98,207.23,209.54,210189.861,87347.76740000123,214.68590000000052,202.26140000000035,202.23476190476148
1759100400,209.55,211,209.55,210.83,159660.261,92648.36190000123,214.5041000000005,202.39180000000036,202.39476190476148
1759104000,210.83,210.89,209,209.19,144697.185,97737.22505000123,214.33625000000052,202.48740000000035,202.59809523809483
1759107600,209.19,209.95,208.74,209.4,87829.916,99501.95060000123,214.1753000000005,202.58720000000034,202.998571428571
1759111200,209.41,210.84,208.94,209.69,175320.468,105490.29510000123,214.0193000000005,202.71800000000036,203.4438095238091
1759114800,209.7,210.37,209.12,210.28,72660.361,107539.75175000122,213.85950000000048,202.90960000000035,203.8147619047615
1759118400,210.27,210.64,209.83,210.06,103750.768,109875.01575000123,213.7052500000005,203.07980000000035,204.17190476190436
1759122000,210.05,210.19,208.77,209.12,87217.463,110557.97935000123,213.55415000000048,203.19220000000038,204.57238095238054
1759125600,209.12,209.2,207.83,208.14,98786.847,112526.00640000124,213.40800000000047,203.2768000000004,204.97999999999956
1759129200,208.14,209.36,207.37,208.95,92723.483,112646.62220000123,213.2616500000005,203.36680000000035,205.35904761904717
1759132800,208.94,209.69,208.26,208.91,63471.136,109776.24790000124,213.10565000000045,203.48540000000037,205.7071428571424
1759136400,208.9,209.12,207.87,208.2,55898.19,108237.34480000124,212.95695000000046,203.61260000000038,206.06142857142814
1759140000,208.21,208.32,206.48,206.6,82155.536,108102.17430000124,212.81335000000044,203.71740000000037,206.4480952380948
1759143600,206.6,207.45,206.02,207.07,99172.374,105406.63850000124,212.67155000000042,203.80700000000041,206.87904761904718
1759147200,207.07,208.04,205.22,205.37,134452.567,106691.48075000122,212.52320000000043,203.9364000000004,207.3442857142853
1759150800,205.37,209.49,204.58,208.86,275038.692,110800.42340000122,212.36980000000042,204.0618000000004,207.60285714285675
1759154400,208.87,212.82,208.69,212.35,402124.092,126758.39135000124,212.20995000000042,204.1848000000004,207.8495238095234
1759158000,212.34,213.5,209.69,210.07,313169.558,140021.54940000124,212.05730000000042,204.29820000000035,207.94238095238052
1759161600,210.07,211.57,208.36,208.72,166062.194,144037.90575000126,211.89845000000042,204.4160000000004,208.17142857142815
1759165200,208.72,210.32,207.67,210.19,150099.776,148724.03640000126,211.7388500000004,204.49080000000038,208.51904761904717
1759168800,210.18,210.76,209.13,210.76,104928.106,143460.94865000126,211.56625000000042,204.63380000000038,208.70714285714243
1759172400,210.77,213.5,210.45,212.93,144879.758,142721.92350000126,211.39270000000045,204.83180000000036,208.82809523809482
1759176000,212.93,214.55,212.51,214.42,140563.465,142515.23750000127,211.21700000000044,204.9752000000004,208.988571428571
1759179600,214.41,214.74,213.69,214.16,65924.585,141419.97095000124,211.05935000000042,205.0958000000004,209.15714285714245
1759183200,214.16,214.3,213.06,213.58,70598.101,136183.85260000124,210.9195500000004,205.2292000000004,209.31857142857103
1759186800,213.59,213.96,212.43,212.75,81574.23,136629.54605000123,210.77055000000044,205.38580000000042,209.48952380952338
1759190400,212.74,213.67,211.22,211.34,153812.493,139132.63230000122,210.61995000000042,205.6070000000004,209.72619047619006
1759194000,211.33,212.97,209.83,210.58,160432.094,142793.36385000122,210.47850000000045,205.86260000000038,209.92523809523763
1759197600,210.57,211.24,210,210.53,111637.931,143435.9180500012,210.34040000000044,206.1020000000004,210.07095238095195
1759201200,210.53,211.46,210.12,210.71,76377.256,142618.60670000123,210.21185000000042,206.3210000000004,210.12142857142814
1759204800,210.71,211.72,210.2,210.22,69843.981,142937.24895000123,210.0864500000004,206.50000000000037,210.14619047619004
1759208400,210.22,210.75,208.96,210,109049.291,145594.80400000123,209.95965000000044,206.64900000000034,210.21333333333288
1759212000,210,210.9,209.48,210.31,62904.094,144632.23190000124,209.83465000000044,206.79140000000032,210.3357142857138
1759215600,210.32,210.82,208.55,209,91242.139,144235.72015000126,209.7088500000004,206.94300000000032,210.39619047619004
1759219200,208.99,209,207.71,207.77,120003.224,143513.25300000125,209.5803500000004,207.13460000000032,210.44809523809477
1759222800,207.77,207.94,205.56,205.89,159356.122,137729.12450000126,209.4441500000004,207.30940000000032,210.54857142857097
1759226400,205.89,207.01,205.53,206.58,109493.655,123097.60265000125,209.30620000000042,207.48140000000032,210.66285714285672
1759230000,206.58,207.42,205.92,207.08,119192.925,113398.77100000123,209.16980000000044,207.6496000000003,210.69619047619003
1759233600,207.07,207.48,206,206.19,65395.447,108365.43365000123,209.0327000000005,207.80400000000026,210.72095238095193
1759237200,206.18,209.64,205.69,207.71,198520.048,110786.44725000122,208.89630000000048,207.9250000000003,210.6123809523805
1759240800,207.71,208.89,206.08,208.79,128671.75,111973.62945000122,208.7582500000005,208.00080000000028,210.3614285714281
1759244400,208.8,208.82,204.65,206,259357.356,117697.50935000123,208.62245000000047,208.0962000000003,210.1766666666662
1759248000,205.99,206.31,204.29,205.12,243794.422,122859.05720000123,208.49995000000047,208.2238000000003,210.12857142857095
1759251600,205.12,206.29,204.71,205.64,184273.703,128776.51310000123,208.36345000000048,208.33100000000027,210.0619047619043
1759255200,205.64,207.87,205.33,207.57,125306.79,131511.94755000126,208.23790000000048,208.48800000000028,209.83523809523763
1759258800,207.56,209.21,207.13,208.92,215817.277,138224.09990000125,208.10925000000046,208.69520000000026,209.46333333333288
1759262400,208.92,210.22,208.17,209.86,106560.577,135861.50410000124,207.98150000000044,208.79180000000025,209.0452380952376
1759266000,209.87,210.98,209.22,209.6,183439.054,137011.85210000124,207.89510000000047,208.85640000000024,208.73142857142807
1759269600,209.61,210.93,207.81,208.06,123015.517,137580.73140000127,207.81685000000044,208.90080000000023,208.50952380952333
1759273200,208.06,208.88,207.42,208.68,87284.339,138126.08555000127,207.73745000000045,208.97120000000024,208.37190476190432
1759276800,208.68,209.42,206.43,207.54,119782.284,140623.00070000126,207.6555500000005,209.04860000000022,208.28904761904718
1759280400,207.53,210.73,207.13,210.59,167268.63,143533.96765000123,207.58135000000047,209.12340000000023,208.16904761904715
1759284000,210.58,210.9,209.15,209.19,136633.544,147220.44015000123,207.50715000000048,209.19180000000023,208.08095238095194
1759287600,209.19,209.59,206.6,206.69,181771.217,151746.89405000122,207.44430000000048,209.21660000000023,207.92999999999955
1759291200,206.68,209.5,206.31,208.5,140154.328,152754.44925000126,207.37910000000045,209.24580000000023,207.9476190476186
1759294800,208.5,210,208.47,208.97,105991.135,150086.19990000123,207.30840000000043,209.20580000000024,207.9090476190472
1759298400,208.98,209.51,207.8,207.98,82867.252,148754.87975000124,207.24180000000044,209.20100000000025,207.73666666666625
1759302000,207.98,210.34,207.87,210.18,79588.253,146774.64615000127,207.18155000000047,209.20100000000025,207.71285714285673
1759305600,210.18,217.42,209.86,216.57,582661.576,172637.95260000124,207.12070000000043,209.1468000000002,207.76999999999958
1759309200,216.57,217.95,215.8,217.58,326323.431,179028.12175000124,207.06825000000043,209.12300000000022,207.8695238095234
1759312800,217.57,217.74,215.99,216.59,172530.606,181221.06455000123,207.01695000000043,209.09680000000023,208.04095238095198
1759316400,216.6,217.88,216.58,217.75,104065.446,173456.46905000124,206.96490000000045,209.05520000000018,208.49285714285674
1759320000,217.75,219.38,217.16,218.5,246140.465,173573.77120000124,206.91020000000043,209.07640000000018,209.0352380952377
1759323600,218.51,219.96,218.33,219.36,219506.815,175335.42680000124,206.85060000000044,209.24500000000018,209.45809523809484
1759327200,219.36,220.66,218.87,219.52,233379.479,180739.06125000122,206.79135000000045,209.41760000000016,209.88476190476152
1759330800,219.52,220.28,218.75,220.25,190102.343,179453.3145500012,206.74035000000046,209.57120000000015,210.47999999999962
1759334400,220.24,221,218.87,219.09,184691.177,183359.8445500012,206.72470000000044,209.76220000000015,211.15809523809483
1759338000,219.09,219.75,217.34,217.39,177737.708,183074.7772500012,206.72960000000043,210.00020000000015,211.8190476190472
1759341600,217.4,219.66,217.39,219.13,96079.963,181727.9995500012,206.74205000000046,210.24600000000018,212.4228571428567
1759345200,219.13,220.45,219.02,220.05,101253.223,182426.4437500012,206.74610000000047,210.52900000000017,212.90714285714245
1759348800,220.05,220.27,219.23,219.48,82454.021,180560.03060000122,206.75970000000044,210.75680000000014,213.26571428571384
1759352400,219.48,219.48,218.41,219.03,95116.196,176952.40890000123,206.7717000000004,210.89160000000018,213.7195238095234
1759356000,219.04,219.97,219.03,219.58,57801.658,173010.81460000123,206.77315000000047,211.03800000000018,214.29047619047577
1759359600,219.57,222.77,219.42,222.04,166360.171,172240.26230000122,206.77940000000046,211.24620000000016,214.80476190476145
1759363200,222.04,222.46,219.71,219.81,220259.368,176245.5143000012,206.77450000000044,211.4434000000002,215.35190476190434
1759366800,219.81,223.07,219.52,222.83,166172.269,179254.57100000122,206.76810000000046,211.61780000000022,215.77999999999957
1759370400,222.83,224.09,221.41,223.28,185800.456,184401.2312000012,206.76835000000042,211.7398000000002,216.39190476190436
1759374000,223.28,225.06,222.86,223.8,194325.231,190138.0801000012,206.77190000000041,211.8430000000002,217.01666666666625
1759377600,223.81,225.01,222.7,223.82,153087.837,168659.3931500012,206.76985000000045,212.0006000000002,217.6990476190472
1759381200,223.83,226.74,223.83,224.13,190078.103,161847.12675000122,206.76980000000043,212.12520000000018,218.38047619047575
1759384800,224.13,225.78,223.55,224.94,172833.439,161862.2684000012,206.77920000000046,212.3268000000002,219.1338095238091
1759388400,224.93,225.28,222.43,222.9,142530.525,163785.5223500012,206.79300000000043,212.5656000000002,219.7833333333329
1759392000,222.91,224.75,222.69,224.72,108757.836,156916.39090000122,206.78990000000042,212.83000000000018,220.14333333333292
1759395600,224.73,225.72,224,225.13,114046.864,151643.39335000122,206.8204000000004,213.09580000000017,220.49380952380912
1759399200,225.13,225.72,224.81,225.11,79361.388,143942.4888000012,206.85800000000043,213.36420000000015,220.7942857142853
1759402800,225.11,226.7,224.76,225.27,167563.384,142815.5408500012,206.90440000000044,213.65860000000015,221.12619047619003
1759406400,225.28,227.44,225,227.26,211665.779,144164.27095000123,206.94715000000045,213.91660000000013,221.4419047619043
1759410000,227.27,227.44,224.64,226.52,284859.497,149520.36040000123,206.98860000000045,214.20480000000015,221.71571428571383
1759413600,226.52,226.72,223.11,223.61,202080.22,154820.37325000123,207.03685000000044,214.5274000000001,221.98952380952338
1759417200,223.61,227.33,222.61,227.18,272442.198,163379.82200000124,207.08485000000044,214.87420000000012,222.32333333333287
1759420800,227.19,229.29,226.24,228,317847.734,175149.50765000124,207.14120000000045,215.26180000000014,222.6771428571424
1759424400,227.99,230.34,227.41,229.82,239943.755,182390.88560000123,207.18585000000047,215.67540000000017,222.97333333333287
1759428000,229.83,233.19,229.76,232.34,378604.745,198431.03995000123,207.23995000000048,216.06420000000017,223.35666666666623
1759431600,232.34,233.79,231.57,232.3,219903.452,201108.20400000125,207.32375000000047,216.41260000000014,223.73523809523763
1759435200,232.29,232.63,230.81,232.63,145438.653,197367.16825000124,207.41985000000045,216.80200000000016,224.2276190476186
1759438800,232.62,234,232.44,232.57,124299.716,195273.54060000126,207.50375000000048,217.18620000000018,224.8614285714281
1759442400,232.57,233.88,232.12,233.13,134040.842,192685.55990000124,207.5670000000005,217.66260000000017,225.4671428571424
1759446000,233.12,234.99,232.95,234.74,164753.097,191206.95320000124,207.64975000000047,218.20700000000016,225.97142857142813
1759449600,234.74,234.79,231.79,231.87,128820.891,189993.60590000125,207.73535000000044,218.74020000000016,226.57904761904715
1759453200,231.88,232.73,230.56,230.95,146398.592,187809.63035000124,207.82955000000047,219.24140000000017,227.0695238095234
1759456800,230.95,233.4,230.79,233.29,99716.625,184153.78965000124,207.93675000000042,219.71440000000018,227.61523809523766
1759460400,233.29,234.84,232.03,232.26,122614.235,183157.97515000124,208.03650000000044,220.17980000000017,227.99952380952337
1759464000,232.26,233.23,231.36,232.08,87265.701,182083.36840000123,208.13990000000047,220.68260000000018,228.3390476190472
1759467600,232.08,232.19,230.31,231.21,92228.959,180992.4731500012,208.24465000000043,221.15880000000018,228.77523809523765
1759471200,231.21,231.56,227.68,229.35,154081.197,184728.46360000124,208.3322500000004,221.60420000000016,229.12380952380906
1759474800,229.35,229.72,228.55,229.41,178988.011,185299.69495000123,208.43790000000044,222.1192000000002,229.56095238095193
1759478400,229.42,231.25,227.76,231.07,202625.863,184847.69915000122,208.52790000000044,222.5526000000002,229.86999999999955
1759482000,231.06,231.79,230.37,230.92,201646.878,180687.0682000012,208.60680000000045,223.0104000000002,230.07095238095195
1759485600,230.92,231.68,230.38,231.29,73483.995,174257.2569500012,208.7036500000004,223.50080000000017,230.27571428571386
1759489200,231.29,231.36,229.57,230.78,106403.888,165955.3414500012,208.79905000000042,223.91780000000017,230.55190476190432
1759492800,230.79,231.25,229.7,230.03,113996.42,155762.7757500012,208.89890000000042,224.32660000000016,230.72619047619006
1759496400,230.02,231,228.43,229.72,255045.236,156517.8498000012,208.99855000000042,224.78840000000014,230.95333333333292
1759500000,229.71,231,227.13,230.49,267684.867,150971.8559000012,209.08660000000043,225.20320000000015,231.2947619047615
1759503600,230.49,234.98,229.51,234.79,271017.201,153527.5433500012,209.17565000000042,225.49760000000018,231.43047619047576
1759507200,234.79,237,233.73,233.91,505140.206,171512.6210000012,209.27735000000044,225.7616000000002,231.51238095238054
1759510800,233.91,234.05,228.33,230.13,592719.324,194933.6014000012,209.39085000000043,226.03040000000016,231.5442857142853
1759514400,230.14,233.65,229.1,233.64,165547.744,196508.94650000118,209.49700000000044,226.26980000000017,231.66095238095195
1759518000,233.63,235.5,232.8,233.17,144869.827,195514.7830000012,209.61440000000042,226.50960000000015,231.7376190476186
1759521600,233.18,233.43,230.72,233,126558.167,195401.6468000012,209.74275000000043,226.8182000000002,231.61857142857102
1759525200,233.01,233.41,231.92,232.63,46777.021,190420.5682500012,209.8641000000004,227.10600000000017,231.66952380952338
1759528800,232.63,233.99,232.63,233.19,70268.83,188948.1785000012,209.9983500000004,227.30360000000016,231.67142857142815
1759532400,233.2,233.49,232.42,232.84,62711.936,185953.0635500012,210.15135000000043,227.59460000000018,231.58857142857102
1759536000,232.84,234.05,231.53,231.97,111033.997,187141.4783500012,210.29930000000044,227.91020000000017,231.6247619047615
1759539600,231.97,232.09,229.57,230.31,121973.314,188628.69610000122,210.43870000000044,228.1876000000002,231.73142857142815
1759543200,230.32,231.06,228.35,229.84,114179.849,186633.62870000122,210.59690000000043,228.4392000000002,231.7099999999996
1759546800,229.83,230.04,227.93,229.25,110039.754,183186.21585000123,210.75600000000043,228.71340000000018,231.69619047619008
1759550400,229.24,229.92,229,229.57,45168.007,175313.32305000123,210.9280500000004,228.98960000000017,231.61190476190436
1759554000,229.58,230.3,229.17,229.99,51793.606,167820.65945000126,211.08725000000038,229.23740000000015,231.54666666666625
1759557600,229.99,230.53,229.61,229.83,44583.821,166375.65075000125,211.2399500000004,229.40280000000018,231.54190476190433
1759561200,229.84,229.9,228.73,229.11,43948.423,163252.87750000125,211.39840000000038,229.6034000000002,231.5495238095234
1759564800,229.1,229.46,228.21,228.88,69322.177,161019.16535000125,211.5646500000004,229.73180000000013,231.4980952380948
1759568400,228.87,229.47,228.29,228.48,48919.47,150712.87705000126,211.74200000000036,229.85760000000016,231.44619047619003
1759572000,228.47,229.92,228.32,229.18,67991.683,140728.21785000127,211.89395000000036,229.98140000000015,231.34238095238055
1759575600,229.18,229.59,228.67,229.19,48087.286,129581.72210000127,212.04975000000036,230.10160000000013,231.25190476190437
1759579200,229.19,229.45,227.96,228.14,53620.665,107005.74505000126,212.21650000000034,230.20120000000017,231.17809523809484
1759582800,228.13,229.84,227.93,228.8,62139.836,80476.77065000126,212.38470000000035,230.28000000000017,231.15238095238055
1759586400,228.8,229.47,226.66,226.82,94248.42,76911.80445000125,212.56065000000032,230.39160000000018,231.09047619047578
1759590000,226.81,227.5,224.31,224.88,267339.942,83035.31020000126,212.74250000000032,230.48080000000016,230.77380952380912
1759593600,224.87,225.69,224.07,225.65,164268.738,84920.83875000125,212.90835000000027,230.56200000000018,230.53047619047578
1759597200,225.65,227.02,225.44,226.55,109171.206,88040.54800000126,213.0712500000003,230.6226000000002,230.37285714285676
1759600800,226.55,226.98,225.81,226.06,45995.583,86826.88565000126,213.2348500000003,230.6932000000002,229.9557142857139
1759604400,226.06,226.91,225.98,226.91,27311.665,85056.87210000126,213.3984500000003,230.68440000000018,229.59761904761868
1759608000,226.91,227.98,226.91,227.31,41760.147,81593.17960000127,213.56035000000028,230.65160000000017,229.29047619047577
1759611600,227.3,228.29,227.26,227.28,37288.248,77358.92630000126,213.72895000000034,230.6924000000002,228.97761904761865
1759615200,227.28,227.99,226.94,227.73,33781.319,73338.99980000126,213.88705000000036,230.67980000000017,228.67857142857105
1759618800,227.74,228.24,227.09,227.86,27443.449,69209.18455000126,214.0299000000003,230.6410000000002,228.41523809523767
1759622400,227.86,228.27,226.45,226.82,65212.16,70211.39220000125,214.17740000000035,230.58280000000022,228.1919047619043
1759626000,226.83,227.93,226.6,227.75,66947.397,70969.08175000126,214.33700000000033,230.4822000000002,228.06904761904718
1759629600,227.75,231.4,227.32,231.12,261542.677,81817.02455000127,214.50675000000032,230.38180000000023,227.9747619047615
1759633200,231.12,232.29,230.18,230.91,172934.099,88266.30835000126,214.67395000000033,230.28380000000018,227.85904761904717
1759636800,230.91,234.94,230.9,233.78,227211.398,96160.76940000127,214.82715000000033,230.1896000000002,227.77238095238053
1759640400,233.79,234.93,233.36,234.52,203134.654,103871.52860000127,214.97775000000036,230.06340000000023,227.82619047619005
1759644000,234.52,235.89,234.47,235.16,190330.909,109988.48990000128,215.14430000000036,229.92360000000022,227.87761904761862
1759647600,235.16,236.93,234.97,236.59,183486.666,116758.4589000013,215.30350000000035,229.90860000000023,228.09999999999954
1759651200,236.58,237.22,235.13,235.18,120319.54,120093.4026500013,215.43960000000035,229.90780000000024,228.368571428571
1759654800,235.18,235.8,232.05,233.43,207202.061,127346.5139000013,215.57135000000034,229.9176000000002,228.68666666666624
1759658400,233.44,233.59,230.76,232.03,181724.149,131720.30035000131,215.71780000000035,229.96280000000024,229.03952380952336
1759662000,232.03,232.84,230.8,232.66,127155.196,124711.06305000132,215.86895000000038,230.02440000000024,229.3247619047615
1759665600,232.66,232.67,230.74,231.31,85204.592,120757.85575000134,216.0380500000004,230.13200000000023,229.57666666666623
1759669200,231.32,232.04,230.4,231.64,101264.416,120362.51625000135,216.1990500000004,230.24860000000024,229.7304761904757
1759672800,231.64,232.03,228.42,230.14,170660.281,126595.75115000135,216.3570000000004,230.32900000000024,230.00857142857097
1759676400,230.13,230.9,229.75,230.14,87451.748,129602.75530000136,216.5141000000004,230.34820000000025,230.31476190476147
1759680000,230.13,231.23,228.8,231.09,95773.04,132303.39995000136,216.6640500000004,230.38300000000024,230.59999999999954
1759683600,231.08,231.47,229.31,229.67,62611.451,133569.56010000134,216.8094500000004,230.38340000000022,230.77095238095194
1759687200,229.68,229.92,227.45,228.98,124698.659,138115.42710000134,216.95110000000037,230.40060000000022,230.96523809523765
1759690800,228.98,229.03,226.72,227.07,114230.766,142454.79295000134,217.09500000000037,230.4028000000002,231.16428571428528
1759694400,227.07,229,226.7,227.98,68193.784,142603.87415000133,217.23325000000037,230.4112000000002,231.27666666666622
1759698000,227.99,228.78,227.45,228.71,54691.505,141991.07955000133,217.37905000000035,230.4232000000002,231.35761904761858
1759701600,228.71,229.26,227.06,228.32,65790.303,132203.4608500013,217.5165500000003,230.3208000000002,231.32619047619002
1759705200,228.31,229.13,228.13,228.56,61862.075,126649.85965000132,217.65700000000032,230.22220000000024,231.3319047619043
1759708800,228.56,230.33,227.55,228.7,134354.545,122007.01700000132,217.80780000000036,230.16100000000023,231.4219047619043
1759712400,228.69,231.71,227.76,231.42,147175.452,119209.05690000132,217.95025000000035,230.0478000000002,231.4490476190472
1759716000,231.42,232.99,229.83,232.37,188357.287,119110.37580000132,218.08700000000033,229.95860000000022,231.3271428571424
1759719600,232.37,233.3,231.71,232.24,94079.873,114640.03615000131,218.21380000000033,229.86500000000026,231.2219047619043
1759723200,232.23,232.31,230.59,230.67,75448.399,112396.47910000132,218.34145000000032,229.78360000000023,231.10952380952338
1759726800,230.67,232.48,230.17,232.32,79888.698,106030.81095000132,218.47050000000033,229.69380000000024,231.00714285714244
1759730400,232.32,234.86,232.32,233.95,146254.051,104257.30605000132,218.5986500000003,229.66540000000023,230.86809523809484
1759734000,233.95,234.26,230.63,231.36,144517.793,105125.43590000132,218.72385000000034,229.6734000000002,230.58619047619007
1759737600,231.37,233.92,231.37,233.71,109584.197,106344.41615000131,218.85270000000034,229.71200000000022,230.44999999999956
1759741200,233.7,234.15,232.8,233.5,84868.762,105524.63345000132,219.0004500000003,229.72860000000023,230.4747619047615
1759744800,233.49,233.76,232.33,232.67,66222.823,100302.76055000132,219.1541000000003,229.79000000000022,230.44285714285672
1759748400,232.66,233.84,231.8,233.02,99139.479,100887.14710000133,219.30435000000034,229.87760000000023,230.49285714285674
1759752000,233.02,234.47,232.93,234.1,111305.082,101663.74920000133,219.44455000000033,229.90500000000023,230.59714285714242
1759755600,234.09,235.13,232.63,234.78,192217.11,108144.03215000131,219.58715000000032,229.9826000000002,230.64619047619004
1759759200,234.78,235.74,232.8,233.33,190315.488,111424.8736000013,219.73745000000036,230.07040000000023,230.7833333333329
1759762800,233.33,236.67,233.3,235.64,203659.009,115896.28575000132,219.87695000000033,230.14620000000025,230.9719047619043
1759766400,235.64,236.25,234.05,235.7,99849.734,117479.08325000133,220.03075000000032,230.23700000000025,231.14761904761858
1759770000,235.7,237.79,235.44,236.42,207918.157,125140.41585000134,220.19260000000034,230.33540000000022,231.3219047619043
1759773600,236.43,237.16,234.82,236.8,115980.648,127649.93310000135,220.34855000000033,230.44720000000024,231.63904761904715
1759777200,236.81,237,234.7,235.35,110764.369,130095.04780000134,220.50665000000035,230.55100000000022,232.04999999999953
1759780800,235.34,236.15,233.24,233.6,117077.7,129231.20555000135,220.66765000000032,230.68780000000024,232.45190476190433
1759784400,233.6,234.44,232.76,234.23,86605.22,126202.69395000135,220.8351500000003,230.86540000000022,232.83714285714242
1759788000,234.22,234.99,233.92,234.62,55536.582,119561.65870000135,220.99320000000031,231.0962000000002,233.1719047619043
1759791600,234.62,234.77,231.64,232.35,120807.917,120898.06090000135,221.16090000000034,231.3192000000002,233.4119047619043
1759795200,232.35,233,231.16,232.52,119712.044,123111.24315000135,221.33035000000032,231.4952000000002,233.67523809523763
1759798800,232.51,233.12,231,232.72,94417.005,123837.65850000134,221.50895000000028,231.64600000000024,233.82761904761858
1759802400,232.73,233.85,232.05,233.47,95343.087,121292.11030000134,221.6888000000003,231.79240000000024,233.82666666666623
1759806000,233.46,233.98,232.84,233.95,75839.64,117858.20265000135,221.86625000000032,231.93860000000024,233.83999999999955
1759809600,233.95,235.21,233,234.85,106241.775,117691.08155000133,222.04210000000032,232.04000000000022,233.9376190476186
1759813200,234.86,235.02,233.15,233.52,118303.352,119362.81105000133,222.20740000000032,232.1358000000002,233.99238095238053
1759816800,233.51,233.68,229.41,230.44,239953.483,128049.34405000132,222.37105000000028,232.2330000000002,233.99238095238053
1759820400,230.43,231.14,229.53,231.01,158204.417,131002.59095000134,222.51570000000032,232.3660000000002,234.15857142857098
1759824000,231.01,231.01,228.22,230.01,207401.799,135807.42680000135,222.65805000000034,232.4900000000002,234.1495238095234
1759827600,230.01,230.59,229.7,230.35,124611.413,132427.14195000136,222.79640000000032,232.56460000000018,234.00380952380908
1759831200,230.36,231.64,229.77,230.86,109047.573,128363.74620000136,222.93315000000032,232.61680000000018,233.92476190476143
1759834800,230.86,231.16,230.06,230.44,121930.735,124277.33250000134,223.0720000000003,232.55000000000018,233.78142857142808
1759838400,230.44,231.49,229.2,231.48,191943.331,128882.01235000133,223.2121500000003,232.47980000000018,233.60285714285666
1759842000,231.48,231.59,226.33,227.93,340418.306,135507.01980000132,223.3436500000003,232.37680000000017,233.41619047619
1759845600,227.93,228.15,224.51,225.29,439067.777,151661.3762500013,223.4481500000003,232.25200000000018,233.27857142857093
1759849200,225.3,225.88,220.8,223.79,647960.31,178521.17330000133,223.5490500000003,232.16560000000015,233.0804761904757
1759852800,223.79,225.31,221.85,224.4,324691.592,188901.86790000132,223.65315000000032,232.10580000000016,232.71047619047567
1759856400,224.4,224.81,222.63,222.7,184998.659,193821.5398500013,223.7579000000003,232.0948000000002,232.18047619047567
1759860000,222.71,223.29,221.38,221.43,101587.545,196124.08800000133,223.86375000000032,232.00020000000018,231.56095238095185
1759863600,221.43,222.89,220.71,221.69,162102.24,198188.80415000132,223.96455000000032,231.8798000000002,231.03952380952327
1759867200,221.7,224.16,221.53,223.49,117652.352,198085.81955000135,224.0716500000003,231.7228000000002,230.52047619047565
1759870800,223.49,224.28,222.41,223.14,109568.169,198843.37775000132,224.1657000000003,231.6080000000002,229.9109523809518
1759874400,223.15,223.66,222.01,222.49,52880.606,196720.25370000134,224.2514500000003,231.4592000000002,229.29523809523758
1759878000,222.5,222.56,219.7,219.97,157168.547,200786.69905000133,224.3256500000003,231.2660000000002,228.87333333333282
1759881600,219.98,221.79,217.91,220.99,249657.41,207957.48080000136,224.4031000000003,231.1064000000002,228.42666666666614
1759885200,220.99,222.32,220.48,222.04,65589.823,205321.80435000133,224.4756000000003,230.99660000000017,227.9395238095233
1759888800,222.04,222.78,221.13,221.58,113880.683,199018.16435000135,224.5497500000003,230.9180000000002,227.2966666666661
1759892400,221.58,221.58,217.93,218.31,202406.528,201228.26990000135,224.62285000000028,230.80820000000023,226.67952380952332
1759896000,218.3,220.54,217.3,220.4,137370.095,197726.68470000135,224.7134500000003,230.63340000000022,226.0695238095233
1759899600,220.41,220.43,218.38,219.5,110725.86,197032.40705000135,224.7848500000003,230.48680000000022,225.50095238095187
1759903200,219.51,220.47,218.62,220.26,78065.278,195483.29230000134,224.8355500000003,230.35640000000024,224.92333333333278
1759906800,220.26,220.98,219.44,220.95,69783.373,192875.92420000135,224.8850500000003,230.21400000000023,224.41809523809474
1759910400,220.95,222.64,220.82,221.61,111435.639,188850.53960000136,224.9464000000003,229.95180000000022,223.9176190476185
1759914000,221.62,222.08,220.74,221.43,90102.91,176334.76980000135,225.0056500000003,229.71240000000023,223.43714285714236
1759917600,221.43,222.21,221.02,222.12,77908.584,158276.81015000134,225.05975000000026,229.45760000000024,222.9652380952376
1759921200,222.13,222.56,220.65,221.2,85515.046,130154.54695000134,225.08665000000028,229.24940000000024,222.5447619047614
1759924800,221.2,222.55,221.08,222.29,84400.732,118140.00395000132,225.11655000000027,229.02200000000022,222.06619047618997
1759928400,222.3,222.71,218.78,221.45,181147.262,117947.43410000132,225.14325000000025,228.7752000000002,221.78952380952327
1759932000,221.44,224.18,219.52,220.08,239546.99,124845.40635000131,225.17665000000025,228.57660000000024,221.59476190476138
1759935600,220.09,222.84,219.93,221.19,106354.468,122058.01775000131,225.21765000000028,228.34480000000025,221.5233333333328
1759939200,221.2,223.7,220.71,223.57,100104.403,121180.6203000013,225.26900000000032,228.09880000000027,221.3828571428566
1759942800,223.56,227.71,223.36,226.92,298267.896,130615.6066500013,225.32325000000026,227.89120000000028,221.25809523809468
1759946400,226.93,229.67,226.43,228.67,211770.054,138560.07905000128,225.3812000000003,227.65980000000027,221.24666666666613
1759950000,228.66,229.6,227.52,229.34,142677.161,137835.5097500013,225.43365000000028,227.3794000000003,221.33619047618993
1759953600,229.34,229.69,227.46,227.7,111220.075,130913.64300000129,225.49400000000026,227.10760000000028,221.49952380952323
1759957200,227.7,229.14,227.42,228.49,78712.815,131569.7926000013,225.5512500000003,226.91240000000028,221.76285714285655
1759960800,228.48,229.72,228.48,228.61,74997.23,129625.61995000129,225.60010000000028,226.73800000000026,222.089047619047
1759964400,228.61,229.37,227.73,229.02,82120.33,123611.3100500013,225.66105000000024,226.59740000000022,222.45714285714226
1759968000,229.03,229.69,228.01,228.34,77137.375,120599.67405000128,225.74005000000025,226.45580000000024,222.81428571428512
1759971600,228.33,228.65,226.01,228.45,162920.021,123209.3821000013,225.84520000000023,226.27380000000022,223.1271428571423
1759975200,228.46,228.74,223.84,224.44,228648.838,130738.56010000131,225.95565000000025,226.13660000000021,223.48142857142804
1759978800,224.44,226.45,224.39,226.19,101196.275,132309.2052000013,226.06695000000025,226.03680000000023,223.95904761904708
1759982400,226.19,227.57,225.46,227.47,106602.837,132067.5651000013,226.17450000000025,225.93260000000024,224.3423809523804
1759986000,227.48,228.87,226.74,227.8,108249.115,132974.8753500013,226.27840000000026,225.80700000000022,224.5776190476185
1759989600,227.8,228.43,226.32,226.55,97295.703,133944.23130000132,226.37750000000025,225.72900000000024,224.85999999999942
1759993200,226.54,226.89,224.14,224.5,135323.15,136434.6365000013,226.49260000000024,225.56740000000025,225.17047619047563
1759996800,224.49,224.81,219.32,220,292719.43,146850.57140000132,226.6087000000002,225.43680000000023,225.46523809523757
1760000400,220,222.13,219.9,221.96,113801.503,143483.28345000133,226.72275000000025,225.31680000000026,225.70904761904708
1760004000,221.97,222.96,220.96,222.28,85949.584,135803.41315000132,226.80710000000022,225.19380000000027,225.8223809523804
1760007600,222.28,223.96,222.28,223.14,94786.824,135225.03095000132,226.8934500000002,225.02780000000027,225.76523809523752
1760011200,223.14,226.32,222.86,225.95,112605.43,135850.08230000135,226.9815000000002,224.84740000000028,225.74952380952323
1760014800,225.95,226.23,221.87,222.28,169638.161,129418.59555000132,227.0725000000002,224.63860000000025,225.78904761904704
1760018400,222.29,223.3,219.4,220.86,278538.228,132757.00425000134,227.1649500000002,224.45760000000024,225.9347619047613
1760022000,220.86,222.18,218.62,219.11,220275.652,136636.92880000133,227.24405000000021,224.30300000000025,226.161428571428
1760025600,219.11,220.14,216.53,217.22,265933.965,144372.62330000132,227.3063500000002,224.15880000000024,226.0999999999994
1760029200,217.22,219.57,216.71,219.32,156235.65,148248.7650500013,227.36320000000018,224.06060000000022,225.81142857142797
1760032800,219.32,219.5,217.21,217.55,114906.263,150244.2167000013,227.42865000000018,223.89740000000023,225.35619047618985
1760036400,217.56,218.94,217.43,218.29,94398.021,150858.1012500013,227.5109000000002,223.68500000000026,224.77904761904705
1760040000,218.29,219.23,217.56,218.94,75209.446,150761.7048000013,227.59815000000017,223.50860000000026,224.37999999999943
1760043600,218.94,220.45,218.55,220.27,77419.356,146486.6715500013,227.66470000000015,223.34720000000027,223.859047619047
1760047200,220.27,221.64,219.88,221.25,55765.308,137842.4950500013,227.72910000000013,223.25780000000023,223.3676190476184
1760050800,221.25,221.31,219.85,220.93,47397.296,135152.54610000132,227.77375000000015,223.12080000000023,222.88761904761841
1760054400,220.93,222,220.76,221.23,65680.897,133106.4491000013,227.77700000000016,223.0326000000002,222.5033333333327
1760058000,221.22,222.09,220.52,220.97,72549.238,131321.4552500013,227.78570000000013,222.9828000000002,222.16047619047555
1760061600,220.98,221.85,219.87,220.33,93624.855,131137.9128500013,227.79050000000018,222.9544000000002,221.99333333333266
1760065200,220.34,222.87,219.5,221.65,114774.028,130110.45675000129,227.79320000000018,222.9096000000002,221.75714285714218
1760068800,221.64,222.9,220.88,221.22,106331.176,120791.04405000128,227.7954000000002,222.8654000000002,221.4476190476184
1760072400,221.23,221.8,220.04,221.68,84451.904,119323.56410000128,227.7999500000002,222.84020000000018,221.0919047619041
1760076000,221.68,222.43,219.32,219.39,94107.233,119731.4465500013,227.80860000000018,222.86020000000016,220.85857142857077
1760079600,219.39,219.56,217.92,218.12,129293.638,121456.78725000129,227.81200000000018,222.84700000000015,220.7023809523803
1760083200,218.13,220.1,217.4,220.06,143885.799,123020.80570000128,227.8227000000002,222.83920000000018,220.78238095238032
1760086800,220.07,220.78,218.94,218.95,93962.157,119237.0055000013,227.8406000000002,222.83200000000016,220.65999999999934
1760090400,218.95,220.63,218.75,220.4,75482.692,109084.22870000129,227.84660000000022,222.89940000000016,220.4619047619041
1760094000,220.41,221.56,220.28,221.14,94499.033,102795.39775000128,227.8546000000002,222.87920000000014,220.31523809523745
1760097600,221.15,221.8,220.79,221.76,81886.653,93593.03215000128,227.8633000000002,222.85160000000013,219.9819047619041
1760101200,221.76,224.46,221.52,223.41,241283.03,97845.40115000129,227.8765500000002,222.84760000000017,219.89238095238034
1760104800,223.42,224.42,219.69,219.79,270623.337,105631.25485000128,227.8756000000002,222.80760000000018,219.90571428571366
1760108400,219.79,220.15,209.01,210.7,1127828.389,157302.7732500013,227.8560000000002,222.78340000000017,220.03190476190417
1760112000,210.69,213.06,210.04,211.26,415253.57,174304.9794500013,227.8572500000002,222.77760000000018,220.32666666666606
1760115600,211.25,211.53,208.82,209.68,201139.383,180490.98080000127,227.83785000000023,222.77040000000017,220.349047619047
1760119200,209.68,210.07,207.47,207.47,192600.082,187332.71950000126,227.82345000000024,222.81460000000013,220.0228571428565
1760122800,207.47,208.19,203.43,205.32,348619.921,202393.85075000126,227.81015000000022,222.76460000000014,219.68809523809458
1760126400,205.31,207.8,193,196.84,797774.668,238998.53930000128,227.79985000000022,222.54960000000014,219.2471428571422
1760130000,196.84,199.15,168.79,193.41,2351646.562,352953.4055000013,227.79625000000024,222.3732000000001,218.63761904761836
1760133600,193.41,194,182.26,189.93,1486457.856,422595.05555000127,227.77050000000028,222.14300000000011,217.87904761904693
1760137200,189.93,197.11,187.33,188.43,939079.328,463810.32055000134,227.70950000000028,221.82100000000014,216.73190476190408
1760140800,188.43,190.56,184.87,188.05,580209.572,487504.2403500013,227.64220000000026,221.38900000000012,215.40714285714216
1760144400,188.05,188.28,182.16,183.1,454866.056,506024.94795000134,227.56495000000024,220.75240000000014,213.92904761904688
1760148000,183.1,191.05,182.98,188.6,513115.71,526975.3718000015,227.47675000000024,220.03380000000013,212.4099999999993
1760151600,188.59,189.1,182.67,184.85,419158.682,541468.6240000015,227.37700000000024,219.27840000000012,210.80999999999926
1760155200,184.86,186.88,183.89,186.13,293302.137,548939.4409000014,227.22490000000028,218.47720000000012,208.99476190476122
1760158800,186.13,186.39,180,182.48,413120.952,564897.3806500013,227.05935000000028,217.66600000000014,207.41952380952313
1760162400,182.48,186,182.26,183.26,269568.048,574601.6484500014,226.89095000000026,216.7476000000001,205.7747619047612
1760166000,183.27,183.97,181.83,182.75,291658.691,584459.6313500014,226.6972000000003,215.9528000000001,204.25142857142788
1760169600,182.75,187.36,182.07,186.56,300971.053,595413.8513500013,226.49745000000027,215.0808000000001,202.46190476190407
1760173200,186.56,189.5,184.01,184.52,434358.116,605067.6056500014,226.26385000000028,214.3146000000001,200.76238095238023
1760176800,184.52,186.07,183.05,183.97,237652.213,603419.0494500014,226.0451500000003,213.44040000000012,198.9695238095231
1760180400,183.97,184.32,181.76,183.85,228432.01,558449.2305000013,225.8079000000003,212.5562000000001,197.3228571428565
1760184000,183.85,184.69,181.72,183.12,227102.182,549041.6611000013,225.5754000000003,211.65520000000012,195.54952380952312
1760187600,183.13,184.57,180.77,184.26,286822.347,553325.8093000014,225.3249500000003,210.8554000000001,193.6714285714279
1760191200,184.27,184.75,181.71,182.67,207407.242,554066.1673000014,225.0756000000003,210.0558000000001,191.95999999999935
1760194800,182.67,185.05,182.54,183.71,253847.575,549327.5500000013,224.81565000000032,209.3352000000001,190.646666666666
1760198400,183.71,184.61,181.78,182.66,204228.917,519650.2624500013,224.5891000000003,208.5730000000001,189.3609523809517
1760202000,182.65,184.64,182.45,183.04,157567.734,409946.3210500013,224.3569500000003,207.7898000000001,188.07476190476123
1760205600,183.05,183.09,182.25,182.52,132135.699,342230.21320000134,224.1103500000003,207.01220000000012,186.94333333333267
1760209200,182.53,182.59,176.6,177.57,456835.682,318118.03090000135,223.86830000000032,206.14660000000012,185.86428571428505
1760212800,177.57,178.15,174.01,175.55,332690.067,305742.05565000133,223.62350000000032,205.37520000000012,185.20714285714217
1760216400,175.56,177.5,172.58,176.93,320770.171,299037.26140000136,223.38875000000033,204.6112000000001,184.68857142857075
1760220000,176.93,178.11,175.91,177.39,131278.686,279945.4102000013,223.15535000000034,203.8898000000001,184.09999999999934
1760223600,177.39,178.78,176.81,177.62,145287.706,266251.86140000133,222.92685000000034,203.19580000000008,183.486666666666
1760227200,177.63,177.77,173,173.3,202883.327,261730.92090000134,222.68480000000037,202.36080000000013,182.95714285714223
1760230800,173.3,175.49,173.2,174.09,183901.455,250269.94605000137,222.44540000000038,201.52080000000012,182.68523809523745
1760234400,174.09,176.6,173.5,174.76,187687.957,246175.94150000135,222.2015500000004,200.69360000000012,182.1623809523803
1760238000,174.75,178.5,174.34,177.06,204131.835,241799.59870000137,221.9355000000004,199.86260000000013,181.6123809523803
1760241600,177.06,180.91,176.61,180.11,264189,239960.49605000135,221.6631000000004,199.0096000000001,181.03904761904698
1760245200,180.11,182.06,179.44,181.48,158242.258,226154.70315000135,221.39915000000042,198.05060000000012,180.67142857142795
1760248800,181.47,182.7,180.86,182.63,272360.147,227890.09985000137,221.13365000000042,197.1138000000001,180.37619047618983
1760252400,182.64,182.97,181.51,182.55,212563.635,227096.68110000138,220.84780000000043,196.1844000000001,180.25047619047555
1760256000,182.54,182.8,181.4,181.82,183657.167,224924.43035000138,220.54475000000042,195.3062000000001,180.0085714285708
1760259600,181.83,182.32,180.33,182.04,154687.806,218317.7033000014,220.26455000000038,194.50180000000012,179.9185714285708
1760263200,182.04,182.75,180.65,180.75,127944.717,214344.57705000136,219.9701500000004,193.69840000000008,179.85095238095175
1760266800,180.75,181.91,180.5,180.96,104918.577,206898.12715000135,219.68960000000038,192.92660000000012,179.75428571428506
1760270400,180.96,183.19,180.8,181.7,194321.577,206402.76015000136,219.4251500000004,192.1440000000001,179.70285714285652
1760274000,181.7,181.79,178.2,179.18,226206.855,209834.71620000136,219.1694000000004,191.3926000000001,179.53571428571362
1760277600,179.17,188.96,179.09,186.29,659281.012,236191.98185000135,218.9166000000004,190.6710000000001,179.45428571428508
1760281200,186.29,191.8,185.57,191.23,868582.841,256779.33980000135,218.66515000000038,189.8848000000001,179.3585714285708
1760284800,191.23,195.52,191.22,193.81,605667.108,270428.19185000134,218.41440000000043,189.12500000000009,179.19285714285652
1760288400,193.81,196.22,193.33,194.6,332841.085,271031.73755000136,218.17305000000042,188.35100000000006,179.34761904761842
1760292000,194.61,195.64,191.68,193.84,258258.533,277380.7299000014,217.9276000000004,187.51180000000008,179.76238095238034
1760295600,193.84,196.6,193.51,195.85,233161.532,281774.4212000013,217.68615000000042,186.8024000000001,180.53571428571365
1760299200,195.86,199,195.36,196.8,221782.098,282719.35975000134,217.4468000000004,186.15880000000007,181.44285714285652
1760302800,196.8,197.93,193.12,195.64,266918.488,286870.21140000137,217.19275000000042,185.63920000000005,182.2480952380946
1760306400,195.64,198.07,195.55,197.43,213964.5,288184.03855000134,216.9750500000004,185.31720000000004,183.12714285714222
1760310000,197.43,197.48,195.3,197,148846.211,285419.75735000137,216.78565000000043,184.96880000000002,184.04047619047554
1760313600,196.99,199.25,195.7,197.22,268547.742,285637.69445000135,216.61030000000042,184.6922,185.10428571428508
1760317200,197.21,199.47,196,199.42,194490.702,287450.11665000126,216.44090000000043,184.4788,186.21571428571366
1760320800,199.42,199.99,195.2,196.46,219377.059,284800.9622500013,216.26420000000041,184.28520000000003,187.27476190476125
1760324400,196.46,197.19,194.34,194.81,177024.925,283024.0267500013,216.09750000000042,184.29700000000005,188.23476190476126
1760328000,194.82,196.43,194.18,196.2,105100.278,279096.18230000127,215.94080000000042,184.36880000000002,189.15428571428507
1760331600,196.19,196.28,193.65,194.06,133661.961,278044.8900500013,215.7750000000004,184.51460000000003,189.86761904761838
1760335200,194.05,197.38,192.91,197.1,177836.611,280539.4847500013,215.62805000000037,184.73440000000002,190.4476190476184
1760338800,197.09,199.5,195.96,196.81,281056.245,289346.3681500013,215.48865000000038,184.90259999999998,191.0976190476184
1760342400,196.8,198.68,196.13,198.25,156901.335,287475.35605000134,215.3465000000004,185.1368,191.68047619047553
1760346000,198.25,198.25,196.68,196.98,154275.888,283878.8077000013,215.2108500000004,185.2888,192.39761904761838
1760349600,196.98,197.04,194.91,195.42,166127.035,259221.1088500013,215.0628500000004,185.47299999999998,193.16238095238026
1760353200,195.42,195.54,190.02,192.56,423781.503,236981.0419500013,214.9023500000004,185.6924,193.9857142857136
1760356800,192.56,194.47,191.36,191.84,220556.992,217725.53615000128,214.7468000000004,185.979,194.71333333333263
1760360400,191.83,196.96,191.31,196.15,489938.541,225580.4089500013,214.5807000000004,186.27879999999996,195.486666666666
1760364000,196.15,196.77,192.5,193.37,286436.395,226989.30205000128,214.42755000000042,186.5634,195.7852380952374
1760367600,193.38,197.66,193.24,196.42,271906.522,228926.55155000128,214.27230000000043,186.7406,195.81428571428503
1760371200,196.42,200.4,196.23,200.04,546948.352,245184.86425000126,214.12945000000045,186.9014,195.92571428571358
1760374800,200.04,205.84,199.99,205.01,570738.521,260375.86590000126,213.9756000000004,187.05879999999996,195.86714285714217
1760378400,205,206.68,203.93,205.95,512782.44,275316.76290000125,213.79710000000043,187.3048,195.9899999999993
1760382000,205.94,208.75,205.58,207.1,284171.218,282083.0132500013,213.60535000000044,187.50979999999998,196.1895238095231
1760385600,207.1,208.76,206.81,208.55,153978.562,276354.5542500013,213.39565000000042,187.75300000000004,196.58047619047548
1760389200,208.55,208.95,207.69,207.97,149529.853,274106.5118000013,213.2038000000004,188.1004,197.07142857142787
1760392800,207.96,209.28,207.65,208.4,172406.754,271757.9965500013,212.9948500000004,188.5264,197.53190476190406
1760396400,208.41,209.21,207.27,208.69,135586.077,269686.05415000126,212.7940000000004,188.99220000000003,198.08190476190404
1760400000,208.69,211.25,208.06,209.31,296533.091,279257.6948000013,212.61830000000043,189.4734,198.5938095238088
1760403600,209.3,210.11,207.89,208.41,209323.109,283040.75220000127,212.47620000000043,189.99400000000003,199.02142857142786
1760407200,208.41,208.66,205.81,206.3,350683.718,291683.10755000135,212.34580000000045,190.602,199.6038095238088
1760410800,206.31,206.96,204.96,205.71,274354.806,291348.03560000134,212.21800000000042,191.25900000000001,200.294285714285
1760414400,205.72,205.95,201.07,202.07,296535.287,298329.73320000136,212.10420000000042,191.8942,200.87571428571357
1760418000,202.07,204.01,198.9,199.69,432647.481,312248.3128500013,211.98585000000043,192.53260000000003,201.4585714285707
1760421600,199.68,200.77,192,195.31,578281.33,332856.0276000013,211.8771500000004,193.1484,201.86857142857068
1760425200,195.32,197.23,193.42,194.47,367538.471,330043.8760000013,211.7699000000004,193.8084,202.11904761904688
1760428800,194.46,197.47,193.16,196.15,297307.366,333881.39470000134,211.66100000000043,194.44080000000002,202.18761904761828
1760432400,196.15,197.58,194.09,194.87,198426.689,319305.80210000137,211.55470000000045,194.987,202.10809523809448
1760436000,194.86,194.89,191.03,194.24,373855.169,323676.74080000137,211.44130000000044,195.43960000000004,202.0628571428564
1760439600,194.25,197.08,194.05,195.32,222909.85,321226.90720000135,211.33450000000045,195.74360000000004,202.2338095238088
1760443200,195.33,195.36,192.35,193.34,263618.796,307060.42940000136,211.20495000000042,196.00340000000003,202.3780952380945
1760446800,193.35,195.66,191.5,195.02,390447.476,298045.87715000135,211.05985000000044,196.27380000000002,202.2871428571421
1760450400,195.01,198.85,194.39,195.89,429400.872,293876.79875000136,210.89480000000043,196.52020000000005,202.37999999999926
1760454000,195.89,202.64,194.53,202.22,430056.403,301171.05800000136,210.72435000000044,196.7686,202.23333333333258
1760457600,202.23,206.48,200.03,202.53,564925.937,321718.4267500014,210.56160000000042,197.03420000000003,201.99428571428498
1760461200,202.52,204.68,199.28,201.76,414771.702,334980.5192000013,210.37885000000043,197.28600000000006,201.55999999999926
1760464800,201.77,204.22,200.52,201.55,186088.348,335664.5989000014,210.18820000000042,197.56720000000004,201.3823809523802
1760468400,201.56,203.79,197.05,198.54,380980.967,347934.3434000014,210.0036000000004,197.85100000000006,201.16476190476118
1760472000,198.54,200.61,198.17,200.6,126283.997,339421.8887000014,209.81695000000045,198.31180000000003,200.84142857142783
1760475600,200.61,201.53,198.31,201.23,94873.69,333699.4177500014,209.63045000000042,198.63660000000004,200.53571428571354
1760479200,201.24,202.17,200.3,201.44,76443.137,319987.3887000014,209.44015000000044,198.84720000000002,200.06619047618975
1760482800,201.44,203.42,201.44,202.44,92880.183,310913.6575500014,209.29445000000044,199.00200000000004,199.68095238095165
1760486400,202.45,204.05,201.22,203.98,180535.913,305113.6888500014,209.13855000000044,199.0808,199.29619047618976
1760490000,203.97,204.1,201.12,203.69,160610.509,291511.8402500014,208.97985000000045,199.21600000000007,198.96428571428498
1760493600,203.7,205.82,203.05,203.4,204292.717,272812.4096000014,208.82425000000043,199.32360000000006,198.78047619047544
1760497200,203.39,203.75,200.89,201.65,189074.802,263889.2261500014,208.65185000000042,199.41640000000004,198.69809523809448
1760500800,201.65,203.55,200.47,203.46,108434.77,254445.59635000135,208.4843500000004,199.5524,198.77523809523734
1760504400,203.47,204.84,202.81,204.43,138950.283,251471.77605000132,208.3166000000004,199.68340000000003,198.95190476190402
1760508000,204.44,205.45,201.95,204.64,242065.907,244882.31295000133,208.1571500000004,199.8172,199.2538095238088
1760511600,204.64,205.08,203.22,204.66,182076.283,242840.63460000133,207.9911500000004,199.94080000000002,199.681904761904
1760515200,204.65,208.91,204.46,206.14,372912.53,248305.32130000135,207.83255000000042,199.9854,200.07619047618977
1760518800,206.15,207.34,205.34,205.99,148009.712,236183.43310000136,207.66890000000043,200.1254,200.54142857142787
1760522400,205.99,206.33,203.48,203.9,185727.601,223999.76955000134,207.50190000000043,200.31780000000003,201.0376190476183
1760526000,203.89,204.83,202.04,202.6,167414.27,210867.66290000133,207.3334000000004,200.48660000000004,201.55285714285642
1760529600,202.59,203.69,201.66,203.06,154885.338,190365.63295000134,207.18270000000044,200.69860000000006,202.15523809523737
1760533200,203.05,204.32,198.04,201.16,492111.532,194232.62445000134,207.03370000000047,200.87940000000006,202.5780952380945
1760536800,201.17,204.87,198.37,199.5,510120.452,210434.22965000133,206.88380000000043,201.06300000000007,202.89761904761832
1760540400,199.5,200.32,196.18,197.13,379071.244,210338.74350000132,206.74535000000043,201.17600000000004,202.93761904761828
1760544000,197.14,198.73,196.83,197.38,203292.004,214189.14385000133,206.61345000000046,201.28840000000002,202.8723809523802
1760547600,197.38,198.16,195.17,198.15,295846.492,224237.78395000132,206.47980000000044,201.44120000000007,202.76476190476114
1760551200,198.15,198.29,196.3,198.04,124663.672,226648.81070000134,206.3319500000004,201.61320000000006,202.55428571428496
1760554800,198.04,198.08,194.18,194.81,236371.523,233823.37770000132,206.17520000000042,201.76640000000006,202.49904761904685
1760558400,194.81,196.62,192.24,194.2,301215.729,239857.36850000135,206.01625000000044,201.78600000000006,202.3823809523802
1760562000,194.19,195.28,192.04,192.88,195786.762,241616.1811500014,205.85445000000044,201.86620000000005,202.23047619047543
1760565600,192.89,194.6,192.6,193.33,121067.395,237454.91505000135,205.69975000000045,201.90080000000006,201.91476190476112
1760569200,193.33,194.83,193,193.84,74617.999,231732.07490000135,205.53035000000042,201.8608000000001,201.5223809523802
1760572800,193.84,194.6,193.17,193.92,97053.451,231163.0089500014,205.36720000000045,201.65680000000012,200.99380952380875
1760576400,193.91,195.44,193.81,195.12,105232.738,229477.13170000137,205.20620000000045,201.4218000000001,200.5004761904754
1760580000,195.12,196.19,194.24,195.49,110665.683,222907.12050000142,205.04210000000046,201.1374000000001,200.0452380952373
1760583600,195.5,196.06,193.43,193.63,112903.318,219448.47225000142,204.86395000000044,200.8330000000001,199.67714285714206
1760587200,193.64,194.6,192.3,192.45,148462.188,208225.9551500014,204.67755000000045,200.5504000000001,199.27999999999923
1760590800,192.46,194.4,191.38,192.46,186289.082,210139.9236500014,204.50230000000045,200.26080000000013,198.8542857142849
1760594400,192.46,195.6,192.42,195.2,131091.214,207408.10430000143,204.3425000000004,199.98940000000013,198.3299999999992
1760598000,195.21,195.36,192.33,192.93,187421.291,208408.45535000143,204.19275000000042,199.71300000000014,197.7485714285706
1760601600,192.93,193.46,191.88,192.45,137223.079,207525.34240000142,204.0403500000004,199.41740000000013,197.09714285714205
1760605200,192.45,194.69,186.37,193.89,584500.289,212144.7802500014,203.90245000000039,199.14040000000014,196.58333333333252
1760608800,193.89,196.68,193.58,195.75,246372.189,198957.3671000014,203.77275000000043,198.87540000000013,196.06095238095153
1760612400,195.76,197.16,194.5,196.81,179512.566,188979.43320000143,203.63245000000043,198.7380000000001,195.57761904761824
1760616000,196.82,198.05,196.01,197.02,179401.468,187784.9064000014,203.47725000000045,198.6028000000001,195.14095238095155
1760619600,197.01,198.42,195.18,195.78,167272.455,181356.2045500014,203.32385000000045,198.5456000000001,194.88333333333253
1760623200,195.78,196.57,191.44,194.02,418605.459,196053.2939000014,203.18740000000045,198.53400000000008,194.75523809523727
1760626800,194.03,194.32,186.56,187.61,483929.776,208431.2065500014,203.05220000000045,198.52600000000007,194.74999999999918
1760630400,187.61,192.28,186.36,192.27,444030.406,215571.94040000142,202.90950000000043,198.56480000000008,194.67380952380867
1760634000,192.28,192.33,188.85,189.62,235019.869,217533.5957500014,202.76875000000044,198.62040000000007,194.477142857142
1760637600,189.62,189.83,186.9,189.33,200903.695,221525.41075000144,202.63960000000043,198.62960000000007,193.98047619047537
1760641200,189.33,189.48,183.56,185.04,380606.774,236824.84950000147,202.53210000000044,198.64320000000006,193.85952380952298
1760644800,185.05,186.11,182.03,182.83,260221.467,244983.25030000144,202.4152000000004,198.49500000000006,193.64142857142775
1760648400,182.83,185.75,182.8,185.64,154017.743,247422.50055000145,202.2966000000004,198.4226000000001,193.47238095238012
1760652000,185.64,185.96,183.11,183.14,111283.732,247453.40300000142,202.1654000000004,198.1706000000001,193.07761904761824
1760655600,183.14,185.19,182.91,184.85,142620.731,248939.2736500014,201.99870000000044,197.9066000000001,192.55333333333252
1760659200,184.84,186.45,184.27,186.3,126176.434,247824.98595000143,201.85200000000043,197.5722000000001,192.1590476190468
1760662800,186.31,187.55,184.76,185.66,130646.751,245042.86940000142,201.69295000000042,197.19780000000006,191.5885714285706
1760666400,185.66,187.35,184.7,186.76,122160.374,244596.3274000014,201.52900000000042,196.9398000000001,191.08190476190393
1760670000,186.76,187.43,186.25,187.09,122170.864,241333.8060500014,201.3482000000004,196.59060000000008,190.73285714285632
1760673600,187.09,187.44,186.34,187.06,84799.223,238712.61325000142,201.1509000000004,196.2630000000001,190.409523809523
1760677200,187.06,187.46,185.44,185.69,211426.915,220058.94455000144,200.9718500000004,195.96020000000007,190.13809523809442
1760680800,185.69,186.48,179.89,180.38,511864.45,233333.55760000143,200.78715000000037,195.6246000000001,189.75190476190394
1760684400,180.38,180.81,177.34,177.75,543458.015,251530.83005000144,200.6054500000004,195.28020000000012,189.47238095238012
1760688000,177.75,178.96,175.41,175.55,537360.65,269428.7891500014,200.4191000000004,194.9482000000001,189.15047619047536
1760691600,175.55,180.44,175.33,176.79,294532.199,275791.77635000146,200.21280000000039,194.6214000000001,188.50714285714201
1760695200,176.78,177.94,174.06,177.4,432118.893,276467.44805000146,200.0032500000004,194.3022000000001,187.64999999999915
1760698800,177.4,182.7,177.22,181.45,485483.487,276545.13360000146,199.7920000000004,193.8406000000001,186.63761904761822
1760702400,181.44,182.62,179.94,180.04,198713.431,264279.28485000145,199.58880000000042,193.30700000000007,185.67428571428488
1760706000,180.04,182.13,177.95,180.65,422414.885,273649.03565000143,199.37480000000042,192.72520000000011,184.79904761904677
1760709600,180.65,181,176.25,178.39,343744.992,280791.1005000014,199.13365000000042,192.16780000000008,184.20047619047534
1760713200,178.39,182.82,178.02,182.72,264680.311,274994.7773500014,198.87730000000045,191.5930000000001,183.83999999999918
1760716800,182.71,185.03,181.63,182.34,415074.71,282737.4395000014,198.61335000000042,191.1022000000001,183.2866666666658
1760720400,182.34,184.55,182.12,183.75,138966.458,281984.8752500013,198.3550500000004,190.6250000000001,182.75190476190392
1760724000,183.75,185.41,183.22,183.45,131956.838,283018.53055000136,198.11985000000044,190.18600000000012,182.43714285714202
1760727600,183.45,184.18,181.42,181.98,162009.252,283987.95660000143,197.89615000000046,189.69260000000014,182.3085714285706
1760731200,181.98,184.03,181.47,183.68,83869.995,281872.6346500014,197.65900000000045,189.32380000000015,182.35238095238012
1760734800,183.67,186.04,183.46,185.4,160700.953,283375.3447500014,197.42325000000045,188.98060000000015,182.2480952380944
1760738400,185.4,185.94,183.18,183.96,95464.164,282040.53425000136,197.18245000000047,188.71300000000016,182.1928571428563
1760742000,183.96,183.97,181.77,181.96,83114.633,280087.7227000014,196.97355000000044,188.43440000000018,182.137142857142
1760745600,181.97,183.54,181.75,182.87,101139.798,280904.7514500014,196.78525000000045,188.11100000000016,182.09428571428487
1760749200,182.87,184.96,182.66,184.63,114230.965,276044.9539500014,196.59420000000046,187.8238000000002,182.0133333333325
1760752800,184.64,185.54,183.41,183.72,103491.387,255626.3008000014,196.40005000000045,187.63560000000015,181.78476190476107
1760756400,183.72,185.47,183.7,184.8,70212.262,231964.0131500014,196.19425000000047,187.43080000000018,181.58380952380867
1760760000,184.8,184.8,183.11,183.44,83658.203,209278.89080000142,195.98290000000046,187.21240000000017,181.46809523809438
1760763600,183.43,184.83,183.42,184.53,89552.056,199029.88365000143,195.79850000000044,187.00320000000013,181.37428571428487
1760767200,184.54,186.6,184.21,186.34,119319.663,183389.92215000142,195.61400000000046,186.81900000000016,181.58476190476102
1760770800,186.33,188.26,185.87,186.27,266260.606,172428.77810000142,195.42825000000047,186.61500000000018,181.85571428571342
1760774400,186.26,187.18,185.8,185.92,95996.389,167292.92600000143,195.2565000000005,186.40860000000015,182.28333333333245
1760778000,185.91,186.64,185.38,185.94,84064.78,150375.42075000142,195.08305000000047,186.16760000000016,182.73809523809436
1760781600,185.93,186.25,184.4,185.18,146999.112,140538.12675000142,194.91390000000047,185.9856000000002,183.16047619047532
1760785200,185.18,186.11,184.63,186.1,83890.552,131498.6388000014,194.74645000000046,185.86340000000018,183.37333333333248
1760788800,186.11,187.4,185.71,186.08,59352.342,113712.52040000143,194.56895000000048,185.73960000000017,183.65428571428484
1760792400,186.08,186.15,184.8,185.2,89301.945,111229.29475000143,194.39025000000046,185.5540000000002,183.86999999999912
1760796000,185.2,186.2,183.96,185.75,84421.368,108852.52125000142,194.21570000000048,185.41420000000016,184.237142857142
1760799600,185.76,185.97,184.61,185.03,47626.797,103133.3985000014,194.04240000000044,185.2688000000002,184.397142857142
1760803200,185.04,185.57,183.2,184.23,130771.512,105478.4743500014,193.86585000000042,185.1130000000002,184.53333333333245
1760806800,184.23,186.13,183.79,185.93,82367.773,101561.81535000142,193.69070000000045,184.91960000000017,184.62857142857055
1760810400,185.93,186.17,185.27,185.83,36235.76,98600.39515000141,193.51495000000043,184.6874000000002,184.70380952380864
1760814000,185.83,186.41,185.64,186.34,36948.94,96292.1105000014,193.33720000000042,184.4620000000002,184.81095238095153
1760817600,186.35,187.67,186.13,186.59,64606.46,94465.44360000141,193.16150000000044,184.24700000000018,184.91809523809437
1760821200,186.58,187.25,185.9,187.15,47438.367,91125.81370000141,192.97910000000044,184.05120000000022,184.93857142857055
1760824800,187.15,187.84,186.81,187.27,33084.992,87605.4939500014,192.81090000000043,184.01760000000021,185.05190476190387
1760828400,187.28,187.75,186.92,187.56,34869.066,85838.3341500014,192.6454500000004,183.8888000000002,185.27238095238008
1760832000,187.55,187.87,185.29,185.75,71495.609,85230.2044500014,192.46630000000044,183.8232000000002,185.4761904761896
1760835600,185.76,185.88,184.88,185.86,45838.077,83044.5055000014,192.30120000000045,183.76840000000018,185.60190476190388
1760839200,185.86,185.96,185.23,185.77,39467.282,79051.8864500014,192.12835000000047,183.81060000000016,185.78476190476104
1760842800,185.77,187.14,184.96,187.04,82231.347,69850.4235000014,191.95435000000046,183.89940000000016,185.82999999999916
1760846400,187.03,187.14,186.38,186.83,57556.399,67928.42400000141,191.77850000000046,183.93780000000012,185.94523809523724
1760850000,186.84,187.69,186.32,186.56,48960.476,66173.2088000014,191.5972000000005,183.99000000000015,186.00428571428486
1760853600,186.56,186.92,185.19,185.57,41285.457,60887.526050001405,191.43460000000047,184.01020000000014,186.0376190476182
1760857200,185.57,186.14,185.24,185.9,32002.055,58293.10120000141,191.31890000000047,183.99960000000013,186.06428571428484
1760860800,185.89,187.5,183.81,184.17,192827.686,64966.86840000141,191.19135000000045,184.02720000000016,186.09476190476101
1760864400,184.16,188.64,183.19,187.2,274956.355,74249.5889000014,191.07225000000045,184.02860000000015,186.07714285714198
1760868000,187.19,189.96,186.71,189.07,206976.556,80377.34830000141,190.96375000000046,184.01800000000017,186.1114285714277
1760871600,189.06,190.05,188.6,188.99,130114.116,84501.7142500014,190.87235000000044,183.98820000000018,186.01952380952292
1760875200,189,189.39,188.11,188.89,69475.224,81436.8998500014,190.82230000000044,183.9924000000002,186.07285714285624
1760878800,188.89,191,188.32,190.6,168619.925,85749.5074500014,190.78805000000048,184.0682000000002,186.257142857142
1760882400,190.6,191.7,189.79,191.55,201287.867,94002.1128000014,190.76625000000044,184.25720000000018,186.41142857142768
1760886000,191.55,191.68,190.23,190.78,111265.994,97717.9655000014,190.75360000000043,184.52760000000018,186.59523809523722
1760889600,190.77,191.61,189.97,190.87,102648.053,99620.0451500014,190.73420000000044,184.77160000000015,186.89857142857056
1760893200,190.88,192.29,189.73,190.03,135935.746,104044.9141000014,190.75470000000044,185.0014000000002,187.1661904761896
1760896800,190.03,190.38,189.18,189.94,99781.547,107379.74185000139,190.75705000000045,185.18440000000018,187.4019047619039
1760900400,189.93,189.95,188.33,188.88,78346.53,109553.61505000138,190.77775000000045,185.41460000000018,187.61761904761818
1760904000,188.88,189.89,188.64,189.67,45672.476,108262.45840000136,190.79155000000043,185.6172000000002,187.7814285714277
1760907600,189.67,189.83,188.37,189.29,76468.788,109793.99395000136,190.83215000000044,185.86680000000018,187.91428571428483
1760911200,189.3,190.16,188.92,189.83,64342.162,111037.73795000135,190.87360000000044,186.0130000000002,187.99095238095148
1760914800,189.83,189.83,186.83,187.86,106408.873,112246.61425000135,190.91375000000045,186.1650000000002,188.09142857142768
1760918400,187.86,187.86,183.82,185.62,185598.794,118648.73400000134,190.93530000000047,186.26760000000021,188.2599999999991
1760922000,185.62,186.34,184.97,185.65,87431.708,120572.29560000135,190.96285000000043,186.39200000000022,188.44904761904672
1760925600,185.65,187.33,183.94,186.89,164675.448,126741.79515000134,190.99270000000044,186.53820000000022,188.54857142857054
1760929200,186.89,191.75,185.9,191.21,305625.921,140422.98845000134,191.01785000000044,186.6612000000002,188.4809523809515
1760932800,191.21,192.47,190.6,192.17,163452.44,138954.22615000134,191.05060000000046,186.71040000000022,188.42476190476103
1760936400,192.18,193.4,191.62,193.01,152759.036,132844.36020000133,191.07575000000045,186.7436000000002,188.4404761904753
1760940000,193.01,194.42,192.78,193.94,135414.885,129266.27665000134,191.11155000000045,186.81740000000025,188.70904761904671
1760943600,193.93,194.5,192.76,193.02,112596.368,128390.38925000133,191.13230000000044,186.89780000000025,189.00761904761814
1760947200,193.02,194.18,191.96,193,119542.52,130893.75405000134,191.14710000000048,187.02940000000024,189.4285714285705
1760950800,193,193.63,192.56,193.2,93417.016,127133.60860000135,191.16015000000047,187.19840000000022,189.7495238095229
1760954400,193.19,193.75,191.41,191.62,104231.332,122280.78185000134,191.18200000000044,187.36260000000024,189.93761904761814
1760958000,191.62,192.29,191,192.2,94648.076,121449.88595000134,191.25020000000043,187.57260000000025,190.12857142857052
1760961600,192.21,192.77,191.68,192.76,57403.285,119187.64755000135,191.33330000000046,187.74240000000023,190.3338095238086
1760965200,192.77,192.99,191.6,192.41,94442.082,117112.96435000135,191.41370000000043,187.87560000000022,190.38238095238006
1760968800,192.42,192.61,190.77,191.4,167724.642,120510.11910000136,191.49645000000044,188.01420000000024,190.41333333333245
1760972400,191.4,192.33,190.44,190.5,120184.008,122601.99300000137,191.57345000000043,188.12820000000025,190.50761904761816
1760976000,190.51,190.51,186.71,187.54,390442.932,139840.5158000014,191.67195000000044,188.25340000000025,190.58095238095152
1760979600,187.53,188.55,185.56,187.66,177603.269,144897.23985000135,191.76750000000044,188.40500000000026,190.6461904761896
1760983200,187.66,188.53,187.19,188.2,78248.85,145592.57425000137,191.85180000000045,188.53120000000027,190.67285714285623
1760986800,188.2,189.44,187.53,188.83,80575.649,144300.91305000137,191.92750000000046,188.63760000000025,190.60904761904672
1760990400,188.83,190.51,188.26,190.51,85201.666,139281.05665000138,191.99075000000047,188.74360000000027,190.51333333333244
1760994000,190.51,191.18,188.79,188.99,78426.49,138830.7957500014,192.04540000000048,188.77940000000024,190.4614285714277
1760997600,188.99,190.88,188.78,190.74,63684.272,133781.2369500014,192.08925000000048,188.83200000000025,190.41380952380862
1761001200,190.74,190.84,189.48,189.71,64670.81,121733.48140000137,192.12900000000045,188.91140000000024,190.5399999999991
1761004800,189.71,190.21,188.7,189,87126.802,117917.19950000138,192.15760000000049,188.96940000000023,190.70047619047529
1761008400,189,189.24,186.21,186.72,203591.172,120458.80630000138,192.1857000000005,189.06300000000024,190.94285714285624
1761012000,186.72,186.9,185.52,186.03,203697.184,123872.92125000137,192.22295000000048,189.11600000000024,191.07714285714195
1761015600,186.04,186.6,185.31,185.57,75291.273,122007.66650000137,192.2623000000005,189.19900000000024,190.97190476190386
1761019200,185.57,185.63,183.2,183.75,287851.232,130423.10210000137,192.30635000000052,189.25020000000023,190.71238095238007
1761022800,183.75,184.36,182.72,183.85,154340.825,133469.29255000138,192.35540000000051,189.28480000000022,190.37999999999911
1761026400,183.85,185.06,183.17,184.48,90979.985,132806.72520000138,192.3776500000005,189.2680000000002,189.9814285714277
1761030000,184.47,185.23,183.73,185.03,84427.545,132295.69865000137,192.37005000000048,189.27360000000022,189.5399999999991
1761033600,185.04,185.04,183.77,184.29,87368.034,133793.9361000014,192.3460000000005,189.26780000000025,189.10428571428486
1761037200,184.28,184.52,183.77,184.37,54517.243,131797.69415000136,192.30660000000046,189.2274000000002,188.68904761904673
1761040800,184.37,186.75,184.2,185.92,102342.865,128528.60530000138,192.26755000000048,189.16360000000023,188.37523809523722
1761044400,185.91,186.51,185.06,186.29,59515.622,125495.18600000138,192.21615000000045,189.1166000000002,187.99857142857056
1761048000,186.28,187.76,185.92,186.48,120184.674,111982.27310000139,192.15090000000046,189.0860000000002,187.59904761904676
1761051600,186.49,187,183.94,185.09,174885.53,111846.38615000139,192.09195000000048,189.06040000000021,187.28999999999914
1761055200,185.1,192.82,184.98,192.75,410498.693,128458.87830000138,192.02720000000048,189.02980000000025,187.0466666666658
1761058800,192.76,197.15,191.93,196.22,563617.626,152610.9771500014,191.96735000000047,189.06480000000022,186.85523809523724
1761062400,196.22,197.71,192.11,192.6,501327.314,173417.25955000138,191.90270000000046,189.0466000000002,186.73857142857054
1761066000,192.59,195.45,192.11,194.82,350409.809,187016.42550000135,191.8274500000005,188.99480000000023,186.98095238095152
1761069600,194.81,195.44,193.51,194.14,138556.498,190760.03680000137,191.7747500000005,188.91680000000022,187.36285714285626
1761073200,194.14,194.55,193.07,193.96,94757.323,192264.36245000135,191.7321500000005,188.99400000000023,187.54238095238006
1761076800,193.97,194.22,190.71,191.4,189546.429,197385.34380000137,191.6835500000005,189.10640000000024,187.74761904761814
1761080400,191.4,191.75,188,191.29,252461.934,199828.88190000138,191.63870000000054,189.12740000000022,187.99285714285625
1761084000,191.29,191.49,187.79,188.56,163374.803,197812.76285000137,191.61695000000054,189.20820000000026,188.1461904761896
1761087600,188.56,188.94,185.11,185.63,200412.206,204068.80950000137,191.61400000000052,189.27360000000027,188.22666666666578
1761091200,185.62,186.59,184.14,185.67,196944.068,199523.45130000138,191.58575000000056,189.35220000000027,188.33571428571338
1761094800,185.68,187.2,185.61,187,126329.104,198122.86525000137,191.57495000000054,189.3814000000003,188.42333333333244
1761098400,187,187.45,185.84,185.9,118434.508,199495.59140000137,191.5685500000005,189.42960000000028,188.4042857142848
1761102000,185.9,185.96,184.5,185.24,114946.265,201021.52740000136,191.5755500000005,189.4074000000003,188.40904761904673
1761105600,185.23,186.31,185.06,185.89,100187.179,201662.48465000137,191.5733500000005,189.33420000000032,188.56380952380863
1761109200,185.88,185.95,183.28,184.58,209282.458,209400.74540000138,191.54905000000045,189.2510000000003,188.66142857142768
1761112800,184.57,184.91,183.88,184.09,94005.432,208983.87375000137,191.52500000000046,189.23380000000026,188.69761904761816
1761116400,184.09,185.15,183.42,185.01,86908.52,210353.51865000138,191.47105000000047,189.23940000000027,188.73857142857054
1761120000,185.01,185.2,184.24,184.71,64994.7,207594.01995000138,191.39920000000046,189.2312000000003,188.75238095238007
1761123600,184.71,184.94,183.36,184.04,89622.218,203330.85435000138,191.30915000000044,189.21120000000028,188.73904761904672
1761127200,184.05,184.5,183.22,183.55,61996.835,185905.7614500014,191.20890000000043,189.0786000000003,188.6957142857134
1761130800,183.56,185.98,181.92,185.05,250771.166,170263.43845000138,191.09960000000044,188.9170000000003,188.6204761904753
1761134400,185.05,186.91,184.41,185.8,118766.263,151135.3859000014,190.98630000000045,188.7570000000003,188.50428571428483
1761138000,185.81,186.88,184.15,186.53,187092.768,142969.5338500014,190.86935000000045,188.5724000000003,188.4309523809515
1761141600,186.53,186.65,181.28,185.5,424647.624,157274.0901500014,190.74780000000047,188.3928000000003,188.06428571428484
1761145200,185.5,186.04,182.32,183.98,235282.016,164300.3248000014,190.62940000000046,188.2038000000003,187.56809523809437
1761148800,183.99,184.96,182.5,183.62,228160.417,166231.02420000138,190.50640000000047,188.0408000000003,187.27904761904674
1761152400,183.63,184.23,181.34,181.68,160935.936,161654.72430000137,190.3845500000005,187.9244000000003,186.8352380952372
1761156000,181.68,182.34,180.18,180.91,197694.626,163370.7154500014,190.27080000000046,187.81100000000032,186.35142857142768
1761159600,180.9,182.56,177.07,180.2,275713.589,167135.7846000014,190.16750000000047,187.6658000000003,185.85904761904675
1761163200,180.21,180.78,179.11,180.18,140329.318,164305.04710000142,190.08615000000046,187.49720000000033,185.39619047618962
1761166800,180.17,180.26,177.04,178.39,269031.798,171440.18180000142,190.02035000000046,187.3416000000003,184.9019047619039
1761170400,178.38,179.57,177.79,178.88,121015.107,171569.2117500014,189.9713000000005,187.16520000000034,184.50380952380866
1761174000,178.88,180.49,178.78,180.12,103912.8,171017.5385000014,189.9188500000005,187.03260000000034,184.24428571428484
1761177600,180.13,181.14,179.68,181.01,89259.871,170471.17310000138,189.8562000000005,186.88340000000036,183.8976190476182
1761181200,181.02,182.05,180.58,181.78,105749.162,165294.50830000138,189.7902500000005,186.72300000000035,183.51095238095152
1761184800,181.79,182.47,181.41,182.27,52073.07,163197.89020000136,189.72360000000043,186.51420000000036,183.2357142857134
1761188400,182.27,183.4,182.14,182.86,86139.623,163159.4453500014,189.64800000000048,186.28160000000037,183.03428571428483
1761192000,182.87,184.28,182.7,184.02,72710.473,163545.2340000014,189.58220000000046,186.1042000000004,182.83857142857056
1761195600,184.02,184.84,183.79,184.84,78646.255,162996.43585000138,189.49905000000047,185.90960000000035,182.72857142857058
1761199200,184.83,187.6,184.54,187.43,211961.847,170494.68645000138,189.41400000000044,185.75100000000037,182.66999999999913
1761202800,187.44,188,186.17,187.48,146827.634,165297.50985000137,189.3035000000004,185.61640000000037,182.6228571428563
1761206400,187.48,188.71,187.48,187.97,159517.029,167335.04815000138,189.19590000000045,185.5392000000004,182.62904761904676
1761210000,187.97,188.88,187.48,188.39,133318.493,164646.3344000014,189.09600000000046,185.49900000000036,182.79047619047535
1761213600,188.39,189.34,188.22,188.25,124755.026,149651.7045000014,188.99960000000044,185.48440000000036,182.9776190476182
1761217200,188.25,189.49,187.51,187.98,172699.217,146522.5645500014,188.92120000000043,185.55800000000036,183.1166666666658
1761220800,187.98,189.39,186.6,189.32,191031.409,144666.1141500014,188.83830000000043,185.63060000000033,183.23999999999913
1761224400,189.32,192.62,188.4,190.37,400212.876,156629.9611500014,188.75635000000042,185.70040000000034,183.3219047619039
1761228000,190.37,191.29,188.13,189.77,231092.394,158299.84955000138,188.68630000000041,185.76760000000036,183.43999999999912
1761231600,189.78,191.87,189.43,191.04,262182.11,157623.2756000014,188.6115000000004,185.84680000000034,183.69428571428483
1761235200,191.04,192.43,190.42,191.95,145498.709,157881.74515000137,188.53145000000043,185.91900000000035,184.01571428571341
1761238800,191.95,193.45,190.1,192.5,232036.472,156031.97885000138,188.45495000000042,185.98700000000034,184.4009523809515
1761242400,192.49,192.87,190.84,191.53,106132.195,155287.83325000136,188.37920000000042,186.06860000000034,184.88333333333244
1761246000,191.52,191.87,190.55,191.15,82540.21,154219.20375000138,188.3108500000004,186.1344000000003,185.44285714285627
1761249600,191.14,191.29,188.31,188.8,186406.169,159076.51865000138,188.24015000000045,186.25340000000034,186.02952380952294
1761253200,188.8,189.46,188.51,188.8,87481.954,158163.15825000138,188.16985000000048,186.23740000000032,186.65523809523725
1761256800,188.79,190.58,188.65,190.43,79837.543,159551.38190000138,188.09550000000047,186.16300000000032,187.23952380952292
1761260400,190.42,191.51,190.41,191.35,63849.374,158436.86945000137,188.02740000000045,186.14160000000035,187.65285714285628
1761264000,191.36,193.85,190.95,192.53,168737.858,163238.23870000136,187.95645000000047,186.06820000000033,188.02380952380867
1761267600,192.54,193.39,192.15,192.96,87334.847,163672.66830000136,187.8890000000005,185.9614000000003,188.43571428571343
1761271200,192.95,193.07,191.4,192.21,94748.526,157812.00225000136,187.82715000000047,185.85820000000032,188.86809523809438
1761274800,192.22,192.36,190.85,191.31,70144.932,153977.86715000137,187.7699000000005,185.83880000000033,189.32857142857057
1761278400,191.31,194.6,190.82,193.49,220310.864,157017.55890000137,187.69860000000045,185.84000000000037,189.75428571428486
1761282000,193.49,193.9,192.92,193.3,99036.203,155303.44440000138,187.63680000000048,185.91940000000034,190.10523809523724
1761285600,193.3,193.68,192.6,193.29,71873.041,152659.3451500014,187.59145000000046,186.06600000000034,190.2899999999991
1761289200,193.3,193.43,191.5,192.15,113403.86,149694.57730000137,187.56255000000047,186.19680000000034,190.5761904761896
1761292800,192.15,193.45,191.7,192.97,81875.785,144236.79610000137,187.5383000000005,186.28300000000033,190.82999999999913
1761296400,192.96,193.39,191.88,192.11,78615.47,128156.9258000014,187.51235000000048,186.43480000000034,191.06333333333245
1761300000,192.11,192.16,191.44,191.78,84266.672,120815.63970000138,187.48320000000047,186.59600000000032,191.24904761904676
1761303600,191.78,192.2,190.58,192.13,76522.11,111532.63970000138,187.46570000000048,186.7440000000003,191.48666666666583
1761307200,192.13,197,192.13,193.66,471792.92,127847.35025000139,187.46215000000046,186.8954000000003,191.61952380952295
1761310800,193.67,194.28,190.84,192.47,250483.819,128769.7176000014,187.46425000000048,187.0730000000003,191.68666666666581
1761314400,192.46,192.46,189.49,190.18,253438.512,136135.0334500014,187.46405000000047,187.2150000000003,191.79904761904677
1761318000,190.19,190.89,188.83,189.45,360069.167,150011.4813000014,187.4556000000005,187.3564000000003,191.92380952380867
1761321600,189.45,190.7,188.83,190.65,234310.607,152406.70320000142,187.45085000000046,187.5182000000003,191.94857142857057
1761325200,190.65,191.75,190.42,191.16,105540.506,153309.6308000014,187.43580000000046,187.7204000000003,191.8380952380944
1761328800,191.17,191.92,191.02,191.84,78700.986,153252.8029500014,187.4172500000005,187.8688000000003,191.73904761904677
1761332400,191.83,193.64,191.83,193.09,126780.766,156399.37255000143,187.40975000000049,187.9564000000003,191.71523809523725
1761336000,193.1,194.14,192.84,193.6,73854.852,151655.22225000142,187.4158000000005,188.0148000000003,191.8276190476182
1761339600,193.61,194,193.26,193.78,52550.305,149915.99515000143,187.4158500000005,188.11780000000027,191.9723809523801
1761343200,193.78,194.14,193.2,193.79,53008.761,147829.0069000014,187.39075000000048,188.2614000000003,192.09904761904676
1761346800,193.78,193.78,193.12,193.59,49361.257,146789.8231500014,187.37335000000047,188.42580000000032,192.20619047618962
1761350400,193.58,193.64,192.45,192.98,73252.971,139436.9285000014,187.36435000000046,188.6540000000003,192.26571428571341
1761354000,192.99,194.49,192.86,193.76,82573.498,138613.7932500014,187.35070000000047,188.9078000000003,192.30523809523723
1761357600,193.76,194.16,193.33,193.85,63962.417,138218.2620500014,187.33115000000046,189.17940000000027,192.3709523809515
1761361200,193.85,194,193.3,193.47,54941.006,135295.1193500014,187.31255000000044,189.45160000000024,192.4504761904753
1761364800,193.48,194.48,193.44,194.21,70171.208,134709.8905000014,187.29545000000044,189.75560000000027,192.46333333333246
1761368400,194.22,194.75,193.5,194.47,59835.684,133770.9012000014,187.28545000000045,190.03760000000028,192.48952380952295
1761372000,194.48,194.75,194.01,194.05,70136.105,133064.37285000138,187.28430000000048,190.3104000000003,192.49809523809438
1761375600,194.06,194.91,193.83,193.96,64692.243,132472.87950000138,187.31420000000045,190.5672000000003,192.5961904761896
1761379200,193.97,195.25,193.89,194.86,75182.975,112642.38225000139,187.31775000000044,190.80100000000027,192.6676190476182
1761382800,194.86,194.9,192.36,192.58,108051.883,105520.78545000141,187.33845000000045,191.0398000000003,192.75999999999914
1761386400,192.58,192.75,191.19,192,116483.161,98673.0179000014,187.36105000000043,191.2720000000003,192.86380952380864
1761390000,191.99,192.91,191.72,192.71,74902.961,84414.70760000139,187.40320000000042,191.4726000000003,192.99380952380866
1761393600,192.7,194.22,192.6,193.91,65599.924,75979.1734500014,187.4601000000004,191.65500000000029,192.94238095238012
1761397200,193.92,193.95,192.5,192.9,66139.143,74009.10530000139,187.50425000000044,191.8036000000003,192.91999999999916
1761400800,192.9,192.9,191.99,192.61,61643.652,73156.2386000014,187.55880000000042,191.9056000000003,193.04047619047535
1761404400,192.6,192.61,191.8,191.89,83480.778,70991.23920000138,187.6043500000004,191.98620000000028,193.2528571428563
1761408000,191.88,192.11,191.42,191.93,64949.837,70545.98845000139,187.64715000000044,192.0726000000003,193.35999999999913
1761411600,191.93,192.49,191.82,192.38,24731.198,69155.0331000014,187.68175000000042,192.18580000000028,193.42904761904677
1761415200,192.37,194.36,192.3,194.26,115776.986,72293.4443500014,187.70795000000047,192.28420000000028,193.43142857142772
1761418800,194.26,194.65,193.93,194.53,64277.258,73039.2444000014,187.73605000000043,192.35000000000028,193.3761904761896
1761422400,194.53,194.91,193.76,194.16,64004.527,72576.8222000014,187.77030000000047,192.3804000000003,193.31809523809437
1761426000,194.16,194.79,193.83,194.38,47561.199,70826.2072500014,187.80635000000046,192.42360000000033,193.34095238095153
1761429600,194.39,194.72,193.93,194.51,27183.254,68987.24910000141,187.86750000000046,192.4504000000003,193.3761904761896
1761433200,194.51,194.74,193.83,193.84,27305.07,67605.45230000142,187.93820000000048,192.49660000000029,193.40333333333248
1761436800,193.84,194.36,193.13,193.3,48077.203,66500.7520500014,188.02010000000047,192.5372000000003,193.46999999999912
1761440400,193.29,193.73,192.31,192.84,54553.677,66236.65170000141,188.09805000000043,192.58980000000028,193.50571428571342
1761444000,192.84,193.13,191.9,192.28,69538.244,66206.7586500014,188.18235000000044,192.65440000000027,193.50523809523725
1761447600,192.27,193.07,192.02,192.97,41269.499,65035.62145000141,188.24775000000045,192.7686000000003,193.497142857142
1761451200,192.98,193.5,192.81,192.9,36323.756,63092.66050000141,188.31835000000046,192.86940000000033,193.4319047619039
1761454800,192.89,193.78,192.73,193.64,34604.625,59420.29760000141,188.38700000000046,192.9268000000003,193.32761904761819
1761458400,193.64,194.18,193.51,194.07,46319.62,55912.12055000141,188.46760000000043,192.9566000000003,193.27619047618958
1761462000,194.07,194.31,193.85,193.86,40193.908,54176.66790000141,188.52320000000043,192.9516000000003,193.22571428571342
1761465600,193.85,194.43,193.73,194.35,43622.154,53077.77940000141,188.57800000000046,192.95180000000033,193.16761904761816
1761469200,194.34,196.43,193.95,195.96,196982.103,59619.927400001405,188.62345000000045,192.96560000000034,193.23857142857054
1761472800,195.96,196.11,194.6,194.8,129534.711,63014.4803500014,188.6676000000005,193.0122000000003,193.32714285714198
1761476400,194.81,197.9,194.34,197.75,234629.1,70571.89645000141,188.7225500000005,193.0238000000003,193.40523809523722
1761480000,197.74,198.4,196.91,198.01,206222.269,77635.51805000141,188.76865000000046,193.03500000000034,193.50285714285624
1761483600,198.01,199.66,197.53,199.07,178280.271,85312.9717000014,188.80985000000044,193.05620000000033,193.59333333333248
1761487200,199.07,199.96,198.69,198.86,157954.867,87421.86575000141,188.86040000000045,193.13240000000033,193.83809523809435
1761490800,198.86,199.78,198.56,199.53,99510.089,89183.50730000141,188.91990000000044,193.1690000000003,194.12952380952294
1761494400,199.53,199.55,198.18,198.74,116303.505,91798.45620000141,188.97730000000044,193.2818000000003,194.46952380952294
1761498000,198.74,199.25,198.44,198.93,49300.097,91885.40110000141,189.0339500000005,193.40640000000027,194.77809523809435
1761501600,198.93,199.67,198.9,199.12,56339.225,93343.19965000142,189.08935000000045,193.5452000000003,195.02904761904674
1761505200,199.12,199.13,198.51,198.87,33240.145,93639.95340000142,189.15410000000048,193.64920000000032,195.22952380952293
1761508800,198.87,198.87,197.37,197.45,105397.092,96505.94785000142,189.22695000000047,193.7904000000003,195.4566666666658
1761512400,197.44,198.47,196.86,198.46,69790.709,97267.79945000142,189.29965000000047,193.96160000000032,195.68238095238007
1761516000,198.47,202.43,198.47,200.2,385336.574,113057.71595000142,189.36225000000047,194.15120000000033,195.88999999999916
1761519600,200.2,200.99,199.7,200.03,144426.687,118215.57535000143,189.42855000000046,194.32060000000035,196.06190476190392
1761523200,200.03,203.51,199.48,203.25,239762.989,128387.53700000144,189.49265000000048,194.47480000000033,196.30761904761823
1761526800,203.24,205.05,202.81,204.37,185582.877,135936.44960000142,189.55760000000046,194.58700000000033,196.6580952380944
1761530400,204.37,205.08,203.32,203.97,148001.872,141020.5622000014,189.62730000000047,194.69440000000034,197.02714285714202
1761534000,203.96,204.61,203.29,204.33,106659.063,144343.81995000143,189.69115000000045,194.82640000000035,197.51666666666583
1761537600,204.33,204.61,202.93,204.01,181888.475,151257.13600000142,189.74800000000047,194.95140000000032,198.0628571428563
1761541200,204,205.33,203.91,204.32,154704.808,149143.27125000145,189.8143000000005,195.14060000000035,198.55476190476105
1761544800,204.32,204.94,203.52,204.75,136558.837,149494.4775500014,189.8865500000005,195.3562000000003,199.0433333333325
1761548400,204.76,205.21,202.26,202.51,143293.889,144927.7170000014,189.9615500000005,195.5760000000003,199.52666666666588
1761552000,202.5,202.54,199.91,200.47,215261.943,145379.7007000014,190.05665000000047,195.78740000000033,200.00142857142774
1761555600,200.46,200.52,198.02,199.96,308627.72,151897.0731500014,190.1488500000005,195.99060000000034,200.41999999999916
1761559200,199.96,200.77,199.64,200.43,93897.929,148694.2262500014,190.2395500000005,196.20760000000035,200.78714285714202
1761562800,200.43,200.95,198.84,200.18,137156.667,150576.5551500014,190.32950000000048,196.41840000000033,200.91666666666583
1761566400,200.18,200.28,199,199.51,88847.851,149203.7724500014,190.41660000000047,196.57920000000036,201.009523809523
1761570000,199.5,200.58,198.45,200.33,117363.999,152606.9675500014,190.5024500000005,196.70760000000035,201.0742857142849
1761573600,200.34,200.52,198.3,199.11,151743.427,157377.1776500014,190.58985000000052,196.82760000000036,201.13714285714204
1761577200,199.11,200.49,198.94,200.11,109199.348,161175.1378000014,190.6646000000005,196.9390000000004,201.13619047618963
1761580800,200.11,203.11,200.02,202.47,200794.14,165944.9902000014,190.73820000000046,197.09100000000038,201.21190476190392
1761584400,202.46,203.25,201.69,202.28,125930.564,168751.9829500014,190.8087000000005,197.2412000000004,201.22047619047538
1761588000,202.27,203.22,201.23,201.65,128764.003,155923.3544000014,190.8820000000005,197.39360000000036,201.2676190476182
1761591600,201.66,201.74,199.82,200.03,135323.918,155468.2159500014,190.94770000000048,197.49760000000035,201.43904761904682
1761595200,200.03,200.23,198.66,198.73,123437.037,149651.9183500014,191.0111000000005,197.64180000000036,201.6690476190468
1761598800,198.72,199.56,197.71,198.73,98690.087,145307.2788500014,191.0799500000005,197.83900000000034,201.82095238095155
1761602400,198.73,199.43,198.05,198.3,80960.085,141955.1895000014,191.14765000000045,198.04680000000033,201.8128571428563
1761606000,198.31,198.96,197.34,198.7,103157.859,141780.1293000014,191.2187000000005,198.24120000000036,201.75095238095153
1761609600,198.71,200.38,198.41,199.68,100381.993,137704.8052000014,191.31020000000052,198.39420000000038,201.53571428571342
1761613200,199.69,202.05,199.68,201.36,107306.344,135334.88200000138,191.3856000000005,198.48360000000037,201.24666666666582
1761616800,201.36,201.9,199.47,200.75,150669.429,136040.4116000014,191.4485000000005,198.5676000000004,200.9957142857134
1761620400,200.75,201.93,199.83,201.27,99832.37,133867.3356500014,191.5037000000005,198.65040000000036,200.77428571428487
1761624000,201.27,202.16,200.42,201.12,80946.363,127151.5566500014,191.55290000000048,198.73680000000036,200.6480952380944
1761627600,201.12,201.47,198.62,198.71,134617.142,118451.02775000138,191.5935500000005,198.84020000000038,200.47809523809437
1761631200,198.72,200.94,198.71,200.9,84931.227,118002.69265000138,191.6273000000005,198.99060000000037,200.3123809523801
1761634800,200.9,203,200.69,202.35,193853.356,120837.52710000139,191.6669000000005,199.13960000000034,200.2461904761896
1761638400,202.36,203.99,201.94,203.42,145439.589,123667.11400000141,191.71095000000048,199.30820000000037,200.16238095238012
1761642000,203.42,203.79,201.47,201.97,116840.246,123640.9263500014,191.7676000000005,199.48500000000035,200.207142857142
1761645600,201.96,202.03,199.86,200.31,141202.834,123113.8967000014,191.8216500000005,199.59980000000036,200.2985714285706
1761649200,200.31,200.65,199.14,199.73,118322.836,123570.07110000141,191.88360000000048,199.75980000000035,200.4528571428563
1761652800,199.73,200.39,198.24,200.21,196883.734,123374.55080000141,191.9408500000005,199.93400000000034,200.56999999999914
1761656400,200.22,203.03,200.14,202.73,235079.297,128831.98745000141,191.9879500000005,200.12100000000035,200.56904761904676
1761660000,202.74,202.93,196.58,199.54,493609.169,147074.2457500014,192.0433000000005,200.28320000000033,200.59857142857058
1761663600,199.55,200.7,198.35,198.85,212988,150957.4498500014,192.11575000000047,200.4024000000003,200.60333333333247
1761667200,198.86,200.67,197.94,199.82,165875.106,153079.3533000014,192.20475000000044,200.47780000000031,200.61571428571344
1761670800,199.83,200.89,199.64,200.85,100594.746,153174.5862500014,192.28635000000045,200.58600000000033,200.48523809523726
1761674400,200.86,201.28,198.9,199.69,102601.649,154256.6644500014,192.3534500000005,200.6856000000003,200.3519047619039
1761678000,199.7,200.14,194.48,195.35,338715.428,166034.5429000014,192.39605000000046,200.71620000000027,200.34190476190392
1761681600,195.34,195.36,192.07,192.48,443397.439,183185.3152000014,192.43625000000048,200.7118000000003,200.44285714285633
1761685200,192.48,194.46,190.22,193.83,303551.545,192997.57525000142,192.4848500000005,200.7310000000003,200.48857142857062
1761688800,193.83,195.16,193.33,194.93,170696.937,193998.9506500014,192.5128500000005,200.7574000000003,200.3480952380944
1761692400,194.92,194.93,193.75,194.15,90833.182,193548.99125000142,192.5420000000005,200.7764000000003,200.05190476190396
1761696000,194.16,195.09,193.33,193.81,89289.774,193966.16180000143,192.5761000000005,200.70480000000032,199.7733333333325
1761699600,193.81,195.02,192.68,194.12,135809.301,194025.76975000143,192.6143500000005,200.5720000000003,199.46714285714205
1761703200,194.13,194.85,193.98,194.68,75164.918,193537.45430000144,192.65470000000047,200.47120000000032,199.15285714285633
1761706800,194.68,194.69,193.2,193.89,109489.261,189319.2495500014,192.6704500000005,200.4208000000003,198.7976190476182
1761710400,193.9,194.76,193.75,194.57,56775.722,184886.05620000142,192.6690500000005,200.33460000000036,198.4642857142849
1761714000,194.57,195.81,194.43,195.16,52305.191,181659.30345000143,192.6761500000005,200.20680000000033,198.27238095238013
1761717600,195.15,195.75,194.75,195.57,49525.52,177075.43775000144,192.6938000000005,200.08860000000033,197.9385714285706
1761721200,195.58,196.07,195.12,195.65,58861.698,174102.3808500014,192.7120500000005,199.91720000000035,197.56809523809443
1761724800,195.65,195.73,194.02,194.5,122582.734,170387.33085000142,192.74340000000046,199.70760000000035,197.17476190476108
1761728400,194.5,194.74,193.78,194.21,80473.678,162657.04990000144,192.77570000000048,199.51960000000037,196.8699999999992
1761732000,194.2,197.07,193.95,196.25,150072.577,145480.22030000144,192.80810000000048,199.33620000000036,196.64809523809444
1761735600,196.26,199.37,196.04,198.74,263315.327,147996.58665000144,192.83340000000047,199.16740000000036,196.3990476190468
1761739200,198.74,199.88,198.15,199.87,106477.368,145026.69975000143,192.85370000000046,198.99400000000037,196.11333333333252
1761742800,199.87,201.7,199.15,200.75,379446.092,158969.26705000145,192.8845500000005,198.78900000000033,195.8047619047611
1761746400,200.75,201,198.7,200.03,210767.244,164377.54680000144,192.9087000000005,198.62300000000033,195.76666666666586
1761750000,200.04,200.68,196.37,196.78,247353.119,159809.43135000143,192.93840000000048,198.53860000000034,195.8152380952373
1761753600,196.78,196.88,194.72,195.35,237358.627,149507.49075000145,192.9659000000005,198.51420000000036,195.85952380952304
1761757200,195.35,198.77,194.87,198.5,180684.96,143364.16150000144,193.00335000000047,198.50300000000036,195.8204761904754
1761760800,198.51,198.56,189.37,193.54,1071754.971,188417.06320000143,193.05445000000046,198.51440000000036,195.68190476190398
1761764400,193.55,195.29,191.36,192.76,413211.31,204535.96960000144,193.12030000000047,198.52480000000037,195.68190476190398
1761768000,192.75,196.26,191.92,195.56,196004.597,209871.71075000142,193.20090000000047,198.45380000000034,195.96857142857067
1761771600,195.56,197.06,195.08,196.03,116860.042,208924.24780000144,193.28540000000052,198.37860000000038,195.95476190476109
1761775200,196.04,196.41,195.24,195.37,78841.619,209108.08285000143,193.3631500000005,198.34640000000036,195.8514285714278
1761778800,195.37,195.56,192.98,193.88,138462.179,210556.72875000146,193.4219000000005,198.16780000000034,195.91857142857066
1761782400,193.89,194.72,192.12,194.67,108362.705,213136.07790000146,193.4772000000005,197.9774000000004,196.0242857142849
1761786000,194.66,196.01,193.47,195.51,87317.158,214886.67625000147,193.54785000000047,197.85560000000038,196.08380952380872
1761789600,195.52,198.19,195.24,198.17,135461.768,219183.4886500015,193.58595000000048,197.77560000000037,196.04571428571347
1761793200,198.18,198.19,196.6,197.1,107704.429,221625.62520000152,193.6183000000005,197.70840000000035,196.08285714285634
1761796800,197.09,197.18,190.35,191.81,515476.139,241270.29545000155,193.6637000000005,197.61140000000034,196.12761904761823
1761800400,191.81,195.66,191.43,195.15,209800.387,247736.63090000153,193.7184000000005,197.53880000000038,196.27095238095154
1761804000,195.15,195.45,193.33,194.18,179575.544,249211.77925000153,193.7315000000005,197.4750000000004,196.34380952380872
1761807600,194.18,196.19,193.92,195.8,148024.775,243447.25165000156,193.7198000000005,197.44480000000038,196.16095238095156
1761811200,195.79,196.11,194.6,195.39,122444.7,244245.6182500016,193.7301500000005,197.3596000000004,196.1919047619039
1761814800,195.38,195.46,192.32,192.39,144242.314,232485.4293500016,193.7336000000005,197.18080000000037,196.19047619047538
1761818400,192.39,192.48,191.01,192.19,169057.912,230399.96275000164,193.7537500000005,197.05840000000038,196.1690476190468
1761822000,192.19,192.65,191.27,191.85,98149.371,222939.77535000164,193.76945000000046,196.9196000000004,196.009523809523
1761825600,191.85,192.06,186.36,187.85,571434.681,239643.5780500016,193.7715000000005,196.8614000000004,195.6533333333325
1761829200,187.85,188.69,184.91,185.74,401711.187,250694.88940000162,193.7908000000005,196.75120000000038,195.24571428571346
1761832800,185.74,187.86,185.66,187.28,204645.677,207339.42470000163,193.8189000000005,196.55200000000036,194.85619047618965
1761836400,187.27,187.64,184.49,185.02,177191.653,195538.44185000163,193.86975000000052,196.32740000000038,194.43095238095157
1761840000,185.01,186.35,183.96,185.31,177003.305,194588.37725000162,193.91835000000054,196.1250000000004,193.9733333333325
1761843600,185.31,185.34,181.42,183.8,246436.443,201067.19730000163,193.94530000000054,195.87580000000037,193.4390476190468
1761847200,183.8,183.94,180.82,181.31,171187.336,205684.48315000164,193.9767500000005,195.59600000000037,193.0333333333325
1761850800,181.3,181.9,178.65,179.06,342175.703,215870.15935000163,194.0098000000005,195.33740000000043,192.6785714285706
1761854400,179.05,182.59,178.79,182.25,263826.29,223643.33860000162,194.01960000000054,194.98320000000044,192.11857142857062
1761858000,182.26,182.71,181.13,182.39,173025.632,227928.76230000163,194.02540000000053,194.69860000000045,191.41761904761822
1761861600,182.39,183.74,182.11,183.66,141173.356,228214.34170000162,194.04135000000053,194.3976000000004,190.64095238095155
1761865200,183.65,184.74,182.6,184.69,159109.798,230784.61015000165,194.0414000000005,194.02740000000043,190.08714285714206
1761868800,184.69,186.52,184.06,185.45,180047.387,214013.17255000165,194.0444000000005,193.59160000000043,189.50238095238015
1761872400,185.45,186.91,185.04,186.25,196692.26,213357.76620000164,194.0432000000005,193.24280000000041,188.93809523809443
1761876000,186.26,186.3,183.7,184.63,165960.364,212677.00720000165,194.03200000000052,192.98360000000045,188.29619047618968
1761879600,184.63,185.75,184.13,185.15,105908.883,210571.21260000166,194.00205000000048,192.80720000000045,187.74142857142775
1761883200,185.14,187.03,184.95,186.65,136123.625,211255.15885000164,193.9843000000005,192.62440000000043,187.47666666666584
1761886800,186.64,186.64,185.32,185.71,121598.092,210122.94775000162,193.96360000000053,192.43480000000048,186.97571428571345
1761890400,185.71,185.87,184.94,185.55,69286.627,205134.38350000163,193.95440000000053,192.27680000000043,186.54571428571344
1761894000,185.56,186.13,184.77,185.36,113664.421,205910.13600000163,193.95795000000052,192.09320000000042,186.10999999999916
1761897600,185.36,186.58,184.58,186.5,97814.496,182229.12675000163,193.9671000000005,191.91380000000044,185.6490476190468
1761901200,186.5,187.03,186,186.63,133441.289,168815.63185000164,193.98995000000053,191.75320000000045,185.32333333333253
1761904800,186.64,187.37,186.22,186.41,94435.167,163305.10635000162,194.00855000000055,191.58960000000042,184.99809523809444
1761908400,186.41,189.22,186.23,188.89,132911.963,161091.12185000163,194.03330000000054,191.40920000000045,184.74333333333254
1761912000,188.89,189.4,186.34,186.51,291184.177,166800.16545000163,194.06565000000055,191.21320000000048,184.68523809523728
1761915600,186.51,188.58,186,188.35,137648.455,161360.76605000164,194.10225000000054,191.03180000000043,184.71714285714205
1761919200,188.36,189.47,186.96,189.08,164862.452,161044.52185000162,194.13560000000052,190.85140000000044,184.79380952380873
1761922800,189.08,190.26,187.95,188.13,207864.427,154328.95805000165,194.1618000000005,190.68960000000044,184.8647619047611
1761926400,188.12,188.6,184.68,185.05,166225.722,149448.92965000164,194.1892500000005,190.58320000000043,185.009523809523
1761930000,185.05,185.95,184.38,185.36,154363.031,148515.79960000163,194.2135000000005,190.38840000000044,185.26095238095155
1761933600,185.35,186.57,184.5,185.97,128976.062,147905.93490000162,194.2342000000005,190.18060000000045,185.58571428571344
1761937200,185.96,189.04,185.01,188.42,139820.156,146941.45280000163,194.2643500000005,189.96480000000042,185.87095238095156
1761940800,188.41,188.78,186.71,186.92,107277.456,143302.95625000162,194.27680000000052,189.71240000000046,186.0190476190468
1761944400,186.92,187.7,186.54,187.25,46635.848,135800.13565000164,194.29435000000052,189.41280000000046,186.18952380952297
1761948000,187.25,187.89,187,187.27,58188.435,130411.53920000166,194.30260000000052,189.18440000000047,186.41619047618966
1761951600,187.27,187.81,187.13,187.21,42463.045,127239.24730000165,194.30585000000053,188.99680000000046,186.52238095238013
1761955200,187.21,187.34,186.04,187.11,133451.34,127105.63305000165,194.2912500000005,188.79520000000048,186.60809523809442
1761958800,187.11,187.45,186.12,186.12,48567.388,123454.09785000162,194.27610000000053,188.6628000000005,186.6566666666658
1761962400,186.13,186.76,185.5,186.61,53759.074,122677.72020000164,194.2647000000005,188.5526000000005,186.77952380952297
1761966000,186.6,187.48,186.57,187.2,43906.725,119189.83540000164,194.2669000000005,188.3868000000005,186.8728571428563
1761969600,187.2,187.55,186.3,187.08,56005.725,117099.39685000165,194.25490000000053,188.21040000000048,186.84761904761822
1761973200,187.07,187.13,186.16,186.23,27091.73,111781.91890000165,194.23930000000053,188.0452000000005,186.89047619047534
1761976800,186.23,186.38,185,185.71,69833.425,110551.83180000164,194.2268000000005,187.8900000000005,186.96904761904676
1761980400,185.71,186.37,185.32,185.8,51689.842,106490.72575000166,194.2076500000005,187.7288000000005,187.05095238095151
1761984000,185.79,186.54,185.66,186.54,46145.514,94238.79260000165,194.18345000000053,187.5626000000005,187.03809523809437
1761987600,186.54,186.72,185.73,185.82,54782.706,90095.50515000164,194.15155000000053,187.34080000000048,186.99428571428484
1761991200,185.82,186.42,185.28,186.16,56410.365,84672.90080000165,194.1269500000005,187.12340000000052,186.96523809523723
1761994800,186.16,186.65,185.7,186.22,65394.97,77549.42795000164,194.10720000000052,187.0014000000005,186.85333333333247
1761998400,186.22,186.65,186.22,186.4,70672.855,72771.78460000164,194.09860000000054,186.8144000000005,186.82047619047532
1762002000,186.41,186.49,184.8,185.34,69152.257,68511.24590000164,194.08575000000053,186.6616000000005,186.71619047618958
1762005600,185.33,185.59,183.79,185.03,96841.363,66904.51095000164,194.06215000000054,186.46200000000053,186.57999999999913
1762009200,185.03,186.43,184.88,186.42,107061.494,65266.577850001646,194.03440000000055,186.2774000000005,186.49761904761817
1762012800,186.42,187.12,186,186.43,85951.465,64200.27830000165,194.00445000000053,186.15400000000056,186.51142857142773
1762016400,186.44,186.55,184.9,184.96,72155.66,65476.26890000164,193.96875000000054,186.03820000000053,186.4957142857134
1762020000,184.96,185.76,184.87,185.73,88213.799,66977.53710000163,193.93850000000054,185.90800000000053,186.517142857142
1762023600,185.73,186.37,185.4,186.27,27690.584,66238.91405000164,193.9130500000005,185.8516000000005,186.4223809523801
1762027200,186.28,186.96,186.15,186.49,44783.361,61805.515100001634,193.87760000000054,185.86520000000053,186.32904761904678
1762030800,186.49,186.61,185.3,185.35,35010.404,61127.66590000164,193.83780000000053,185.8482000000005,186.2566666666658
1762034400,185.35,186.26,184.98,186.14,55688.985,61224.161450001644,193.79650000000052,185.84700000000052,186.20904761904677
1762038000,186.14,186.56,185.84,186.35,24244.189,60241.03465000164,193.76785000000055,185.85540000000051,186.17476190476106
1762041600,186.35,186.37,185.07,185.1,57358.676,60308.68220000163,193.73515000000054,185.90480000000053,186.09095238095153
1762045200,185.1,185.5,184.66,184.8,81094.956,63008.84350000163,193.69940000000054,186.00840000000053,186.09190476190392
1762048800,184.81,186,184.78,185.37,42525.107,61643.42760000164,193.6691500000005,186.13420000000053,186.07952380952295
1762052400,185.37,185.52,184.97,185.29,27976.047,60457.73785000164,193.6398500000005,186.21200000000053,185.97952380952296
1762056000,185.3,188.03,185.02,187.79,114772.279,63889.07610000165,193.60400000000053,186.2912000000005,185.87095238095154
1762059600,187.8,187.84,186.54,187.09,71515.381,64725.70985000165,193.5684000000005,186.3200000000005,185.82999999999916
1762063200,187.09,187.69,186.62,187.41,39164.112,63863.39720000165,193.54820000000052,186.32220000000052,185.80999999999915
1762066800,187.41,188.34,186.7,187.72,64430.301,63815.16375000165,193.53270000000052,186.32060000000052,185.90476190476105
1762070400,187.72,187.95,186.96,187.14,43605.503,62461.79615000165,193.50495000000055,186.3014000000005,185.9309523809515
1762074000,187.14,187.91,185.81,185.91,65180.64,62263.21530000165,193.47315000000054,186.3646000000005,186.0066666666658
1762077600,185.91,186.2,184.45,185.04,123117.998,63577.047050001645,193.44080000000054,186.40340000000052,186.08095238095152
1762081200,185.04,186.38,184.88,186.15,85039.903,62475.96750000164,193.40180000000052,186.4186000000005,186.12476190476104
1762084800,186.14,186.5,185.26,185.52,113746.779,63865.73320000165,193.37275000000054,186.4588000000005,186.10142857142773
1762088400,185.53,185.57,183.93,185.09,86662.835,64591.091950001646,193.33930000000055,186.4906000000005,186.087142857142
1762092000,185.09,185.37,183.53,184.35,109372.502,65649.02710000167,193.3074000000005,186.50160000000054,186.14047619047537
1762095600,184.36,185.05,183.73,183.77,86702.771,68599.63645000165,193.27805000000055,186.47240000000053,186.09761904761822
1762099200,183.77,184.45,182,184.29,149045.219,73812.72935000165,193.24885000000057,186.46280000000053,186.03380952380869
1762102800,184.29,184.61,183.58,184.42,64296.95,75277.05665000164,193.20960000000053,186.4450000000005,186.00476190476107
1762106400,184.42,184.68,184,184.25,25900.261,73787.62045000165,193.16555000000054,186.3690000000005,185.91142857142773
1762110000,184.25,184.3,183.06,184.02,42054.492,74678.13560000164,193.12895000000054,186.3258000000005,185.81714285714202
1762113600,184.02,184.57,183.58,184.56,16164.695,72618.43655000164,193.08550000000054,186.2342000000005,185.71857142857058
1762117200,184.57,186,184.53,185.49,47645.813,70945.97940000166,193.0386000000005,186.13840000000047,185.66619047618966
1762120800,185.49,185.68,184.34,184.91,63683.487,72003.89840000165,192.99010000000052,186.06420000000048,185.56523809523725
1762124400,184.92,188.1,184.92,187.71,140240.85,77617.13855000165,192.93915000000055,186.04820000000052,185.47999999999917
1762128000,187.71,189.13,186.58,186.58,165577.787,80157.41395000165,192.88630000000055,186.02140000000054,185.49857142857059
1762131600,186.58,187.17,185.36,185.53,106464.449,81904.86735000164,192.84550000000053,185.99320000000054,185.50380952380866
1762135200,185.53,185.93,183,183.48,246972.888,92295.30615000165,192.80675000000056,185.93460000000053,185.61523809523723
1762138800,183.47,183.67,176.73,177.57,575363.31,117841.95660000163,192.76330000000056,185.89440000000053,185.6766666666658
1762142400,177.56,178.4,175.88,177.94,277066.644,129515.01365000164,192.71655000000058,185.90360000000055,185.56904761904676
1762146000,177.95,178.75,176.44,176.81,171084.114,134810.18735000162,192.67950000000056,185.88980000000058,185.397142857142
1762149600,176.82,177.26,174.22,176.11,288462.426,143077.40875000163,192.64100000000056,185.85620000000054,184.92857142857056
1762153200,176.11,177.13,175.44,176.5,127048.548,145177.84100000162,192.62010000000058,185.78360000000055,184.46285714285628
1762156800,176.51,176.61,173,175.67,430375.481,161009.27610000162,192.59335000000053,185.61260000000053,183.97095238095153
1762160400,175.67,176.92,173.99,174.94,213493.693,167350.81900000162,192.55910000000054,185.43920000000054,183.50428571428486
1762164000,174.93,175.92,173.64,174.11,177548.727,170759.63025000162,192.50520000000054,185.23140000000055,183.0976190476182
1762167600,174.12,176.11,174.09,175.32,181289.827,175488.9830500016,192.4204000000006,185.01200000000054,182.59857142857058
1762171200,175.32,176.6,175.03,175.56,131368.188,174605.13150000162,192.33930000000058,184.81740000000056,182.09476190476104
1762174800,175.56,176.33,174.97,175.84,130171.032,177898.83560000162,192.25145000000057,184.61660000000057,181.5719047619039
1762178400,175.83,176.95,174.86,176.44,167019.456,184954.7953500016,192.1594500000006,184.39940000000058,181.1419047619039
1762182000,176.44,176.75,165,166.79,1906040.979,278154.1197000016,192.0727500000006,184.1508000000006,180.7509523809515
1762185600,166.79,169.2,165.61,168.37,537018.315,304196.8007000016,191.98460000000057,183.9408000000006,180.34857142857058
1762189200,168.38,171,168.08,169.93,328721.167,318250.5684000016,191.8951000000006,183.7288000000006,179.96857142857056
1762192800,169.93,170.15,167.76,167.88,184021.169,324267.45250000164,191.80425000000056,183.52120000000056,179.137142857142
1762196400,167.88,168.34,166.62,166.74,153801.466,324945.48330000165,191.71600000000058,183.32200000000054,178.3919047619039
1762200000,166.75,167.24,163.15,164.4,315609.261,332447.0570000016,191.62930000000054,182.95100000000056,177.69523809523722
1762203600,164.39,166.22,163.25,165.94,259845.09,340116.0890500016,191.54030000000057,182.61780000000056,176.8566666666658
1762207200,165.94,166.28,164.2,165.75,153558.59,335445.37415000156,191.4521500000006,182.28800000000058,175.9914285714277
1762210800,165.75,166.32,164.47,166.06,99690.456,311661.7314500016,191.3168000000006,181.9170000000006,174.8814285714277
1762214400,166.06,167.24,164.18,166.58,161881.22,305902.4602500016,191.18690000000058,181.55260000000055,173.89857142857056
1762218000,166.58,168.37,165.88,167.85,131070.58,303901.78355000156,191.05675000000056,181.12600000000057,172.9566666666658
1762221600,167.84,168.42,166.43,166.68,79289.234,293443.1239500016,190.92215000000058,180.71940000000058,172.127142857142
1762225200,166.69,168.26,166.26,167.66,84038.169,291292.60500000155,190.7671000000006,180.30460000000056,171.60380952380868
1762228800,167.66,168.13,164.75,165.03,195337.895,279540.7257000016,190.5990500000006,179.9188000000006,171.12333333333248
1762232400,165.04,165.49,157.17,157.69,812100.266,309471.05435000156,190.43340000000057,179.5276000000006,170.64095238095155
1762236000,157.7,161.34,157.62,158.58,326245.586,316905.8973000016,190.2678500000006,179.1576000000006,170.2385714285706
1762239600,158.59,158.92,155.87,157.07,393551.361,327518.97400000156,190.1005000000006,178.7892000000006,169.69238095238012
1762243200,157.07,160.47,156.41,159.25,322775.341,337089.3316500016,189.93970000000064,178.4464000000006,168.83619047618964
1762246800,159.25,160.46,158.66,160.39,176771.802,339419.3701500016,189.78430000000063,178.0396000000006,168.05714285714203
1762250400,160.38,161.4,159.95,160.49,184227.371,340279.76590000157,189.62210000000061,177.48760000000064,167.24571428571346
1762254000,160.48,162.25,160.33,161.71,194561.845,254705.80920000156,189.46605000000062,176.90340000000066,166.48047619047534
1762257600,161.71,162.54,160.82,161.43,166880.173,236198.90210000155,189.30395000000067,176.30300000000065,165.7580952380944
1762261200,161.42,162.62,160.51,161.28,212334.454,230379.56645000153,189.10010000000065,175.73980000000063,165.02714285714202
1762264800,161.27,164.76,159.32,164.39,379136.706,240135.34330000155,188.89200000000062,175.19320000000064,164.32571428571347
1762268400,164.4,165.27,161.27,161.5,309460.533,247918.29665000155,188.67720000000062,174.66020000000063,164.07047619047538
1762272000,161.5,162.36,158.16,158.2,333480.063,248811.83675000156,188.45720000000063,174.17620000000065,163.73285714285632
1762275600,158.21,158.24,153.05,156.21,658528.121,268745.9883000016,188.23730000000066,173.70400000000063,163.46904761904682
1762279200,156.2,156.56,152.26,156.43,524363.333,287286.22545000154,188.01990000000066,173.20660000000066,163.16523809523727
1762282800,156.42,157.44,154.21,154.62,241710.908,294387.24805000157,187.8068000000007,172.78400000000065,162.75857142857063
1762286400,154.62,155.07,148.29,153.4,865709.662,329578.67015000153,187.59390000000067,172.31220000000064,162.36857142857062
1762290000,153.41,154.12,145.85,151.17,836885.629,364869.4226000015,187.3787000000007,171.78920000000065,161.91571428571348
1762293600,151.17,155.6,150.48,155.22,437695.201,382789.7209500015,187.17690000000073,171.23800000000065,161.38571428571348
1762297200,155.22,155.9,153.9,155.03,260542.112,391614.9181000015,186.9718500000007,170.68080000000063,160.78285714285636
1762300800,155.04,155.64,152.49,153.35,218765.786,392786.31265000155,186.76050000000072,170.08480000000063,160.0490476190468
1762304400,153.35,153.56,147.29,152.66,484387.467,376400.67270000157,186.54175000000075,169.4678000000006,159.44761904761825
1762308000,152.65,156.21,152.6,156.13,400664.711,380121.62895000156,186.32175000000072,168.8108000000006,158.89285714285634
1762311600,156.13,157.42,155.06,156.93,207687.558,370828.43880000163,186.09395000000075,168.22400000000064,158.21142857142777
1762315200,156.93,158.06,155.66,157.04,165584.469,362968.8952000016,185.86340000000072,167.61480000000063,157.62238095238013
1762318800,157.05,158.62,156.83,157.52,119400.299,360100.32005000155,185.61760000000072,166.98360000000062,157.54809523809445
1762322400,157.52,158.15,156.6,158.03,181080.033,359942.95315000153,185.39815000000075,166.28260000000063,157.46952380952303
1762326000,158.03,158.11,155.95,156.47,152677.478,357848.73480000155,185.17275000000075,165.67360000000065,157.46809523809446
1762329600,156.47,156.48,153.67,155.7,346107.664,366810.10935000156,184.92715000000072,165.10160000000064,157.38571428571348
1762333200,155.69,157.34,155.58,157.04,145075.77,363447.17515000154,184.67905000000073,164.57280000000068,157.27333333333254
1762336800,157.03,157.08,154.69,154.86,94961.189,349238.3993000015,184.45145000000073,164.17180000000064,157.08190476190398
1762340400,154.87,157.63,154.87,157.48,102372.871,338884.0162000015,184.23595000000074,163.77360000000064,156.7957142857135
1762344000,157.48,158.77,156.77,158.3,153535.576,329886.79185000155,184.02750000000077,163.3668000000006,156.58666666666588
1762347600,158.29,159.93,157.6,159.45,196577.336,306789.2526000015,183.82145000000074,162.95860000000064,156.28095238095162
1762351200,159.44,159.65,156.94,158.74,228593.63,292000.76745000156,183.62010000000075,162.56940000000066,155.95190476190396
1762354800,158.75,160.57,157.91,160.5,269349.574,293382.7007500016,183.40895000000074,162.15320000000065,155.79952380952304
1762358400,160.5,162.09,158.57,161.83,211150.404,260654.7378500016,183.18905000000075,161.80400000000066,155.85904761904683
1762362000,161.84,162.49,160.93,162.03,219631.137,229792.01325000162,182.96745000000075,161.48780000000068,155.97952380952302
1762365600,162.03,163.93,161.7,163.14,204265.224,218120.51440000162,182.73800000000077,161.17040000000065,156.17333333333255
1762369200,163.15,163.44,162.2,162.53,158212.719,213004.0447500016,182.51905000000076,160.83400000000063,156.51666666666588
1762372800,162.53,163.97,162.36,162.57,119966.183,208064.0646000016,182.30495000000076,160.52720000000062,156.92761904761826
1762376400,162.56,162.56,161.12,161.86,130541.732,190371.7778500016,182.10865000000075,160.2350000000006,157.49761904761826
1762380000,161.86,162.91,161.31,162.82,63011.654,173489.1250000016,181.89785000000077,160.1398000000006,157.84571428571348
1762383600,162.82,163.06,162.14,162.37,76931.224,166951.3083000016,181.68860000000075,160.0352000000006,158.2047619047611
1762387200,162.37,162.37,160.47,161.38,223957.954,169869.9825500016,181.48065000000076,159.8872000000006,158.6099999999992
1762390800,161.37,161.67,159.7,160.8,234381.82,175619.05860000156,181.28095000000073,159.78100000000057,159.09380952380872
1762394400,160.8,162.33,160.11,161.75,107268.145,171928.4642000016,181.0951000000007,159.6834000000006,159.39095238095157
1762398000,161.75,162.91,161.61,162.45,80977.589,168343.4697500016,180.90910000000073,159.6518000000006,159.60285714285635
1762401600,162.46,162.75,161.71,162.13,57337.746,153904.97385000158,180.72090000000068,159.5804000000006,159.78190476190397
1762405200,162.12,162.12,158.83,159.33,132302.657,153266.31820000158,180.51655000000068,159.4930000000006,159.98333333333252
1762408800,159.32,160,158.78,158.8,95834.257,153309.97160000162,180.33295000000072,159.3878000000006,160.19380952380874
1762412400,158.8,159.99,158.25,158.84,89893.373,152685.99670000162,180.1505500000007,159.29120000000063,160.46333333333254
1762416000,158.84,159.53,158.51,159.34,87833.433,149400.88955000165,179.95835000000068,159.18320000000062,160.63619047618968
1762419600,159.34,159.9,158.77,158.78,88443.989,143994.22220000165,179.7581000000007,159.09220000000062,160.7199999999992
1762423200,158.78,159.76,157.66,159.05,129108.906,139019.98600000163,179.56840000000074,158.9256000000006,160.909523809523
1762426800,159.06,159.4,158.18,158.85,157030.872,133404.05090000163,179.40390000000073,158.80100000000064,160.99809523809444
1762430400,158.85,159.43,157.11,157.49,147578.013,130225.43135000163,179.25215000000068,158.82400000000064,161.02095238095157
1762434000,157.48,161.33,157.48,160.65,222195.915,130353.67025000163,179.0796500000007,158.83920000000066,161.00190476190397
1762437600,160.64,161.51,157.35,157.8,222752.584,131278.0382500016,178.89900000000068,158.87340000000063,161.00714285714207
1762441200,157.79,158.99,155.4,155.92,340487.7,140391.78730000163,178.7224500000007,158.8694000000006,160.86380952380873
1762444800,155.92,156.99,153.8,155.4,329661.76,150876.56615000163,178.55010000000067,158.8386000000006,160.80761904761826
1762448400,155.4,157.64,154.84,157.26,184872.928,153593.12595000162,178.3734000000007,158.7786000000006,160.6061904761897
1762452000,157.26,158.67,155.46,157.49,148588.917,157871.9891000016,178.19525000000067,158.7574000000006,160.26238095238017
1762455600,157.49,157.83,156.15,156.89,105767.762,159313.81600000162,178.0200500000007,158.6848000000006,159.92285714285637
1762459200,156.89,157.82,154.64,155.31,121415.746,154186.70560000162,177.8346500000007,158.5776000000006,159.66999999999922
1762462800,155.31,156.94,154.67,156.49,84805.621,146707.89565000162,177.6621000000007,158.3978000000006,159.46190476190398
1762466400,156.49,156.81,154.26,155.58,85506.316,145619.8042000016,177.47325000000066,158.31300000000059,159.17952380952303
1762470000,155.57,155.57,153.45,155.28,98749.324,146508.3909500016,177.27460000000067,158.2988000000006,158.84333333333257
1762473600,155.27,157.14,154.89,156.77,135922.019,150437.60460000162,177.07910000000066,158.3124000000006,158.61047619047542
1762477200,156.78,157.25,154.22,157.05,137526.934,150698.8184500016,176.89435000000063,158.2900000000006,158.361904761904
1762480800,157.04,158.1,156.16,158.01,123148.048,152064.5080000016,176.70055000000062,158.3274000000006,158.05380952380875
1762484400,158.02,158.62,156.79,156.85,119919.015,153565.79010000158,176.49130000000062,158.3710000000006,157.78333333333256
1762488000,156.86,157.08,155.24,156.17,122441.889,155296.21290000158,176.26850000000064,158.4532000000006,157.54142857142782
1762491600,156.17,158.24,156.15,158.09,94691.071,155608.56700000158,176.04720000000066,158.48420000000058,157.4785714285707
1762495200,158.1,158.28,156.8,156.8,57406.757,152023.4595500016,175.82495000000065,158.5246000000006,157.38571428571353
1762498800,156.81,157.87,156.37,157.79,69055.415,147624.6867000016,175.61745000000064,158.61780000000059,157.25857142857066
1762502400,157.79,158.21,156.85,157.3,60839.181,143287.7451000016,175.42455000000064,158.7016000000006,157.19904761904687
1762506000,157.3,157.33,154.13,154.74,128493.039,138602.60130000158,175.21730000000062,158.7024000000006,157.10476190476115
1762509600,154.73,155.76,153.64,154.25,126437.203,133786.8322500016,175.03965000000062,158.72560000000058,157.04476190476115
1762513200,154.26,154.26,151.67,153.85,241802.465,128852.57050000159,174.8601000000006,158.7208000000006,156.97095238095162
1762516800,153.86,154.17,150.92,151.64,222011.628,123470.06390000161,174.6631500000006,158.7262000000006,156.83999999999924
1762520400,151.64,153.22,151,152.31,310067.169,129729.7759500016,174.47345000000058,158.71160000000063,156.53523809523733
1762524000,152.3,155.14,149.82,154.76,423319.776,143466.3189000016,174.2806000000006,158.67700000000062,156.34714285714207
1762527600,154.77,156.27,153.29,155.42,252038.433,150779.8524500016,174.1001500000006,158.64800000000062,156.14333333333258
1762531200,155.42,158.13,154.4,157.29,243395.13,156878.82165000163,173.9133000000006,158.5842000000006,155.9961904761897
1762534800,157.28,161.52,156.51,161.16,384423.487,171859.71495000162,173.70945000000063,158.5198000000006,155.87714285714208
1762538400,161.17,162.97,160.91,162.11,206551.908,177911.99455000163,173.4898500000006,158.4164000000006,155.77857142857064
1762542000,162.12,164.48,161.52,164.17,185229.971,182236.02690000163,173.27360000000058,158.34560000000062,155.79761904761827
1762545600,164.17,164.41,161.84,163.36,238203.655,187350.1087000016,173.0727500000006,158.2650000000006,156.07619047618968
1762549200,163.35,163.82,162.68,163.52,112819.408,186114.7324000016,172.85855000000058,158.23600000000062,156.34380952380874
1762552800,163.51,163.91,162.76,163.22,88510.558,184382.85790000163,172.6614500000006,158.24920000000063,156.75285714285633
1762556400,163.23,163.27,161.61,161.79,128823.813,184828.09780000162,172.45955000000058,158.25480000000064,157.13761904761827
1762560000,161.8,162.6,160.59,160.88,131557.298,185283.86825000163,172.26905000000056,158.2976000000006,157.45904761904683
1762563600,160.87,162.48,160.82,162.04,99704.897,185534.5595500016,172.1129000000006,158.30200000000065,157.75285714285636
1762567200,162.04,164.44,161.93,163.41,144615.485,189894.99595000158,171.96250000000057,158.32180000000065,157.93285714285636
1762570800,163.41,164.89,162.48,162.52,170517.626,194968.1065000016,171.82410000000058,158.33480000000063,158.12476190476113
1762574400,162.52,163.66,162.51,162.71,68812.799,195366.7874000016,171.70165000000054,158.3334000000006,158.40428571428495
1762578000,162.72,163.08,161.03,161.37,81931.218,193038.6963500016,171.59055000000055,158.29460000000063,158.65761904761828
1762581600,161.37,161.97,160.16,161.14,92089.145,191321.2934500016,171.47025000000056,158.28800000000064,158.92999999999924
1762585200,161.14,161.2,159.58,161.06,104110.114,184436.6759000016,171.35410000000056,158.32860000000062,159.16428571428497
1762588800,161.05,162.07,160.3,161.56,93749.078,178023.54840000163,171.23195000000055,158.36300000000062,159.35809523809448
1762592400,161.57,162.34,161,161.13,82948.498,166667.6148500016,171.12315000000052,158.38220000000064,159.66285714285635
1762596000,161.13,161.25,160.52,160.82,72498.191,149126.53560000163,171.03365000000056,158.3606000000006,159.9871428571421
1762599600,160.83,161.18,159.01,159.39,172512.73,145150.25045000162,170.95095000000055,158.34080000000063,160.35428571428494
1762603200,159.39,159.7,158.78,159.43,84517.894,137206.3886500016,170.85325000000054,158.37540000000064,160.8061904761897
1762606800,159.44,159.48,158.12,158.21,127693.279,124369.87825000161,170.74815000000058,158.43060000000062,161.2114285714278
1762610400,158.22,158.53,156.8,157.67,174149.774,122749.77155000162,170.63555000000053,158.4764000000006,161.43190476190398
1762614000,157.67,157.83,155.9,156.65,186259.979,122801.27195000162,170.51740000000055,158.50600000000063,161.6228571428564
1762617600,156.65,157.38,155.8,156.76,134382.043,117610.19135000164,170.39795000000058,158.5182000000006,161.66666666666592
1762621200,156.75,157.69,156.03,157.6,71865.342,115562.48805000164,170.27235000000056,158.52580000000063,161.50047619047544
1762624800,157.59,158.18,156.94,157.96,77058.025,114989.86140000164,170.15330000000057,158.5130000000006,161.24047619047545
1762628400,157.95,158.04,156.22,157.36,92622.584,113179.79995000162,170.02450000000056,158.5166000000006,160.8876190476183
1762632000,157.36,158.28,157.22,157.69,106145.699,111909.22000000163,169.88840000000056,158.43660000000062,160.61333333333258
1762635600,157.69,158.26,157.6,158.05,40158.286,108931.88945000162,169.75090000000057,158.41580000000062,160.34857142857066
1762639200,158.05,158.4,157.62,158.02,38753.242,103638.77730000163,169.61150000000055,158.44940000000062,160.06952380952308
1762642800,158.02,158.44,157.85,158.02,54274.014,97826.59670000164,169.46795000000057,158.50060000000065,159.87428571428495
1762646400,158.01,158.02,156.6,156.84,54963.996,97134.15655000164,169.31925000000058,158.50260000000063,159.73952380952306
1762650000,156.84,158.32,156.77,158.18,30916.593,94583.42530000165,169.17410000000058,158.50660000000065,159.5480952380945
1762653600,158.17,158.18,155.72,156.02,121017.757,96029.85590000164,169.0318500000006,158.52980000000062,159.29142857142784
1762657200,156.03,156.51,155.11,155.88,99182.141,95783.45725000164,168.87420000000057,158.58400000000063,159.02095238095163
1762660800,155.89,157.64,155.85,157.23,140285.63,98110.28485000164,168.73010000000056,158.61460000000062,158.80523809523734
1762664400,157.23,158.33,157.13,158.11,91151.008,98520.41035000164,168.5786000000006,158.63980000000063,158.55047619047542
1762668000,158.12,159.12,157.85,158.26,83918.133,99091.40745000163,168.42330000000055,158.69780000000065,158.29999999999922
1762671600,158.26,159.58,157.85,159.3,114511.82,96191.36195000164,168.27275000000057,158.68280000000064,158.1176190476183
1762675200,159.29,159.69,158.76,159.46,59046.752,94917.80485000163,168.1317000000006,158.65940000000063,157.95333333333255
1762678800,159.46,159.94,158.17,158.27,73600.204,92213.15110000162,167.9958000000006,158.64380000000062,157.8166666666659
1762682400,158.26,158.45,157.28,158.44,56575.347,86334.42975000163,167.84605000000062,158.6690000000006,157.74428571428493
1762686000,158.44,159.5,158.44,159.06,74354.862,80739.17390000162,167.68335000000062,158.71080000000063,157.7476190476183
1762689600,159.06,159.97,158.59,159.1,94203.585,78730.25100000162,167.53490000000065,158.7350000000006,157.69238095238018
1762693200,159.1,160.51,159,160.06,168503.256,83562.14670000163,167.3892000000006,158.78820000000061,157.70333333333258
1762696800,160.05,163.12,159.26,160.15,542792.015,106848.84620000163,167.2441500000006,158.79780000000062,157.76952380952304
1762700400,160.15,163.98,159.72,162.53,345997.622,119517.59810000165,167.1046000000006,158.8206000000006,157.8861904761897
1762704000,162.53,163.17,161.81,162.93,115045.385,119962.58240000163,166.9663500000006,158.90700000000064,158.04333333333255
1762707600,162.94,163,161.23,161.8,110431.309,123476.23355000163,166.8271000000006,159.00400000000062,158.16476190476115
1762711200,161.8,164.08,161.35,163.99,121217.891,127599.46600000162,166.68625000000057,159.12820000000062,158.38238095238017
1762714800,163.99,166.31,163.36,166.15,282139.879,138992.75925000163,166.5455500000006,159.2984000000006,158.6476190476183
1762718400,166.16,166.36,165.01,165.33,177454.015,145117.26020000165,166.4056500000006,159.50280000000063,158.84333333333257
1762722000,165.33,165.8,164.38,165.22,81850.432,147663.95215000166,166.27480000000062,159.66620000000063,159.1261904761897
1762725600,165.22,165.67,164.12,165.44,74422.116,145334.17010000165,166.14700000000062,159.79380000000063,159.51333333333255
1762729200,165.44,166.57,163.93,164.53,118207.827,146285.45440000165,166.03065000000063,159.92780000000062,159.86142857142778
1762732800,164.53,168.37,163.42,167.5,263291.815,152435.76365000167,165.91260000000065,160.02760000000063,160.2604761904754
1762736400,167.49,168.3,166.33,167.07,173174.6,156536.94325000167,165.79250000000062,160.09200000000064,160.60619047618968
1762740000,167.08,168,166.4,167.76,138768.763,159279.47475000165,165.6816500000006,160.11300000000062,161.01142857142779
1762743600,167.76,168.76,167.07,168.12,181151.839,162611.47570000167,165.58130000000062,160.15460000000064,161.56476190476113
1762747200,168.13,168.92,166.67,168.03,167062.911,168012.2836500017,165.47595000000058,160.17480000000063,162.03333333333256
1762750800,168.04,168.59,166.92,167.54,93058.129,168985.17990000168,165.37535000000062,160.26040000000063,162.49285714285637
1762754400,167.55,167.75,166.38,166.94,91350.262,170723.92565000168,165.2774000000006,160.3660000000006,162.9623809523802
1762758000,166.94,168.19,166.8,167.38,77954.181,170903.89160000166,165.1679500000006,160.5036000000006,163.37809523809443
1762761600,167.38,167.44,166.11,166.64,114882.966,171937.86065000168,165.0733000000006,160.6252000000006,163.76285714285638
1762765200,166.64,169.81,166.31,169.47,174129.269,172219.16130000167,164.98385000000061,160.7176000000006,164.1757142857135
1762768800,169.48,169.65,168,168.35,145353.304,152347.22575000167,164.8940000000006,160.8180000000006,164.6014285714278
1762772400,168.35,168.82,168.03,168.33,70180.854,138556.38735000166,164.8032500000006,160.90260000000063,164.96238095238016
1762776000,168.32,168.5,166.93,168.13,157987.166,140703.47640000167,164.7109500000006,161.02280000000061,165.45619047618968
1762779600,168.12,170.48,167.99,169.72,175012.431,143932.53250000166,164.6219000000006,161.13280000000063,165.85095238095158
1762783200,169.72,169.73,165.26,166.15,300145.582,152878.91705000168,164.52590000000058,161.3010000000006,166.2404761904754
1762786800,166.15,167.28,165.2,166.26,307415.999,154142.72305000166,164.43105000000057,161.43680000000063,166.50714285714207
1762790400,166.26,167.06,165.25,166.11,268492.658,158694.65520000164,164.33875000000057,161.5808000000006,166.8304761904754
1762794000,166.1,168.49,165.95,167.84,126942.898,160949.27850000164,164.26210000000057,161.7270000000006,167.03761904761825
1762797600,167.83,168.12,165.66,165.66,113957.342,162926.03980000166,164.17700000000056,161.93360000000064,167.14571428571347
1762801200,165.66,167.68,165.6,167.19,89645.862,161497.94155000168,164.09220000000056,162.06800000000064,167.14380952380873
1762804800,167.19,168.41,166.85,167.85,114100.122,154038.35690000167,163.99390000000054,162.2290000000006,167.26333333333253
1762808400,167.85,167.87,164.81,165.52,99471.964,150353.22510000167,163.90705000000054,162.39780000000061,167.2842857142849
1762812000,165.52,167.8,165.14,167.64,119356.185,149382.5962000017,163.80075000000056,162.62160000000063,167.36761904761826
1762815600,167.64,168.1,167.19,167.31,66074.024,143628.7054500017,163.69345000000055,162.79960000000062,167.5257142857135
1762819200,167.31,167.61,166,167.51,71447.228,138847.9213000017,163.58830000000057,162.99140000000062,167.4314285714278
1762822800,167.5,171,166.63,167.41,256478.025,147018.9161000017,163.49795000000057,163.18920000000062,167.45857142857065
1762826400,167.41,171,166.25,170.28,215232.174,153213.0117000017,163.40105000000057,163.3524000000006,167.43714285714208
1762830000,170.28,171.94,169.5,169.97,210410.926,159835.8489500017,163.30625000000057,163.55140000000063,167.40809523809443
1762833600,169.97,170.11,166.57,166.92,196267.469,163905.0741000017,163.21790000000055,163.7366000000006,167.37857142857064
1762837200,166.92,166.93,165,165.16,319156.466,171156.4339500017,163.12005000000056,163.92640000000063,167.50904761904684
1762840800,165.16,165.32,163.57,164.95,291943.108,178485.9241500017,163.03650000000056,164.1142000000006,167.65333333333254
1762844400,164.95,165.22,163.87,163.98,115577.505,180755.75670000172,162.95420000000055,164.3830000000006,167.6314285714278
1762848000,163.98,164.93,163.6,164.01,96172.895,177665.0431500017,162.87030000000055,164.6188000000006,167.5609523809516
1762851600,164.01,164.97,163.15,164.02,120651.194,174946.9813000017,162.78525000000056,164.83680000000058,167.34571428571348
1762855200,164.02,164.38,162.7,163.77,261443.245,173011.8644500017,162.71540000000056,165.0224000000006,167.13761904761824
1762858800,163.78,164.58,163,163.69,98181.057,162550.11735000173,162.64515000000057,165.17680000000058,166.93190476190395
1762862400,163.69,164.37,162.56,163.34,113864.386,154818.70375000173,162.55695000000057,165.29420000000061,166.73619047618965
1762866000,163.34,163.96,162.29,162.81,99199.649,153431.54130000173,162.45530000000056,165.4092000000006,166.45285714285632
1762869600,162.8,163.28,160.91,163,386843.934,167075.87090000173,162.35550000000055,165.50360000000063,166.33571428571346
1762873200,162.99,162.99,160,160.89,580929.394,191640.0475000017,162.23685000000057,165.58980000000062,166.19666666666586
1762876800,160.88,161.22,159.7,160.64,238334.29,197851.7559000017,162.12400000000054,165.6982000000006,166.03952380952302
1762880400,160.64,161.04,158.25,159.51,194186.303,202587.4728500017,162.01645000000056,165.7962000000006,165.8090476190468
1762884000,159.5,159.8,158.37,158.96,78028.084,200521.06780000168,161.91790000000054,165.8712000000006,165.58190476190396
1762887600,158.96,158.96,157.42,157.58,118871.01,203160.91710000165,161.84850000000057,165.9492000000006,165.2699999999992
1762891200,157.59,157.87,156.27,156.77,136404.301,206408.77075000165,161.77550000000056,165.9658000000006,164.87285714285633
1762894800,156.78,157.4,155.64,156.08,154943.78,201332.05850000164,161.70550000000057,165.97560000000058,164.56047619047538
1762898400,156.08,157.27,155.52,156.68,140349.93,197587.94630000164,161.63995000000057,165.91520000000062,164.08142857142778
1762902000,156.69,156.93,153.93,154.63,207187.86,197426.79300000163,161.56190000000058,165.8358000000006,163.579523809523
1762905600,154.63,155.32,153.59,153.83,192634.726,197245.15585000164,161.48675000000057,165.75140000000061,163.0352380952373
1762909200,153.84,155.56,153.66,155.42,148967.093,188735.68720000162,161.40960000000058,165.60700000000062,162.52428571428493
1762912800,155.41,155.58,153.73,154.3,148568.656,181566.96460000164,161.33385000000058,165.40560000000062,161.77904761904682
1762916400,154.31,155,153.96,154.57,97059.183,180641.04850000163,161.24515000000056,165.23260000000062,161.0104761904754
1762920000,154.58,155.05,154.2,154.95,63962.224,179030.51495000164,161.15120000000056,165.0208000000006,160.46285714285636
1762923600,154.96,156.06,154.91,155.48,235182.107,184757.06060000163,161.05240000000055,164.78860000000063,159.94571428571348
1762927200,155.48,156.49,155.35,155.93,154225.25,179396.16085000162,160.95360000000056,164.6064000000006,159.45142857142778
1762930800,155.93,156.57,154.83,155.02,91023.72,179038.29400000162,160.89280000000056,164.34240000000062,159.02142857142778
1762934400,155.03,158.14,155,158,260454.677,186367.80855000165,160.82010000000054,164.09240000000062,158.61523809523732
1762938000,158,158.95,157.7,158.07,193950.915,191105.37185000163,160.74755000000053,163.83620000000062,158.22999999999922
1762941600,158.08,160.47,157.99,160.29,203478.691,181937.10970000163,160.67965000000055,163.5834000000006,157.81333333333254
1762945200,160.29,161.14,159.48,160.03,155768.842,160679.08210000166,160.61880000000053,163.34140000000062,157.54238095238014
1762948800,160.03,160.77,159.09,159.85,188462.901,158185.51265000165,160.57155000000054,163.09100000000063,157.2914285714278
1762952400,159.84,161.04,158.85,160.57,112348.811,154093.63805000167,160.51925000000057,162.9122000000006,157.17142857142778
1762956000,160.58,161.06,157.12,158.57,260280.48,163206.25785000168,160.4701500000006,162.72600000000062,157.02999999999923
1762959600,158.57,159.57,155.23,155.73,287167.214,171621.0680500017,160.4149500000006,162.59900000000061,156.98047619047543
1762963200,155.73,156.21,152.17,152.79,416772.239,185639.4649500017,160.37205000000057,162.4102000000006,156.97714285714207
1762966800,152.8,154.84,152.38,153.34,192786.571,187531.6045000017,160.32315000000057,162.2402000000006,156.93238095238016
1762970400,153.33,154.21,152.78,152.78,134222.106,187225.21330000172,160.29120000000057,162.0850000000006,156.77857142857064
1762974000,152.78,153.76,151.2,153.05,266522.061,190191.92335000174,160.2530500000006,161.8938000000006,156.55047619047542
1762977600,153.04,154.68,152.54,153.75,107196.903,185920.03220000173,160.22715000000056,161.6140000000006,156.3871428571421
1762981200,153.76,154.31,153.34,154.13,62567.038,181600.02945000175,160.2415500000006,161.3468000000006,156.22999999999925
1762984800,154.13,154.14,152.72,153.89,78524.924,178097.84285000176,160.24150000000057,161.08840000000058,156.05714285714208
1762988400,153.88,153.9,152.84,153.42,87078.135,177598.79045000175,160.23480000000055,160.8218000000006,156.01523809523735
1762992000,153.43,154.4,152.41,153.01,123158.091,180558.58380000174,160.20250000000053,160.52600000000058,156.02952380952306
1762995600,153.01,154.48,152.27,152.75,164481.842,177023.57055000175,160.16725000000054,160.2878000000006,155.9566666666659
1762999200,152.75,153.39,152.41,152.9,73991.609,173011.88850000178,160.12870000000055,160.0266000000006,155.91476190476118
1763002800,152.9,155.78,150.42,154.33,312684.628,184094.93390000175,160.08540000000056,159.74740000000057,155.84047619047544
1763006400,154.33,154.93,153.4,154.3,155194.321,178831.91610000175,160.04700000000057,159.50540000000058,155.73571428571353
1763010000,154.3,156.8,153.77,156.14,154552.828,176862.01175000175,160.01125000000053,159.21280000000058,155.6128571428564
1763013600,156.14,157.12,155.72,156.72,179971.528,175686.65360000177,159.95875000000055,158.92160000000058,155.53666666666592
1763017200,156.73,157.2,154.86,155.31,171154.884,176455.95570000174,159.91835000000052,158.6294000000006,155.5023809523802
1763020800,155.3,156.49,154.92,155.93,70336.881,170549.65470000176,159.89240000000052,158.36780000000056,155.41380952380877
1763024400,155.94,156.06,153.86,155.01,119010.406,170882.73445000174,159.87510000000051,158.04820000000055,155.34952380952305
1763028000,155.02,156.17,154.88,155.43,105992.739,163168.34740000174,159.8574500000005,157.77160000000057,155.1123809523802
1763031600,155.43,156.5,155.42,156.3,121931.935,154906.58345000172,159.8560000000005,157.56760000000057,154.9171428571421
1763035200,156.3,156.96,155.78,156.43,125208.788,140328.41090000173,159.86050000000048,157.37060000000056,154.6866666666659
1763038800,156.44,156.55,153.66,153.82,209212.875,141149.72610000175,159.88535000000047,157.19020000000057,154.441904761904
1763042400,153.83,156.71,152.26,155.3,312513.709,150064.3062500017,159.89285000000046,157.01080000000056,154.33380952380875
1763046000,155.3,155.84,152.51,153.13,215742.856,147525.34600000174,159.89425000000048,156.83920000000057,154.36714285714208
1763049600,153.12,153.41,150.73,151.1,266995.452,155515.27345000175,159.90715000000048,156.68480000000056,154.41619047618968
1763053200,151.1,151.26,146.7,147.09,441064.639,174440.15350000173,159.9189000000005,156.53800000000058,154.50952380952302
1763056800,147.09,147.77,144.52,145.43,436595.172,192343.6659000017,159.9154000000005,156.34060000000056,154.5261904761897
1763060400,145.43,146.34,142.04,142.73,456238.745,210801.69640000173,159.91225000000048,156.17980000000057,154.43333333333257
1763064000,142.73,143.28,141.04,142.73,375191.579,223403.37080000172,159.90920000000048,155.98620000000057,154.11619047618973
1763067600,142.74,143.72,141.27,142.1,249284.02,227643.4797000017,159.89070000000046,155.74820000000057,153.701904761904
1763071200,142.1,144.84,141.75,144.59,227690.04,235328.40125000168,159.87705000000048,155.47220000000058,153.17047619047543
1763074800,144.58,146.25,143.91,144.73,349990.13,237193.67635000165,159.86035000000047,155.16800000000057,152.66142857142782
1763078400,144.74,145.26,142.94,143.33,272360.753,243051.9979500017,159.83735000000044,154.83240000000058,152.14190476190402
1763082000,143.33,144.59,142.8,143.68,194144.718,245031.59245000174,159.78760000000045,154.50780000000057,151.7533333333326
1763085600,143.68,145.68,143.65,145.32,104619.962,241264.01415000175,159.74045000000044,154.19820000000058,151.36428571428496
1763089200,145.32,145.58,143.65,144.28,118574.644,238635.0021500018,159.66670000000045,153.95460000000057,150.84047619047547
1763092800,144.27,144.37,138.71,141.93,675723.699,268904.3430500018,159.58885000000046,153.7276000000006,150.33476190476117
1763096400,141.94,143.66,141.43,143.18,229329.901,274420.31780000177,159.50210000000047,153.46060000000057,149.81952380952305
1763100000,143.18,144.12,140,143.94,283208.857,283281.12370000174,159.43135000000046,153.24160000000057,149.2271428571421
1763103600,143.94,144.48,142.39,142.85,244376.633,289403.3586000018,159.35250000000048,153.0714000000006,148.58999999999924
1763107200,142.85,142.96,141.4,142.49,149817.467,290633.7925500018,159.26000000000045,152.8486000000006,147.98285714285637
1763110800,142.48,143.19,140.51,140.93,172877.289,288817.0132500018,159.16825000000046,152.6012000000006,147.45571428571353
1763114400,140.93,142.91,140.84,141.95,136787.013,280030.6784500018,159.07915000000045,152.37340000000057,146.85666666666592
1763118000,141.95,142.2,139.84,140.77,310023.166,284744.69395000185,158.98790000000042,152.15320000000057,146.19904761904687
1763121600,140.76,140.76,135.76,138.72,649582.622,303874.0524500019,158.88470000000044,151.90060000000057,145.46095238095162
1763125200,138.72,139.78,135.95,138.95,546774.325,309159.5367500019,158.79130000000043,151.6318000000006,144.89571428571352
1763128800,138.95,142.85,137.54,142.21,574758.886,316067.72245000186,158.69690000000045,151.3500000000006,144.2038095238088
1763132400,142.21,143.76,140.21,142.23,336176.274,310064.59890000185,158.59930000000045,151.02900000000056,143.5176190476183
1763136000,142.23,144.22,141.57,143.42,286299.106,305619.9752500019,158.50485000000043,150.68300000000056,142.93904761904687
1763139600,143.42,143.95,140.57,141.42,165569.86,301434.2672500019,158.40550000000047,150.2516000000006,142.7066666666659
1763143200,141.42,142.92,140.7,141.29,127696.079,296434.5692000019,158.30650000000048,149.83000000000058,142.55428571428496
1763146800,141.29,143.59,140.96,143.14,105874.508,284228.7881000019,158.19810000000047,149.47720000000058,142.5871428571421
1763150400,143.14,143.24,139.29,139.63,141865.632,277704.03205000196,158.08105000000046,149.1104000000006,142.52476190476116
1763154000,139.64,141.23,139.1,140.66,110315.929,273512.59260000195,157.97915000000046,148.80740000000057,142.48619047618973
1763157600,140.66,141.8,139.63,140.32,82372.006,272400.1948000019,157.89620000000048,148.5212000000006,142.4171428571421
1763161200,140.33,140.33,137.2,138.92,157295.818,274336.2535000019,157.8131500000005,148.2912000000006,142.17428571428496
1763164800,138.93,141.31,138.75,141.11,104138.699,245757.0035000019,157.7335500000005,148.08720000000056,142.0471428571421
1763168400,141.11,142.35,140.27,142.03,121875.379,240384.27740000194,157.6467500000005,147.8242000000006,141.8871428571421
1763172000,142.02,143.18,141.59,143.1,155015.172,233974.59315000195,157.55795000000052,147.57640000000058,141.5823809523802
1763175600,143.09,143.35,142.43,142.53,104831.337,226997.32835000195,157.4794000000005,147.30780000000058,141.4314285714278
1763179200,142.54,143.1,141.81,142.4,78301.291,223421.51955000195,157.3901000000005,147.00360000000057,141.43619047618972
1763182800,142.4,143.18,142.32,142.83,83304.874,218942.89880000195,157.29015000000052,146.7480000000006,141.4323809523802
1763186400,142.84,143.59,142.35,142.66,96831.454,216945.12085000193,157.20275000000052,146.52020000000059,141.36523809523737
1763190000,142.67,143.37,142.33,142.76,62615.515,204574.73830000192,157.1177500000005,146.32200000000057,141.34380952380877
1763193600,142.75,142.84,140.5,140.79,92333.535,176712.28395000193,157.0463000000005,146.11760000000058,141.35999999999927
1763197200,140.79,141.7,140.51,140.95,110790.623,154913.09885000193,156.9701500000005,145.90760000000057,141.4423809523802
1763200800,140.95,141.41,140.59,141.22,86318.522,130491.08065000192,156.89820000000051,145.67760000000055,141.48095238095163
1763204400,141.23,141.39,139.97,140.22,69312.311,117147.88250000196,156.82640000000052,145.44480000000055,141.48190476190405
1763208000,140.21,141.02,139.98,140.89,63627.075,106014.28095000195,156.76185000000052,145.17720000000057,141.58809523809452
1763211600,140.89,141.95,140.61,141.66,134004.745,104436.02520000197,156.69355000000053,144.85860000000056,141.69619047618977
1763215200,141.66,141.75,140.76,141.49,71914.797,101646.96110000196,156.62895000000054,144.57140000000055,141.60142857142785
1763218800,141.49,142.26,141.25,141.72,75814.128,100143.94210000198,156.56635000000054,144.27720000000056,141.5376190476183
1763222400,141.72,142.84,140.81,142.76,119171.664,99009.24370000199,156.48645000000056,143.98140000000058,141.4538095238088
1763226000,142.77,144.69,142.53,143.44,195745.05,103280.69975000198,156.40595000000056,143.69060000000056,141.45714285714214
1763229600,143.43,143.45,142.19,142.5,86459.034,103485.05115000198,156.32200000000054,143.39780000000056,141.47761904761833
1763233200,142.5,142.92,141.72,141.77,50185.333,98129.52690000199,156.23885000000055,143.09900000000056,141.4595238095231
1763236800,141.78,141.96,140.13,140.43,92292.209,97537.20240000199,156.16245000000055,142.85700000000054,141.64095238095166
1763240400,140.43,140.83,138.61,138.98,111272.534,97007.06015000198,156.08030000000056,142.60620000000054,141.7285714285707
1763244000,138.98,140.02,138.65,139.85,113548.588,94933.73095000199,156.0037500000006,142.41240000000053,141.7976190476183
1763247600,139.85,140.2,139.47,139.61,71774.153,93280.87175000198,155.92340000000056,142.24040000000056,141.8695238095231
1763251200,139.6,139.79,138.63,139.25,85737.461,93652.68025000198,155.8507000000006,142.13400000000055,141.7680952380945
1763254800,139.24,139.53,137.39,138.78,135933.917,96284.13240000197,155.7942000000006,142.03400000000056,141.66428571428497
1763258400,138.78,140.86,138.45,140.85,97946.381,96339.87875000198,155.73545000000058,141.95900000000057,141.4980952380945
1763262000,140.86,141.52,140.28,141.43,89479.555,97683.08075000197,155.67505000000057,141.90140000000056,141.34190476190403
1763265600,141.43,141.63,140.73,141.36,50967.958,95614.80190000198,155.61900000000057,141.85160000000053,141.16952380952307
1763269200,141.36,142.22,141.27,141.46,77621.334,93956.337450002,155.55235000000056,141.74480000000057,141.07523809523738
1763272800,141.46,142.17,141.33,141.68,48266.005,92053.71160000199,155.47780000000057,141.62580000000057,141.01666666666594
1763276400,141.69,142.46,141.21,142.31,72447.443,92210.468200002,155.39875000000058,141.57620000000054,140.94999999999928
1763280000,142.31,142.63,141.63,142.21,49236.398,91490.934350002,155.30855000000057,141.53120000000058,140.98190476190408
1763283600,142.21,143.38,141.38,143.29,90115.799,89296.487050002,155.19665000000055,141.45200000000057,141.01666666666597
1763287200,143.28,143.34,142.7,142.93,87842.615,90092.877950002,155.09035000000054,141.39560000000057,141.06857142857072
1763290800,142.94,143.12,139.5,139.92,209112.672,96757.805150002,154.97665000000055,141.39060000000057,141.16333333333264
1763294400,139.91,140.63,139.1,140.04,151374.851,98367.964500002,154.86665000000053,141.37320000000057,141.27761904761832
1763298000,140.04,140.58,138.82,139.47,105014.608,93831.442400002,154.75635000000054,141.33860000000058,141.33809523809455
1763301600,139.46,140.85,139.46,140.43,68078.192,92912.40030000199,154.64865000000054,141.3474000000006,141.26333333333264
1763305200,140.43,140.48,137.15,137.48,176083.246,99207.295950002,154.55125000000055,141.35620000000057,141.18333333333263
1763308800,137.47,138.23,135.38,135.73,359387.481,112562.05955000198,154.45790000000054,141.33600000000058,141.02666666666596
1763312400,135.73,136.43,134.42,135.83,301285.49,122062.70735000199,154.3641500000005,141.29780000000056,140.88333333333264
1763316000,135.83,138.51,135.25,135.84,296909.878,131230.771850002,154.2617500000005,141.27180000000055,140.64428571428502
1763319600,135.84,138.03,135.74,136.83,155751.825,135429.655450002,154.14875000000052,141.30600000000058,140.35666666666597
1763323200,136.83,138.17,136.63,136.65,108609.582,136573.261500002,154.03540000000052,141.27660000000057,140.13761904761836
1763326800,136.65,136.78,135.43,136.43,140368.525,136794.991900002,153.92590000000052,141.14700000000056,139.98809523809456
1763330400,136.44,137.95,135.09,137.31,151009.516,139448.148650002,153.82235000000048,141.01900000000057,139.84428571428504
1763334000,137.31,138.14,134.91,137.17,276853.552,148816.848500002,153.7044500000005,140.86740000000057,139.70333333333264
1763337600,137.17,139.51,136.09,139.17,228169.875,157676.94435000198,153.57530000000045,140.77560000000057,139.56904761904693
1763341200,139.17,139.49,138.14,138.26,165881.293,162089.942300002,153.44880000000046,140.68280000000055,139.49904761904696
1763344800,138.26,139.36,137.96,138.89,129072.669,166130.275500002,153.3239000000005,140.54860000000056,139.32380952380885
1763348400,138.89,140.79,138.86,140.28,155052.227,170260.51470000198,153.2111000000005,140.50220000000058,139.2161904761898
1763352000,140.28,140.8,139.66,140.36,120524.997,173824.944650002,153.0972000000005,140.43240000000057,139.06857142857078
1763355600,140.36,140.83,139.85,140.6,71962.413,172917.275350002,152.98830000000046,140.40940000000057,138.94619047618983
1763359200,140.59,141.56,140.13,141.38,96905.796,173370.43440000198,152.88650000000047,140.39620000000056,138.87952380952316
1763362800,141.38,141.85,141.09,141.33,92327.496,167531.175600002,152.7891000000005,140.35180000000057,138.786666666666
1763366400,141.33,141.79,141.01,141.35,161140.063,168019.436200002,152.7011500000005,140.31680000000057,138.70999999999935
1763370000,141.35,142.64,140.94,142,166566.409,171097.026250002,152.6044500000005,140.26200000000057,138.61904761904697
1763373600,142,142.52,141.8,142.27,116200.988,173503.166050002,152.50910000000053,140.22340000000057,138.54285714285646
1763377200,142.27,142.8,141.72,141.9,86603.067,169029.157100002,152.4237000000005,140.20300000000057,138.61095238095172
1763380800,141.9,142.65,141.56,141.78,111029.258,156611.245950002,152.3370500000005,140.17300000000057,138.70428571428505
1763384400,141.79,141.99,137.14,138.03,408515.362,161972.73955000198,152.24980000000048,140.14680000000055,138.8376190476184
1763388000,138.02,143.28,136.8,140.14,559509.657,175102.728500002,152.1666000000005,140.1316000000006,138.90761904761843
1763391600,140.15,140.8,136.86,137.16,294999.013,182065.08790000196,152.0831500000005,140.16120000000058,139.11238095238033
1763395200,137.16,137.21,133.3,135.88,620189.113,207644.06445000198,152.0057000000005,140.18020000000058,139.22190476190414
1763398800,135.87,135.94,131.75,132.04,422549.735,221753.124950002,151.9248000000005,140.19140000000058,139.42714285714223
1763402400,132.03,133.17,130.44,130.52,417655.627,235085.43050000202,151.8560500000005,140.14760000000058,139.48999999999938
1763406000,130.52,131.33,129.37,129.65,416318.592,242058.68250000203,151.78615000000053,140.1326000000006,139.4447619047613
1763409600,129.64,130.88,128.82,130.31,321649.464,246732.66195000202,151.7089000000005,140.0426000000006,139.22523809523747
1763413200,130.32,131.01,129.83,130.7,175208.233,247199.00895000203,151.6085000000005,139.9304000000006,138.9438095238089
1763416800,130.7,131.97,130.3,131.31,151501.067,248320.42885000203,151.51790000000054,139.7368000000006,138.57904761904697
1763420400,131.31,131.77,130.25,130.99,135188.361,247327.23555000202,151.40720000000053,139.4920000000006,138.25238095238032
1763424000,131,131.54,129,131.3,207514.281,251676.699750002,151.28930000000054,139.21620000000058,137.849047619047
1763427600,131.3,132.39,130.96,131.96,151979.986,255677.578400002,151.15815000000052,138.9724000000006,137.51809523809462
1763431200,131.95,134.67,130.45,132.4,407215.302,271193.053700002,151.01855000000052,138.7510000000006,137.14190476190413
1763434800,132.39,135.23,131.4,134.51,433651.126,288259.235200002,150.8715000000005,138.5686000000006,136.7142857142851
1763438400,134.52,136.11,132.52,135.53,353286.253,297866.544700002,150.72755000000052,138.40880000000058,136.3142857142851
1763442000,135.54,136.78,134.92,135.95,300257.678,304551.108150002,150.58075000000053,138.2378000000006,135.9238095238089
1763445600,135.95,137.17,135.02,135.7,482489.829,322865.55020000204,150.43655000000052,138.08480000000057,135.59666666666604
1763449200,135.69,137.81,135.03,136.92,340341.758,335552.48475000204,150.27885000000052,137.9478000000006,135.32047619047557
1763452800,136.93,138.27,136.93,137.76,213799.977,340691.02070000203,150.1207000000005,137.86240000000058,135.0633333333327
1763456400,137.77,138.17,136.47,137.85,196859.458,330108.22550000204,149.9715000000005,137.75600000000057,134.7633333333327
1763460000,137.84,139.12,137.6,137.98,182771.315,311271.3084000021,149.8135500000005,137.64640000000057,134.5085714285708
1763463600,137.98,138.21,137.28,137.88,115247.761,302283.74580000207,149.65535000000048,137.5332000000006,134.31142857142794
1763467200,137.88,138.6,136.99,138.23,165892.975,279568.93890000205,149.5063500000005,137.4424000000006,134.1242857142851
1763470800,138.23,138.4,136.84,138.29,153943.591,266138.631700002,149.3600000000005,137.3640000000006,134.12190476190412
1763474400,138.28,139.89,137.5,137.5,264594.313,258485.56600000203,149.2113000000005,137.27480000000057,134.01428571428508
1763478000,137.5,142.17,137.2,139.7,493333.759,262336.324350002,149.07325000000048,137.19020000000057,134.06523809523745
1763481600,139.7,142,138.77,141.09,328742.568,262690.979550002,148.9245500000005,137.0820000000006,134.17999999999932
1763485200,141.09,141.18,139.32,140.05,119571.909,259909.163350002,148.7784500000005,136.9880000000006,134.43999999999934
1763488800,140.06,141.83,140,141.46,104864.995,257577.359750002,148.62955000000048,136.9554000000006,134.8771428571422
1763492400,141.47,142.12,140.9,141.44,104291.797,256032.53155000205,148.47835000000052,136.90460000000058,135.42190476190413
1763496000,141.45,142.12,141.13,141.13,116006.093,251457.12215000205,148.32935000000052,136.9092000000006,135.88571428571365
1763499600,141.13,141.58,139.66,139.74,104985.522,249107.39895000207,148.18310000000054,136.9224000000006,136.39809523809458
1763503200,139.75,141.89,139.71,141.43,126442.723,235068.77000000206,148.03590000000054,136.97380000000058,136.88047619047552
1763506800,141.44,141.61,140.46,140.69,60763.841,216424.40575000207,147.89750000000055,137.0884000000006,137.3633333333327
1763510400,140.68,141.65,139.29,141.15,162654.708,206892.82850000207,147.76975000000053,137.2006000000006,137.76523809523746
1763514000,141.16,141.8,139.82,140.38,142832.826,199021.58590000207,147.62265000000053,137.3064000000006,138.21619047618984
1763517600,140.38,142.84,140.04,142.2,131761.455,181485.16720000206,147.48820000000055,137.36460000000062,138.61095238095172
1763521200,142.2,142.47,139.44,139.81,182358.717,173586.0151500021,147.35375000000053,137.4602000000006,138.92714285714223
1763524800,139.8,140.25,138.39,138.66,129536,169372.8163000021,147.21875000000054,137.5454000000006,139.1580952380946
1763528400,138.67,139.14,137.12,138,269654.552,173012.5710000021,147.06885000000054,137.62220000000062,139.45571428571364
1763532000,138,139.33,137.6,139.06,143798.4,171063.9252500021,146.94525000000056,137.68640000000062,139.65142857142794
1763535600,139.07,141.14,138.97,140.58,118026.336,171202.8540000021,146.81740000000053,137.7470000000006,139.73428571428508
1763539200,140.57,141.03,139.78,140.18,111978.009,168507.1057000021,146.69260000000054,137.77800000000062,139.74571428571366
1763542800,140.18,140.19,139,139.71,97352.567,165677.5545000021,146.55530000000053,137.7734000000006,139.8033333333327
1763546400,139.72,140.33,139.24,139.54,55620.486,155228.8631500021,146.43800000000053,137.7278000000006,139.9271428571422
1763550000,139.55,139.82,138.35,138.56,103719.929,135748.17165000207,146.30110000000053,137.70180000000062,140.036666666666
1763553600,138.57,139.23,138.18,138.95,92181.815,123920.13400000209,146.15515000000053,137.70140000000063,140.10714285714218
1763557200,138.95,138.96,136.69,136.73,183347.951,127108.93610000207,146.01755000000054,137.67740000000063,140.166666666666
1763560800,136.74,137.86,136,137.23,304852.195,137108.29610000207,145.87465000000054,137.6450000000006,140.2171428571422
1763564400,137.23,139.08,134.42,134.62,420610.205,152924.21650000208,145.74100000000055,137.6088000000006,140.1814285714279
1763568000,134.61,135.45,132.86,133.39,330681.951,163658.00940000208,145.60435000000055,137.54000000000062,139.97380952380885
1763571600,133.38,133.81,131.34,132.21,201676.925,168492.57955000206,145.46585000000053,137.47360000000063,139.83952380952314
1763575200,132.2,132.51,130.53,131.51,181860.292,171263.45800000208,145.31215000000054,137.37020000000064,139.51380952380885
1763578800,131.51,132.11,130.83,131.74,130180.579,174734.29490000207,145.15510000000054,137.2792000000006,139.13047619047552
1763582400,131.74,133.56,131.36,133.21,180935.025,175648.31075000207,145.01525000000055,137.2110000000006,138.7057142857136
1763586000,133.21,136,132.73,135.45,317848.86,184399.11245000205,144.87310000000056,137.0760000000006,138.31380952380883
1763589600,135.45,135.7,134.21,135.57,140597.868,184840.93310000206,144.73450000000057,136.9770000000006,137.8523809523803
1763593200,135.57,137.06,135.4,137.06,134399.393,182442.96690000204,144.58770000000058,136.8896000000006,137.49619047618978
1763596800,137.06,138.14,136.38,137.72,149884.894,183460.41160000203,144.43460000000056,136.88360000000063,137.22476190476124
1763600400,137.73,139.82,137.47,139.67,154066.03,177680.98550000202,144.27555000000058,136.93740000000062,136.9957142857136
1763604000,139.67,144.22,139.37,143.67,807871.883,210884.65965000205,144.11425000000057,137.0534000000006,136.7509523809517
1763607600,143.67,144.46,142.89,143.18,265283.708,218247.528250002,143.95450000000056,137.15860000000063,136.6514285714279
1763611200,143.18,144.74,142.4,144.66,220774.311,223687.34335000202,143.80385000000058,137.28580000000065,136.69952380952316
1763614800,144.67,144.8,143.62,144.1,182969.679,227968.19895000206,143.66705000000056,137.41400000000064,136.96952380952317
1763618400,144.1,144.33,142.19,142.84,177630.75,234068.71215000207,143.52990000000057,137.58760000000063,137.16571428571365
1763622000,142.85,143.89,142.72,143.8,140853.399,235925.3856500021,143.41075000000058,137.83500000000063,137.35999999999936
1763625600,143.8,143.96,142.89,143.39,182742.297,240453.40975000212,143.29615000000058,138.05940000000064,137.546666666666
1763629200,143.39,143.42,141.39,142.04,169553.478,239763.6861000021,143.19695000000058,138.30460000000062,137.69571428571362
1763632800,142.05,142.34,141.07,142.26,149938.277,232017.99020000207,143.12050000000056,138.49640000000062,137.89857142857076
1763636400,142.26,142.5,141.54,142.12,100270.583,216001.00910000206,143.04850000000056,138.6426000000006,138.12857142857075
1763640000,142.12,142.47,141.36,142.02,152673.588,207100.59095000205,142.98795000000058,138.79960000000062,138.2757142857136
1763643600,142.02,143.39,140.5,140.7,329007.224,213467.1059000021,142.92805000000058,138.95340000000064,138.53904761904695
1763647200,140.7,141.53,138.98,140.95,291849.328,218966.5577000021,142.8588500000006,139.05580000000063,138.7719047619041
1763650800,140.95,141.11,138.35,138.57,228662.921,223890.6748000021,142.8047000000006,139.14580000000063,139.12428571428504
1763654400,138.56,138.74,131.56,132.65,1148919.176,272289.88235000207,142.7525000000006,139.23120000000065,139.4723809523803
1763658000,132.64,133.15,131.11,132.81,614388.741,287116.8764000021,142.6856000000006,139.31200000000064,139.88857142857077
1763661600,132.8,134.58,132.01,132.57,473340.17,303753.9915000021,142.62540000000058,139.36840000000063,140.22476190476124
1763665200,132.56,134.47,131.63,133.92,270486.257,310558.3347000021,142.56315000000058,139.42280000000065,140.26809523809456
1763668800,133.91,134.67,132.66,133.69,308409.622,318484.57110000204,142.49850000000058,139.42840000000066,140.24904761904696
1763672400,133.69,135.29,133.58,134.13,213970.228,321479.78100000205,142.4246000000006,139.33140000000066,140.1119047619041
1763676000,134.13,136.68,133.97,136.45,144207.457,288296.5597000021,142.34970000000058,139.19360000000063,140.03333333333268
1763679600,136.45,136.55,133.31,133.67,170500.223,283557.3854500021,142.26745000000062,139.02320000000066,139.8728571428565
1763683200,133.67,135.06,133.63,134.19,157891.536,280413.2467000021,142.1407000000006,138.90060000000065,139.7019047619041
1763686800,134.19,135.05,133.61,134.24,151515.116,278840.51855000213,142.0144000000006,138.74520000000066,139.54857142857077
1763690400,134.24,134.66,131.03,131.39,281096.572,284013.8096500021,141.8758000000006,138.59900000000064,139.07238095238029
1763694000,131.38,133.64,131.37,132.62,260874.767,290014.8780500021,141.7452500000006,138.50540000000063,138.64428571428505
1763697600,132.62,133.06,130.47,132.64,211279.501,291441.7382500021,141.6144500000006,138.38400000000064,138.14809523809458
1763701200,132.64,133.1,131.58,132.09,116158.792,288772.0039500021,141.4822500000006,138.23920000000064,137.54285714285646
1763704800,132.1,132.37,130.55,130.87,246425.564,293596.3683000021,141.37165000000059,138.11020000000065,137.05619047618978
1763708400,130.87,131.39,122.2,127.55,1369424.62,357054.07015000214,141.2613500000006,137.91500000000065,136.52476190476122
1763712000,127.55,129.45,126.87,128.1,466164.396,372728.6105500021,141.1683500000006,137.75980000000064,135.986666666666
1763715600,128.1,128.96,125.47,125.5,379806.953,375268.59700000205,141.07285000000059,137.56860000000063,135.45476190476126
1763719200,125.5,126.59,124.85,125.09,473173.757,384334.8184500021,140.96590000000057,137.41420000000065,134.75428571428506
1763722800,125.09,126.37,123.79,124.32,350373.856,390420.3652000021,140.86375000000058,137.25840000000065,134.086666666666
1763726400,124.32,127.26,121.66,126.25,816743.092,373811.5610000021,140.75820000000058,137.04940000000065,133.29999999999933
1763730000,126.25,128.34,125.58,127.21,469647.997,366574.52380000206,140.6480000000006,136.83020000000064,132.556666666666
1763733600,127.21,129.61,126.22,128.62,412464.006,363530.71560000203,140.53290000000058,136.52860000000064,131.76476190476123
1763737200,128.62,129,124.78,125.41,388528.137,369432.809600002,140.4035500000006,136.22680000000065,131.17809523809456
1763740800,125.4,128.83,123.58,128.66,404122.548,374218.4559000021,140.2790000000006,135.91900000000064,130.91904761904692
1763744400,128.65,130.62,128.35,129.22,339816.123,380510.75065000204,140.1427500000006,135.65320000000062,130.7195238095231
1763748000,129.23,130.39,126.54,129.54,236937.241,385147.23985000205,140.00370000000058,135.42620000000065,130.37857142857075
1763751600,129.54,129.88,127.55,128.12,130141.019,383129.2796500021,139.85365000000058,135.2196,130.12809523809455
1763755200,128.12,128.4,125.95,127.18,214586.624,385964.03405000205,139.71340000000058,134.9932,129.91523809523738
1763758800,127.18,129.35,126.67,128.87,144654.36,385620.99625000206,139.5687500000006,134.8218,129.69666666666598
1763762400,128.88,129.36,125.43,125.49,131169.848,378124.66005000204,139.4282500000006,134.71380000000002,129.29999999999933
1763766000,125.49,128.88,125.11,128.68,132889.268,371725.38510000205,139.27875000000057,134.6368,128.99095238095168
1763769600,128.69,129.44,127.98,128.46,138374.954,368080.15775000205,139.14240000000058,134.555,128.73761904761835
1763773200,128.46,129.94,128.39,129.48,96196.023,367082.019300002,139.01345000000057,134.4684,128.32095238095167
1763776800,129.49,129.63,127.27,128.03,108006.441,360161.06315000204,138.88400000000058,134.411,128.19190476190403
1763780400,128.04,128.43,126.82,127.13,134666.347,298423.14950000204,138.74310000000057,134.2566,127.9938095238088
1763784000,127.13,127.42,125.68,126.99,146363.091,282433.08425000205,138.5968500000006,134.12120000000002,127.8433333333326
1763787600,127,127.3,125.38,126.25,120774.933,269481.483250002,138.47210000000058,133.979,127.64999999999927
1763791200,126.25,128.29,125.35,128.06,127156.621,252180.62645000205,138.3230500000006,133.8274,127.47190476190401
1763794800,128.07,128.39,127.36,127.74,127016.316,241012.74945000204,138.2008,133.63360000000003,127.44523809523736
1763798400,127.74,127.74,125.5,125.93,126648.233,206508.00650000205,138.0876,133.38280000000003,127.35714285714212
1763802000,125.93,127.55,125.69,126.47,111914.488,188621.33105000205,137.99955,133.04920000000004,127.47904761904688
1763805600,126.47,127.21,125.57,125.92,82198.601,172108.06080000201,137.91254999999998,132.71060000000003,127.60523809523735
1763809200,125.92,127.47,125.32,126.68,154392.431,160401.27550000203,137.83455,132.37860000000003,127.68190476190401
1763812800,126.68,126.72,125.22,125.81,98532.074,145121.751800002,137.75584999999998,132.05140000000003,127.69238095238019
1763816400,125.81,126.42,125.08,125.62,67325.092,131497.20025000203,137.6766,131.71320000000003,127.63095238095163
1763820000,125.62,127.51,125.53,127.13,85397.304,123920.20340000202,137.59394999999998,131.36660000000003,127.53857142857066
1763823600,127.12,127.79,126.16,127.13,189373.884,126881.84665000203,137.509,131.01720000000003,127.55761904761829
1763827200,127.13,128.6,126.86,128.21,146990.497,123502.04030000205,137.422,130.71000000000004,127.41285714285638
1763830800,128.21,128.45,127.3,127.61,122736.367,122406.14065000205,137.33595,130.38100000000003,127.31333333333257
1763834400,127.61,128.06,127.41,127.77,68720.96,119283.69625000205,137.23895,130.05100000000004,127.19857142857067
1763838000,127.78,128.09,126.79,127.2,76256.57,116452.06135000203,137.15095,129.75320000000002,127.2028571428564
1763841600,127.2,127.64,126.1,126.45,61764.902,112621.55875000203,137.07035,129.48180000000005,127.22333333333258
1763845200,126.44,126.84,126.12,126.64,38954.55,109759.48510000203,136.98255,129.22700000000003,127.17095238095163
1763848800,126.64,128.92,126.2,128.25,103044.524,109511.38925000203,136.89849999999998,129.00780000000003,127.25238095238021
1763852400,128.24,128.47,127.3,127.59,81777.109,106866.92735000204,136.8199,128.91020000000003,127.14619047618973
1763856000,127.6,128.65,127.56,128.03,73607.295,103229.13755000204,136.74849999999998,128.79800000000006,127.05952380952306
1763859600,128.04,129.86,127.88,129.46,198977.923,107139.28705000205,136.68189999999998,128.67560000000006,127.00095238095238
1763863200,129.46,130.8,129.11,130.05,137826.743,107672.79315000205,136.611,128.53000000000006,126.97999999999999
1763866800,130.04,130.41,129.38,129.96,80616.505,105352.80260000203,136.54315,128.42120000000006,127.02285714285716
1763870400,129.95,131.9,129.95,130.74,153771.533,106708.96760000203,136.4818,128.29040000000003,127.1404761904762
1763874000,130.74,130.93,130.2,130.53,83991.151,105312.80075000203,136.42025,128.12200000000004,127.3214285714286
1763877600,130.53,130.91,129.16,129.34,86050.769,105505.40915000203,136.35045,128.03780000000003,127.41190476190481
1763881200,129.34,129.42,128.11,128.86,167440.281,106157.80165000205,136.27724999999998,127.95500000000006,127.55476190476193
1763884800,128.86,129.78,128.83,129.68,71726.798,104817.53785000203,136.2003,127.86940000000006,127.77380952380956
1763888400,129.68,130.99,129.45,130.09,104001.11,106651.33875000205,136.14049999999997,127.85640000000005,127.91047619047623
1763892000,130.08,130.19,129.42,129.96,49388.57,104850.90205000204,136.08429999999998,127.81460000000004,128.05047619047622
1763895600,129.95,130,129.02,129.75,74999.81,99132.19835000204,136.01839999999999,127.74860000000004,128.19333333333338
1763899200,129.76,131.72,129.65,130.88,199741.853,101769.76615000205,135.97394999999997,127.68400000000005,128.39714285714288
1763902800,130.89,131.73,130.34,131.58,131458.955,102205.89555000204,135.92329999999995,127.66020000000005,128.60380952380956
1763906400,131.57,132.75,130.5,130.75,179426.292,107741.16215000204,135.86839999999998,127.71100000000004,128.72857142857146
1763910000,130.74,133.13,130.43,132.87,249949.643,116425.81580000203,135.8181,127.74820000000004,128.9071428571429
1763913600,132.88,133.47,131.73,131.79,152503.544,120962.74790000202,135.76094999999998,127.83320000000003,129.0676190476191
1763917200,131.78,131.91,130.84,131.39,114516.988,124740.86980000204,135.70125,127.94900000000003,129.2171428571429
1763920800,131.39,132.93,131.38,132.19,81976.821,123687.48465000202,135.63555,128.09420000000003,129.46000000000006
1763924400,132.2,133.1,131.98,132.38,64287.962,122813.02730000201,135.57164999999998,128.18420000000003,129.67857142857147
1763928000,132.39,132.85,132.09,132.64,47015.289,121483.427000002,135.51405,128.29740000000004,129.91380952380956
1763931600,132.63,133.54,131.52,133.14,86247.579,115846.909800002,135.45779999999996,128.36080000000004,130.1780952380953
1763935200,133.15,133.32,132.28,132.67,76704.615,112790.80340000203,135.39824999999996,128.48040000000003,130.37476190476195
1763938800,132.67,132.87,130.52,130.58,152487.161,116384.33620000203,135.34879999999998,128.55100000000002,130.61523809523814
1763942400,130.58,132.11,129.31,130.81,228619.115,120126.71530000205,135.30379999999997,128.61420000000004,130.85857142857148
1763946000,130.81,131.76,130,131.49,109123.983,121383.35690000204,135.25599999999997,128.67620000000002,131.0114285714286
1763949600,131.5,134.4,131.42,133.39,223678.527,128264.74480000204,135.21084999999997,128.77660000000003,131.03666666666672
1763953200,133.4,134.41,132.84,133.43,105795.82,125182.52175000202,135.17165,128.8864,131.07714285714292
1763956800,133.42,133.54,130.6,131.38,220646.593,132628.51150000203,135.13039999999998,128.92060000000004,131.1128571428572
1763960400,131.38,133.93,131.21,132.96,147144.17,134785.66450000202,135.0878,129.02700000000002,131.24904761904767
1763964000,132.95,133.03,130.67,131.18,210087.637,142820.61785000205,135.0437,129.0832,131.44380952380956
1763967600,131.17,131.43,130.19,130.34,158551.077,146998.18120000203,134.98799999999997,129.1818,131.56380952380954
1763971200,130.33,130.76,129.63,130.58,158759.217,144949.04940000206,134.92825,129.26080000000002,131.72000000000003
1763974800,130.58,130.68,128.44,128.89,149244.126,145838.30795000205,134.86849999999998,129.32780000000002,131.7719047619048
1763978400,128.9,129.47,128.76,129.23,91624.799,141448.23330000206,134.82295,129.44440000000003,131.79000000000005
1763982000,129.23,129.93,128.78,129.62,88531.992,133377.35075000205,134.78124999999997,129.52820000000003,131.82952380952386
1763985600,129.61,130,129,129.53,127532.959,132128.82150000203,134.736,129.61,131.73476190476194
1763989200,129.52,130.58,129.38,129.76,161123.037,134459.12395000205,134.7059,129.66040000000004,131.6228571428572
1763992800,129.75,131.62,128.54,130.75,325442.204,146632.39310000202,134.66254999999998,129.6834,131.56904761904767
1763996400,130.75,132.6,130.03,131.94,251356.121,155985.80105000205,134.6162,129.74940000000004,131.41000000000005
1764000000,131.93,134.42,131.82,133.7,378960.583,172583.06575000205,134.57285,129.81240000000003,131.31333333333336
1764003600,133.71,137.19,133.58,136.91,413147.997,188928.08665000205,134.5234,129.88460000000003,131.28285714285718
1764007200,136.92,138,136.48,137.41,224171.623,196301.43705000204,134.4653,129.94620000000003,131.27095238095242
1764010800,137.41,137.82,136.67,137.24,154940.913,196424.12465000205,134.40625,130.04500000000004,131.33380952380958
1764014400,137.24,139.36,137.24,139,424561.352,206221.23650000207,134.34709999999998,130.17140000000006,131.5371428571429
1764018000,138.99,139.18,138.04,138.97,145868.717,208058.47320000207,134.28859999999997,130.30280000000005,131.74047619047624
1764021600,138.97,139.87,138.44,139.05,162768.68,205012.9808500021,134.23395,130.49840000000003,131.9580952380953
1764025200,139.04,139.22,138.2,138.44,83175.804,203881.9800500021,134.1821,130.68240000000006,132.3590476190477
1764028800,138.43,138.99,137.64,138.43,133534.222,199526.36150000212,134.13954999999999,130.87500000000003,132.74761904761914
1764032400,138.43,138.98,137.77,137.81,81011.209,196219.7134500021,134.10765,131.09960000000004,133.10761904761912
1764036000,137.82,138.39,137.25,138.18,75068.535,189468.7583500021,134.08005,131.33500000000004,133.3480952380953
1764039600,138.17,138.67,137.28,137.8,50046.481,184043.5285500021,134.06664999999998,131.58700000000005,133.58619047619055
1764043200,137.8,138.97,137.73,138.55,57801.618,178995.6486000021,134.06144999999998,131.82300000000004,133.89238095238102
1764046800,138.54,138.83,137.86,138.58,57455.94,174406.23930000208,134.05895,132.02660000000003,134.14095238095246
1764050400,138.57,138.63,137.41,138.17,69398.949,173294.94680000207,134.05205,132.23100000000002,134.45619047619056
1764054000,138.18,138.2,136.3,136.33,98700.517,173803.3730500021,134.05684999999997,132.43400000000003,134.84714285714296
1764057600,136.33,136.7,135.15,135.44,171271.51,175990.3006000021,134.07035,132.60080000000002,135.22809523809534
1764061200,135.44,136.35,134.73,136.29,135282.078,174698.2526500021,134.08024999999998,132.7708,135.67000000000007
1764064800,136.3,136.84,135.86,136.62,96072.972,163229.79105000212,134.09194999999997,132.94320000000005,136.00809523809534
1764068400,136.63,136.74,135.95,136.29,114107.798,156367.37490000212,134.09679999999997,133.09180000000003,136.28523809523818
1764072000,136.29,136.98,135.66,136.32,159363.018,145387.49665000214,134.10629999999998,133.20780000000002,136.60714285714292
1764075600,136.31,136.97,135.17,135.47,158756.197,132667.90665000214,134.11704999999995,133.32980000000003,136.9338095238096
1764079200,135.47,136.24,133.13,134.69,260512.685,134484.95975000213,134.12134999999995,133.47840000000005,137.19761904761913
1764082800,134.69,135.5,133.45,134.86,194538.074,136464.8178000021,134.11714999999995,133.61720000000003,137.40619047619055
1764086400,134.86,137.08,134.54,136.07,124460.059,121459.75315000213,134.09849999999994,133.74120000000002,137.49047619047627
1764090000,136.06,138.02,135.73,136.91,161785.008,122255.56770000211,134.08864999999997,133.8684,137.384761904762
1764093600,136.92,137.69,136.3,136.34,104837.734,119359.0204000021,134.07729999999995,133.9828,137.26333333333343
1764097200,136.34,136.74,134.24,136.72,180068.097,124203.6350500021,134.05734999999996,134.059,137.20761904761912
1764100800,136.73,138.03,136.27,137.75,97311.991,122392.5235000021,134.03714999999997,134.12460000000002,137.10809523809533
1764104400,137.75,138.13,136.98,137.17,66844.904,121684.20825000212,134.01149999999996,134.231,136.98285714285723
1764108000,137.17,139.59,135.98,138.99,152810.855,125571.32425000212,133.97805,134.3118,136.87190476190486
1764111600,138.98,140.5,138.56,138.96,193779.402,132757.9703000021,133.9457,134.40279999999998,136.8390476190477
1764115200,138.96,139.87,138.81,139.04,86446.136,134190.19620000213,133.9193,134.5094,136.7790476190477
1764118800,139.04,140.68,138.57,140.02,121096.37,137372.21770000213,133.89385,134.6206,136.83523809523817
1764122400,140.01,140.23,139.06,139.25,112160.336,139510.28705000214,133.86419999999998,134.7164,136.87238095238104
1764126000,139.26,139.78,137.92,138.15,146926.091,141921.56575000213,133.83829999999998,134.8434,136.93142857142865
1764129600,138.15,138.55,137.72,138.04,96227.961,138169.38830000215,133.81814999999997,134.9598,137.00142857142865
1764133200,138.04,139.29,137.99,139.02,57607.937,134285.68125000212,133.81384999999997,135.08720000000002,137.03333333333342
1764136800,139.01,139.77,138.41,139.56,136351.851,136299.6252000021,133.80809999999997,135.276,137.03238095238103
1764140400,139.56,139.95,139.1,139.89,132565.578,137222.51420000213,133.81709999999998,135.44480000000001,137.1138095238096
1764144000,139.88,139.93,137.91,137.93,139358.795,136222.3030500021,133.83289999999997,135.578,137.2842857142858
1764147600,137.93,138.14,136.21,136.72,193774.632,137973.22480000212,133.87279999999998,135.67100000000002,137.44000000000008
1764151200,136.72,137.45,136.61,137.27,87645.596,129329.87035000211,133.91644999999997,135.7828,137.59571428571437
1764154800,137.28,137.38,136.6,136.87,61401.066,122673.01995000211,133.95894999999996,135.9464,137.6738095238096
1764158400,136.86,137.1,135.56,135.65,121626.214,122531.32770000212,133.99759999999998,136.085,137.69285714285724
1764162000,135.64,136.92,135.5,136.73,109079.84,119896.06930000211,134.0392,136.22000000000003,137.77857142857152
1764165600,136.73,138.29,135.7,136.32,359740.482,132641.2067000021,134.08044999999998,136.3476,137.88238095238106
1764169200,136.31,137.45,135.78,136.66,297739.164,138524.76005000208,134.12494999999998,136.4814,137.9200000000001
1764172800,136.67,138.1,136.46,137.06,142314.682,140774.8946000021,134.1581,136.641,137.9514285714287
1764176400,137.07,141.04,136.75,140.75,251692.601,150017.27945000207,134.18189999999998,136.76940000000002,137.92333333333343
1764180000,140.76,144.71,140.7,144.63,649135.125,174833.49295000208,134.20625,136.9116,137.93857142857155
1764183600,144.64,144.75,143.67,143.99,224497.303,176369.38800000207,134.21805,137.0474,137.954761904762
1764187200,143.99,144.03,142.53,142.91,153933.856,179743.77400000207,134.21865,137.18540000000002,138.09761904761913
1764190800,142.9,144.23,142.85,143.53,112824.975,179330.20425000208,134.22254999999998,137.31160000000003,138.45285714285723
1764194400,143.52,144.11,142.8,143.06,147618.874,181103.13115000207,134.22564999999997,137.4878,138.69095238095247
1764198000,143.05,143.45,142.51,143.02,80097.205,177761.68685000206,134.22435,137.7064,138.8790476190477
1764201600,143.01,143.75,142.23,142.83,96769.592,177788.76840000207,134.22084999999998,137.848,139.09285714285724
1764205200,142.84,143.7,142.07,143.31,92892.925,179553.01780000207,134.23534999999998,137.958,139.23761904761915
1764208800,143.3,144.14,142.8,143,118141.461,178642.49830000207,134.26859999999996,138.0838,139.41714285714295
1764212400,143,143.72,142.35,142.52,119839.837,178006.21125000206,134.29914999999997,138.165,139.6400000000001
1764216000,142.52,143.03,142.33,142.87,65204.051,174298.47405000206,134.32254999999998,138.24599999999998,139.89095238095246
1764219600,142.86,143.49,142.55,142.77,78428.195,168531.15220000205,134.34875,138.3216,140.08047619047628
1764223200,142.78,144.14,142.77,143.95,94752.097,168886.47725000203,134.37654999999998,138.41899999999998,140.22142857142867
1764226800,143.96,144.29,143.61,143.77,96924.299,170662.63890000206,134.39314999999996,138.5104,140.36333333333346
1764230400,143.77,143.9,142.12,142.59,102248.339,169693.74515000204,134.40184999999997,138.6046,140.59380952380963
1764234000,142.6,143.06,141.65,141.74,92590.253,168869.26580000206,134.41814999999994,138.6984,140.93809523809534
1764237600,141.74,142.35,141.51,142.31,74771.964,154620.83990000206,134.42584999999997,138.7978,141.24761904761914
1764241200,142.32,142.34,141.67,142.08,55750.668,142521.41510000208,134.43124999999998,138.9058,141.5200000000001
1764244800,142.08,142.19,140.99,141.13,87751.213,139793.24165000208,134.43994999999995,139.00959999999998,141.8100000000001
1764248400,141.13,141.54,140.67,141.24,110106.884,132713.9558000021,134.45509999999996,139.098,142.07571428571438
1764252000,141.24,141.8,140.85,141.26,95642.339,105039.3165000021,134.46769999999998,139.2062,142.35000000000008
1764255600,141.26,142.54,141.07,142.15,113880.489,99508.4758000021,134.48309999999995,139.3436,142.5628571428572
1764259200,142.15,142.46,141.6,142.2,160650.901,99844.3280500021,134.49029999999996,139.45940000000002,142.76190476190484
1764262800,142.2,142.28,141.43,141.61,157954.825,102100.8205500021,134.49709999999996,139.5496,142.78619047619054
1764266400,141.6,143.15,141.52,142.94,164111.131,102925.4334000021,134.49764999999996,139.64860000000002,142.6680952380953
1764270000,142.93,142.94,142.25,142.73,65815.847,102211.3655000021,134.50899999999996,139.74740000000003,142.5828571428572
1764273600,142.73,142.91,142.42,142.48,72313.454,100988.5586000021,134.52134999999996,139.881,142.52095238095245
1764277200,142.47,142.56,141.79,141.93,77516.688,100219.7467500021,134.53754999999998,140.0312,142.4928571428572
1764280800,141.93,142.04,140.51,140.82,86058.872,98615.61730000211,134.54854999999998,140.1662,142.4771428571429
1764284400,140.81,141.45,140.47,140.85,51556.865,95201.4687000021,134.55639999999997,140.3036,142.4514285714286
1764288000,140.85,141.45,140.49,141,52114.401,94546.98620000211,134.5665,140.42,142.40857142857146
1764291600,141.01,141.05,138.85,139.05,141229.853,97687.0691000021,134.576,140.54279999999997,142.29000000000005
1764295200,139.06,139.63,138.59,139.49,91495.238,97524.2261500021,134.59299999999996,140.647,142.18761904761908
1764298800,139.5,139.87,139.16,139.68,129251.381,99140.5802500021,134.61384999999999,140.70839999999998,142.1152380952381
1764302400,139.68,140.25,139.55,140.07,60001.824,97028.2545000021,134.6315,140.78199999999998,141.93333333333334
1764306000,140.06,140.6,139.86,140.37,140098.214,99403.6525500021,134.65749999999997,140.82219999999998,141.77714285714288
1764309600,140.37,140.37,139.21,139.47,69624.463,99146.27750000209,134.67544999999996,140.82399999999998,141.57380952380953
1764313200,139.47,140.05,138.97,138.97,67705.016,99743.9949000021,134.70659999999995,140.83299999999997,141.39761904761906
1764316800,138.98,141.62,138.95,141.48,124927.147,101602.79160000209,134.74464999999998,140.82619999999997,141.2919047619048
1764320400,141.48,142.64,141.04,141.7,289113.661,110553.13045000208,134.77884999999998,140.84259999999998,141.18380952380954
1764324000,141.69,142.38,141.58,142.07,110856.989,111313.86295000208,134.81875,140.88699999999997,141.02476190476193
1764327600,142.08,142.08,139.96,140.99,89863.562,110113.01660000207,134.85845,140.91559999999998,140.9961904761905
1764331200,140.99,141.56,140.77,140.79,133936.723,108777.30770000206,134.89275,140.91459999999998,141.02333333333334
1764334800,140.8,143.4,140.43,142.51,216782.356,111718.68425000206,134.91735,140.953,141.06285714285715
1764338400,142.52,143.55,141.72,142.59,231677.592,115097.00730000206,134.93685,140.98919999999998,141.05000000000004
1764342000,142.59,143.6,141.31,141.61,354783.503,129545.39010000206,134.94639999999998,141.072,140.98523809523812
1764345600,141.62,141.65,138.76,138.79,253093.093,138584.37205000204,134.96519999999998,141.15739999999997,141.00000000000003
1764349200,138.8,138.84,136.77,137.18,290685.014,149242.78835000205,134.97535,141.2278,141.04666666666668
1764352800,137.18,137.54,136.01,137.18,222105.915,156045.14050000205,134.96734999999998,141.3406,140.98333333333335
1764356400,137.18,137.99,137.05,137.53,130868.755,160010.73500000202,134.95639999999997,141.4794,140.7957142857143
1764360000,137.54,137.98,136.93,137.9,78347.81,161322.40545000203,134.93704999999997,141.577,140.54333333333335
1764363600,137.9,138.04,137.31,137.4,52132.401,156867.53285000203,134.92909999999998,141.6264,140.31714285714287
1764367200,137.4,137.88,136.59,137.81,116847.192,158135.13055000204,134.92784999999998,141.6368,140.1604761904762
1764370800,137.8,138.3,137.28,137.33,54967.928,154420.95790000202,134.91689999999997,141.6392,140.02000000000004
1764374400,137.33,137.89,137.15,137.66,59041.014,154372.917400002,134.89389999999997,141.5748,139.84857142857143
1764378000,137.65,137.84,137.26,137.41,45712.702,149653.64180000202,134.86959999999996,141.4402,139.7895238095238
1764381600,137.42,137.71,136.89,137.21,87470.183,150545.927800002,134.84419999999997,141.3084,139.68666666666667
1764385200,137.2,137.4,136.7,136.83,54531.5,149887.25200000202,134.82125,141.2064,139.59047619047618
1764388800,136.84,137.72,136.84,137.64,41405.206,145711.15495000203,134.80065,141.0824,139.46380952380954
1764392400,137.65,137.66,137.14,137.22,60045.13,134257.72840000203,134.78414999999998,140.9744,139.31333333333333
1764396000,137.22,137.6,136.22,137.11,162032.312,136816.494550002,134.76845,140.8622,139.18761904761905
1764399600,137.11,137.55,136.93,137.28,52995.013,134973.06710000202,134.76225,140.74980000000002,139.12428571428572
1764403200,137.28,137.48,136.64,136.98,84762.582,132514.360050002,134.7873,140.6202,138.92142857142858
1764406800,136.98,137.12,136.6,136.67,61895.572,124770.020850002,134.8103,140.513,138.70285714285714
1764410400,136.68,137.01,136.39,136.82,73404.532,116856.36785000199,134.83350000000002,140.407,138.47476190476192
1764414000,136.81,137.37,136.66,137.33,45066.19,101370.502200002,134.84805,140.2918,138.28380952380954
1764417600,137.33,137.47,136.87,136.94,39342.965,90682.995800002,134.86780000000002,140.18200000000002,138.08761904761906
1764421200,136.94,137.08,136.67,136.91,44345.387,78366.01445000201,134.88325,140.0426,137.8166666666667
1764424800,136.91,136.91,136.5,136.54,42988.307,69410.134050002,134.88655,139.9006,137.56619047619049
1764428400,136.54,137.66,136.54,137.58,107679.387,68250.665650002,134.9046,139.78519999999997,137.34380952380954
1764432000,137.58,137.84,137.05,137.66,64119.84,67539.26715000201,134.91854999999998,139.697,137.25428571428571
1764435600,137.67,138.1,136.07,136.19,173154.741,73590.384150002,134.9307,139.5896,137.22380952380954
1764439200,136.19,136.35,134.76,135.69,216814.773,78588.763200002,134.95785,139.4862,137.24285714285716
1764442800,135.69,136.24,135.42,135.68,72615.372,79471.135400002,134.9814,139.3944,137.24904761904762
1764446400,135.67,136.33,135.33,136.23,59025.386,79470.354000002,135.00289999999998,139.32119999999998,137.16761904761904
1764450000,136.24,136.52,135.76,136.46,36682.602,79018.849000002,135.027,139.2492,137.08619047619047
1764453600,136.45,136.46,135.38,135.81,121295.745,80710.12710000199,135.05535,139.13,136.9847619047619
1764457200,135.82,136.2,135.49,135.91,52894.73,80628.288600002,135.1055,138.9998,136.93238095238095
1764460800,135.92,136.45,135.73,135.95,93845.179,83250.287250002,135.1533,138.88119999999998,136.8752380952381
1764464400,135.95,136.61,135.86,136.29,114935.777,85994.819600002,135.20675,138.74699999999999,136.79904761904763
1764468000,136.3,136.8,135.85,135.93,105466.426,83166.525300002,135.25975,138.6216,136.73714285714286
1764471600,135.92,136.5,135.25,136.4,116839.286,86358.738950002,135.31654999999998,138.4882,136.6952380952381
1764475200,136.41,136.95,136.22,136.34,65092.341,85375.22690000202,135.36644999999996,138.3678,136.63095238095238
1764478800,136.35,136.35,135.57,135.77,41459.43,84353.41980000201,135.41269999999997,138.2704,136.56952380952382
1764482400,135.77,136.49,135.52,136.33,67203.652,84043.375800002,135.44864999999996,138.1792,136.53571428571428
1764486000,136.33,136.72,136.19,136.53,63671.398,84973.63620000202,135.50114999999997,138.0778,136.49095238095236
1764489600,136.52,137.09,136.12,136.81,111045.095,88558.74270000201,135.53759999999997,138.0248,136.43333333333334
1764493200,136.81,137.1,136.46,136.82,63055.059,89494.22630000199,135.57294999999996,137.9618,136.41714285714286
1764496800,136.82,136.96,136.52,136.68,44352.39,89562.430450002,135.6049,137.8836,136.40333333333334
1764500400,136.67,136.9,136.23,136.42,35599.503,85958.43625000198,135.64629999999997,137.80880000000002,136.37857142857143
1764504000,136.43,137.73,136.2,137.58,107166.542,88110.77135000197,135.69209999999998,137.732,136.37285714285716
1764507600,137.58,140.19,137.33,139.26,307421.588,94824.11370000198,135.7266,137.67880000000002,136.36190476190478
1764511200,139.26,139.47,138.13,138.51,203846.272,94175.68865000198,135.78079999999997,137.6358,136.35619047619048
1764514800,138.51,138.54,137.51,138.33,83536.333,94721.73670000199,135.82004999999998,137.53979999999999,136.3561904761905
1764518400,138.34,139.82,138.29,139.52,116194.662,97580.20050000199,135.8618,137.4342,136.43238095238098
1764522000,139.52,139.52,138.36,138.46,111076.853,101299.913050002,135.89849999999998,137.3444,136.54285714285717
1764525600,138.47,138.64,137.86,138.61,90928.526,99781.552100002,135.94174999999998,137.3098,136.66857142857145
1764529200,138.61,138.67,137.37,137.63,108764.091,102575.020150002,135.98819999999998,137.2642,136.85142857142858
1764532800,137.62,137.93,136.87,137.3,101103.662,102937.944300002,136.04115,137.1806,136.95761904761906
1764536400,137.29,137.4,136.62,137.04,78211.956,101101.753250002,136.10619999999997,137.1192,137.06
1764540000,137.03,137.89,136.99,137.72,64844.119,99070.637900002,136.15845,137.05620000000002,137.14666666666668
1764543600,137.72,137.79,133.26,133.48,312505.189,108853.933050002,136.2114,137.05259999999998,137.2128571428571
1764547200,133.48,133.74,127.53,127.57,958104.526,153504.542300002,136.27935,137.06159999999997,137.26476190476188
1764550800,127.57,129.33,127.46,127.96,252307.445,164046.94305000198,136.33929999999998,137.064,137.33285714285714
1764554400,127.96,128.66,127.47,127.57,236817.859,172527.653400002,136.40275,137.05419999999998,137.21619047619046
1764558000,127.58,127.58,126.53,126.97,167417.967,177714.98185000202,136.45749999999998,137.0506,136.79571428571427
1764561600,126.97,127.05,126.19,126.38,156787.128,180002.083500002,136.51495,136.9722,136.39666666666668
1764565200,126.38,126.57,125.81,126.11,133038.873,183501.27420000202,136.57205,136.7674,136.00619047619045
1764568800,126.1,126.86,126.02,126.72,95904.62,186078.88570000202,136.62499999999997,136.58,135.56047619047618
1764572400,126.72,127.47,126.32,127.42,123914.425,190494.631800002,136.65675,136.3782,135.07714285714286
1764576000,127.41,127.82,127,127.72,130667.753,191669.692350002,136.65355,136.1694,134.56761904761905
1764579600,127.71,128.09,126.86,127.02,132932.334,182945.229650002,136.65529999999998,135.9528,134.08666666666667
1764583200,127.01,127.56,126.96,127.25,54382.564,175472.04425000199,136.65429999999998,135.7384,133.6457142857143
1764586800,127.25,127.38,126.89,127.12,63172.655,174453.86035000198,136.65314999999998,135.52,133.23142857142855
1764590400,127.12,127.19,125.38,126.6,229039.468,180096.10065000196,136.65279999999998,135.32399999999998,132.72857142857143
1764594000,126.59,127.72,126.13,126.49,149498.06,182017.16100000197,136.65015,135.1362,132.15666666666664
1764597600,126.49,127.09,125.55,126.11,182077.108,186574.59010000195,136.6425,134.931,131.61428571428567
1764601200,126.12,126.31,123.11,125.11,504343.481,206353.55960000196,136.64165,134.7364,131.05571428571426
1764604800,125.11,125.34,123.38,123.53,378648.164,220230.78470000197,136.6401,134.5454,130.43523809523808
1764608400,123.54,124.98,123.51,124.44,174059.993,225023.18655000193,136.62789999999998,134.341,129.84714285714284
1764612000,124.44,125.31,123.76,124.51,152769.476,229419.45440000194,136.61389999999997,134.1242,129.2042857142857
1764615600,124.52,124.6,123.27,123.86,122853.996,219936.89475000193,136.59969999999998,133.9076,128.53285714285713
1764619200,123.86,125.36,123.83,124.45,137375.983,178900.46760000192,136.57899999999995,133.6716,127.92047619047617
1764622800,124.44,127.17,124.22,126.1,260903.562,179330.27345000193,136.55879999999996,133.4114,127.32380952380952
1764626400,126.1,127.43,125.85,126.83,117782.724,173378.51670000193,136.54264999999998,133.14860000000002,126.66380952380948
1764630000,126.83,127.4,126.54,126.66,92703.893,169642.81300000192,136.52389999999997,132.8856,126.2338095238095
1764633600,126.66,127.56,126.46,127.37,117394.752,167673.19420000192,136.49314999999996,132.639,126.1638095238095
1764637200,127.36,128.54,126.79,126.99,109171.609,166479.83100000193,136.46489999999997,132.4142,126.11
1764640800,126.99,128.14,126.63,126.97,100722.837,166720.7418500019,136.43764999999996,132.2226,126.06666666666665
1764644400,126.97,127.68,126.02,127.23,115367.499,166293.3955500019,136.40819999999997,132.0346,126.08571428571427
1764648000,127.23,127.85,126.87,126.89,95543.143,164537.1650500019,136.37604999999996,131.8386,126.11476190476188
1764651600,126.89,127.09,126.46,126.69,89214.107,162351.25370000192,136.34864999999996,131.6698,126.15571428571427
1764655200,126.69,127.85,126.44,127.68,70928.378,163178.54440000193,136.32904999999994,131.4914,126.17999999999999
1764658800,127.68,127.71,127,127.26,48129.447,162426.38400000194,136.29799999999994,131.3118,126.15476190476188
1764662400,127.26,127.32,126.01,126.17,76214.607,154785.14095000195,136.27589999999998,131.13060000000002,126.10571428571427
1764666000,126.16,127.21,126.14,126.77,87538.873,151687.18160000193,136.25389999999996,130.9498,126.13714285714283
1764669600,126.77,128.84,126.71,128.3,112452.275,148205.93995000195,136.22779999999997,130.75560000000002,126.13761904761904
1764673200,128.3,128.53,127.82,128.31,112572.343,128617.38305000192,136.20204999999996,130.5824,126.09238095238094
1764676800,128.32,129.03,128.2,128.88,164984.745,117934.21210000194,136.17329999999995,130.4122,126.10047619047617
1764680400,128.87,131.02,128.46,130.61,367693.712,127615.89805000194,136.14104999999995,130.209,126.18666666666665
1764684000,130.6,133.45,130.4,132.97,395093.239,139732.08620000194,136.11609999999996,130.0138,126.29142857142857
1764687600,132.97,139.87,132.95,137.84,991212.586,183150.01570000197,136.09949999999998,129.8436,126.47095238095235
1764691200,137.83,139.71,137.38,139.37,547630.627,203662.74790000197,136.07629999999997,129.67340000000002,126.80809523809523
1764694800,139.38,140.88,139.25,139.48,362605.699,208747.85475000198,136.05269999999996,129.5174,127.21428571428571
1764698400,139.47,140.3,139.37,139.84,197001.63,212708.80005000197,136.02725000000007,129.40120000000002,127.84904761904761
1764702000,139.85,140.64,139.77,140.25,124838.574,214315.53410000197,136.00165000000007,129.30900000000003,128.58761904761906
1764705600,140.26,140.38,138.2,138.73,368016.488,226846.620900002,135.98915000000005,129.28060000000002,129.30333333333334
1764709200,138.73,139.29,138.37,139.11,118281.543,227302.11760000195,135.97740000000007,129.29780000000002,129.95761904761906
1764712800,139.11,139.98,138.86,139.92,147987.712,229665.36135000194,135.98635000000007,129.32080000000002,130.59666666666666
1764716400,139.92,139.94,138.4,138.68,102260.322,229010.00250000195,136.02385000000007,129.3272,131.17142857142858
1764720000,138.67,138.95,137.76,138.16,203105.226,234388.10665000192,136.0678000000001,129.36300000000003,131.7304761904762
1764723600,138.16,139.23,137.88,138.87,140556.928,236955.24770000196,136.12075000000007,129.36540000000002,132.3461904761905
1764727200,138.87,140.32,138.8,140.03,139297.228,240373.690200002,136.17380000000006,129.395,132.9038095238095
1764730800,140.03,140.65,139.79,140.33,108686.893,243401.562500002,136.22695000000007,129.44740000000002,133.4242857142857
1764734400,140.33,142.49,140.18,142.26,276283.259,253404.99510000198,136.27295000000007,129.4802,133.99476190476193
1764738000,142.26,143.25,142.16,143.06,211439.113,259600.007100002,136.3197000000001,129.489,134.63000000000002
1764741600,143.05,144.26,142.37,142.46,173358.792,262645.332950002,136.36555000000007,129.5968,135.232380952381
1764745200,142.45,142.58,141.83,141.88,93978.528,261715.64220000198,136.39925000000008,129.84599999999998,135.94666666666666
1764748800,141.89,142.67,141.47,142.14,87600.129,257846.41140000196,136.4215500000001,130.09339999999997,136.75095238095238
1764752400,142.14,142.46,141.55,142.09,101078.735,244515.66255000196,136.4313500000001,130.3872,137.49809523809523
1764756000,142.09,142.28,141.18,141.3,67221.701,228122.08565000197,136.44445000000007,130.709,138.1447619047619
1764759600,141.3,141.75,140.75,141.72,82997.593,182711.33600000196,136.4599000000001,131.0306,138.80333333333334
1764763200,141.72,142.09,141.09,141.92,72351.042,158947.35675000196,136.4762000000001,131.34599999999998,139.43238095238095
1764766800,141.91,142.46,141.5,141.87,85679.48,145101.04580000197,136.49665000000007,131.65439999999998,139.94142857142856
1764770400,141.87,143.59,138.78,140.95,454651.317,157983.53015000196,136.51370000000009,131.94779999999997,140.35809523809522
1764774000,140.95,142.09,140.14,141,134395.868,158461.39485000196,136.5309000000001,132.21939999999998,140.55238095238093
1764777600,141,142,139.87,140.7,218344.643,150977.80260000197,136.54945000000006,132.5134,140.67142857142858
1764781200,140.71,142.1,140.47,141.83,135367.865,151832.11870000194,136.5708500000001,132.80679999999998,140.74142857142857
1764784800,141.82,142.39,140.67,141.17,173813.126,153123.38940000196,136.58645000000007,133.1018,140.79666666666665
1764788400,141.17,141.6,141.02,141.28,106188.916,153319.81910000197,136.60605000000007,133.3888,140.8180952380952
1764792000,141.27,142.24,140.74,141.7,104944.469,148411.78125000198,136.62290000000007,133.679,140.96571428571426
1764795600,141.7,146.08,141.61,145.49,265536.7,154660.769850002,136.63935000000006,133.9708,141.06380952380948
1764799200,145.5,145.92,143.08,144.55,336417.16,164516.766450002,136.65325000000007,134.3052,141.12857142857138
1764802800,144.56,145.63,144.48,144.67,180850.094,168124.92650000198,136.67660000000006,134.658,141.27238095238093
1764806400,144.67,145.38,143.64,145.01,114011.952,160011.361150002,136.70290000000008,134.9948,141.62142857142854
1764810000,145.02,146.91,144.11,144.18,174274.944,158153.152700002,136.73060000000007,135.33859999999999,141.89190476190473
1764813600,144.18,146.1,143.99,145.6,83194.088,153644.91750000202,136.75335000000007,135.7712,142.11285714285708
1764817200,145.6,145.64,144.32,144.67,68731.339,152382.55805000203,136.77830000000006,136.1732,142.33571428571423
1764820800,144.68,144.9,143.72,144.17,59093.238,150957.213500002,136.80520000000007,136.5446,142.4271428571428
1764824400,144.16,144.23,142.95,143.24,92367.986,150521.67605000202,136.85530000000008,136.9082,142.5480952380952
1764828000,143.24,144.29,143.1,143.96,81169.589,151219.07045000204,136.90460000000007,137.2586,142.65333333333328
1764831600,143.97,144.01,142.64,143.47,125423.493,153340.36545000202,136.95365000000007,137.62319999999997,142.7623809523809
1764835200,143.47,144.07,142.74,142.9,63497.327,152897.67970000202,136.99835000000007,137.9768,142.81476190476184
1764838800,142.9,144.2,142.89,143.91,68326.484,152030.02990000203,137.03470000000007,138.3208,142.90380952380946
1764842400,143.92,144.19,143.29,143.35,57914.328,132193.18045000205,137.08100000000005,138.64099999999996,143.0071428571428
1764846000,143.35,143.5,142.7,143.06,91661.961,130056.48510000207,137.12075000000007,138.98239999999996,143.06333333333328
1764849600,143.05,143.5,142.4,142.88,78252.97,123051.90145000207,137.15285000000006,139.31799999999996,143.15809523809517
1764853200,142.88,143.18,141.79,142.23,152773.599,123922.18815000208,137.18320000000006,139.62239999999997,143.22857142857137
1764856800,142.23,143.34,141.44,141.82,168508.42,123656.95285000207,137.20805000000007,139.95539999999994,143.32904761904754
1764860400,141.81,144.26,141.78,143.21,233885.396,130041.77685000208,137.23060000000007,140.29899999999995,143.41857142857137
1764864000,143.2,143.85,142.25,142.62,121354.23,130862.26490000208,137.24990000000005,140.62479999999996,143.4914285714285
1764867600,142.62,142.81,141.11,142.14,120102.874,123590.57360000206,137.26935000000006,140.91639999999998,143.4909523809523
1764871200,142.14,142.22,140.32,140.75,105505.95,112045.01310000205,137.28985000000003,141.19479999999996,143.58809523809518
1764874800,140.75,140.87,137.8,139.67,290381.511,117521.58395000205,137.31440000000006,141.45359999999997,143.6519047619047
1764878400,139.66,140.5,139.18,140.37,104406.31,117041.30185000206,137.33860000000004,141.70559999999995,143.67285714285708
1764882000,140.38,140.43,138.5,138.72,108024.509,113728.78010000204,137.35465000000005,141.89859999999996,143.44714285714278
1764885600,138.72,139.78,138.72,139.39,80918.497,113615.00055000205,137.36595000000005,141.98459999999997,143.21476190476182
1764889200,139.39,139.43,138.7,139.01,50461.246,112701.49590000203,137.38255000000007,142.01219999999995,143.0099999999999
1764892800,139.01,139.72,138.9,139.24,72058.7,113349.76900000204,137.40600000000006,142.01599999999996,142.7104761904761
1764896400,139.24,140.2,139.14,139.82,79938.515,112728.29545000204,137.43310000000008,142.02659999999995,142.48238095238088
1764900000,139.83,140.15,139.25,139.81,101601.457,113749.88885000204,137.4505000000001,141.99599999999995,142.16857142857137
1764903600,139.8,140.18,138.3,138.56,104393.147,112698.37155000205,137.46450000000007,142.00919999999994,141.90999999999994
1764907200,138.55,139.14,138.07,138.52,97628.063,114404.90835000205,137.48810000000006,142.00719999999995,141.70285714285708
1764910800,138.52,138.74,137.77,138.04,94173.457,115697.25700000204,137.49805000000006,141.99359999999996,141.53952380952376
1764914400,138.05,139,138.03,138.89,60035.591,115803.32015000202,137.5134000000001,142.01639999999995,141.2823809523809
1764918000,138.9,140.75,138.77,139.68,161682.94,119304.36910000202,137.5251500000001,142.04939999999996,141.0466666666666
1764921600,139.67,139.67,137.81,138.19,135576.525,122170.54685000199,137.5360500000001,142.04319999999996,140.81523809523804
1764925200,138.2,138.27,136.28,136.34,229985.947,126031.16425000201,137.5314000000001,142.01299999999995,140.57619047619042
1764928800,136.34,137.98,136.13,137.71,147047.808,124958.13365000203,137.5073000000001,141.96719999999996,140.4014285714285
1764932400,137.71,138.09,136.87,137.02,100748.05,118301.266350002,137.4801500000001,141.89979999999994,140.16952380952375
1764936000,137.01,137.14,135.21,136.67,179328.148,121199.962250002,137.45820000000012,141.83219999999994,139.85809523809516
1764939600,136.67,137.06,135.77,135.94,143257.041,122357.67060000202,137.4307500000001,141.74679999999995,139.64285714285708
1764943200,135.94,136.31,134.41,134.74,188627.584,126513.752300002,137.40990000000008,141.63599999999994,139.41428571428565
1764946800,134.73,137.2,134.63,135.05,290534.912,126521.42235000202,137.3932000000001,141.54739999999995,139.10285714285706
1764950400,135.04,135.2,131.18,132.2,416442.876,142123.250650002,137.3700000000001,141.44599999999994,138.78476190476184
1764954000,132.2,132.73,131.11,132.16,188683.579,146156.204150002,137.33515000000008,141.35339999999994,138.4323809523809
1764957600,132.16,133.03,131.17,131.35,130922.888,148656.423700002,137.3087000000001,141.23779999999994,138.1609523809523
1764961200,131.36,133.04,130.73,132.5,147747.82,153520.752400002,137.2812000000001,141.09419999999994,137.805238095238
1764964800,132.49,132.9,131.96,132.56,103897.292,155112.68200000198,137.2502000000001,140.95779999999993,137.41428571428563
1764968400,132.57,133.16,132,132.4,106120.318,156421.77215000198,137.2160500000001,140.78279999999992,137.06333333333328
1764972000,132.4,132.86,132.11,132.72,37192.609,153201.32975000198,137.1700000000001,140.60599999999994,136.735238095238
1764975600,132.72,133.43,132.27,133.29,49733.876,150468.366200002,137.1264000000001,140.41899999999995,136.42809523809515
1764979200,133.29,133.7,132.8,133.46,45224.674,147848.196750002,137.0744500000001,140.23239999999996,136.10238095238088
1764982800,133.47,133.83,133.2,133.49,37205.336,144999.79070000202,137.02655000000013,140.06019999999992,135.76428571428565
1764986400,133.49,133.52,132.88,133.45,45719.749,144283.998600002,136.97175000000013,139.88259999999994,135.45380952380947
1764990000,133.45,134.13,133.33,133.74,66216.017,139510.652450002,136.9238500000001,139.70299999999995,135.2109523809523
1764993600,133.73,133.75,132.97,133.2,58904.45,135677.04870000202,136.88100000000014,139.45899999999995,134.97142857142848
1764997200,133.2,133.42,132.89,133.07,32040.736,125779.78815000202,136.83680000000012,139.23719999999994,134.75285714285707
1765000800,133.07,133.24,132.76,132.95,23033.963,119579.09590000201,136.7941000000001,139.01359999999994,134.507619047619
1765004400,132.96,133.2,132.56,132.72,30548.123,116069.09955000202,136.7498000000001,138.78239999999994,134.19904761904758
1765008000,132.73,132.87,131.88,131.99,49689.895,109587.18690000202,136.7061000000001,138.57359999999994,133.95523809523806
1765011600,131.99,132.8,131.99,132.52,56019.383,105225.30400000203,136.6655000000001,138.32559999999992,133.79380952380947
1765015200,132.51,132.99,132.41,132.71,34998.65,97543.85730000203,136.61805000000012,138.09359999999992,133.55619047619044
1765018800,132.71,133.29,132.69,133.22,44018.503,85218.03685000203,136.57310000000012,137.86919999999992,133.3166666666666
1765022400,133.23,133.23,132.62,132.65,41071.904,66449.48825000203,136.52670000000012,137.65879999999993,133.11904761904756
1765026000,132.65,133.27,132.59,132.94,24009.808,58215.79970000203,136.48240000000013,137.4193999999999,132.96523809523805
1765029600,132.95,133.99,132.82,133.74,123327.827,57836.046650002034,136.44305000000014,137.20039999999992,132.8928571428571
1765033200,133.74,133.8,132.21,132.87,90312.568,54964.28405000203,136.4024000000001,136.99659999999992,132.77857142857138
1765036800,132.88,133.54,132.79,133.09,54966.109,52517.72490000203,136.3573500000001,136.78279999999992,132.81380952380948
1765040400,133.08,133.42,132.67,132.95,111266.496,52775.033800002035,136.32470000000012,136.5687999999999,132.88904761904757
1765044000,132.96,133.19,132.61,132.79,79863.868,54908.59675000204,136.29080000000013,136.3663999999999,132.9614285714285
1765047600,132.8,132.97,131.78,132.06,114769.073,58160.35660000204,136.25850000000014,136.18359999999993,132.98952380952375
1765051200,132.07,132.62,132.06,132.5,34539.839,57626.11485000203,136.22140000000013,135.9963999999999,133.00809523809517
1765054800,132.49,132.93,132.22,132.4,33292.494,57430.47275000203,136.18425000000013,135.8217999999999,133.02666666666659
1765058400,132.4,132.62,131.8,132.15,31076.834,56698.32700000203,136.15560000000013,135.61659999999992,132.99523809523802
1765062000,132.15,132.36,131.28,132.19,79479.132,57361.482750002026,136.12510000000012,135.4199999999999,132.95761904761898
1765065600,132.2,132.71,131.93,132.38,37131.244,56272.82245000203,136.08315000000013,135.21839999999992,132.9071428571428
1765069200,132.37,132.8,132.3,132.31,33642.608,56352.91605000202,136.03940000000014,135.0533999999999,132.84333333333328
1765072800,132.31,133.46,132.3,133.28,67608.1,58581.62290000203,135.9930000000001,134.9079999999999,132.78333333333327
1765076400,133.28,133.59,133.02,133.5,48020.939,59455.26370000203,135.94835000000012,134.7435999999999,132.71857142857138
1765080000,133.5,133.54,132.86,133.02,54370.809,59689.30940000203,135.90690000000012,134.61299999999991,132.6761904761904
1765083600,133.02,133.23,132.66,132.82,20042.03,57890.441750002035,135.85635000000013,134.4727999999999,132.6861904761904
1765087200,132.82,133.25,132.72,133.1,22654.452,57273.23185000204,135.80415000000013,134.3387999999999,132.7123809523809
1765090800,133.09,133.14,131.91,132.08,63402.948,58242.45410000205,135.75705000000013,134.2195999999999,132.7266666666666
1765094400,132.09,132.59,131.68,131.9,58987.638,59138.240800002044,135.72500000000014,134.0931999999999,132.76619047619042
1765098000,131.9,132.11,131.53,131.89,72869.258,61581.21330000204,135.70065000000014,133.95739999999992,132.79380952380947
1765101600,131.89,132.54,131.69,132.27,45132.934,57671.46865000203,135.68115000000012,133.84259999999992,132.76380952380947
1765105200,132.28,132.52,132.15,132.44,22303.759,54271.02820000204,135.66100000000014,133.7341999999999,132.70095238095232
1765108800,132.43,133.07,132.36,132.9,64094.512,54727.44835000204,135.63660000000016,133.6149999999999,132.66476190476183
1765112400,132.9,133.02,131.51,131.73,103341.217,54331.18440000204,135.61370000000016,133.47519999999992,132.63285714285706
1765116000,131.72,131.84,127.7,128.16,477688.404,74222.41120000204,135.59015000000014,133.31939999999992,132.5709523809523
1765119600,128.16,132.22,128.03,132.03,417732.207,89370.56790000203,135.56390000000016,133.20099999999994,132.57238095238085
1765123200,132.03,132.04,130.49,131.97,183621.68,96824.65995000204,135.53510000000014,133.12299999999993,132.50761904761896
1765126800,131.97,135.54,131.28,134.81,483357.434,119327.90695000204,135.50750000000014,133.02679999999992,132.2795238095237
1765130400,134.82,136.29,134.82,136.04,185187.636,127033.44705000205,135.48280000000014,132.9209999999999,132.24333333333323
1765134000,136.05,136.16,135.2,135.72,80987.486,127108.86475000205,135.46085000000014,132.7507999999999,132.2390476190475
1765137600,135.73,136.35,135.64,136.18,51405.373,127822.57120000206,135.43715000000014,132.67259999999993,132.3490476190475
1765141200,136.18,136.18,132.46,133.1,179624.082,135121.64490000205,135.40970000000013,132.6171999999999,132.52238095238084
1765144800,133.09,133.1,129.8,131.26,262629.166,144872.69820000205,135.36495000000016,132.6123999999999,132.69238095238083
1765148400,131.25,132.4,130.61,132.24,95968.575,147270.08000000208,135.33870000000013,132.68919999999991,132.88238095238086
1765152000,132.25,132.75,131.55,131.61,83508.381,148726.95860000208,135.31365000000014,132.7603999999999,132.91666666666657
1765155600,131.61,134.47,131.52,133.37,132187.1,154334.2121000021,135.30435000000014,132.85699999999989,132.86666666666656
1765159200,133.37,134.2,133.14,134.04,64951.791,156449.0790500021,135.30045000000015,132.86899999999991,132.81714285714276
1765162800,134.05,134.71,133.76,134.32,77363.367,157147.10000000213,135.29240000000016,132.84299999999993,132.72714285714275
1765166400,134.32,135.2,134.07,135.05,61671.525,157281.29435000214,135.28860000000014,132.8397999999999,132.7438095238094
1765170000,135.06,135.44,134.59,135.2,59971.409,156636.40190000212,135.26955000000015,132.8175999999999,132.80190476190467
1765173600,135.2,136,134.65,135.73,87966.443,158778.07735000213,135.24315000000016,132.8191999999999,132.8599999999999
1765177200,135.73,135.98,134.91,135.85,160796.001,165702.68945000213,135.21645000000015,132.83079999999993,133.00142857142848
1765180800,135.85,136.95,135.65,136.71,107937.464,167894.83705000213,135.18620000000016,132.84739999999994,133.15857142857132
1765184400,136.7,138.9,136.68,138.14,204960.86,172975.81920000212,135.17210000000014,132.87939999999992,133.34142857142848
1765188000,138.14,139.36,138.05,138.74,121536.944,155168.24620000212,135.16385000000014,132.90859999999992,133.51190476190467
1765191600,138.74,139.14,138.13,138.37,107979.077,139680.58970000214,135.15705000000017,132.9591999999999,133.715238095238
1765195200,138.37,138.59,137.25,137.84,168122.327,138905.62205000213,135.15115000000014,133.0147999999999,133.96476190476182
1765198800,137.84,139.32,137.55,138.13,141944.528,121834.97675000213,135.14485000000016,133.08999999999992,134.29857142857134
1765202400,138.13,139,136.86,137.19,191367.866,122143.98825000212,135.14445000000015,133.1983999999999,134.7847619047618
1765206000,137.2,137.57,135.24,135.55,269180.051,131553.61650000213,135.14415000000014,133.3333999999999,135.06142857142848
1765209600,135.54,136.54,134.86,135.6,189943.862,138480.54095000212,135.14795000000012,133.45039999999992,135.3547619047618
1765213200,135.6,136.3,134.78,135.83,130194.748,136009.07425000213,135.15720000000013,133.5529999999999,135.46809523809515
1765216800,135.83,136.25,133.02,133.62,195886.261,132671.92900000213,135.17125000000016,133.6511999999999,135.44476190476183
1765220400,133.62,134.68,133.46,133.67,139034.77,134825.2387500021,135.18110000000013,133.7419999999999,135.43904761904756
1765224000,133.66,134.94,133.43,134.09,133733.065,137336.47295000212,135.18860000000012,133.7941999999999,135.42238095238088
1765227600,134.09,134.58,133.24,134.48,141822.808,137818.2583500021,135.20040000000014,133.83139999999992,135.44714285714278
1765231200,134.48,134.55,133.38,133.58,82974.766,138719.4071000021,135.20470000000012,133.89059999999992,135.5619047619047
1765234800,133.58,133.79,132.45,133.25,190080.012,144355.23935000208,135.19980000000012,133.9011999999999,135.64999999999995
1765238400,133.24,133.61,132.57,133.01,131933.777,147868.35195000208,135.19375000000014,133.91559999999993,135.7866666666666
1765242000,133.02,133.33,132.62,133.13,77130.353,148726.2991500021,135.18880000000013,133.94159999999994,135.7966666666666
1765245600,133.12,133.65,132.75,132.78,54685.37,147062.24550000211,135.1735000000001,133.98999999999992,135.75904761904755
1765249200,132.78,134.42,132.47,134.18,107067.975,144375.8442000021,135.15975000000012,134.01159999999993,135.6966666666666
1765252800,134.18,134.26,132.35,132.65,93745.613,143666.2516500021,135.1423000000001,134.02859999999993,135.60523809523804
1765256400,132.65,133.01,131.77,132.1,177954.036,142315.9104500021,135.11840000000012,134.04579999999993,135.48999999999992
1765260000,132.1,132.79,131.97,132.62,61276.838,139302.90515000207,135.0937500000001,134.06459999999993,135.41619047619042
1765263600,132.62,133.3,132.36,133.2,50977.06,136452.80430000208,135.0683500000001,134.0725999999999,135.26380952380947
1765267200,133.21,133.42,132.65,133.13,50733.662,130583.37105000208,135.0358000000001,134.1099999999999,135.04428571428565
1765270800,133.12,133.13,132.28,132.35,40993.688,125535.82905000208,135.0091500000001,134.0973999999999,134.7814285714285
1765274400,132.35,132.88,132.01,132.74,79391.492,119937.01035000209,134.9800000000001,134.06939999999992,134.51761904761898
1765278000,132.74,133.03,132.39,132.95,41928.739,108574.44475000209,134.9627500000001,134.0613999999999,134.26809523809516
1765281600,132.95,133.57,132.73,133.12,69236.117,102539.0575000021,134.9395000000001,134.0689999999999,134.0066666666666
1765285200,133.11,133.3,132.04,132.41,107504.857,101404.56295000212,134.9148000000001,134.0695999999999,133.74999999999991
1765288800,132.42,132.84,131.62,132.52,135781.992,98399.34950000212,134.8893000000001,134.0749999999999,133.54809523809513
1765292400,132.52,138.5,132.39,138.45,577463.725,120320.79725000211,134.8879000000001,134.09179999999992,133.43238095238087
1765296000,138.46,144.64,138.45,143.67,978402.245,162554.25625000213,134.9157000000001,134.11299999999991,133.28047619047607
1765299600,143.67,144.93,142.52,143.12,488200.086,179873.12015000213,134.9376500000001,134.1299999999999,133.12285714285704
1765303200,143.13,143.28,141.66,142.5,269251.092,189186.93645000213,134.9635000000001,134.1293999999999,133.35285714285706
1765306800,142.5,142.85,141.7,142.1,120789.594,185722.41555000213,134.99340000000012,134.12179999999992,133.82904761904751
1765310400,142.11,142.34,139.65,140.15,254594.743,191855.46385000212,135.02710000000013,134.2561999999999,134.25904761904752
1765314000,140.16,140.47,136.71,137.74,203852.62,198191.57720000212,135.05860000000013,134.5663999999999,134.64095238095229
1765317600,137.75,139.43,137.43,138.78,197348.523,205324.73485000213,135.08760000000012,134.78819999999993,135.04666666666657
1765321200,138.77,138.82,137.68,137.88,138277.837,206885.22795000212,135.14275000000012,134.99879999999993,135.37523809523802
1765324800,137.87,138.34,137.19,137.28,124047.366,208400.31560000213,135.2225000000001,135.1445999999999,135.60047619047612
1765328400,137.28,138.51,137.2,137.85,340280.124,216516.62000000212,135.3030000000001,135.22679999999994,135.86952380952374
1765332000,137.85,138.14,137.19,137.73,95954.937,218250.5249500021,135.37925000000013,135.26719999999995,136.11238095238085
1765335600,137.74,138.61,137.54,138.15,100622.957,220732.81980000212,135.4541500000001,135.31919999999994,136.2599999999999
1765339200,138.15,140.22,138.05,139.03,182167.271,227304.50025000214,135.5219000000001,135.41479999999993,136.50761904761893
1765342800,139.03,139.6,138.63,139.16,83138.223,229411.72700000214,135.57815000000014,135.53519999999992,136.77571428571417
1765346400,139.17,139.44,138.72,139.23,43677.367,227626.02075000215,135.64150000000012,135.64739999999995,137.0390476190475
1765350000,139.23,139.23,138.36,139.2,62306.612,228644.91440000213,135.70535000000012,135.76979999999995,137.31666666666655
1765353600,139.2,139.44,138.42,138.5,83487.149,229357.46600000217,135.77410000000012,135.86539999999994,137.60380952380942
1765357200,138.5,139.1,138.14,138.97,77100.062,227837.22625000216,135.8411500000001,135.96519999999995,137.93142857142843
1765360800,138.97,139.88,136.81,136.97,207333.154,231414.78435000218,135.90725000000012,136.06199999999995,138.23904761904748
1765364400,136.96,137.5,136.33,137.24,144892.302,209786.21320000215,135.97870000000012,136.14559999999994,138.5033333333332
1765368000,137.23,138.15,136.81,137.9,92081.601,165470.18100000214,136.05160000000012,136.22559999999996,138.78190476190463
1765371600,137.89,138.16,137.47,137.7,76103.025,144865.32795000213,136.11690000000013,136.28099999999998,138.99904761904747
1765375200,137.69,137.74,136.52,137.17,144101.458,138607.84625000213,136.17890000000014,136.34339999999997,139.2238095238094
1765378800,137.18,137.66,135.71,136.17,173675.218,141252.12745000212,136.24160000000012,136.34859999999995,139.1976190476189
1765382400,136.16,137.45,135.73,136.14,187027.491,137873.76485000213,136.29725000000013,136.33059999999995,138.91333333333318
1765386000,136.13,137.19,135.92,136.85,169330.678,136147.66775000212,136.35715000000013,136.31379999999996,138.62999999999985
1765389600,136.84,139.52,136.41,137.72,306007.087,141580.5959500021,136.40715000000012,136.30039999999997,138.32857142857128
1765393200,137.72,139.64,136.19,138.67,599151.421,164624.27515000213,136.4572000000001,136.28699999999995,138.04476190476177
1765396800,138.67,142.57,137.43,138.34,791126.484,197978.23105000213,136.51225000000014,136.24779999999996,137.8876190476189
1765400400,138.33,138.87,136.8,137.15,218565.98,191892.52385000215,136.56730000000013,136.22679999999997,137.88666666666654
1765404000,137.16,137.85,135.39,137.61,137587.931,193974.17355000213,136.61475000000013,136.25279999999998,137.88142857142844
1765407600,137.6,137.82,136.11,136.26,80464.378,192966.24460000213,136.65930000000014,136.29519999999994,137.90333333333322
1765411200,136.26,136.43,133.45,133.86,228643.027,195290.03240000215,136.7091500000001,136.35199999999995,137.89714285714274
1765414800,133.86,134.19,132.66,132.89,174931.902,199879.71635000213,136.75955000000013,136.44639999999995,137.88571428571416
1765418400,132.89,132.94,130.52,130.78,457794.039,220585.54995000214,136.8066500000001,136.51599999999996,137.81571428571417
1765422000,130.78,130.78,129,129.39,386650.022,236802.72045000215,136.85845000000012,136.58639999999994,137.61142857142846
1765425600,129.39,131.52,129.04,131.04,232060.312,244231.37860000212,136.90575000000013,136.62199999999996,137.3190476190475
1765429200,131.04,131.3,130.47,131.19,121709.082,246461.82960000215,136.93845000000013,136.62759999999994,136.91999999999987
1765432800,131.19,131.42,130.37,131.06,105175.52,241353.94790000212,136.96165000000013,136.62039999999996,136.45142857142847
1765436400,131.06,131.4,130.66,131.03,83938.722,238306.26890000212,136.95375000000013,136.57579999999996,136.062857142857
1765440000,131.03,131.13,130.15,131.1,99287.831,238666.58040000213,136.92620000000014,136.50099999999992,135.71476190476176
1765443600,131.1,131.41,130.83,130.95,91863.943,239454.62630000213,136.89325000000014,136.46619999999993,135.3380952380951
1765447200,130.94,131.11,130.5,130.83,66541.631,235576.63495000213,136.84795000000014,136.40639999999993,135.05523809523797
1765450800,130.83,131.22,130.76,130.93,64281.744,230106.96125000212,136.79365000000013,136.37459999999996,134.762857142857
1765454400,130.93,131.87,130.73,131.23,93567.131,225433.9432500021,136.75520000000012,136.35319999999993,134.43190476190463
1765458000,131.22,131.52,130.88,131.31,63568.31,220145.82485000207,136.7156000000001,136.32279999999994,134.10476190476177
1765461600,131.31,131.51,129.84,130.63,209484.402,215319.6906000021,136.67130000000012,136.27779999999996,133.80761904761889
1765465200,130.63,132.82,130.31,131.18,200128.338,195368.53645000208,136.6330500000001,136.23179999999994,133.5723809523808
1765468800,131.17,132,130.12,131.34,102105.985,160917.51150000206,136.59775000000013,136.20339999999996,133.34238095238078
1765472400,131.33,132.6,130.8,132.36,119635.503,155970.98765000206,136.55815000000013,136.17319999999995,133.0461904761903
1765476000,132.35,135.58,132.01,134.46,409025.786,169542.88040000206,136.51215000000013,136.14039999999994,132.73476190476174
1765479600,134.47,135.49,133.62,133.91,225786.506,176808.98680000208,136.46515000000014,136.0905999999999,132.38571428571413
1765483200,133.9,136.98,133.82,136.1,211236.702,175938.67055000208,136.41000000000014,136.06599999999992,132.10095238095224
1765486800,136.11,137.79,136.1,137.03,316532.882,183018.71955000208,136.35125000000014,136.04239999999993,131.97285714285698
1765490400,137.03,137.49,135.83,136.17,225673.078,171412.6715000021,136.29210000000015,135.92059999999992,131.7966666666665
1765494000,136.17,136.77,135.68,136.41,88074.638,156483.9023000021,136.23860000000013,135.73639999999992,131.78904761904747
1765497600,136.41,137.49,135.35,135.5,140105.203,151886.14685000211,136.18460000000013,135.55219999999994,131.93999999999983
1765501200,135.51,137.25,135.51,136.74,124114.818,152006.43365000212,136.13595000000015,135.42419999999993,132.09619047619032
1765504800,136.73,137.95,136.51,137.22,116214.265,152558.37090000213,136.10175000000015,135.32279999999994,132.36428571428556
1765508400,137.21,137.45,136.56,137.08,78799.819,152301.42575000212,136.06270000000015,135.24319999999992,132.65523809523793
1765512000,137.08,137.19,136.77,137.04,68751.428,150774.6056000021,136.03360000000015,135.21659999999991,132.9266666666665
1765515600,137.04,138.93,136.52,138.9,179135.535,155138.1852000021,136.00940000000014,135.15099999999993,133.21380952380935
1765519200,138.91,140.12,138.71,139.13,239723.125,163797.2599000021,135.98550000000014,135.12819999999994,133.500476190476
1765522800,139.14,139.42,138.79,139.09,90951.486,165130.74700000213,135.96255000000016,135.12699999999992,133.7866666666665
1765526400,139.09,139.15,137.46,137.95,162531.202,168578.9505500021,135.93655000000015,135.11159999999992,134.1580952380951
1765530000,137.94,138.47,137.19,138.25,106624.385,170731.7543000021,135.91110000000015,135.09779999999992,134.54761904761887
1765533600,138.24,138.56,137.95,138.35,86799.442,164597.5063000021,135.89135000000016,135.1127999999999,134.94095238095218
1765537200,138.36,138.77,137.86,138.71,73823.255,158282.2521500021,135.87035000000017,135.11479999999992,135.27523809523794
1765540800,138.72,139.86,138.33,139.64,110230.662,158688.4860000021,135.84705000000017,135.1133999999999,135.60952380952364
1765544400,139.64,139.64,138.72,138.98,110526.808,158233.0512500021,135.81410000000014,135.0877999999999,135.94476190476172
1765548000,138.99,139.58,138.09,138.48,176109.192,146587.2215500021,135.78700000000015,135.06879999999992,136.3295238095236
1765551600,138.47,138.51,132.85,133.49,675688.087,169082.3006000021,135.75910000000013,135.06579999999994,136.73238095238077
1765555200,133.48,133.95,131.53,132.2,450201.63,181030.5470000021,135.72380000000015,135.0605999999999,137.0961904761903
1765558800,132.2,133.59,131.37,132.14,263303.923,178369.0990500021,135.69415000000015,135.11399999999995,137.38761904761884
1765562400,132.15,133.27,131.46,132.75,203825.059,177276.69810000208,135.65790000000015,135.1487999999999,137.34142857142837
1765566000,132.75,132.85,130.35,131.27,178943.401,181820.1362500021,135.62810000000013,135.16039999999992,137.25999999999982
1765569600,131.27,131.92,131,131.59,115012.642,180565.50820000208,135.60545000000013,135.07619999999991,137.07142857142838
1765573200,131.58,132.07,131.25,131.86,67609.124,177740.2235000021,135.58415000000014,134.9767999999999,136.86761904761886
1765576800,131.86,132.86,131.82,132.74,107617.153,177310.36790000208,135.55675000000014,134.8961999999999,136.63428571428554
1765580400,132.75,133.07,132.21,132.27,78966.618,177318.70785000204,135.50685000000013,134.8283999999999,136.4047619047617
1765584000,132.28,132.75,132.28,132.62,77336.031,177747.93800000206,135.45335000000014,134.71679999999992,136.2314285714284
1765587600,132.63,132.97,132.38,132.66,73299.289,172456.12570000204,135.39450000000014,134.59419999999992,136.0409523809522
1765591200,132.67,133,132.57,132.63,46279.634,162783.95115000205,135.34150000000014,134.45799999999994,135.80523809523794
1765594800,132.63,133,132.55,132.88,30080.437,159740.39870000206,135.28255000000013,134.34599999999992,135.59285714285699
1765598400,132.88,132.95,132.58,132.87,35002.122,153363.94470000203,135.22610000000014,134.24839999999995,135.38428571428557
1765602000,132.86,132.98,132.33,132.68,53956.857,150730.56830000205,135.17425000000014,134.14859999999993,135.08571428571415
1765605600,132.67,132.97,132.4,132.88,31017.803,147941.48635000206,135.12885000000014,134.07659999999996,134.78809523809508
1765609200,132.88,133.02,132.8,132.93,28184.894,145659.56830000205,135.07415000000015,134.05199999999994,134.49190476190464
1765612800,132.94,134.21,132.93,134,143165.639,147306.31715000205,135.02415000000016,134.05179999999993,134.24095238095222
1765616400,134,134.28,133.52,133.58,69687.365,145264.34500000204,134.97675000000015,134.09359999999992,133.98523809523797
1765620000,133.59,134.27,133.47,133.96,63912.338,139654.50230000206,134.93615000000014,134.15939999999995,133.72714285714272
1765623600,133.96,134.06,133.2,133.32,64691.284,109104.66215000204,134.90220000000014,134.19619999999995,133.50285714285698
1765627200,133.31,133.68,132.62,132.96,53952.935,89292.22740000204,134.86470000000014,134.23099999999994,133.21428571428558
1765630800,132.97,133.37,132.63,133.13,42959.868,78275.02465000204,134.83450000000013,134.28979999999993,132.97523809523796
1765634400,133.14,133.43,132.61,133.19,60761.842,71121.86380000204,134.80195000000015,134.34079999999994,132.72952380952367
1765638000,133.19,133.66,133.11,133.31,72561.237,65802.75560000204,134.77155000000013,134.39799999999997,132.70428571428556
1765641600,133.3,133.82,132.88,133.17,49668.65,62535.556000002034,134.74535000000012,134.44539999999995,132.74857142857127
1765645200,133.17,133.2,132.13,132.21,156908.136,67000.50660000203,134.71415000000013,134.48799999999994,132.79857142857128
1765648800,132.21,132.79,132.11,132.32,67540.991,64996.69850000202,134.6849000000001,134.53199999999995,132.82523809523795
1765652400,132.32,132.95,132.3,132.72,32105.655,62653.650350002026,134.65870000000012,134.57119999999995,132.91571428571416
1765656000,132.73,132.98,132.22,132.29,29243.273,60249.01245000203,134.63090000000014,134.61119999999994,132.94523809523795
1765659600,132.28,132.73,131.6,132.7,77836.132,60475.85460000202,134.60635000000013,134.66199999999995,132.96714285714273
1765663200,132.7,133.07,132.2,132.85,58628.374,61093.29160000202,134.57785000000013,134.68259999999995,132.96619047619038
1765666800,132.85,133.27,132.59,133.14,53702.949,62274.417200002026,134.54600000000016,134.70219999999995,132.96714285714273
1765670400,133.13,133.66,132.71,133.26,90723.407,65060.48145000204,134.52090000000013,134.70939999999996,132.97095238095227
1765674000,133.27,133.57,133.01,133.31,22442.872,63484.78220000203,134.50025000000014,134.66599999999994,132.97999999999988
1765677600,133.3,133.54,133.09,133.35,31142.657,63491.02490000202,134.47330000000014,134.64179999999993,133.0042857142856
1765681200,133.35,133.47,132.84,132.95,36256.077,63894.58405000202,134.45180000000013,134.57679999999993,133.02238095238081
1765684800,132.95,133.19,132.42,132.49,34080.841,58440.34415000202,134.42990000000012,134.49899999999994,133.0433333333332
1765688400,132.49,132.69,132.08,132.66,75660.187,58738.98525000202,134.41370000000015,134.44079999999994,133.07523809523795
1765692000,132.66,133.04,132.46,132.92,28830.814,56984.90905000202,134.40425000000013,134.37879999999996,133.0785714285713
1765695600,132.92,133.39,132.83,133.29,28413.23,55171.00635000202,134.3947000000001,134.33579999999995,133.0576190476189
1765699200,133.28,133.5,132.67,132.69,73454.401,56146.07965000202,134.40000000000012,134.25999999999993,132.99380952380938
1765702800,132.68,132.8,132.33,132.34,57177.31,56856.95175000202,134.40575000000013,134.16539999999995,132.9623809523808
1765706400,132.33,132.59,130.98,131.8,200109.285,63824.32390000202,134.41575000000014,134.07699999999994,132.93047619047607
1765710000,131.8,131.98,130.14,131.47,152416.354,67817.07975000203,134.41800000000012,133.99459999999996,132.90047619047607
1765713600,131.46,131.9,130.88,131.38,80797.062,69373.50035000202,134.41765000000012,133.88239999999993,132.87095238095228
1765717200,131.38,131.65,130.94,131.64,51900.833,64123.135200002034,134.41895000000014,133.75359999999995,132.8076190476189
1765720800,131.64,131.79,130.42,130.9,59571.11,63724.64115000204,134.41995000000014,133.61859999999996,132.72571428571413
1765724400,130.89,131.06,130.33,130.67,45214.435,64380.080150002046,134.4199500000001,133.49559999999997,132.6338095238094
1765728000,130.67,131.6,130.5,131.02,56464.967,65741.16485000204,134.4161000000001,133.35999999999996,132.56095238095227
1765731600,131.02,131.24,129.4,130.04,151996.633,69449.18990000203,134.41035000000014,133.22059999999993,132.4985714285713
1765735200,130.04,130.73,129.89,130.64,45145.613,68775.05185000203,134.40210000000013,133.07919999999996,132.41999999999987
1765738800,130.63,130.64,130,130.31,38429.111,68011.35995000202,134.3907500000001,132.90439999999992,132.33904761904748
1765742400,130.3,130.71,129.86,130.04,68699.112,66910.14520000202,134.38165000000012,132.73819999999995,132.23190476190462
1765746000,130.03,130.32,129.57,129.89,42527.44,67914.37360000201,134.37450000000013,132.58899999999994,132.13380952380942
1765749600,129.89,130.3,129.58,130.19,51409.045,68927.69300000202,134.3642500000001,132.51999999999995,132.012857142857
1765753200,130.19,130.8,127.98,129.4,208751.841,77552.48120000202,134.3540000000001,132.48879999999994,131.86523809523797
1765756800,129.39,130.38,129.29,130.14,93547.4,80525.80915000201,134.34915000000012,132.45219999999995,131.70476190476177
1765760400,130.14,131.59,129.81,131.17,87035.374,81094.56850000202,134.3367500000001,132.3979999999999,131.55619047619035
1765764000,131.17,133.25,131.17,131.53,205586.311,89932.34335000202,134.32640000000012,132.37039999999993,131.36809523809512
1765767600,131.53,131.71,130.93,131.16,50659.997,91044.68170000202,134.31185000000013,132.3423999999999,131.2342857142856
1765771200,131.17,132,130.88,131.82,74916.787,91117.80100000201,134.29880000000014,132.29319999999993,131.17142857142846
1765774800,131.83,132.15,131.67,131.98,51082.245,90813.04775000202,134.28355000000013,132.24119999999994,131.11761904761894
1765778400,131.98,132.71,131.69,132.41,86380.985,85126.63275000203,134.26580000000013,132.21919999999992,131.03380952380942
1765782000,132.42,132.65,131.82,132.34,66388.442,80825.23715000202,134.24845000000013,132.19739999999993,130.9638095238094
1765785600,132.34,132.71,132.13,132.39,68974.719,80234.12000000203,134.2337000000001,132.16739999999993,130.9299999999999
1765789200,132.4,133.02,132.14,132.74,57055.973,80491.87700000203,134.22480000000013,132.1511999999999,130.93333333333322
1765792800,132.73,133.03,132.32,132.64,51911.349,80108.88895000202,134.21850000000012,132.13319999999993,130.9590476190475
1765796400,132.64,132.8,132.06,132.26,77651.495,81730.741950002,134.2140000000001,132.1239999999999,131.002857142857
1765800000,132.25,133.14,131.79,132.77,84917.128,83153.35000000201,134.2106000000001,132.11719999999994,131.06761904761893
1765803600,132.76,133.29,131.72,132.66,160328.652,83569.95095000202,134.2085000000001,132.10739999999996,131.115238095238
1765807200,132.67,135.43,129.6,130.49,476708.472,105148.09390000203,134.2098000000001,132.10359999999994,131.1799999999999
1765810800,130.48,130.6,126.45,126.89,713478.624,138900.56955000202,134.21055000000007,132.07639999999992,131.2799999999999
1765814400,126.89,127.3,125.57,126.48,325704.662,151750.84705000202,134.21060000000008,132.0499999999999,131.35809523809513
1765818000,126.49,126.78,124.51,124.94,244364.057,161842.67790000202,134.21275000000009,132.0261999999999,131.3795238095237
1765821600,124.93,125.29,123.63,124.89,206717.639,169608.10760000203,134.2095500000001,132.01299999999992,131.20095238095226
1765825200,124.89,125.85,124.68,125.02,219099.535,170125.49230000202,134.20335000000009,131.96359999999993,131.0185714285713
1765828800,125.01,125.62,123.88,125,197066.679,175301.45625000203,134.2021000000001,131.8387999999999,130.77571428571414
1765832400,125,126.44,124.96,125.85,129629.747,177431.17490000202,134.2013000000001,131.7045999999999,130.5376190476189
1765836000,125.86,126.42,125.6,126.37,77418.026,171022.76065000205,134.18825000000007,131.5371999999999,130.29142857142844
1765839600,126.38,127.87,126.3,127.81,115806.702,174280.09590000205,134.16230000000007,131.37159999999992,130.0819047619046
1765843200,127.81,128.03,126.14,126.2,118382.961,176453.40460000205,134.13520000000008,131.22779999999992,129.8776190476189
1765846800,126.2,126.86,125.54,126.37,103837.069,179091.14580000206,134.10045000000008,131.08139999999992,129.6490476190475
1765850400,126.38,127.34,125.95,126.76,64733.645,178008.77880000207,134.06355000000008,130.9439999999999,129.47190476190463
1765854000,126.77,126.94,124.94,126.51,91693.529,179274.03315000207,134.0264500000001,130.8255999999999,129.23571428571415
1765857600,126.5,126.8,124.87,126.13,106519.599,181151.27715000208,133.9869500000001,130.7277999999999,128.9761904761903
1765861200,126.12,126.69,125.92,126.39,70907.226,181843.83980000205,133.95755000000008,130.5947999999999,128.72761904761887
1765864800,126.4,127.48,126.3,127.34,65033.567,182499.95070000205,133.94860000000008,130.4593999999999,128.44666666666652
1765868400,127.35,127.4,125.55,125.57,70942.935,182164.52270000204,133.9275000000001,130.32939999999988,128.15095238095222
1765872000,125.57,126.61,125.43,126,86247.055,182231.01905000204,133.8986500000001,130.19339999999988,127.86523809523794
1765875600,125.99,126.5,125.9,126.29,63073.32,177368.25245000207,133.85645000000008,130.04899999999986,127.60809523809509
1765879200,126.3,128.87,126.14,128.46,149600.918,161012.87475000205,133.81005000000007,129.9177999999999,127.27142857142843
1765882800,128.46,129.04,127.94,128.63,143255.845,132501.73580000206,133.76400000000007,129.81479999999988,126.9733333333332
1765886400,128.62,128.99,128.23,128.63,89149.627,120673.98405000207,133.71375000000006,129.6729999999999,126.66476190476178
1765890000,128.64,129.9,126.77,126.77,259611.98,121436.38020000207,133.6802000000001,129.53459999999987,126.46476190476179
1765893600,126.78,129.8,126.11,128.57,399245.369,131062.76670000206,133.66060000000007,129.39459999999988,126.37619047619037
1765897200,128.58,130.14,127.27,129.75,216346.145,130925.09720000206,133.6272500000001,129.30999999999986,126.45904761904751
1765900800,129.75,129.85,127.77,128.33,171956.817,129669.60410000205,133.59920000000008,129.23579999999987,126.47285714285705
1765904400,128.33,128.59,127.13,127.27,97656.937,128070.96360000204,133.5638000000001,129.17239999999987,126.64571428571418
1765908000,127.27,128.61,126.97,128.03,130625.462,130731.33540000203,133.53590000000008,129.07839999999987,126.87714285714276
1765911600,128.02,128.09,126.77,127.73,90369.237,129459.46215000204,133.50745000000012,129.02219999999986,127.0347619047618
1765915200,127.72,128.93,127.43,128.42,104872.398,128783.93400000203,133.4753500000001,128.98439999999985,127.14285714285704
1765918800,128.41,128.73,127.99,128.48,57537.469,126468.95400000204,133.4332000000001,128.93299999999988,127.24666666666664
1765922400,128.47,129,128.27,128.61,51838.891,125824.21630000202,133.39739999999992,128.86499999999987,127.31142857142852
1765926000,128.61,129.52,128.16,129.15,81345.997,125306.83970000202,133.36689999999993,128.80519999999987,127.3404761904762
1765929600,129.15,129.16,128.26,128.91,58279.876,122894.85355000202,133.32499999999993,128.75899999999987,127.4490476190476
1765933200,128.91,129.82,128.76,129.19,68442.12,122771.59825000205,133.27064999999993,128.71459999999988,127.55571428571429
1765936800,129.18,129.5,128.45,129.29,85791.883,123809.51405000205,133.21709999999993,128.67799999999986,127.66952380952382
1765940400,129.3,129.64,128.21,128.24,62167.346,123370.73460000203,133.16389999999993,128.64939999999987,127.78380952380955
1765944000,128.25,128.46,127.43,127.87,68742.926,122495.52815000204,133.11679999999996,128.63459999999986,127.92952380952383
1765947600,127.86,128.09,127.02,127.62,58618.593,122272.79180000203,133.06854999999996,128.60899999999984,128.06761904761908
1765951200,127.61,128.01,127.57,127.76,33550.566,116470.27420000204,133.02564999999996,128.60479999999984,128.11047619047622
1765954800,127.76,128.57,127.64,128.27,52066.856,111910.82475000204,132.99364999999997,128.58779999999987,128.22000000000003
1765958400,128.26,128.26,126.8,126.92,72606.734,111083.68010000205,132.96019999999996,128.52919999999986,128.2971428571429
1765962000,126.92,127.03,125.96,126.75,77685.204,101987.34130000204,132.92699999999996,128.45599999999985,128.36714285714288
1765965600,126.74,126.95,126.28,126.58,72126.437,85631.39470000204,132.90534999999997,128.38519999999983,128.35809523809525
1765969200,126.58,127.93,126.5,127.62,125998.954,81114.03515000203,132.87819999999996,128.30399999999986,128.2766666666667
1765972800,127.62,128.17,127.39,127.97,146429.615,79837.67505000203,132.84709999999995,128.22979999999984,128.1871428571429
1765976400,127.97,129.45,127.57,129.22,163492.84,83129.47020000205,132.81279999999995,128.11999999999983,128.1780952380953
1765980000,129.22,132.7,126.98,132.62,566043.652,104900.37970000203,132.78369999999995,128.00819999999985,128.1328571428572
1765983600,132.62,133.99,126.58,126.77,875827.745,144173.30510000204,132.75879999999998,127.89199999999984,128.0480952380953
1765987200,126.76,127.98,123.8,124.9,521515.458,165005.45810000203,132.72834999999998,127.78959999999985,128.09047619047624
1765990800,124.91,125.21,122.55,123.06,470586.688,185657.91905000203,132.69645,127.69619999999985,128.34523809523816
1765994400,123.06,123.99,121.7,122.1,318093.534,198970.65120000203,132.66545,127.63539999999985,128.28523809523816
1765998000,122.11,122.5,121.36,122.39,199425.937,204874.64820000203,132.63264999999998,127.63239999999985,128.15047619047624
1766001600,122.39,123.76,122.03,123,188951.009,211408.20485000202,132.60925,127.51459999999985,127.89523809523814
1766005200,122.99,123.11,121.95,122.44,77424.004,211857.29905000198,132.59485,127.40279999999984,127.59142857142862
1766008800,122.43,123.55,122.07,123.46,91171.051,212126.257450002,132.59485,127.32619999999984,127.29523809523813
1766012400,123.47,123.5,122.8,123.27,70541.188,212544.94955000203,132.5627,127.23859999999985,127.002380952381
1766016000,123.28,123.77,123.03,123.67,71622.04,212688.90525000202,132.52155000000002,127.18759999999983,126.69428571428575
1766019600,123.67,123.79,122.98,123.38,57775.656,212646.75840000203,132.4751,127.14979999999986,126.42142857142863
1766023200,123.38,124.16,123.08,123.71,72167.871,214577.62365000206,132.4219,127.09819999999985,126.13476190476194
1766026800,123.7,123.97,123.03,123.65,67456.177,215347.08970000208,132.3691,127.06739999999984,125.91714285714289
1766030400,123.64,124.13,123.58,123.66,67148.987,215074.20235000207,132.3185,127.01579999999984,125.70333333333338
1766034000,123.66,123.66,122.35,122.41,101276.071,216253.7457000021,132.26865,126.96179999999984,125.5171428571429
1766037600,122.41,122.87,122.21,122.8,43005.732,214797.71045000208,132.22334999999998,126.87319999999983,125.32142857142864
1766041200,122.8,123.4,122.44,122.83,62723.995,211633.9625000021,132.14745,126.82339999999984,125.10190476190482
1766044800,122.83,123.4,122.46,123.03,71597.411,207892.35230000207,132.04745,126.76899999999985,124.8871428571429
1766048400,123.03,123.91,122.65,123.7,53414.929,202388.45675000208,131.94875,126.70699999999984,124.69904761904768
1766052000,123.7,124.15,123.38,123.93,88700.865,178521.3174000021,131.85479999999998,126.62499999999986,124.52047619047624
1766055600,123.94,124.07,123.2,124.07,94367.156,139448.2879500021,131.76255,126.55839999999985,124.3019047619048
1766059200,124.07,124.52,123.65,123.94,73719.744,117058.50225000209,131.6801,126.48719999999986,124.09857142857146
1766062800,123.95,126.88,123.95,126.39,406020.752,113830.20545000207,131.60345,126.40099999999988,123.84666666666669
1766066400,126.39,127.92,124.7,125.88,449698.453,120410.45140000209,131.52355,126.36359999999988,123.43952380952385
1766070000,125.88,129.05,125.61,127.4,487285.408,134803.42495000208,131.44830000000002,126.32219999999988,123.30476190476193
1766073600,127.41,127.5,126.08,126.86,208349.101,135773.32955000206,131.37705,126.27779999999989,123.37571428571432
1766077200,126.86,126.9,120.58,122.97,660882.905,164946.27460000207,131.3063,126.18739999999988,123.51000000000005
1766080800,122.97,123.95,121.2,121.54,220249.198,171400.18195000206,131.2373,126.14259999999989,123.76238095238098
1766084400,121.54,121.64,117.44,117.56,635632.84,199654.76455000206,131.1669,126.0875999999999,123.97523809523811
1766088000,117.55,119,116.88,117.21,258661.055,209006.71530000208,131.09145,126.10019999999987,123.97380952380956
1766091600,117.21,120.2,117.08,120.1,323590.137,222297.43935000207,131.0276,126.06599999999987,123.9309523809524
1766095200,120.1,120.12,119.17,119.8,107842.471,224081.16935000205,130.96085000000002,125.93039999999988,123.65000000000002
1766098800,119.8,119.97,119.31,119.6,107606.054,226088.66320000208,130.90185000000002,125.79459999999989,123.3614285714286
1766102400,119.6,119.88,117.9,118.44,94440.456,227453.2366500021,130.84365000000003,125.60039999999987,123.19142857142862
1766106000,118.44,118.57,117.61,118.38,103343.311,227556.59865000207,130.76365,125.38399999999987,123.02095238095241
1766109600,118.37,119.22,117.9,118.96,80736.44,229443.1340500021,130.68650000000002,125.23139999999987,122.82523809523812
1766113200,118.96,122.54,118.9,121.59,342028.029,243408.3357500021,130.58810000000003,125.05899999999987,122.57714285714287
1766116800,121.58,123.04,121.35,122.83,177459.126,248701.4215000021,130.48465,124.88139999999989,122.3257142857143
1766120400,122.84,123.38,121.75,122.63,195471.2,255804.2350500021,130.39665000000002,124.67799999999988,122.16142857142859
1766124000,122.62,123.65,122.17,123.43,133101.563,258024.2699500021,130.3098,124.4625999999999,122.10380952380953
1766127600,123.43,125.34,123.43,124.44,260728.994,266342.3618500021,130.22695,124.26359999999988,122.10380952380952
1766131200,124.43,125.61,123.86,124.97,142191.811,269765.9652000021,130.13845,124.1115999999999,122.08476190476189
1766134800,124.96,125.08,124.38,124.72,98500.633,254389.95925000208,130.0461,123.98239999999988,122.07190476190478
1766138400,124.72,125.02,124.52,124.74,86019.482,236206.01070000208,129.95229999999998,123.87019999999988,122.0961904761905
1766142000,124.75,125.74,124.67,125.36,103253.769,217004.42875000212,129.8669,123.78139999999989,122.13904761904762
1766145600,125.36,126.18,124.91,125.79,144520.934,213813.02040000213,129.78934999999998,123.71779999999988,122.17619047619048
1766149200,125.79,126.52,125.61,125.91,169336.311,189235.6907000021,129.71674999999996,123.66199999999989,122.09761904761908
1766152800,125.91,126.91,124.68,126.02,348124.076,195629.4346000021,129.64585,123.5909999999999,122.07285714285717
1766156400,126.02,127.66,124.78,125.09,370593.409,182377.46305000212,129.58675,123.54739999999988,121.9961904761905
1766160000,125.09,126.97,124.85,125.28,208255.933,179857.20695000212,129.54229999999998,123.5195999999999,121.95095238095242
1766163600,125.29,126.14,123.65,123.65,233510.906,175353.2454000021,129.50145,123.5037999999999,122.0961904761905
1766167200,123.65,125.36,123.59,124.79,153279.947,177625.1192000021,129.47124999999997,123.4695999999999,122.26523809523812
1766170800,124.79,126.64,124.79,126.25,192582.114,181873.92220000213,129.4511,123.43059999999988,122.63285714285716
1766174400,126.25,127.87,126.08,127.18,193123.833,186808.09105000214,129.42485,123.34799999999989,122.93952380952383
1766178000,127.18,127.38,126.48,126.79,167995.93,190040.72200000213,129.39845000000003,123.20119999999989,123.16285714285716
1766181600,126.8,127.35,126.76,126.87,60437.3,189025.76500000214,129.37325,123.13879999999989,123.47000000000001
1766185200,126.86,126.86,126.14,126.27,31513.085,173500.01780000213,129.34355000000002,123.13659999999989,123.8309523809524
1766188800,126.27,126.35,125.62,125.8,57469.96,167500.55950000213,129.31445000000002,123.20039999999989,124.22857142857144
1766192400,125.8,126.03,125.52,125.55,47806.2,160117.30950000213,129.27795000000003,123.3019999999999,124.63285714285716
1766196000,125.56,126.18,125.3,125.84,63943.491,156659.4059000021,129.24775000000002,123.38999999999989,124.9809523809524
1766199600,125.84,126.49,125.51,126.21,42248.752,145735.39380000212,129.22435000000002,123.46739999999988,125.1814285714286
1766203200,126.21,126.48,125.87,126.26,61344.113,141693.0089000021,129.2041,123.54399999999988,125.31095238095239
1766206800,126.26,126.69,126.09,126.38,47780.856,139157.02005000212,129.18150000000003,123.59079999999989,125.46380952380956
1766210400,126.39,126.68,126.23,126.28,18904.671,135801.27950000213,129.16270000000003,123.63639999999988,125.5961904761905
1766214000,126.29,126.37,125.94,126.17,43120.025,132794.59230000214,129.13815000000002,123.67979999999987,125.68285714285717
1766217600,126.18,126.89,126.11,126.47,69129.256,129025.00840000215,129.11045000000004,123.73639999999989,125.75000000000003
1766221200,126.47,126.75,126.22,126.27,40771.352,122596.76045000213,129.07640000000004,123.78739999999988,125.82428571428575
1766224800,126.27,126.4,126,126.05,41533.76,107267.24465000213,129.03330000000003,123.84199999999986,125.89238095238099
1766228400,126.05,126.5,125.87,126.47,34074.052,90441.27680000212,128.99480000000005,123.89439999999986,125.94523809523811
1766232000,126.47,126.48,126.08,126.29,20545.755,81055.76790000212,128.94560000000007,123.96959999999986,125.96809523809526
1766235600,126.28,126.4,125.45,126.14,100840.478,74422.24650000213,128.89235000000005,124.04299999999988,125.97476190476193
1766239200,126.13,126.41,125.57,126.37,88765.775,71196.53790000212,128.84290000000007,124.11179999999987,125.9961904761905
1766242800,126.38,126.67,126,126.58,88902.258,66012.54510000211,128.79170000000008,124.17219999999986,126.05333333333336
1766246400,126.59,126.71,126.11,126.3,58393.367,59276.02180000212,128.74655000000007,124.22759999999988,126.09428571428573
1766250000,126.3,126.47,125.98,126.02,33810.159,52566.73325000212,128.69420000000008,124.27479999999989,126.22380952380954
1766253600,126.02,126.14,125.75,126,53065.934,52198.164950002116,128.6383500000001,124.31619999999988,126.30904761904763
1766257200,126.01,126.19,125.77,126.05,26044.26,51924.72370000212,128.5853000000001,124.36479999999987,126.31142857142859
1766260800,126.05,126.46,125.92,126.45,40197.562,51061.10380000212,128.5315500000001,124.36859999999987,126.2561904761905
1766264400,126.46,126.55,126.25,126.33,63595.397,51850.56365000213,128.46775000000008,124.37699999999988,126.21857142857148
1766268000,126.34,126.39,125.76,126.03,47223.935,51014.58585000213,128.4039500000001,124.34939999999989,126.17952380952386
1766271600,126.02,126.08,125.63,125.81,39842.218,50894.25915000213,128.3414000000001,124.33219999999989,126.18809523809527
1766275200,125.8,126.11,125.7,126.03,39559.209,49805.01395000213,128.2831500000001,124.39379999999989,126.21333333333335
1766278800,126.03,126.03,125.07,125.09,106423.453,52737.14380000213,128.2220000000001,124.4919999999999,126.2361904761905
1766282400,125.1,125.36,124.68,124.89,103474.623,56965.64140000213,128.1602500000001,124.66739999999989,126.23476190476194
1766286000,124.89,125.55,124.84,125.22,52683.905,57443.835400002135,128.0969500000001,124.8437999999999,126.22619047619052
1766289600,125.22,125.43,125.15,125.19,26369.53,55305.84910000213,128.03100000000012,124.9579999999999,126.17047619047624
1766293200,125.19,125.48,125.07,125.28,17133.777,54123.970350002135,127.96775000000011,125.08259999999991,126.09952380952384
1766296800,125.29,125.49,125.13,125.41,15006.071,52797.58590000214,127.90550000000012,125.1923999999999,126.04904761904766
1766300400,125.42,125.54,125.2,125.3,29758.015,52581.784050002134,127.86710000000012,125.3213999999999,126.00238095238099
1766304000,125.29,125.93,124.8,125.57,79141.28,55511.56030000213,127.83625000000012,125.4581999999999,125.94571428571433
1766307600,125.57,126.6,125.47,126.28,106855.852,55812.32900000214,127.80100000000012,125.58279999999992,125.90476190476195
1766311200,126.29,126.62,125.61,125.83,67771.224,54762.601450002134,127.7617000000001,125.65659999999991,125.86904761904766
1766314800,125.83,125.88,125.33,125.48,84794.581,54557.21760000214,127.73145000000011,125.7081999999999,125.82619047619052
1766318400,125.47,126.06,125.1,125.58,107013.245,56988.211500002144,127.69945000000011,125.76159999999993,125.82571428571431
1766322000,125.58,125.6,123.4,123.64,227140.654,66654.73625000214,127.66655000000011,125.80439999999992,125.81095238095241
1766325600,123.63,124.7,123.51,124.42,68573.493,67430.11420000215,127.62990000000012,125.84119999999992,125.76857142857146
1766329200,124.42,125.26,123.95,125.05,86476.466,70451.72450000215,127.59505000000011,125.85839999999993,125.72095238095241
1766332800,125.05,125.62,124.8,125.5,141521.322,75517.91250000216,127.55980000000012,125.87359999999991,125.59428571428576
1766336400,125.49,126.35,125.39,125.5,137953.399,79235.81260000214,127.52790000000012,125.89039999999991,125.51809523809527
1766340000,125.5,125.51,124.37,125.14,67214.843,80235.35800000215,127.49390000000012,125.85599999999994,125.47285714285718
1766343600,125.15,125.88,125.07,125.67,46187.037,80552.59895000214,127.45690000000012,125.82859999999994,125.44666666666672
1766347200,125.67,125.79,125.32,125.36,47569.361,80953.10655000215,127.42045000000012,125.81139999999994,125.40142857142862
1766350800,125.35,125.38,124.7,124.89,29048.111,77084.33945000215,127.37525000000012,125.80099999999995,125.34476190476195
1766354400,124.88,125.91,124.79,125.82,48174.899,74319.35325000215,127.33295000000011,125.80919999999995,125.3276190476191
1766358000,125.83,126.3,125.51,126.03,76258.839,75498.09995000214,127.29355000000012,125.80639999999994,125.30619047619054
1766361600,126.03,128.56,125.99,126.26,277034.915,88031.36920000214,127.2510500000001,125.84679999999994,125.25190476190483
1766365200,126.25,127.33,125.8,126.03,104004.97,92374.92885000215,127.21065000000011,125.85819999999994,125.2866666666667
1766368800,126.02,126.06,124.5,125.23,164700.388,99859.64470000214,127.1665500000001,125.83099999999995,125.34095238095244
1766372400,125.23,126.54,124.93,126.02,87742.517,102758.86980000215,127.12830000000011,125.80379999999995,125.39047619047625
1766376000,126.02,126.73,125.82,126.53,78084.283,102706.01995000216,127.0903000000001,125.78859999999995,125.43047619047623
1766379600,126.53,126.7,126.07,126.33,37107.494,99218.60205000216,127.0491000000001,125.77639999999994,125.42809523809527
1766383200,126.33,126.56,125.74,125.74,36998.281,97679.95490000215,127.0122500000001,125.77159999999995,125.4571428571429
1766386800,125.74,126.51,125.56,126.31,57855.394,96332.99555000216,126.9758500000001,125.76019999999995,125.51571428571432
1766390400,126.3,127.38,125.61,125.64,101706.766,96067.67160000216,126.9413000000001,125.76959999999995,125.5519047619048
1766394000,125.64,126.38,125.49,126.23,78994.638,88660.37080000216,126.9104000000001,125.78339999999997,125.52619047619051
1766397600,126.23,126.91,125.88,126.72,71895.198,88826.45605000216,126.8749500000001,125.78579999999997,125.54904761904766
1766401200,126.72,127.46,126.37,127.01,71145.572,88059.91135000215,126.8414500000001,125.77539999999995,125.55666666666667
1766404800,127,127.72,126.68,126.99,105964.452,86282.06785000216,126.8126500000001,125.77399999999996,125.58761904761906
1766408400,126.99,127.14,126.32,127.02,83423.587,83555.57725000216,126.78080000000011,125.76119999999996,125.73428571428573
1766412000,127.03,128.3,126.51,127.84,239807.599,92185.21505000217,126.74525000000011,125.76239999999996,125.85761904761908
1766415600,127.85,128.78,126.45,128.07,170653.369,98408.53165000216,126.7111000000001,125.76739999999997,125.95000000000003
1766419200,128.07,128.37,127.13,127.24,139465.013,103003.31425000216,126.6730000000001,125.78219999999996,126.02238095238101
1766422800,127.23,127.31,126.46,126.91,107949.539,106948.38565000216,126.63760000000009,125.80099999999995,126.13380952380959
1766426400,126.91,127.5,126.34,126.51,68714.562,107975.36880000218,126.60445000000009,125.81199999999994,126.27333333333334
1766430000,126.5,126.51,124.64,124.66,228074.519,115566.15280000218,126.5747500000001,125.84299999999993,126.34809523809524
1766433600,124.66,125.29,124.2,124.43,148023.699,109115.59200000219,126.54725000000008,125.88159999999992,126.42190476190474
1766437200,124.43,125.59,124.35,125.16,82820.408,108056.36390000218,126.51905000000008,125.89899999999993,126.4990476190476
1766440800,125.16,126.03,125,125.86,75228.808,103582.78490000218,126.49365000000009,125.90559999999992,126.4438095238095
1766444400,125.87,125.97,125.43,125.93,50193.175,101705.31780000219,126.46755000000009,125.9097999999999,126.36761904761904
1766448000,125.93,126.93,125.78,126.73,80459.736,101824.09045000219,126.44030000000008,125.88259999999991,126.31523809523807
1766451600,126.73,126.81,125.93,126.2,36598.014,101798.61645000218,126.41315000000007,125.85119999999989,126.30714285714285
1766455200,126.19,126.63,125.47,125.64,59157.232,102906.5640000022,126.38670000000008,125.8333999999999,126.3404761904762
1766458800,125.64,126.15,124.9,125.63,97454.636,104886.52610000219,126.35265000000008,125.8215999999999,126.37428571428572
1766462400,125.62,126.08,125.41,125.43,39430.56,101772.71580000219,126.31790000000008,125.8135999999999,126.35857142857144
1766466000,125.42,125.52,124.58,124.99,56766.792,100661.32350000218,126.28550000000008,125.8275999999999,126.3257142857143
1766469600,124.99,125.28,124.14,124.34,106141.244,102373.62580000216,126.26030000000009,125.83539999999992,126.32047619047619
1766473200,124.34,124.62,123.77,124.19,132272.982,105429.99630000217,126.23660000000007,125.8275999999999,126.27857142857142
1766476800,124.19,124.64,124.02,124.19,77054.277,103984.48755000216,126.21515000000007,125.83839999999991,126.24761904761904
1766480400,124.19,124.38,123.93,124.16,55600.812,102593.34880000216,126.19595000000007,125.84919999999991,126.15761904761902
1766484000,124.16,124.88,124.11,124.83,43832.038,92794.57075000215,126.17095000000006,125.84459999999991,126.03714285714283
1766487600,124.84,125.23,124.72,124.86,62405.826,87382.19360000217,126.14755000000007,125.8275999999999,125.90285714285713
1766491200,124.85,124.93,123.95,124.16,72471.659,84032.52590000216,126.12450000000007,125.8057999999999,125.76809523809523
1766494800,124.17,124.64,122.74,123.34,213343.181,89302.20800000217,126.10000000000008,125.78139999999992,125.6638095238095
1766498400,123.34,123.75,122.16,122.68,219549.423,96843.95105000216,126.07075000000006,125.75859999999992,125.52190476190476
1766502000,122.67,123.51,122.38,123.37,119655.117,91422.98095000217,126.04470000000006,125.74379999999992,125.33571428571427
1766505600,123.36,124.94,123,124.62,257410.432,96892.31760000216,126.01495000000006,125.71539999999992,125.15
1766509200,124.62,124.84,122.78,122.85,181423.637,101822.47905000215,125.97990000000007,125.68199999999993,124.94857142857143
1766512800,122.85,124.17,122.84,123.99,97184.195,102920.24840000216,125.94640000000007,125.63919999999993,124.79904761904763
1766516400,123.99,124.55,123.49,123.99,55844.952,103202.83725000217,125.91490000000007,125.58119999999994,124.79714285714287
1766520000,123.99,125.65,123.46,124.7,118930.835,105126.39220000217,125.87660000000007,125.57579999999993,124.72190476190475
1766523600,124.71,124.77,123.95,124.29,133981.714,109995.57720000218,125.83340000000007,125.57979999999992,124.66619047619047
1766527200,124.28,124.51,123.58,123.87,49328.188,109504.12500000218,125.78475000000007,125.53579999999991,124.57714285714285
1766530800,123.87,124.16,123.46,124.01,73733.39,108318.06270000219,125.73990000000009,125.5055999999999,124.51857142857142
1766534400,124.02,124.3,123.58,123.86,39808.482,108336.95880000219,125.70105000000008,125.47539999999992,124.40238095238094
1766538000,123.87,124.21,122.94,123.11,65608.425,108779.04045000218,125.65160000000009,125.46659999999991,124.29142857142854
1766541600,123.11,123.13,121.78,122.31,112441.957,109094.07610000219,125.6083500000001,125.43899999999992,124.21380952380952
1766545200,122.31,122.81,121.76,122.72,70645.336,106012.69380000218,125.56700000000008,125.40919999999991,124.1295238095238
1766548800,122.71,123.06,121.51,121.63,95278.414,106923.90065000218,125.52665000000007,125.39159999999991,124.0190476190476
1766552400,121.63,122.03,121.14,121.47,75664.775,107927.09880000218,125.48480000000009,125.3523999999999,123.89142857142853
1766556000,121.48,121.59,120.63,121.59,80036.468,109737.32030000216,125.45170000000009,125.29399999999991,123.81428571428566
1766559600,121.59,121.87,121.29,121.31,45217.012,108877.87960000217,125.43730000000009,125.21499999999989,123.6923809523809
1766563200,121.32,121.67,121.11,121.4,62356.834,108372.13835000216,125.4242000000001,125.1487999999999,123.56285714285711
1766566800,121.4,121.75,121.3,121.43,46439.797,100026.96915000216,125.41505000000008,125.07679999999989,123.44047619047618
1766570400,121.42,122.23,121.39,121.76,58376.406,91968.31830000217,125.40215000000008,124.98579999999988,123.2728571428571
1766574000,121.76,122.22,121.76,122.04,56461.979,88808.66140000217,125.39065000000008,124.88699999999989,123.10809523809522
1766577600,122.04,122.55,121.92,122.45,47838.978,78330.08870000215,125.37380000000009,124.78659999999986,122.97809523809522
1766581200,122.45,122.45,121.74,121.96,38816.723,71199.74300000214,125.35190000000007,124.69979999999988,122.90285714285713
1766584800,121.96,122.3,120.7,121.48,118538.098,72267.43815000214,125.32800000000009,124.60219999999988,122.87238095238092
1766588400,121.48,122.94,121.3,122.73,129322.337,75941.30740000214,125.29550000000009,124.52459999999991,122.8285714285714
1766592000,122.73,123.46,122.41,122.71,131529.803,76571.25580000215,125.27150000000009,124.4407999999999,122.70190476190471
1766595600,122.7,122.98,121.98,122.03,61306.094,72937.47480000215,125.24680000000008,124.35539999999988,122.63666666666661
1766599200,122.04,122.7,121.77,122.47,46488.24,72795.47740000216,125.22180000000007,124.25439999999989,122.57666666666661
1766602800,122.47,122.86,121.98,122.86,43426.147,71280.11525000216,125.19945000000008,124.1441999999999,122.51571428571424
1766606400,122.86,123.12,122.6,122.67,65042.93,72541.83765000214,125.18105000000008,124.0583999999999,122.38857142857138
1766610000,122.67,123.1,122.62,123.01,45804.919,71551.66235000214,125.15890000000007,123.95579999999991,122.30190476190472
1766613600,123.01,123.4,122.92,123.31,38206.372,67839.88310000215,125.12960000000008,123.83499999999991,122.25380952380948
1766617200,123.31,123.34,122.47,122.53,30793.972,65847.31490000215,125.11540000000008,123.7395999999999,122.18999999999994
1766620800,122.52,122.7,122.09,122.17,33294.188,62748.10360000215,125.09895000000007,123.65859999999992,122.14952380952376
1766624400,122.17,122.78,122.14,122.74,24940.511,60211.89040000215,125.07765000000009,123.58179999999992,122.15904761904756
1766628000,122.75,123.15,122.46,123.04,30222.317,57721.18285000216,125.04770000000008,123.54879999999991,122.16952380952377
1766631600,123.05,123.15,122.55,122.7,36077.607,57264.21260000216,125.01885000000007,123.52639999999992,122.14333333333327
1766635200,122.7,122.86,122.61,122.78,18242.846,55058.513200002155,124.98905000000008,123.47379999999993,122.19619047619042
1766638800,122.78,122.78,122.22,122.37,54746.235,55473.83510000216,124.97025000000009,123.39999999999992,122.27095238095232
1766642400,122.37,122.51,122.18,122.46,65837.895,55846.90955000216,124.94395000000007,123.33619999999992,122.32380952380947
1766646000,122.46,122.47,122.1,122.27,53225.38,55685.07960000215,124.9078500000001,123.2623999999999,122.39380952380945
1766649600,122.27,122.65,121.62,122.09,94932.638,58039.76260000215,124.87705000000007,123.1923999999999,122.43999999999994
1766653200,122.09,122.17,121.78,122.09,40925.843,58145.218600002154,124.85440000000008,123.1351999999999,122.48904761904755
1766656800,122.09,122.09,121.31,121.55,56400.797,55038.35355000215,124.8294500000001,123.0699999999999,122.51333333333328
1766660400,121.55,121.86,121.51,121.65,29589.433,50051.70835000215,124.80430000000007,123.0105999999999,122.51571428571421
1766664000,121.65,122.06,121.58,122.06,23927.846,44671.61050000215,124.77610000000008,122.95619999999991,122.49857142857135
1766667600,122.05,122.35,121.67,122.07,47759.611,43994.28635000215,124.74555000000008,122.9111999999999,122.47904761904755
1766671200,122.06,122.34,121.77,122.12,35860.822,43462.91545000215,124.71480000000008,122.8691999999999,122.4871428571428
1766674800,122.12,124.1,121.88,123.68,196836.339,51133.42505000215,124.68040000000008,122.8163999999999,122.45523809523803
1766678400,123.68,124.46,123.35,123.53,256356.369,60699.09700000215,124.64630000000008,122.7661999999999,122.42476190476184
1766682000,123.52,123.62,122.8,123.07,70494.49,61933.57555000215,124.6108000000001,122.71079999999989,122.42904761904754
1766685600,123.08,124.18,123.07,124.01,94345.887,64740.55130000216,124.57210000000008,122.65499999999992,122.4866666666666
1766689200,124.02,124.08,123.35,123.47,35425.619,64972.13365000215,124.5391500000001,122.6141999999999,122.51857142857133
1766692800,123.47,123.5,122.96,123.31,32185.81,64916.71475000215,124.5101000000001,122.6209999999999,122.53761904761896
1766696400,123.3,123.52,123.12,123.21,27306.564,65035.01740000215,124.4823500000001,122.63799999999988,122.58523809523801
1766700000,123.22,123.45,121.4,121.82,88061.317,67926.96740000215,124.4541500000001,122.63199999999989,122.59285714285704
1766703600,121.81,122.12,119.71,120.06,371328.784,84689.52625000215,124.4312000000001,122.6197999999999,122.62999999999991
1766707200,120.05,120.34,119.24,120.33,179799.185,92767.34320000216,124.41425000000008,122.63219999999993,122.67952380952372
1766710800,120.34,121.18,120.19,120.81,164884.989,98274.28090000215,124.3958500000001,122.61859999999992,122.6357142857142
1766714400,120.81,124.39,120.81,123.47,514404.853,120702.62880000216,124.3830000000001,122.6029999999999,122.49380952380943
1766718000,123.47,123.74,122.48,122.67,180765.884,127079.65400000216,124.36225000000012,122.5453999999999,122.38095238095227
1766721600,122.67,122.99,121.8,122.85,92107.861,126938.41515000218,124.33895000000011,122.4607999999999,122.28714285714275
1766725200,122.85,123.49,122.67,123.29,52100.308,127497.1384000022,124.30890000000011,122.38999999999992,122.33952380952371
1766728800,123.3,123.79,123.3,123.48,91728.153,129263.5062000022,124.2549000000001,122.32599999999991,122.3495238095237
1766732400,123.48,123.99,122.57,122.72,149239.387,135246.0039000022,124.22135000000011,122.3181999999999,122.37714285714277
1766736000,122.71,123.13,122.29,122.69,153212.18,141710.2206000022,124.1985000000001,122.30939999999991,122.43428571428562
1766739600,122.69,124.13,122.53,123.68,140144.216,146329.4508500022,124.18725000000012,122.32019999999993,122.50047619047612
1766743200,123.69,123.92,123.44,123.75,86920.083,148882.4139000022,124.1941000000001,122.33159999999992,122.55619047619041
1766746800,123.76,123.93,123.34,123.84,66920.442,142386.6190500022,124.1955000000001,122.36859999999992,122.60571428571419
1766750400,123.83,124.2,123.76,123.96,60970.449,132617.3230500022,124.19475000000011,122.39359999999992,122.68285714285706
1766754000,123.97,125.14,123.87,124.89,143919.779,136288.58750000218,124.19900000000013,122.41559999999993,122.76285714285706
1766757600,124.9,124.98,122.07,122.24,298026.109,146472.59860000218,124.1991000000001,122.46299999999992,122.84476190476182
1766761200,122.23,122.23,120.45,121.55,417737.338,165588.1845500022,124.19635000000011,122.5099999999999,122.85809523809515
1766764800,121.55,122.26,121.17,121.24,93943.029,168676.0455000022,124.19145000000012,122.5581999999999,122.92285714285705
1766768400,121.25,122.4,121.24,121.85,102740,172447.7173000022,124.19295000000011,122.6021999999999,122.88333333333325
1766772000,121.85,122.22,121.74,122.07,69756.434,171532.47315000222,124.19315000000012,122.65919999999991,122.76619047619042
1766775600,122.07,122.4,121.74,122.15,73995.855,156665.82670000222,124.1941000000001,122.65499999999992,122.65999999999994
1766779200,122.16,122.67,121.9,122.41,72974.682,151324.6015500022,124.1956000000001,122.64679999999991,122.59047619047612
1766782800,122.42,122.64,122.05,122.07,51803.023,145670.50325000222,124.20800000000013,122.64199999999991,122.53619047619043
1766786400,122.07,122.45,121.82,122.45,39801.321,121940.3266500022,124.20520000000013,122.62439999999991,122.55190476190471
1766790000,122.45,122.57,122.18,122.26,28621.002,114333.08255000219,124.19880000000012,122.61159999999991,122.66380952380948
1766793600,122.27,122.38,121.91,122.09,100676.431,114761.51105000218,124.18985000000012,122.61399999999992,122.74666666666661
1766797200,122.09,122.32,121.86,122.31,46724.199,114492.70560000217,124.18060000000013,122.61279999999994,122.82476190476187
1766800800,122.32,122.44,122.13,122.33,23006.812,111056.63855000217,124.17130000000012,122.59699999999992,122.76714285714282
1766804400,122.33,123.8,122.29,123.67,170513.033,112120.32085000216,124.16170000000012,122.5925999999999,122.73952380952377
1766808000,123.67,123.74,122.9,122.99,66207.165,107770.07010000215,124.15405000000011,122.5775999999999,122.71380952380947
1766811600,122.99,123.29,122.97,123.17,40541.743,102789.94645000216,124.13245000000013,122.5531999999999,122.66809523809518
1766815200,123.18,123.18,122.77,123.03,26167.47,99752.31580000215,124.11530000000012,122.5487999999999,122.6771428571428
1766818800,123.04,123.44,123.03,123.16,25476.394,97680.11340000216,124.08960000000012,122.55199999999992,122.68999999999994
1766822400,123.15,123.34,122.83,122.84,30277.217,96145.45180000215,124.06575000000012,122.57059999999993,122.71285714285709
1766826000,122.84,123.22,122.83,123,33476.38,90623.28185000214,124.06245000000011,122.56959999999992,122.6819047619047
1766829600,123,123.13,122.51,122.88,35012.053,77472.57905000214,124.06640000000012,122.57899999999992,122.65380952380946
1766833200,122.89,123.21,122.84,122.99,31583.751,58164.89970000214,124.09695000000012,122.58399999999992,122.6061904761904
1766836800,122.98,123.21,122.75,122.89,23413.828,54638.43965000213,124.12585000000011,122.59979999999992,122.56047619047612
1766840400,122.89,123.3,122.74,123,39170.128,51459.94605000214,124.14120000000011,122.60739999999993,122.46476190476183
1766844000,123.01,123.35,122.85,123.33,24686.751,49206.461900002134,124.15735000000012,122.62199999999991,122.50047619047614
1766847600,123.33,123.66,123.15,123.31,41184.886,47565.91345000213,124.1751500000001,122.63779999999991,122.56428571428565
1766851200,123.32,123.44,122.93,122.97,41362.133,45985.28600000213,124.1971500000001,122.65579999999991,122.64809523809518
1766854800,122.97,123.45,122.76,123.38,89372.775,47863.77360000213,124.2202500000001,122.68259999999991,122.71857142857137
1766858400,123.38,123.45,123,123.22,43468.3,48047.12255000214,124.2398500000001,122.7095999999999,122.77761904761898
1766862000,123.21,123.45,123.05,123.28,27777.749,48004.95990000213,124.24685000000011,122.73499999999991,122.8166666666666
1766865600,123.27,123.81,123.27,123.59,85884.048,47265.340750002135,124.2471500000001,122.7597999999999,122.86285714285707
1766869200,123.59,124.58,123.58,124.55,108600.632,50359.16240000213,124.24900000000012,122.7767999999999,122.91761904761898
1766872800,124.55,124.97,123.67,123.91,119901.754,55203.909500002126,124.24850000000013,122.7707999999999,122.95714285714281
1766876400,123.91,125.08,123.91,124.73,83316.48,50844.08185000213,124.24285000000013,122.7645999999999,123.02047619047615
1766880000,124.74,124.9,124.28,124.38,52007.2,50134.08360000212,124.23285000000013,122.7687999999999,123.137619047619
1766883600,124.37,124.62,123.96,123.98,59759.427,51094.96780000212,124.22615000000013,122.76039999999988,123.21380952380947
1766887200,123.98,124.41,123.9,124.22,43172.703,51945.22945000212,124.21855000000012,122.7819999999999,123.32809523809519
1766890800,124.23,124.3,123.96,124.13,33317.814,52337.30045000212,124.20815000000013,122.79399999999988,123.36190476190471
1766894400,124.12,124.32,124,124.1,23922.35,52019.55710000212,124.19715000000015,122.82439999999988,123.40904761904758
1766898000,124.1,124.1,123.61,123.78,35443.599,52117.918050002125,124.19035000000014,122.87559999999989,123.45904761904757
1766901600,123.78,124.22,123.75,124.11,30007.095,51867.67015000213,124.17980000000014,122.9539999999999,123.51142857142852
1766905200,124.12,124.34,123.84,124.23,43250.853,52451.02525000212,124.17800000000015,123.03179999999989,123.55619047619042
1766908800,124.23,124.69,124.17,124.28,55644.183,54062.54300000212,124.17350000000015,123.09819999999989,123.60095238095234
1766912400,124.28,124.4,124,124.08,39324.703,54070.271750002124,124.17515000000014,123.11079999999991,123.6538095238095
1766916000,124.08,124.63,124.02,124.52,68337.501,56252.80925000212,124.17230000000013,123.1329999999999,123.71809523809522
1766919600,124.51,124.84,124.4,124.65,47339.01,56560.51545000212,124.16170000000015,123.15819999999991,123.77952380952378
1766923200,124.65,124.78,124.38,124.42,39070.627,56445.940150002134,124.14630000000014,123.1769999999999,123.83619047619045
1766926800,124.42,124.8,124.3,124.63,60035.758,54979.08930000213,124.13125000000015,123.19299999999993,123.9085714285714
1766930400,124.63,124.99,124.5,124.56,64849.175,56048.133050002136,124.11745000000015,123.22019999999989,123.97142857142856
1766934000,124.57,125.03,124.42,124.44,82373.837,58777.93745000214,124.10725000000015,123.2567999999999,124.02428571428568
1766937600,124.44,124.67,124.18,124.3,70536.779,58010.57400000214,124.09965000000015,123.2761999999999,124.1033333333333
1766941200,124.3,124.77,124.3,124.46,38039.766,54482.53070000214,124.09230000000014,123.2895999999999,124.15952380952376
1766944800,124.45,124.52,123.13,123.14,266982.692,61836.57760000215,124.08570000000014,123.3053999999999,124.217619047619
1766948400,123.13,123.64,123.08,123.3,151668.585,65254.18285000215,124.07790000000014,123.31739999999989,124.26619047619042
1766952000,123.3,123.69,123.1,123.43,32381.846,64272.91515000215,124.06870000000013,123.30839999999988,124.30761904761899
1766955600,123.43,123.86,123.3,123.86,125940.733,67581.98045000216,124.05995000000016,123.34959999999988,124.24047619047612
1766959200,123.86,124.34,123.53,124.24,163285.639,73587.62725000214,124.05135000000014,123.40779999999988,124.21142857142851
1766962800,124.24,125.64,123.93,125.27,202268.576,82035.16535000215,124.04270000000015,123.44579999999989,124.14952380952374
1766966400,125.27,128.18,125.01,127.01,380941.766,99886.13615000214,124.03185000000013,123.47479999999989,124.12476190476184
1766970000,127,130.16,126.23,128.72,575234.092,126875.66080000214,124.02280000000015,123.50199999999988,124.13714285714279
1766973600,128.73,129.49,128.17,128.73,265044.489,138627.53050000215,124.00825000000013,123.53619999999988,124.18714285714279
1766977200,128.74,129.52,128.5,128.58,349636.739,153946.82480000213,123.99240000000015,123.57279999999986,124.32428571428565
1766980800,128.58,129.15,128.22,128.57,188780.979,160603.6646000021,123.97810000000014,123.63679999999988,124.54428571428564
1766984400,128.57,128.58,127.59,127.72,138116.358,165543.24735000212,123.96670000000015,123.72799999999987,124.77999999999992
1766988000,127.72,128.07,127.5,127.78,94853.89,166869.0668000021,123.95605000000015,123.85720000000003,124.99285714285708
1766991600,127.79,127.99,127.2,127.88,119032.276,170453.7301000021,123.94950000000013,123.99000000000002,125.19952380952375
1766995200,127.88,128.47,127.71,127.9,130710.747,175035.73610000213,123.95305000000015,124.11540000000002,125.36333333333327
1766998800,127.9,128,125.41,126.07,230033.385,183535.61745000212,123.96655000000014,124.24020000000004,125.53952380952376
1767002400,126.07,126.37,125.5,125.69,167720.609,188679.18915000214,123.98020000000014,124.32120000000003,125.69952380952375
1767006000,125.68,125.68,125.01,125.08,115690.94,190345.04430000213,123.99285000000015,124.41700000000004,125.85428571428565
1767009600,125.08,125.41,122.91,123.71,380665.788,205851.49475000214,124.00345000000014,124.51120000000003,125.93285714285706
1767013200,123.72,124.12,122.96,123.27,191311.756,213515.09425000212,124.01040000000013,124.60860000000004,125.98333333333325
1767016800,123.26,124.55,122.36,123.45,304561.716,215394.04545000213,124.01915000000014,124.66680000000004,126.00809523809515
1767020400,123.45,124.13,123.15,123.44,85320.439,212076.63815000217,124.02950000000014,124.72380000000003,125.97333333333324
1767024000,123.43,123.73,122.63,123.48,122580.719,216586.58180000214,124.03885000000012,124.76540000000003,125.92428571428562
1767027600,123.48,123.9,123.02,123.9,77258.227,214152.45650000212,124.04375000000013,124.78200000000002,125.87619047619037
1767031200,123.89,123.98,122.98,123.13,79755.991,209975.97410000215,124.04775000000012,124.78760000000003,125.8904761904761
1767034800,123.13,123.51,122.86,123.06,87138.035,204219.44705000214,124.04705000000011,124.79880000000003,125.89904761904752
1767038400,123.07,123.62,122.86,123.34,96413.858,189993.05165000216,124.03965000000011,124.80760000000002,125.92142857142846
1767042000,123.33,123.59,123.16,123.45,31609.448,162811.81945000216,124.02960000000012,124.81060000000004,125.88666666666656
1767045600,123.45,123.61,123.18,123.43,34345.992,151276.89460000215,124.01980000000012,124.82240000000002,125.83047619047609
1767049200,123.43,123.6,123.2,123.28,60836.866,136836.90095000216,124.01050000000012,124.82560000000004,125.7385714285713
1767052800,123.28,123.34,122.9,123.1,38407.421,129318.22305000217,124.0000500000001,124.81920000000002,125.56904761904748
1767056400,123.11,123.46,122.76,123.19,51325.613,124978.68580000216,123.98815000000012,124.82160000000003,125.31714285714273
1767060000,123.2,123.26,122.58,122.99,50964.322,122784.20740000217,123.97465000000011,124.82500000000002,125.05761904761891
1767063600,123,123.93,122.76,123.8,71593.015,120412.24435000218,123.96255000000012,124.82180000000002,124.79666666666654
1767067200,123.79,124.22,123.6,123.95,135577.887,120655.60135000218,123.9513500000001,124.79640000000003,124.54047619047606
1767070800,123.95,124.02,123.2,123.42,41703.051,111239.08465000219,123.9504000000001,124.78020000000004,124.31523809523796
1767074400,123.42,124.06,123.38,123.91,35100.585,104608.08345000219,123.9454500000001,124.74940000000004,124.12571428571415
1767078000,123.91,124.35,123.8,124.02,80365.822,102841.82755000218,123.93660000000011,124.72160000000005,123.93857142857128
1767081600,124.02,125.15,124,124.81,162877.116,91952.39395000218,123.9246000000001,124.71800000000005,123.72523809523794
1767085200,124.81,125.09,124.4,124.84,84828.712,86628.24175000218,123.9130500000001,124.71260000000005,123.62238095238081
1767088800,124.84,124.98,124.48,124.58,43627.664,73581.5391500022,123.90230000000008,124.69840000000005,123.542857142857
1767092400,124.59,124.65,124.02,124.3,108012.196,74716.12700000219,123.8929500000001,124.69460000000007,123.52999999999986
1767096000,124.29,124.65,124.1,124.28,83284.086,72751.29535000218,123.88590000000008,124.69940000000005,123.58380952380938
1767099600,124.28,124.44,123.92,124.27,124177.433,75097.25565000219,123.87855000000008,124.71340000000005,123.64619047619033
1767103200,124.27,125.35,123.54,125.03,180905.315,80154.72185000218,123.86900000000007,124.72560000000004,123.68666666666653
1767106800,125.03,125.26,124.03,125.16,173208.59,84458.2496000022,123.85895000000006,124.73160000000006,123.72666666666653
1767110400,125.16,126.52,124.88,125.67,250474.895,92161.3014500022,123.85170000000005,124.73600000000005,123.76428571428558
1767114000,125.67,126,124.43,124.71,124562.186,96808.9383500022,123.84575000000007,124.73120000000004,123.8180952380951
1767117600,124.7,124.72,124.2,124.54,167839.315,103483.60450000218,123.84250000000007,124.72360000000002,123.91476190476178
1767121200,124.53,124.81,123.78,124.71,153043.936,108093.9580000022,123.83390000000007,124.73580000000004,124.03904761904752
1767124800,124.71,124.82,123.86,124.03,61687.343,109257.95410000219,123.82265000000007,124.74640000000005,124.10428571428558
1767128400,124.03,124.2,123.5,123.99,104400.793,111911.71310000219,123.81235000000007,124.76860000000005,124.15619047619036
1767132000,123.99,124.6,123.89,124.44,51056.777,111916.3358500022,123.80880000000005,124.77400000000003,124.21714285714275
1767135600,124.43,125.14,124.3,125.01,101607.443,113417.0572500022,123.80305000000006,124.77880000000003,124.25285714285704
1767139200,125.02,125.07,124.41,124.95,117447.451,112510.53545000218,123.80320000000005,124.78380000000003,124.295238095238
1767142800,124.94,125.95,124.83,125.54,122215.05,116536.13540000217,123.79560000000005,124.80160000000002,124.35476190476182
1767146400,125.53,126.09,125.32,126.01,83863.547,118974.28350000216,123.78470000000004,124.81540000000003,124.4509523809523
1767150000,126.02,126.09,125.17,125.82,62020.678,118057.02630000215,123.77320000000003,124.83560000000003,124.50571428571422
1767153600,125.81,125.96,125.38,125.46,54301.3,112628.23550000213,123.75840000000005,124.85860000000002,124.5814285714285
1767157200,125.46,125.77,125.41,125.64,29055.183,109839.55905000216,123.74325000000006,124.87280000000003,124.70476190476182
1767160800,125.65,126.1,125.6,125.89,57404.102,110528.38095000216,123.72625000000005,124.87820000000002,124.79571428571423
1767164400,125.9,126.05,125.65,125.99,63422.001,108298.87120000218,123.71095000000007,124.85820000000001,124.86428571428566
1767168000,125.99,126.3,125.44,125.57,63080.407,107288.68725000217,123.69950000000006,124.80020000000002,124.90380952380946
1767171600,125.57,126.4,125.56,126.3,51221.997,103640.91545000217,123.69265000000007,124.73480000000004,124.95380952380944
1767175200,126.3,126.42,126,126.4,73234.422,98257.37080000217,123.69015000000007,124.67600000000002,125.02095238095232
1767178800,126.39,126.85,126.23,126.73,66739.267,92933.90465000216,123.69595000000007,124.62240000000001,125.0814285714285
1767182400,126.73,126.77,126.07,126.18,43606.797,82590.49975000217,123.70110000000005,124.58780000000003,125.17761904761899
1767186000,126.19,126.51,125.95,126.29,59678.577,79346.31930000217,123.70350000000008,124.54360000000001,125.27904761904753
1767189600,126.29,127.44,125.38,125.79,157292.319,78818.96950000217,123.70365000000007,124.51200000000003,125.35999999999993
1767193200,125.79,125.84,125.01,125.59,223799.356,82356.74050000217,123.70395000000008,124.48200000000001,125.40857142857136
1767196800,125.58,125.74,124.31,124.84,106785.748,84611.66075000216,123.69815000000006,124.49520000000003,125.43809523809516
1767200400,124.84,125.24,124.57,125.04,74452.503,83114.24625000215,123.69865000000007,124.50500000000002,125.48952380952376
1767204000,125.05,125.53,124.64,124.79,76853.628,84404.08880000215,123.70245000000006,124.52920000000002,125.53952380952376
1767207600,124.79,125.22,124.37,124.39,65445.261,82595.97970000215,123.70795000000005,124.57080000000002,125.54571428571423
1767211200,124.38,132.75,122.99,124.19,1058788.321,129663.02320000215,123.71170000000004,124.61720000000001,125.59380952380947
1767214800,124.19,124.48,123.98,124.46,90506.438,128077.59260000216,123.71820000000004,124.64500000000002,125.63190476190469
1767218400,124.45,125.16,124.25,124.86,88871.076,128327.96905000217,123.72545000000004,124.677,125.62952380952373
1767222000,124.86,125.05,124.6,124.65,51558.229,127804.84660000217,123.73245000000004,124.70320000000001,125.59047619047612
1767225600,124.64,125.25,124.6,125.15,51890.427,127684.30295000218,123.73570000000005,124.71300000000001,125.56714285714278
1767229200,125.15,125.8,124.91,124.99,89320.416,130697.56460000218,123.74010000000004,124.7342,125.53476190476184
1767232800,124.98,125.22,124.79,125.18,53034.168,130479.06790000219,123.73990000000003,124.7622,125.46999999999993
1767236400,125.18,125.41,125.01,125.21,51681.327,129892.03420000218,123.73755000000004,124.79260000000001,125.43809523809519
1767240000,125.22,125.27,124.8,124.96,46321.071,129054.06740000218,123.73770000000005,124.81660000000002,125.41571428571422
1767243600,124.95,125.32,124.95,125.3,30922.782,128039.10665000218,123.74330000000003,124.85100000000003,125.39380952380948
1767247200,125.3,125.32,124.88,124.89,20148.98,125384.8345500022,123.75420000000005,124.88520000000003,125.36142857142852
1767250800,124.89,125,124.22,124.24,58996.546,124997.6985000022,123.76060000000005,124.9268,125.3123809523809
1767254400,124.24,124.72,124.15,124.68,67204.307,126177.5740000022,123.76325000000004,124.9672,125.29952380952375
1767258000,124.69,125.14,124.59,125.05,130236.679,129705.47910000221,123.77395000000004,125.00660000000002,125.2323809523809
1767261600,125.05,125.29,124.98,125.05,102698.871,126975.8067000022,123.77990000000004,125.03659999999999,125.12952380952373
1767265200,125.05,125.23,124.76,125.22,43113.12,117941.49490000219,123.78600000000004,125.0554,125.0319047619047
1767268800,125.23,125.28,125.01,125.02,56707.556,115437.58530000217,123.78730000000003,125.0718,124.97809523809516
1767272400,125.03,125.13,124.71,124.73,51727.981,114301.35920000219,123.79235000000004,125.08720000000001,124.91904761904755
1767276000,124.73,124.92,124.39,124.71,127476.025,116832.47905000218,123.79745000000003,125.10780000000001,124.8919047619047
1767279600,124.71,125.23,124.58,124.96,74840.987,117302.26535000218,123.79860000000004,125.1126,124.86476190476183
1767283200,124.96,125.02,124.28,124.45,83420.803,68533.8894500022,123.80270000000004,125.12020000000001,124.85952380952375
1767286800,124.44,125.65,124.3,125.2,195309.961,73774.06560000218,123.81240000000005,125.12899999999999,124.84380952380947
1767290400,125.2,125.39,125.03,125.35,70465.58,72853.7908000022,123.82610000000004,125.1376,124.85190476190469
1767294000,125.34,125.79,125.22,125.76,35341.649,72042.96180000219,123.83860000000004,125.1462,124.85476190476183
1767297600,125.76,125.95,125.31,125.39,53454.868,72121.1838500022,123.85555000000002,125.16,124.90285714285707
1767301200,125.39,125.69,125.31,125.41,19874.928,68648.9094500022,123.87185000000004,125.1484,124.94523809523805
1767304800,125.41,126.25,125.37,126.08,49625.229,68478.4625000022,123.88745000000003,125.14919999999998,124.9880952380952
1767308400,126.08,127.25,125.75,126.9,169850.717,74386.9320000022,123.90570000000004,125.1428,125.02333333333328
1767312000,126.91,127.16,126.44,126.79,74686.492,75805.2030500022,123.92095000000003,125.1638,125.03571428571425
1767315600,126.79,126.95,126.05,126.18,117222.17,80120.1724500022,123.93980000000003,125.18079999999998,125.08761904761901
1767319200,126.18,126.67,125.84,126.58,65348.775,82380.1622000022,123.95775000000003,125.19479999999997,125.16952380952377
1767322800,126.57,127.99,126.41,127.53,123310.725,85595.8711500022,123.97635000000004,125.23579999999998,125.24476190476186
1767326400,127.53,127.72,126.95,126.98,44989.199,84485.1157500022,123.99105000000003,125.29399999999998,125.30285714285708
1767330000,126.98,127.42,126.75,127.34,35007.511,79723.65735000219,124.00830000000003,125.34099999999997,125.36380952380948
1767333600,127.34,127.72,127.25,127.32,55279.25,77352.67630000219,124.03130000000003,125.36439999999997,125.48952380952377
1767337200,127.33,127.58,126.91,127.13,45062.255,77450.13305000219,124.05215000000004,125.39699999999999,125.61999999999996
1767340800,127.14,127.97,127.13,127.96,69445.744,78087.04245000218,124.07255000000004,125.43679999999999,125.74666666666664
1767344400,127.96,129.89,127.81,129.4,275803.639,89290.82535000218,124.09330000000004,125.4562,125.85476190476187
1767348000,129.39,129.99,128.88,128.94,170117.095,91422.87885000218,124.11385000000001,125.4866,125.9538095238095
1767351600,128.95,128.98,128,128.22,110177.807,93189.71985000218,124.1372,125.52380000000001,126.0842857142857
1767355200,128.21,128.65,127.91,128.42,91303.144,93583.83690000218,124.15875000000001,125.5536,126.2928571428571
1767358800,128.43,128.8,128.28,128.37,64831.513,87059.91450000218,124.1804,125.595,126.49333333333331
1767362400,128.37,129.65,126.82,128.73,263476.222,96710.44660000218,124.20045000000002,125.66319999999996,126.66047619047616
1767366000,128.74,129.53,127.41,128.98,208059.681,105346.34820000218,124.22345000000003,125.73059999999995,126.82523809523806
1767369600,128.98,131.79,128.68,130.92,346163.77,119981.79330000216,124.25240000000002,125.76899999999996,127.01190476190474
1767373200,130.92,132.3,130.69,131.44,189737.838,128474.93880000217,124.28570000000003,125.80939999999995,127.17999999999999
1767376800,131.44,132.03,130.35,130.8,116804.848,131833.91975000215,124.31520000000005,125.84219999999998,127.35285714285713
1767380400,130.8,131.79,130.64,131.63,93264.364,128004.60210000216,124.34280000000004,125.89319999999998,127.59857142857142
1767384000,131.63,132.13,130.83,131.14,93661.784,128953.36670000215,124.37100000000004,125.94699999999997,127.88666666666666
1767387600,131.14,132.16,131.14,131.92,50749.63,125629.73970000216,124.40100000000004,126.04959999999997,128.14333333333332
1767391200,131.93,133.25,131.9,132.64,139843.755,129354.48870000216,124.43235000000004,126.16659999999996,128.40761904761902
1767394800,132.63,132.75,131.92,132.29,79880.161,127182.96050000214,124.46590000000003,126.28579999999998,128.60952380952378
1767398400,132.28,132.93,132.24,132.53,65120.039,128189.50250000213,124.51005000000004,126.41759999999996,128.8538095238095
1767402000,132.53,132.97,132.36,132.64,39194.72,128398.86295000215,124.55680000000004,126.54459999999997,129.16142857142853
1767405600,132.64,133.11,132.06,132.85,100264.947,130648.14780000216,124.60305000000004,126.69519999999997,129.43333333333328
1767409200,132.85,133.17,132.19,132.83,66264.959,131708.28300000215,124.65295000000003,126.86419999999998,129.67142857142852
1767412800,132.83,132.93,132.19,132.37,50009.13,130736.45230000214,124.69835000000005,127.02079999999998,129.94095238095233
1767416400,132.37,132.54,131.63,131.9,73601.026,120626.32165000215,124.74760000000006,127.17419999999998,130.20333333333326
1767420000,131.89,132.28,131.05,131.18,66266.224,115433.77810000214,124.80020000000005,127.33399999999997,130.46571428571423
1767423600,131.18,131.4,129.6,130.1,178441.656,118846.97055000214,124.84325000000004,127.48799999999997,130.71523809523802
1767427200,130.09,131.03,129.8,130.69,76819.741,118122.80040000213,124.88825000000006,127.64479999999996,130.9028571428571
1767430800,130.69,131.44,130.38,131.17,75803.726,118671.41105000213,124.93610000000007,127.78859999999997,130.987619047619
1767434400,131.17,131.23,130.8,130.96,57389.673,108367.08360000214,124.98030000000008,127.92239999999997,131.04285714285712
1767438000,130.96,131,130.46,130.71,43591.87,100143.69305000213,125.02710000000006,128.04679999999996,131.16047619047615
1767441600,130.71,130.94,130.5,130.91,47052.305,85188.11980000212,125.07240000000007,128.14279999999997,131.29142857142853
1767445200,130.9,131.4,130.8,131.29,55206.355,78461.54565000212,125.11585000000007,128.25879999999998,131.41476190476186
1767448800,131.3,132.18,131.13,131.99,61438.627,75693.23460000214,125.16265000000007,128.3974,131.50904761904758
1767452400,132,132.03,131.23,131.47,74865.05,74773.26890000213,125.21285000000007,128.523,131.60095238095235
1767456000,131.48,132,131.47,131.78,55959.567,72888.15805000214,125.26465000000007,128.6362,131.61857142857139
1767459600,131.77,132.04,131.65,131.89,27187.871,71710.07010000214,125.31645000000007,128.75339999999997,131.64476190476188
1767463200,131.9,132.12,131.61,131.97,44069.506,66921.35765000214,125.35390000000008,128.87479999999996,131.67666666666665
1767466800,131.97,131.97,131.66,131.78,23508.785,64102.78885000213,125.3941000000001,129.01419999999996,131.6838095238095
1767470400,131.78,132.03,131.35,131.99,39065.219,62800.04785000213,125.4344000000001,129.14899999999997,131.71952380952376
1767474000,131.99,133.07,131.81,132.87,71888.136,64434.71865000213,125.4744000000001,129.29039999999995,131.72190476190474
1767477600,132.87,133.99,132.59,133.43,84528.122,63647.87740000213,125.5169500000001,129.42899999999997,131.68095238095233
1767481200,133.43,133.76,133.1,133.37,43086.245,62488.941700002135,125.56070000000008,129.57939999999996,131.66666666666663
1767484800,133.37,134.97,133.31,134.57,156334.505,67805.21045000214,125.60615000000007,129.71099999999996,131.6828571428571
1767488400,134.57,134.75,133.42,133.96,79064.376,68078.37795000212,125.64720000000008,129.8438,131.72047619047618
1767492000,133.96,134.02,133.48,133.73,61968.019,67863.46770000213,125.68830000000007,129.98599999999996,131.74523809523808
1767495600,133.73,134.7,133.66,134.62,99718.281,63927.298950002136,125.72800000000007,130.14679999999996,131.82809523809522
1767499200,134.62,134.87,134.24,134.3,70514.846,63612.05420000213,125.76815000000008,130.30599999999995,131.90380952380949
1767502800,134.31,134.62,134.26,134.57,29719.635,61307.84965000213,125.80805000000008,130.4758,131.99095238095236
1767506400,134.56,135,133.7,133.76,117636.352,64320.18360000213,125.86400000000008,130.61699999999996,132.15476190476187
1767510000,133.76,134.14,133.66,133.8,84514.533,66366.31675000212,125.92310000000006,130.7558,132.3547619047619
1767513600,133.8,134.18,133.2,134.12,85882.019,68307.80245000214,125.98975000000007,130.92459999999997,132.53952380952379
1767517200,134.11,134.57,133.84,134.32,55854.953,68340.23235000213,126.05030000000008,131.07899999999998,132.66285714285712
1767520800,134.32,134.88,134.23,134.7,79656.023,69251.10215000213,126.10860000000007,131.2198,132.79809523809521
1767524400,134.7,134.7,134.16,134.39,41786.198,67597.15955000214,126.17095000000006,131.3554,132.96047619047616
1767528000,134.39,134.9,134.2,134.34,81045.065,68851.43445000213,126.23040000000005,131.4846,133.1228571428571
1767531600,134.34,134.56,133.75,134.52,59178.133,70450.94755000212,126.29290000000005,131.6206,133.28523809523804
1767535200,134.53,135,134.25,134.96,79310.873,72213.01590000212,126.34945000000005,131.7644,133.39952380952377
1767538800,134.97,135.35,134.29,134.91,131236.145,77599.38390000213,126.40715000000006,131.8992,133.53619047619043
1767542400,134.91,135.54,134.75,135.11,71149.421,79203.59400000212,126.46730000000005,131.999,133.66666666666663
1767546000,135.11,135.37,134.81,134.83,55598.271,78389.10075000212,126.52735000000006,132.107,133.8128571428571
1767549600,134.83,134.88,133.71,134.21,102170.835,79271.23640000212,126.58920000000006,132.233,133.95285714285708
1767553200,134.2,134.21,133.12,133.56,110680.69,82650.95865000211,126.64280000000007,132.3638,134.11142857142855
1767556800,133.55,134.26,133.4,134.03,31281.258,76398.29630000211,126.69955000000006,132.4946,134.24666666666664
1767560400,134.04,134.58,133.72,133.94,35042.907,74197.22285000212,126.75630000000005,132.6222,134.31047619047615
1767564000,133.93,134.44,133.79,134.16,28429.871,72520.31545000212,126.81595000000004,132.7392,134.31666666666663
1767567600,134.17,134.86,133.66,134.12,61495.904,70609.19660000212,126.87470000000005,132.805,134.3480952380952
1767571200,134.12,135.84,134.01,135.55,192370.707,76701.98965000213,126.93605000000005,132.8474,134.3180952380952
1767574800,135.55,137.75,135.28,136.75,256690.596,88050.53770000211,126.99520000000005,132.91199999999998,134.32761904761898
1767578400,136.76,137.23,135.69,136.87,127983.224,88567.88130000212,127.05185000000007,132.9582,134.34619047619043
1767582000,136.88,137.33,136.58,136.64,74836.466,88083.97795000211,127.10470000000007,133.0186,134.39047619047614
1767585600,136.64,136.79,135,135.69,102719.319,88925.8429500021,127.16040000000007,133.06259999999997,134.5071428571428
1767589200,135.69,136.32,135.03,135.07,62378.048,89251.9977000021,127.21510000000006,133.12079999999997,134.61666666666662
1767592800,135.06,135.71,134.63,135.63,103250.587,90431.7259000021,127.26925000000004,133.21,134.75380952380948
1767596400,135.63,135.76,135.09,135.45,60463.171,91365.5745500021,127.32330000000006,133.2968,134.84380952380948
1767600000,135.45,135.95,135.21,135.22,85947.101,91610.6763500021,127.38620000000004,133.3768,134.88904761904757
1767603600,135.21,135.69,134.75,135.45,110133.715,94158.45545000212,127.45305000000003,133.43359999999998,134.95142857142852
1767607200,135.45,136.06,135.27,135.8,80563.912,94221.10740000212,127.52130000000005,133.4784,134.98714285714283
1767610800,135.81,135.82,135.24,135.77,66113.496,90964.97495000213,127.58810000000005,133.5436,135.0266666666666
1767614400,135.77,135.83,134.91,135.13,80342.282,91424.61800000211,127.64860000000004,133.6146,135.07952380952378
1767618000,135.13,135.4,133.26,133.81,204636.64,98876.53645000211,127.70120000000004,133.6954,135.14047619047614
1767621600,133.81,135.62,133.18,134.99,276200.464,107578.01790000212,127.75980000000006,133.8024,135.17904761904754
1767625200,134.99,136.47,134.14,136.13,237682.597,113928.11325000212,127.81340000000004,133.9046,135.18952380952373
1767628800,136.13,136.3,134.98,135.4,136963.204,119212.21055000213,127.86760000000004,133.9966,135.12761904761896
1767632400,135.41,136.85,134.31,136.52,174002.666,126160.19850000212,127.92495000000004,134.08,135.13523809523804
1767636000,136.53,137.58,135.7,137.37,203397.958,134908.60285000215,127.98285000000004,134.14200000000002,135.2266666666666
1767639600,137.38,138.82,137.1,138.23,251113.909,144389.50310000213,128.04105000000004,134.22360000000003,135.31428571428563
1767643200,138.23,139.87,137.72,137.87,214126.265,145477.28100000214,128.09620000000004,134.3204,135.43285714285707
1767646800,137.87,138.75,137.87,138.41,98836.39,137584.57070000216,128.14635000000007,134.3886,135.5961904761904
1767650400,138.4,139.16,138.29,138.8,61748.413,134272.83015000218,128.20075000000006,134.4896,135.78999999999994
1767654000,138.8,138.95,137.88,137.9,65066.354,133784.32455000217,128.26025000000007,134.60139999999998,135.96857142857135
1767657600,137.91,138.2,136.89,137.72,126620.607,134979.38895000215,128.31585000000007,134.72820000000002,136.10476190476183
1767661200,137.72,138.53,137.35,137.58,95407.638,136630.86845000213,128.3780500000001,134.8462,136.20238095238088
1767664800,137.58,138.01,137.32,137.61,64469.316,134691.80490000214,128.44230000000007,134.9788,136.2514285714285
1767668400,137.6,138.63,137.57,138.38,55215.648,134429.42875000215,128.51020000000008,135.115,136.30285714285708
1767672000,138.38,139,138.2,138.45,79499.076,134107.02750000215,128.57745000000008,135.21560000000002,136.39285714285708
1767675600,138.45,140.08,138.08,139.56,158530.236,136526.85355000215,128.6463500000001,135.3014,136.51380952380947
1767679200,139.56,139.78,138.85,139.02,133150.564,139156.18615000215,128.71755000000007,135.3856,136.64476190476185
1767682800,139.02,139.11,137.35,137.61,135865.229,142643.77280000216,128.7848500000001,135.44639999999998,136.787619047619
1767686400,137.6,138.13,137.4,137.62,86925.446,142972.93100000214,128.8519500000001,135.53480000000002,136.99428571428567
1767690000,137.61,138.42,137.5,137.79,81500.842,136816.14110000216,128.91755000000006,135.6292,137.16428571428565
1767693600,137.79,138.11,137.42,137.74,76434.415,126827.83865000214,128.98990000000006,135.728,137.25047619047612
1767697200,137.74,139.7,137.65,139.5,171181.225,123502.77005000215,129.0653000000001,135.82240000000002,137.33857142857136
1767700800,139.5,139.62,138.86,139.09,84117.456,120860.48265000214,129.14040000000008,135.88320000000002,137.46523809523802
1767704400,139.08,139.45,138.72,139.1,95082.392,116914.46895000213,129.21890000000008,135.96040000000002,137.65238095238087
1767708000,139.11,143.48,139.11,142,648244.591,139156.8006000021,129.29280000000008,136.04020000000003,137.86714285714277
1767711600,142,143.22,141.12,141.6,336686.734,143435.44185000213,129.3545000000001,136.11260000000004,138.00809523809517
1767715200,141.59,141.95,138.15,138.92,311241.547,148291.20595000213,129.40755000000007,136.21620000000004,138.18428571428564
1767718800,138.91,139.17,136.42,136.52,318451.56,159271.96445000212,129.45290000000006,136.30400000000003,138.44523809523798
1767722400,136.51,138,136.19,137.57,154970.922,163933.08990000212,129.49795000000006,136.39820000000003,138.6466666666666
1767726000,137.57,138.08,137.31,137.53,56972.823,163528.4133500021,129.55255000000005,136.55140000000003,138.67952380952372
1767729600,137.53,139.19,137.51,138.95,115009.652,162947.86560000214,129.60515000000007,136.69300000000004,138.615238095238
1767733200,138.96,141.99,138.68,140.24,216177.402,168986.35380000217,129.66205000000005,136.77220000000005,138.575238095238
1767736800,140.23,141,139.51,140.03,91267.491,170326.26255000214,129.73315000000005,136.80440000000004,138.51476190476183
1767740400,140.04,141.37,140.03,141.08,78772.305,171504.09540000214,129.80175000000006,136.85360000000003,138.56476190476184
1767744000,141.08,141.4,139.78,139.85,86612.488,171859.76600000216,129.85685000000004,136.90760000000003,138.6847619047618
1767747600,139.85,140.63,138.8,138.91,107125.19,169289.51370000216,129.90910000000005,137.00240000000005,138.8014285714285
1767751200,138.9,140.1,138.52,139.95,120744.729,168669.22195000213,129.96850000000006,137.13600000000005,138.96666666666658
1767754800,139.95,140.55,139.38,139.58,51158.803,164433.90065000212,130.03075000000007,137.25600000000003,139.03666666666658
1767758400,139.59,139.72,138.72,138.78,45514.311,162363.34390000213,130.10695000000004,137.39880000000005,139.05857142857135
1767762000,138.78,139.34,138.15,138.52,80758.31,162326.21730000214,130.19180000000006,137.51260000000005,139.07714285714277
1767765600,138.52,139.08,138.47,138.79,70474.704,162028.23175000213,130.27470000000005,137.60840000000005,139.10380952380942
1767769200,138.8,139.45,138.79,139.39,58162.067,156377.27385000212,130.36290000000005,137.69640000000004,139.15952380952373
1767772800,139.39,139.8,139.09,139.41,73725.198,155857.66095000211,130.44475000000003,137.75300000000004,139.20238095238088
1767776400,139.4,139.49,136.56,136.89,243466.145,163276.84860000212,130.51980000000003,137.79120000000006,139.24999999999991
1767780000,136.89,137.71,136.75,137.57,103091.593,136019.1987000021,130.60390000000004,137.82880000000006,139.32857142857134
1767783600,137.58,138.21,137.51,137.93,55242.726,121946.9983000021,130.68650000000002,137.89080000000004,139.32428571428562
1767787200,137.93,138.21,137.61,137.92,48477.937,108808.81780000209,130.76370000000003,137.97720000000007,139.2195238095237
1767790800,137.93,138.51,137.55,138.13,72559.766,96514.22810000207,130.83905000000001,138.05280000000005,139.1466666666666
1767794400,138.14,138.21,136.58,138.02,180577.066,97794.53530000208,130.91585000000003,138.08160000000007,138.95285714285706
1767798000,138.03,138.08,135.25,135.7,267740.452,108332.91675000207,130.99640000000002,138.12860000000006,138.77761904761897
1767801600,135.7,136.68,135.32,135.7,128986.947,109031.78150000206,131.07795000000002,138.17820000000006,138.7399999999999
1767805200,135.7,136.48,135.39,135.6,78599.63,102152.89290000207,131.14645000000002,138.22060000000008,138.81142857142848
1767808800,135.6,135.91,134.73,135.26,130696.421,104124.33940000208,131.21935000000002,138.26780000000008,138.72238095238086
1767812400,135.25,136,134.41,135.76,63710.75,103371.26165000208,131.29000000000002,138.3256000000001,138.63523809523798
1767816000,135.76,136,135,135.79,50598.477,101570.56110000209,131.35985000000005,138.36340000000007,138.4757142857142
1767819600,135.79,136.35,135.68,136.19,44424.622,98435.53270000209,131.43340000000003,138.3776000000001,138.23857142857133
1767823200,136.18,136.82,135.77,136.5,65380.96,95667.34425000209,131.50395000000003,138.36700000000008,138.035238095238
1767826800,136.5,137.05,135.86,136.39,93812.886,97800.04840000208,131.56235000000004,138.36420000000007,137.78333333333325
1767830400,136.39,136.97,136,136.83,50559.873,98052.32650000208,131.61680000000004,138.34900000000007,137.60904761904752
1767834000,136.83,137.42,136.7,136.82,57996.739,96914.24795000207,131.67060000000004,138.31740000000005,137.4942857142856
1767837600,136.82,138,136.58,137.93,176153.474,102198.18645000207,131.72400000000005,138.27660000000006,137.3247619047618
1767841200,137.93,138.32,136.59,136.75,97293.922,104154.77920000207,131.78130000000004,138.24920000000006,137.19380952380942
1767844800,136.74,138.33,136.43,137.65,101238.127,105530.42565000206,131.83885000000004,138.20880000000005,137.1004761904761
1767848400,137.65,138.07,136.5,136.64,67911.072,96752.67200000206,131.89845000000005,138.16940000000005,137.07238095238085
1767852000,136.65,136.76,134.74,134.85,145510.575,98873.62110000206,131.95580000000007,138.14780000000007,136.975238095238
1767855600,134.86,135.99,133.79,135.9,178654.597,105044.21465000205,132.01195000000004,138.15200000000007,136.89238095238085
1767859200,135.9,136.22,135.05,135.11,67713.592,106005.99740000206,132.06775000000005,138.13540000000003,136.76047619047608
1767862800,135.12,135.52,134.36,134.47,74168.63,106086.44060000207,132.12830000000005,138.13620000000003,136.66333333333324
1767866400,134.48,135.44,133.92,135.1,113503.182,102732.74640000207,132.19525000000004,138.10140000000004,136.58380952380944
1767870000,135.1,135.29,134.28,134.79,68221.89,92756.81830000205,132.25545000000002,138.02940000000004,136.4495238095237
1767873600,134.8,134.83,133.72,134.14,85890.651,90602.00350000206,132.32355000000004,137.95620000000005,136.285238095238
1767877200,134.13,134.59,133.72,134.46,66373.583,89990.70115000207,132.38680000000005,137.87800000000004,136.14095238095229
1767880800,134.46,134.5,132.67,134.04,302785.642,98595.16220000207,132.43885000000003,137.81520000000003,135.98714285714274
1767884400,134.03,136.55,133.4,136.41,208878.7,105853.55970000208,132.49330000000003,137.76480000000004,135.91285714285706
1767888000,136.41,138.22,136.25,138.19,200574.021,113352.33690000209,132.54410000000004,137.70480000000006,135.85380952380942
1767891600,138.19,138.83,137.27,138.72,178988.651,120080.5383500021,132.58875000000003,137.63280000000006,135.7795238095237
1767895200,138.72,139.06,137.9,138.08,142072.66,123915.1233500021,132.63420000000002,137.53200000000007,135.8342857142856
1767898800,138.09,138.41,137.2,137.53,113751.753,124912.0667000021,132.67905000000002,137.43100000000007,135.9499999999999
1767902400,137.53,137.86,136.52,137.69,132032.944,128985.72025000211,132.72245000000004,137.37720000000004,136.08952380952374
1767906000,137.69,139.84,137.69,139.61,143222.135,133246.9900500021,132.76655,137.30100000000004,136.17952380952372
1767909600,139.61,140.07,138.3,138.87,189954.697,133937.0512000021,132.80730000000003,137.24340000000007,136.22857142857134
1767913200,138.87,139.19,138.24,138.37,149986.725,136571.69135000213,132.8594,137.22660000000005,136.2904761904761
1767916800,138.37,139.35,138.28,139.13,103915.389,136705.55445000212,132.9225,137.24680000000006,136.42285714285705
1767920400,139.13,139.6,137.74,138.29,162596.573,141439.82950000212,132.9846,137.24920000000006,136.52047619047613
1767924000,138.28,139.54,138.21,138.98,113541.932,139841.3973500021,133.043,137.29080000000005,136.54142857142847
1767927600,138.97,141.17,138.9,140.81,277494.874,144783.4112000021,133.09700000000004,137.28920000000005,136.6547619047618
1767931200,140.81,141.08,139.65,139.76,135037.317,148149.59745000207,133.15455000000003,137.25180000000006,136.685238095238
1767934800,139.75,140.16,139.46,139.95,69128.256,147897.57875000208,133.22115,137.23380000000006,136.79666666666657
1767938400,139.95,140.86,139.66,140.7,67231.412,145583.99025000207,133.28655,137.17800000000005,137.08047619047608
1767942000,140.71,140.73,139.54,139.54,100116.473,147178.71940000207,133.35045,137.16060000000004,137.26428571428562
1767945600,139.55,139.68,137.04,137.93,291724.205,157470.39710000207,133.4219,137.19860000000006,137.49476190476182
1767949200,137.94,139.08,137.9,138.43,140247.94,161164.11495000205,133.48815000000002,137.19480000000004,137.79142857142847
1767952800,138.43,139,138.13,138.72,62350.548,149142.36025000206,133.55910000000003,137.20220000000006,138.00285714285707
1767956400,138.73,138.91,138.07,138.28,126942.872,145045.56885000205,133.6412,137.24060000000006,138.15238095238087
1767960000,138.27,138.64,137.58,137.72,71511.069,138592.42125000205,133.71905,137.26100000000005,138.35666666666657
1767963600,137.72,139.44,137.66,138.64,219601.688,140623.07310000205,133.7965,137.24380000000002,138.5595238095237
1767967200,138.64,138.64,136.46,136.87,241081.187,145573.49945000204,133.8757,137.22460000000004,138.76142857142844
1767970800,136.86,140.89,136.13,138.82,433149.695,161543.396550002,133.95015,137.21080000000003,138.82380952380942
1767974400,138.82,140.25,138.72,139.95,154716.873,162677.59300000203,134.01405,137.23860000000005,138.84523809523802
1767978000,139.95,140.08,137.35,138.5,219286.104,166480.79145000203,134.08125,137.24160000000003,138.75714285714278
1767981600,138.5,138.5,135.79,136.83,319016.542,172933.883700002,134.14895,137.25580000000002,138.79238095238085
1767985200,136.83,136.83,135.44,135.81,83723.138,169620.704350002,134.2143,137.23480000000004,138.90761904761897
1767988800,135.8,136.07,134.98,135.61,196665.748,174258.222300002,134.27810000000002,137.24860000000004,138.9461904761904
1767992400,135.61,136.45,135.4,136,70179.71,169637.379150002,134.34480000000002,137.28720000000004,138.81380952380945
1767996000,136.01,136.23,135.57,136.17,45662.573,166243.411200002,134.40470000000002,137.34320000000002,138.66809523809516
1767999600,136.16,136.45,135.77,135.97,73625.878,156049.961400002,134.4776,137.36580000000004,138.5366666666666
1768003200,135.96,136.13,135.68,135.9,46804.167,151638.303900002,134.55395000000001,137.37000000000003,138.38761904761898
1768006800,135.9,136.49,135.76,136.47,54354.726,150899.627400002,134.62120000000002,137.37700000000004,138.2866666666666
1768010400,136.46,136.69,135.92,136.39,53371.958,150206.654700002,134.6801,137.38180000000006,138.14333333333326
1768014000,136.4,136.4,135.92,136.15,51754.129,147788.537500002,134.73305000000002,137.38940000000005,137.9095238095237
1768017600,136.15,136.19,135.75,135.86,27102.894,134557.47195000201,134.786,137.38500000000005,137.75285714285707
1768021200,135.86,136.34,135.78,135.94,25916.619,128840.90590000202,134.84235,137.37300000000005,137.58333333333326
1768024800,135.95,136.2,135.75,135.99,40571.232,127751.94010000202,134.89965,137.37460000000004,137.3666666666666
1768028400,136,136.26,135.96,136.09,33870.349,123098.313950002,134.9547,137.36580000000006,137.1914285714285
1768032000,136.09,136.38,136,136.23,23629.925,120704.256750002,135.01194999999998,137.35240000000005,137.09666666666658
1768035600,136.23,136.66,136.1,136.62,61219.46,112785.14535000199,135.0683,137.31100000000004,136.98047619047614
1768039200,136.63,137.05,136.42,137.01,84107.478,104936.459900002,135.12350000000004,137.29480000000004,136.85523809523804
1768042800,137.01,137.01,136.4,136.58,34510.738,85004.51205000198,135.17545,137.26160000000004,136.757619047619
1768046400,136.58,137.04,136.55,136.64,45814.895,79559.41315000199,135.22780000000003,137.25060000000005,136.70523809523803
1768050000,136.64,136.64,136.07,136.35,47479.274,70969.07165000199,135.28045000000003,137.27820000000006,136.62761904761896
1768053600,136.35,136.46,136.01,136.13,47292.253,57382.85720000199,135.33000000000004,137.29260000000005,136.61380952380946
1768057200,136.14,136.54,136.06,136.42,40229.925,55208.196550001994,135.37595000000002,137.33060000000006,136.5099999999999
1768060800,136.42,136.64,136.16,136.41,26141.262,46681.97225000199,135.42315000000005,137.37280000000007,136.33857142857136
1768064400,136.41,136.71,136.13,136.15,28181.495,44582.061500002,135.47535000000005,137.40360000000007,136.22571428571422
1768068000,136.16,136.33,135.85,136.16,77259.655,46161.915600002,135.52750000000006,137.43480000000005,136.20619047619041
1768071600,136.16,136.24,135.99,136.22,32073.058,44084.274600002,135.57275000000004,137.47460000000004,136.23476190476183
1768075200,136.22,136.27,135.99,136.08,24107.533,42949.442900001995,135.62105000000003,137.51380000000006,136.2604761904761
1768078800,136.08,136.09,135.72,135.75,31970.582,41830.235700002,135.66610000000003,137.56120000000007,136.26809523809516
1768082400,135.76,135.94,135.37,135.56,36910.368,41007.156200002,135.71015000000006,137.55600000000007,136.27047619047613
1768086000,135.56,136.06,135.5,135.84,26163.029,39727.601200002,135.75660000000005,137.51540000000006,136.27571428571423
1768089600,135.85,136.45,135.75,136.39,45546.79,40649.796000002,135.79885000000004,137.46540000000007,136.2685714285714
1768093200,136.39,136.47,136.1,136.3,21840.668,40445.99845000201,135.83260000000004,137.42540000000008,136.22523809523804
1768096800,136.3,136.46,135.94,136.01,36339.984,40234.43605000201,135.86870000000002,137.3898000000001,136.19904761904758
1768100400,136.01,136.33,135.83,136.26,36717.432,40376.79020000201,135.90870000000004,137.34720000000007,136.21047619047613
1768104000,136.26,136.4,135.97,136.2,29898.733,40690.230600002,135.94700000000003,137.27180000000007,136.23142857142852
1768107600,136.19,136.43,136,136.28,31454.389,39201.97705000201,135.98390000000003,137.22220000000007,136.23476190476183
1768111200,136.28,136.4,135.88,136.15,40724.646,37032.83545000201,136.01805000000004,137.1808000000001,136.24761904761897
1768114800,136.15,136.26,135.98,136.2,16515.675,36133.082300002,136.05235000000005,137.1184000000001,136.25285714285707
1768118400,136.2,136.91,136.1,136.76,59048.204,36794.747750002,136.07970000000006,137.07780000000008,136.255238095238
1768122000,136.76,136.86,136.37,136.5,72588.27,38050.197550002005,136.10400000000004,137.02220000000008,136.23285714285709
1768125600,136.5,136.74,136.3,136.57,37319.109,37551.540350002004,136.13005000000004,136.9316000000001,136.19428571428566
1768129200,136.57,136.79,136.48,136.58,28211.375,36950.612850002,136.15320000000006,136.8594000000001,136.20285714285706
1768132800,136.58,137.28,136.52,137.1,68357.434,39061.421450002,136.17850000000007,136.7844000000001,136.1961904761904
1768136400,137.1,137.35,136.93,137.24,66430.416,40973.867500002,136.20030000000006,136.7056000000001,136.20666666666656
1768140000,137.24,139.47,137.23,139.21,129425.141,43582.141800002,136.21785000000006,136.6448000000001,136.22809523809514
1768143600,139.21,139.55,137.83,138.43,210106.415,52483.809650002004,136.23740000000006,136.6176000000001,136.2604761904761
1768147200,138.44,141.6,138.43,140.04,513335.182,76945.192100002,136.25855000000004,136.5806000000001,136.29999999999993
1768150800,140.04,140.21,138.75,139.69,111659.454,80929.63570000199,136.27785000000006,136.5482000000001,136.44571428571422
1768154400,139.68,140.2,139.12,140.03,57797.291,81973.98185000199,136.29645000000005,136.52740000000006,136.55380952380943
1768158000,140.02,140.14,139.05,139.43,92805.257,85306.09325000198,136.31520000000003,136.55720000000008,136.7357142857142
1768161600,139.42,139.43,137.97,138.54,182631.953,92160.351400002,136.33885000000006,136.55300000000005,136.907619047619
1768165200,138.54,138.95,137.97,138.69,85066.669,95321.65145000198,136.36555000000007,136.61640000000006,137.11142857142852
1768168800,138.69,138.69,137.71,138.23,66771.636,96843.23405000198,136.40570000000005,136.63380000000006,137.2957142857142
1768172400,138.22,139.77,137.49,139.7,169321.083,103473.41660000199,136.44735000000006,136.63540000000006,137.42428571428565
1768176000,139.69,141.36,138.92,141.33,468967.518,125426.85585000199,136.49410000000006,136.65400000000008,137.53380952380945
1768179600,141.32,141.95,140.73,141.05,308958.671,139302.06995000198,136.53670000000008,136.68820000000008,137.62571428571422
1768183200,141.06,142.76,140.96,142.42,183546.831,146443.179200002,136.58205000000007,136.74580000000006,137.8014285714285
1768186800,142.42,144.4,142.39,142.54,315984.931,161416.642000002,136.62565000000006,136.79820000000007,138.04285714285703
1768190400,142.54,143.09,142.46,142.75,89250.697,162926.766650002,136.66380000000007,136.87220000000008,138.27380952380943
1768194000,142.74,143.23,142.48,142.79,68717.116,162733.208950002,136.70080000000004,136.97540000000006,138.56619047619037
1768197600,142.79,143.35,141.86,142,119910.881,166862.797550002,136.73200000000006,137.07700000000008,138.8704761904761
1768201200,142.01,142.46,141.36,141.41,152578.517,173081.154650002,136.77315000000007,137.20740000000006,139.18238095238087
1768204800,141.42,142.05,139.05,140.06,201499.226,179738.244250002,136.82090000000005,137.32880000000006,139.4695238095237
1768208400,140.05,140.26,139.15,139.57,154582.097,184145.82830000197,136.86670000000004,137.45600000000005,139.73142857142847
1768212000,139.57,140.2,139.04,139.26,93262.811,182337.711800002,136.91895000000005,137.58880000000008,139.96190476190466
1768215600,139.26,140.16,139.18,140.03,75355.253,175600.153700002,136.97275000000005,137.71160000000006,140.12761904761896
1768219200,140.02,140.3,139.68,139.77,65183.519,153192.57055000198,137.02655000000004,137.82100000000008,140.245238095238
1768222800,139.76,140.14,139.37,139.77,67382.761,150978.735900002,137.07615000000004,137.90240000000006,140.34142857142848
1768226400,139.76,140.82,138.69,140.44,206570.596,158417.40115000197,137.11900000000006,137.97200000000007,140.3804761904761
1768230000,140.45,142.74,140.05,142.58,193484.772,163451.37690000195,137.15920000000003,138.03260000000006,140.44428571428563
1768233600,142.58,144.33,142.11,142.97,370806.035,172860.08100000196,137.18665000000004,138.10080000000005,140.43142857142846
1768237200,142.98,143.71,141.15,141.94,199143.308,178563.91295000198,137.21470000000005,138.15600000000006,140.46714285714273
1768240800,141.94,142.88,140.58,141.23,182146.816,184332.671950002,137.24235000000004,138.21980000000005,140.58857142857133
1768244400,141.22,141.48,140.63,140.99,107825.577,181257.896650002,137.26940000000005,138.29580000000004,140.75714285714272
1768248000,141,141.86,140,140.23,91997.558,162409.398650002,137.29675000000003,138.42040000000006,140.9190476190475
1768251600,140.23,140.25,138.34,138.81,160216.389,154972.284550002,137.32275000000004,138.55720000000008,141.0399999999999
1768255200,138.82,139.85,138.78,139.17,108863.684,151238.12720000197,137.35615000000004,138.66760000000008,141.17142857142846
1768258800,139.17,139.52,138.62,139.22,173884.527,144133.107000002,137.40005000000002,138.7640000000001,141.19666666666657
1768262400,139.21,139.45,138.69,139.3,125493.613,145945.25280000197,137.44430000000003,138.8608000000001,141.07666666666657
1768266000,139.3,139.58,138.46,138.88,162597.996,150639.29680000196,137.48240000000004,138.94220000000007,140.98714285714274
1768269600,138.88,139.31,138.12,138.38,165662.265,152926.86600000196,137.51505000000006,138.9940000000001,140.83476190476182
1768273200,138.37,138.79,137.82,138.74,84335.467,149514.713500002,137.54805000000005,139.0558000000001,140.68047619047607
1768276800,138.75,139.15,138.39,139.14,44572.816,141668.393000002,137.57750000000004,139.1252000000001,140.49619047619038
1768280400,139.14,140.51,138.81,139.95,200246.139,143951.59510000198,137.59895000000006,139.2000000000001,140.28619047619037
1768284000,139.95,140.76,139.83,140.62,116065.513,145091.73020000197,137.62000000000006,139.2608000000001,140.13095238095227
1768287600,140.62,140.69,139.97,139.97,59826.481,144315.29160000198,137.64155000000005,139.30060000000012,140.02285714285705
1768291200,139.97,141.85,139.97,141.6,85091.754,145310.703350002,137.66250000000005,139.34940000000012,140.01761904761895
1768294800,141.59,143.12,141.27,141.96,298962.127,156889.67165000198,137.68275000000003,139.41200000000012,140.06761904761896
1768298400,141.96,142.62,141.7,142.09,208453.467,156983.815200002,137.70360000000002,139.4858000000001,140.10142857142847
1768302000,142.1,142.27,141.53,141.84,83747.214,151496.93730000203,137.72950000000003,139.5742000000001,140.17619047619038
1768305600,141.84,142.36,141.37,142.24,76441.87,136778.729050002,137.75505,139.6480000000001,140.2804761904761
1768309200,142.24,143.46,141.79,142.46,353071.183,144475.12280000202,137.78510000000003,139.75700000000012,140.39095238095229
1768312800,142.45,143.84,141.66,142.06,246327.069,147684.135450002,137.81740000000002,139.87220000000013,140.45761904761895
1768316400,142.05,143.53,141.21,143.51,231930.16,153889.364600002,137.84665,139.97880000000012,140.44142857142847
1768320000,143.51,144.55,142.87,143.17,223050.402,160442.006800002,137.8769,140.0856000000001,140.41714285714275
1768323600,143.17,143.63,142.43,142.9,128020.992,158832.236950002,137.90295000000003,140.19900000000013,140.42285714285703
1768327200,142.89,143.89,142.68,143.47,85579.693,157668.037400002,137.92905000000002,140.31660000000014,140.53142857142845
1768330800,143.47,144.44,143.08,144.24,96376.706,153792.646350002,137.95505,140.4158000000001,140.63523809523798
1768334400,144.24,144.43,143,143.82,119304.123,153483.17185000202,137.9878,140.54120000000012,140.76238095238082
1768338000,143.82,144.3,143.37,143.38,74674.336,149086.98885000203,138.02475,140.6204000000001,140.9842857142856
1768341600,143.39,148.74,143.39,146.96,651459.789,173376.86505000203,138.0569,140.70980000000012,141.22571428571413
1768345200,146.96,147.6,144.63,145.51,273791.293,182849.656350002,138.09720000000002,140.77840000000012,141.44476190476175
1768348800,145.52,145.88,144.33,145.05,219968.567,191619.443900002,138.13694999999998,140.86940000000013,141.63904761904746
1768352400,145.05,146.2,144.93,145.7,151934.946,189203.884250002,138.1742,140.9452000000001,142.02380952380938
1768356000,145.69,146.6,145.32,145.51,117888.759,189295.046550002,138.21255,141.02420000000012,142.36333333333317
1768359600,145.5,146.37,145.17,146.29,150554.753,193831.460150002,138.2549,141.1926000000001,142.66380952380936
1768363200,146.28,146.46,144.81,144.91,147571.765,196955.460700002,138.29835,141.3290000000001,142.9761904761903
1768366800,144.91,145.19,144.34,144.47,108928.396,187453.77415000202,138.3462,141.46540000000013,143.24095238095222
1768370400,144.47,144.72,143.92,144.7,144819.292,184272.065400002,138.40605,141.5854000000001,143.5109523809522
1768374000,144.7,145.06,144.15,144.86,139269.2,187048.164700002,138.45295,141.6690000000001,143.7461904761903
1768377600,144.85,145.19,144.64,144.91,88516.679,187651.905150002,138.5012,141.7738000000001,143.88285714285698
1768381200,144.91,145.63,144.86,145.5,89044.976,174450.594800002,138.5471,141.8236000000001,144.01333333333318
1768384800,145.49,145.76,144.55,144.74,103057.587,167287.12070000198,138.58780000000002,141.86220000000012,144.14523809523794
1768388400,144.74,144.74,143.53,143.77,98787.235,160629.97445000196,138.62810000000002,141.90120000000013,144.2914285714284
1768392000,143.76,144.78,143.37,144.57,120304.728,155492.690750002,138.66330000000002,141.94260000000014,144.4466666666665
1768395600,144.57,144.92,144.04,144.24,181116.414,158147.46185000197,138.69360000000003,142.00080000000014,144.55523809523794
1768399200,144.23,147.56,144.23,146.64,341295.909,170933.27265000198,138.72310000000002,142.0826000000001,144.63666666666649
1768402800,146.64,147.55,145.95,147.07,283189.814,180273.928050002,138.7579,142.1762000000001,144.6871428571427
1768406400,147.07,148.44,146.84,147.08,401069.463,194362.195050002,138.79385000000002,142.2602000000001,144.7380952380951
1768410000,147.07,147.65,145.73,145.98,173793.257,199318.141100002,138.83345,142.3664000000001,144.91619047619034
1768413600,145.98,147.46,145.32,146.35,134813.384,173485.820850002,138.8691,142.4506000000001,145.08761904761892
1768417200,146.35,147.58,146.14,146.8,143224.485,166957.48045000198,138.89605,142.5880000000001,145.222857142857
1768420800,146.8,147.73,146.56,147.52,105589.515,161238.527850002,138.92665,142.73400000000012,145.32571428571416
1768424400,147.53,147.53,146.27,146.93,74112.752,157347.418150002,138.95005,142.86680000000013,145.46714285714273
1768428000,146.93,147.17,145.84,146.18,83089.698,155607.46510000198,138.98815000000002,142.9348000000001,145.45952380952366
1768431600,146.19,147.11,146.05,146.69,93135.804,152736.51765000197,139.03545000000003,143.00240000000014,145.55523809523797
1768435200,146.7,146.73,145.49,146.05,83594.113,149537.63505000196,139.08275,143.09960000000012,145.64476190476176
1768438800,146.06,146.51,144.76,145.18,115903.858,149886.40815000195,139.1237,143.22540000000015,145.6676190476189
1768442400,145.17,145.53,144.28,144.52,123493.301,148820.10860000196,139.16675,143.34420000000014,145.7238095238094
1768446000,144.53,144.73,143.21,143.49,158910.689,149802.18305000197,139.20325000000003,143.46320000000014,145.7123809523808
1768449600,143.49,144.46,143.28,144.45,101399.363,150446.31725000197,139.24540000000002,143.62080000000014,145.72523809523796
1768453200,144.45,144.83,144.3,144.6,51200.558,148554.096350002,139.28455000000002,143.75840000000014,145.72761904761893
1768456800,144.6,144.89,144.07,144.19,63020.557,146552.244850002,139.30545,143.87760000000014,145.66999999999985
1768460400,144.2,145.29,144.08,144.99,63410.713,144783.418750002,139.33090000000004,143.98200000000014,145.65047619047604
1768464000,145,145.25,144.02,144.89,89288.783,143232.621500002,139.36655000000002,144.07420000000013,145.63571428571413
1768467600,144.89,146,144.46,145.63,83355.258,138344.56370000198,139.40985000000003,144.19560000000013,145.57333333333318
1768471200,145.63,145.68,145.19,145.43,58879.816,124223.759050002,139.4446,144.31280000000012,145.58523809523794
1768474800,145.42,145.69,144.82,144.86,61676.799,113148.10830000199,139.4744,144.41380000000015,145.63857142857128
1768478400,144.85,145.07,144.32,144.88,105925.383,98390.90430000199,139.5019,144.51460000000014,145.68904761904744
1768482000,144.88,145.34,144.51,145.19,141167.317,96759.60730000198,139.5237,144.60000000000014,145.74571428571412
1768485600,145.19,145.65,143.21,143.94,206045.784,100321.22730000198,139.5445,144.7132000000001,145.6609523809522
1768489200,143.93,144.36,141.78,143.48,306760.062,108498.00615000198,139.56404999999998,144.78980000000013,145.5566666666665
1768492800,143.48,144.03,142.8,143.54,115664.148,109001.73780000198,139.58925,144.84780000000012,145.4666666666665
1768496400,143.54,144.2,142.5,142.66,86540.913,109623.145850002,139.62285,144.90360000000013,145.36952380952366
1768500000,142.67,143.03,141.46,141.57,142585.059,112597.913900002,139.65025,144.97060000000013,145.23285714285697
1768503600,141.56,141.85,140.9,141.53,104634.675,113172.85745000199,139.67665,145.00460000000012,145.07761904761887
1768507200,141.53,141.91,141.02,141.45,82328.273,113109.565450002,139.70714999999998,145.02500000000012,144.84619047619032
1768510800,141.45,142.27,141.3,142.1,39102.477,109269.496400002,139.7405,145.05460000000014,144.5909523809522
1768514400,142.1,142.58,141.98,142.41,35220.174,104855.840050002,139.76624999999999,145.03760000000014,144.36952380952363
1768518000,142.4,142.66,142.06,142.4,42035.066,99012.05890000201,139.7867,145.00560000000013,144.11999999999983
1768521600,142.41,142.82,142.23,142.46,46380.845,96261.13300000201,139.80734999999999,144.97820000000013,143.9319047619046
1768525200,142.45,142.73,141.98,142.35,38518.92,95627.051100002,139.8362,144.93780000000015,143.79999999999984
1768528800,142.35,142.35,141.68,142.19,55342.567,95243.151600002,139.8562,144.89500000000015,143.69904761904746
1768532400,142.2,142.47,141.87,141.97,48072.175,94476.22470000201,139.87419999999997,144.86680000000015,143.64999999999984
1768536000,141.97,142.74,141.39,141.68,129512.982,96487.43465000202,139.89184999999998,144.84720000000016,143.54999999999984
1768539600,141.67,143.63,141.4,143.19,119303.573,98284.85040000202,139.91169999999997,144.75720000000015,143.43523809523793
1768543200,143.19,143.38,142.74,143.32,49600.344,97820.87680000202,139.93364999999997,144.69400000000016,143.32952380952364
1768546800,143.32,143.33,142.6,142.95,59662.529,97720.16330000202,139.96714999999998,144.63680000000016,143.17190476190459
1768550400,142.95,143.46,142.93,143.16,62351.588,95541.47355000202,140.00094999999996,144.5622000000002,143.0909523809522
1768554000,143.15,143.47,142.88,143.06,41938.072,90580.01130000202,140.03469999999996,144.48560000000018,142.9809523809522
1768557600,143.05,143.17,142.71,143.09,30512.4,81803.34210000202,140.06934999999993,144.4236000000002,142.86285714285697
1768561200,143.1,143.55,142.8,143.14,85469.558,70738.81690000201,140.10039999999995,144.3918000000002,142.7819047619046
1768564800,143.14,143.86,143.11,143.66,104014.669,70156.34295000201,140.12984999999995,144.36140000000017,142.69523809523793
1768568400,143.66,143.66,142.68,143.07,56983.085,68678.451550002,140.16484999999997,144.33060000000017,142.59523809523793
1768572000,143.07,143.75,142.83,143.02,71843.642,65141.380700002,140.19894999999997,144.29460000000017,142.5571428571427
1768575600,143.01,143.67,140.26,140.78,211734.095,70496.35170000201,140.23174999999998,144.2582000000002,142.5657142857141
1768579200,140.77,142,140.65,141.91,106520.206,71705.948350002,140.26339999999996,144.21100000000015,142.54333333333318
1768582800,141.92,143.42,141.41,143.31,92724.775,74387.063250002,140.29459999999997,144.18940000000018,142.56047619047604
1768586400,143.31,144.19,142.98,143.53,116011.278,78426.618450002,140.32039999999998,144.1754000000002,142.522857142857
1768590000,143.53,144.52,143.01,144.18,73840.055,80016.86790000199,140.35234999999997,144.1444000000002,142.54095238095223
1768593600,144.17,145,143.49,144.95,73945.836,81395.11745000198,140.38239999999996,144.0752000000002,142.62952380952368
1768597200,144.95,145.55,144.69,145.03,98084.811,84373.41200000199,140.41454999999996,143.98060000000018,142.69761904761893
1768600800,145.03,145.13,144.58,144.92,77066.726,85459.61995000199,140.45539999999997,143.90540000000018,142.78190476190463
1768604400,144.93,145.2,144.73,144.89,51444.295,85628.22595000199,140.47979999999998,143.8344000000002,142.9033333333332
1768608000,144.9,144.99,144.2,144.32,43065.201,81305.83690000197,140.51379999999997,143.79840000000019,143.02571428571414
1768611600,144.33,144.82,144.22,144.66,98048.343,80243.07540000198,140.55799999999996,143.77040000000017,143.14809523809512
1768615200,144.65,144.68,144.25,144.59,22399,78883.00820000198,140.60014999999999,143.73500000000018,143.27666666666653
1768618800,144.59,144.62,144.24,144.37,20460.207,76922.89210000196,140.6471,143.68300000000016,143.3885714285713
1768622400,144.36,144.5,144.23,144.33,21696.789,74890.15215000197,140.70114999999998,143.64220000000017,143.53047619047607
1768626000,144.33,144.37,143.94,143.96,26863.513,74136.42420000197,140.754,143.60500000000016,143.59714285714273
1768629600,143.97,144.1,143.76,143.85,18570.345,73539.32145000198,140.80839999999998,143.56440000000015,143.64714285714274
1768633200,143.86,143.97,143.64,143.64,19923.391,70262.01310000199,140.8508,143.53520000000015,143.71285714285705
1768636800,143.64,144.28,143.6,144.21,31291.306,66625.84495000199,140.88144999999997,143.51900000000015,143.75095238095227
1768640400,144.22,144.65,143.99,144.45,36944.737,65623.92755000199,140.91115,143.51520000000016,143.78857142857132
1768644000,144.46,144.63,143.92,143.96,37234.823,63893.486600002,140.9437,143.52460000000016,143.81476190476178
1768647600,143.95,144.19,143.32,144,57313.169,56172.440300001996,140.97789999999998,143.51260000000016,143.86571428571418
1768651200,144,144.08,143.67,143.76,23242.728,52008.566400002,141.0111,143.49340000000018,143.90333333333322
1768654800,143.77,144.05,143.6,143.99,33223.901,49033.522700001995,141.03284999999997,143.49380000000016,143.94571428571416
1768658400,144,144.26,143.74,143.92,53532.724,45909.595000001995,141.05774999999997,143.48300000000015,143.99238095238084
1768662000,143.91,144.35,143.7,144.33,42307.028,44332.943650001995,141.08409999999998,143.46440000000015,144.1342857142856
1768665600,144.33,144.33,143.64,143.89,67847.953,44028.04950000199,141.1095,143.43180000000015,144.23333333333323
1768669200,143.89,144.25,143.83,144.07,26003.955,40424.00670000199,141.1403,143.39840000000015,144.26238095238085
1768672800,144.07,144.29,143.98,144.28,16887.898,37415.06530000199,141.1652,143.38100000000014,144.30047619047608
1768676400,144.28,144.55,144.12,144.27,26110.801,36148.390600001985,141.18115,143.36180000000016,144.28666666666655
1768680000,144.26,144.58,144.19,144.51,19865.153,34988.38820000199,141.20114999999998,143.34460000000013,144.2447619047618
1768683600,144.51,144.58,144.22,144.26,26901.178,31431.029950001986,141.22134999999997,143.34360000000012,144.2090476190475
1768687200,144.25,144.26,143.51,143.76,30788.049,31850.482400001987,141.23744999999997,143.35540000000015,144.17809523809512
1768690800,143.76,144.1,143.65,143.72,34632.569,32559.100500001987,141.26139999999998,143.37020000000012,144.15999999999988
1768694400,143.73,144,143.07,143.23,89537.908,35951.15645000199,141.29119999999998,143.40240000000014,144.15714285714273
1768698000,143.23,143.41,142.08,142.77,134176.09,41316.78530000198,141.31939999999997,143.46120000000013,144.1142857142856
1768701600,142.76,143.04,141.95,142.54,85758.377,44676.18690000199,141.3472,143.51580000000013,144.07285714285703
1768705200,142.55,142.95,142.36,142.83,41352.365,45747.63560000199,141.37714999999997,143.56200000000013,144.0185714285713
1768708800,142.82,142.94,142.54,142.83,27137.771,45539.95885000199,141.41109999999998,143.59440000000012,143.94428571428557
1768712400,142.83,143,142.54,142.84,69150.81,47150.26250000199,141.43919999999997,143.61080000000015,143.87666666666652
1768716000,142.85,143.04,142.55,142.7,75252.276,49051.13515000199,141.47365,143.61820000000014,143.82809523809513
1768719600,142.71,142.72,142.03,142.11,64400.645,49405.50895000199,141.49814999999998,143.61980000000014,143.7895238095237
1768723200,142.12,142.46,141.93,142.43,57490.394,51117.89225000199,141.51454999999999,143.62940000000015,143.7242857142856
1768726800,142.43,142.65,142.32,142.54,34931.139,51203.25415000199,141.5359,143.64220000000014,143.64095238095226
1768730400,142.53,142.55,142.17,142.43,44702.173,50761.72660000199,141.56445,143.65960000000013,143.55285714285702
1768734000,142.42,142.49,142.19,142.39,24865.19,49889.63470000198,141.59955,143.68000000000012,143.4780952380951
1768737600,142.39,142.53,142.17,142.24,35991.344,48296.80425000198,141.63565,143.6584000000001,143.41999999999987
1768741200,142.24,142.5,142,142.38,55892.74,49791.24350000198,141.66985,143.64060000000012,143.34571428571414
1768744800,142.37,142.73,141.62,141.72,88440.84,53368.890600001985,141.7025,143.63240000000013,143.27285714285702
1768748400,141.73,142.13,141.5,142,55161.235,54821.41230000199,141.73319999999998,143.6178000000001,143.1733333333332
1768752000,141.99,142.23,141.75,142.03,29577.665,55307.037900002,141.76585,143.60440000000014,143.10142857142844
1768755600,142.02,142.52,141.85,142.36,110528.815,59488.419750001995,141.7962,143.58740000000012,142.9895238095237
1768759200,142.35,142.97,142.08,142.76,99369.128,62917.473700001996,141.82639999999998,143.57220000000012,142.88095238095224
1768762800,142.76,143.25,142.1,142.27,87371.665,65554.428500002,141.8576,143.5334000000001,142.77428571428558
1768766400,142.28,142.56,141.94,142.46,37109.285,62932.997350002,141.8895,143.5120000000001,142.67190476190464
1768770000,142.47,142.79,142.4,142.65,20372.618,57242.823750002,141.9217,143.4922000000001,142.60047619047606
1768773600,142.66,143.04,142.48,142.86,101328.624,58021.336100001994,141.95035,143.5238000000001,142.5295238095237
1768777200,142.86,142.86,137.74,137.87,407539.601,76330.697900002,141.9799,143.5408000000001,142.4695238095237
1768780800,137.87,137.87,130,133.77,1224549.27,136201.272850002,142.00889999999998,143.5200000000001,142.44190476190465
1768784400,133.76,134.46,133.42,133.8,245111.52,144999.308350002,142.0376,143.49860000000012,142.44619047619037
1768788000,133.8,134.11,133.47,133.82,96915.874,146082.48825000197,142.06634999999997,143.4680000000001,142.2238095238094
1768791600,133.81,134.12,133.61,133.94,93363.297,147530.620850002,142.09479999999996,143.4262000000001,141.79238095238082
1768795200,133.93,134.09,133.5,133.69,90622.553,149187.22880000196,142.12389999999996,143.2830000000001,141.36238095238085
1768798800,133.69,133.99,133.34,133.35,117106.412,153295.99245000197,142.1554,143.06000000000012,140.93285714285707
1768802400,133.36,133.44,132.71,133.28,96467.946,155884.28110000197,142.18904999999998,142.8382000000001,140.51571428571418
1768806000,133.28,133.57,133.2,133.47,51951.647,157238.60395000197,142.19629999999995,142.6282000000001,140.11476190476182
1768809600,133.47,134.05,133.28,133.87,110205.607,160949.31710000196,142.18309999999997,142.4138000000001,139.68238095238087
1768813200,133.86,134.03,133.54,133.75,80968.947,162203.12745000195,142.17134999999996,142.19580000000008,139.2414285714285
1768816800,133.75,133.85,133.53,133.8,58949.717,160728.571300002,142.15964999999994,141.9754000000001,138.81476190476184
1768820400,133.8,134.37,133.63,134.13,68998.733,161420.44620000198,142.14824999999996,141.75440000000012,138.40904761904753
1768824000,134.12,134.19,133.71,134.13,64466.467,163164.886300002,142.13629999999995,141.54460000000012,138.00476190476184
1768827600,134.13,134.16,133.58,133.73,54556.597,160366.275400002,142.12429999999995,141.3450000000001,137.5961904761904
1768831200,133.73,133.78,133.27,133.51,58745.107,158335.074350002,142.11289999999994,141.1472000000001,137.23476190476183
1768834800,133.51,133.93,133.42,133.55,59831.428,156958.06250000198,142.10104999999993,140.9390000000001,136.8599999999999
1768838400,133.55,134.65,133.48,134.46,67821.696,158493.68305000197,142.08844999999994,140.7326000000001,136.46476190476182
1768842000,134.47,134.52,134.08,134.29,50323.274,159991.215850002,142.07569999999996,140.53600000000012,136.04333333333324
1768845600,134.3,134.43,133.89,134.28,34538.12,156651.690650002,142.06464999999994,140.33060000000012,135.6047619047618
1768849200,134.28,134.71,134.24,134.45,27722.07,137660.814100002,142.05399999999997,140.12560000000013,135.23285714285703
1768852800,134.46,135.16,134.45,134.69,35874.411,78227.07115000201,142.04364999999996,139.9168000000001,134.8438095238094
1768856400,134.69,134.99,134.07,134.09,27738.892,67358.43975000201,142.03089999999997,139.72760000000014,134.44523809523798
1768860000,134.09,134.21,132.91,132.97,86603.826,66842.837350002,142.01769999999996,139.52680000000012,134.0447619047618
1768863600,132.97,133.94,132.74,133.44,69091.359,65629.24045000199,142.00444999999996,139.3346000000001,133.8933333333332
1768867200,133.44,133.95,133.07,133.73,46933.257,63444.77565000199,141.99294999999995,139.14220000000012,133.9085714285713
1768870800,133.72,134.28,133.29,133.86,33309.578,59254.93395000199,141.98189999999994,138.95040000000012,133.8690476190475
1768874400,133.87,134.15,133.35,133.84,54643.631,57163.718200002,141.97044999999994,138.74680000000012,133.85095238095226
1768878000,133.84,134.63,133.49,134.24,112017.822,60167.026950001986,141.95979999999997,138.5160000000001,133.84095238095227
1768881600,134.25,134.27,133.21,133.39,79047.107,58609.10195000198,141.94774999999993,138.2996000000001,133.8490476190475
1768885200,133.39,133.53,132.4,133.03,121125.296,60616.91940000199,141.93199999999996,138.0990000000001,133.87238095238084
1768888800,133.03,133.03,131.07,131.23,271732.467,71256.05690000199,141.90079999999995,137.9018000000001,133.9180952380951
1768892400,131.23,131.78,130.56,130.62,149037.821,75258.01130000199,141.87584999999996,137.71400000000008,133.91428571428557
1768896000,130.62,130.8,128.36,129.09,545824.977,99325.93680000199,141.84429999999995,137.5434000000001,133.87428571428558
1768899600,129.08,129.15,128.55,128.91,148367.883,104016.50110000199,141.81514999999993,137.3604000000001,133.7542857142856
1768903200,128.91,129.35,128.73,128.91,89562.351,105557.36330000198,141.78419999999994,137.1644000000001,133.60285714285703
1768906800,128.9,129.47,128.72,128.81,78146.938,106473.13880000197,141.75824999999995,136.93240000000006,133.36285714285705
1768910400,128.81,129.52,128.73,129.34,81875.599,107175.83395000195,141.73249999999996,136.68800000000007,133.11428571428561
1768914000,129.34,129.36,128.4,128.43,111135.014,110216.42095000196,141.70419999999996,136.4158000000001,132.8847619047618
1768917600,128.43,129.77,127.97,128.87,233867.727,120182.90130000196,141.66919999999993,136.1518000000001,132.66095238095227
1768921200,128.87,128.97,127.24,127.86,254362.611,131514.92835000198,141.62379999999996,135.8814000000001,132.46047619047607
1768924800,127.86,128.59,126.3,127.07,272307.429,143336.579250002,141.56259999999995,135.60680000000008,132.17333333333323
1768928400,127.08,127.95,126.36,126.98,140397.772,148969.52325000198,141.50189999999992,135.34500000000008,131.91523809523798
1768932000,126.97,127.71,126.84,126.97,132571.957,151267.92980000196,141.43434999999994,135.06580000000008,131.6095238095237
1768935600,126.96,127.53,126.59,127.25,58754.412,150751.08245000197,141.36569999999995,134.7984000000001,131.2580952380951
1768939200,127.24,128.08,127,127.82,97927.429,153300.79105000195,141.29864999999995,134.5080000000001,130.89095238095223
1768942800,127.82,127.96,126.95,126.96,40542.757,153662.45000000196,141.22684999999993,134.21500000000012,130.5519047619046
1768946400,126.96,127.48,124.68,126.1,261340.303,163997.28360000195,141.16119999999995,133.91460000000012,130.27952380952365
1768950000,126.09,126.5,125.6,125.8,117591.742,164275.97960000194,141.09344999999993,133.6134000000001,130.01190476190462
1768953600,125.81,127.5,125.75,127.31,89787.895,164813.01900000195,141.02849999999992,133.31120000000013,129.68952380952365
1768957200,127.31,127.86,127.2,127.35,77415.642,162627.53630000196,140.96554999999995,133.01240000000013,129.31999999999985
1768960800,127.36,127.8,126.78,126.93,62484.625,152165.14420000193,140.90409999999994,132.7062000000001,128.93714285714273
1768964400,126.93,127.84,126.88,127.61,51402.939,147283.40010000192,140.84019999999992,132.37900000000013,128.60714285714272
1768968000,127.61,128.04,127.45,127.77,40569.416,122020.62205000194,140.78044999999992,132.04200000000014,128.31952380952367
1768971600,127.77,128.75,127.74,128.52,95036.437,119354.04975000194,140.7163999999999,131.73100000000014,128.02904761904747
1768975200,128.51,128.62,128.02,128.24,57434.736,117747.66900000194,140.64469999999992,131.52060000000012,127.8566666666665
1768978800,128.24,128.45,127.5,127.62,68333.697,117257.00695000196,140.56079999999992,131.38380000000012,127.72095238095223
1768982400,127.61,127.69,127,127.17,57353.607,116030.90735000194,140.4824999999999,131.2600000000001,127.69380952380938
1768986000,127.16,127.78,127.05,127.47,72434.253,114095.86930000196,140.4095499999999,131.13900000000012,127.66190476190461
1768989600,127.46,128.19,127.42,127.73,61664.344,105485.70015000195,140.3380499999999,131.03059999999996,127.60047619047604
1768993200,127.74,127.91,126.8,126.94,72723.834,96403.76130000196,140.27114999999992,130.92159999999998,127.52238095238083
1768996800,126.94,127.44,126.17,127.42,130888.221,89332.80090000195,140.2088499999999,130.807,127.43333333333322
1769000400,127.42,127.63,126.81,127.1,76221.51,86123.98780000195,140.1574,130.68479999999997,127.39999999999988
1769004000,127.1,129.75,126.96,129.55,358370.208,97413.90035000195,140.10275,130.5648,127.30809523809509
1769007600,129.55,131.18,129.37,130.43,355549.433,112253.65140000195,140.04475,130.44199999999998,127.28714285714274
1769011200,130.43,130.47,125.51,125.59,264324.287,120573.49430000196,139.98409999999998,130.30579999999998,127.2885714285713
1769014800,125.58,127.05,125.26,126.92,222449.597,129668.83630000195,139.92704999999998,130.17819999999995,127.41095238095225
1769018400,126.92,127.86,126.35,127.62,109162.995,122059.97090000196,139.8738,130.03759999999997,127.57571428571416
1769022000,127.61,131.68,127.2,131.5,362798.942,134320.33090000195,139.8148,129.94599999999994,127.49666666666653
1769025600,131.49,131.65,130.01,131.15,188285.576,139245.21495000194,139.75619999999998,129.87999999999997,127.45380952380938
1769029200,131.15,132.17,130.75,131.05,107730.865,140760.97610000195,139.69195,129.72159999999997,127.48523809523795
1769032800,131.06,131.76,130.59,130.61,86630.358,141968.26275000194,139.6366,129.58899999999997,127.74238095238081
1769036400,130.61,131.05,129.16,129.54,92682.943,144032.26295000195,139.58889999999997,129.45219999999995,127.9971428571427
1769040000,129.53,130.36,129.53,130.01,43551.628,144181.37355000194,139.50884999999997,129.39639999999997,128.17523809523794
1769043600,130.01,130.62,129.88,130.25,60620.127,142460.55805000194,139.43364999999997,129.33379999999997,128.33047619047605
1769047200,130.24,130.62,129.73,129.8,48014.113,141989.52690000195,139.36129999999997,129.26579999999998,128.45476190476177
1769050800,129.8,130.3,129.54,129.86,41744.711,140660.07760000194,139.30959999999996,129.18419999999998,128.56904761904747
1769054400,129.85,130.5,129.8,130.36,51765.302,140380.66235000195,139.25414999999998,129.09319999999997,128.68714285714273
1769058000,130.36,130.45,129.97,130.11,25118.506,138014.87500000195,139.19709999999998,129.03399999999996,128.74809523809512
1769061600,130.12,130.43,129.75,130.35,46026.269,137232.97125000195,139.13985,128.97019999999998,128.82523809523795
1769065200,130.36,130.44,129.77,129.81,36721.151,135432.83710000195,139.07,128.89159999999995,128.95571428571415
1769068800,129.8,130.1,129.35,129.94,59426.732,131859.76265000197,139.00419999999997,128.81159999999997,129.09571428571417
1769072400,129.93,130.27,129.6,130.16,45100.854,130303.72985000195,138.94095,128.74199999999996,129.232857142857
1769076000,130.16,130.35,130.02,130.16,36724.933,114221.46610000197,138.8726,128.65939999999995,129.3319047619046
1769079600,130.16,130.34,129.72,130.11,52218.106,99054.89975000196,138.8007,128.59859999999995,129.47476190476178
1769083200,130.11,130.45,129.98,130.1,49086.166,88292.99370000196,138.7334,128.53419999999994,129.60523809523798
1769086800,130.09,130.94,129.1,129.37,109079.818,82624.50475000196,138.66705,128.50839999999994,129.75095238095224
1769090400,129.36,129.5,127.84,127.91,191547.35,86743.72250000197,138.584,128.49919999999997,129.7776190476189
1769094000,127.91,128.63,126.73,127.41,274223.324,82314.94160000197,138.5055,128.52059999999994,129.76190476190465
1769097600,127.42,128.33,126.92,127.9,135459.053,79673.61545000196,138.42995000000002,128.54459999999995,129.94190476190465
1769101200,127.9,128.82,127.55,128.7,82632.671,78418.70575000197,138.35225,128.56839999999994,129.98904761904748
1769104800,128.7,128.8,127.63,127.73,88755.307,78524.95320000197,138.27550000000002,128.57959999999994,129.9790476190475
1769108400,127.74,129.37,127.45,129.26,91462.682,78463.94015000197,138.1946,128.55099999999996,129.8076190476189
1769112000,129.26,129.76,128.33,128.49,80006.677,80286.69260000196,138.12055,128.53059999999994,129.69095238095224
1769115600,128.5,129.07,128.22,128.31,62674.628,80389.41765000197,138.04505,128.51119999999995,129.532857142857
1769119200,128.32,128.78,128.02,128.71,71075.18,81542.47100000197,137.96110000000002,128.52799999999996,129.4685714285713
1769122800,128.71,128.72,128.12,128.47,28551.174,80882.79415000198,137.87384999999998,128.54119999999995,129.41857142857128
1769126400,128.47,128.52,128.08,128.35,20335.598,79311.30895000199,137.78879999999998,128.58679999999995,129.33761904761892
1769130000,128.36,128.94,128.29,128.9,50300.829,80570.42510000197,137.7048,128.61719999999997,129.2642857142856
1769133600,128.91,128.98,128.18,128.19,87449.146,82641.56895000197,137.61974999999998,128.63839999999996,129.20095238095226
1769137200,128.18,128.78,128.14,128.76,23921.896,82001.60620000196,137.54719999999998,128.65619999999996,129.1290476190475
1769140800,128.76,129.29,128.62,129.12,51597.83,81610.16110000196,137.46679999999998,128.68639999999996,129.05952380952368
1769144400,129.13,129.13,128.36,128.67,32387.492,80974.49300000197,137.38715,128.73139999999995,128.96809523809512
1769148000,128.68,129.14,127.23,127.5,92786.786,83777.58565000197,137.29749999999999,128.79339999999996,128.89238095238085
1769151600,127.51,128.1,127.51,127.93,41541.868,83243.77375000197,137.2045,128.81099999999995,128.8595238095237
1769155200,127.93,128,127,127.11,52730.908,83426.01085000197,137.11084999999997,128.83919999999998,128.79904761904749
1769158800,127.11,127.39,126.94,127.08,56779.19,80810.97945000198,137.02544999999998,128.88299999999995,128.67238095238082
1769162400,127.08,127.5,127.02,127.28,42307.324,73348.97815000197,136.93464999999998,128.90419999999997,128.56619047619031
1769166000,127.29,127.76,127.23,127.54,39080.059,61591.81490000196,136.84444999999997,128.89879999999997,128.42333333333318
1769169600,127.54,127.54,127.16,127.19,31937.548,56415.73965000196,136.75244999999998,128.88699999999997,128.27952380952368
1769173200,127.19,127.4,126.76,126.83,104557.343,57511.97325000196,136.66115,128.86439999999996,128.17999999999986
1769176800,126.84,127.37,125.28,126.11,220683.568,64108.386300001956,136.56775,128.85359999999997,128.16238095238083
1769180400,126.11,128.1,125.53,127.9,179137.668,68492.13560000196,136.47394999999997,128.85579999999996,128.15190476190463
1769184000,127.9,129.2,127.46,128.46,258702.171,77426.91030000197,136.37924999999998,128.85719999999995,128.10095238095224
1769187600,128.46,130.2,127.88,128.45,179723.029,83279.33035000197,136.28875,128.84639999999993,127.97761904761893
1769191200,128.45,129.56,128.26,129.05,88852.2,84168.18135000198,136.20255,128.84419999999997,127.98571428571417
1769194800,129.05,129.13,127.77,128.08,114421.467,88461.69600000196,136.12279999999998,128.81799999999996,127.94761904761893
1769198400,128.08,128.26,126.54,126.97,117205.542,93305.19320000196,136.0365,128.83399999999995,127.94571428571416
1769202000,126.97,127.57,126.89,127.15,39357.237,92758.01360000196,135.94764999999998,128.81219999999993,127.98095238095227
1769205600,127.14,127.89,127.11,127.68,34580.728,90114.59270000197,135.85725,128.77259999999995,127.95095238095226
1769209200,127.67,127.67,127.26,127.43,83685.65,93102.78040000197,135.7718,128.84179999999995,127.87952380952369
1769212800,127.43,127.75,127.37,127.41,30867.441,92066.26095000198,135.68965,128.86499999999995,127.82238095238084
1769216400,127.4,127.57,127.29,127.55,21845.976,91539.18515000197,135.60375,128.85199999999995,127.76428571428562
1769220000,127.55,127.8,127.49,127.72,24715.929,88135.64230000196,135.52185,128.76499999999996,127.72809523809515
1769223600,127.72,128.12,127.6,127.91,37298.555,87923.47665000196,135.43795,128.69559999999996,127.66380952380942
1769227200,127.91,128.11,127.69,127.85,36257.043,87099.78340000196,135.3484,128.62319999999994,127.58904761904753
1769230800,127.85,127.91,127.64,127.81,25243.285,85522.98815000195,135.2582,128.55919999999995,127.54380952380944
1769234400,127.82,127.83,127.54,127.66,15150.565,84165.15020000195,135.1769,128.51939999999993,127.56333333333325
1769238000,127.66,127.68,126.89,127.11,104041.196,87413.20705000196,135.09664999999998,128.47359999999992,127.55952380952372
1769241600,127.12,127.4,126.99,127.36,35736.729,87603.16610000197,135.016,128.42679999999996,127.59285714285707
1769245200,127.36,127.36,127,127.09,31043.616,83927.47975000196,134.94044999999997,128.38779999999994,127.62047619047611
1769248800,127.1,127.25,126.93,127.19,30637.278,74425.16525000197,134.87119999999996,128.34679999999994,127.61238095238087
1769252400,127.19,127.37,127.12,127.17,22638.715,66600.21760000197,134.80309999999997,128.29279999999994,127.60380952380943
1769256000,127.17,127.38,127.09,127.31,31336.463,55231.93220000196,134.73509999999996,128.23279999999994,127.59904761904752
1769259600,127.3,127.31,126.94,126.94,36123.535,48051.95750000196,134.66364999999996,128.17299999999994,127.6161904761904
1769263200,126.94,127.28,126.81,127.16,32917.114,45255.20320000197,134.58989999999997,128.11859999999996,127.66666666666659
1769266800,127.16,127.41,126.8,126.85,36656.112,41366.93545000197,134.51344999999995,128.06359999999998,127.63857142857134
1769270400,126.85,127.13,126.64,127.01,39338.257,37473.57120000197,134.43794999999997,128.00379999999996,127.56619047619039
1769274000,127.02,127.29,126.96,127.26,21514.488,36581.43375000197,134.36164999999994,127.94679999999997,127.5047619047618
1769277600,127.26,127.47,127.16,127.39,38254.84,36765.13935000197,134.28664999999995,127.88339999999995,127.39999999999992
1769281200,127.39,127.51,127.24,127.3,43682.616,34764.98765000197,134.21264999999994,127.82459999999996,127.34904761904752
1769284800,127.3,127.51,127.26,127.29,17456.938,34094.462500001966,134.14079999999996,127.77419999999996,127.36285714285705
1769288400,127.3,127.34,127.1,127.13,34314.235,34717.875450001964,134.05954999999994,127.75619999999995,127.37428571428563
1769292000,127.13,127.71,127.12,127.64,31966.369,35080.39745000196,133.97874999999993,127.75319999999996,127.35619047619039
1769295600,127.64,127.76,127.17,127.21,28382.7,34634.60470000196,133.89824999999996,127.74299999999995,127.3495238095237
1769299200,127.22,127.46,126.82,127.34,39333.833,34788.44420000196,133.81749999999994,127.71499999999995,127.33619047619038
1769302800,127.33,127.42,126.96,127.14,35681.151,35310.33750000196,133.73849999999996,127.70619999999995,127.34047619047608
1769306400,127.15,127.42,126.92,127.05,37772.36,36441.42725000196,133.65999999999994,127.66359999999995,127.31619047619036
1769310000,127.06,127.13,126.35,126.64,49535.012,33716.118050001955,133.58079999999995,127.64659999999995,127.28904761904752
1769313600,126.64,127,126.5,126.77,34334.071,33645.98515000196,133.49894999999995,127.62459999999993,127.255238095238
1769317200,126.77,126.96,126.63,126.94,24859.006,33336.75465000195,133.41924999999995,127.59719999999992,127.21904761904753
1769320800,126.94,126.94,126.43,126.72,25678.709,33088.82620000195,133.34234999999993,127.57059999999993,127.1704761904761
1769324400,126.72,126.72,126.35,126.47,33653.299,33639.555400001955,133.27449999999993,127.54459999999992,127.15428571428562
1769328000,126.47,126.83,125.98,126.23,78413.62,35993.413250001955,133.20164999999992,127.49939999999991,127.13428571428561
1769331600,126.23,126.9,126.11,126.7,62316.979,37303.085450001956,133.12079999999992,127.47099999999993,127.11666666666657
1769335200,126.69,127.2,126.61,126.94,39173.012,37615.88035000196,133.03839999999994,127.43459999999992,127.08238095238087
1769338800,126.95,126.97,126.56,126.77,17769.408,36671.545150001955,132.95069999999993,127.38659999999993,127.03761904761896
1769342400,126.77,127.04,126.58,127.03,40222.812,36715.77290000196,132.85979999999992,127.3425999999999,127.00857142857133
1769346000,127.03,127.12,126.48,126.96,36667.013,37473.39915000196,132.76934999999992,127.31719999999991,127.00857142857133
1769349600,126.97,126.98,125.68,126.09,65097.286,38815.521450001965,132.6783499999999,127.29259999999994,126.9899999999999
1769353200,126.09,126.32,125.48,125.59,83147.174,40788.74935000196,132.58624999999992,127.28919999999992,126.99857142857134
1769356800,125.58,125.58,122.2,122.78,745309.57,77181.38095000196,132.49579999999992,127.28299999999994,126.99619047619038
1769360400,122.78,122.99,121.6,122.22,279850.173,89458.17785000194,132.40599999999992,127.27799999999993,126.9404761904761
1769364000,122.22,122.31,120.74,121.69,320298.732,103874.79600000195,132.31774999999993,127.26639999999993,126.85476190476183
1769367600,121.69,121.87,117.15,117.96,959971.677,150454.24485000194,132.22974999999994,127.24439999999996,126.63952380952374
1769371200,117.96,118.7,117.38,118.33,843492.715,190662.18895000193,132.14324999999994,127.21959999999994,126.39809523809515
1769374800,118.33,118.95,117.62,118.83,351319.287,206444.09575000193,132.05824999999993,127.15299999999993,126.13904761904753
1769378400,118.83,118.85,117.9,118.42,132522.112,211181.58335000192,131.96944999999994,127.03939999999993,125.67809523809517
1769382000,118.42,119.45,117.53,118.85,204460.438,218927.85465000191,131.87919999999994,126.90399999999993,125.25523809523801
1769385600,118.85,119.8,118.53,119.65,144927.541,224457.52815000192,131.77204999999995,126.69419999999992,124.84999999999994
1769389200,119.65,122.77,119.57,122.4,175806.348,232004.89525000192,131.66089999999994,126.47979999999993,124.43476190476183
1769392800,122.4,122.68,121.29,122.03,77299.779,234585.94875000193,131.54954999999995,126.29479999999992,124.04428571428562
1769396400,122.03,122.33,121.11,121.57,80916.444,236949.10600000195,131.41934999999995,126.12379999999993,123.71142857142847
1769400000,121.58,123.62,121.57,122.59,104472.386,238252.04430000196,131.29219999999995,125.95779999999993,123.50333333333326
1769403600,122.59,122.9,122.41,122.48,42577.681,237265.07940000194,131.16639999999995,125.79719999999993,123.26952380952372
1769407200,122.48,122.77,122.19,122.48,46486.887,237630.77315000194,131.03889999999996,125.69659999999993,123.02428571428561
1769410800,122.49,123.01,122.23,122.89,55540.075,239519.30650000196,130.91149999999996,125.58899999999993,122.83952380952371
1769414400,122.9,123.59,122.27,122.69,97546.898,242385.51080000197,130.79029999999995,125.46939999999991,122.66095238095228
1769418000,122.7,122.74,121.76,121.93,83548.744,244729.59735000195,130.68194999999994,125.36679999999993,122.45999999999991
1769421600,121.94,122.7,121.94,122.45,72701.762,245109.82115000192,130.57069999999993,125.25819999999993,122.26714285714276
1769425200,122.46,122.7,122.41,122.5,41233.723,243014.14860000196,130.45719999999994,125.15079999999993,122.07285714285705
1769428800,122.51,122.99,122.35,122.68,88321.94,210164.76710000198,130.34759999999994,125.05239999999992,121.8299999999999
1769432400,122.69,123.28,122.53,123.16,69724.092,199658.46305000197,130.23869999999997,124.95299999999992,121.61523809523798
1769436000,123.16,124.26,122.66,123.8,190226.062,193154.82955000197,130.13229999999996,124.84939999999992,121.44428571428563
1769439600,123.8,125.2,123.04,123.53,246381.08,157475.29970000198,130.02814999999995,124.75119999999991,121.30571428571417
1769443200,123.53,124.88,123.17,124.3,127507.632,121676.04555000199,129.92544999999996,124.65939999999992,121.32380952380943
1769446800,124.31,124.67,123.03,124.28,130365.53,110628.35770000199,129.82124999999996,124.56919999999991,121.39904761904752
1769450400,124.29,125.6,123.96,124.9,155853.931,111794.94865000198,129.72079999999997,124.48899999999992,121.48666666666657
1769454000,124.91,125.13,124.18,124.31,58613.36,104502.594750002,129.61914999999996,124.41879999999992,121.78857142857134
1769457600,124.31,124.47,123.42,123.7,85142.478,101513.341600002,129.51839999999996,124.35059999999993,122.07190476190466
1769461200,123.7,124.81,123.52,124.52,81675.694,96806.808900002,129.41999999999996,124.2933999999999,122.36095238095227
1769464800,124.52,124.88,124.26,124.54,47220.758,95302.85785000198,129.32549999999995,124.24199999999992,122.64142857142845
1769468400,124.53,124.87,124.13,124.24,51660.538,93840.06255000198,129.23259999999993,124.19979999999993,122.87238095238084
1769472000,124.24,124.42,123.88,124.09,35086.727,90370.77960000199,129.14194999999995,124.14079999999993,123.10428571428561
1769475600,124.09,124.58,123.73,124.34,54064.276,90945.10935000199,129.05064999999996,124.06699999999994,123.20619047619036
1769479200,124.35,125.12,124.32,125.04,74452.009,92343.36545000199,128.96299999999997,124.01139999999992,123.31142857142846
1769482800,125.04,125.17,124.4,124.51,58439.722,92488.347800002,128.87259999999995,123.95639999999995,123.43142857142846
1769486400,124.51,125.15,124.27,124.42,48741.123,90048.05905000199,128.77989999999994,123.89859999999993,123.5147619047618
1769490000,124.43,124.53,124.15,124.47,52340.971,88487.67040000198,128.69059999999993,123.82759999999993,123.63666666666656
1769493600,124.47,124.74,124,124.21,36585.913,86681.87795000197,128.60469999999995,123.77019999999993,123.7333333333332
1769497200,124.22,124.65,124.04,124.52,60099.208,87625.15220000198,128.51589999999996,123.72419999999994,123.80619047619037
1769500800,124.52,124.79,123.99,124.06,73380.186,86878.06450000199,128.42619999999994,123.67159999999994,123.89095238095227
1769504400,124.06,124.08,123.57,123.74,85718.06,87677.76290000198,128.33609999999993,123.61899999999996,123.9995238095237
1769508000,123.75,124.14,123.69,123.72,32290.299,79780.97475000199,128.24749999999992,123.57559999999995,124.09809523809513
1769511600,123.72,124.29,123.61,124.12,32874.894,69105.66545000198,128.15869999999993,123.52439999999996,124.17238095238083
1769515200,124.12,124.34,123.83,123.89,38733.447,64666.95620000198,128.06849999999994,123.47599999999994,124.22285714285705
1769518800,123.89,123.93,123.12,123.2,41637.018,60230.53060000198,127.97759999999992,123.42279999999995,124.2495238095237
1769522400,123.2,124.52,123.17,123.64,118292.719,58352.47000000197,127.88434999999994,123.36819999999996,124.2647619047618
1769526000,123.65,125.06,123.45,125.01,98820.871,60362.84555000197,127.81759999999993,123.31799999999996,124.28190476190466
1769529600,125.01,126.79,124.99,126.32,241959.356,68203.68945000196,127.76904999999994,123.26639999999996,124.22952380952368
1769533200,126.31,126.33,123.55,124.05,172575.78,72748.69375000197,127.71874999999993,123.20539999999997,124.1990476190475
1769536800,124.05,126.3,123.8,125.81,132642.282,77019.76995000197,127.66824999999993,123.13399999999997,124.2042857142856
1769540400,125.82,126.27,125.4,125.85,88198.195,78846.65280000198,127.61914999999993,123.06619999999997,124.29999999999988
1769544000,125.84,127.52,125.73,127.36,213405.074,87762.57015000198,127.57014999999993,123.02719999999998,124.31666666666656
1769547600,127.36,127.84,126.93,127.06,121165.487,91117.63070000197,127.51939999999992,123.03179999999996,124.37809523809513
1769551200,127.07,127.8,126.98,127.62,67943.242,90792.19235000198,127.47119999999991,123.00099999999996,124.44047619047608
1769554800,127.62,127.65,127.12,127.19,57062.183,90723.31540000197,127.42889999999993,123.06159999999996,124.5890476190475
1769558400,127.18,127.31,126.65,127.26,69587.438,91765.63115000198,127.39114999999993,123.13419999999998,124.73047619047607
1769562000,127.26,127.52,126.71,127.09,49972.438,91647.20450000199,127.34264999999992,123.24759999999998,124.88666666666653
1769565600,127.08,127.4,126.7,127.07,41292.057,91882.51170000198,127.30269999999992,123.42959999999998,124.98904761904751
1769569200,127.07,127.25,126.71,126.96,36247.357,90689.91915000198,127.26129999999992,123.61539999999997,125.11999999999989
1769572800,126.96,127.03,126.47,126.84,54792.494,89760.53455000199,127.22744999999992,123.78259999999999,125.24714285714275
1769576400,126.84,126.99,126.45,126.77,39744.009,87461.83200000199,127.1940999999999,123.95939999999999,125.37095238095225
1769580000,126.77,127.53,126.77,127.4,48840.519,88289.34300000199,127.16464999999991,124.12419999999999,125.50190476190463
1769583600,127.41,127.54,126.95,127.1,47577.071,89024.45185000198,127.13284999999989,124.27259999999998,125.61238095238083
1769587200,127.09,127.29,126.61,126.67,60888.168,90132.18790000198,127.0968499999999,124.36379999999997,125.74142857142844
1769590800,126.68,127.61,125.97,127.6,113796.574,93740.16570000199,127.0608499999999,124.45999999999998,125.91571428571416
1769594400,127.61,128.13,127.29,127.32,71196.706,91385.36505000199,127.0247999999999,124.56399999999998,126.07666666666654
1769598000,127.32,128.34,127.17,128.17,106916.053,91790.124150002,126.98734999999992,124.66019999999999,126.19809523809512
1769601600,128.16,128.25,127.03,127.25,93775.526,84380.932650002,126.94809999999993,124.75259999999999,126.37476190476177
1769605200,127.25,127.87,126.87,127.35,124448.169,81974.552100002,126.91149999999992,124.8364,126.57095238095224
1769608800,127.35,127.35,126.48,126.87,138652.417,82275.05885000198,126.88364999999993,124.9306,126.78666666666669
1769612400,126.86,127.17,125.52,126.07,159457.561,85838.02715000199,126.85194999999993,125.0232,126.89333333333335
1769616000,126.06,126.64,125.6,126.09,77690.154,79052.28115000199,126.81664999999992,125.148,126.942380952381
1769619600,126.09,127.04,125.26,126.53,116096.454,78798.82950000199,126.78534999999991,125.24399999999997,127.0766666666667
1769623200,126.53,126.55,125.7,126.09,75739.898,79188.66230000198,126.75274999999992,125.34099999999998,127.08904761904766
1769626800,126.09,126.72,125.3,126.01,164495.316,84560.318950002,126.72239999999991,125.42479999999998,127.10047619047624
1769630400,126,126.68,125.34,125.44,117569.402,86959.41715000199,126.69169999999991,125.48299999999999,127.06095238095241
1769634000,125.44,125.84,124.78,125.48,96195.112,89270.55085000198,126.66329999999991,125.52879999999999,127.01476190476194
1769637600,125.49,125.85,125.16,125.73,37148.61,89063.37850000199,126.64149999999991,125.58879999999999,126.93809523809527
1769641200,125.73,125.78,125.07,125.35,55744.025,90038.21190000197,126.61874999999989,125.62459999999999,126.85476190476196
1769644800,125.34,125.51,124.57,125.13,54357.452,90016.45980000198,126.60374999999989,125.6592,126.77000000000005
1769648400,125.12,125.24,124.13,124.33,72618.165,91660.16760000198,126.59184999999988,125.67000000000002,126.70523809523813
1769652000,124.33,124.82,123.14,123.52,146265.486,96531.41595000197,126.57774999999988,125.6934,126.62333333333338
1769655600,123.51,123.79,122.7,123.07,105761.164,99440.62060000197,126.56374999999989,125.734,126.53619047619051
1769659200,123.07,123.52,122.5,123.42,57827.31,99287.57770000197,126.54424999999988,125.75059999999999,126.41666666666671
1769662800,123.42,123.82,123.15,123.26,47319.808,95963.73940000197,126.52949999999989,125.7624,126.2619047619048
1769666400,123.25,123.72,123.11,123.69,37534.722,94280.64020000197,126.51379999999989,125.7642,126.05571428571433
1769670000,123.69,123.98,123.65,123.78,39771.657,90923.42040000197,126.50124999999987,125.75280000000001,125.88047619047624
1769673600,123.78,123.93,123.16,123.3,54359.578,88952.62300000197,126.49154999999988,125.7274,125.7180952380953
1769677200,123.3,123.38,122.96,123.03,39351.242,84697.77665000196,126.47829999999988,125.695,125.53190476190483
1769680800,123.03,123.3,122.92,123.21,40721.49,79801.23030000197,126.46104999999987,125.67,125.3633333333334
1769684400,123.21,123.3,122.66,122.76,69819.861,75319.34530000198,126.44014999999986,125.65540000000001,125.13142857142864
1769688000,122.76,123.18,122.45,122.85,57908.852,74330.28020000197,126.41814999999988,125.6416,124.93047619047626
1769691600,122.85,123.34,122.68,122.91,56247.176,71337.81630000197,126.39964999999988,125.6234,124.73333333333338
1769695200,122.91,123.09,120.29,120.37,214142.814,78257.96210000197,126.38759999999988,125.59360000000001,124.53761904761912
1769698800,120.38,120.44,116.12,117.69,822416.593,111154.02595000197,126.37749999999987,125.5766,124.38428571428577
1769702400,117.69,118.99,116.74,118.96,373616.32,123956.37185000197,126.35744999999989,125.55699999999999,124.2328571428572
1769706000,118.95,119.96,117.68,117.91,282061.164,133249.67445000197,126.33584999999988,125.5396,123.93952380952388
1769709600,117.92,118.19,115.39,115.78,407264.532,151755.47055000198,126.31724999999989,125.51539999999999,123.53952380952387
1769713200,115.77,117.21,115.43,116.84,288909.911,163413.76485000196,126.29299999999988,125.44499999999998,123.2038095238096
1769716800,116.84,117.47,116.56,116.95,181237.678,169757.77615000197,126.26839999999989,125.3348,122.84523809523819
1769720400,116.95,117.72,116.92,117.45,119123.654,172083.05060000197,126.24034999999989,125.24119999999999,122.38333333333343
1769724000,117.46,117.79,117.32,117.58,70192.149,168279.38375000196,126.2009999999999,125.09919999999998,121.96000000000011
1769727600,117.58,117.91,117.27,117.82,91784.695,167580.56030000196,126.1513499999999,124.88839999999999,121.56000000000007
1769731200,117.82,118.14,117.5,117.63,72173.697,168297.87965000197,126.11029999999988,124.74419999999998,121.19428571428583
1769734800,117.64,117.91,112.14,115.22,700460.015,200954.89000000196,126.06249999999987,124.567,120.87285714285723
1769738400,115.22,115.37,112.78,114.12,304132.802,214284.79400000194,126.00274999999989,124.399,120.60142857142867
1769742000,114.12,114.68,113.55,114.43,157237.666,220158.09445000198,125.95224999999988,124.20339999999999,120.34238095238103
1769745600,114.44,115.83,114.29,115.58,206669.169,227773.57400000197,125.89989999999989,124.01859999999999,119.95190476190484
1769749200,115.58,116.1,115.44,115.46,92621.64,230437.093900002,125.85164999999988,123.8188,119.51666666666672
1769752800,115.47,115.47,113.01,113.86,186173.894,237709.714100002,125.79179999999988,123.57939999999999,119.07571428571435
1769756400,113.87,116.13,113.87,115.78,230423.41,245739.891550002,125.72874999999989,123.31659999999998,118.68523809523815
1769760000,115.78,116.18,115.17,115.39,98998.314,247794.36465000204,125.68894999999988,123.06339999999996,118.31190476190481
1769763600,115.39,116.04,114.67,115.37,187833.933,254373.70250000205,125.6304499999999,122.83359999999998,117.87523809523815
1769767200,115.37,115.99,115.08,115.92,135180.293,250425.576450002,125.56294999999989,122.60359999999996,117.5214285714286
1769770800,115.91,117.28,115.77,117.08,112192.16,214914.354800002,125.4775999999999,122.34399999999997,117.17047619047624
1769774400,117.08,117.33,115.96,116.27,125964.165,202531.747050002,125.39974999999987,122.12419999999995,116.81428571428576
1769778000,116.28,116.4,115.21,115.81,158022.987,196329.83820000204,125.32179999999988,121.88399999999994,116.48142857142862
1769781600,115.81,117.64,115.78,116.36,205040.888,186218.656000002,125.23804999999987,121.64939999999996,116.32476190476193
1769785200,116.36,117.14,114.58,116.8,229905.559,183268.43840000202,125.16924999999988,121.43439999999995,116.25714285714288
1769788800,116.8,117.99,116.21,117.14,197452.451,184079.177050002,125.0961499999999,121.22399999999995,116.10714285714288
1769792400,117.14,117.77,116.55,116.64,135370.509,184891.51980000202,125.02174999999988,121.00299999999994,116.03333333333335
1769796000,116.63,118.6,114.34,118.1,407588.867,201761.355700002,124.9523499999999,120.75579999999995,116.08190476190478
1769799600,118.1,119.12,118.1,118.3,308936.132,212618.927550002,124.88844999999988,120.53799999999994,116.0961904761905
1769803200,118.29,118.43,116.52,117.01,287832.556,223401.870500002,124.81799999999988,120.32699999999994,116.08142857142857
1769806800,117.01,118,116.86,117.38,111021.08,193929.923750002,124.74649999999988,120.13239999999995,116.11238095238096
1769810400,117.38,117.56,116.58,117.4,51433.974,181294.98235000198,124.67654999999988,119.94379999999992,116.14666666666669
1769814000,117.39,117.63,116.9,117.59,58340.581,176350.12810000198,124.6114999999999,119.78399999999992,116.10809523809523
1769817600,117.6,117.98,117.39,117.55,74010.134,169717.17635000197,124.54749999999989,119.61939999999993,116.0961904761905
1769821200,117.54,118.37,117.54,118.17,88350.516,169503.62015000195,124.47989999999989,119.43779999999994,116.20000000000002
1769824800,118.17,118.56,117.6,118.31,91171.039,164753.47740000195,124.4195999999999,119.26519999999994,116.36523809523813
1769828400,118.31,118.66,118.18,118.39,67125.54,156588.58390000195,124.36054999999989,119.10439999999993,116.51380952380954
1769832000,118.39,118.85,118.28,118.44,71708.237,155224.08005000197,124.2950999999999,118.94659999999995,116.63714285714289
1769835600,118.44,118.77,118.01,118.62,113508.253,151507.79605000195,124.2351499999999,118.78299999999994,116.77285714285716
1769839200,118.62,118.8,117.9,118.54,127097.967,151103.67975000196,124.1825999999999,118.63939999999995,116.98857142857143
1769842800,118.55,118.6,117.2,117.37,123774.527,151682.79810000196,124.1334999999999,118.50299999999996,117.11523809523813
1769846400,117.38,117.53,114.29,115.62,515928.384,171181.00905000197,124.08174999999989,118.38419999999995,117.26904761904763
1769850000,115.62,116.83,115.39,116.36,159270.208,171243.37010000198,124.02909999999989,118.28259999999995,117.42000000000003
1769853600,116.35,116.92,116.04,116.78,95584.744,165770.56290000197,123.98199999999989,118.19359999999995,117.48904761904764
1769857200,116.79,116.79,115.97,116.05,98006.581,159175.61400000198,123.92764999999989,118.09599999999993,117.41952380952382
1769860800,116.06,116.19,115.01,115.19,149919.939,156798.98840000195,123.8773999999999,117.97819999999993,117.42380952380955
1769864400,115.19,115.23,113.61,114.16,233995.442,161730.23505000194,123.82894999999988,117.81679999999993,117.47000000000004
1769868000,114.16,114.43,108.23,109.14,1084375.261,195569.55475000193,123.77809999999988,117.66839999999993,117.45523809523812
1769871600,109.14,110.2,108.39,108.65,322151.589,196230.32760000194,123.72259999999989,117.53799999999993,117.37857142857145
1769875200,108.65,109.83,105.61,106.28,714247.32,217551.06580000193,123.65894999999989,117.39839999999992,117.23666666666668
1769878800,106.27,106.73,100.26,103.31,1607334.106,292366.71710000193,123.59624999999988,117.23799999999991,116.87952380952382
1769882400,103.3,103.88,96.4,101.96,1364930.58,358041.5474000019,123.5391999999999,117.06599999999992,116.42952380952383
1769886000,101.96,103.49,101.5,101.78,540174.932,382133.2649500019,123.4756499999999,116.79179999999991,115.85714285714288
1769889600,101.77,102.58,100.4,101.99,248996.895,390882.60300000187,123.40599999999989,116.50659999999992,115.20476190476191
1769893200,101.99,103.8,101.31,103.49,272806.794,400105.4169000019,123.33344999999989,116.22479999999992,114.47047619047622
1769896800,103.5,104.39,103.32,104.12,144380.854,402765.90765000193,123.24164999999988,115.9371999999999,113.7266666666667
1769900400,104.11,106.55,103.86,105.58,258548.484,412337.05485000194,123.1452499999999,115.59719999999992,112.98380952380955
1769904000,105.58,106.43,105.32,105.67,126041.394,415053.71270000195,123.0410999999999,115.27459999999992,112.31428571428576
1769907600,105.67,105.81,104.23,104.99,134368.769,416096.73850000196,122.9222499999999,114.99879999999992,111.64523809523813
1769911200,104.99,105.99,104.77,105.56,86468.395,414065.2599000019,122.7956499999999,114.73179999999991,111.03904761904766
1769914800,105.56,105.68,104.53,104.97,74562.008,411604.63395000197,122.6668499999999,114.47519999999992,110.43333333333337
1769918400,104.97,105.51,104.8,105.2,70836.341,389350.031800002,122.54084999999992,114.23779999999992,109.79285714285719
1769922000,105.21,105.71,104.5,104.69,107662.538,386769.648300002,122.42414999999991,113.99959999999992,109.17095238095243
1769925600,104.69,105.44,104.53,105.07,67431.943,385362.008250002,122.31419999999991,113.74299999999992,108.52476190476195
1769929200,105.08,106.02,103.96,105.2,150931.224,388008.240400002,122.2025999999999,113.50159999999993,107.94523809523814
1769932800,105.2,106.06,104.81,105.52,104946.087,385759.54780000204,122.0886499999999,113.29659999999993,107.42476190476195
1769936400,105.52,105.94,104.96,105.79,70479.476,377583.749500002,121.97134999999992,113.1181999999999,106.8871428571429
1769940000,105.8,105.85,103.59,103.75,172599.2,331994.946450002,121.8538999999999,112.92339999999993,106.33571428571433
1769943600,103.76,105.4,103.73,105.05,114098.12,321592.273000002,121.7383499999999,112.71319999999993,105.83428571428576
1769947200,105.06,105.19,104.13,105.05,112117.409,291485.77745000203,121.6294999999999,112.50799999999992,105.3866666666667
1769950800,105.04,106.69,104.08,104.45,239797.437,223108.94400000205,121.5171999999999,112.34119999999992,104.89095238095243
1769954400,104.45,104.81,101.75,102.95,396592.179,174692.02395000204,121.4041499999999,112.14139999999992,104.69619047619051
1769958000,102.96,102.96,100.21,101.69,285436.953,161955.12500000204,121.2929999999999,111.90859999999994,104.52476190476195
1769961600,101.7,102.89,100.93,101.73,193048.485,159157.70450000203,121.18354999999991,111.70219999999993,104.43761904761907
1769965200,101.73,102.5,101.13,102.44,138966.924,152465.71100000205,121.07474999999991,111.48479999999994,104.42047619047621
1769968800,102.44,104.27,102.43,103.45,221112.844,156302.31050000206,120.95489999999991,111.23219999999993,104.4076190476191
1769972400,103.44,103.77,101.56,101.94,121292.53,149439.51280000206,120.84059999999991,110.96579999999993,104.40523809523813
1769976000,101.94,102.87,100.19,101.59,243862.735,155330.57985000205,120.7265999999999,110.68339999999993,104.42666666666669
1769979600,101.59,101.71,100.13,100.85,173272.634,157275.77310000206,120.60979999999992,110.39079999999993,104.42476190476194
1769983200,100.85,102.88,100.82,101.8,148936.336,160399.17015000206,120.48624999999991,110.10359999999993,104.32095238095239
1769986800,101.79,102.05,98.02,100.79,649394.09,189140.77425000205,120.3591499999999,109.82979999999992,104.13095238095238
1769990400,100.78,102.9,99.65,102.28,388170.014,205007.45790000207,120.23099999999991,109.53579999999992,103.90142857142858
1769994000,102.28,103.14,100.41,102.09,200480.789,209648.37045000205,120.10774999999991,109.20559999999995,103.74952380952384
1769997600,102.1,102.74,100.57,100.75,171221.396,214837.84310000204,119.98904999999989,108.85659999999993,103.52238095238098
1770001200,100.75,100.88,95.95,100.07,751071.305,244844.84715000205,119.8628999999999,108.55239999999992,103.39428571428574
1770004800,100.08,101.79,98.66,100.31,256969.433,252446.01445000205,119.73429999999989,108.22059999999992,103.24619047619052
1770008400,100.3,100.46,97.67,98.3,320609.52,264952.5166500021,119.60384999999991,107.91819999999994,103.05857142857145
1770012000,98.3,101.4,97.07,100.72,663349.31,289490.02215000207,119.4770499999999,107.60819999999994,102.82047619047621
1770015600,100.72,102.43,100.46,101.43,334885.952,300529.41375000204,119.3467499999999,107.27219999999994,102.58761904761907
1770019200,101.42,102.49,101.36,101.7,265638.565,308205.47155000205,119.2230999999999,106.91019999999995,102.24380952380956
1770022800,101.71,103.19,101.42,102.79,271740.85,309802.64220000204,119.09724999999989,106.55019999999993,102.00238095238099
1770026400,102.79,103.45,102.62,102.88,128297.428,296387.904650002,118.9640499999999,106.14839999999992,101.89190476190478
1770030000,102.89,103.44,102.65,102.78,125649.771,288398.545550002,118.8278999999999,105.79399999999993,101.73238095238098
1770033600,102.78,103.78,102.78,103.3,103997.092,283945.975900002,118.6929999999999,105.45019999999994,101.62476190476194
1770037200,103.29,103.7,102.83,103.33,94483.569,281721.80815000203,118.54884999999992,105.11339999999993,101.55000000000003
1770040800,103.33,105.14,102.39,103.97,326326.232,286982.47755000205,118.4142499999999,104.82179999999993,101.54190476190479
1770044400,103.97,106.12,103.56,104.7,361531.853,298994.44370000204,118.2853499999999,104.56699999999992,101.61857142857146
1770048000,104.69,105.78,104.28,105,168382.676,295220.44075000205,118.15714999999987,104.29539999999992,101.69476190476196
1770051600,105,105.58,104.45,104.81,139614.847,293537.55140000203,118.03539999999988,104.02579999999993,101.76761904761909
1770055200,104.81,105.04,103.88,104.72,110398.202,291610.64470000204,117.91454999999988,103.7713999999999,101.82714285714287
1770058800,104.72,104.84,103.51,103.89,97318.24,264006.85220000206,117.79524999999987,103.54699999999991,101.97285714285715
1770062400,103.88,104.26,103.32,103.84,117301.349,250463.41895000203,117.67789999999987,103.35779999999991,102.1261904761905
1770066000,103.85,104.99,103.8,104.84,71731.119,244025.93545000203,117.55984999999986,103.2749999999999,102.31047619047621
1770069600,104.84,105.2,104.55,105.02,50345.646,237982.14795000205,117.44609999999986,103.1981999999999,102.41000000000003
1770073200,105.02,105.07,104.41,104.55,54517.523,203154.45885000203,117.33724999999986,103.1669999999999,102.55523809523814
1770076800,104.54,104.67,103.7,104.18,104401.334,195526.053900002,117.23109999999986,103.1785999999999,102.6771428571429
1770080400,104.17,104.4,103.56,104.39,74503.014,183220.728600002,117.12164999999986,103.21619999999992,102.81666666666672
1770084000,104.4,104.4,102.35,102.44,94235.257,154765.02595000202,117.01054999999985,103.2773999999999,102.99761904761908
1770087600,102.44,104.42,102.18,104.16,139835.881,145012.52240000202,116.89614999999986,103.33799999999991,103.19333333333337
1770091200,104.17,105.1,103.86,104.68,65013.811,134981.28470000203,116.78019999999988,103.35919999999989,103.38761904761911
1770094800,104.68,104.73,103.65,103.72,59729.763,124380.73035000202,116.66959999999989,103.3603999999999,103.58476190476196
1770098400,103.72,104.08,102.96,103.98,93535.533,122642.63560000202,116.56424999999989,103.33659999999989,103.74857142857147
1770102000,103.98,104.91,103.75,104.7,84268.477,120573.570900002,116.45904999999989,103.27199999999989,103.90333333333336
1770105600,104.7,105.04,104.07,104.11,91071.169,119927.274750002,116.36604999999989,103.25539999999988,103.99952380952384
1770109200,104.11,104.21,102.54,103.15,169415.452,123673.86890000201,116.2768999999999,103.2377999999999,104.05619047619051
1770112800,103.14,103.35,102.5,102.9,94786.204,112096.867500002,116.1806499999999,103.2127999999999,104.14285714285718
1770116400,102.91,103.42,102.83,103.01,70281.313,97534.340500002,116.1116499999999,103.18839999999989,104.20619047619051
1770120000,103.01,103.38,102.53,103.13,120153.518,95122.882600002,116.04339999999989,103.18859999999988,104.19904761904768
1770123600,103.13,103.59,102.74,103.42,92001.779,92742.22920000201,115.96784999999988,103.16939999999988,104.17857142857147
1770127200,103.41,103.65,100.75,100.86,240476.164,99246.127300002,115.89564999999989,103.12839999999989,104.1328571428572
1770130800,100.85,102.79,100.41,102.56,363592.435,112559.837050002,115.82489999999989,103.0759999999999,104.05809523809529
1770134400,102.56,102.56,99.96,100.73,292972.486,121343.393900002,115.74719999999988,103.02039999999988,103.9828571428572
1770138000,100.72,100.97,99.03,99.11,261309.985,130822.337200002,115.65094999999988,103.00799999999988,103.79476190476196
1770141600,99.11,99.43,96.64,96.84,492016.125,152905.861150002,115.55529999999987,102.97539999999988,103.69190476190481
1770145200,96.83,100.1,96.7,99.02,422917.456,171325.85780000198,115.46249999999989,102.89159999999988,103.54142857142861
1770148800,99.01,102.07,98.31,101.14,463864.095,189298.995850002,115.36519999999987,102.85379999999988,103.31619047619051
1770152400,101.14,101.85,100,100.2,217826.199,196465.15510000198,115.26989999999986,102.80939999999988,102.93523809523815
1770156000,100.21,100.29,98.15,98.48,174220.531,200464.41880000196,115.16179999999987,102.75779999999986,102.64952380952387
1770159600,98.48,98.6,97.21,97.89,231590.134,205052.13145000197,115.06014999999988,102.65999999999987,102.48714285714293
1770163200,97.89,98.8,97.17,97.99,159961.645,209799.52315000194,114.95034999999989,102.59159999999987,102.29761904761911
1770166800,97.99,99.67,97.99,99.12,218613.585,217743.71425000197,114.8362499999999,102.54539999999986,102.01619047619053
1770170400,99.12,99.2,97.41,97.93,114405.673,218787.22125000198,114.70819999999989,102.51059999999987,101.79952380952388
1770174000,97.94,99.64,97.92,99.13,152272.144,222187.40460000202,114.59079999999989,102.44839999999988,101.50571428571435
1770177600,99.12,99.35,98.04,98.09,92965.528,222282.122550002,114.48309999999991,102.38919999999987,101.24095238095245
1770181200,98.1,98.46,96.46,97.02,179530.995,222787.89970000205,114.36829999999989,102.31299999999989,100.96523809523816
1770184800,97.02,98.8,96.78,98.25,152204.959,225658.83745000203,114.2416999999999,102.27959999999989,100.73428571428579
1770188400,98.25,98.25,97.41,97.9,137254.97,229007.520300002,114.11349999999987,102.19259999999987,100.41952380952387
1770192000,97.91,97.96,96.77,97.73,129646.36,229482.16240000204,113.98194999999988,102.13339999999988,100.08190476190484
1770195600,97.72,97.79,96.76,97.14,218414.914,235802.81915000203,113.85614999999989,102.08019999999988,99.8485714285715
1770199200,97.14,97.29,96.76,97.03,137721.348,230665.07835000203,113.72129999999989,102.01919999999987,99.61047619047629
1770202800,97.03,97.07,94.71,96.11,538023.224,239386.61780000207,113.5953999999999,101.97799999999988,99.3590476190477
1770206400,96.12,96.73,95.86,96.47,115606.188,230518.3029000021,113.46734999999988,101.96999999999989,99.07380952380962
1770210000,96.47,96.48,94.17,94.39,239663.684,229435.9878500021,113.32984999999988,101.91019999999989,98.76952380952389
1770213600,94.38,95.04,92.95,93.13,424135.443,226041.9537500021,113.19839999999989,101.8243999999999,98.54333333333341
1770217200,93.12,94.2,91.31,92.79,528333.294,231312.7456500021,113.06669999999987,101.7309999999999,98.25333333333343
1770220800,92.8,93.13,90.98,91.97,433203.065,229779.69415000212,112.93489999999987,101.5973999999999,97.95142857142866
1770224400,91.97,92.63,90,91.44,421163.314,239946.54990000214,112.79889999999986,101.46919999999989,97.66666666666676
1770228000,91.45,93.24,90.35,92.3,451732.674,253822.15705000208,112.65884999999987,101.30139999999989,97.4738095238096
1770231600,92.3,94.71,92.28,94.38,315268.825,258006.0916000021,112.51684999999986,101.0979999999999,97.13809523809532
1770235200,94.38,94.5,93,93.24,165959.333,258305.97600000212,112.37709999999987,100.88719999999988,96.67619047619056
1770238800,93.24,93.39,90.73,91.32,329000.461,263825.31980000215,112.22669999999988,100.64719999999988,96.30000000000008
1770242400,91.33,92.9,89.3,90.82,348795.709,275544.8216000021,112.07129999999987,100.38199999999988,96.104761904762
1770246000,90.82,92.94,90.26,92.12,247582.036,280310.3162000021,111.91264999999987,100.12799999999987,95.88333333333343
1770249600,92.11,92.76,91.37,91.74,135956.978,282459.8887000021,111.75219999999986,99.91939999999988,95.56571428571438
1770253200,91.75,92.89,90.52,91.94,229315.953,284949.13660000206,111.59069999999986,99.68979999999986,95.17047619047628
1770256800,91.94,92.72,90.7,90.93,251723.337,289925.0555000021,111.43359999999986,99.43839999999987,94.89380952380961
1770260400,90.92,91.69,90.24,91.15,233855.042,294755.05910000217,111.28489999999985,99.17799999999988,94.54190476190485
1770264000,91.14,91.92,90.32,91.13,309041.126,303724.79740000213,111.13164999999985,98.92359999999988,94.2490476190477
1770267600,91.13,92.11,89.92,91.17,338190.784,309713.59090000216,110.97224999999986,98.65799999999989,93.9590476190477
1770271200,91.17,91.24,89.68,90.21,290107.668,317332.9069000021,110.80814999999986,98.40579999999989,93.62095238095246
1770274800,90.22,91.66,90.16,90.54,206321.3,300747.81070000207,110.64369999999984,98.14079999999989,93.29857142857152
1770278400,90.55,92.46,90.55,91.77,187136.515,304324.32705000206,110.47079999999985,97.87599999999988,92.98619047619056
1770282000,91.77,93.43,91.74,92.5,221009.002,303391.59295000206,110.31024999999987,97.64979999999987,92.65619047619055
1770285600,92.51,92.66,89.8,90.31,256513.571,295010.49935000204,110.13584999999986,97.38999999999987,92.34714285714293
1770289200,90.31,90.82,88.66,89.98,396887.146,288438.19195000204,109.96234999999986,97.10059999999987,92.14047619047626
1770292800,89.98,90.76,88.68,89.53,335956.945,283575.885950002,109.78119999999986,96.83699999999986,91.95142857142866
1770296400,89.52,90.06,88.2,88.48,235626.321,274299.036300002,109.60174999999987,96.59279999999985,91.75714285714295
1770300000,88.48,91.43,88.31,88.6,402176.134,271821.209300002,109.41469999999987,96.34879999999987,91.60714285714295
1770303600,88.6,88.99,83.44,84.61,1244012.124,318258.37425000203,109.23144999999985,96.07279999999986,91.45190476190484
1770307200,84.61,86.2,83.69,85.55,620015.939,340961.20455000206,109.05399999999987,95.80939999999985,91.28571428571438
1770310800,85.55,85.73,82.44,82.7,566133.877,352817.8753500021,108.88104999999987,95.54199999999985,91.15047619047627
1770314400,82.7,83.34,81.21,82.96,519726.287,361364.4042500021,108.69724999999985,95.25139999999986,90.78428571428579
1770318000,82.96,83.31,81.41,81.68,257589.954,361864.80015000206,108.51234999999986,94.96079999999988,90.3638095238096
1770321600,81.68,82.3,77.68,78.84,1411253.151,425629.6088000021,108.32579999999986,94.58459999999987,89.86190476190484
1770325200,78.84,81.2,78.38,79,617082.215,445017.9219000021,108.13434999999987,94.27839999999986,89.46380952380962
1770328800,79.01,80.68,77.6,79.81,540957.902,459479.65015000215,107.94034999999985,93.88119999999985,89.02857142857151
1770332400,79.81,81.63,78.08,78.35,436766.209,469625.2085000022,107.72789999999986,93.52579999999983,88.39619047619055
1770336000,78.34,78.8,67.5,75.51,3089489.443,608647.6243500023,107.52229999999987,93.17719999999984,87.7895238095239
1770339600,75.51,79.79,75.48,79.6,700827.467,626779.4585000023,107.29779999999987,92.81719999999984,87.21190476190485
1770343200,79.6,80.3,76.4,76.95,611199.893,642834.0697500022,107.07599999999985,92.41679999999984,86.61285714285722
1770346800,76.95,77.4,75.73,76.71,456321.363,655334.0729000021,106.84354999999985,91.99019999999985,85.86809523809532
1770350400,76.71,78.03,76.22,77.76,253885.587,658671.5265000021,106.60149999999987,91.55319999999983,85.31904761904768
1770354000,77.75,81.65,77.59,81.15,395672.114,667404.6821000021,106.35974999999986,91.09379999999985,84.64190476190484
1770357600,81.15,81.6,79.39,79.5,345800.297,671869.018400002,106.12444999999987,90.72799999999982,83.9990476190477
1770361200,79.51,80.61,78.76,79.59,322896.132,668169.467700002,105.88584999999986,90.30719999999985,83.39047619047626
1770364800,79.6,80.23,78.67,79.07,298250.313,666284.136100002,105.63294999999985,89.85899999999985,82.88476190476197
1770368400,79.07,81.69,78.95,81.34,275609.175,668283.2788000021,105.39829999999985,89.45559999999985,82.26571428571435
1770372000,81.34,82.04,80.74,80.81,287047.944,662526.869300002,105.15259999999985,89.09599999999983,81.75523809523817
1770375600,80.81,81.75,80.46,81.36,193389.344,609995.730300002,104.90609999999984,88.72419999999984,81.23571428571435
1770379200,81.36,81.96,80.85,81.89,194847.569,588737.3118000021,104.66769999999985,88.37559999999985,80.84571428571435
1770382800,81.9,83.85,81.7,83.11,478357.397,584348.4878000021,104.44604999999984,87.99199999999986,80.48047619047627
1770386400,83.11,85.19,81.9,84.18,557554.302,586239.888550002,104.21489999999986,87.66079999999985,80.13571428571436
1770390000,84.18,85.06,83.4,84.49,474300.983,597075.440000002,103.98609999999987,87.32239999999983,80.00619047619054
1770393600,84.48,87.23,83.66,86.74,556817.838,554353.6743500021,103.75579999999985,87.00679999999984,79.89000000000007
1770397200,86.74,88.72,86.16,86.73,528459.779,549922.552550002,103.54084999999985,86.70399999999984,79.96047619047626
1770400800,86.73,86.87,85.23,86.17,327231.78,539236.246450002,103.32729999999985,86.44399999999983,80.0333333333334
1770404400,86.17,87.45,85.56,87.09,321039.854,533449.9287000019,103.11874999999984,86.19819999999983,80.27428571428578
1770408000,87.09,87.96,86.63,86.92,261798.76,392065.3945500019,102.91109999999982,86.00019999999984,80.65000000000006
1770411600,86.91,88.2,86.6,88.06,222150.345,368131.53845000186,102.71034999999983,85.87239999999986,80.99142857142863
1770415200,88.07,89.84,87.95,89.17,276451.098,351394.0987000019,102.51279999999984,85.75119999999984,81.33809523809529
1770418800,89.17,89.6,87.36,87.46,381696.989,347662.88000000187,102.31634999999984,85.63519999999984,81.74619047619053
1770422400,87.45,87.47,86.1,86.57,394199.595,354678.58040000184,102.13354999999984,85.54819999999985,82.34380952380958
1770426000,86.56,87.49,85.91,87.13,171212.256,343455.5875000019,101.95204999999986,85.44059999999985,82.79952380952388
1770429600,87.12,87.61,86.81,87.35,97079.195,331019.5324000019,101.76684999999985,85.31419999999986,83.30000000000007
1770433200,87.35,88.39,87.24,88.1,156169.361,322683.19385000184,101.58849999999985,85.23279999999986,83.76952380952386
1770436800,88.09,89.04,87.29,87.73,206456.826,318093.51950000186,101.40884999999984,85.15559999999985,84.21571428571434
1770440400,87.74,88.64,87.55,87.81,141424.854,311384.30345000187,101.23459999999984,85.07059999999987,84.51095238095243
1770444000,87.8,88.25,86.22,86.25,158715.59,304967.68575000187,101.07859999999984,84.97079999999987,84.92047619047624
1770447600,86.25,86.65,84.16,85.29,469013.761,318748.90660000185,100.92744999999985,84.88299999999987,85.30809523809529
1770451200,85.29,85.74,84.75,85.36,159075.988,316960.32755000185,100.76549999999985,84.80619999999986,85.72428571428578
1770454800,85.36,85.73,84.81,85.24,105888.694,298336.8924000019,100.61159999999985,84.74219999999985,85.9580952380953
1770458400,85.23,85.48,84.51,85,103550.783,275636.71645000187,100.46944999999984,84.67539999999987,86.17142857142865
1770462000,85,85.2,84.58,84.91,80180.824,255930.70850000187,100.32574999999984,84.57779999999984,86.36190476190484
1770465600,84.9,87.2,84.85,86.22,226079.916,239393.8124000019,100.17964999999984,84.46019999999986,86.52142857142864
1770469200,86.23,86.65,85.57,86.13,108278.914,218384.76915000187,100.03144999999984,84.36319999999985,86.61142857142865
1770472800,86.13,86.61,85.51,85.77,101836.211,207114.9907000019,99.87479999999985,84.25719999999984,86.64619047619055
1770476400,85.77,86.97,85.65,86.57,133334.935,197729.74475000188,99.71214999999985,84.12179999999984,86.72857142857148
1770480000,86.56,88.12,86.17,87.05,1017602.208,235519.9171500019,99.55079999999985,83.96999999999984,86.69952380952388
1770483600,87.06,87.74,86.48,87.65,95222.813,229173.5405500019,99.40089999999985,83.88819999999986,86.65380952380958
1770487200,87.64,89.19,87.45,88.71,127323.95,221717.1831500019,99.25529999999985,83.81119999999984,86.67285714285721
1770490800,88.72,88.79,88.03,88.3,91821.874,207223.42740000188,99.10769999999984,83.73599999999983,86.67095238095246
1770494400,88.3,89.2,88.01,88.91,90428.71,192034.8831500019,98.96089999999985,83.69779999999984,86.70571428571436
1770498000,88.92,89.2,88.12,88.21,63097.957,186629.16820000188,98.81424999999984,83.66679999999984,86.73666666666674
1770501600,88.22,88.77,88.16,88.27,59206.976,184735.55725000188,98.67379999999986,83.72759999999982,86.69523809523815
1770505200,88.28,88.34,86.86,87.59,129447.289,183399.45365000187,98.52774999999987,83.79079999999983,86.76428571428578
1770508800,87.59,87.68,87.1,87.35,73903.602,176771.79245000187,98.38604999999987,83.90279999999983,86.842380952381
1770512400,87.34,88,87.31,87.89,44359.781,171918.5388000019,98.24744999999986,84.02179999999981,86.89666666666673
1770516000,87.89,88.22,86.94,87.27,58486.62,166907.0903000019,98.11139999999986,84.15239999999982,86.90809523809531
1770519600,87.27,87.54,86.7,86.82,45889.843,145750.8944000019,97.96749999999987,84.34099999999982,86.87238095238102
1770523200,86.82,87.42,86.63,87.41,66781.733,141136.1816500019,97.83069999999987,84.51279999999983,86.88000000000007
1770526800,87.4,87.56,87.05,87.29,55447.452,138614.1195500019,97.69269999999986,84.6635999999998,86.85428571428578
1770530400,87.29,87.51,86.94,87.17,44402.551,135656.7079500019,97.55224999999987,84.8543999999998,86.88142857142863
1770534000,87.17,87.42,86.69,87.42,59984.483,134646.89090000192,97.40619999999988,85.0895999999998,86.982380952381
1770537600,87.41,88.83,86.94,88.65,154801.22,131082.9561000019,97.2572499999999,85.23399999999981,87.07428571428576
1770541200,88.64,88.99,87.54,87.61,120713.8,131704.7004000019,97.11349999999989,85.44319999999982,87.16619047619052
1770544800,87.6,88.13,86.44,86.88,175698.972,135397.8384500019,96.95934999999989,85.65479999999981,87.28142857142862
1770548400,86.88,88.32,86.75,88.25,118764.394,134669.3114000019,96.80194999999986,85.8429999999998,87.45952380952386
1770552000,88.25,88.37,87.7,88.17,95469.92,88562.69700000188,96.65394999999988,85.96839999999982,87.52571428571433
1770555600,88.16,88.89,87.78,88.58,174290.127,92516.06270000189,96.50349999999986,86.15139999999981,87.5614285714286
1770559200,88.57,88.75,88.02,88.43,107095.355,91504.63295000189,96.35234999999987,86.3117999999998,87.67952380952386
1770562800,88.43,88.76,87.35,87.77,141084.42,93967.76025000188,96.20149999999987,86.4679999999998,87.75571428571432
1770566400,87.78,87.91,85.77,86.22,196433.561,99268.00280000188,96.05699999999987,86.6061999999998,87.82857142857148
1770570000,86.22,87.12,86.19,86.96,92076.564,100716.93315000189,95.90419999999988,86.7533999999998,87.86571428571433
1770573600,86.96,88.61,86.94,87.85,98751.218,102694.14525000188,95.74704999999986,86.8977999999998,87.82095238095242
1770577200,87.84,88.59,87.81,88.41,95387.48,100991.15480000187,95.59634999999987,87.02859999999981,87.72190476190481
1770580800,88.41,88.42,86.76,86.9,70417.156,100816.83250000187,95.44499999999985,87.12179999999981,87.62904761904767
1770584400,86.89,87.34,86.24,86.6,76328.524,102415.26965000186,95.29479999999985,87.16259999999983,87.61190476190481
1770588000,86.61,87.27,86.46,87.13,51261.397,102054.00850000186,95.14424999999987,87.2119999999998,87.61857142857147
1770591600,87.12,89.08,86.06,86.99,317168.51,115617.94185000185,94.99624999999988,87.23419999999982,87.58571428571433
1770595200,86.99,87.45,86.39,87.07,102967.745,117427.24245000185,94.84924999999987,87.26779999999982,87.55000000000004
1770598800,87.06,87.98,85.75,86.42,195325.89,124421.16435000187,94.70224999999988,87.28239999999981,87.51380952380957
1770602400,86.42,87.85,86.18,87.01,128571.686,128629.62110000188,94.55759999999988,87.27259999999983,87.50047619047623
1770606000,87.02,87.91,86.84,87.67,100440.097,130652.40180000188,94.4193999999999,87.27679999999981,87.512380952381
1770609600,87.67,87.72,86.97,87.12,84272.191,127125.95035000188,94.27794999999989,87.25539999999981,87.46523809523813
1770613200,87.12,87.44,86.88,87.26,58711.37,124025.82885000188,94.14014999999989,87.21339999999982,87.4519047619048
1770616800,87.26,87.26,85.96,86.45,146133.759,122547.56820000189,94.03009999999988,87.19259999999981,87.47571428571433
1770620400,86.45,86.61,85.19,85.5,203982.039,126808.4504500019,93.92179999999988,87.20139999999984,87.46142857142861
1770624000,85.5,85.64,83.86,84.59,271738.011,135621.8550000019,93.82574999999989,87.21219999999983,87.39523809523814
1770627600,84.58,84.93,83.94,84.33,134655.899,133640.1436000019,93.74129999999987,87.20759999999981,87.34000000000005
1770631200,84.32,84.48,82.86,83.23,257658.59,141168.3053500019,93.66654999999987,87.19079999999981,87.27428571428575
1770634800,83.23,83.7,83.22,83.47,110314.269,139629.7978000019,93.59599999999988,87.16519999999983,87.10000000000005
1770638400,83.48,84.37,83.45,84.06,102588.891,134937.5643000019,93.52164999999988,87.11899999999983,86.9171428571429
1770642000,84.05,84.62,83.75,83.77,110564.323,135861.9522500019,93.44049999999987,87.08579999999982,86.66238095238101
1770645600,83.77,85.24,83.55,84.96,245510.837,143199.9332000019,93.35214999999988,87.06659999999984,86.42619047619053
1770649200,84.95,85.8,84.32,85.28,178629.671,147362.04275000188,93.25174999999986,87.02399999999983,86.24952380952386
1770652800,85.28,86.86,84.81,86.11,154239.302,151553.1500500019,93.14634999999986,86.98859999999982,86.13285714285719
1770656400,86.11,88.1,85.66,87.79,273235.271,161398.4874000019,93.04304999999985,86.96979999999984,86.0376190476191
1770660000,87.78,88.69,87.07,87.51,262915.556,171981.1953500019,92.93139999999985,86.94699999999983,85.91523809523815
1770663600,87.51,88.24,87.15,87.97,162686.06,164257.07285000192,92.82389999999985,86.92179999999982,85.80571428571434
1770667200,87.96,88.31,87.21,87.76,140702.317,166143.8014500019,92.71819999999985,86.90479999999984,85.8480952380953
1770670800,87.76,87.89,86.53,87.34,121614.992,162458.25655000188,92.61359999999985,86.91159999999982,85.89142857142863
1770674400,87.34,87.59,86.97,87.12,67695.332,159414.43885000187,92.51304999999984,86.93599999999982,85.93142857142864
1770678000,87.12,87.4,86.64,86.77,52498.318,157017.34990000186,92.41344999999983,86.94519999999983,85.96809523809532
1770681600,86.77,86.93,86.28,86.4,118024.126,158704.94665000186,92.31639999999983,86.95159999999983,85.98095238095244
1770685200,86.4,87.49,86.37,87.29,68791.578,159208.9570500019,92.22639999999983,86.93259999999984,86.01428571428578
1770688800,87.28,87.32,86.42,86.66,72507.053,155527.62175000185,92.14519999999982,86.91339999999983,86.00285714285721
1770692400,86.67,86.85,85.26,85.87,142770.777,152467.05865000188,92.05979999999983,86.87759999999982,85.94238095238101
1770696000,85.86,86.67,85.79,86.55,83242.58,143042.28710000188,91.97334999999983,86.84879999999983,85.95047619047625
1770699600,86.55,86.57,85.61,85.95,89820.775,140800.53090000188,91.88779999999983,86.81139999999981,85.92190476190483
1770703200,85.95,86.04,84.3,84.6,202106.457,138022.92425000187,91.80864999999983,86.80539999999982,85.89428571428577
1770706800,84.6,85.14,84.43,84.63,122515.72,138632.99680000189,91.73404999999983,86.79159999999982,85.94428571428577
1770710400,84.64,84.87,84.17,84.66,115043.034,139255.70395000192,91.65739999999984,86.75119999999981,86.00904761904769
1770714000,84.65,85.09,84.29,84.56,130894.323,140272.20395000192,91.58164999999984,86.7367999999998,86.02190476190484
1770717600,84.57,84.75,84.2,84.22,77557.77,131874.5506000019,91.49769999999984,86.71939999999982,86.0885714285715
1770721200,84.23,84.61,83.77,83.85,131600.576,129523.0958500019,91.41734999999984,86.66319999999982,86.14523809523816
1770724800,83.85,84.36,83.69,83.96,107970.396,127209.65055000191,91.34214999999983,86.6099999999998,86.16904761904769
1770728400,83.95,84.78,83.68,84.66,143309.204,120713.3472000019,91.26764999999983,86.5597999999998,86.19047619047626
1770732000,84.66,85.24,83.2,83.72,315991.746,123367.15670000188,91.18164999999982,86.5025999999998,86.13761904761911
1770735600,83.72,84.54,83.43,84.3,230974.292,126781.56830000188,91.10084999999982,86.41399999999982,86.07476190476197
1770739200,84.3,84.94,83.77,84.46,116870.75,125589.9899500019,91.01274999999981,86.33879999999981,86.00571428571436
1770742800,84.45,85.14,84.2,84.9,77051.791,123361.8299000019,90.92509999999982,86.28039999999982,85.81190476190484
1770746400,84.91,84.98,82.71,82.94,179135.754,128933.85100000192,90.84244999999983,86.2085999999998,85.6590476190477
1770750000,82.93,83.51,82.44,83.08,113877.097,132002.78995000193,90.76134999999982,86.11959999999982,85.49190476190485
1770753600,83.08,83.23,82.3,82.63,120681.739,132135.6706000019,90.67959999999982,86.03399999999984,85.35571428571437
1770757200,82.63,82.94,81.91,82.46,99629.768,133677.5801000019,90.61139999999982,85.95459999999983,85.14619047619055
1770760800,82.46,82.98,82.36,82.6,69493.556,133526.9052500019,90.52639999999981,85.89719999999983,84.95380952380961
1770764400,82.59,83,82.36,82.99,45351.243,128655.92855000189,90.44074999999982,85.83159999999984,84.75666666666676
1770768000,82.99,83.72,82.93,83.47,79371.894,128462.39425000187,90.35454999999983,85.75399999999982,84.56904761904771
1770771600,83.46,83.79,83.2,83.77,55355.406,126739.12580000187,90.26509999999982,85.64959999999981,84.34571428571438
1770775200,83.77,84.39,83.53,83.54,86466.293,120957.11760000189,90.1653999999998,85.53059999999981,84.17095238095247
1770778800,83.55,83.86,82.59,83.34,95964.203,119629.54175000188,90.0668999999998,85.44459999999981,84.05666666666677
1770782400,83.34,83.54,81.71,81.98,139916.137,120873.19690000189,89.96354999999981,85.37239999999981,83.9242857142858
1770786000,81.98,82.41,81.73,81.89,75027.228,118079.8421500019,89.85919999999982,85.29919999999981,83.8095238095239
1770789600,81.9,81.99,80.58,80.87,218295.67,125116.73715000189,89.75234999999982,85.23479999999984,83.74952380952391
1770793200,80.87,81.36,80.28,81,116647.419,124369.07930000192,89.64379999999981,85.16419999999982,83.62333333333342
1770796800,81,81.2,80.55,81.09,80687.537,123004.93635000191,89.53614999999982,85.10259999999982,83.49142857142867
1770800400,81.09,81.29,80.67,80.8,72261.512,119452.55175000192,89.43094999999981,85.00199999999982,83.31571428571439
1770804000,80.8,81,80.38,80.69,105679.692,108936.94905000192,89.3250499999998,84.88639999999981,83.16238095238107
1770807600,80.69,81.47,80.65,81.26,111060.386,102941.25375000192,89.22229999999979,84.76139999999981,83.0309523809525
1770811200,81.25,81.47,80.95,81.18,91871.919,101691.31220000192,89.11299999999981,84.6361999999998,82.8804761904763
1770814800,81.18,81.84,80.64,81.64,231266.273,109402.03630000193,88.99824999999981,84.5289999999998,82.69142857142867
1770818400,81.65,83.17,79.77,79.95,578985.48,129394.52260000193,88.8774999999998,84.4349999999998,82.57428571428584
1770822000,79.95,80.34,78.56,79.72,378985.364,142649.93595000193,88.7597499999998,84.3569999999998,82.42571428571439
1770825600,79.72,80.94,78.72,78.74,233965.721,148314.13505000193,88.6442999999998,84.2955999999998,82.29142857142868
1770829200,78.73,80.04,78.04,79.01,230238.077,154844.55050000193,88.52634999999981,84.25459999999981,82.0557142857144
1770832800,79.01,79.99,78.53,79.81,131164.215,157928.08345000193,88.41759999999981,84.2179999999998,81.90238095238107
1770836400,79.81,80.34,79.32,79.72,116185.105,161469.77655000193,88.30309999999982,84.1357999999998,81.6957142857144
1770840000,79.72,80.01,78.98,79.64,113579.902,163180.17695000194,88.1855999999998,84.0547999999998,81.52333333333344
1770843600,79.65,81.11,79.65,80.16,209210.482,170872.93075000195,88.07519999999981,83.93039999999979,81.39714285714297
1770847200,80.17,80.24,79.45,79.5,102730.71,171686.15160000193,87.95504999999979,83.80499999999978,81.2600000000001
1770850800,79.51,79.73,78.8,79.3,159996.695,174887.7762000019,87.83014999999979,83.67899999999977,81.1004761904763
1770854400,79.31,80.23,79.26,79.97,86837.001,172233.81940000193,87.7032999999998,83.51759999999979,80.94285714285725
1770858000,79.98,80.79,79.98,80.41,83818.559,172673.38595000192,87.5825999999998,83.3601999999998,80.73952380952392
1770861600,80.42,80.73,79.94,80.33,69932.793,165255.24210000192,87.46714999999978,83.20399999999978,80.53761904761916
1770865200,80.33,80.67,80.08,80.62,45415.33,161693.63765000194,87.35069999999979,83.0387999999998,80.37714285714296
1770868800,80.63,80.97,80.3,80.31,71039.221,161211.22185000192,87.23324999999977,82.87799999999979,80.30238095238104
1770872400,80.31,80.6,79.5,80.57,93951.902,162295.74135000195,87.11694999999978,82.73499999999979,80.22809523809534
1770876000,80.58,80.99,80.36,80.57,63036.118,160163.56265000193,87.0101499999998,82.60779999999978,80.21619047619058
1770879600,80.57,80.93,80.29,80.77,50446.913,157132.88900000195,86.89384999999979,82.48639999999979,80.18333333333344
1770883200,80.77,80.93,80.32,80.77,55309.334,155304.75975000192,86.7900499999998,82.3529999999998,80.15857142857152
1770886800,80.77,81.9,80.57,81.79,164590.192,151970.9557000019,86.69654999999979,82.22599999999979,80.14761904761914
1770890400,81.78,82.24,81.35,82.19,95299.092,127786.63630000192,86.61399999999979,82.11999999999978,80.15142857142867
1770894000,82.19,82.25,81.71,81.87,111672.457,114420.99095000191,86.52199999999979,82.00039999999977,80.12809523809536
1770897600,81.87,81.96,80.85,81.1,113537.431,108399.57645000191,86.41784999999977,81.89679999999977,80.15714285714296
1770901200,81.1,82.13,80.71,81.96,153029.622,104539.15370000192,86.3196999999998,81.82019999999976,80.18333333333344
1770904800,81.96,81.98,81,81.14,183356.656,107148.77575000192,86.2301499999998,81.76339999999978,80.27476190476202
1770908400,81.15,81.52,80.1,80.12,205820.62,111630.55150000192,86.1445499999998,81.71399999999977,80.3404761904763
1770912000,80.13,80.22,78.18,78.3,314768.722,121689.99250000194,86.0584499999998,81.66019999999978,80.49380952380963
1770915600,78.3,78.68,77.51,77.9,255674.986,124013.21770000194,85.97179999999979,81.59779999999976,80.5952380952382
1770919200,77.9,78.47,77.19,77.61,186122.834,128182.82390000194,85.89309999999979,81.55999999999977,80.6100000000001
1770922800,77.61,78.63,77.03,77.62,170638.998,128714.93905000195,85.8067999999998,81.50359999999976,80.54238095238107
1770926400,77.62,77.93,76.6,76.92,208229.162,134784.54710000195,85.72184999999979,81.41279999999976,80.45952380952392
1770930000,76.92,77.56,76.92,77.34,123223.726,136754.80545000194,85.64654999999979,81.30439999999977,80.33809523809535
1770933600,77.33,78.12,76.97,78.1,145773.689,140546.85025000194,85.56099999999978,81.17639999999977,80.24857142857155
1770937200,78.1,78.52,77.82,78.4,144704.759,145511.32170000195,85.47209999999978,81.03939999999977,80.13523809523822
1770940800,78.39,78.74,77.53,78.02,110301.043,147474.41280000197,85.37494999999979,80.89379999999977,80.01000000000012
1770944400,78.03,78.84,78.01,78.6,91729.391,147363.28725000197,85.27874999999977,80.77339999999977,79.90000000000012
1770948000,78.6,79.33,78.45,79.13,95492.86,148986.12435000198,85.18164999999979,80.65859999999977,79.80809523809538
1770951600,79.13,79.48,78.81,79.05,73080.767,150117.81705000196,85.0891999999998,80.56799999999976,79.68428571428583
1770955200,79.05,79.27,78.47,78.52,80656.969,151385.19880000196,84.9914499999998,80.48679999999975,79.60285714285727
1770958800,78.52,78.76,78.16,78.29,71676.813,146739.52985000197,84.90619999999981,80.39519999999975,79.53428571428584
1770962400,78.29,78.66,77.85,78.62,92542.988,146601.72465000197,84.83104999999982,80.30739999999975,79.46190476190489
1770966000,78.62,79.24,78.54,78.99,99001.667,145968.18515000195,84.75909999999982,80.22059999999973,79.35476190476204
1770969600,78.99,79.9,78.86,79.73,106610.049,145621.81605000197,84.68934999999982,80.12619999999974,79.23666666666679
1770973200,79.73,79.97,79.42,79.88,98038.407,142872.255300002,84.6251499999998,80.02579999999973,79.08571428571443
1770976800,79.89,80.62,79.77,80.36,154228.16,141415.830500002,84.55929999999982,79.92479999999973,78.93333333333347
1770980400,80.37,80.4,79.78,80.31,94222.824,135835.940700002,84.48264999999981,79.85759999999974,78.8314285714287
1770984000,80.31,80.32,79.86,79.97,64462.808,123320.645000002,84.40904999999981,79.79959999999971,78.77333333333347
1770987600,79.97,80.89,79.73,80.29,160710.406,118572.41600000199,84.3438999999998,79.77679999999972,78.69714285714299
1770991200,80.28,81.95,79.86,81.33,309083.663,124720.45745000201,84.28289999999981,79.75439999999973,78.65761904761919
1770994800,81.34,84.34,81.09,83.2,460219.895,139199.502300002,84.21724999999981,79.73979999999972,78.65047619047633
1770998400,83.2,85,82.92,84.22,316097.204,144592.904400002,84.15719999999982,79.72999999999973,78.74523809523824
1771002000,84.22,84.71,83.55,84.34,171559.211,147009.67865000202,84.0968999999998,79.71559999999972,78.90857142857158
1771005600,84.35,85.59,84.12,85.4,217189.748,150580.48160000204,84.0440499999998,79.69619999999973,79.17476190476205
1771009200,85.4,85.63,84.54,84.66,129261.793,149808.33330000204,83.9898499999998,79.69919999999973,79.48904761904775
1771012800,84.65,85.06,84.17,84.77,152466.274,151916.59485000203,83.9340499999998,79.73039999999973,79.84238095238109
1771016400,84.78,85.19,84.56,84.86,96569.039,152158.57725000204,83.8796499999998,79.81579999999973,80.22619047619062
1771020000,84.85,84.93,84.46,84.66,59567.481,150362.30830000207,83.8352499999998,79.90819999999971,80.53857142857157
1771023600,84.66,84.66,84.12,84.33,65620.812,149989.31055000206,83.79854999999979,80.04139999999971,80.8419047619049
1771027200,84.34,85.1,84.21,84.97,126493.712,152281.14770000204,83.7607999999998,80.15439999999971,81.16761904761918
1771030800,84.96,85.21,84.8,84.99,76307.854,152512.69975000204,83.7199999999998,80.25359999999971,81.45619047619061
1771034400,84.99,85.01,84.6,84.89,40875.133,149929.30700000204,83.6954499999998,80.35639999999971,81.70380952380965
1771038000,84.9,85.3,84.82,85.06,45751.698,147266.80855000202,83.66884999999978,80.45679999999972,81.98571428571442
1771041600,85.07,85.1,84.8,84.83,33782.006,143625.40640000202,83.6450499999998,80.54019999999971,82.29380952380966
1771045200,84.82,85.03,84.61,84.63,30509.027,140248.937400002,83.6269499999998,80.64959999999972,82.60809523809537
1771048800,84.63,84.93,84.35,84.86,34098.376,134242.44820000202,83.60724999999981,80.76339999999972,82.91476190476203
1771052400,84.86,85.27,84.77,85.19,57646.016,132413.607800002,83.6058499999998,80.86179999999972,83.19285714285728
1771056000,85.19,86.41,85.16,86.22,206117.931,139496.36395000198,83.6029499999998,80.95479999999972,83.42619047619061
1771059600,86.22,86.38,85.86,86.02,135777.29,138249.708150002,83.61439999999979,81.04479999999973,83.66333333333347
1771063200,86.02,86.02,85.74,85.83,54543.972,125522.72360000198,83.62404999999978,81.12499999999972,83.89333333333346
1771066800,85.83,87.33,85.82,87.29,185301.487,111776.80320000199,83.64094999999978,81.21599999999972,84.17476190476204
1771070400,87.29,87.32,86.26,86.42,171277.105,104535.798250002,83.67089999999979,81.30839999999971,84.46285714285727
1771074000,86.42,86.9,86,86.44,126466.074,102281.14140000199,83.69904999999979,81.42139999999972,84.7266666666668
1771077600,86.44,87.52,86.37,87.24,133167.572,98080.03260000198,83.72429999999979,81.52639999999973,85.01047619047631
1771081200,87.24,87.69,87.1,87.44,139912.192,98612.55255000199,83.75849999999977,81.62759999999972,85.16380952380963
1771084800,87.44,88.26,86.99,88.12,413681.239,111673.30080000199,83.81204999999979,81.73759999999972,85.26952380952393
1771088400,88.12,88.47,87.83,88.05,117880.869,112738.892300002,83.84414999999979,81.82219999999973,85.40761904761916
1771092000,88.05,88.29,87.79,88.01,72250.308,113373.033650002,83.88854999999978,81.91359999999972,85.50476190476203
1771095600,88.01,88.33,87.56,88.2,62174.191,113200.70260000201,83.94144999999979,82.03639999999972,85.66952380952392
1771099200,88.21,88.44,87.69,88.17,96214.77,111686.75550000202,83.98474999999976,82.14599999999973,85.8257142857144
1771102800,88.16,88.44,87.29,88.07,141162.593,114929.49245000203,84.01119999999977,82.28559999999972,85.9757142857144
1771106400,88.07,88.89,87.9,88.5,110421.188,118406.79520000203,84.04989999999977,82.44419999999973,86.14428571428583
1771110000,88.5,88.9,88.03,88.06,86794.612,120458.94090000205,84.08914999999978,82.63839999999973,86.32714285714299
1771113600,88.06,88.42,87.8,88.19,70896.387,122314.65995000205,84.13439999999977,82.84439999999971,86.47476190476202
1771117200,88.19,88.72,87.6,88.29,118881.755,126733.29635000206,84.16794999999976,83.05559999999973,86.64190476190488
1771120800,88.28,88.5,87.52,88,108281.504,130442.45275000206,84.20394999999976,83.26459999999972,86.79285714285727
1771124400,88.01,88.78,87.31,88.61,179433.756,136531.83975000208,84.23814999999976,83.49619999999972,86.9419047619049
1771128000,88.6,89.82,88.35,88.79,371609.561,144806.42125000208,84.26954999999977,83.71059999999972,87.1066666666668
1771131600,88.8,90.06,88.75,89.68,147555.926,145395.35305000207,84.29434999999975,83.9123999999997,87.267142857143
1771135200,89.68,90.16,89.34,89.6,92915.805,147313.9447000021,84.31594999999976,84.11019999999971,87.44571428571442
1771138800,89.6,90.98,89.4,90.74,194151.756,147756.4581500021,84.33379999999977,84.30979999999971,87.617142857143
1771142400,90.74,91.26,89.22,89.67,404018.675,159393.53665000206,84.34104999999975,84.5099999999997,87.7819047619049
1771146000,89.66,90.53,89.46,90,98233.197,157981.89280000207,84.34884999999977,84.70319999999971,87.95238095238108
1771149600,90,90.13,89.05,89.53,164520.566,159549.54250000208,84.35799999999978,84.9157999999997,88.1861904761906
1771153200,89.53,89.83,89.01,89.17,46745.316,154891.1987000021,84.36559999999977,85.1373999999997,88.29952380952393
1771156800,89.18,89.63,87.3,87.31,265700.781,147492.1758000021,84.37494999999979,85.3863999999997,88.47000000000014
1771160400,87.32,88.37,86.82,86.96,255573.237,154376.7942000021,84.38304999999978,85.6073999999997,88.617142857143
1771164000,86.96,87.61,86.66,87.35,168435.313,159186.04445000208,84.38519999999977,85.8275999999997,88.70904761904775
1771167600,87.35,87.66,86.93,87.42,76427.197,159898.6947500021,84.40159999999976,86.02359999999972,88.70285714285727
1771171200,87.41,87.66,86.72,87.57,149135.485,162544.7305000021,84.41709999999978,86.20939999999972,88.64761904761919
1771174800,87.57,87.88,85.71,86.42,243472.742,167660.2379500021,84.43144999999977,86.34839999999971,88.61428571428584
1771178400,86.43,86.86,86.01,86.21,136623.68,168970.36255000212,84.44234999999976,86.48139999999972,88.58619047619061
1771182000,86.21,86.35,85.2,85.34,185689.095,173915.0867000021,84.44769999999977,86.62899999999972,88.5561904761906
1771185600,85.35,85.99,84.89,85.88,106170.798,175678.8072500021,84.44559999999977,86.77159999999972,88.47285714285726
1771189200,85.88,86.42,85.88,86.18,153614.578,177415.44840000212,84.44134999999977,86.89639999999972,88.38428571428584
1771192800,86.18,86.7,86.05,86.36,63866.663,175194.70635000212,84.44684999999977,86.96079999999971,88.23380952380965
1771196400,86.36,86.37,85.1,86.16,127131.627,172579.5999000021,84.45749999999978,87.00059999999972,88.13000000000014
1771200000,86.15,86.5,85.58,86.18,133823.133,160690.27850000208,84.46854999999977,87.0205999999997,88.03428571428584
1771203600,86.18,86.63,85.37,85.77,187063.25,162665.6447000021,84.47444999999976,87.03019999999971,87.94238095238109
1771207200,85.76,86.23,85.23,85.39,240728.305,170056.2697000021,84.48049999999975,87.06059999999971,87.85476190476204
1771210800,85.4,85.56,84.79,85.14,106334.62,165665.4129000021,84.48264999999974,87.09239999999971,87.73904761904775
1771214400,85.15,85.84,85.09,85.79,49206.61,147924.8096500021,84.48094999999974,87.11839999999971,87.59523809523823
1771218000,85.79,85.91,84.47,84.7,131563.44,149591.32180000207,84.48119999999973,87.14879999999972,87.39095238095251
1771221600,84.69,85.2,84.51,85.06,66270.069,144678.79695000208,84.48414999999973,87.17759999999971,87.17857142857157
1771225200,85.06,85.51,84.8,85.06,99848.793,147333.97080000208,84.48209999999976,87.18599999999971,86.94285714285728
1771228800,85.07,85.5,85.04,85.39,113252.135,139711.53850000206,84.47774999999976,87.18899999999971,86.70619047619063
1771232400,85.39,86.26,85.39,86.01,162122.104,135038.98185000205,84.46834999999976,87.2069999999997,86.47095238095253
1771236000,86,86.04,85.63,85.75,46255.539,128929.99315000205,84.45174999999976,87.1997999999997,86.25809523809538
1771239600,85.75,85.98,84.49,85.52,109739.962,130595.63140000202,84.43594999999976,87.2043999999997,86.07809523809537
1771243200,85.52,86.42,85.27,86.2,173623.73,131820.04365000204,84.42034999999976,87.2129999999997,86.01619047619062
1771246800,86.2,86.93,83.85,84.17,515742.022,145433.50765000202,84.40279999999977,87.22359999999969,85.95857142857156
1771250400,84.16,84.67,83.48,84.05,262924.178,151748.532550002,84.38674999999978,87.23999999999971,85.87142857142871
1771254000,84.05,84.57,82.55,83.21,249881.349,154958.14525000198,84.37409999999976,87.2305999999997,85.81333333333347
1771257600,83.21,84.11,83.1,84,357526.471,167525.92890000198,84.36429999999977,87.2205999999997,85.65142857142871
1771261200,83.99,84.81,83.9,84.53,130705.835,166380.49175000197,84.35489999999976,87.2279999999997,85.53857142857157
1771264800,84.52,85.16,84.48,84.52,77790.055,167076.661350002,84.34729999999976,87.16559999999969,85.39571428571443
1771268400,84.53,85.1,84.24,84.61,65194.526,163979.80630000198,84.34079999999976,87.11819999999969,85.33190476190491
1771272000,84.62,85.49,84.5,85.37,73557.776,160966.538450002,84.33474999999974,87.05359999999969,85.26761904761918
1771275600,85.37,86.11,85.08,86.02,61849.75,154705.86345000198,84.31914999999975,86.9887999999997,85.18857142857156
1771279200,86.02,86.24,85.6,85.72,54887.954,145413.845900002,84.30354999999976,86.9305999999997,85.10523809523824
1771282800,85.71,86.66,85.66,86.45,89860.205,144590.125150002,84.28249999999976,86.8585999999997,85.06761904761917
1771286400,86.45,87.16,86.29,86.61,85239.85,146391.787150002,84.25924999999975,86.7897999999997,85.06000000000014
1771290000,86.62,87.07,86.13,86.19,65432.977,143085.264000002,84.24384999999975,86.73699999999971,85.05761904761918
1771293600,86.18,87.69,85.76,87.31,83152.245,143929.372800002,84.23204999999976,86.69339999999971,85.10809523809537
1771297200,87.31,87.37,86.32,86.37,65925.978,142233.232050002,84.21384999999977,86.64439999999972,85.17809523809537
1771300800,86.37,86.67,85.92,86.37,80243.827,140582.816650002,84.19984999999977,86.61199999999971,85.19714285714299
1771304400,86.37,86.49,85.45,86.22,73401.601,136146.791500002,84.18704999999976,86.5741999999997,85.32142857142871
1771308000,86.23,86.8,86.22,86.5,77082.309,137688.130000002,84.17349999999976,86.53679999999972,85.38380952380967
1771311600,86.51,86.55,85.94,86.49,41093.593,134255.81155000202,84.16689999999977,86.51919999999971,85.44619047619062
1771315200,86.48,86.77,85.92,85.97,70839.573,129116.603700002,84.16884999999976,86.4807999999997,85.48571428571442
1771318800,85.97,86.19,85.66,85.95,46821.882,105670.59670000202,84.16499999999976,86.44819999999973,85.50904761904776
1771322400,85.94,86.05,84.87,85.05,84069.216,96727.84860000202,84.16229999999976,86.4003999999997,85.54428571428586
1771326000,85.05,85.32,84.75,85.1,84961.365,88481.84940000201,84.15209999999978,86.35459999999972,85.56571428571442
1771329600,85.11,85.58,84.54,84.63,77392.624,74475.15705000203,84.14944999999977,86.2907999999997,85.55380952380968
1771333200,84.64,85.52,84.39,85,127369.734,74308.35200000202,84.14754999999977,86.21819999999971,85.59571428571442
1771336800,84.99,85.45,83,83.26,363335.629,88585.63070000203,84.14439999999976,86.1223999999997,85.64571428571442
1771340400,83.26,83.9,82.92,83.81,349976.833,102824.74605000202,84.14189999999975,86.0299999999997,85.71333333333348
1771344000,83.8,85.46,83.71,84.19,314713.807,114882.54760000203,84.13639999999975,85.9319999999997,85.76095238095252
1771347600,84.18,84.32,83.13,83.71,120163.969,117798.25855000204,84.13404999999977,85.8339999999997,85.70047619047632
1771351200,83.71,85.43,83.57,85.11,114345.387,120771.13020000204,84.12424999999976,85.75059999999971,85.6666666666668
1771354800,85.11,85.76,84.63,84.87,123483.638,122452.30185000203,84.11139999999976,85.6695999999997,85.64666666666679
1771358400,84.86,85.27,84.53,85,85926.271,122486.62290000202,84.09894999999975,85.6065999999997,85.56761904761917
1771362000,84.99,85.44,84.84,85.22,31708.674,120800.40775000204,84.08764999999975,85.5433999999997,85.52428571428584
1771365600,85.23,85.44,84.97,85.05,55020.148,119393.80290000203,84.07169999999975,85.46919999999972,85.48380952380965
1771369200,85.05,85.34,84.91,85.08,152954.735,123745.24075000202,84.06324999999975,85.4199999999997,85.41476190476203
1771372800,85.09,85.49,84.81,84.87,107156.024,125090.85060000203,84.06124999999975,85.38899999999971,85.34857142857156
1771376400,84.87,84.99,83.92,84.25,185145.996,130678.07035000203,84.05814999999976,85.36479999999972,85.29428571428583
1771380000,84.25,85,84.23,84.66,50033.463,129325.62805000204,84.06754999999976,85.36239999999972,85.18809523809537
1771383600,84.66,85.47,84.54,85.33,127431.56,133642.52640000204,84.07454999999975,85.34579999999973,85.1166666666668
1771387200,85.34,85.54,84.97,85.14,75408.162,133870.95585000206,84.07924999999973,85.32379999999974,85.01571428571441
1771390800,85.15,85.25,84.76,84.9,43415.72,133700.64775000204,84.08649999999976,85.29399999999974,84.9414285714287
1771394400,84.9,85.31,84.8,84.92,32175.459,131105.95990000205,84.08694999999975,85.25579999999974,84.88571428571441
1771398000,84.92,85.43,84.68,85.28,40826.308,128899.20705000203,84.08594999999974,85.22539999999974,84.8214285714287
1771401600,85.28,86.09,85.23,85.47,134800.867,131769.61920000205,84.07974999999973,85.21659999999974,84.77047619047633
1771405200,85.48,85.75,85.31,85.32,81961.472,129499.20610000205,84.06204999999974,85.21159999999972,84.7214285714287
1771408800,85.31,85.4,84.18,84.26,179190.395,120291.94440000204,84.04779999999975,85.20679999999973,84.73238095238109
1771412400,84.26,84.26,82.83,82.86,311963.454,118391.27545000202,84.03459999999974,85.18939999999971,84.75000000000014
1771416000,82.87,83.34,82.34,82.99,211396.876,113225.42890000204,84.02149999999976,85.20099999999971,84.78285714285728
1771419600,83,83.29,82.3,82.63,177772.307,116105.84580000203,84.00929999999975,85.20919999999973,84.7476190476192
1771423200,82.62,82.88,81.72,82.56,266550.071,123716.08000000202,83.99829999999974,85.21439999999971,84.72857142857157
1771426800,82.56,84.01,82.52,83.01,238110.505,129447.42335000203,83.99084999999974,85.19179999999973,84.68952380952395
1771430400,83,83.09,82.04,82.3,157893.014,133045.760500002,83.98619999999974,85.12879999999971,84.61523809523823
1771434000,82.3,83,82.1,82.19,96505.62,136285.60780000204,83.97634999999973,85.07359999999973,84.56047619047634
1771437600,82.2,82.37,80.95,81.28,204133.371,143741.268950002,83.96434999999974,85.01579999999973,84.46047619047633
1771441200,81.29,81.6,80.48,80.93,156894.548,143938.25960000203,83.94929999999975,84.94299999999974,84.33809523809539
1771444800,80.93,81.59,80.85,81.32,95827.615,143371.83915000202,83.93149999999974,84.91979999999974,84.20428571428586
1771448400,81.32,81.64,81.02,81.28,74664.371,137847.757900002,83.91489999999975,84.88479999999974,84.01666666666681
1771452000,81.28,81.54,81.05,81.46,53028.691,137997.51930000202,83.90469999999974,84.86439999999975,83.82047619047633
1771455600,81.46,81.64,81.24,81.61,35374.495,133394.66605000204,83.89659999999975,84.80999999999975,83.64142857142872
1771459200,81.61,81.73,81.25,81.5,43711.317,131809.82380000202,83.88479999999974,84.73799999999974,83.47047619047633
1771462800,81.5,82.06,81.5,81.89,48774.782,132077.776900002,83.87294999999973,84.67399999999977,83.33761904761919
1771466400,81.89,82.07,81.33,81.67,43569.986,132647.50325000202,83.85824999999973,84.60739999999976,83.19238095238109
1771470000,81.66,81.93,81.43,81.77,29400.311,132076.20340000204,83.84364999999973,84.52919999999975,83.01000000000015
1771473600,81.77,82.01,81.4,81.49,139035.932,132287.95665000202,83.83044999999973,84.44099999999975,82.85523809523824
1771477200,81.49,81.98,81.38,81.9,281353.853,142257.57570000202,83.81354999999972,84.35659999999974,82.7014285714287
1771480800,81.9,82.5,81.83,82.36,89644.315,137780.27170000202,83.80224999999973,84.26539999999976,82.55142857142872
1771484400,82.37,82.67,82.1,82.41,68729.487,125618.57335000203,83.78879999999974,84.16659999999976,82.37095238095253
1771488000,82.4,82.42,81.57,81.73,90929.366,119595.19785000202,83.77399999999975,84.07819999999974,82.20095238095253
1771491600,81.74,82.02,81.12,81.21,68538.723,114133.51865000204,83.75894999999973,83.96179999999976,82.06000000000014
1771495200,81.2,81.82,80.91,81.53,97347.951,105673.41265000202,83.75259999999973,83.87239999999974,81.97190476190491
1771498800,81.52,81.89,81.11,81.24,56593.09,96597.54190000203,83.74604999999974,83.79219999999974,81.91809523809538
1771502400,81.24,81.31,80.68,80.79,95677.469,93486.76465000203,83.74034999999975,83.71599999999975,81.83333333333347
1771506000,80.8,80.92,79.61,80,428616.614,110092.31435000205,83.73754999999974,83.62059999999975,81.78095238095253
1771509600,80,81.32,79.95,80.78,225631.67,111167.22930000206,83.73634999999975,83.51499999999976,81.71809523809539
1771513200,80.77,81.29,79.98,80.64,121161.857,109380.59475000206,83.73344999999973,83.42619999999975,81.6123809523811
1771516800,80.63,80.96,79.92,80.79,176840.836,113431.25580000205,83.72474999999974,83.33199999999977,81.5028571428573
1771520400,80.79,81.93,80.22,80.48,160582.562,117727.16535000205,83.71194999999975,83.24679999999977,81.43571428571443
1771524000,80.47,82.05,80.39,81.98,113875.886,120769.52510000204,83.70189999999975,83.14479999999976,81.40523809523825
1771527600,81.98,82.2,81.06,81.95,117870.548,124894.32775000203,83.69139999999976,83.06779999999976,81.39857142857159
1771531200,81.94,82.37,81.68,82.1,140401.531,129728.83845000205,83.68544999999976,82.98059999999978,81.35857142857158
1771534800,82.09,82.19,81.81,82.07,48858.068,129733.00275000204,83.67599999999975,82.93119999999978,81.39190476190491
1771538400,82.07,82.53,81.91,82.34,105272.166,132818.11175000205,83.67554999999975,82.86459999999977,81.41523809523825
1771542000,82.34,82.57,82.12,82.5,58047.52,134250.47220000203,83.67374999999974,82.82039999999978,81.43857142857159
1771545600,82.5,83.54,82.33,82.9,120222.12,133309.78160000202,83.67224999999975,82.78519999999976,81.46571428571444
1771549200,82.9,83.16,82.7,83.03,164324.481,127458.31300000203,83.67064999999975,82.72499999999977,81.48714285714303
1771552800,83.04,83.35,82.82,82.92,78544.13,126903.30375000203,83.67709999999975,82.66899999999976,81.52666666666684
1771556400,82.92,83.37,82.84,83.04,121485.01,129541.07990000202,83.68054999999976,82.61579999999975,81.58047619047636
1771560000,83.05,83.11,82.38,82.69,59130.639,127951.14355000202,83.68514999999975,82.56139999999974,81.6538095238097
1771563600,82.69,83.75,82.5,83.27,106205.749,129834.494850002,83.68729999999977,82.51839999999974,81.70238095238112
1771567200,83.27,83.74,83.14,83.71,125188.364,131226.51550000202,83.69924999999975,82.47739999999975,81.73476190476208
1771570800,83.72,83.93,83.41,83.46,61790.619,131486.391950002,83.71314999999977,82.43839999999975,81.74809523809542
1771574400,83.45,83.81,83.3,83.66,57741.673,129589.602150002,83.73394999999975,82.41419999999975,81.82142857142874
1771578000,83.65,84.5,83.65,84.19,218567.794,119087.16115000201,83.75404999999975,82.37479999999974,81.94047619047636
1771581600,84.19,84.84,84.04,84.09,161186.154,115864.88535000202,83.76959999999976,82.33359999999973,82.03238095238113
1771585200,84.1,84.26,83.34,83.58,230463.511,121329.96805000203,83.78619999999975,82.30499999999975,82.14761904761923
1771588800,83.58,84.03,83.29,83.72,175772.856,121276.56905000203,83.80144999999975,82.27619999999973,82.30952380952398
1771592400,83.71,83.72,81.77,82.19,345576.132,130526.24755000202,83.81699999999975,82.25099999999973,82.5042857142859
1771596000,82.19,83.39,82.12,83.07,218020.871,135733.496800002,83.83804999999975,82.22919999999972,82.63761904761922
1771599600,83.07,84.78,82.67,84.38,373753.235,148527.631150002,83.85884999999976,82.20159999999973,82.78428571428589
1771603200,84.38,84.96,83.75,84.51,218411.55,152428.132100002,83.87729999999976,82.16679999999972,82.85095238095256
1771606800,84.5,84.6,82.82,84.49,240346.921,162002.574750002,83.89619999999975,82.15599999999974,82.97428571428588
1771610400,84.48,85.49,83.97,85.24,256544.239,169566.178400002,83.91499999999975,82.14259999999973,83.0885714285716
1771614000,85.23,85.37,84.37,84.75,124453.494,172886.477100002,83.92979999999974,82.14419999999973,83.21047619047637
1771617600,84.75,85.23,84.42,84.62,67691.792,170259.96070000198,83.94684999999974,82.17919999999972,83.32428571428588
1771621200,84.62,84.77,84.29,84.55,83245.866,166206.02995000198,83.95494999999976,82.21819999999973,83.47523809523827
1771624800,84.55,84.77,84.12,84.59,80010.557,166279.351300002,83.96744999999976,82.24779999999971,83.59000000000017
1771628400,84.58,84.71,84.29,84.67,65879.002,163499.05090000198,83.98549999999976,82.3065999999997,83.69095238095255
1771632000,84.68,84.76,84.34,84.43,54224.467,163253.742300002,84.00419999999977,82.3577999999997,83.76952380952399
1771635600,84.44,84.85,84.44,84.68,43081.387,160097.52420000202,84.01769999999976,82.4245999999997,83.84380952380971
1771639200,84.68,85.03,84.54,84.82,40717.051,155873.95855000202,84.03294999999976,82.49699999999972,83.92714285714302
1771642800,84.83,84.85,84.24,84.35,106811.642,158125.009700002,84.04734999999975,82.56239999999971,83.99333333333351
1771646400,84.35,84.5,84.14,84.4,58569.443,158166.398200002,84.06494999999975,82.63019999999972,84.0880952380954
1771650000,84.4,84.59,84.39,84.48,26824.47,148579.232000002,84.07789999999973,82.6895999999997,84.16190476190494
1771653600,84.48,84.78,84.04,84.12,60721.471,143555.997850002,84.09514999999973,82.75099999999969,84.19238095238113
1771657200,84.13,84.33,83.97,84.24,45089.608,134287.302700002,84.11789999999975,82.81739999999971,84.23714285714303
1771660800,84.24,84.74,84.19,84.73,51193.557,128058.337750002,84.14854999999976,82.8665999999997,84.27619047619066
1771664400,84.73,85.2,84.67,84.91,74651.134,114512.08785000199,84.18244999999978,82.92119999999971,84.27285714285732
1771668000,84.91,85.27,84.9,85.15,65325.766,106877.33260000199,84.21849999999976,82.97539999999972,84.28000000000017
1771671600,85.16,85.7,85.14,85.4,62719.668,91325.654250002,84.25214999999976,83.02799999999971,84.33476190476206
1771675200,85.4,85.54,85,85.32,75619.979,84186.075700002,84.28954999999976,83.0747999999997,84.39142857142873
1771678800,85.32,85.96,85.18,85.85,97581.645,77047.811900002,84.32524999999976,83.12219999999972,84.53238095238112
1771682400,85.85,86.66,85.62,86.3,258760.808,77158.640350002,84.35534999999976,83.17219999999972,84.6433333333335
1771686000,86.3,86.72,86.15,86.58,128168.873,77344.409300002,84.38454999999976,83.24059999999972,84.68809523809541
1771689600,86.59,86.68,85.88,86.13,107614.896,79340.56450000199,84.41809999999975,83.32439999999971,84.75190476190494
1771693200,86.13,86.46,85.82,86.25,62599.483,78308.24535000199,84.44964999999975,83.40019999999971,84.8380952380954
1771696800,86.24,86.72,86.18,86.56,65021.495,77558.792250002,84.47974999999975,83.49239999999972,84.90190476190493
1771700400,86.56,86.69,86.18,86.22,37929.422,76161.313250002,84.51149999999976,83.60259999999973,84.96761904761922
1771704000,86.21,86.21,85.27,85.48,103043.715,78602.275650002,84.54549999999976,83.73419999999973,85.04523809523828
1771707600,85.47,85.85,85.41,85.84,47752.849,78835.848750002,84.58329999999974,83.84119999999973,85.14095238095256
1771711200,85.83,85.9,85.38,85.46,54844.37,79542.214700002,84.62169999999975,83.95339999999973,85.21857142857161
1771714800,85.45,85.57,85.12,85.17,51881.663,76795.715750002,84.65964999999977,84.06879999999974,85.25714285714304
1771718400,85.17,85.22,84.76,85.08,74021.32,77568.309600002,84.69164999999975,84.18359999999973,85.32428571428589
1771722000,85.08,85.43,85.05,85.32,50854.018,78769.787000002,84.72349999999977,84.25359999999974,85.36142857142875
1771725600,85.32,85.6,84.86,84.96,126960.547,82081.74080000201,84.75449999999977,84.33139999999972,85.37809523809543
1771729200,84.96,85.19,84.73,85.08,121751.36,85914.828400002,84.78404999999977,84.39859999999972,85.41285714285732
1771732800,85.08,85.35,84.97,85.17,27421.212,84726.21115000201,84.81159999999976,84.46059999999972,85.45666666666685
1771736400,85.16,85.22,84.81,84.98,36922.673,82839.78810000201,84.83934999999975,84.51539999999972,85.479523809524
1771740000,84.99,85.34,84.95,85.31,43248.142,81735.90690000201,84.85999999999976,84.57179999999971,85.5252380952383
1771743600,85.31,85.58,85.14,85.24,49244.192,81062.133100002,84.86984999999976,84.61299999999972,85.569523809524
1771747200,85.25,85.26,84.87,84.97,36499.235,79106.09590000201,84.87414999999976,84.65399999999973,85.58142857142876
1771750800,84.98,85.19,84.95,85.04,50156.975,76734.862400002,84.87904999999975,84.69899999999973,85.60047619047639
1771754400,85.04,85.32,85,85.21,46454.168,66119.53040000201,84.87684999999973,84.73779999999971,85.60476190476209
1771758000,85.21,85.47,85.18,85.27,56709.875,62546.58050000202,84.87894999999975,84.79019999999971,85.5842857142859
1771761600,85.28,85.33,84.34,84.47,109332.489,62632.46015000202,84.88094999999974,84.82959999999972,85.57095238095255
1771765200,84.47,84.63,83.71,83.98,137453.229,66375.14745000203,84.88154999999973,84.85479999999973,85.54047619047637
1771768800,83.99,84.07,83.39,83.66,84243.607,67336.25305000202,84.88479999999974,84.88639999999972,85.49142857142876
1771772400,83.66,83.72,82.98,83.5,274557.201,79167.64200000202,84.88934999999974,84.9173999999997,85.39095238095257
1771776000,83.49,83.63,83.2,83.58,40111.699,76021.04120000202,84.88934999999974,84.93899999999972,85.28857142857161
1771779600,83.58,83.6,82.82,83.06,108378.921,79052.34480000203,84.88959999999976,84.9465999999997,85.1652380952383
1771783200,83.06,83.29,82.96,83.22,35315.098,78075.88120000201,84.89119999999976,84.95459999999972,85.019523809524
1771786800,83.22,83.42,83.03,83.3,22299.872,76596.79165000202,84.89224999999975,84.9533999999997,84.89380952380972
1771790400,83.3,83.38,82.94,83.03,40025.13,74896.982150002,84.89044999999973,84.97959999999972,84.77857142857162
1771794000,83.03,83.58,83.03,83.5,41429.271,74425.74480000201,84.88719999999974,84.98979999999972,84.65380952380971
1771797600,83.5,83.71,83.09,83.57,53500.643,70752.749600002,84.88119999999974,84.96339999999972,84.55095238095258
1771801200,83.58,83.66,82.48,82.79,131961.719,71263.267550002,84.87274999999974,84.93759999999973,84.44904761904782
1771804800,82.8,82.85,81.32,81.37,118857.601,75835.08700000201,84.85954999999973,84.91379999999972,84.37380952380973
1771808400,81.37,81.38,77.49,77.98,877081.558,117843.03125000201,84.84474999999973,84.86959999999972,84.2904761904764
1771812000,77.97,78.44,77.55,77.87,275282.926,129444.770450002,84.83169999999974,84.84459999999973,84.18714285714307
1771815600,77.87,78.32,77.28,77.66,261219.915,140043.55660000202,84.81174999999973,84.82359999999973,84.0104761904764
1771819200,77.66,77.74,77.15,77.39,165695.46,146503.36785000202,84.79479999999974,84.78839999999973,83.66809523809545
1771822800,77.39,78.08,77.34,77.85,156622.615,151826.64985000202,84.78009999999973,84.72399999999972,83.32952380952402
1771826400,77.84,79.18,77.7,79.09,308057.094,164906.79615000202,84.76174999999974,84.59019999999971,82.9652380952383
1771830000,79.09,79.69,78.92,79.4,151879.318,169665.26830000203,84.73849999999975,84.45899999999972,82.59142857142878
1771833600,79.4,79.4,78.53,78.78,158251.196,172111.20365000202,84.70474999999975,84.31859999999972,82.25238095238117
1771837200,78.79,80.54,78.79,80.46,204511.433,175464.11385000203,84.65439999999975,84.16999999999973,81.96904761904783
1771840800,80.47,80.69,80.09,80.27,108150.198,176659.44340000203,84.60369999999975,84.03999999999971,81.69238095238117
1771844400,80.26,80.55,79.97,80.05,94455.404,167654.35355000204,84.55099999999975,83.93379999999972,81.38333333333355
1771848000,80.06,80.96,79.86,80.71,186479.246,174972.73090000203,84.49709999999976,83.83219999999972,81.19238095238117
1771851600,80.72,81.13,80.43,80.54,263670.212,182737.295450002,84.44599999999974,83.72539999999972,81.0157142857145
1771855200,80.55,80.81,79.43,80.14,157576.135,188850.34730000203,84.39894999999973,83.64979999999973,80.84380952380974
1771858800,80.14,80.34,79.2,79.4,181946.589,196832.68315000203,84.35564999999973,83.56059999999972,80.71095238095259
1771862400,79.39,79.8,78.6,78.97,417556.725,215709.262900002,84.30859999999973,83.46339999999972,80.56619047619068
1771866000,78.97,79.15,77.27,78.31,243290.422,225802.32045000204,84.26944999999974,83.37459999999972,80.42714285714308
1771869600,78.32,79.3,78.04,78.62,196182.936,232936.43510000204,84.23079999999975,83.27739999999973,80.2452380952383
1771873200,78.63,78.92,77.98,78.29,172762.062,234976.45225000204,84.18799999999973,83.17379999999972,80.03904761904784
1771876800,78.28,78.54,77.85,78.31,145213.1,236294.22720000203,84.14759999999973,83.04479999999973,79.81428571428593
1771880400,78.3,78.73,78.18,78.38,113102.338,198095.26620000202,84.10189999999973,82.89819999999972,79.58190476190497
1771884000,78.38,78.92,78.25,78.26,99015.322,189281.88600000204,84.05459999999974,82.73279999999973,79.3304761904764
1771887600,78.26,78.54,77.63,77.9,106513.578,181546.56915000203,83.99789999999976,82.58259999999973,79.11714285714308
1771891200,77.91,78.53,77.9,78.46,75549.48,177039.27015000203,83.94439999999973,82.42339999999973,78.97476190476212
1771894800,78.45,78.46,75.74,77.67,402712.065,189343.74265000204,83.88594999999974,82.25839999999972,78.98809523809544
1771898400,77.67,78.43,77.52,77.64,134695.414,180675.65865000203,83.83139999999975,82.10159999999972,78.98952380952403
1771902000,77.63,77.63,76.47,76.87,190723.342,182617.85985000205,83.77699999999973,81.95719999999972,79.02761904761925
1771905600,76.88,77.07,76.11,76.86,152910.218,182350.81095000202,83.73199999999973,81.79839999999972,79.04095238095258
1771909200,76.86,77.36,76.22,76.64,183187.832,181284.63090000203,83.68909999999974,81.65839999999972,79.03095238095258
1771912800,76.63,76.94,76.38,76.58,127034.991,182228.87055000203,83.64364999999974,81.50839999999972,78.9252380952383
1771916400,76.59,77.22,76.5,76.84,176682.179,186340.20930000202,83.59604999999974,81.35959999999972,78.80428571428591
1771920000,76.85,77.2,76.5,77.03,102429.078,182137.70090000203,83.55049999999974,81.19059999999972,78.70238095238116
1771923600,77.04,77.14,76,76.65,116458.467,174777.11365000205,83.50674999999973,81.02859999999973,78.51761904761925
1771927200,76.65,76.83,76.41,76.74,62757.101,170036.16195000205,83.46389999999974,80.85979999999971,78.35428571428592
1771930800,76.75,76.92,76.49,76.77,68421.691,164359.91705000206,83.42154999999971,80.68799999999972,78.21047619047638
1771934400,76.78,77.05,76.51,76.59,72628.496,147113.50560000204,83.37644999999974,80.52519999999973,78.01714285714306
1771938000,76.6,76.8,76.02,76.55,117798.608,140838.91490000204,83.32874999999973,80.35959999999973,77.83619047619068
1771941600,76.56,77.42,75.63,76.86,345026.306,148281.08340000204,83.27984999999973,80.18779999999973,77.67571428571448
1771945200,76.87,77.49,76.59,77.3,203358.619,149810.91125000204,83.23324999999973,80.02319999999972,77.54190476190496
1771948800,77.3,78.25,77.23,78.13,208260.238,152963.26815000203,83.18749999999974,79.85779999999973,77.42666666666686
1771952400,78.13,78.5,77.8,77.98,146597.856,154638.04405000203,83.14189999999975,79.68539999999973,77.35761904761924
1771956000,77.97,78.34,77.56,78.2,96135.9,154494.072950002,83.09864999999976,79.51099999999973,77.2947619047621
1771959600,78.2,78.51,77.89,78.38,104446.059,154390.697000002,83.05679999999975,79.35879999999973,77.28714285714305
1771963200,78.38,78.9,78.32,78.67,105886.499,155907.547950002,83.01079999999976,79.22519999999973,77.27142857142877
1771966800,78.66,78.73,78.12,78.55,95993.794,140571.63440000202,82.97004999999976,79.11459999999973,77.26285714285734
1771970400,78.54,79.37,78.44,79.08,81885.524,137931.13990000202,82.92904999999975,79.00419999999973,77.26857142857162
1771974000,79.08,79.62,78.66,78.99,221248.619,139457.403750002,82.89024999999975,78.89659999999974,77.30523809523828
1771977600,78.99,79.44,78.73,79.21,81825.948,135903.19025000202,82.85394999999977,78.80299999999974,77.30952380952401
1771981200,79.2,82.57,79.11,82,508122.846,152149.940950002,82.81379999999977,78.71199999999973,77.37666666666685
1771984800,81.99,82.99,81.98,82.45,273959.207,159496.151750002,82.77604999999976,78.61699999999972,77.44095238095258
1771988400,82.46,82.58,81.61,81.75,143345.966,157829.341100002,82.74034999999976,78.53799999999973,77.55238095238114
1771992000,81.75,82.43,81.28,81.96,140884.685,159752.121450002,82.70269999999977,78.44779999999973,77.79714285714306
1771995600,81.96,82.17,80.98,81.3,172951.112,162576.753700002,82.67459999999977,78.36059999999974,78.07380952380971
1771999200,81.31,81.9,81.16,81.57,74149.876,163146.39245000202,82.64974999999978,78.34479999999974,78.32000000000019
1772002800,81.58,82.41,81.49,82.19,134320.151,166441.31545000203,82.62864999999978,78.36639999999974,78.56380952380971
1772006400,82.19,82.57,81.93,82.48,96711.439,167645.462600002,82.60469999999978,78.44179999999974,78.76714285714304
1772010000,82.48,82.7,82.22,82.54,108511.321,167181.09825000202,82.59204999999979,78.52359999999975,79.00142857142876
1772013600,82.55,82.95,82.45,82.55,93382.465,154598.906200002,82.58169999999977,78.59639999999973,79.26095238095256
1772017200,82.55,83.42,82.32,83.39,132189.725,151040.461500002,82.56739999999976,78.67999999999975,79.53285714285732
1772020800,83.38,84.09,82.89,83.68,254791.358,153367.01750000202,82.55034999999978,78.76679999999973,79.81619047619067
1772024400,83.68,84.44,83.4,83.82,199589.367,156016.59305000203,82.52674999999978,78.83459999999974,80.10190476190493
1772028000,83.83,85.8,83.8,85.64,388123.503,170615.97320000204,82.50599999999977,78.89739999999975,80.41285714285733
1772031600,85.63,86.46,85.02,85.98,409010.451,185844.19280000203,82.48469999999976,78.97279999999975,80.71666666666685
1772035200,85.98,87.69,85.97,87.55,365316.538,198815.69475000206,82.46404999999976,79.03139999999976,80.98761904761923
1772038800,87.54,88.94,87.39,88.56,356176.325,211824.82130000205,82.44579999999976,79.09959999999975,81.35238095238114
1772042400,88.55,89.18,88,88.94,223810.272,218921.05870000203,82.42199999999977,79.17499999999976,81.72285714285732
1772046000,88.94,89.65,88.35,89.43,216061.213,218661.68840000202,82.40709999999977,79.27359999999976,82.15952380952399
1772049600,89.43,90.13,88.97,89.39,241956.276,226668.204800002,82.39364999999977,79.38239999999975,82.63047619047637
1772053200,89.38,92.1,89.37,89.85,414949.239,222009.524450002,82.38164999999977,79.53059999999977,83.12523809523827
1772056800,89.85,90.53,88.38,89.1,299198.285,223271.478350002,82.37734999999977,79.71379999999975,83.61809523809542
1772060400,89.09,89.34,87.07,88.06,303411.847,231274.772400002,82.37479999999978,79.91319999999975,84.11333333333353
1772064000,88.05,89.27,87.84,88.58,409326.293,244696.852800002,82.38269999999979,80.13559999999976,84.62000000000019
1772067600,88.59,89.15,88.21,88.42,134611.582,242779.87630000204,82.3957499999998,80.35099999999976,84.95809523809541
1772071200,88.42,88.49,87.53,88.2,187611.207,248452.94285000203,82.41519999999979,80.58219999999976,85.22523809523827
1772074800,88.2,88.37,87.78,87.95,77647.584,245619.31450000204,82.43684999999978,80.79799999999976,85.55047619047637
1772078400,87.95,89.05,87.84,88.74,83438.196,244955.65235000206,82.46064999999977,80.99159999999976,85.85809523809542
1772082000,88.74,88.74,87.22,87.76,136348.94,246347.53330000205,82.48489999999978,81.19799999999975,86.18666666666685
1772085600,87.76,88.01,87.32,87.65,123465.512,247851.68565000207,82.51409999999979,81.40839999999976,86.49047619047637
1772089200,87.65,87.89,87.23,87.24,117610.302,247122.7145000021,82.5353499999998,81.60319999999975,86.80238095238113
1772092800,87.24,87.9,87.24,87.31,104405.503,239603.42175000207,82.5572999999998,81.80879999999975,87.0538095238097
1772096400,87.3,88.71,87.22,88.32,130757.499,236161.8283500021,82.58084999999978,82.03079999999976,87.29714285714304
1772100000,88.32,88.58,87.29,87.48,96781.647,221594.7355500021,82.59629999999979,82.24859999999975,87.52047619047637
1772103600,87.48,87.63,86.6,86.82,134433.791,207865.90255000212,82.6116999999998,82.46439999999976,87.70714285714304
1772107200,86.82,87.78,86.72,87.7,67291.054,192964.6283500021,82.6303999999998,82.67639999999976,87.92809523809542
1772110800,87.7,88.08,87.49,87.62,80425.654,179177.09480000212,82.64309999999979,82.89099999999976,88.10238095238114
1772114400,87.63,88.26,86.27,87.02,191870.584,177580.1104000021,82.65609999999978,83.12059999999975,88.1585714285716
1772118000,87.01,87.1,85.27,86.56,282371.45,180895.6222500021,82.6668999999998,83.32959999999976,88.24047619047637
1772121600,86.57,86.75,84.34,84.58,306813.075,184138.4622000021,82.67909999999979,83.53299999999976,88.2438095238097
1772125200,84.58,85.35,84.51,84.9,144632.11,170622.6057500021,82.6994499999998,83.75219999999976,88.17047619047636
1772128800,84.91,85.7,84.47,85.38,136890.163,162507.19965000212,82.71354999999981,83.96919999999976,88.05714285714305
1772132400,85.38,86.68,85.34,86.47,148984.542,154785.8344000021,82.7209999999998,84.17779999999975,87.82619047619066
1772136000,86.47,86.87,85.85,86.03,87967.315,138717.8855000021,82.7337999999998,84.37799999999976,87.61238095238114
1772139600,86.02,86.29,85.73,85.94,65844.67,135279.5399000021,82.7473999999998,84.53239999999977,87.399523809524
1772143200,85.94,86.39,85.8,86.15,59388.165,128868.38780000209,82.7578999999998,84.68439999999975,87.27428571428591
1772146800,86.14,86.15,85.77,85.91,47974.141,127384.7156500021,82.7642999999998,84.82939999999975,87.17761904761925
1772150400,85.91,86.04,85.19,85.83,65899.927,126507.8022000021,82.75984999999979,84.99919999999976,87.05190476190495
1772154000,85.83,86.15,85.3,86.15,104956.584,124938.1844000021,82.7577499999998,85.15579999999976,86.94380952380972
1772157600,86.14,86.79,85.94,86.58,68245.156,122177.16660000209,82.76334999999979,85.30699999999977,86.8347619047621
1772161200,86.58,87.82,86.35,87.63,92454.352,120919.36910000208,82.78139999999979,85.45659999999977,86.73380952380973
1772164800,87.63,88.29,87.48,87.56,136999.504,122549.06915000209,82.7965999999998,85.60379999999975,86.61047619047638
1772168400,87.55,87.86,87.4,87.54,50002.725,118511.3304500021,82.81314999999978,85.73879999999976,86.5542857142859
1772172000,87.54,87.62,86.85,87.34,76062.054,117475.35080000211,82.8310999999998,85.88199999999975,86.55333333333353
1772175600,87.34,87.43,86.81,87.31,108590.58,116183.19025000211,82.84559999999978,86.02939999999975,86.56857142857162
1772179200,87.31,87.93,87.22,87.57,100570.282,117847.15165000211,82.86324999999977,86.14199999999975,86.57952380952399
1772182800,87.58,87.82,86.23,86.33,127986.348,120225.1863500021,82.88304999999978,86.24419999999975,86.53285714285732
1772186400,86.33,86.49,84.57,84.71,190310.662,120147.19025000211,82.90954999999978,86.35999999999974,86.5247619047621
1772190000,84.71,84.96,83.35,83.59,212959.421,116676.5888000021,82.94304999999977,86.46759999999975,86.56047619047638
1772193600,83.59,83.76,82.66,83.12,182726.45,110472.2575500021,82.97424999999977,86.58779999999975,86.49523809523828
1772197200,83.12,83.57,81.95,83.08,262527.389,116367.0215000021,83.00554999999977,86.70779999999975,86.35666666666687
1772200800,83.07,83.36,82.09,82.39,233201.881,121182.6074000021,83.0349499999998,86.79059999999976,86.19333333333353
1772204400,82.38,83.07,82.31,82.7,239090.631,125687.9118500021,83.06344999999978,86.83519999999974,86.029523809524
1772208000,82.7,82.7,81.32,81.37,182220.417,130400.5669500021,83.09379999999979,86.85619999999976,85.95809523809542
1772211600,81.37,81.9,81.11,81.84,230896.953,138653.1811000021,83.11599999999979,86.86759999999977,85.83857142857161
1772215200,81.84,82.03,81.39,81.48,181403.453,144753.94550000213,83.13119999999981,86.86139999999976,85.71095238095256
1772218800,81.48,81.72,81.13,81.57,61047.867,145407.63180000213,83.14029999999981,86.83559999999976,85.46809523809543
1772222400,81.57,81.87,81.22,81.45,106110.486,147418.15975000215,83.14844999999981,86.81319999999977,85.26857142857163
1772226000,81.45,81.82,80.84,81.2,103580.315,147349.34630000213,83.15434999999981,86.72779999999975,85.05619047619068
1772229600,81.2,81.6,80.32,81.43,160408.138,151957.49540000214,83.15449999999981,86.64499999999974,84.83809523809543
1772233200,81.43,82.11,81.35,81.85,92247.784,151947.16700000214,83.1559499999998,86.52359999999975,84.62571428571448
1772236800,81.84,82.16,81.59,82.12,68148.677,148504.62565000213,83.1541499999998,86.38379999999974,84.40523809523827
1772240400,82.12,82.27,81.73,81.78,52634.384,148636.20860000214,83.15729999999981,86.23399999999974,84.18047619047638
1772244000,81.78,82.2,81.71,82.15,36102.893,146638.25055000215,83.1570499999998,86.06939999999973,83.95523809523829
1772247600,82.15,82.15,81.55,81.74,38633.497,143140.39640000212,83.15869999999981,85.91019999999975,83.69285714285733
1772251200,81.75,81.9,81.21,81.65,40144.026,140119.08360000214,83.16199999999981,85.75019999999975,83.41761904761924
1772254800,81.65,81.82,81.29,81.56,30561.614,135247.84690000216,83.1679999999998,85.61059999999974,83.16095238095258
1772258400,81.56,81.56,77.12,77.56,626752.905,157069.95905000213,83.1712499999998,85.48499999999974,82.89428571428591
1772262000,77.56,79.62,77.14,78.71,461506.489,169497.31245000212,83.17729999999979,85.35639999999974,82.62476190476211
1772265600,78.7,78.72,77.85,78.02,175889.231,169155.45150000212,83.18394999999978,85.22279999999974,82.33857142857163
1772269200,78.01,78.73,77.74,78.42,290911.836,170574.67385000215,83.1904499999998,85.09179999999975,81.92095238095258
1772272800,78.41,79.18,77.96,79.12,374608.34,177644.99680000212,83.19129999999981,84.96399999999974,81.6352380952383
1772276400,79.11,79.6,78.67,78.78,234808.293,177430.87990000212,83.19024999999979,84.74039999999975,81.37000000000019
1772280000,78.78,79.22,78.59,78.94,131033.762,174871.54715000215,83.18799999999979,84.55939999999975,81.14619047619068
1772283600,78.94,80.98,78.69,80.81,325755.481,179614.47355000215,83.18544999999978,84.36679999999974,80.95761904761925
1772287200,80.82,81.51,80.05,80.25,343475.825,187718.09215000214,83.16154999999979,84.19039999999974,80.78571428571448
1772290800,80.25,81.11,79.62,80.92,171771.595,193254.27855000214,83.14259999999979,84.02659999999975,80.60666666666687
1772294400,80.91,81.33,80.5,81.07,95032.191,192700.36380000215,83.1181999999998,83.83579999999972,80.58000000000018
1772298000,81.08,81.53,80.58,81.38,119024.385,193472.56730000215,83.09514999999979,83.66499999999972,80.5042857142859
1772301600,81.38,82.91,81.1,82.36,212809.743,196092.64755000215,83.0761499999998,83.54479999999974,80.47761904761923
1772305200,82.35,82.8,81.45,82.21,185306.016,200745.55915000214,83.0548499999998,83.39579999999974,80.45380952380972
1772308800,82.22,85.05,81.97,84.88,292696.551,211972.95285000216,83.0360999999998,83.26179999999975,80.4504761904764
1772312400,84.89,85.05,83.58,84.49,178900.729,218286.27010000212,83.02379999999981,83.14279999999975,80.50571428571448
1772316000,84.49,85.65,84.25,84.29,164278.47,224695.04895000212,83.00649999999982,83.03919999999975,80.54285714285733
1772319600,84.29,84.74,83.92,84.35,86912.946,227109.02140000212,82.99379999999981,82.99479999999976,80.68714285714304
1772323200,84.35,85.01,84.32,84.87,131648.775,231684.25885000214,82.9808499999998,82.94099999999975,80.8000000000002
1772326800,84.88,87.5,84.25,86.75,337432.973,247027.82680000216,82.96679999999982,82.93099999999977,80.91952380952401
1772330400,86.75,88.9,86.75,87.97,586949.091,245037.63610000216,82.95814999999982,82.89139999999976,81.02428571428591
1772334000,87.96,88.33,87.63,88.02,187261.099,231325.36660000216,82.95129999999983,82.85659999999976,81.17333333333352
1772337600,88.02,88.26,86.87,87.55,222644.875,233663.14880000218,82.95709999999983,82.82479999999978,81.41619047619066
1772341200,87.55,88.03,87.21,87.26,99836.252,224109.3696000022,82.96859999999984,82.79919999999976,81.72142857142876
1772344800,87.26,87.38,86.16,86.66,174048.694,214081.3873000022,82.97469999999984,82.81599999999976,82.21952380952399
1772348400,86.67,86.89,86.3,86.63,81091.31,206395.5381500022,82.97454999999984,82.85879999999976,82.64047619047638
1772352000,86.63,86.83,85.07,85.22,189397.696,209313.7348500022,82.97634999999983,82.89619999999977,83.08047619047636
1772355600,85.22,85.86,84.81,85,202618.012,203156.8614000022,82.98764999999982,82.91559999999976,83.47285714285732
1772359200,85,85.66,84.71,85.23,116787.129,191822.4266000022,83.00129999999982,82.90819999999977,83.83047619047636
1772362800,85.23,85.53,84.97,85.18,54598.691,185963.7814000022,83.01764999999982,82.89019999999977,84.13714285714303
1772366400,85.18,85.4,84.76,84.88,84942.173,185459.28050000218,83.03229999999981,82.87199999999976,84.42571428571446
1772370000,84.87,86.98,84.51,86.08,236226.073,191319.3649000022,83.04584999999983,82.82959999999976,84.63619047619065
1772373600,86.09,86.89,85.44,85.8,189323.055,190145.0305000022,83.0561999999998,82.78339999999974,84.87095238095256
1772377200,85.8,86.68,85.62,85.67,137064.714,187732.96540000223,83.0659999999998,82.73659999999974,85.059523809524
1772380800,85.67,86.1,83.71,84,247189.804,185457.6280500022,83.0699499999998,82.71359999999976,85.29809523809543
1772384400,83.99,84.29,83.18,83.9,214598.992,187242.54120000225,83.07154999999983,82.71699999999976,85.50857142857161
1772388000,83.89,85,83.86,83.92,144492.131,186253.22425000224,83.0735999999998,82.76679999999975,85.66619047619066
1772391600,83.93,84.03,83.03,83.23,116905.642,187752.85905000224,83.07774999999981,82.82039999999974,85.75142857142876
1772395200,83.23,83.27,81.69,81.98,220988.571,192219.84885000222,83.08014999999982,82.87219999999974,85.70476190476211
1772398800,81.98,83.03,81.92,82.94,101983.632,180447.38180000224,83.08814999999983,82.90439999999975,85.67761904761925
1772402400,82.93,84.12,82.38,82.73,224264.948,162313.1746500022,83.09654999999982,82.92839999999974,85.62714285714306
1772406000,82.72,84.08,82.5,83.6,132899.89,159595.11420000222,83.1036999999998,82.97939999999976,85.51428571428592
1772409600,83.61,85.24,83.48,85,159855.132,156455.62705000225,83.10004999999981,83.00719999999974,85.42238095238115
1772413200,85,86.18,84.41,84.61,207437.533,161835.69110000224,83.09499999999981,83.01719999999973,85.23095238095259
1772416800,84.62,84.77,83.46,84.15,151023.464,160684.42960000224,83.08884999999982,83.04459999999973,85.02285714285733
1772420400,84.15,85.12,83.85,84.78,136473.161,163453.52215000225,83.07799999999983,83.07019999999974,84.87904761904781
1772424000,84.78,84.84,84.1,84.3,95021.356,158734.70515000224,83.06129999999983,83.11819999999975,84.73904761904781
1772427600,84.31,84.7,83.81,84.23,100723.258,153639.96745000224,83.04674999999983,83.18959999999974,84.59095238095257
1772431200,84.23,84.26,82.88,83.26,138586.895,154729.95575000223,83.02889999999984,83.24479999999974,84.50142857142876
1772434800,83.26,83.3,82.38,82.95,156151.547,159807.5985500022,83.01399999999984,83.28539999999974,84.39047619047639
1772438400,82.96,83.63,82.37,83.46,160168.711,163568.92545000222,83.00834999999985,83.34539999999976,84.34333333333353
1772442000,83.45,84.12,83.33,83.64,184039.558,160959.59970000223,83.00014999999983,83.38839999999975,84.26047619047638
1772445600,83.63,84.1,83.36,83.89,98182.33,156402.56345000223,82.98809999999983,83.43819999999974,84.15190476190496
1772449200,83.89,84.29,83.46,83.89,138037.013,156451.17840000222,82.98089999999983,83.47039999999974,84.07000000000019
1772452800,83.88,84.15,83.57,83.7,74341.232,147808.7498000022,82.97499999999984,83.49819999999974,84.01095238095256
1772456400,83.7,83.85,82.92,83.08,137730.457,143965.3230500022,82.96694999999981,83.61619999999975,83.90666666666685
1772460000,83.07,85.97,82.78,85.68,386730.967,156077.2648500022,82.95594999999983,83.71479999999976,83.81571428571446
1772463600,85.67,88.98,85.48,88.77,923932.639,196428.6147000022,82.94484999999982,83.83219999999976,83.72190476190495
1772467200,88.77,90.29,88.47,88.85,546975.727,212727.9725000022,82.93674999999985,83.94159999999974,83.67809523809542
1772470800,88.84,88.99,86.39,87.61,331947.693,224226.1755500022,82.92834999999985,84.03319999999977,83.76285714285733
1772474400,87.61,87.84,86.69,87.31,165832.482,221304.5522500022,82.92299999999983,84.11919999999975,83.9938095238097
1772478000,87.31,87.82,86.82,87.65,178587.242,223588.9198500022,82.91704999999983,84.25399999999976,84.26142857142875
1772481600,87.65,88.08,86.85,87.57,200371.47,225614.73675000216,82.90969999999983,84.41319999999975,84.529523809524
1772485200,87.58,87.73,87.15,87.54,128267.282,221656.22420000215,82.90019999999984,84.58519999999974,84.73761904761922
1772488800,87.55,88.25,87.26,88.04,126832.471,220446.67455000215,82.90204999999983,84.71899999999974,84.97190476190494
1772492400,88.03,88.09,86.35,86.64,196183.64,223432.19850000212,82.91969999999985,84.84379999999973,85.16095238095257
1772496000,86.65,87.32,86.11,86.92,202803.751,228821.31825000216,82.93909999999985,84.96919999999974,85.28190476190494
1772499600,86.91,87.18,86.16,86.17,107777.62,229174.03635000213,82.95194999999985,85.07339999999975,85.44523809523828
1772503200,86.16,86.35,85.23,86.21,162023.913,230345.88725000215,82.96244999999986,85.17999999999975,85.56380952380971
1772506800,86.21,86.63,85.92,86.31,63650.226,225720.82120000213,82.97434999999987,85.24319999999976,85.66571428571447
1772510400,86.31,86.46,85.65,85.85,52045.279,220314.64960000213,82.98984999999986,85.28619999999975,85.75476190476209
1772514000,85.84,86.82,85.38,85.8,128715.142,217548.42880000212,83.00764999999987,85.33879999999975,85.84904761904781
1772517600,85.79,85.98,85.4,85.85,73478.092,216313.21690000212,83.02954999999987,85.37519999999975,85.99428571428591
1772521200,85.85,86.3,85.4,85.58,85726.162,213697.67435000214,83.04524999999987,85.40199999999976,86.13238095238114
1772524800,85.58,85.77,83.94,84.26,224449.606,221203.09305000212,83.06194999999987,85.39319999999974,86.24380952380973
1772528400,84.26,84.99,84.02,84.31,169353.491,222784.2447500021,83.07749999999987,85.35079999999975,86.34904761904781
1772532000,84.3,84.57,83.7,83.92,180132.911,212454.34195000213,83.09244999999989,85.30639999999974,86.429523809524
1772535600,83.92,84.37,83.78,84.21,173454.71,174930.44550000213,83.10749999999989,85.27239999999975,86.44714285714306
1772539200,84.22,85.37,84.14,84.42,228272.595,158995.28890000214,83.12159999999989,85.23879999999976,86.47619047619068
1772542800,84.43,84.48,83.19,83.63,148695.546,149832.68155000213,83.13309999999989,85.19079999999974,86.51619047619069
1772546400,83.63,84.43,82.5,83.24,259349.644,154508.53965000215,83.14449999999988,85.14439999999975,86.44619047619068
1772550000,83.24,85.17,83.04,85.04,270866.792,159122.51715000212,83.15844999999989,85.11839999999975,86.23904761904782
1772553600,85.03,87.34,84.33,85.4,485838.643,173395.87580000213,83.17289999999988,85.10259999999975,85.9904761904764
1772557200,85.4,85.47,84.15,85.18,209767.166,177470.87000000215,83.20454999999988,85.08639999999976,85.78238095238116
1772560800,85.18,86.02,84.52,85.38,160362.768,179147.38485000216,83.23479999999991,85.05539999999975,85.67428571428593
1772564400,85.38,85.76,84.66,85.08,162181.143,177447.26000000216,83.2675499999999,85.02259999999974,85.56714285714307
1772568000,85.08,85.46,84.66,84.85,99547.364,172284.44065000216,83.3026999999999,85.00179999999975,85.45333333333355
1772571600,84.85,85.18,84.17,85.12,94412,171616.15965000214,83.3315999999999,84.99379999999975,85.3504761904764
1772575200,85.13,86.65,85.11,86.29,137630.84500000003,170396.50625000213,83.3523499999999,84.98399999999975,85.20952380952401
1772578800,86.28,87.07,86.18,86.94,43027.878,169365.38885000214,83.3805499999999,85.01159999999976,85.12428571428593