time,open,high,low,close,Volume,Volume MA,MA,MA,MA
1735689600,701.03,707.95,700.31,707.68,,,,,
1735693200,707.68,709.34,705.74,706.89,,,,,
1735696800,706.89,709.45,706.79,708.05,,,,,
1735700400,708.05,708.36,703.78,704.11,,,,,
1735704000,704.11,704.37,702.86,703.37,,,,,
1735707600,703.38,704.66,703.05,704.07,,,,,
1735711200,704.08,705.13,703.41,705.09,,,,,
1735714800,705.09,705.15,701.98,702.27,,,,,
1735718400,702.27,702.94,700.75,701.67,,,,,
1735722000,701.67,703.38,698.93,702.26,,,,,
1735725600,702.26,706.98,701.3,705.67,,,,,
1735729200,705.67,707.76,704.97,706.12,,,,,
1735732800,706.12,706.77,704.48,704.7,,,,,
1735736400,704.7,708.82,704.6,708.72,,,,,
1735740000,708.72,708.88,704.66,706.64,,,,,
1735743600,706.64,707.36,704.89,706.6,,,,,
1735747200,706.66,706.93,702.85,703.59,,,,,
1735750800,703.59,704.48,701.86,704.15,,,,,
1735754400,704.15,704.79,702.73,704.51,,,,,
1735758000,704.51,706.64,703.95,706.32,,,,,
1735761600,706.32,707.43,706.22,706.76,,,,,
1735765200,706.76,707.05,705.55,706.36,,,,,
1735768800,706.36,707.01,705.52,706.08,,,,,
1735772400,706.08,707.41,705.74,706.37,,,,,705.2019047619048
1735776000,706.37,706.42,697.73,700.57,,,,,705.1390476190476
1735779600,700.55,702.07,699.41,700.09,,,,,705.1004761904762
1735783200,700.09,700.67,697.06,700.58,,,,,705.0204761904762
1735786800,700.58,702.65,700.27,700.79,,,,,704.8519047619047
1735790400,700.79,707.86,700.27,706.08,,,,,704.6957142857143
1735794000,706.08,706.57,704.01,705,,,,,704.5295238095239
1735797600,705,705.5,701.95,703.41,,,,,704.3247619047619
1735801200,703.41,705.89,702.79,705.54,,,,,704.5061904761906
1735804800,705.54,709.07,705.4,709.05,,,,,704.6647619047619
1735808400,709.05,714.24,707.6,713.59,,,,,704.7195238095238
1735812000,713.55,714,710.43,711.08,,,,,704.7133333333334
1735815600,711.08,711.85,709.29,711.8,,,,,704.8528571428571
1735819200,711.8,712.6,709.62,712.35,,,,,705.2761904761905
1735822800,712.35,712.47,708.93,709.72,,,,,705.3885714285715
1735826400,709.7,712.65,706.77,710.41,,,,,705.6342857142857
1735830000,710.41,710.47,702.42,703.07,,,,,705.9080952380953
1735833600,703.03,706.26,700.4,704.98,,,,,706.2
1735837200,704.98,707.59,700.66,703.58,,,,,706.4980952380953
1735840800,703.58,704.93,702.43,704.92,,,,,706.4295238095239
1735844400,704.94,706.16,703.31,703.39,,,,,706.3657142857143
1735848000,703.39,705.61,703.36,704.76,,,,,706.2142857142857
1735851600,704.76,704.95,703.15,704.6,,,,,706.1457142857142
1735855200,704.6,704.73,701.91,704.33,,,,,706.0176190476191
1735858800,704.33,705.21,703.59,704.93,,,,,705.9409523809524
1735862400,705.01,706.05,703.14,703.47,,,,,706.1328571428571
1735866000,703.47,703.74,700.45,703.74,,,,,706.3347619047619
1735869600,703.73,705.79,703.07,703.17,,,,,706.5419047619047
1735873200,703.17,704.51,701.98,704.48,,,,,706.6695238095238
1735876800,704.48,705.12,703.39,704.06,,,,,706.5580952380953
1735880400,704.06,704.89,702.68,704.6,,,,,706.4709523809524
1735884000,704.6,706.22,702.17,702.21,,,,705.4775999999999,706.5219047619048
1735887600,702.22,702.51,699.78,700.13,,,,705.3874000000001,706.4514285714287
1735891200,700.13,700.74,696.56,698.45,,,,705.3392,706.2395238095238
1735894800,698.45,701.76,698.39,700.68,,,,705.2594,705.6976190476191
1735898400,700.68,702.02,699.35,700.34,,,,705.2692,705.1761904761905
1735902000,700.34,704.71,700.34,704.7,,,,705.2460000000001,704.5404761904763
1735905600,704.69,706.43,702.85,703.1,,,,705.1672,703.984761904762
1735909200,703.08,705.57,702.71,703.94,,,,705.0344,703.5380952380954
1735912800,703.94,709.03,703.92,707.56,,,,705.0025999999999,703.2661904761906
1735916400,707.56,710.26,706.1,709.44,,,,704.9760000000001,703.2676190476192
1735920000,709.44,714.78,709.13,711.91,,,,705.0247999999999,703.2180952380953
1735923600,711.92,712.51,707.89,711.16,,,,704.9734,703.4076190476192
1735927200,711.15,713.25,711.15,711.37,,,,704.9298,703.6228571428572
1735930800,711.37,713.26,711.06,712.52,,,,704.987,704.0285714285716
1735934400,712.54,712.86,709.53,711.46,,,,705.0014,704.3333333333334
1735938000,711.46,714.72,711.19,713.53,,,,705.1068,704.6557142857143
1735941600,713.53,714.15,712.42,713.25,,,,705.198,705.0457142857143
1735945200,713.25,714.12,711.5,713.99,,,,705.3536,705.3566666666668
1735948800,714.03,719.83,713.99,716.82,,,,705.5210000000001,705.8357142857143
1735952400,716.82,717.82,714.62,715.58,,,,705.66,706.2885714285715
1735956000,715.58,718.83,713.72,718.83,,,,705.8042,706.8038095238096
1735959600,718.81,721.3,718.12,719.09,,,,705.934,707.3914285714286
1735963200,719.1,719.93,716.26,719.62,,,,706.0866000000001,707.94
1735966800,719.59,719.92,717.95,719.04,,,,706.3014,708.6176190476191
1735970400,719.06,719.24,717.03,718.5,,,,706.4856,709.4214285714286
1735974000,718.5,718.51,717.33,717.63,,,,706.8508,710.3495238095239
1735977600,717.63,717.84,713.29,714.26,,,,707.2308,711.33
1735981200,714.26,715.97,714.19,715.23,,,,707.6115999999998,712.1785714285714
1735984800,715.23,715.23,712.7,713.85,,,,707.9766000000001,713.0019047619048
1735988400,713.85,714.13,712.76,713.82,,,,708.225,713.4571428571429
1735992000,713.83,717.08,713.2,716.68,,,,708.4775999999999,714.0347619047619
1735995600,716.68,716.73,714.01,714.75,,,,708.6945999999999,714.5066666666668
1735999200,714.75,716.51,714.49,716.38,,,,708.8883999999999,714.804761904762
1736002800,716.4,716.66,707.72,709.12,,,,708.9844,715.149523809524
1736006400,709.11,711.51,708.97,710.46,,,,708.9889999999999,715.284761904762
1736010000,710.43,712.42,710.31,712.39,,,,709.1009999999999,715.5333333333334
1736013600,712.4,712.76,710.85,711.42,,,,709.16,715.4261904761906
1736017200,711.42,712.53,710.83,711.58,,,,709.2406,715.3280952380953
1736020800,711.59,714.28,711.53,714.02,,,,709.2286,715.3723809523811
1736024400,714.03,714.32,712.06,712.96,,,,709.2296000000001,715.2719047619049
1736028000,712.94,714.38,712.21,714.26,,,,709.416,715.1923809523812
1736031600,714.26,714.31,713.02,713.06,,,,709.5448000000001,715.1938095238097
1736035200,713.05,713.37,712.01,712.56,,,,709.7048000000001,715.0100000000001
1736038800,712.56,712.8,709.3,710.41,,,,709.8868000000001,714.947142857143
1736042400,710.41,712.48,709.73,712.32,,,,710.0782,714.6723809523811
1736046000,712.32,712.33,710.53,712.14,,,,710.2682000000001,714.3614285714287
1736049600,712.13,713.78,712.12,713.47,,,,710.4374,713.9228571428573
1736053200,713.47,713.64,710.71,711.23,,,,710.6020000000001,713.6028571428573
1736056800,711.23,712.21,710.46,712.08,,,,710.7116000000001,713.3000000000002
1736060400,712.08,712.69,711.51,712.26,,,,710.8886,713.101904761905
1736064000,712.25,712.36,708.87,711.11,,,,711.0565999999999,712.9576190476192
1736067600,711.11,711.14,705.34,705.6,,,,711.2625999999999,712.8076190476193
1736071200,705.58,708.68,704.6,708.04,,,,711.3975999999999,712.7319047619051
1736074800,708.04,708.76,707.23,707.9,,,,711.558,712.6028571428574
1736078400,707.9,708.61,706.19,707.22,,,,711.7112,712.0752380952384
1736082000,707.22,708.69,706.44,706.45,,,,711.8892000000001,711.7557142857146
1736085600,706.45,707.34,702.5,706.92,,,,711.9986000000001,711.3519047619051
1736089200,706.94,709.1,706.83,707.89,,,,712.1904000000002,711.261428571429
1736092800,707.89,708.53,705.75,706.45,,,,712.3348000000001,711.0704761904765
1736096400,706.44,707.09,703.85,704.33,,,,712.4724000000001,710.8100000000003
1736100000,704.33,705.39,702.9,705.09,,,,712.5074000000001,710.641904761905
1736103600,705.1,706.28,704.14,705.7,,,,712.5838,710.3976190476193
1736107200,705.7,707.95,705.34,706.34,,,,712.6628000000002,709.9361904761907
1736110800,706.34,708.31,706.29,707.86,,,,712.6406000000002,709.5614285714288
1736114400,707.86,708.77,706.8,708.67,,,,712.5384000000003,709.1538095238097
1736118000,708.67,709.81,708.5,709.1,,,,712.4020000000002,708.8338095238097
1736121600,709.1,710.01,707.7,707.89,,,,712.2928000000002,708.6100000000001
1736125200,707.88,712.48,705.9,712.24,,,,712.1922,708.527142857143
1736128800,712.23,715.93,711.9,713.01,,,,712.0989999999999,708.3738095238098
1736132400,713.01,714.12,712.17,712.18,,,,712.0432,708.1714285714288
1736136000,712.18,713.08,710.85,712.22,,,,711.9545999999999,708.1128571428574
1736139600,712.24,714.72,711.79,713.76,,,,711.8473999999999,708.1976190476192
1736143200,713.76,715.82,712.65,714.71,,,,711.8123999999999,708.2023809523811
1736146800,714.71,715.67,712.14,714.11,,,,711.7361999999998,708.2004761904764
1736150400,714.13,714.5,710.91,712.17,,,,711.6681999999997,708.3266666666669
1736154000,712.18,717.27,712.16,716.34,,,,711.5359999999997,708.7604761904765
1736157600,716.34,719.11,715.14,718.68,,,,711.4293999999998,709.0495238095241
1736161200,718.68,719.5,717.44,718.5,,,,711.3311999999999,709.2528571428575
1736164800,718.5,719.21,716.95,717.94,,,,711.2325999999998,709.6871428571432
1736168400,717.94,718.68,716.32,717.19,,,,711.1059999999998,710.2695238095241
1736172000,717.19,722.42,713.49,720.32,,,,711.0801999999998,710.8209523809527
1736175600,720.34,725.37,719.32,725.35,,,,711.1685999999999,711.2995238095241
1736179200,725.35,735.4,725.35,732.1,,,,711.2339999999999,711.8109523809527
1736182800,732.1,732.1,721.95,728.15,,,,711.3158,712.5723809523813
1736186400,728.16,729.43,726.67,728.72,,,,711.3831999999999,713.5371428571432
1736190000,728.72,732.66,728.32,732.13,,,,711.4559999999999,714.7942857142859
1736193600,732.13,740.6,732.1,739.05,,,,711.6679999999999,715.8328571428574
1736197200,739.1,744.98,737.91,741.77,,,,711.9823999999999,716.8261904761907
1736200800,741.77,742.84,737.76,737.76,,,,712.3629999999997,717.9433333333336
1736204400,737.76,737.98,728.45,729.38,,,,712.7281999999999,719.369523809524
1736208000,729.36,731.77,726.99,727,,,,713.1229999999999,720.9828571428574
1736211600,727.01,728.14,725.49,727.52,,,,713.6755999999998,722.1980952380954
1736215200,727.52,730.24,727.49,727.79,,,,714.2793999999999,722.9776190476193
1736218800,727.79,729.3,726.94,729.14,,,,714.7541999999999,723.6833333333337
1736222400,729.14,729.65,727.6,727.6,,,,715.0825999999998,724.4119047619051
1736226000,727.6,731.4,727.21,730.74,,,,715.3373999999999,725.0800000000004
1736229600,730.74,733.41,730.2,731.31,,,,715.6265999999999,725.7671428571432
1736233200,731.31,731.97,729.82,730.62,,,,715.9311999999998,726.4095238095242
1736236800,730.62,731.68,730.21,730.4,,,,716.3057999999999,727.2938095238098
1736240400,730.4,730.52,725.68,727.07,,,,716.6113999999999,728.0066666666671
1736244000,727.07,729,726.75,728.19,,,,716.9833999999998,728.5752380952385
1736247600,728.21,728.57,722.34,726.68,,,,717.3401999999999,729.1419047619052
1736251200,726.7,726.83,723.98,724.52,,,,717.7279999999997,729.5766666666672
1736254800,724.52,725.76,724.28,724.71,,,,718.0943999999997,730.1004761904767
1736258400,724.71,725.92,716.33,717.7,,,,718.3905999999998,730.4033333333338
1736262000,717.67,719.32,700.44,709.14,,,,718.7321999999999,730.3638095238099
1736265600,709.14,712.45,706.97,708.82,,,,719.1537999999999,730.0119047619052
1736269200,708.82,710.54,703.55,705.49,,,,719.4833999999998,729.5142857142861
1736272800,705.49,707.22,701.52,702.54,,,,719.8195999999998,728.5819047619051
1736276400,702.53,702.97,695.04,696.92,,,,720.0291999999998,727.4719047619051
1736280000,696.91,698.67,692.98,696.21,,,,720.0829999999999,725.8738095238099
1736283600,696.21,699.04,692,692,,,,720.1209999999999,724.0057142857147
1736287200,692,696.76,691.15,696.66,,,,720.0729999999999,722.0609523809528
1736290800,696.66,698.28,693.38,698.09,,,,719.9947999999998,720.481428571429
1736294400,698.11,707.25,696.67,705.37,,,,719.8465999999999,718.8147619047622
1736298000,705.37,705.39,698,699.81,,,,719.669,717.3452380952384
1736301600,699.77,702.33,698.35,699.11,,,,719.3949999999999,715.9309523809527
1736305200,699.11,699.86,694.89,697.02,,,,719.2013999999998,714.7990476190479
1736308800,697.02,698.74,693.56,693.86,,,,719.0059999999999,713.4757142857145
1736312400,693.86,695.46,690.56,691.11,,,,718.9399999999998,711.969523809524
1736316000,691.11,693.16,682.01,682.32,,,,718.7541999999999,710.3366666666669
1736319600,682.32,695.35,682.15,694.32,,,,718.5785999999998,708.5861904761907
1736323200,694.31,703,694.14,702.19,,,,718.2741999999997,706.7152380952383
1736326800,702.19,703.6,698.79,698.83,,,,717.8911999999997,704.5842857142859
1736330400,698.83,700.74,696.51,698.54,,,,717.4697999999996,702.9714285714288
1736334000,698.54,698.84,693.22,695.75,,,,716.8717999999997,701.8052380952382
1736337600,695.73,698.83,692.96,693.04,,,,716.4829999999997,700.581904761905
1736341200,693.03,698.47,693.02,696.27,,,,716.2325999999997,699.3357142857145
1736344800,696.27,700.18,693.63,695.21,,,,715.9269999999996,698.2904761904764
1736348400,695.21,698.77,690.35,693.25,,,,715.6543999999996,697.5238095238097
1736352000,693.23,693.39,686.17,686.77,,,,715.2425999999997,696.9261904761906
1736355600,686.77,689.1,674.6,689.05,,,,714.7297999999996,696.436666666667
1736359200,689.05,695.73,687.82,690.84,,,,714.2851999999996,695.994285714286
1736362800,690.82,694.44,689.34,689.43,,,,713.8305999999997,695.5109523809527
1736366400,689.43,690.26,687.13,689.36,,,,713.3517999999995,695.1700000000003
1736370000,689.36,691.28,686.67,690.99,,,,712.6807999999996,695.1147619047622
1736373600,690.97,697.1,690.96,697.06,,,,711.9547999999996,694.7704761904764
1736377200,697.07,697.1,695.27,695.73,,,,711.1295999999998,694.3547619047621
1736380800,695.75,698.49,695.2,698.49,,,,710.3551999999997,693.6700000000003
1736384400,698.49,700.79,698.12,699.48,,,,709.5679999999998,693.5390476190479
1736388000,699.48,700.2,693.9,699.34,,,,708.7451999999998,693.3780952380954
1736391600,699.34,699.52,695.46,696.13,,,,707.9053999999998,693.4480952380954
1736395200,696.13,699.79,694.44,699.78,,,,706.9845999999999,693.7157142857145
1736398800,699.78,700.49,698.17,698.8,,,,706.1991999999998,694.1076190476192
1736402400,698.76,699.68,697.28,697.29,,,,705.6011999999998,694.7652380952383
1736406000,697.29,698.41,689.29,690.26,,,,705.0479999999999,695.0252380952383
1736409600,690.26,696.83,688.34,694.96,,,,704.4202,694.8638095238098
1736413200,694.95,698.95,694.95,698.62,,,,703.8599999999999,694.7904761904764
1736416800,698.64,698.79,694.23,698.71,,,,703.2531999999999,694.3961904761907
1736420400,698.71,701.35,697.43,699.68,,,,702.6469999999999,694.3585714285716
1736424000,699.68,701.26,697.25,698.15,,,,701.8374,694.6242857142859
1736427600,698.15,699.3,686.12,686.13,,,,701.1103999999999,694.7404761904764
1736431200,686.13,688.75,681.03,686.59,,,,700.4704,694.9533333333335
1736434800,686.6,697.81,685,696.55,,,708.83875,699.8366000000001,695.1866666666668
1736438400,696.55,696.82,691.96,695.59,,,708.7751499999999,699.2888,695.1561904761905
1736442000,695.59,695.87,684.78,685.43,,,708.7338000000001,698.688,695.0390476190478
1736445600,685.43,689.77,684.9,688.4,,,708.6871000000001,697.877,695.3109523809526
1736449200,688.42,688.65,680.01,680.01,,,708.66495,697.1184,695.6042857142859
1736452800,680.02,682.33,674.86,679.82,,,708.6388499999999,696.5551999999999,695.4171428571431
1736456400,679.82,683.83,679.25,683.31,,,708.5491499999999,696.113,695.2938095238098
1736460000,683.32,688.16,681.71,687.58,,,708.45665,695.6388000000001,694.4819047619051
1736463600,687.58,687.59,684.06,685.15,,,708.4280500000001,695.2303999999999,693.7242857142859
1736467200,685.15,688.23,685.13,686.04,,,708.39765,694.7207999999998,693.0014285714288
1736470800,686.05,687.19,683.26,686.93,,,708.3135000000001,694.2664,692.4347619047622
1736474400,686.98,689.48,685.99,687.7,,,708.2271499999999,693.9942,691.7590476190479
1736478000,687.71,688.62,686.41,687.9,,,708.0966000000001,693.8216,691.2785714285717
1736481600,687.9,689.62,687.55,689.59,,,707.9722,693.6846,690.666666666667
1736485200,689.59,692.82,688.3,691.4,,,707.84515,693.4722,690.1380952380955
1736488800,691.38,693.88,690.27,693.36,,,707.74985,693.2489999999999,689.6909523809527
1736492400,693.37,696.89,692.69,695.45,,,707.6425999999999,692.8956,689.6590476190479
1736496000,695.46,696.98,695.07,696.69,,,707.55485,692.6573999999999,689.4895238095241
1736499600,696.69,698.47,696.4,697.26,,,707.46875,692.467,689.2390476190479
1736503200,697.26,698.55,696.26,698.5,,,707.3847000000001,692.3545999999999,689.0838095238098
1736506800,698.5,698.52,694.74,696.85,,,707.2926,692.3445999999999,688.9414285714289
1736510400,696.86,696.99,694.93,696.38,,,707.20675,692.4313999999998,688.8990476190479
1736514000,696.38,696.96,686.62,690.88,,,707.1319500000001,692.7187999999999,689.4880952380956
1736517600,690.88,696.24,690.27,693.06,,,707.06835,692.7775999999998,689.976666666667
1736521200,693.06,695.59,686.04,693.09,,,707.01375,692.7037999999998,689.9685714285717
1736524800,693.1,693.28,689.42,690.67,,,706.9943499999999,692.6641999999998,689.7442857142861
1736528400,690.67,700.58,689.91,700.54,,,706.9802000000001,692.6209999999998,690.1076190476194
1736532000,700.53,700.57,696.55,696.95,,,706.9698,692.5235999999999,690.3309523809528
1736535600,696.95,697.14,690.84,694.4,,,706.9500999999999,692.5239999999999,690.8385714285718
1736539200,694.41,694.46,690.29,691.63,,,706.9016,692.4603999999999,691.8252380952384
1736542800,691.63,693.82,691.22,692.11,,,706.831,692.3695999999998,692.4747619047623
1736546400,692.12,693.96,690.7,693.53,,,706.77925,692.5153999999998,692.7995238095243
1736550000,693.53,694.33,692.29,693.25,,,706.717,692.7189999999998,693.1080952380956
1736553600,693.24,693.39,691.51,693.26,,,706.6251,692.8259999999998,693.3971428571432
1736557200,693.29,693.55,690.38,691.28,,,706.55985,692.8417999999998,693.711428571429
1736560800,691.28,693.32,690.39,692.96,,,706.4892,692.8953999999998,693.9757142857146
1736564400,692.96,692.97,690.68,691.35,,,706.4022,692.9787999999998,694.2309523809528
1736568000,691.36,692.68,690.66,692.44,,,706.2986,693.0239999999998,694.3114285714289
1736571600,692.41,694.66,692.23,694.47,,,706.2105500000001,692.9479999999998,694.3857142857147
1736575200,694.47,694.77,692.83,692.85,,,706.12615,692.8589999999998,694.2900000000004
1736578800,692.85,694.76,692.69,694.74,,,706.07705,692.7483999999998,694.146666666667
1736582400,694.74,696.53,693.1,694.14,,,706.01845,692.5857999999998,694.0409523809527
1736586000,694.14,695.41,693.71,695.1,,,705.9569500000001,692.4478,693.8309523809527
1736589600,695.1,695.83,693.78,695.75,,,705.89715,692.4146,693.651904761905
1736593200,695.75,697.89,695.16,697.38,,,705.8369500000001,692.276,693.5228571428574
1736596800,697.39,697.71,696.26,696.52,,,705.77535,692.1948,693.4619047619051
1736600400,696.52,697.32,695.22,695.74,,,705.7247,692.1317999999999,693.6938095238098
1736604000,695.74,696.69,694.46,696.46,,,705.6673,692.2285999999999,693.8995238095241
1736607600,696.45,696.57,694.99,695.22,,,705.6163499999999,692.2443999999999,694.0628571428575
1736611200,695.22,696.1,693.53,695.49,,,705.5697,692.2195999999998,694.304285714286
1736614800,695.49,695.61,693.58,695.02,,,705.5264999999999,692.1757999999998,694.1100000000004
1736618400,695.02,696.22,694.85,696,,,705.4894,692.0969999999999,694.0276190476194
1736622000,696,696.85,695.33,696.8,,,705.4539,692.0631999999998,694.0795238095242
1736625600,696.8,699.49,696.71,699.41,,,705.4162,692.2449999999999,694.2409523809526
1736629200,699.41,701.26,698.84,700.46,,,705.3719,692.4229999999999,694.4261904761909
1736632800,700.46,700.77,697.01,697.13,,,705.34315,692.3924,694.5819047619051
1736636400,697.13,697.93,696.44,696.62,,,705.3186000000001,692.4005999999999,694.8752380952384
1736640000,696.62,698.23,695.76,697.36,,,705.3038,692.628,695.2180952380955
1736643600,697.36,697.99,695.66,697.92,,,705.2755000000001,692.8481999999999,695.4966666666669
1736647200,697.91,698.2,695.47,696.64,,,705.2538000000001,693.2571999999999,695.6709523809526
1736650800,696.62,696.88,694.83,695.76,,,705.2143000000001,693.6034,695.9571428571431
1736654400,695.76,696.9,695.13,695.7,,,705.19585,693.8696000000001,696.2180952380955
1736658000,695.69,696.21,694.97,695.06,,,705.17845,694.0652,696.3214285714289
1736661600,695.09,695.34,693.34,693.34,,,705.1263,694.3206000000001,696.4600000000004
1736665200,693.34,694.38,692.42,693.9,,,705.0622,694.5326000000001,696.5057142857146
1736668800,693.9,694.48,691.78,692.1,,,704.9894499999999,694.7092,696.5495238095241
1736672400,692.1,693.39,690.69,691.73,,,704.9232499999999,694.8692,696.4657142857146
1736676000,691.73,692.53,690.14,690.2,,,704.8495999999999,695.0124000000001,696.3776190476193
1736679600,690.19,691.34,689.57,690.91,,,704.7658,695.0874,696.1261904761908
1736683200,690.92,693.09,689.84,691.51,,,704.687,695.1374000000001,695.8980952380956
1736686800,691.51,693.35,690.9,692.44,,,704.59465,695.1122,695.6342857142861
1736690400,692.43,693.73,692,692.2,,,704.4951,695.0378000000002,695.3700000000002
1736694000,692.2,695.09,692.07,694.93,,,704.39465,694.908,695.1933333333336
1736697600,694.93,695.35,693.27,694.49,,,704.27105,694.7810000000001,695.0480952380955
1736701200,694.49,695.86,693.69,695.67,,,704.1518,694.6411999999999,694.9138095238098
1736704800,695.67,696.57,695.01,695.73,,,704.0086500000001,694.553,694.8628571428575
1736708400,695.73,696.3,695.28,695.66,,,703.8677500000001,694.4694000000001,694.7528571428574
1736712000,695.66,697.2,695.54,695.94,,,703.7272,694.5504000000001,694.5747619047621
1736715600,695.94,696.21,692.86,693.29,,,703.5942,694.5790000000001,694.349523809524
1736719200,693.29,693.29,689.9,690.95,,,703.4627,694.6306,694.279523809524
1736722800,690.95,693.13,690.3,693,,,703.3492000000001,694.7317999999999,694.2471428571431
1736726400,693,699.54,692.39,696.27,,,703.25035,694.6342,694.0533333333336
1736730000,696.27,696.37,690.18,690.69,,,703.15255,694.614,693.7214285714289
1736733600,690.68,691.96,685.68,687.83,,,703.06195,694.5917999999999,693.5480952380955
1736737200,687.83,688.89,683.77,685.6,,,702.9711500000001,694.5782,693.5723809523813
1736740800,685.6,689.53,684.55,686.16,,,702.8674500000001,694.596,693.3338095238098
1736744400,686.16,686.16,680.77,682.16,,,702.76015,694.6508,692.9895238095241
1736748000,682.14,683.12,677.54,678.48,,,702.633,694.5996,692.6209523809526
1736751600,678.48,683.19,678.16,682.21,,,702.5524,694.4910000000002,692.2523809523811
1736755200,682.21,682.29,675.61,677.19,,,702.48145,694.3774000000002,691.7790476190478
1736758800,677.19,677.83,670.55,673.68,,,702.37295,694.2414000000001,691.1480952380955
1736762400,673.67,673.69,665.53,667.07,,,702.255,694.0576000000001,690.7676190476193
1736766000,667.07,667.25,660.54,660.66,,,702.1251000000001,693.7784000000001,690.114285714286
1736769600,660.66,666.51,659.53,664.4,,,701.9858,693.5332000000001,689.2652380952383
1736773200,664.4,671.37,662.35,669.55,,,701.8318,693.22,688.057142857143
1736776800,669.55,675.54,659.39,671.48,,,701.6529,692.7988000000001,686.5552380952382
1736780400,671.48,678.66,670.38,676.9,,,701.49865,692.2574000000002,685.1014285714288
1736784000,676.9,678.9,672.8,672.83,,,701.3218,691.5686000000002,683.9138095238096
1736787600,672.83,676.27,668.98,670.21,,,701.13815,690.9416000000002,682.7619047619049
1736791200,670.22,673.98,665.95,670.42,,,700.9119000000001,690.3850000000003,681.8652380952383
1736794800,670.42,674.07,668.45,672.33,,,700.6545000000001,689.8842000000003,680.7780952380954
1736798400,672.33,681.84,670.74,681.5,,,700.4091500000001,689.5074000000003,679.5528571428573
1736802000,681.5,682.64,679.13,682.63,,,700.2007500000001,689.0348000000002,678.4638095238097
1736805600,682.61,687.51,682.17,686.04,,,699.9977500000002,688.5346000000002,677.577142857143
1736809200,686.03,688.38,685.11,688.3,,,699.8209500000002,688.0332000000002,677.0295238095239
1736812800,688.31,689.41,686.16,687.23,,,699.6295500000001,687.5794000000003,676.3800000000001
1736816400,687.23,690.69,687.22,688.67,,,699.4526000000002,687.2894000000003,676.1585714285716
1736820000,688.67,691.68,688.06,689.96,,,699.2645000000002,687.0060000000003,676.1809523809525
1736823600,689.96,692.17,689.84,691.71,,,699.0866500000002,686.7386000000002,676.2585714285716
1736827200,691.73,692.78,688.76,689.57,,,698.9580500000002,686.4954000000004,676.3780952380954
1736830800,689.57,690.87,687.41,687.51,,,698.8389500000002,686.2974000000005,676.749523809524
1736834400,687.51,690.5,687.13,690.47,,,698.7345500000001,686.1384000000004,677.3795238095239
1736838000,690.47,690.86,688.75,688.78,,,698.6366000000002,685.9904000000004,677.7300000000001
1736841600,688.78,691.95,688.76,691.49,,,698.5405000000002,685.8662000000004,678.2214285714288
1736845200,691.49,697.42,691.43,696.47,,,698.4622000000003,685.7248000000004,679.0209523809526
1736848800,696.47,696.7,694.17,695.25,,,698.3865500000003,685.5598000000005,680.054761904762
1736852400,695.25,695.37,693.33,694.32,,,698.3166000000002,685.4552000000003,681.5228571428573
1736856000,694.32,694.79,691.04,692.68,,,698.2327500000002,685.3296000000004,683.0500000000002
1736859600,692.68,698.14,692.19,696.83,,,698.1310000000002,685.2926000000002,684.2738095238097
1736863200,696.84,697.49,694.46,694.79,,,698.0400000000002,685.3440000000004,685.3614285714287
1736866800,694.78,696.64,694.51,694.91,,,697.9384000000002,685.4070000000004,686.1128571428573
1736870400,694.91,696.25,692.86,696,,,697.8564000000001,685.4588000000003,687.2557142857144
1736874000,696,698.28,695.39,697.42,,,697.7775500000002,685.5084000000004,688.4261904761906
1736877600,697.42,698.5,697.03,697.7,,,697.6887500000001,685.6268000000003,689.5923809523811
1736881200,697.7,699.49,697.15,697.78,,,697.5994500000002,685.6924000000004,690.7195238095239
1736884800,697.78,698.03,695.71,697.18,,,697.5017500000001,685.7418000000004,691.4776190476192
1736888400,697.19,699.47,697.15,698.56,,,697.4171000000002,685.8178000000003,692.1952380952382
1736892000,698.55,699.77,698.55,699.66,,,697.3175000000003,685.8676000000003,692.7542857142859
1736895600,699.66,699.69,698.23,698.64,,,697.2215000000002,685.9318000000004,693.177142857143
1736899200,698.64,702.62,698.61,699.8,,,697.1406500000002,685.9740000000004,693.7166666666668
1736902800,699.8,701.64,698.73,700.02,,,697.0460500000003,686.0030000000003,694.2400000000001
1736906400,700.02,701.16,696.12,696.89,,,696.9411500000002,686.0610000000004,694.6533333333334
1736910000,696.9,701.07,696.48,700.93,,,696.8375500000002,686.1354000000003,695.0385714285716
1736913600,700.93,702.17,700.25,701.89,,,696.7337500000001,686.2424000000005,695.5361904761905
1736917200,701.89,702.24,700.21,700.66,,,696.6406000000003,686.4194000000005,695.9828571428573
1736920800,700.66,700.91,698.85,699.41,,,696.5373000000003,686.5598000000006,696.4809523809524
1736924400,699.41,700.19,698.28,699.56,,,696.4037500000003,686.5722000000004,697.1052380952382
1736928000,699.55,700.72,698.34,698.4,,,696.2422500000002,686.7770000000005,697.5419047619048
1736931600,698.39,698.6,691.45,692.22,,,696.1016000000002,687.0582000000005,697.6819047619048
1736935200,692.21,694.19,692.14,693.35,,,695.9424500000002,687.3594000000006,697.8871428571429
1736938800,693.35,693.54,689.52,692.18,,,695.7864500000002,687.6244000000006,698.0814285714285
1736942400,692.18,692.28,688.31,689.83,,,695.6006500000003,687.9724000000007,698.0595238095239
1736946000,689.83,699.68,689.83,699.64,,,695.3951000000002,688.3708000000006,697.8938095238094
1736949600,699.62,704.41,696.42,704.11,,,695.2033500000002,688.5710000000006,697.7695238095238
1736953200,704.11,706.62,702.66,703.96,,,695.0542500000004,688.8942000000008,697.527619047619
1736956800,703.96,706.49,701.36,701.4,,,694.9112500000003,689.2642000000008,697.7009523809523
1736960400,701.4,702.61,699.54,699.81,,,694.7347500000002,689.7194000000007,698.0195238095238
1736964000,699.81,706,699.81,705.97,,,694.5625500000002,690.4990000000008,698.317619047619
1736967600,705.97,708.77,704.62,708.31,,,694.3777500000002,691.2932000000008,698.49
1736971200,708.31,714.12,707.58,709.07,,,694.1889000000001,691.9814000000009,698.615238095238
1736974800,709.07,710.64,708.94,710.06,,,694.0334000000001,692.5798000000009,698.9680952380952
1736978400,710.07,712.36,709.03,712.08,,,693.8974000000002,693.0380000000009,699.3799999999999
1736982000,712.08,714.57,711.23,714.31,,,693.7641000000002,693.7008000000009,699.8766666666666
1736985600,714.35,715.38,706.99,709.41,,,693.6191000000002,694.4628000000008,700.3652380952379
1736989200,709.42,713.97,709.35,712.95,,,693.4828000000002,695.2358000000008,700.9395238095236
1736992800,712.95,712.97,710.18,711.09,,,693.3717000000003,695.9904000000009,701.7690476190475
1736996400,711.09,713.41,707.88,708.93,,,693.2798500000001,696.602000000001,702.172857142857
1737000000,708.93,710.49,708.92,710.04,,,693.2026000000002,697.235600000001,702.6995238095236
1737003600,710.03,710.45,708.55,710.14,,,693.1293500000002,697.703000000001,703.1961904761904
1737007200,710.14,712.72,709.73,712.66,,,693.1012500000002,698.1960000000009,703.6495238095237
1737010800,712.66,714.03,711.42,711.42,,,693.1271000000002,698.673200000001,704.1485714285712
1737014400,711.43,711.87,703.3,705.41,,,693.1300500000002,699.078400000001,704.7076190476188
1737018000,705.41,706.83,703.57,706.82,,,693.1673500000002,699.480000000001,705.6809523809521
1737021600,706.82,710.99,706.81,710.42,,,693.2101000000001,699.848600000001,706.5414285714284
1737025200,710.42,713.54,708.23,713.4,,,693.2701500000002,700.3104000000011,707.1714285714284
1737028800,713.45,717.6,712.46,713.87,,,693.3393000000002,700.788600000001,707.980476190476
1737032400,713.87,715.32,707.85,709.19,,,693.4300000000002,701.087400000001,708.4938095238094
1737036000,709.2,710.98,700.73,702.46,,,693.5100000000001,701.4482000000011,708.9361904761903
1737039600,702.47,709.57,701.38,709.56,,,693.5766500000002,701.8268000000011,709.4080952380951
1737043200,709.55,713.11,709.26,712.59,,,693.5768500000001,702.1654000000011,709.7790476190476
1737046800,712.59,716,711.44,714.55,,,693.6119000000002,702.5378000000012,709.905238095238
1737050400,714.52,715.68,710.56,711.99,,,693.6684500000001,702.835200000001,710.0761904761904
1737054000,711.99,714.93,711.58,714.85,,,693.7503500000001,703.0308000000011,710.28
1737057600,714.85,715.81,713.34,715.56,,,693.8504000000003,703.2854000000011,710.5409523809523
1737061200,715.57,716.12,711.8,712.5,,,693.9408000000002,703.6414000000011,710.632857142857
1737064800,712.5,712.64,707.23,708.87,,,694.0415,704.0342000000012,710.7647619047618
1737068400,708.87,710.09,707.48,708.15,,,694.1177000000002,704.354000000001,710.8242857142856
1737072000,708.15,710.94,708.06,710.81,,,694.1697000000001,704.702600000001,710.9714285714284
1737075600,710.83,716.67,710.14,716.23,,,694.2483000000002,705.0598000000011,710.7771428571426
1737079200,716.23,717.63,713.38,714.8,,,694.31555,705.3542000000011,710.6371428571427
1737082800,714.8,715.99,713.81,714.27,,,694.4110500000002,705.5880000000011,710.7266666666665
1737086400,714.27,715.47,713.23,715.33,,,694.5236500000002,705.7798000000012,711.0214285714285
1737090000,715.33,718.5,714.93,718.16,,,694.6048000000001,706.0028000000011,711.2433333333332
1737093600,718.17,718.36,715.99,716.13,,,694.6731000000001,706.354600000001,711.3199999999999
1737097200,716.13,716.93,713.93,714.44,,,694.7476000000003,706.6546000000012,711.5061904761903
1737100800,714.44,720.48,714.44,720.06,,,694.8678000000001,706.9396000000011,712.1133333333332
1737104400,720.06,721.27,718.13,718.64,,,695.0037000000001,707.3084000000011,712.5566666666665
1737108000,718.64,723.47,718.62,722.46,,,695.1235,707.6530000000012,712.7480952380951
1737111600,722.46,725.18,722.05,724.8,,,695.2477000000002,707.9378000000012,713.065238095238
1737115200,724.8,728.65,724.12,724.29,,,695.3775500000002,708.2134000000011,713.2923809523808
1737118800,724.28,724.94,720.24,720.68,,,695.5134000000002,708.6264000000011,713.9242857142856
1737122400,720.68,723.11,719.73,722.07,,,695.6087500000003,709.0080000000012,714.9880952380951
1737126000,722.07,726.18,719.65,720.21,,,695.7023000000003,709.4892000000011,715.6895238095237
1737129600,720.21,726.25,718.57,724.88,,,695.8101500000002,710.1408000000011,716.0747619047618
1737133200,724.88,726.13,722.19,723.06,,,695.9059500000003,710.7596000000011,716.4328571428571
1737136800,723.06,724.55,721.96,722.56,,,696.0215500000003,711.329600000001,716.8242857142856
1737140400,722.59,725.27,721.66,722.6,,,696.1649000000002,711.9744000000011,717.3019047619047
1737144000,722.6,729.83,722.47,726.6,,,696.2874500000003,712.3858000000012,717.6590476190476
1737147600,726.6,727,722.58,724.26,,,696.3968500000001,712.8012000000011,718.1380952380953
1737151200,724.24,724.94,720.46,720.49,,,696.5207500000002,713.1832000000011,718.7919047619047
1737154800,720.51,721.94,719.87,721.54,,,696.6705000000002,713.6064000000011,719.6704761904762
1737158400,721.53,723.54,720.84,723.11,,,696.8201000000003,714.0622000000012,720.3109523809524
1737162000,723.1,723.12,717.52,718.29,,,696.9423000000003,714.4748000000011,720.5138095238095
1737165600,718.3,719.13,716.18,716.39,,,697.0615500000002,714.793800000001,720.8347619047619
1737169200,716.39,717.17,705.97,707.83,,,697.1761500000002,715.022200000001,721.2557142857144
1737172800,707.84,709.06,704.87,706.93,,,697.3184000000002,715.2518000000011,721.3966666666666
1737176400,706.92,708.12,697.04,697.57,,,697.5090500000002,715.472400000001,721.312380952381
1737180000,697.57,706.21,697.36,704.82,,,697.6785500000002,715.552000000001,720.9171428571428
1737183600,704.78,704.93,699.38,700.48,,,697.8035000000002,715.691600000001,720.5595238095239
1737187200,700.48,702.02,695.4,701.65,,,697.9411000000001,715.589200000001,719.4885714285715
1737190800,701.65,702.99,699.02,700.79,,,698.1054,715.5060000000011,718.8304761904762
1737194400,700.79,701.68,696.45,698.92,,,698.2453500000001,715.2788000000011,717.7838095238096
1737198000,698.94,703.01,697.71,702.1,,,698.38445,715.174400000001,716.6814285714287
1737201600,702.1,703.65,700.06,701.79,,,698.52,714.981200000001,715.562380952381
1737205200,701.79,707,700.71,706.9,,,698.5913,714.7610000000011,714.5261904761905
1737208800,706.9,707.05,702.86,703,,,698.6775000000001,714.5484000000012,713.5752380952382
1737212400,703,705.74,701.4,703.75,,,698.7541500000001,714.418600000001,712.6980952380953
1737216000,703.75,705.97,696.46,696.46,,,698.8322000000001,714.324200000001,711.8419047619047
1737219600,696.47,700.9,696.13,697.94,,,698.9015,714.151600000001,710.8866666666667
1737223200,697.9,701.4,696.29,699.44,,,698.9576000000001,714.0216000000011,709.9909523809524
1737226800,699.44,706.05,699.09,706.04,,,699.0286,713.8042000000012,708.7461904761906
1737230400,706.02,708.46,702.35,703.81,,,699.0896,713.6954000000011,707.3814285714286
1737234000,703.82,705.67,703.33,703.5,,,699.1670999999999,713.5754000000012,706.199523809524
1737237600,703.5,706.39,703.46,706.12,,,699.2153,713.3430000000012,705.5114285714286
1737241200,706.13,711.35,706.1,709.93,,,699.2567999999999,713.0800000000012,704.667142857143
1737244800,709.93,712.9,708.18,710.57,,,699.2556499999998,712.9098000000012,703.7333333333335
1737248400,710.57,713.05,710.23,712.66,,,699.2590499999999,712.7462000000011,703.1538095238096
1737252000,712.66,713.81,709.97,710.44,,,699.2637499999998,712.5192000000011,702.8461904761906
1737255600,710.44,711.81,708.33,709.23,,,699.3096999999999,712.3304000000011,702.9766666666668
1737259200,709.23,709.52,705.56,706.91,,,699.34685,712.2790000000011,703.2495238095239
1737262800,706.91,707.19,703.37,706.21,,,699.40995,712.3130000000012,703.862380952381
1737266400,706.21,708.6,705.12,707.41,,,699.47525,712.4032000000012,704.0723809523811
1737270000,707.42,708.2,703.37,704.35,,,699.5594500000001,712.3958000000011,704.3785714285716
1737273600,704.35,704.35,690.37,690.71,,,699.65895,712.2558000000012,704.5957142857145
1737277200,690.7,693.6,684.45,693.22,,,699.71955,712.0980000000012,704.9109523809526
1737280800,693.23,693.26,687.02,688.05,,,699.7869999999999,711.9368000000012,705.169523809524
1737284400,688.05,689.38,680.55,682.18,,,699.86115,711.7784000000012,704.627142857143
1737288000,682.18,691.24,681.53,690.82,,,699.9375499999999,711.5022000000012,704.2190476190478
1737291600,690.82,696.03,689.96,696.02,,,700.0080499999999,710.9938000000011,703.3214285714288
1737295200,696.02,699.68,695.1,697.69,,,700.07745,710.569400000001,702.3300000000002
1737298800,697.69,698.56,693.45,697.05,,,700.1329499999999,709.929200000001,701.7142857142858
1737302400,697.05,698.13,695.32,697.66,,,700.1201999999998,709.2000000000011,701.6933333333334
1737306000,697.64,701.64,696.54,701.64,,,700.1299,708.567200000001,701.6814285714287
1737309600,701.64,705.83,700.88,705.69,,,700.10535,707.9916000000009,701.567619047619
1737313200,705.69,706.53,703.87,706.41,,,700.0595,707.4596000000009,701.1685714285715
1737316800,706.41,707.08,701.67,702.82,,,700.0514,706.9870000000009,701.0652380952381
1737320400,702.82,703.13,684.8,685.55,,,700.05915,706.4988000000009,701.1695238095239
1737324000,685.55,692.33,679.27,688.91,,,700.0833500000001,706.1274000000008,701.1833333333334
1737327600,688.93,688.94,675.31,682.38,,,700.0949,705.7436000000007,700.8447619047619
1737331200,682.37,684.27,673.47,675.27,,,700.1125,705.4106000000008,699.6533333333334
1737334800,675.27,680.36,674.11,676.54,,,700.1452,705.0158000000009,698.522380952381
1737338400,676.54,688.36,676.1,683.2,,,700.1949000000002,704.2748000000008,697.1861904761905
1737342000,683.2,686.81,681.2,685.82,,,700.2400500000002,703.5210000000006,695.5690476190478
1737345600,685.8,689.27,683.81,688.02,,,700.2715500000002,702.6834000000007,694.1228571428572
1737349200,688.02,691.05,687.19,688.58,,,700.2206000000001,701.7790000000007,693.027142857143
1737352800,688.58,704.42,687.87,702.83,,,700.18285,700.8790000000007,691.9990476190477
1737356400,702.83,708.08,695.38,697.58,,,700.11865,700.0808000000006,691.2214285714288
1737360000,697.6,700.05,697.27,699.23,,,700.01755,699.4314000000006,691.1200000000002
1737363600,699.23,700.74,694.86,696.28,,,699.92515,698.8640000000007,691.5776190476192
1737367200,696.28,697.7,693.51,694.83,,,699.8611500000001,698.4790000000007,692.0314285714287
1737370800,694.83,697.13,692.94,697.11,,,699.80625,698.3970000000005,692.8433333333335
1737374400,697.1,697.33,685.28,689.34,,,699.7493000000001,698.3972000000006,693.1033333333335
1737378000,689.34,695.87,688.39,691.99,,,699.6899000000002,698.2854000000007,693.0466666666667
1737381600,691.99,693.45,688.35,689.88,,,699.7184000000001,698.2014000000007,693.0190476190477
1737385200,689.88,691.57,686.69,687.37,,,699.7232000000002,698.0650000000007,692.6519047619049
1737388800,687.33,690.36,680.77,690.28,,,699.7325500000002,697.9914000000007,692.3819047619049
1737392400,690.3,690.64,670.3,678.51,,,699.7243500000003,697.7998000000008,691.8219047619049
1737396000,678.51,684.86,678.22,683.76,,,699.7153000000003,697.5976000000009,690.949523809524
1737399600,683.76,685.53,681.09,684.85,,,699.7220500000003,697.3594000000007,690.1814285714287
1737403200,684.87,684.96,680.5,682.11,,,699.6902500000002,696.9688000000008,689.0238095238097
1737406800,682.11,683.46,678.39,678.41,,,699.6749000000002,696.7144000000008,688.9385714285715
1737410400,678.41,683.73,675.56,682.78,,,699.6576000000002,696.2096000000008,688.7452380952383
1737414000,682.78,684.88,680.17,681.55,,,699.6249500000002,695.9556000000008,688.732380952381
1737417600,681.55,682.78,674.83,674.88,,,699.61585,695.6938000000008,688.8819047619048
1737421200,674.87,681.4,674.24,679.03,,,699.54975,695.3472000000007,689.1790476190478
1737424800,679.03,681.59,677.08,681.26,,,699.51755,694.7946000000006,689.1004761904762
1737428400,681.25,683.95,679.95,681.4,,,699.4872500000002,694.3740000000007,688.579523809524
1737432000,681.4,681.75,676.86,681.15,,,699.4402500000001,693.9350000000007,688.1514285714287
1737435600,681.15,682.73,677.62,678.65,,,699.3701000000001,693.3102000000006,687.8028571428572
1737439200,678.63,680.94,676.78,679.56,,,699.323,692.6922000000006,686.782380952381
1737442800,679.56,682.04,678.8,681.56,,,699.2561000000001,692.1060000000007,686
1737446400,681.55,683.28,679.85,682.02,,,699.1580499999999,691.4808000000006,685.0199999999999
1737450000,682.02,683.59,680.53,682.87,,,699.07485,690.8950000000004,684.2238095238096
1737453600,682.87,686.1,682.44,685.88,,,699.0025,690.2834000000006,683.5919047619047
1737457200,685.88,690.51,685.37,688.64,,,698.9312,689.7364000000006,682.8733333333332
1737460800,688.63,691.12,688.09,688.25,,,698.85725,689.2434000000007,682.565238095238
1737464400,688.25,689.62,685.57,687.2,,,698.78405,688.7356000000007,682.2742857142855
1737468000,687.21,690.48,683.69,684.38,,,698.7271,688.3060000000008,682.215238095238
1737471600,684.39,687.09,682.42,686.47,,,698.6698999999999,688.2094000000008,682.2571428571428
1737475200,686.47,692.73,685.93,690.06,,,698.5986499999999,688.1178000000007,682.1104761904761
1737478800,690.06,694.71,689.86,694.39,,,698.5595499999998,688.1218000000007,682.39
1737482400,694.39,696.23,692.66,695.63,,,698.5497999999998,688.2222000000006,682.5190476190476
1737486000,695.67,696.09,692.91,694.07,,,698.5649999999998,688.0934000000005,682.7671428571427
1737489600,694.06,694.79,691.12,692.02,,,698.5754499999998,687.9024000000006,683.3519047619047
1737493200,692.02,692.64,690.13,691.8,,,698.6006499999999,687.7498000000005,684.1719047619047
1737496800,691.8,693.59,690.88,691.72,,,698.6301499999998,687.6966000000007,684.7095238095237
1737500400,691.72,691.96,689.1,691.41,,,698.6514499999998,687.6560000000006,685.2080952380952
1737504000,691.39,694.12,690.02,693.76,,,698.7157999999998,687.5046000000007,686.0138095238095
1737507600,693.76,693.89,690.17,690.99,,,698.8193499999999,687.2312000000006,686.6180952380952
1737511200,690.98,693.99,690.14,693.7,,,698.9621499999998,686.9390000000006,687.1014285714285
1737514800,693.7,696.02,693.32,695.6,,,699.1291999999999,686.7170000000007,687.6899999999999
1737518400,695.6,703.97,694.91,702.61,,,699.2672999999999,686.8342000000007,688.1585714285713
1737522000,702.6,703,699.65,699.69,,,699.3785499999998,686.9312000000007,688.8752380952379
1737525600,699.71,700.51,698.21,698.46,,,699.4797499999997,687.1034000000006,689.6390476190476
1737529200,698.45,699.53,697.06,697.42,,,699.5522999999998,687.4720000000007,690.6414285714285
1737532800,697.43,698.4,694.6,698.15,,,699.6569499999999,687.8532000000007,691.482857142857
1737536400,698.15,699.65,697.01,698.51,,,699.7608499999998,688.2414000000006,692.225238095238
1737540000,698.53,698.56,695.99,697.09,,,699.8772499999998,688.5188000000006,692.7747619047617
1737543600,697.09,700.49,696.81,699.7,,,699.9935999999997,688.7276000000006,693.2276190476189
1737547200,699.69,700.56,698.36,699.59,,,700.0991499999998,688.9044000000006,693.7161904761904
1737550800,699.59,699.96,694.06,694.97,,,700.1844499999997,688.8108000000008,694.1871428571428
1737554400,694.98,696.85,692.38,694.34,,,700.2465499999997,688.8294000000008,694.9166666666666
1737558000,694.34,696.33,692.58,692.98,,,700.2921499999997,688.7866000000008,695.5414285714285
1737561600,692.98,694.07,690.41,693.82,,,700.3467499999997,688.8550000000009,695.775238095238
1737565200,693.82,695.83,693.28,694.53,,,700.3959499999997,688.9502000000008,695.7728571428571
1737568800,694.53,697.01,691.85,692.13,,,700.4315999999999,688.9074000000007,695.6466666666666
1737572400,692.13,696.71,691.98,695.84,,,700.4715499999999,689.0074000000008,695.6347619047618
1737576000,695.84,699,695.83,697.01,,,700.5216499999998,689.0272000000008,695.7542857142856
1737579600,697.01,698.32,694.72,697.83,,,700.5589499999998,689.1060000000008,695.7699999999999
1737583200,697.83,699.05,695.63,695.68,,,700.5782999999997,689.2492000000009,695.9661904761904
1737586800,695.68,696.46,693.12,695.5,,,700.5992999999997,689.2862000000008,696.2328571428571
1737590400,695.51,697.3,693.38,694.49,,,700.6109499999998,689.6328000000008,696.4266666666666
1737594000,694.5,696.41,691.81,692.16,,,700.6012499999998,689.8978000000008,696.65
1737597600,692.16,692.64,687.36,689.98,,,700.5856499999998,690.1574000000007,696.7357142857143
1737601200,689.98,692.31,687.69,688.24,,,700.5932499999998,690.4288000000006,696.6828571428572
1737604800,688.24,688.51,683.65,685.51,,,700.6148999999998,690.7706000000007,696.1852380952381
1737608400,685.51,687,684.82,686.21,,,700.6198999999998,691.0048000000007,695.7228571428572
1737612000,686.2,687.75,683.52,683.57,,,700.6243499999998,691.2170000000007,695.2361904761905
1737615600,683.57,687.28,682.76,687.1,,,700.6272999999998,691.5190000000008,694.6690476190475
1737619200,687.1,687.33,685.48,685.97,,,700.6197499999997,691.7032000000008,694.1004761904761
1737622800,685.97,687.44,683.28,683.52,,,700.5934499999997,691.7882000000008,693.3890476190476
1737626400,683.52,685.61,682.67,683.36,,,700.5548499999998,691.8844000000009,692.9133333333333
1737630000,683.38,685.4,682.82,685.24,,,700.5071499999997,691.9328000000008,692.2595238095238
1737633600,685.24,685.36,681.82,682.11,,,700.4487999999997,692.1018000000008,691.4942857142856
1737637200,682.11,686.52,680.7,685.72,,,700.3870499999996,692.2300000000009,690.9414285714286
1737640800,685.72,691.54,683.45,689.38,,,700.3065999999995,692.2692000000009,690.5080952380953
1737644400,689.38,691.47,683.71,687.81,,,700.2488999999996,692.296000000001,689.9904761904761
1737648000,687.84,692.47,686.2,686.43,,,700.1797499999997,692.3434000000009,689.6047619047619
1737651600,686.43,688.95,683.75,688.05,,,700.0972499999996,692.2680000000009,689.3595238095238
1737655200,688.05,689.14,684.87,684.92,,,700.0295999999995,692.2096000000009,689.1538095238095
1737658800,684.93,685.3,681.39,682.35,,,699.9511499999996,692.2322000000008,688.7057142857142
1737662400,682.35,690.68,681.25,684.64,,,699.8522499999995,692.2444000000011,688.2790476190476
1737666000,684.63,685.33,680.07,682.82,,,699.7775499999995,692.285400000001,687.6642857142857
1737669600,682.83,689.19,682.31,689.1,,,699.7273999999996,692.317000000001,687.0295238095238
1737673200,689.1,691.2,688.17,689.44,,,699.6686499999996,692.214200000001,686.5123809523809
1737676800,689.46,690.75,685.43,685.61,,,699.6087999999996,691.973400000001,685.9566666666667
1737680400,685.58,688.09,684.52,684.97,,,699.5879499999995,691.7536000000009,685.8109523809524
1737684000,684.97,685.01,680.16,680.59,,,699.5457999999995,691.528600000001,685.7852380952381
1737687600,680.6,684.35,679.04,682.47,,,699.4966499999996,691.4702000000009,685.6600000000001
1737691200,682.48,686.49,680.87,686.05,,,699.4706999999996,691.4230000000009,685.6342857142857
1737694800,686.05,690.98,685.23,690.94,,,699.3865999999997,691.3008000000009,685.3666666666667
1737698400,690.93,691.35,682.54,685.59,,,699.3115499999999,691.1720000000008,685.3142857142857
1737702000,685.59,687.08,684.96,686.69,,,699.2389499999997,690.908600000001,685.2642857142857
1737705600,686.69,689.42,685.93,688.88,,,699.1599999999999,690.7382000000011,685.5009523809524
1737709200,688.88,690.13,688.16,688.86,,,699.0857999999998,690.585200000001,685.5995238095239
1737712800,688.86,690.41,688.04,690.4,,,698.9589,690.492000000001,685.7580952380953
1737716400,690.39,690.59,688.93,689.13,,,698.8296999999999,690.1516000000009,685.9314285714287
1737720000,689.13,689.55,687.48,688.96,,,698.7145999999999,689.891600000001,686.2528571428572
1737723600,688.96,689.89,686.02,686.2,,,698.6189999999998,689.7000000000011,686.4757142857144
1737727200,686.2,689.6,685.33,687.78,,,698.4865499999999,689.5288000000011,686.4638095238095
1737730800,687.78,688.61,683.11,685.39,,,698.3484499999998,689.3738000000011,686.5185714285715
1737734400,685.39,686.37,684.11,684.23,,,698.2457999999999,689.186200000001,686.5076190476191
1737738000,684.23,687.75,683.5,686.65,,,698.1253499999999,689.023600000001,686.494761904762
1737741600,686.66,687.29,685.05,685.67,,,698.0218999999997,688.753600000001,686.517142857143
1737745200,685.67,686.21,683.29,683.8,,,697.9228999999998,688.5174000000011,686.6066666666668
1737748800,683.79,684.27,680.47,680.47,,,697.8174999999997,688.325800000001,686.702380952381
1737752400,680.48,682.87,680.37,681.31,,,697.6977999999998,688.123600000001,686.8380952380952
1737756000,681.31,681.97,680.44,680.49,,,697.5733999999998,687.9970000000011,686.5857142857143
1737759600,680.49,681.01,678.92,680.55,,,697.4432499999997,687.8340000000011,686.1585714285715
1737763200,680.55,681.36,678.04,678.14,,,697.3373499999997,687.6194000000011,685.9538095238096
1737766800,678.13,682.45,677.66,682.24,,,697.2364999999996,687.3862000000009,685.7404761904762
1737770400,682.24,683.51,681.44,682.98,,,697.1127499999997,687.095600000001,685.7385714285715
1737774000,682.98,684.21,682.13,683.89,,,696.9647499999996,686.7652000000011,685.532380952381
1737777600,683.89,684.53,683.17,683.37,,,696.7977499999998,686.4196000000011,685.3509523809523
1737781200,683.37,684.43,682.09,683.71,,,696.6583499999998,686.068800000001,684.9719047619047
1737784800,683.7,684.51,682.41,682.94,,,696.5484999999998,685.803600000001,684.8909523809524
1737788400,682.94,683.2,681.56,681.75,,,696.4034499999997,685.573400000001,684.7328571428571
1737792000,681.75,682.79,681.01,682.26,,,696.2311999999998,685.408000000001,684.4866666666667
1737795600,682.26,682.81,681.62,682.3,,,696.0696499999998,685.275800000001,684.2047619047619
1737799200,682.29,684.18,681.11,684.11,,,695.9245999999998,685.185200000001,683.7928571428571
1737802800,684.11,685.32,683.67,684.98,,,695.7697999999997,685.133800000001,683.4657142857143
1737806400,684.98,685.05,683.98,684.68,,,695.6088499999998,685.0446000000011,683.1485714285714
1737810000,684.68,685.57,684.55,685.37,,,695.4648999999997,685.018400000001,683.0490476190475
1737813600,685.37,687.21,684.65,687.08,,,695.3352499999996,684.922400000001,682.9157142857142
1737817200,687.08,688.31,685.8,687.24,,,695.2032499999996,684.885200000001,682.8819047619047
1737820800,687.24,688.11,686.62,687.57,,,695.0604999999996,684.914400000001,682.9361904761905
1737824400,687.57,687.64,685.87,687.09,,,694.8908499999997,684.940800000001,682.9566666666666
1737828000,687.11,687.74,686.87,687.19,,,694.7373999999996,684.943400000001,683.0314285714285
1737831600,687.19,688.48,687.03,688.41,,,694.5909499999997,685.042800000001,683.2109523809523
1737835200,688.41,688.96,687.71,687.76,,,694.4376999999997,685.0732000000011,683.5261904761903
1737838800,687.76,688.64,687.37,688.23,,,694.2737499999998,685.037000000001,683.8061904761903
1737842400,688.23,689.52,687.14,687.37,,,694.1284999999998,685.0226000000009,684.1833333333333
1737846000,687.37,688.37,686.12,686.35,,,693.9924999999997,685.0378000000009,684.5266666666665
1737849600,686.35,689.17,686.21,688.03,,,693.8300499999998,685.0450000000009,685.0071428571428
1737853200,688.05,689.73,687.9,689.15,,,693.6722999999998,685.1018000000009,685.2514285714284
1737856800,689.14,689.16,687.9,688.75,,,693.4959499999999,685.2194000000009,685.4119047619047
1737860400,688.75,690.25,688.58,689.58,,,693.314,685.2740000000009,685.6090476190475
1737864000,689.58,690.65,689.2,690.28,,,693.13135,685.3446000000009,685.8842857142855
1737867600,690.28,690.5,689.49,689.88,,,692.9690999999999,685.323200000001,686.1242857142855
1737871200,689.89,689.94,688.42,688.85,,,692.7955999999999,685.3174000000009,686.4404761904761
1737874800,688.85,689.43,688.42,689.42,,,692.6262999999999,685.380200000001,686.8466666666666
1737878400,689.42,689.78,687.52,688.47,,,692.44205,685.472400000001,687.2095238095237
1737882000,688.47,688.51,684.44,685.39,,,692.2725,685.666200000001,687.5214285714285
1737885600,685.4,686.25,684.42,684.87,,,692.1034500000001,685.814400000001,687.7742857142856
1737889200,684.87,685.62,684.5,685.33,,,691.9383499999999,685.8704000000012,687.9404761904761
1737892800,685.33,685.66,684.52,685.63,,,691.75675,685.840000000001,687.9742857142857
1737896400,685.63,685.99,684.64,685.05,,,691.58485,685.8976000000009,687.9504761904761
1737900000,685.05,685.06,683.42,684.41,,,691.4266499999999,685.8716000000011,687.8671428571428
1737903600,684.4,685.21,684.19,684.83,,,691.26605,685.7914000000012,687.7904761904762
1737907200,684.83,684.89,683.42,683.74,,,691.09285,685.7208000000012,687.670476190476
1737910800,683.74,685.21,683.46,684.5,,,690.92835,685.6254000000013,687.542857142857
1737914400,684.5,685.47,683.52,683.9,,,690.77075,685.5438000000012,687.430476190476
1737918000,683.9,684.14,683.47,683.98,,,690.6582500000001,685.4528000000013,687.2080952380951
1737921600,683.98,684.38,682.41,682.47,,,690.5517500000001,685.4254000000012,687.052857142857
1737925200,682.47,682.53,680.82,680.92,,,690.4891499999999,685.344600000001,686.8466666666666
1737928800,680.92,680.92,672.7,673.62,,,690.3870999999999,685.3268000000011,686.685238095238
1737932400,673.63,673.63,664.54,667.19,,,690.3088499999999,685.3202000000013,686.5004761904761
1737936000,667.19,669.82,662.86,663.38,,,690.2193,685.2668000000012,686.1619047619047
1737939600,663.37,664.98,660.91,661.85,,,690.1378499999998,685.2028000000013,685.4223809523808
1737943200,661.85,662.16,654.75,658.04,,,690.0627499999999,685.1452000000012,684.3957142857141
1737946800,658.05,663.69,657.17,661.42,,,689.9721499999998,685.0082000000011,683.148095238095
1737950400,661.43,661.49,653.77,653.77,,,689.87555,684.7258000000012,681.7942857142856
1737954000,653.77,653.99,649.61,653.27,,,689.7456499999998,684.383600000001,680.278095238095
1737957600,653.27,655.77,646.55,648.94,,,689.5987499999999,684.0096000000011,678.9719047619046
1737961200,648.94,649.96,637.74,647.04,,,689.4159499999998,683.607600000001,677.2742857142855
1737964800,647.05,647.07,641.11,646.79,,,689.25055,683.191200000001,675.5980952380951
1737968400,646.79,652.42,645.74,651.99,,,689.0700999999998,682.607000000001,673.8623809523808
1737972000,651.99,652.17,644.21,645.88,,,688.8630999999998,681.9946000000009,672.0609523809521
1737975600,645.89,654.39,645.83,651.22,,,688.6399999999999,681.306000000001,670.225714285714
1737979200,651.22,660.44,651.12,658.79,,,688.3897999999999,680.572600000001,668.6238095238093
1737982800,658.79,663.37,657.69,659.54,,,688.1386499999999,679.849600000001,666.7585714285711
1737986400,659.56,667.35,657.89,666.49,,,687.8527499999999,679.254400000001,665.178095238095
1737990000,666.48,667.55,664.12,664.32,,,687.5382999999998,678.5268000000011,663.938095238095
1737993600,664.32,666.98,660.81,661.24,,,687.2193999999998,677.9052000000011,662.785714285714
1737997200,661.24,663.62,659.14,659.59,,,686.9160499999998,677.3988000000011,661.928095238095
1738000800,659.59,660.97,656.96,658.16,,,686.59325,676.890000000001,660.995714285714
1738004400,658.16,665.38,658.16,665.11,,,686.3032,676.5262000000012,659.9128571428569
1738008000,665.1,673.18,665.07,672.62,,,686.0626,676.1052000000011,658.823333333333
1738011600,672.6,678.48,672.48,674.39,,,685.8292499999999,675.5884000000011,657.7395238095236
1738015200,674.39,679.65,674.38,678.43,,,685.6246499999999,675.0354000000011,657.3342857142854
1738018800,678.43,680.28,677.47,679.63,,,685.4244999999999,674.447200000001,657.5928571428568
1738022400,679.63,681.54,677.66,678.35,,,685.2771499999998,674.0076000000009,658.1171428571425
1738026000,678.35,679.17,675.94,677.9,,,685.1089999999998,673.7162000000011,658.9066666666664
1738029600,677.9,680.22,677.87,679.89,,,684.9595499999999,673.435800000001,659.9347619047617
1738033200,679.9,680,677.94,679.22,,,684.8741999999999,673.249200000001,660.7409523809521
1738036800,679.22,682.2,679.22,681.52,,,684.7831999999997,673.0772000000011,661.8899999999998
1738040400,681.53,682.8,680.97,681.29,,,684.6750499999997,672.8968000000011,663.1576190476187
1738044000,681.29,681.69,678.1,679.08,,,684.5787499999997,672.7278000000011,664.5995238095236
1738047600,679.06,680.61,677.46,677.55,,,684.4916499999998,672.565000000001,666.2414285714283
1738051200,677.55,677.76,675.1,675.65,,,684.3950999999998,672.366400000001,667.8842857142854
1738054800,675.65,675.77,673.7,675.65,,,684.2763999999997,672.2218000000009,669.1742857142855
1738058400,675.65,676.85,674.71,676.02,,,684.1473999999997,672.056000000001,670.6823809523806
1738062000,676.04,676.55,673.44,675.14,,,684.0114499999997,671.8320000000008,671.845714285714
1738065600,675.14,675.9,672.16,673.16,,,683.9049499999998,671.585400000001,672.6485714285711
1738069200,673.16,676.44,670.75,672.25,,,683.8836499999998,671.3214000000008,673.433333333333
1738072800,672.25,673.21,669.21,672.38,,,683.8344999999998,671.0460000000007,673.8452380952378
1738076400,672.39,676.52,672.29,673.04,,,683.8103499999997,670.7970000000007,674.2661904761902
1738080000,673.03,673.21,668.43,670.27,,,683.8122499999997,670.5920000000007,674.7904761904759
1738083600,670.27,673.95,670.25,672.84,,,683.8077999999997,670.3578000000007,675.3995238095235
1738087200,672.84,674.4,668.89,669.63,,,683.7718999999996,670.0962000000006,676.108095238095
1738090800,669.63,670.24,666.85,670.01,,,683.7184999999996,669.8312000000006,676.3538095238093
1738094400,670.01,670.47,664.21,664.66,,,683.6441999999997,669.5910000000007,676.3642857142855
1738098000,664.66,667.8,661.05,661.06,,,683.5625499999996,669.3082000000006,676.1376190476188
1738101600,661.05,664.44,659.88,664.31,,,683.4102999999996,669.0684000000007,675.7366666666666
1738105200,664.33,665.07,659.36,661.17,,,683.2875999999997,668.7862000000007,675.0238095238094
1738108800,661.17,666.37,660.82,666.06,,,683.1427999999997,668.4964000000006,674.200476190476
1738112400,666.06,668.93,666.05,668.85,,,683.0255999999997,668.1116000000005,673.5533333333332
1738116000,668.85,670.37,668.71,669.46,,,682.8995999999997,667.6532000000005,672.6619047619046
1738119600,669.46,674.72,669.17,674.19,,,682.7640999999998,667.2900000000005,672.035238095238
1738123200,674.18,679.13,674.08,676.3,,,682.6406999999998,666.8950000000006,671.4319047619047
1738126800,676.3,677.25,674.81,675.41,,,682.4860499999999,666.7438000000006,670.8685714285714
1738130400,675.41,678.59,675.37,677.72,,,682.3581999999998,666.7770000000007,670.6357142857142
1738134000,677.7,677.71,673.27,673.7,,,682.2271999999997,666.8986000000006,670.5761904761904
1738137600,673.7,675.05,670.52,670.54,,,682.1060999999997,667.1454000000007,670.5647619047619
1738141200,670.54,671.16,669.24,669.58,,,682.0577999999998,667.5106000000007,670.6633333333333
1738144800,669.58,671.01,668.49,670.15,,,681.9862999999998,667.7904000000007,670.5528571428571
1738148400,670.15,671.41,669.29,669.86,,,681.9329999999999,668.2694000000007,670.3338095238096
1738152000,669.85,670.58,666.41,666.49,,,681.9039499999999,668.6780000000008,670.1633333333333
1738155600,666.48,667.18,663.97,666.13,,,681.8889499999999,669.1100000000007,670.0633333333333
1738159200,666.14,666.71,662.83,663.75,,,681.8636499999999,669.5608000000007,669.9433333333334
1738162800,663.75,666.75,663.52,664.12,,,681.8243999999999,670.0280000000006,669.6314285714286
1738166400,664.12,664.13,660.74,662.77,,,681.8026999999998,670.3854000000007,669.4342857142858
1738170000,662.77,666.9,662.67,665.13,,,681.7554499999999,670.7976000000007,669.0014285714286
1738173600,665.13,668.35,662.67,667.78,,,681.6999,671.0958000000007,668.7390476190476
1738177200,667.81,670.74,659.09,667.93,,,681.6422,671.1950000000007,668.3942857142857
1738180800,667.93,673.94,664.29,670.78,,,681.5688999999999,671.2866000000006,668.4166666666666
1738184400,670.78,673.46,668.47,670.83,,,681.5062999999999,671.2122000000006,668.7366666666667
1738188000,670.83,673.15,668.97,670.85,,,681.42725,671.2284000000005,668.9090476190477
1738191600,670.85,671.52,667.03,667.52,,,681.3400499999999,671.3592000000006,669.3666666666667
1738195200,667.52,671.99,666.13,671.8,,,681.2437999999999,671.5260000000005,669.5938095238095
1738198800,671.8,674.39,671.53,672.46,,,681.1551,671.7784000000006,669.6890476190476
1738202400,672.46,674.14,671.5,674.13,,,681.0645999999998,671.8928000000004,669.5966666666666
1738206000,674.13,675.9,673.53,675.27,,,680.9610499999998,671.8574000000004,669.482857142857
1738209600,675.22,677.88,674.85,677.38,,,680.8736999999998,671.7200000000006,669.3
1738213200,677.38,679.39,676.6,678.7,,,680.7918499999998,671.5874000000005,669.2390476190476
1738216800,678.7,679.43,677.26,677.28,,,680.7241999999999,671.4440000000005,669.1223809523808
1738220400,677.29,678.03,674.47,676.89,,,680.6294499999999,671.3596000000005,669.2976190476189
1738224000,676.87,677.81,675.98,677.27,,,680.5381499999999,671.3070000000006,669.6861904761904
1738227600,677.27,678.95,677.26,678.68,,,680.4284999999999,671.2568000000006,670.0528571428571
1738231200,678.67,678.75,676.72,678.66,,,680.3209999999999,671.2464000000006,670.3738095238094
1738234800,678.65,679.16,677.97,678.64,,,680.227,671.1616000000005,670.7266666666666
1738238400,678.64,678.64,676.94,678.23,,,680.1537999999999,671.0736000000004,671.3071428571428
1738242000,678.23,680.14,677.93,679.19,,,680.0882999999999,671.0374000000005,671.9038095238095
1738245600,679.19,682.24,677.84,682.12,,,680.0160999999998,671.0600000000004,672.6128571428571
1738249200,682.12,682.68,679.41,680.41,,,679.9434999999999,671.1202000000005,673.2847619047619
1738252800,680.41,681.89,679.33,681.65,,,679.8610499999999,671.1800000000004,674.0666666666666
1738256400,681.66,681.67,679.98,680.58,,,679.7994999999999,671.2242000000005,674.8757142857143
1738260000,680.58,681.21,678.65,681.03,,,679.7243,671.3052000000005,675.4771428571429
1738263600,681.03,681.16,679.42,680.39,,,679.6394999999998,671.4844000000005,676.1304761904762
1738267200,680.39,680.8,678.16,678.22,,,679.5175999999998,671.6476000000006,676.5971428571428
1738270800,678.22,679.17,677.96,678.91,,,679.4150999999998,671.8330000000004,677.0828571428572
1738274400,678.91,680.04,677.99,679.01,,,679.3333999999999,671.9838000000004,677.5371428571428
1738278000,679.01,680.05,677.29,677.5,,,679.24835,672.1990000000004,678.0466666666666
1738281600,677.51,678.81,675.92,678.56,,,679.1658499999999,672.3500000000005,678.385238095238
1738285200,678.56,678.95,676.99,678.18,,,679.0762,672.5218000000003,678.6971428571428
1738288800,678.18,678.64,676.3,677.62,,,678.9958999999998,672.6998000000004,678.857619047619
1738292400,677.62,677.62,673.63,675.69,,,678.8993499999998,672.9868000000004,679.0142857142856
1738296000,675.69,676.44,674.14,674.61,,,678.7924999999999,673.3156000000004,679.0523809523809
1738299600,674.61,678.41,674.61,678.3,,,678.7121999999998,673.6006000000004,679.0009523809523
1738303200,678.3,679.93,678.29,679.8,,,678.63555,673.9408000000004,678.9252380952381
1738306800,679.8,680.65,677.22,677.6,,,678.5581499999998,674.1720000000006,678.8166666666666
1738310400,677.57,678.49,676.58,676.77,,,678.48185,674.3088000000005,678.8657142857143
1738314000,676.78,679.6,676.51,679.52,,,678.4001,674.4118000000005,678.9190476190477
1738317600,679.52,679.66,678.55,679.15,,,678.3275499999999,674.4940000000005,678.8685714285714
1738321200,679.16,683.24,679.07,683.23,,,678.2267999999998,674.5640000000005,678.7795238095238
1738324800,683.23,683.57,681.93,682.79,,,678.1147999999998,674.6078000000005,678.8409523809523
1738328400,682.79,684.95,682.41,683.21,,,678.0171499999998,674.5888000000004,678.8390476190476
1738332000,683.21,685.35,682.6,683.12,,,677.9377499999998,674.7052000000004,678.8919047619047
1738335600,683.12,688.89,682.91,688.88,,,677.8482499999998,674.8774000000005,679.0052380952382
1738339200,688.89,689.4,685.85,686.48,,,677.7596499999999,675.1504000000007,679.0795238095238
1738342800,686.48,687.12,683.8,683.8,,,677.6964499999998,675.4032000000007,679.2004761904761
1738346400,683.8,684.72,677.34,677.95,,,677.6422999999999,675.6702000000006,679.5742857142857
1738350000,677.9,680.64,677.56,679.3,,,677.6172499999998,676.0028000000005,679.8642857142856
1738353600,679.27,679.27,675.3,677.96,,,677.6036499999999,676.4578000000006,680.1299999999999
1738357200,677.94,677.95,673.99,676.91,,,677.5886499999999,676.9124000000006,680.0842857142857
1738360800,676.9,678.06,674.97,676.67,,,677.5863999999998,677.3060000000005,680.0980952380951
1738364400,676.67,677.63,675.33,677.52,,,677.5952999999998,677.6096000000005,680.1199999999999
1738368000,677.52,680.68,676.42,680.51,,,677.5978499999998,677.8930000000005,680.0414285714285
1738371600,680.51,681.32,678.96,679.02,,,677.5992499999999,678.0966000000003,679.9695238095237
1738375200,679.01,679.66,678.36,679.5,,,677.5721999999998,678.2762000000002,679.9647619047619
1738378800,679.5,679.7,676.63,677.04,,,677.5424999999999,678.3940000000002,680.1942857142856
1738382400,677.04,678.05,676.38,677.01,,,677.5217499999999,678.5278000000003,680.4042857142856
1738386000,677.01,678.43,676.95,677.34,,,677.4776999999999,678.7210000000003,680.4614285714284
1738389600,677.34,677.53,674.73,675.49,,,677.41415,678.9510000000004,680.3299999999998
1738393200,675.49,675.82,673.72,673.92,,,677.3626999999999,679.1050000000005,680.3019047619046
1738396800,673.92,674.63,671.03,672.73,,,677.3331,679.1966000000003,680.3290476190474
1738400400,672.73,672.88,668.39,668.68,,,677.28795,679.2542000000004,680.1371428571425
1738404000,668.68,671.01,668.65,668.92,,,677.2608500000001,679.2956000000004,679.8880952380949
1738407600,668.89,671.42,668.81,671.32,,,677.2343,679.2578000000004,679.3880952380949
1738411200,671.32,672.79,670.79,672.15,,,677.1961499999999,679.1622000000003,678.7161904761903
1738414800,672.15,672.18,668.64,668.73,,,677.16875,679.0712000000004,678.035714285714
1738418400,668.75,669.88,667.52,667.73,,,677.1007,678.9070000000004,677.4738095238093
1738422000,667.73,668.51,666.18,667.91,,,677.0231,678.7400000000005,676.6771428571426
1738425600,667.89,669.27,666.59,666.75,,,676.9586999999999,678.5928000000002,675.8319047619045
1738429200,666.75,668.43,666.7,668.25,,,676.8772499999999,678.4626000000003,675.0666666666664
1738432800,668.23,668.28,665.21,665.38,,,676.8188999999999,678.2644000000004,674.5885714285711
1738436400,665.38,665.52,660.44,661.07,,,676.7631499999999,678.0544000000003,673.9909523809521
1738440000,661.07,661.07,656.71,659.41,,,676.6936499999999,677.8288000000002,673.5285714285711
1738443600,659.41,662.13,657.46,658.09,,,676.5826,677.5214000000003,672.9795238095236
1738447200,658.09,659.11,653.76,655.18,,,676.4932999999999,677.2782000000002,672.2366666666663
1738450800,655.18,655.75,650.53,652.76,,,676.3993999999999,676.9528000000003,671.3742857142854
1738454400,652.77,660.48,652.28,660.43,,,676.2887499999998,676.5626000000002,670.3066666666664
1738458000,660.43,662.85,659.81,661.6,,,676.1856999999998,676.1302000000002,669.1714285714284
1738461600,661.61,661.72,655.31,655.57,,,676.0605999999998,675.6842000000001,667.8980952380949
1738465200,655.54,656.94,649.01,649.7,,,675.9202999999997,675.2234000000001,667.1071428571425
1738468800,649.7,657.41,649.41,653.93,,,675.7725499999998,674.7004000000002,666.3733333333331
1738472400,653.93,658.31,652.99,657.85,,,675.6319999999997,674.3288000000002,665.3366666666664
1738476000,657.85,659.27,656.19,656.52,,,675.4689999999996,674.0108000000001,664.1085714285712
1738479600,656.52,656.53,651.77,653.16,,,675.3058499999996,673.5510000000002,663.1566666666663
1738483200,653.16,658.15,652.73,657.05,,,675.1868499999997,672.9814000000002,662.4480952380949
1738486800,657.04,657.4,654.54,656.79,,,675.0615999999998,672.5076000000003,661.8690476190473
1738490400,656.79,657.32,654.45,654.68,,,674.9110999999997,672.1508000000003,661.118571428571
1738494000,654.68,654.84,645.98,646.8,,,674.7405999999996,671.7890000000002,660.4390476190473
1738497600,646.8,650.15,644.22,644.26,,,674.6078999999997,671.2862000000002,659.7076190476188
1738501200,644.25,649.47,644.25,649.33,,,674.4905999999999,670.8312000000002,659.0385714285711
1738504800,649.33,651.4,648.61,649.74,,,674.3707499999998,670.4150000000002,658.0419047619044
1738508400,649.74,649.74,641.75,645.48,,,674.2337999999999,669.9732000000002,656.915714285714
1738512000,645.48,645.63,630.29,632.24,,,674.1283499999997,669.3188000000002,656.0861904761902
1738515600,632.26,636.57,619.6,621.37,,,674.0010999999997,668.6210000000003,655.2047619047617
1738519200,621.37,624.91,612.92,615.04,,,673.8595999999997,667.9430000000003,654.2571428571425
1738522800,615,630.05,610.37,624.23,,,673.6741499999996,667.2820000000003,652.8842857142854
1738526400,624.23,629.75,621.38,621.43,,,673.4785999999997,666.5274000000002,651.0728571428567
1738530000,621.43,622.48,616.18,617.56,,,673.3066999999996,665.5098000000003,649.0228571428568
1738533600,617.56,623.28,600.12,617.78,,,673.1406999999996,664.1596000000002,647.5490476190473
1738537200,617.75,618.15,601.66,617.54,,,672.9593499999996,662.7308000000002,646.0571428571426
1738540800,617.54,618.62,593.97,603.86,,,672.7092499999995,661.5394000000001,644.0157142857139
1738544400,603.87,607.4,530.09,549.44,,,672.4045999999996,660.4090000000002,641.9290476190473
1738548000,549.44,555.75,503.97,541.58,,,672.0592499999998,659.1742000000002,640.1180952380948
1738551600,541.59,559.1,541.22,552.87,,,671.7554999999998,657.9706000000001,637.9352380952378
1738555200,552.88,558.87,542.07,542.31,,,671.4392499999998,656.7832000000002,632.9595238095235
1738558800,542.31,563.38,541.83,563.32,,,671.1001999999997,655.3270000000002,627.4228571428567
1738562400,563.32,565.1,556.34,564.94,,,670.7536999999998,652.7654000000002,622.4871428571425
1738566000,564.94,578.48,564.3,577.92,,,670.4051999999997,649.9868000000001,617.2085714285711
1738569600,577.92,578.24,566.59,572.58,,,669.9866499999998,647.4638000000001,612.7452380952377
1738573200,572.58,579.53,571.67,573.13,,,669.2983999999997,644.7200000000001,608.3714285714282
1738576800,573.1,582.08,572.58,581.57,,,668.5703499999997,642.4456,604.71619047619
1738580400,581.58,581.7,574.74,575.97,,,667.8926499999997,640.2042,601.1819047619043
1738584000,575.97,582.4,571.6,572.16,,,667.1653999999996,638.2158000000001,597.7947619047615
1738587600,572.14,576.1,568.21,572.27,,,666.5408499999998,636.1576,594.5680952380948
1738591200,572.28,578.91,558,576.67,,,665.9286999999997,634.1418,591.0552380952378
1738594800,576.66,592.09,571.87,588.76,,,665.3865499999996,632.3186000000001,587.5638095238091
1738598400,588.76,594.81,586.42,590.67,,,664.8092999999994,630.4644000000001,584.7080952380949
1738602000,590.67,595.09,588.43,594.19,,,664.2291999999994,628.5292,582.5795238095234
1738605600,594.19,598.84,592.3,598.73,,,663.6932999999995,626.5482,581.3280952380949
1738609200,598.73,611.05,598.24,610.72,,,663.1252499999995,624.6385999999999,579.7299999999996
1738612800,610.72,610.77,598.2,600.99,,,662.5346499999995,623.0391999999999,578.4328571428568
1738616400,600.99,612.69,600.5,612.62,,,661.9465999999996,621.4979999999999,577.5361904761901
1738620000,612.62,618.75,611.78,613.35,,,661.3856999999995,620.0236,577.1999999999996
1738623600,613.36,617.06,612.91,617.06,,,660.8823999999995,618.6632,576.4119047619043
1738627200,617.06,619.56,614.98,614.98,,,660.3933999999995,617.5125999999999,576.8290476190472
1738630800,614.98,615.69,610.36,612.13,,,659.9373999999995,616.2248,579.8723809523805
1738634400,612.13,612.62,604.53,604.75,,,659.5066999999996,615.2558,583.4666666666662
1738638000,604.75,605.65,600.87,602.25,,,659.1336499999994,614.3345999999999,586.4242857142852
1738641600,602.25,605.95,597.64,598.14,,,658.7104499999994,613.5139999999999,589.7490476190471
1738645200,598.14,598.65,575.93,576.44,,,658.3482999999994,612.7099999999999,591.7219047619043
1738648800,576.45,582.92,576.15,582.83,,,657.9929999999995,611.8974,593.4985714285709
1738652400,582.81,583.69,568.97,569.4,,,657.6541499999995,610.7837999999998,594.4614285714282
1738656000,569.39,574.09,564.86,571.55,,,657.3103499999994,609.5967999999998,594.6452380952376
1738659600,571.55,577.95,570.74,575.14,,,656.9484999999995,608.4481999999998,595.1071428571424
1738663200,575.14,583.5,574.83,581.66,,,656.5527499999995,606.9829999999997,594.5276190476186
1738666800,581.64,587.38,581.33,583.55,,,656.1440999999996,605.5609999999998,594.3171428571425
1738670400,583.55,591.53,583.54,588.35,,,655.7224499999996,603.7919999999998,594.4590476190472
1738674000,588.35,590.53,581.55,582.42,,,655.2000499999996,602.0925999999998,594.90619047619
1738677600,582.42,588.84,578.62,585.36,,,654.7460999999996,600.5321999999998,595.233809523809
1738681200,585.36,586.46,575.63,582.87,,,654.2571499999996,599.0243999999998,595.2142857142853
1738684800,582.89,587.11,581.36,582.27,,,653.7979999999995,597.5595999999997,594.8214285714281
1738688400,582.27,586.05,580.37,583.11,,,653.3644499999997,596.2329999999997,594.4009523809518
1738692000,583.11,584.91,581.55,584.7,,,652.9825499999997,594.9453999999997,593.6457142857138
1738695600,584.7,588.32,576.17,576.17,,,652.5931999999998,593.7673999999997,592.2909523809519
1738699200,576.15,578.72,570.82,571.42,,,652.2660999999998,592.4381999999997,591.4395238095233
1738702800,571.42,571.67,558.69,560.24,,,651.9118499999997,591.0887999999997,590.1099999999994
1738706400,560.23,568.3,559.5,567.86,,,651.5939499999997,589.8413999999997,588.3395238095234
1738710000,567.88,574.84,566.89,573.29,,,651.2730999999997,588.8905999999997,586.16619047619
1738713600,573.29,573.52,569.81,571.84,,,650.9504999999997,587.9865999999997,583.5595238095234
1738717200,571.82,575.99,568.97,569.41,,,650.6060999999996,587.1141999999996,581.4514285714281
1738720800,569.42,575.82,567.55,574.59,,,650.3001999999997,585.8343999999997,579.9533333333329
1738724400,574.55,577.11,572.8,575,,,649.9249499999996,584.7629999999997,578.5052380952376
1738728000,575,577.87,574.18,576.19,,,649.4880999999996,583.8775999999997,577.1371428571425
1738731600,576.19,579.81,572.59,578.89,,,648.9915999999997,582.9587999999998,577.0490476190471
1738735200,578.89,578.91,571.72,572.43,,,648.4984499999996,581.9961999999997,576.67619047619
1738738800,572.44,574.75,570.83,573.72,,,648.0432999999997,581.4107999999998,576.9995238095233
1738742400,573.71,575.1,570.95,572.38,,,647.5962999999997,581.9219999999997,577.349047619047
1738746000,572.34,574.95,568.3,569.73,,,647.1453999999995,582.6141999999996,577.2199999999995
1738749600,569.64,572.72,569.37,570.99,,,646.7275499999996,583.1345999999998,576.8419047619042
1738753200,570.99,575.66,570.97,574.91,,,646.2769999999996,583.7369999999996,576.3099999999994
1738756800,574.91,577.62,573.94,574.52,,,645.7948499999995,583.9449999999996,575.4233333333328
1738760400,574.52,577.54,573.72,577.38,,,645.3173499999996,584.0937999999996,574.879047619047
1738764000,577.38,578.58,573.12,574.3,,,644.7873499999996,583.9299999999996,574.3814285714279
1738767600,574.31,575.37,569.82,570.29,,,644.2577999999995,583.8981999999996,573.9838095238089
1738771200,570.29,570.97,562.56,568.78,,,643.7279499999996,583.9337999999996,573.7509523809518
1738774800,568.78,570.35,562,563.72,,,643.1870999999995,583.7927999999996,573.331428571428
1738778400,563.72,567.14,561.4,563.07,,,642.6425999999997,583.8209999999996,572.6452380952375
1738782000,563.07,571.72,562.13,570.42,,,642.1210499999996,583.8637999999996,572.2933333333327
1738785600,570.42,572.22,565.59,568.59,,,641.5860499999997,583.8241999999996,571.926666666666
1738789200,568.59,572.36,567.49,569.97,,,641.0664999999997,583.6663999999996,572.0614285714279
1738792800,569.96,571.64,565.59,567.38,,,640.5425999999997,583.1655999999996,572.1833333333327
1738796400,567.37,570.3,566.65,569.66,,,640.0062999999996,582.6135999999997,571.9595238095231
1738800000,569.66,573.72,569.49,570.78,,,639.4719499999997,582.1381999999996,571.8704761904755
1738803600,570.79,575.34,568.93,574.23,,,638.9122999999996,581.5353999999995,571.773809523809
1738807200,574.23,578.19,574.2,576.7,,,638.3475499999997,580.7203999999996,571.5390476190471
1738810800,576.7,578.38,575.39,576.34,,,637.8239499999996,580.0481999999996,571.3380952380946
1738814400,576.35,578.41,575.9,577.18,,,637.3010999999997,579.1889999999996,571.2447619047613
1738818000,577.19,578.54,576.01,576.87,,,636.7896999999997,578.3375999999996,571.1404761904756
1738821600,576.87,581.78,576.29,581.56,,,636.2646999999997,577.4809999999997,571.3266666666661
1738825200,581.56,581.61,578.29,578.89,,,635.7477999999996,576.7153999999997,571.491428571428
1738828800,578.89,579.66,576.71,577.78,,,635.2503499999997,575.9995999999996,571.7052380952375
1738832400,577.78,581.15,577.4,580.49,,,634.7572999999996,575.4481999999996,572.2685714285709
1738836000,580.49,581.19,577.97,580.15,,,634.2926499999995,574.9405999999996,572.6447619047614
1738839600,580.15,580.41,575.67,578.8,,,633.8242999999995,574.6089999999997,572.7814285714279
1738843200,578.8,588.06,576.67,583.87,,,633.3868999999995,574.6579999999997,573.0657142857137
1738846800,583.87,589.55,582.4,587.28,,,632.9659499999995,574.5569999999997,573.1976190476186
1738850400,587.27,588.2,580.17,580.18,,,632.5521999999994,574.7787999999997,573.4119047619043
1738854000,580.18,582.09,569.88,572.2,,,632.1407999999994,574.9507999999996,574.058571428571
1738857600,572.2,577.07,571.69,575.02,,,631.6993999999994,575.0239999999997,574.9395238095234
1738861200,575.02,579.81,572.3,575.76,,,631.2575999999995,575.0681999999996,575.7233333333328
1738864800,575.72,577.79,573.75,574.91,,,630.8110499999995,575.1427999999996,576.1580952380947
1738868400,574.86,579.84,572.78,574.94,,,630.3340999999995,574.9793999999997,576.3771428571423
1738872000,574.94,581.94,574.48,581.72,,,629.8719499999994,574.7749999999996,576.7185714285708
1738875600,581.69,582.01,575.97,580.49,,,629.4312999999994,574.5681999999996,576.9538095238089
1738879200,580.48,580.71,575.01,578.52,,,628.9435999999994,574.4259999999996,577.3138095238089
1738882800,578.52,578.7,570.9,571.77,,,628.4360999999993,574.2787999999996,577.8880952380946
1738886400,571.77,576.13,571.3,575.92,,,627.9584999999993,574.1153999999997,578.3504761904755
1738890000,575.92,582.01,575.83,580.23,,,627.4893999999993,574.0557999999996,578.5547619047613
1738893600,580.23,582.53,579.71,580.77,,,627.0131999999993,574.1421999999997,578.3199999999994
1738897200,580.77,582.28,578.26,579.72,,,626.5385999999994,574.2841999999996,578.2999999999994
1738900800,579.72,583.2,579.56,580.83,,,626.1147499999993,574.5147999999997,578.4452380952374
1738904400,580.84,581.58,578.77,580.18,,,625.6865499999994,574.6759999999997,578.6309523809517
1738908000,580.17,580.49,573.52,577.21,,,625.2603999999994,574.8147999999997,578.5433333333326
1738911600,577.21,582.53,577.18,581.67,,,624.7986499999995,574.9933999999997,578.6357142857136
1738915200,581.67,585.35,580.45,584.9,,,624.3643999999995,575.1995999999997,578.7499999999994
1738918800,584.9,587.77,584.23,587.71,,,623.9398999999995,575.3243999999996,578.5938095238089
1738922400,587.71,588.17,584.22,584.52,,,623.5048499999995,575.4279999999997,578.6661904761899
1738926000,584.52,585.67,583.46,584.36,,,623.0637999999994,575.4483999999997,578.956666666666
1738929600,584.35,585.51,582.62,584.89,,,622.6140499999993,575.5039999999997,579.1395238095231
1738933200,584.89,587.89,581.23,587.74,,,622.1607999999993,575.7533999999997,579.0080952380946
1738936800,587.74,589.91,585.34,589.09,,,621.6925999999993,576.0331999999997,579.2071428571422
1738940400,589.08,589.11,579.95,582.9,,,621.2633499999991,576.2759999999997,579.8114285714279
1738944000,582.9,585.36,580.05,581.08,,,620.8288499999992,576.5685999999997,580.4171428571422
1738947600,581.08,582.65,579.91,581.97,,,620.4050999999993,576.8465999999997,581.0519047619042
1738951200,581.97,586.56,581.75,584.63,,,619.9570499999992,577.1031999999997,581.4323809523803
1738954800,584.63,584.78,580.6,581.45,,,619.5024999999991,577.3945999999997,581.7247619047613
1738958400,581.44,581.56,571.15,571.42,,,619.0400499999992,577.5049999999997,581.736666666666
1738962000,571.42,576.18,571.42,573.82,,,618.5852499999992,577.6405999999997,581.9338095238088
1738965600,573.82,575.2,570.62,574.88,,,618.1442999999992,577.8741999999997,582.0733333333327
1738969200,574.88,578.74,574.09,577.74,,,617.6743499999992,578.1911999999996,582.056666666666
1738972800,577.74,580.34,576.95,579.03,,,617.1933999999992,578.5457999999996,581.956666666666
1738976400,579.03,579.24,574.68,574.71,,,616.7098499999992,578.7127999999997,581.7019047619042
1738980000,574.72,576.75,573.74,576.75,,,616.2396999999992,578.7807999999997,581.5576190476185
1738983600,576.75,577.99,575.85,576.96,,,615.7537499999992,578.9065999999996,581.5247619047614
1738987200,576.98,578.41,576.7,578.24,,,615.2196999999992,579.0619999999996,581.2333333333327
1738990800,578.24,579.09,576.57,578.6,,,614.6928499999991,579.2949999999996,581.0699999999994
1738994400,578.61,579.83,577.98,579.66,,,614.1566499999991,579.3959999999996,581.0580952380947
1738998000,579.66,580.91,576.83,579.97,,,613.6432999999992,579.5153999999997,580.8947619047614
1739001600,579.97,580.72,577.59,577.62,,,613.1301999999991,579.5699999999997,580.5947619047613
1739005200,577.62,579.29,577.62,579.28,,,612.6008499999991,579.6007999999997,580.211428571428
1739008800,579.28,581.5,579.28,580.9,,,612.079449999999,579.6459999999997,579.9947619047613
1739012400,580.9,582.89,580.58,582.8,,,611.5622999999991,579.6955999999997,579.6738095238089
1739016000,582.8,587.66,582.57,587.27,,,611.062399999999,579.7575999999997,579.4066666666661
1739019600,587.27,598.85,586.33,594.75,,,610.5608499999989,579.6787999999997,579.0809523809518
1739023200,594.76,606.56,594.4,603.17,,,610.0640999999989,579.6865999999997,578.7814285714279
1739026800,603.17,605.42,592.29,596.85,,,609.5764499999989,579.7489999999997,578.9895238095232
1739030400,596.85,615.26,596.25,612.02,,,609.0717499999989,579.7951999999996,579.6404761904755
1739034000,612.02,616.59,611.56,616.35,,,608.5772499999989,579.9375999999996,580.6499999999993
1739037600,616.37,627.03,615.69,626.7,,,608.093649999999,580.2565999999996,581.231904761904
1739041200,626.7,632.31,622.31,625.14,,,607.629199999999,580.6425999999996,582.6876190476183
1739044800,625.14,633.65,625.13,627.7,,,607.192499999999,580.8339999999996,584.827142857142
1739048400,627.7,627.95,620.99,621.14,,,606.774749999999,581.4707999999996,587.3452380952373
1739052000,621.14,621.46,616.19,616.56,,,606.3915999999989,582.3537999999996,589.7385714285707
1739055600,616.57,618.16,612.44,612.55,,,605.987849999999,583.3873999999996,592.1176190476183
1739059200,612.55,615.03,610.7,613.18,,,605.664099999999,584.3749999999995,594.1228571428563
1739062800,613.18,618.03,612.84,614.77,,,605.348249999999,585.4307999999996,596.1157142857135
1739066400,614.77,616.15,612.81,612.89,,,605.085999999999,586.3547999999996,597.8204761904753
1739070000,612.87,616.36,611.58,616.35,,,604.795549999999,587.0515999999996,599.5452380952372
1739073600,616.35,618.13,614.18,617.09,,,604.520099999999,587.6927999999995,601.2847619047611
1739077200,617.09,617.11,610.86,612.45,,,604.2097499999991,588.3859999999995,602.9176190476182
1739080800,612.45,616.65,611.89,616.21,,,603.876949999999,589.2459999999995,604.6647619047611
1739084400,616.22,638.41,614.35,637.42,,,603.495299999999,589.9853999999995,606.4323809523802
1739088000,637.45,648.2,634.65,647.67,,,603.128799999999,590.7077999999995,608.0909523809516
1739091600,647.66,647.92,635.69,637.3,,,602.783649999999,591.4341999999995,609.849523809523
1739095200,637.3,643.65,635.62,635.7,,,602.458349999999,592.0887999999994,612.5409523809516
1739098800,635.69,637.97,629.23,629.96,,,602.143599999999,592.7963999999995,615.6299999999992
1739102400,629.96,631.26,619.07,622.09,,,601.8392499999989,593.9411999999994,618.0123809523802
1739106000,622.09,624.71,618.94,622.76,,,601.5169499999989,595.3503999999995,619.9623809523803
1739109600,622.76,627.32,619.86,622.53,,,601.2146499999989,596.4629999999994,621.2380952380945
1739113200,622.54,626.03,622.45,624.45,,,601.014149999999,597.4789999999995,622.4399999999993
1739116800,624.46,628.33,622.75,626.12,,,600.8499499999989,598.3239999999994,622.9514285714278
1739120400,626.12,626.55,622.48,623.32,,,600.641349999999,599.0753999999994,623.2457142857135
1739124000,623.32,624.89,619.91,622.47,,,600.422349999999,599.8433999999994,623.1385714285706
1739127600,622.47,622.75,616.17,617.57,,,600.186949999999,600.5961999999994,623.1852380952373
1739131200,617.57,620.6,616.46,617.19,,,599.912349999999,601.3303999999994,622.9766666666658
1739134800,617.2,618.37,602.7,606.58,,,599.6394499999992,602.0709999999993,623.0399999999992
1739138400,606.59,618.03,603.1,613.85,,,599.3746499999992,602.8793999999994,623.0880952380944
1739142000,613.86,617.51,612.93,615.89,,,599.1272999999992,603.7071999999993,623.3090476190469
1739145600,615.89,622.32,614.93,618.8,,,598.894249999999,604.4191999999993,622.994761904761
1739149200,618.79,618.92,602.24,604.85,,,598.6674499999991,605.0703999999993,622.9509523809514
1739152800,604.86,606.05,596.48,598.48,,,598.4351999999991,605.5729999999992,623.0938095238087
1739156400,598.45,611.77,597.48,606.47,,,598.1664499999991,606.4215999999992,623.2104761904752
1739160000,606.47,610.05,605.31,606.76,,,597.8916499999992,607.2629999999994,622.627619047618
1739163600,606.7,612.91,605.26,608.35,,,597.5808999999991,608.1413999999993,621.96238095238
1739167200,608.35,609.49,605.45,608.11,,,597.3114999999992,608.6835999999993,621.4985714285705
1739170800,608.11,610.26,607.41,608.12,,,597.0513999999991,609.0725999999992,620.0385714285704
1739174400,608.12,610.34,603.32,604.84,,,596.8116499999993,609.7077999999992,618.1661904761895
1739178000,604.84,605.77,602.67,604.8,,,596.4946499999992,610.3079999999993,616.7761904761895
1739181600,604.8,607.29,603.73,605.88,,,596.1601499999992,610.9357999999992,615.4628571428561
1739185200,605.87,607.42,603.69,606.24,,,595.8871499999993,611.5331999999993,614.2666666666657
1739188800,606.24,608.41,603.62,605.91,,,595.6238999999994,612.1235999999992,613.4433333333324
1739192400,605.91,609.86,603.82,608.34,,,595.3751999999993,612.6271999999992,612.6395238095228
1739196000,608.33,608.6,601.98,602.73,,,595.1398499999992,613.1237999999993,611.8638095238084
1739199600,602.74,604.87,602.04,603.37,,,594.9166499999993,613.6889999999993,610.9809523809514
1739203200,603.37,615.37,603.13,610.95,,,594.6386999999994,614.2281999999992,610.1342857142847
1739206800,610.95,612.74,608.54,611.08,,,594.3546999999994,614.7283999999993,609.1538095238085
1739210400,611.07,613.28,609.16,611.99,,,594.1062499999994,615.2391999999993,608.2442857142847
1739214000,611.98,614.9,611.34,612.33,,,593.8889499999995,615.5483999999992,607.9290476190466
1739217600,612.33,612.68,610.13,612.34,,,593.6488499999995,615.7207999999993,607.6380952380943
1739221200,612.34,613.58,611.58,612.13,,,593.4012999999994,615.8763999999993,607.8957142857133
1739224800,612.13,614.93,610.94,614.79,,,593.1323499999994,616.1609999999993,607.8233333333324
1739228400,614.79,618.89,614.25,618.61,,,592.8833999999995,616.1603999999993,607.6542857142847
1739232000,618.61,626.71,618.61,621.46,,,592.6528999999995,616.0799999999992,607.3366666666657
1739235600,621.45,623.49,618.08,618.25,,,592.4243499999994,615.7927999999993,607.8099999999989
1739239200,618.24,619.38,615.27,616,,,592.2108999999995,615.5325999999992,608.7685714285703
1739242800,616,623.22,615.32,622.39,,,592.0385499999995,615.2743999999992,609.4823809523799
1739246400,622.39,644.73,620.55,637.23,,,591.8789499999996,615.2237999999992,610.0295238095227
1739250000,637.25,640.04,633.78,637.44,,,591.6929499999997,615.3217999999993,610.3938095238084
1739253600,637.49,641.3,636.38,638.02,,,591.5181999999996,615.4357999999992,611.0738095238084
1739257200,638.02,639.14,636.07,637.14,,,591.3838499999996,615.4921999999992,612.4599999999989
1739260800,637.14,644.07,637.14,641.33,,,591.3299499999997,615.6445999999992,614.01238095238
1739264400,641.33,644.64,637.92,639.91,,,591.3143499999996,616.1313999999992,615.5942857142848
1739268000,639.9,641.44,638.15,639.21,,,591.3191499999997,616.5531999999993,617.0828571428561
1739271600,639.21,645.88,637.86,643.66,,,591.3099499999996,616.9717999999992,618.7538095238085
1739275200,643.65,643.85,638.14,640.19,,,591.3889499999998,617.4655999999992,620.3728571428562
1739278800,640.19,642.6,630.21,630.72,,,591.4883499999997,617.9679999999993,621.8428571428561
1739282400,630.72,637.36,629.13,633.08,,,591.5895499999998,618.0177999999993,623.7919047619038
1739286000,633.07,639.33,632.46,637.8,,,591.6875499999998,617.8485999999992,625.5452380952371
1739289600,637.8,637.81,632.65,632.77,,,591.8748999999997,617.9757999999993,626.4866666666657
1739293200,632.77,633.27,628.5,633.26,,,592.3272499999998,618.0655999999992,627.5342857142847
1739296800,633.25,633.28,628.78,630.17,,,592.8153999999997,618.0807999999993,628.7633333333323
1739300400,630.18,632.71,626.01,628.43,,,593.2693499999998,618.3005999999991,629.7366666666657
1739304000,628.43,633.55,627.8,632.49,,,593.7587499999997,618.6013999999992,630.7328571428561
1739307600,632.5,640.53,630.87,640.01,,,594.0957499999998,618.8061999999992,631.5919047619037
1739311200,640.01,643.05,638.04,640.38,,,594.4364499999998,618.9823999999993,632.2414285714275
1739314800,640.39,646.8,639.78,642.24,,,594.7358499999998,619.0633999999992,632.90238095238
1739318400,642.24,647.21,640,642.21,,,595.0367999999999,619.1655999999992,633.7857142857132
1739322000,642.21,642.23,637.93,640.42,,,595.33745,619.3659999999992,634.8395238095228
1739325600,640.43,640.92,633.74,635.47,,,595.5804499999999,619.8147999999992,636.0890476190465
1739329200,635.46,636.16,631.45,631.87,,,595.8427499999999,620.2785999999992,637.0328571428561
1739332800,631.87,633.22,627.12,627.88,,,596.1443999999999,620.9917999999992,637.1847619047609
1739336400,627.87,631.29,627.21,630.8,,,596.4830999999998,621.5589999999992,637.0909523809513
1739340000,630.81,634.59,629.9,631,,,596.8016499999999,622.0495999999993,636.7980952380942
1739343600,631,639.36,630.52,637.09,,,597.06905,622.3829999999994,636.3571428571419
1739347200,637.09,644.08,636.67,642.93,,,597.32675,622.9233999999993,635.8557142857132
1739350800,642.92,647.39,641.01,646.99,,,597.5578999999999,623.5113999999993,635.4314285714275
1739354400,646.99,653.44,646.75,647.86,,,597.7415999999998,623.9979999999993,635.3304761904752
1739358000,647.86,650.02,645.36,646.22,,,597.8473499999999,624.4827999999993,635.2957142857133
1739361600,646.22,647.25,644.28,646.2,,,597.9817999999999,625.0575999999993,635.6195238095229
1739365200,646.2,651.77,633.51,643.12,,,598.0726999999999,625.7539999999993,636.4357142857133
1739368800,643.11,648.99,633.72,647.84,,,598.16095,626.5313999999993,637.0614285714275
1739372400,647.86,663.22,641.72,658.59,,,598.2610999999999,627.3917999999993,637.4614285714275
1739376000,658.58,673.44,655.12,672.29,,,598.4008499999999,628.2201999999993,637.9542857142848
1739379600,672.26,673.49,666.66,667.85,,,598.5751499999999,629.0265999999993,638.6485714285703
1739383200,667.85,688.79,667.85,688.75,,,598.7906999999999,629.7641999999993,640.0019047619038
1739386800,688.76,693,680.71,692.71,,,599.01055,630.6027999999993,642.0904761904752
1739390400,692.7,704.79,692.52,701.14,,,599.2508499999999,631.6077999999993,643.7742857142848
1739394000,701.16,702.39,693.86,697.33,,,599.58425,632.9989999999993,646.0952380952372
1739397600,697.32,705.16,696.48,701.01,,,599.9092999999999,634.2885999999994,648.5871428571419
1739401200,701.02,704.44,696.21,696.8,,,600.35525,635.8445999999993,651.3919047619037
1739404800,696.8,699.71,695.21,698.95,,,600.8589499999999,637.4771999999994,654.0166666666656
1739408400,698.95,720.16,696.97,715.39,,,601.3224999999999,639.2601999999993,656.9019047619038
1739412000,715.39,720.15,705.69,710.79,,,601.85795,640.9601999999993,659.82238095238
1739415600,710.77,724.87,709.26,717.25,,,602.40375,642.7335999999993,663.0166666666656
1739419200,717.25,720.63,701,706.05,,,602.9676999999999,644.4269999999993,667.1838095238085
1739422800,706.08,714.7,703.24,713,,,603.54225,646.1101999999993,670.9928571428561
1739426400,713,714.99,703.16,706.22,,,604.1205,648.0457999999993,675.099999999999
1739430000,706.22,709.77,703.13,705.86,,,604.6901499999999,649.8323999999992,678.3838095238085
1739433600,705.88,706.22,694.99,700.7,,,605.2735499999999,651.8123999999992,681.7204761904751
1739437200,700.7,707.48,699.48,707.02,,,605.93495,653.6133999999993,684.5409523809512
1739440800,707.02,711.29,705.59,709.45,,,606.5654,655.4255999999992,687.302857142856
1739444400,709.45,711.85,705.9,710.64,,,607.2707999999999,656.8053999999992,689.8971428571417
1739448000,710.66,710.87,701.8,702.66,,,607.9439499999999,658.1737999999991,692.7933333333322
1739451600,702.7,732.14,697.32,721.39,,,608.7077499999999,659.4273999999991,695.9519047619036
1739455200,721.44,721.44,685.74,699.5,,,609.3995499999999,660.8249999999991,698.9423809523798
1739458800,699.5,713.32,697.66,706.17,,,610.0623999999998,662.1873999999992,701.0409523809512
1739462400,706.19,707.91,666.09,669.68,,,610.7066999999998,663.6019999999993,703.3790476190464
1739466000,669.7,676.03,659.63,668.75,,,611.3947499999998,664.8709999999992,704.8861904761893
1739469600,668.76,673.12,667.01,672.37,,,612.0690499999998,666.4255999999991,705.7157142857131
1739473200,672.39,674.23,667.44,667.47,,,612.7472499999999,667.6117999999991,704.6190476190465
1739476800,667.46,672.73,667.46,672.41,,,613.3795999999999,669.1207999999991,703.0766666666655
1739480400,672.4,679.84,670.05,674.12,,,614.0920999999998,669.8527999999991,701.888095238094
1739484000,674.12,674.12,668.14,668.98,,,614.7274499999999,670.471799999999,700.2909523809512
1739487600,668.98,672.49,664.72,664.76,,,615.3896999999998,671.263799999999,699.1295238095227
1739491200,664.76,672.73,660.89,672.4,,,615.8761999999999,671.947999999999,697.9471428571418
1739494800,672.4,677.42,671.93,676.63,,,616.3712999999999,672.7927999999991,695.7371428571417
1739498400,676.66,682.21,675.8,678.66,,,616.8781999999999,673.7065999999991,693.545238095237
1739502000,678.66,684.17,676.06,683.11,,,617.3409999999999,674.436399999999,691.4095238095227
1739505600,683.11,684.83,679.52,680.05,,,617.8304499999999,674.931399999999,690.0085714285703
1739509200,680.05,684.35,674.59,674.8,,,618.3141499999998,675.571799999999,688.3733333333323
1739512800,674.8,675.36,667.91,670.3,,,618.7875499999998,676.2595999999991,687.2728571428562
1739516400,670.32,670.89,665.8,668.68,,,619.2598999999999,676.988599999999,686.0438095238085
1739520000,668.68,671.62,666.93,670.56,,,619.7779999999999,677.8423999999991,684.8104761904751
1739523600,670.56,675.31,668.29,672.73,,,620.3425499999998,678.733999999999,683.0619047619036
1739527200,672.75,678.86,668.21,669.4,,,620.9204999999998,679.592599999999,681.1204761904751
1739530800,669.4,670.25,662.07,664.24,,,621.4839499999999,680.440999999999,679.2119047619037
1739534400,664.24,667.6,662.41,666.93,,,622.0412499999999,681.198599999999,677.7866666666656
1739538000,666.87,668.77,664.58,665.17,,,622.5653999999998,681.9897999999989,675.3109523809513
1739541600,665.16,669.71,663.09,667.4,,,623.0799999999998,682.7025999999989,673.6319047619038
1739545200,667.4,668.1,660.47,665.16,,,623.5750999999999,683.231999999999,671.7633333333323
1739548800,665.18,670.73,662.18,670.59,,,624.0739999999998,683.576999999999,671.5485714285704
1739552400,670.59,673.83,668.14,671.38,,,624.5664999999998,683.958399999999,671.4842857142847
1739556000,671.37,672.01,666.51,667.87,,,625.0299999999997,684.337399999999,671.1409523809514
1739559600,667.88,670.62,666.57,669,,,625.4694999999998,684.761399999999,671.2895238095228
1739563200,669,670.04,661.42,662.17,,,625.9182499999997,685.202199999999,671.2404761904752
1739566800,662.16,663.99,659.13,662.8,,,626.3597499999997,685.657199999999,670.9428571428562
1739570400,662.79,663.15,652.03,653.28,,,626.7889499999998,685.912999999999,670.9438095238086
1739574000,653.28,659.9,653.02,659.79,,,627.2202999999997,685.824599999999,670.8204761904752
1739577600,659.75,659.79,653.64,655.51,,,627.6843499999999,685.847599999999,670.3633333333323
1739581200,655.51,661.09,655.31,660.91,,,628.1387999999998,685.315999999999,669.2514285714276
1739584800,660.9,663.92,659.76,663.3,,,628.5773999999998,684.7177999999991,668.3528571428562
1739588400,663.3,663.67,660.85,661.07,,,629.0283999999998,683.7605999999992,667.0385714285704
1739592000,661.05,661.09,656.89,657.77,,,629.4198999999999,683.0097999999989,666.127142857142
1739595600,657.77,661.9,656.99,660.4,,,629.7974999999999,682.0997999999989,665.5795238095228
1739599200,660.4,661.64,657.52,658.17,,,630.1629999999998,681.3819999999989,665.1399999999991
1739602800,658.17,658.61,655.76,657.57,,,630.6009499999999,680.6689999999991,664.6204761904753
1739606400,657.57,660.23,656.31,659.14,,,631.0033999999998,679.5825999999989,664.1366666666657
1739610000,659.14,659.74,655.69,657.18,,,631.4291499999998,678.522199999999,663.4433333333325
1739613600,657.18,658.63,654.91,657.67,,,631.8710999999998,677.3851999999989,662.8799999999991
1739617200,657.67,659.65,653.92,658.49,,,632.3017499999999,676.427599999999,662.637142857142
1739620800,658.49,660.86,657.35,659.68,,,632.6819999999999,675.3189999999989,662.1728571428563
1739624400,659.68,662.65,659.67,660.39,,,633.0815499999999,674.3773999999989,661.8157142857134
1739628000,660.39,662.9,656.99,661.93,,,633.4797999999998,673.4037999999989,661.3914285714277
1739631600,661.93,666.38,661.3,666.28,,,633.9087999999999,672.5431999999989,661.1304761904752
1739635200,666.28,671.35,664.82,667.61,,,634.3249,671.5725999999989,660.6447619047609
1739638800,667.61,669.67,662.77,666.65,,,634.7096499999999,670.577199999999,660.194761904761
1739642400,666.65,668.9,665.63,665.66,,,635.0941499999999,669.572199999999,660.1190476190467
1739646000,665.66,666.33,661.65,661.81,,,635.4879999999998,668.7575999999989,660.0528571428562
1739649600,661.82,664.05,657.25,659.4,,,635.8822499999999,667.655399999999,660.2661904761895
1739653200,659.4,663.06,658.46,663.06,,,636.2832999999998,667.0175999999989,660.40238095238
1739656800,663.05,664.03,660.37,661.81,,,636.7068999999998,666.227199999999,660.8085714285704
1739660400,661.81,663.39,660.04,662.29,,,637.1299499999998,666.146799999999,660.789999999999
1739664000,662.29,665.75,660.27,663.97,,,637.5434999999998,666.0079999999989,661.1495238095229
1739667600,663.96,665.19,660.82,662.34,,,637.9381999999998,665.748599999999,661.1923809523801
1739671200,662.34,663.94,657.08,658.42,,,638.3438999999997,665.660399999999,661.1442857142847
1739674800,658.42,660.09,656.05,660.05,,,638.7311499999998,665.448399999999,661.28238095238
1739678400,660.05,662.29,659.42,661.45,,,639.1036999999998,665.2117999999989,661.499999999999
1739682000,661.45,662.01,658.47,660.59,,,639.4802999999997,665.111599999999,661.4057142857133
1739685600,660.59,660.63,657.25,658.37,,,639.8438999999998,665.063199999999,661.4952380952371
1739689200,658.37,658.37,654.23,654.68,,,640.2408499999998,664.7835999999992,661.679999999999
1739692800,654.68,656.56,653.6,655.79,,,640.6552999999999,664.451999999999,661.7490476190467
1739696400,655.79,658.24,653.72,657.21,,,641.0571499999999,664.107799999999,661.8057142857133
1739700000,657.21,670.83,656.65,667.72,,,641.4260999999998,663.657399999999,661.6633333333323
1739703600,667.72,669.43,665.37,669.37,,,641.8190999999998,663.2237999999991,661.5347619047609
1739707200,669.37,669.72,667.1,667.54,,,642.2692499999998,662.8213999999991,661.4171428571417
1739710800,667.6,668.18,663.06,665.03,,,642.7030999999998,662.5311999999991,661.7661904761893
1739714400,665.03,679.27,662.7,674.61,,,643.1205499999999,662.301799999999,662.1204761904751
1739718000,674.6,685.69,673.19,681.42,,,643.5052499999998,662.244999999999,662.1804761904751
1739721600,681.42,681.42,674.35,675.34,,,643.8890499999999,662.1777999999991,662.057619047618
1739725200,675.34,678.51,672.47,675.01,,,644.3015499999998,662.1405999999992,662.4366666666656
1739728800,675.01,675.84,672.29,674.22,,,644.7563999999999,662.1563999999992,663.1871428571418
1739732400,674.24,677.49,670.17,676.1,,,645.2184499999998,662.3099999999991,663.8314285714275
1739736000,676.1,680.87,675.87,678.15,,,645.6649499999999,662.634999999999,664.5747619047609
1739739600,678.15,680.88,673.97,679.42,,,646.0970999999998,662.793799999999,665.1061904761893
1739743200,679.41,680.69,676.04,678.98,,,646.5718499999998,662.990799999999,665.7866666666656
1739746800,678.98,679.1,673.25,673.26,,,647.0790999999998,663.0633999999991,666.5419047619037
1739750400,673.26,677.92,673.12,674.38,,,647.5676999999998,663.1577999999992,667.2776190476179
1739754000,674.37,674.97,671.78,672.31,,,648.0463499999998,663.363399999999,668.0699999999988
1739757600,672.25,673.78,669.22,670.35,,,648.5129499999998,663.571799999999,668.7766666666656
1739761200,670.35,673.71,669.65,672.59,,,648.9794499999998,663.9079999999991,669.4590476190466
1739764800,672.59,672.61,668.32,669.65,,,649.4338499999998,664.1171999999991,669.9761904761895
1739768400,669.65,676.65,665.92,675.19,,,649.8571999999998,664.5391999999991,670.4409523809513
1739772000,675.18,677.53,671.58,674.39,,,650.2362499999998,664.7895999999992,671.1180952380942
1739775600,674.39,674.89,669.2,670.23,,,650.6182999999999,665.0863999999992,671.8309523809514
1739779200,670.23,671.3,666.34,671.29,,,650.9300999999999,665.3199999999993,672.7547619047608
1739782800,671.29,672.6,669.64,670.45,,,651.2098999999998,665.4469999999992,673.572857142856
1739786400,670.44,673.63,666.04,666.56,,,651.4281499999998,665.7293999999991,673.6923809523798
1739790000,666.57,673.99,666.11,673.06,,,651.6653999999999,666.0617999999992,673.7838095238085
1739793600,673.06,675.03,671.36,674.41,,,651.8751499999998,666.2583999999993,673.92238095238
1739797200,674.41,677.17,673.45,675.43,,,652.1453999999999,666.5207999999993,673.995238095237
1739800800,675.46,682.16,675.46,680.22,,,652.4345499999998,666.7783999999992,673.9214285714276
1739804400,680.22,682.03,668.74,670.36,,,652.7229499999999,666.9267999999992,673.587619047618
1739808000,670.37,673.28,666.27,668.85,,,653.0134999999998,667.2443999999992,673.5919047619037
1739811600,668.85,671.52,663.98,663.99,,,653.2918999999998,667.5791999999992,673.839999999999
1739815200,663.99,665.6,659.26,659.95,,,653.5602499999999,667.9179999999993,673.6561904761895
1739818800,659.95,663.35,658.1,662.74,,,653.8437999999999,668.3287999999993,673.3109523809514
1739822400,662.74,670.36,662.32,669.07,,,654.1303999999999,668.5281999999993,672.6366666666656
1739826000,669.06,670.87,667.93,670.84,,,654.4452999999999,668.6665999999994,671.7095238095228
1739829600,670.82,670.9,665.94,666.57,,,654.7653499999999,668.6207999999995,670.9361904761894
1739833200,666.57,669,666.2,667.55,,,654.9300499999999,668.4675999999994,670.7366666666655
1739836800,667.54,668.19,662.48,663,,,655.03595,668.3893999999995,670.5680952380942
1739840400,663,666.27,662.7,665.6,,,655.1693999999999,668.4575999999995,670.2947619047609
1739844000,665.6,666.41,663.35,665.63,,,655.2906499999999,668.6381999999995,670.1614285714275
1739847600,665.63,666.24,663.63,665.61,,,655.4545499999999,668.7815999999995,669.7047619047609
1739851200,665.62,666.38,660.22,661,,,655.68945,668.8713999999994,669.5119047619037
1739854800,661,661.2,654.9,655.34,,,655.9298499999999,668.8951999999995,669.0566666666656
1739858400,655.34,655.65,645.75,645.78,,,656.1500499999999,668.9613999999995,668.6385714285703
1739862000,645.8,652.35,644.71,651.55,,,656.3655499999998,668.9945999999995,668.1990476190465
1739865600,651.56,651.56,643.57,644.69,,,656.5499499999999,669.0599999999994,667.4395238095227
1739869200,644.69,654.81,642.99,654.79,,,656.7613499999998,669.1115999999995,666.2647619047608
1739872800,654.79,655.75,649.94,653.53,,,656.9771499999998,669.0173999999995,665.5499999999989
1739876400,653.53,656.43,653.01,655.52,,,657.2173499999999,668.7039999999995,664.1990476190465
1739880000,655.52,662.49,654.88,661.08,,,657.4363999999998,668.5231999999993,663.2647619047608
1739883600,661.09,661.51,656.61,660.02,,,657.6801999999998,668.2495999999993,662.2219047619036
1739887200,660.02,661.26,651.82,653.23,,,657.8398499999998,668.2517999999993,661.0457142857131
1739890800,653.23,654.51,646.57,648.29,,,658.0181499999998,668.2065999999993,660.6038095238084
1739894400,648.27,651.8,632.92,633.56,,,658.1475999999998,668.1727999999994,660.1833333333323
1739898000,633.6,636.38,630.27,635.11,,,658.3972999999999,668.0399999999994,659.6709523809512
1739901600,635.1,641.85,633.15,640.24,,,658.6725499999998,667.8529999999993,659.1157142857132
1739905200,640.26,643.87,638.41,640.81,,,658.9177999999997,667.5667999999994,657.7261904761895
1739908800,640.81,642.57,639.26,641.37,,,659.1893999999998,667.2319999999994,656.1090476190466
1739912400,641.37,645.82,640.86,643.3,,,659.4477499999998,666.4109999999995,654.6519047619037
1739916000,643.29,646.98,642.17,644.05,,,659.6733499999998,665.4847999999994,653.425238095237
1739919600,644.02,648.16,643.37,648.06,,,659.8741999999997,664.7827999999994,652.1785714285703
1739923200,648.12,648.14,645.34,645.91,,,660.0177999999997,664.0987999999993,651.2404761904751
1739926800,645.91,646.03,637.26,639.94,,,660.1693499999997,663.4417999999994,650.2142857142845
1739930400,639.95,648.02,639.93,647.34,,,660.3411499999997,662.7857999999994,649.3776190476178
1739934000,647.33,649.93,645.25,649.41,,,660.5139999999997,662.1037999999993,648.4395238095226
1739937600,649.41,650.54,646.15,646.15,,,660.6912999999997,661.4765999999993,647.4366666666655
1739941200,646.17,653.52,645.73,652.29,,,660.8660999999997,660.8151999999994,647.0557142857131
1739944800,652.28,656.01,651.52,654.08,,,661.0726999999997,660.1487999999995,647.2285714285701
1739948400,654.07,656.54,653.7,654.58,,,661.2961499999998,659.6079999999995,646.9714285714274
1739952000,654.58,658.85,651.21,651.56,,,661.4709499999997,659.1499999999994,647.3333333333321
1739955600,651.56,654.2,648.62,653.41,,,661.6152499999996,658.6659999999995,647.2995238095226
1739959200,653.41,657.74,653.35,656.71,,,661.7919999999997,658.2599999999994,647.3495238095226
1739962800,656.71,659.85,655.89,658.84,,,661.9773999999998,657.9485999999994,647.1609523809512
1739966400,658.84,658.97,652.93,652.95,,,662.1464499999997,657.5363999999994,646.7957142857131
1739970000,652.95,663.62,652.84,657.96,,,662.3472499999998,657.0797999999994,646.6380952380941
1739973600,657.96,659.03,649.09,649.38,,,662.5436999999997,656.7433999999994,646.9052380952369
1739977200,649.38,654.6,648.64,652.15,,,662.7235499999997,656.4517999999994,647.1271428571416
1739980800,652.17,656.43,648.95,655.53,,,662.8740499999997,656.2195999999993,648.2890476190465
1739984400,655.53,657.07,653.31,655.25,,,663.0498499999995,655.9473999999993,648.9685714285703
1739988000,655.25,656.2,647.8,649.28,,,663.2533999999997,655.6453999999993,649.5357142857131
1739991600,649.28,652.94,648.16,650.6,,,663.4356499999996,655.1447999999993,650.2366666666655
1739995200,650.6,652.51,649.09,649.67,,,663.5142499999997,654.6791999999994,650.8976190476178
1739998800,649.67,653.57,649.14,650.4,,,663.6168499999997,654.1853999999994,651.1823809523797
1740002400,650.4,654.98,649.91,650.94,,,663.6736499999997,653.8831999999994,651.4942857142845
1740006000,650.97,653.64,648.69,653.18,,,663.7486999999996,653.4917999999994,651.5709523809512
1740009600,653.21,655.04,649.87,652.27,,,663.8196999999997,653.2239999999995,651.7847619047607
1740013200,652.27,654.75,649.39,649.75,,,663.8963999999997,653.0183999999994,652.3085714285702
1740016800,649.75,653.57,648.53,653.06,,,663.9467499999997,652.7715999999995,652.5866666666655
1740020400,653.09,654.31,651.17,653.69,,,663.9814499999998,652.4089999999994,652.7228571428559
1740024000,653.69,655.18,650.36,651.22,,,664.0288499999997,652.0557999999994,652.8942857142845
1740027600,651.25,651.87,648.82,649.09,,,664.1272499999998,651.7697999999995,652.9309523809511
1740031200,649.08,649.14,646.52,647.7,,,664.2165499999996,651.4137999999994,652.9123809523797
1740034800,647.7,650.4,646.68,648.84,,,664.2934499999997,651.2149999999995,652.7523809523797
1740038400,648.84,649.85,647.08,649.06,,,664.3909499999997,650.9767999999995,652.6347619047607
1740042000,649.06,649.24,647.67,648.72,,,664.4733999999999,650.6885999999994,652.3628571428559
1740045600,648.71,650.91,647.58,650.66,,,664.5878499999998,650.3581999999993,651.988095238094
1740049200,650.68,651.02,648.19,648.24,,,664.7141499999998,650.0921999999993,651.5223809523798
1740052800,648.23,650.39,646.03,646.66,,,664.8077999999998,649.9621999999993,651.3209523809511
1740056400,646.66,650.59,646.63,650.43,,,664.8531999999998,650.0277999999992,650.9733333333321
1740060000,650.43,654.21,647.35,648.16,,,664.8897999999998,649.9711999999992,650.9190476190464
1740063600,648.16,650.5,647.27,647.87,,,664.9227999999998,650.0905999999992,650.6576190476177
1740067200,647.9,651.29,647.63,648.76,,,664.9570499999999,649.9595999999991,650.4147619047607
1740070800,648.75,654.62,648.75,654.5,,,664.9985499999998,649.8221999999992,650.0771428571416
1740074400,654.5,656.2,653.77,655.5,,,665.0744999999998,649.7203999999991,650.0099999999987
1740078000,655.48,657.72,654.7,656.43,,,665.1563499999997,649.4619999999992,649.9223809523797
1740081600,656.43,658.37,654.7,655.09,,,665.2502499999998,649.2189999999991,650.1523809523796
1740085200,655.09,656.43,654.19,654.79,,,665.3483999999999,649.1295999999991,650.3952380952369
1740088800,654.78,659.03,653.64,656.62,,,665.4341999999998,649.2537999999992,650.6566666666653
1740092400,656.62,658.83,656.23,656.26,,,665.4880999999998,649.6925999999992,650.7476190476177
1740096000,656.26,657.58,652.62,653.44,,,665.5172499999998,650.1189999999991,650.8676190476177
1740099600,653.44,654.32,651.4,652.87,,,665.5547999999998,650.4159999999991,651.1947619047606
1740103200,652.87,653.46,651.18,652.04,,,665.5929999999998,650.695599999999,651.3471428571415
1740106800,652.04,653.66,651.51,651.51,,,665.6440499999999,651.000599999999,651.3352380952367
1740110400,651.51,652.66,650.65,652.16,,,665.6884999999999,651.2597999999991,651.4138095238083
1740114000,652.16,652.91,651.47,651.54,,,665.7468499999999,651.447599999999,651.5542857142843
1740117600,651.54,654.14,651.3,653.76,,,665.7907499999998,651.5437999999991,651.7357142857129
1740121200,653.75,655.79,653.21,655.79,,,665.7790999999999,651.666399999999,651.8938095238083
1740124800,655.79,657.1,655.17,655.94,,,665.6848499999999,651.897799999999,652.0119047619035
1740128400,655.93,661.36,655.93,659.72,,,665.6099499999998,651.9941999999991,652.2519047619035
1740132000,659.69,665.18,659.58,663.2,,,665.4263999999998,652.0367999999991,652.4961904761892
1740135600,663.22,663.5,660.71,662.06,,,665.2203999999998,652.188999999999,652.8628571428559
1740139200,662.11,664.37,661.11,664.37,,,664.9754999999998,652.2589999999991,653.4847619047606
1740142800,664.37,667.38,664.3,666.87,,,664.7465499999997,652.2961999999991,654.0928571428559
1740146400,666.87,668.36,662.56,664.56,,,664.5102999999997,652.3989999999991,654.7547619047606
1740150000,664.55,668.17,649.53,657.81,,,664.3052499999998,652.6317999999991,655.5404761904749
1740153600,657.8,662.36,655.67,656.26,,,664.0901999999998,652.8047999999991,656.4028571428559
1740157200,656.25,657.47,644.08,646.33,,,663.8118499999997,652.9579999999992,656.8819047619035
1740160800,646.36,649.75,645.02,647.34,,,663.5738999999998,653.1185999999991,656.9919047619035
1740164400,647.39,647.4,635.19,639.51,,,663.2979499999997,653.350799999999,656.9838095238083
1740168000,639.51,643.78,639.26,642.51,,,663.0895499999997,653.3477999999991,656.5666666666654
1740171600,642.46,645.06,641.29,644.72,,,662.8588999999997,653.4853999999991,656.2119047619035
1740175200,644.72,646.58,643.72,645.12,,,662.6505999999997,653.3689999999991,655.3971428571416
1740178800,645.11,647.54,643.14,647.51,,,662.4103499999997,653.2051999999991,654.7423809523797
1740182400,647.51,649.17,644.86,648.67,,,662.1881499999996,652.8903999999991,654.3271428571416
1740186000,648.67,650.93,648.27,649.96,,,661.8846999999997,652.7549999999991,653.958095238094
1740189600,649.96,651.23,647.93,649.86,,,661.5741499999997,652.6373999999992,653.7423809523798
1740193200,649.86,650.31,648.16,649.84,,,661.2184999999996,652.5463999999992,653.6071428571418
1740196800,649.84,654.82,649.3,654.81,,,660.9177499999996,652.4885999999991,653.5023809523798
1740200400,654.8,659.64,653.87,657.11,,,660.5343999999996,652.4431999999991,653.4223809523799
1740204000,657.1,657.37,655.13,655.13,,,660.2624999999997,652.3787999999992,653.2357142857131
1740207600,655.16,657.19,654.02,654.43,,,659.9691999999997,652.3305999999992,653.1890476190465
1740211200,654.43,657.06,653,656.56,,,659.8641499999997,652.3323999999992,653.2447619047607
1740214800,656.56,658.29,655.53,657.23,,,659.7701999999996,652.3673999999993,653.0261904761893
1740218400,657.23,658.37,655.65,655.95,,,659.6576499999996,652.4357999999992,652.6085714285703
1740222000,655.95,656.72,655.43,655.76,,,659.5694999999997,652.5139999999991,652.3466666666654
1740225600,655.76,656.91,655.07,656.45,,,659.4814999999996,652.6207999999991,652.0066666666655
1740229200,656.45,657.46,654.14,654.14,,,659.3964499999996,652.7979999999992,651.4866666666655
1740232800,654.14,656.01,654.11,654.84,,,659.3271999999996,652.9657999999991,651.0676190476179
1740236400,654.84,658.97,654.84,657.97,,,659.2755499999996,653.1035999999991,651.002857142856
1740240000,657.96,661.57,657.96,658.43,,,659.1963499999995,653.2443999999991,650.9019047619037
1740243600,658.43,675.36,658.09,669.13,,,659.0993499999995,653.3601999999992,651.3071428571417
1740247200,669.12,674.95,663.68,674.56,,,658.9857999999996,653.4781999999992,651.8133333333323
1740250800,674.56,679.43,669.82,675.32,,,658.8490499999996,653.6417999999992,652.7142857142845
1740254400,675.32,677.92,668.39,669.56,,,658.7310499999996,653.7925999999992,653.9819047619035
1740258000,669.56,670.87,667.58,669.26,,,658.6277499999995,653.9979999999993,655.4028571428559
1740261600,669.26,670.95,667.56,670.9,,,658.5504499999995,654.4231999999992,656.8409523809512
1740265200,670.9,671.22,667.18,668.17,,,658.4968999999996,654.9391999999992,657.8909523809511
1740268800,668.17,671.2,667.7,668.72,,,658.4362499999995,655.3555999999993,658.8714285714274
1740272400,668.72,668.79,665.99,668.4,,,658.4182499999995,655.6367999999993,659.8685714285702
1740276000,668.39,669.94,667.39,667.86,,,658.4440499999996,655.8933999999992,660.7404761904751
1740279600,667.86,669.05,665.75,666.04,,,658.4994499999997,656.2095999999993,661.6395238095226
1740283200,666.04,667.11,664.58,666.8,,,658.5125999999997,656.4771999999992,662.2866666666656
1740286800,666.79,668.33,665.96,667.33,,,658.5330499999997,656.7191999999992,662.7985714285704
1740290400,667.33,667.73,665.83,665.93,,,658.5505499999995,656.9619999999992,663.3180952380941
1740294000,665.92,668.66,664.71,666.96,,,658.5655999999996,657.2503999999992,663.9071428571418
1740297600,666.96,667.33,663.83,664.39,,,658.5562499999995,657.5137999999993,664.4199999999989
1740301200,664.39,664.6,661.44,661.56,,,658.5413499999995,657.8089999999994,664.8342857142846
1740304800,661.55,662.61,660.57,661.68,,,658.5412999999994,658.1253999999993,665.3585714285704
1740308400,661.68,662.56,659.35,659.39,,,658.5264999999995,658.4007999999993,665.7695238095226
1740312000,659.39,659.39,654.95,655.65,,,658.5496499999995,658.7091999999994,666.0128571428561
1740315600,655.65,658.45,655.37,655.65,,,658.5722999999995,658.9217999999994,666.3719047619036
1740319200,655.65,656.48,652.59,653.2,,,658.6355499999995,659.0371999999994,666.5885714285703
1740322800,653.2,654.26,648.72,648.89,,,658.6713999999994,659.1519999999994,666.478095238094
1740326400,648.89,651.94,648.69,650.51,,,658.7157999999995,659.1453999999993,666.345714285713
1740330000,650.51,654.58,650.43,653.09,,,658.7190499999994,658.9943999999995,665.5871428571418
1740333600,653.09,654.51,651.96,653.3,,,658.7109499999995,658.8661999999994,664.3647619047608
1740337200,653.3,654.84,652.45,654.43,,,658.7025499999993,658.6427999999994,663.1833333333321
1740340800,654.42,654.9,652.54,653.32,,,658.6919499999993,658.2831999999994,662.3990476190464
1740344400,653.37,655.01,653.03,654.97,,,658.6681999999994,658.0021999999994,661.6390476190466
1740348000,654.97,656.13,653.83,655.02,,,658.6433499999994,657.9077999999994,660.8547619047607
1740351600,655.02,659.07,654.94,658.23,,,658.5999499999994,657.8485999999995,660.1476190476178
1740355200,658.23,659.34,654.33,654.34,,,658.5567999999994,658.0105999999994,659.492857142856
1740358800,654.34,656.27,650.54,651.09,,,658.5363499999994,658.1301999999995,658.855714285713
1740362400,651.07,652.94,649.7,650.15,,,658.5144999999994,658.4393999999994,658.3971428571416
1740366000,650.16,650.16,643.54,645.1,,,658.4941999999994,658.6895999999995,657.8399999999989
1740369600,645.1,645.19,637.44,640.69,,,658.4623999999994,658.9597999999994,657.0919047619036
1740373200,640.68,646.55,638.82,645.74,,,658.4352999999994,659.1441999999994,656.2738095238084
1740376800,645.77,645.93,642.94,643.24,,,658.4007499999993,659.2157999999995,655.2819047619037
1740380400,643.21,645.29,643.16,644.43,,,658.3604999999994,659.2453999999994,654.0309523809512
1740384000,644.43,644.6,637.56,639.07,,,658.2941499999994,659.1481999999995,653.142857142856
1740387600,639.07,644.97,638.74,642.91,,,658.2163499999995,658.9647999999995,652.270476190475
1740391200,642.91,644.02,636.02,638.75,,,658.1387999999995,658.8827999999995,651.4490476190465
1740394800,638.75,641.35,637.16,640.11,,,658.0552499999995,658.6513999999995,650.4814285714274
1740398400,640.1,640.8,637.69,639.63,,,657.9616999999995,658.3977999999995,649.8747619047607
1740402000,639.63,643.9,637.27,641.32,,,657.8750999999995,658.0765999999994,649.0699999999988
1740405600,641.32,642.8,633.42,634.21,,,657.7822499999995,657.8461999999995,648.4466666666655
1740409200,634.21,638.23,630.79,635.38,,,657.6929499999995,657.4899999999994,648.0057142857131
1740412800,635.38,638.38,633.74,635.97,,,657.5684499999994,657.1475999999996,647.5680952380941
1740416400,635.97,639.67,635.8,636.5,,,657.4712999999995,656.8211999999995,646.6690476190464
1740420000,636.5,637.36,633.1,633.11,,,657.3729499999995,656.5323999999995,645.8157142857132
1740423600,633.09,634.41,623.12,628.42,,,657.2732499999995,656.0875999999995,644.9366666666655
1740427200,628.42,634.26,627.7,631.42,,,657.1641499999995,655.7123999999994,644.1357142857131
1740430800,631.42,634.77,629.35,630.19,,,657.0677999999994,655.3349999999995,643.0947619047607
1740434400,630.19,630.19,610.96,612.82,,,656.9469999999994,654.9055999999996,641.8280952380941
1740438000,612.82,622.2,610.98,614.2,,,656.8504999999994,654.3991999999995,640.5514285714274
1740441600,614.2,621.26,607.12,614.31,,,656.7513999999994,653.5849999999995,639.4014285714275
1740445200,614.31,616.74,606.96,609.97,,,656.6478499999995,652.7221999999995,637.5790476190465
1740448800,609.97,616.22,604.57,615.03,,,656.4747999999994,651.8195999999996,635.8671428571417
1740452400,615.03,615.76,605.86,606.97,,,656.2700499999995,650.6847999999995,634.4009523809514
1740456000,606.97,609.52,601.71,604.84,,,656.0894499999995,649.5835999999995,632.9380952380941
1740459600,604.85,612.55,603.07,611.75,,,655.9152499999993,648.4517999999996,631.4757142857133
1740463200,611.71,612.91,604.62,604.63,,,655.6062999999994,647.2877999999996,629.7485714285704
1740466800,604.62,605.32,586.3,599.54,,,655.2701999999994,646.2139999999996,627.8633333333322
1740470400,599.53,607.78,597.96,606.6,,,654.9650499999993,644.9853999999997,626.5623809523798
1740474000,606.6,612.1,602.66,603.38,,,654.6398499999993,643.7249999999997,624.7395238095227
1740477600,603.38,607.39,594.7,606.37,,,654.3438999999994,642.6391999999997,622.8723809523798
1740481200,606.37,611.92,599.96,610.98,,,653.9982499999993,641.3957999999998,621.2766666666656
1740484800,610.98,615.45,609.31,615.45,,,653.6316999999995,640.0399999999997,619.5504761904751
1740488400,615.44,616.54,610.94,611.91,,,653.2933499999994,638.8533999999996,617.8861904761894
1740492000,611.91,614.89,604.62,605.33,,,652.9215999999993,637.5817999999997,616.7799999999988
1740495600,605.33,612.71,600.95,608.98,,,652.5529999999994,636.4213999999997,615.8309523809512
1740499200,608.98,614.91,604.64,612.9,,,652.2140999999993,635.4097999999997,614.685238095237
1740502800,612.88,616.16,611.01,614.2,,,651.8694499999995,634.4851999999996,613.2009523809512
1740506400,614.2,617.08,610.43,612.69,,,651.5495499999994,633.5355999999996,612.0519047619035
1740510000,612.69,619.78,609.52,619.23,,,651.2414999999994,632.5291999999996,611.3128571428559
1740513600,619.23,624.62,617.67,622.8,,,650.9704999999993,631.5957999999996,610.492857142856
1740517200,622.8,624.77,619.72,624.71,,,650.6540999999994,630.7897999999997,609.6595238095226
1740520800,624.7,627.7,622.11,625.58,,,650.3087999999993,630.0959999999997,609.9647619047607
1740524400,625.58,627.9,622.85,623.25,,,650.0025499999994,629.3395999999997,610.3742857142845
1740528000,623.25,625.57,622.19,624.11,,,649.7105999999993,628.6623999999997,610.8695238095227
1740531600,624.11,628.04,624.09,626.85,,,649.4293499999993,628.0523999999997,611.612857142856
1740535200,626.83,628.84,624.74,628.59,,,649.1599999999994,627.4579999999997,612.0042857142845
1740538800,628.59,631.13,628.36,629.65,,,648.8908499999993,626.9031999999997,612.820476190475
1740542400,629.65,630.28,624.95,625.02,,,648.6327999999993,626.2687999999997,613.8685714285702
1740546000,625.02,626.03,620.97,621,,,648.3791999999993,625.6505999999997,614.670476190475
1740549600,621.02,622.45,620.46,622.45,,,648.1059999999993,625.0229999999997,615.8619047619037
1740553200,622.45,623.94,620.81,622.85,,,647.8704499999993,624.5079999999997,617.0752380952371
1740556800,622.85,625.05,619.18,624.42,,,647.6467499999993,624.0791999999997,617.7609523809513
1740560400,624.42,630.1,623.95,628.81,,,647.4610499999993,623.5765999999998,618.6690476190465
1740564000,628.83,628.83,625.68,627.55,,,647.3042499999993,623.0945999999997,619.4538095238084
1740567600,627.55,627.83,623.65,623.79,,,647.1387999999993,622.7297999999997,620.0938095238084
1740571200,623.81,625.46,617.08,618.89,,,646.9185499999993,622.2719999999997,620.7299999999989
1740574800,618.89,619.76,615.54,616.19,,,646.6693499999993,621.8955999999996,621.4747619047608
1740578400,616.21,618.45,608.55,618.44,,,646.4487499999993,621.5831999999996,622.3538095238084
1740582000,618.44,623.59,618.42,622.97,,,646.2252499999993,621.3527999999997,622.8257142857133
1740585600,622.93,624.26,615.57,618.28,,,646.0323499999993,620.9703999999997,622.9823809523799
1740589200,618.28,619.3,608.18,609.08,,,645.8483999999993,620.5731999999996,623.1842857142847
1740592800,609.06,611.28,595.13,597.69,,,645.6579999999993,620.0947999999996,623.6738095238085
1740596400,597.68,603.98,595.73,601.11,,,645.4488999999993,619.6709999999997,623.6285714285705
1740600000,601.11,611.23,593.57,609.38,,,645.2383499999993,619.3039999999996,622.975238095237
1740603600,609.37,611.74,603.76,610.17,,,645.0425999999993,618.9853999999997,621.6885714285703
1740607200,610.22,617.22,610.2,614.07,,,644.9058999999993,618.4593999999996,620.5233333333323
1740610800,614.11,616.38,610.17,610.77,,,644.7629999999994,617.6937999999996,619.862857142856
1740614400,610.75,611.1,605.27,608.35,,,644.6309499999993,616.9859999999996,619.1990476190465
1740618000,608.35,615.24,605.68,612.27,,,644.4023999999993,616.5113999999996,618.5904761904751
1740621600,612.28,614.31,607.93,608.66,,,644.1231999999993,616.1463999999996,617.7419047619036
1740625200,608.66,613.55,608.24,612.4,,,643.8511499999993,615.7993999999997,616.7276190476178
1740628800,612.41,614.16,607.89,611.36,,,643.5926499999994,615.4109999999996,616.120476190475
1740632400,611.36,615.29,609.96,614.38,,,643.3433999999993,615.3215999999996,615.532857142856
1740636000,614.38,617.5,612.99,617.12,,,643.1475999999993,615.2829999999996,615.0542857142846
1740639600,617.12,618.67,615.45,616.9,,,642.9599999999994,615.1699999999996,614.5071428571417
1740643200,616.9,617.42,614.21,614.24,,,642.8339499999993,615.2185999999996,614.0290476190464
1740646800,614.24,616.38,612.5,613,,,642.7197499999993,615.1451999999996,613.4723809523798
1740650400,613,615.35,612.39,613.98,,,642.5618499999993,615.2933999999996,612.9652380952369
1740654000,613.98,614.19,610.05,611.04,,,642.4197999999992,615.5389999999995,612.5104761904751
1740657600,611.04,611.7,608.53,609.84,,,642.2697499999991,615.6419999999996,612.2299999999989
1740661200,609.84,611.81,607.97,609.19,,,642.1251499999992,615.8341999999997,612.1247619047607
1740664800,609.19,610.95,602.31,602.31,,,641.9904999999992,616.1033999999996,611.7723809523798
1740668400,602.35,606.75,600.45,605.74,,,641.8346999999993,616.2509999999996,611.1471428571417
1740672000,605.72,608,601.56,601.92,,,641.6763499999993,616.4041999999996,610.7142857142846
1740675600,601.92,606.97,601.72,606.6,,,641.5416499999992,616.4735999999997,610.3919047619036
1740679200,606.6,608.48,606.43,606.8,,,641.3748499999992,616.4377999999996,610.7752380952369
1740682800,606.8,606.91,602.09,604.35,,,641.1829999999992,616.1749999999996,610.8138095238083
1740686400,604.35,604.6,597.04,598.59,,,641.0014499999993,616.0515999999996,610.6814285714274
1740690000,598.59,604.88,595.1,604.86,,,640.7859499999992,615.9833999999996,610.5209523809511
1740693600,604.86,605.99,601.39,605.78,,,640.5270999999992,615.9357999999996,610.0580952380941
1740697200,605.78,605.99,604.03,604.61,,,640.2828999999992,615.8137999999997,609.478095238094
1740700800,604.61,605.69,601.24,601.25,,,640.0346999999994,615.6167999999997,609.3119047619036
1740704400,601.24,602.81,586.42,587.53,,,639.8006499999993,615.3347999999996,609.0028571428559
1740708000,587.53,590.92,573.83,580.24,,,639.5510999999992,615.0473999999997,608.8099999999988
1740711600,580.24,586.01,571.66,572.24,,,639.2786499999993,614.7069999999997,608.2790476190464
1740715200,572.25,577.76,568.62,574.86,,,639.0068499999993,614.3049999999997,607.1442857142845
1740718800,574.87,575.86,567,572.32,,,638.7413499999993,613.8183999999998,605.5185714285702
1740722400,572.3,574.78,563.95,568.69,,,638.5233499999994,613.1039999999997,603.3814285714274
1740726000,568.69,574.58,565.09,566.63,,,638.2856499999994,612.2265999999996,601.3795238095225
1740729600,566.63,570.44,559.42,570.31,,,638.0142499999994,611.1343999999997,599.3833333333321
1740733200,570.31,578.46,569.77,577.31,,,637.6756499999993,610.0597999999997,597.2733333333322
1740736800,577.32,577.65,568.64,569.28,,,637.3304499999994,608.9131999999996,595.0185714285702
1740740400,569.27,574.5,568.78,570.97,,,636.9386499999994,607.7865999999997,593.0790476190464
1740744000,570.98,573.3,567.48,572.06,,,636.5645999999994,606.6991999999997,591.5299999999988
1740747600,572.06,579.16,570.75,577.5,,,636.1741999999995,605.6563999999997,589.6295238095225
1740751200,577.5,584.76,577.31,582.21,,,635.7629499999994,604.7455999999997,588.1371428571416
1740754800,582.21,592.85,581.94,587.98,,,635.3301999999994,603.6427999999997,586.5333333333322
1740758400,587.99,592.18,585.62,587.9,,,634.9203999999994,602.4859999999998,585.370476190475
1740762000,587.9,589.24,585.58,585.6,,,634.5581999999994,601.3761999999998,584.2090476190464
1740765600,585.58,592.15,584.33,589.41,,,634.1392999999994,600.4503999999998,583.312857142856
1740769200,589.41,590.6,586.89,587.4,,,633.7256999999994,599.7167999999998,582.5295238095226
1740772800,587.39,588.52,584,586.19,,,633.3298999999995,599.1525999999998,581.9109523809512
1740776400,586.19,588.09,584.32,584.69,,,632.9719499999994,598.5417999999997,581.1752380952369
1740780000,584.69,586.26,583.47,584.4,,,632.6444999999994,597.7943999999998,580.2999999999987
1740783600,584.4,587.66,584.07,587.47,,,632.3401999999994,597.2169999999999,579.422857142856
1740787200,587.48,589.53,586.39,586.58,,,632.0343999999994,596.7833999999998,578.6342857142846
1740790800,586.55,594.91,586.2,593.69,,,631.7187999999994,596.5533999999998,578.4852380952369
1740794400,593.69,598.13,590.62,593.59,,,631.4125499999994,596.2249999999999,578.8295238095226
1740798000,593.59,594.28,590.94,591.62,,,631.1083499999994,595.7253999999998,579.5123809523798
1740801600,591.61,595.83,591.46,594.9,,,630.8059999999994,595.2713999999999,580.4090476190464
1740805200,594.91,595.68,592.58,594.85,,,630.4772999999993,594.7215999999999,581.4219047619035
1740808800,594.85,596.92,594.6,595.37,,,630.1584999999994,594.3799999999999,582.5138095238084
1740812400,595.34,596.44,594.64,595.53,,,629.8564999999994,594.0848,583.8599999999989
1740816000,595.53,596.18,594.65,595.03,,,629.5455999999995,593.6718,585.0285714285703
1740819600,595.03,596.23,594.6,596.2,,,629.2415499999995,593.3965999999999,585.8885714285703
1740823200,596.19,596.21,594.62,594.73,,,628.9319999999996,593.0455999999999,587.1385714285703
1740826800,594.73,594.88,591.29,591.38,,,628.6079499999995,592.7257999999999,588.2842857142847
1740830400,591.38,596.41,590.84,596.39,,,628.3069999999994,592.3487999999999,589.4338095238085
1740834000,596.35,599.61,593.61,594.66,,,628.0072999999994,591.9069999999999,590.2542857142846
1740837600,594.65,602.17,594.57,599.34,,,627.7010499999994,591.4929999999999,590.6909523809512
1740841200,599.34,604.76,598.18,604.26,,,627.3973999999995,591.1027999999999,591.0914285714274
1740844800,604.27,608.72,602.66,606.33,,,627.1053499999995,590.6704,591.4133333333323
1740848400,606.33,608.74,604.8,605.65,,,626.8219999999995,590.3185999999998,592.0676190476179
1740852000,605.63,607.64,603.58,604.36,,,626.5354499999995,589.9909999999999,592.7747619047607
1740855600,604.36,605.77,603.39,604.68,,,626.2347999999995,589.781,593.6761904761893
1740859200,604.68,605.13,603.75,604.86,,,625.9559499999995,589.6823999999999,594.602857142856
1740862800,604.86,608.85,604.1,608.15,,,625.6715499999995,589.7628,595.5395238095227
1740866400,608.17,609.09,605.83,605.87,,,625.3994499999995,589.761,596.505238095237
1740870000,605.87,607.77,604.19,607.56,,,625.1417999999995,589.8098,597.3333333333323
1740873600,607.56,610.86,606.98,609.94,,,624.8937499999996,589.7714,598.3604761904751
1740877200,609.98,610.41,607.44,609.54,,,624.6233999999996,589.7325999999999,598.9404761904751
1740880800,609.54,610.89,605.53,606.77,,,624.3291999999997,589.8086,599.6057142857132
1740884400,606.79,608.52,606.31,606.93,,,624.0422999999996,589.9542,600.4780952380942
1740888000,606.93,609.17,606.91,608.56,,,623.7447499999997,590.0081999999999,601.1752380952371
1740891600,608.55,610.12,607.8,608.1,,,623.4511499999996,590.0913999999999,601.7428571428561
1740895200,608.1,611.18,607.18,609.72,,,623.1576999999997,590.1899999999999,602.2933333333323
1740898800,609.69,610.8,609.54,610.12,,,622.9064499999997,590.3004,602.9138095238084
1740902400,610.12,610.2,607.51,607.59,,,622.6748499999998,590.6883999999999,603.5361904761894
1740906000,607.6,610.73,606.64,608.63,,,622.4908999999997,591.2547999999999,604.1799999999988
1740909600,608.63,609.76,607.84,608.84,,,622.2880499999997,591.9719999999999,604.9128571428561
1740913200,608.85,609.16,607.58,607.91,,,622.1251499999997,592.6691999999999,605.6847619047608
1740916800,607.91,608.53,606.02,608.43,,,621.9553999999997,593.4251999999999,606.2676190476179
1740920400,608.43,608.45,604.66,605.69,,,621.7722999999996,594.2031999999999,606.942857142856
1740924000,605.69,605.83,601.53,602.94,,,621.5952999999995,595.0432,607.3509523809513
1740927600,602.94,618.48,602.47,613.2,,,621.4083499999996,595.8138,607.5495238095228
1740931200,613.22,631.58,612.25,626.5,,,621.2029499999994,596.4258,607.5190476190465
1740934800,626.48,634.38,620.33,630.57,,,620.9962999999996,597.2088,607.389999999999
1740938400,630.57,632,623.7,627.49,,,620.7911999999995,597.9032,607.8109523809513
1740942000,627.51,628.07,624.07,625.38,,,620.5815499999995,598.5207999999999,608.849999999999
1740945600,625.4,626.82,617.9,617.91,,,620.3496499999997,599.2348,610.0742857142848
1740949200,617.91,620.33,614.91,620.07,,,620.0925499999996,600.1206,610.995238095237
1740952800,620.07,623.9,618.14,622.99,,,619.8315999999996,600.9723999999999,611.9242857142847
1740956400,623,625.09,621.76,623.63,,,619.6254499999998,601.7642,612.4171428571417
1740960000,623.64,624.19,619.03,620.16,,,619.4751499999998,602.5598,612.8995238095227
1740963600,620.15,622.59,615.23,615.23,,,619.3418499999998,603.1297999999999,613.5399999999988
1740967200,615.23,615.46,608.85,614.47,,,619.1995499999997,603.7832,614.342857142856
1740970800,614.48,615.35,607.99,611.13,,,619.0476499999997,604.5192,614.9728571428561
1740974400,611.13,612.94,610.28,612.91,,,618.8549499999998,605.2979999999999,615.290476190475
1740978000,612.91,613.76,610.91,611.83,,,618.6845999999998,606.0131999999999,615.5938095238084
1740981600,611.83,611.84,598.97,601.74,,,618.5253499999998,606.5683999999999,615.6609523809514
1740985200,601.75,608.44,597.85,607.74,,,618.3536499999998,607.1261999999999,615.7938095238084
1740988800,607.74,607.76,595.76,598.42,,,618.1622999999998,607.4749999999999,615.9957142857131
1740992400,598.42,601.29,596.5,600.27,,,617.8928,607.8613999999999,615.6676190476179
1740996000,600.27,604.3,599.78,604.12,,,617.5923499999999,608.2656,615.6152380952369
1740999600,604.12,604.75,602.42,603.26,,,617.2714,608.4024,615.1633333333322
1741003200,603.26,605.56,602.72,605.3,,,616.9881499999999,608.6601999999999,614.7747619047607
1741006800,605.3,607.81,604.64,607.46,,,616.7009999999999,608.7211999999998,614.6999999999987
1741010400,607.42,607.46,587.46,588.04,,,616.3552,608.8159999999999,614.7152380952368
1741014000,588.07,597.03,587.97,591.76,,,616.05305,608.9977999999999,614.3390476190464
1741017600,591.76,595.57,589.61,595.06,,,615.70155,609.1389999999999,613.4323809523797
1741021200,595.06,597.75,593.25,594.47,,,615.3609,609.3503999999998,611.4071428571416
1741024800,594.47,594.69,578.84,583.32,,,615.0422,609.6719999999998,609.705714285713
1741028400,583.32,585.44,572.17,573.19,,,614.7283,609.5049999999999,608.2619047619035
1741032000,573.17,577.21,568.92,574.61,,,614.4208,609.4469999999998,607.145714285713
1741035600,574.64,577.5,567.67,568.69,,,614.12145,609.3613999999998,605.395714285713
1741039200,568.69,579.59,568.67,578.45,,,613.732,609.1655999999998,603.0242857142845
1741042800,578.45,579.15,575.13,575.99,,,613.356,608.7053999999998,600.6899999999987
1741046400,575.99,579.96,571.41,571.52,,,613.0093499999999,608.0561999999998,598.2390476190463
1741050000,571.52,572.43,553.13,555.25,,,612.6738999999999,607.4611999999998,596.4876190476177
1741053600,555.25,561.95,546.92,558.5,,,612.2820999999999,606.7413999999999,594.6552380952368
1741057200,558.5,564.07,556.64,560.33,,,611.8511,606.2131999999999,592.7690476190463
1741060800,560.33,562.04,558.77,559.5,,,611.4458999999999,605.5699999999999,590.023333333332
1741064400,559.51,566.78,559.22,566.3,,,611.0110999999998,604.8829999999999,587.4838095238081
1741068000,566.3,567.32,561.99,564,,,610.63735,603.8367999999998,585.5119047619033
1741071600,564,565.15,561.28,564.48,,,610.2728499999998,602.8079999999999,583.2147619047605
1741075200,564.48,568.07,563.14,567.44,,,609.8779,601.8237999999999,581.6852380952366
1741078800,567.44,568.04,564.07,566.36,,,609.3886999999999,600.8783999999999,579.9580952380938
1741082400,566.36,569.71,565.63,568.63,,,608.9146999999998,600.0658,578.0704761904748
1741086000,568.63,571.75,567.78,570.8,,,608.4441999999998,599.1745999999999,576.3647619047605
1741089600,570.8,571.82,567.49,570.22,,,607.9750999999999,598.3022,574.5104761904748
1741093200,570.22,570.46,563.18,564.28,,,607.5317499999999,597.4566,572.6614285714271
1741096800,564.29,579.01,562.74,566.59,,,607.0766499999999,596.5813999999999,571.8404761904748
1741100400,566.6,571.27,561.99,570.31,,,606.6079,595.8021999999999,570.8147619047605
1741104000,570.31,571.16,555.23,568.32,,,606.1734,595.0455999999999,569.3490476190462
1741107600,568.34,576.03,567.87,574.36,,,605.74975,594.2731999999999,568.0214285714272
1741111200,574.36,580.7,573.62,580.43,,,605.34215,593.4005999999998,567.4019047619034
1741114800,580.41,583.12,578.74,583.04,,,604.97065,592.5637999999998,567.1699999999986
1741118400,583.04,584.58,578.62,579.01,,,604.6183,591.8561999999998,567.1580952380939
1741122000,579.03,588.01,578.01,584.53,,,604.211,591.1637999999999,567.7171428571415
1741125600,584.53,586.12,583.14,583.14,,,603.8277499999999,590.387,567.935714285713
1741129200,583.14,584.5,581.43,583.58,,,603.45715,589.4655999999999,568.0795238095225
1741132800,583.58,584.59,580.56,583.21,,,603.1033999999999,588.5149999999999,568.6990476190464
1741136400,583.21,590.2,581.64,590.16,,,602.7606499999999,587.5453999999999,570.0271428571416
1741140000,590.16,591.79,588.19,588.29,,,602.4690499999999,586.7283999999999,571.2214285714273
1741143600,588.29,590.76,585.68,585.81,,,602.1836999999999,586.0329999999998,572.310952380951
1741147200,585.77,589.94,585.69,589.17,,,601.8806,585.3031999999998,573.770952380951
1741150800,589.16,590.83,588.89,590.53,,,601.5966499999998,584.5075999999999,574.8180952380939
1741154400,590.53,592.44,589.41,592.18,,,601.3412999999999,583.8381999999999,575.8566666666653
1741158000,592.18,593.81,590.89,593.16,,,601.0822999999999,583.2007999999998,577.0323809523795
1741161600,593.16,600.15,593.13,597.85,,,600.8184999999999,582.6123999999999,578.1319047619033
1741165200,597.85,604.55,597.13,600.66,,,600.5867999999999,582.1063999999999,579.3614285714272
1741168800,600.62,605.69,598.9,602.36,,,600.3627,581.6943999999999,580.5295238095224
1741172400,602.39,603.35,597.63,598.53,,,600.14965,581.2797999999999,581.8176190476177
1741176000,598.53,599.56,596.31,598.04,,,599.9384,580.9063999999998,583.2671428571415
1741179600,598.04,598.56,594.06,595.08,,,599.7401,580.8285999999998,585.0804761904749
1741183200,595.08,595.21,590.02,590.74,,,599.6369,580.6869999999998,586.6014285714273
1741186800,590.74,594.21,589.59,590.99,,,599.5317,580.7657999999997,587.9219047619035
1741190400,590.99,593.09,587.63,591.96,,,599.4494,580.7309999999998,589.1961904761893
1741194000,591.94,594.7,591.06,592.92,,,599.40285,580.6093999999997,589.9761904761892
1741197600,592.92,595.04,590.31,594.92,,,599.3394999999999,580.4457999999997,590.4790476190462
1741201200,594.92,597.15,594.13,595.02,,,599.2973,580.1545999999997,590.9038095238081
1741204800,595.02,597.19,594.94,596.81,,,599.2633,579.8251999999997,591.5661904761893
1741208400,596.81,597.09,594.55,596.27,,,599.17995,579.9035999999998,592.0609523809511
1741212000,596.27,598.02,595.78,597.49,,,599.1104999999999,579.9267999999997,592.6266666666654
1741215600,597.51,598.88,596.97,598.14,,,599.0677499999999,579.9239999999998,593.2566666666653
1741219200,598.14,599.45,597.2,597.38,,,598.9945499999999,579.9349999999998,593.8785714285701
1741222800,597.38,605.51,596.93,602.21,,,598.94225,580.2047999999998,594.2276190476177
1741226400,602.21,605.47,600.81,602.49,,,598.8849999999999,580.6663999999997,594.6966666666652
1741230000,602.5,603.56,600.63,601.86,,,598.8052,581.1239999999997,595.2476190476176
1741233600,601.86,605.65,601.85,605.52,,,598.712,581.7129999999997,595.8685714285699
1741237200,605.52,612.03,604.91,612,,,598.6338,582.0915999999997,596.4380952380938
1741240800,612,612.56,604.52,605.64,,,598.5945999999999,582.6159999999996,596.8990476190462
1741244400,605.64,607.8,603.75,604.69,,,598.5404,583.2353999999997,597.4876190476176
1741248000,604.69,605.77,602.64,604.14,,,598.4627999999999,584.1675999999997,598.1614285714271
1741251600,604.14,604.16,599.92,600.13,,,598.40285,585.1079999999997,598.39857142857
1741255200,600.13,604.49,599.82,602.42,,,598.3518499999999,586.1413999999996,598.5095238095224
1741258800,602.42,604.5,601.94,603.81,,,598.2649999999999,587.0641999999996,598.7766666666653
1741262400,603.8,604.32,600.26,601.1,,,598.1785999999998,587.8319999999997,598.876190476189
1741266000,601.12,601.88,597.46,597.62,,,598.1150499999999,588.6347999999997,599.2257142857128
1741269600,597.62,600.31,594.32,596.9,,,598.0153499999998,589.3477999999997,599.8480952380937
1741273200,596.89,603.17,596.53,600.4,,,597.9225499999998,590.0473999999997,600.3295238095224
1741276800,600.4,601.16,594.34,594.45,,,597.8226999999998,590.7963999999997,600.5990476190461
1741280400,594.45,594.97,589.43,592.21,,,597.6890999999998,591.4457999999997,600.78857142857
1741284000,592.21,593.28,591.06,593.1,,,597.5582499999999,591.9821999999997,601.0495238095223
1741287600,593.09,595.95,590.87,593.57,,,597.42905,592.5157999999997,601.0223809523794
1741291200,593.57,596.15,593.26,595.3,,,597.30945,593.2381999999998,600.8033333333319
1741294800,595.3,598.54,595.11,597.81,,,597.1925499999999,593.7953999999997,600.6523809523795
1741298400,597.81,601.35,597.71,598.77,,,597.0647999999999,594.2333999999997,600.4657142857128
1741302000,598.75,599.59,596.35,596.48,,,596.9525499999999,594.7289999999997,600.3304761904748
1741305600,596.48,600.24,577.55,580.01,,,596.8026999999998,595.1131999999998,600.350952380951
1741309200,580.01,595.51,578.96,592.93,,,596.6196999999999,595.4105999999997,600.1871428571415
1741312800,592.93,597.54,591.76,593.76,,,596.4474499999998,595.7059999999998,599.900952380951
1741316400,593.76,595.91,593.52,593.69,,,596.2963499999998,596.1011999999997,598.8604761904747
1741320000,593.7,597.37,593.49,596.74,,,596.1783999999999,596.3401999999996,598.2609523809509
1741323600,596.73,602.73,596.69,601.56,,,596.0864999999999,596.2775999999997,597.3923809523794
1741327200,601.55,603.2,600.05,601.38,,,595.9881499999999,596.4645999999997,596.8233333333318
1741330800,601.37,603.12,598.54,599.26,,,595.8557,596.6755999999997,596.4447619047604
1741334400,599.3,600.12,598.11,599.69,,,595.66435,596.7461999999997,596.3219047619032
1741338000,599.66,602.62,599.57,600.06,,,595.5836,596.9151999999997,596.3814285714271
1741341600,600.03,601.8,599.64,601.4,,,595.56395,597.2301999999996,596.230952380951
1741345200,601.4,602.58,599.16,599.63,,,595.52685,597.4743999999996,596.0347619047604
1741348800,599.63,600.85,597.66,599.13,,,595.46365,597.6489999999998,595.9852380952367
1741352400,599.12,605.89,599.09,601.4,,,595.4205999999999,597.7991999999998,596.1652380952366
1741356000,601.4,608.09,599.84,605.72,,,595.3571499999999,597.9371999999998,596.2952380952366
1741359600,605.74,610.03,600.64,604.23,,,595.2995999999999,598.0081999999998,596.2347619047605
1741363200,604.23,605.98,597.29,600.52,,,595.2562999999999,597.9875999999997,596.5657142857128
1741366800,600.52,602.82,597.77,600.39,,,595.1952499999999,597.9229999999998,597.2090476190463
1741370400,600.41,604.65,598.73,603.73,,,595.1589499999999,597.9803999999998,597.7390476190461
1741374000,603.73,605.1,599.3,599.95,,,595.0950999999999,598.1339999999998,598.0699999999986
1741377600,599.96,601.57,595.8,597.16,,,595.0339499999999,598.3169999999998,598.3123809523795
1741381200,597.14,598.19,590.99,593.33,,,594.9690499999998,598.5125999999997,598.5942857142843
1741384800,593.33,595.51,590.46,594.91,,,594.9120499999999,598.7005999999997,598.6504761904748
1741388400,594.91,594.93,590.22,594.72,,,594.8486999999999,598.9359999999998,598.6828571428557
1741392000,594.72,596.75,592.59,596.32,,,594.7800999999998,599.0765999999998,599.3171428571414
1741395600,596.32,596.92,590.01,594.26,,,594.7170499999999,599.1213999999998,599.4114285714271
1741399200,594.26,595.46,593.87,595.32,,,594.6657999999999,599.0875999999998,599.4571428571414
1741402800,595.31,596.62,592.58,596.13,,,594.6103499999998,599.0495999999998,599.5823809523796
1741406400,596.13,599.61,595.36,599.01,,,594.5469499999998,599.0185999999998,599.4642857142844
1741410000,599.01,599.03,595.97,597.55,,,594.4676499999998,598.9951999999998,599.1671428571415
1741413600,597.53,599.72,596.36,597.08,,,594.4306499999999,598.9175999999999,598.9171428571415
1741417200,597.08,598.18,595.86,596.61,,,594.3755499999999,598.8763999999999,598.9052380952368
1741420800,596.61,597.61,595.19,595.43,,,594.3475499999998,598.7547999999999,598.803333333332
1741424400,595.43,598.19,594.97,595.16,,,594.2858499999999,598.6851999999999,598.6614285714271
1741428000,595.16,596.92,594.81,596.92,,,594.2284499999998,598.5989999999998,598.4333333333319
1741431600,596.92,596.96,592.37,593.97,,,594.1873499999998,598.4301999999998,598.233333333332
1741435200,593.97,597.32,593.02,596.13,,,594.1894499999999,598.1223999999999,598.0442857142843
1741438800,596.13,598.55,596.1,597.36,,,594.1528999999998,597.9181999999997,597.830952380951
1741442400,597.36,598.83,596.69,597.14,,,594.1093999999998,597.7275999999997,597.2714285714271
1741446000,597.13,599.24,596.35,599.24,,,594.0693999999999,597.5831999999998,596.8857142857129
1741449600,599.24,599.37,595.22,598.9,,,594.0402999999999,597.4599999999998,596.7352380952367
1741453200,598.9,602.15,597.12,600.39,,,594.0784499999999,597.3341999999998,596.5804761904748
1741456800,600.39,601.04,599.54,599.82,,,594.16185,597.2051999999998,596.3666666666653
1741460400,599.81,599.98,597.77,598,,,594.2704999999999,597.1259999999997,596.3166666666652
1741464000,598,598.55,596.81,596.81,,,594.3768499999999,597.1583999999998,596.4704761904748
1741467600,596.82,597.54,596.2,596.52,,,594.5020499999998,597.1983999999998,596.7795238095224
1741471200,596.52,596.57,593.81,595.22,,,594.6442999999998,597.1981999999998,596.9266666666653
1741474800,595.22,595.56,592.84,592.9,,,594.8073499999998,597.3055999999998,597.026190476189
1741478400,592.92,592.96,591.84,592.12,,,594.9502999999999,597.4213999999998,597.0357142857127
1741482000,592.11,592.94,588.26,588.85,,,595.0656999999999,597.4955999999999,597.0814285714271
1741485600,588.86,589.66,587.55,587.56,,,595.2183999999999,597.5545999999998,596.966190476189
1741489200,587.57,589,586.45,588.33,,,595.3535499999998,597.5529999999998,596.7752380952365
1741492800,588.3,588.47,586.98,587.95,,,595.4772999999999,597.4547999999998,596.2914285714271
1741496400,587.96,588.48,586.06,586.47,,,595.5723999999998,597.3217999999998,595.8157142857128
1741500000,586.47,586.48,583.8,584.6,,,595.6374499999998,597.1691999999998,595.3990476190461
1741503600,584.6,585.93,583.9,585.82,,,595.6620499999999,597.3201999999998,594.9866666666651
1741507200,585.83,586.21,583.36,583.36,,,595.6831499999998,597.2281999999999,594.5599999999985
1741510800,583.36,584.92,582.69,583.36,,,595.6993999999999,597.1119999999999,594.0571428571413
1741514400,583.36,584.37,576.49,576.5,,,595.6901499999998,596.9675999999998,593.5285714285699
1741518000,576.54,578.37,575.26,578.11,,,595.6947999999998,596.7247999999998,593.0233333333318
1741521600,578.11,578.69,575.11,578.03,,,595.7035999999998,596.4099999999997,592.4152380952366
1741525200,578.03,578.48,569.09,569.09,,,595.7124999999997,596.0495999999998,591.4219047619033
1741528800,569.09,571.09,568.21,571.07,,,595.7134999999997,595.7315999999998,590.5157142857128
1741532400,571.07,573.39,565.96,566.53,,,595.7052499999998,595.2677999999999,589.5057142857128
1741536000,566.53,570.47,559.83,560.01,,,595.6891499999998,594.8287999999999,588.086190476189
1741539600,560.01,561.64,551.89,552.25,,,595.6374999999998,594.3613999999999,586.6899999999985
1741543200,552.23,558.4,550.11,554.97,,,595.5520499999998,593.7505999999998,585.1047619047605
1741546800,554.96,561.58,554.95,560.39,,,595.4844999999998,593.1893999999999,583.2957142857128
1741550400,560.42,563.18,559.62,559.78,,,595.4001499999998,592.4919999999998,581.173809523808
1741554000,559.78,560.45,555.03,556.38,,,595.2713499999999,591.5777999999998,579.1952380952366
1741557600,556.4,557.05,552.77,553.97,,,595.1498499999999,590.5381999999998,577.5366666666653
1741561200,554.04,556.63,550.2,554.35,,,595.0048499999999,589.6271999999999,575.9595238095224
1741564800,554.34,560.5,549.97,558.76,,,594.8297499999999,588.8271999999998,574.2576190476177
1741568400,558.76,562.93,557.79,558.99,,,594.6099999999999,587.9481999999998,572.5966666666652
1741572000,558.99,562.66,556.33,557.33,,,594.4112,587.0767999999998,571.0152380952366
1741575600,557.33,561.5,557.1,560.45,,,594.2562499999999,586.2129999999999,569.6071428571414
1741579200,560.45,563.88,560.28,563.38,,,594.0732,585.4333999999998,568.2280952380938
1741582800,563.38,564.83,562.85,563.66,,,593.8817999999999,584.7103999999998,566.8404761904748
1741586400,563.69,565.22,563.14,564.45,,,593.65495,583.9957999999997,565.6904761904748
1741590000,564.45,566.67,563.51,564.38,,,593.4054,583.2159999999998,564.6219047619034
1741593600,564.38,565.07,558.96,559.43,,,593.16755,582.5397999999998,563.6838095238081
1741597200,559.41,573.13,559.31,563.19,,,592.93425,581.9009999999997,562.7833333333319
1741600800,563.19,566.03,561.96,563.44,,,592.6991,581.2515999999997,562.2061904761891
1741604400,563.47,568.38,562.22,567.1,,,592.47795,580.5603999999998,561.3166666666652
1741608000,567.11,569.62,564.08,566.32,,,592.27055,579.8969999999997,560.6099999999985
1741611600,566.32,566.84,556.44,557.09,,,592.0481,579.1439999999998,560.340952380951
1741615200,557.13,557.41,541.63,545.18,,,591.8409999999999,578.4755999999998,560.1519047619033
1741618800,545.17,554.65,544,550.21,,,591.6251,577.8357999999997,560.1419047619033
1741622400,550.21,550.86,544.95,546.51,,,591.3725499999999,577.2745999999997,560.0028571428558
1741626000,546.49,547.16,533.25,535.48,,,591.1407999999999,576.6625999999997,559.666190476189
1741629600,535.46,541.55,525.52,525.94,,,590.9241499999999,575.9249999999996,559.4395238095224
1741633200,525.94,538.69,523.15,537.67,,,590.7249999999999,574.9059999999996,558.77857142857
1741636800,537.67,538.43,533.23,536.31,,,590.5138,573.9629999999996,557.621428571427
1741640400,536.3,541.15,534.89,539.06,,,590.25875,572.9503999999996,556.1719047619033
1741644000,539.04,539.8,533.5,533.78,,,589.9360499999999,571.6751999999997,555.3957142857128
1741647600,533.78,536.53,530.84,531.19,,,589.6365,570.2159999999997,554.5366666666653
1741651200,531.19,535.88,507.27,518.13,,,589.3310999999999,568.9615999999996,553.59857142857
1741654800,518.14,530.95,509.6,530.95,,,588.96535,567.6913999999997,552.3980952380939
1741658400,530.93,535.81,529.96,534.43,,,588.55085,566.5125999999997,551.153333333332
1741662000,534.43,538.34,532.65,533.02,,,588.1996499999999,565.2519999999997,549.1380952380938
1741665600,533.02,537.74,532.45,535.28,,,587.8390499999999,563.9453999999996,547.5938095238081
1741669200,535.28,540.72,535.13,539.41,,,587.5058999999999,562.4035999999996,546.2019047619035
1741672800,539.45,542.05,539.13,539.7,,,587.1600999999998,561.1645999999997,544.7052380952367
1741676400,539.7,558.01,539.64,557.82,,,586.7500499999999,560.0107999999997,543.3195238095226
1741680000,557.81,562.58,552.28,562.11,,,586.2081999999999,558.8941999999997,542.3661904761892
1741683600,562.09,564.62,559.22,562.79,,,585.7100999999999,557.8485999999997,541.2476190476178
1741687200,562.77,565.68,555.15,555.19,,,585.2447999999999,556.8701999999996,540.9799999999987
1741690800,555.16,557.49,546.21,547.74,,,584.7829999999999,555.9051999999996,540.7423809523797
1741694400,547.71,550.39,544.48,545.91,,,584.3698499999999,555.3321999999996,540.5742857142844
1741698000,545.89,553.85,543.45,546.79,,,583.9665499999999,554.8823999999996,540.4838095238082
1741701600,546.79,550.34,537.03,542.68,,,583.5500999999999,554.4217999999996,540.605714285713
1741705200,542.68,549.39,542.5,548.55,,,583.2210499999999,553.8583999999996,540.4009523809511
1741708800,548.55,552.93,546.27,549.86,,,582.9307999999999,553.1459999999996,540.4142857142845
1741712400,549.86,550.54,545.12,549.27,,,582.6685999999999,552.5341999999996,540.7571428571415
1741716000,549.28,560.04,549.21,557.35,,,582.3721999999999,551.9077999999996,541.8338095238082
1741719600,557.36,557.37,555.1,555.62,,,582.0552499999999,551.2007999999996,542.4142857142843
1741723200,555.6,556.24,554.09,555.6,,,581.7202499999999,550.7899999999997,543.0314285714272
1741726800,555.6,556.34,554,555.16,,,581.3950499999999,550.3657999999997,543.9023809523796
1741730400,555.15,557.15,554.96,556.8,,,581.0997499999999,550.0205999999997,544.9423809523796
1741734000,556.8,556.82,550.83,551.34,,,580.8037999999998,549.9673999999997,546.1047619047606
1741737600,551.34,553.4,550.23,552.01,,,580.5609999999998,550.0347999999997,547.8680952380939
1741741200,552.01,556.8,551.55,555.01,,,580.3059999999998,550.0473999999998,549.0990476190464
1741744800,555.01,555.03,548.79,549.05,,,580.0721499999999,549.9427999999998,549.9042857142845
1741748400,548.99,550.21,546.52,546.79,,,579.8339499999998,549.8831999999998,550.8085714285702
1741752000,546.79,548.09,544.46,547.72,,,579.5854499999998,549.7823999999997,551.748095238094
1741755600,547.72,552.95,546.41,552.26,,,579.3239499999999,549.7431999999997,552.2071428571415
1741759200,552.28,553.71,549.97,552.01,,,579.1677499999998,549.7563999999998,552.5447619047607
1741762800,552.01,556.03,551.86,555.56,,,578.9656499999998,549.5621999999996,552.0638095238083
1741766400,555.56,558.48,554.5,557.8,,,578.7503999999998,549.3181999999996,551.5947619047607
1741770000,557.8,559.65,554.53,558.54,,,578.5530999999997,549.1259999999997,551.0814285714273
1741773600,558.54,559.33,556.49,557.21,,,578.3817499999998,548.9621999999996,551.0990476190464
1741777200,557.19,560.02,557.18,558.85,,,578.2497499999997,548.7347999999997,551.578095238094
1741780800,558.85,563.9,557.98,562.57,,,578.1152999999998,548.5727999999996,552.1795238095226
1741784400,562.57,562.74,553.24,554.86,,,578.0331499999998,548.4397999999997,552.675714285713
1741788000,554.86,573.35,553.88,559.91,,,577.9009499999997,548.3229999999996,553.445714285713
1741791600,559.91,560.4,548.32,552.28,,,577.7987999999998,548.2785999999996,554.1133333333322
1741795200,552.28,558.49,551.53,557.89,,,577.7301999999999,548.1917999999996,554.3514285714274
1741798800,557.89,561.26,556.64,556.8,,,577.7466499999998,548.1743999999997,554.858095238094
1741802400,556.8,561.98,556.68,561.98,,,577.7401999999997,547.9295999999997,554.6166666666655
1741806000,561.99,567.5,561.87,566.61,,,577.7327999999998,547.8013999999997,554.7247619047607
1741809600,566.58,569.63,566.26,568.82,,,577.7481499999998,547.7051999999996,554.7819047619037
1741813200,568.82,573.6,568.82,571.2,,,577.6909499999997,547.9593999999997,555.1066666666655
1741816800,571.2,574.7,571.13,572.69,,,577.6704999999997,548.0911999999996,555.5738095238083
1741820400,572.69,572.92,568.18,569.67,,,577.6094999999997,548.4005999999997,556.4061904761894
1741824000,569.67,570.68,567.87,567.88,,,577.5617499999997,549.0231999999997,557.3199999999989
1741827600,567.9,574.8,567.88,574.73,,,577.5139499999998,549.8807999999997,558.1619047619037
1741831200,574.73,574.84,572.46,574.49,,,577.4806999999997,550.5513999999997,559.1438095238084
1741834800,574.52,577.59,572.75,577.07,,,577.4597499999996,551.2789999999997,560.1480952380941
1741838400,577.07,582.02,576.83,580.06,,,577.4527499999997,551.8911999999997,561.4342857142847
1741842000,580.07,580.89,573.91,575.58,,,577.4873499999997,552.5731999999997,562.492857142856
1741845600,575.58,579.62,574.54,578.56,,,577.5178499999997,553.4439999999997,563.6861904761894
1741849200,578.56,578.91,576.34,578.1,,,577.5146499999996,554.5711999999997,564.8528571428561
1741852800,578.09,581.29,573.2,575.85,,,577.5124499999997,555.4935999999998,565.6995238095228
1741856400,575.85,579.95,575.85,579.37,,,577.5142999999997,556.4061999999998,566.6528571428562
1741860000,579.39,582.37,578.73,581.04,,,577.4845999999997,557.2573999999997,567.647619047618
1741863600,581.04,581.68,577.68,578.45,,,577.4547499999996,558.1229999999997,568.4571428571419
1741867200,578.46,582.92,576.46,577.81,,,577.4599999999997,558.8967999999998,569.2571428571418
1741870800,577.82,611.39,577.81,584,,,577.4152499999997,559.6197999999997,570.5038095238085
1741874400,584,595.63,577.35,579.25,,,577.3923499999997,560.0507999999998,571.3866666666656
1741878000,579.24,583.2,576.24,581.22,,,577.3649499999997,560.4293999999998,572.60238095238
1741881600,581.2,583.37,576.84,580.28,,,577.3281499999997,560.7425999999997,573.8457142857134
1741885200,580.27,581.64,571.87,572.27,,,577.2741999999996,561.1949999999997,574.914761904761
1741888800,572.27,578.74,572.19,578.5,,,577.2379499999996,561.9201999999998,575.8309523809514
1741892400,578.49,579.02,575.27,577.07,,,577.2011499999996,562.5869999999998,576.4819047619039
1741896000,577.07,579.07,573.33,573.58,,,577.1443499999996,563.2755999999997,576.6461904761896
1741899600,573.59,575.41,571.14,574.08,,,577.1116999999996,564.0275999999998,576.9938095238087
1741903200,574.08,577.38,573.63,577.28,,,577.0470499999996,564.5019999999997,577.2023809523802
1741906800,577.27,579.69,577.01,579.65,,,576.9873499999995,565.0747999999998,577.3885714285706
1741910400,579.65,583.4,577.68,582.14,,,576.8994999999996,565.6307999999997,577.6838095238087
1741914000,582.13,582.19,579.61,581.77,,,576.7575499999996,565.9553999999997,577.8052380952373
1741917600,581.75,584.39,580.61,581.63,,,576.6382499999996,566.3245999999997,578.0509523809516
1741921200,581.63,582.83,580.25,582.61,,,576.5309499999996,566.7581999999998,578.2923809523802
1741924800,582.61,586.55,582.37,584.95,,,576.4086499999996,567.2479999999997,578.3738095238086
1741928400,584.97,585,582.06,582.41,,,576.3036499999996,567.7547999999997,578.661904761904
1741932000,582.4,582.45,579.83,581.02,,,576.2363499999997,568.3633999999997,578.8547619047611
1741935600,581.02,581.57,576.49,576.64,,,576.1796499999997,568.9557999999997,579.1809523809515
1741939200,576.64,579.36,576.51,578.45,,,576.1305499999996,569.5077999999997,579.4933333333324
1741942800,578.45,580.89,578.42,579.42,,,576.0747999999996,570.2257999999997,579.5719047619039
1741946400,579.42,580.54,578.2,579.23,,,576.0083499999996,570.9381999999997,579.36238095238
1741950000,579.23,580.44,577.59,578.46,,,575.9462999999996,571.6041999999997,579.3623809523801
1741953600,578.46,579.6,577.53,577.86,,,575.8869999999996,572.0917999999997,579.4390476190467
1741957200,577.86,584.8,577.61,582.33,,,575.8176999999996,572.6205999999997,579.2119047619038
1741960800,582.34,585.2,580.35,583.65,,,575.7353499999995,573.0977999999997,579.1742857142848
1741964400,583.63,588.52,583.63,584.35,,,575.6278499999995,573.5263999999996,579.0142857142848
1741968000,584.35,587.38,583.17,585.66,,,575.5331999999995,573.9247999999995,579.1119047619039
1741971600,585.66,585.77,581.79,584.05,,,575.4192499999995,574.3377999999997,579.6538095238086
1741975200,584.05,585.99,583.78,585.2,,,575.3029499999996,574.8073999999996,579.9323809523801
1741978800,585.2,589.16,585.06,588.17,,,575.1859499999995,575.2289999999997,580.3414285714276
1741982400,588.15,589.43,585.01,585.82,,,575.0476499999995,575.8187999999996,580.839999999999
1741986000,585.82,586.16,584.61,585.75,,,574.8992999999995,576.3337999999997,581.3695238095229
1741989600,585.75,587.82,585.75,587.7,,,574.7893499999994,576.9691999999997,581.8880952380943
1741993200,587.73,588.53,586.24,587.5,,,574.6876499999995,577.5153999999997,582.1819047619038
1741996800,587.5,591.16,587.44,591.16,,,574.5952499999995,578.1427999999996,582.3538095238085
1742000400,591.16,594.62,590.61,593.56,,,574.5148499999995,578.6195999999995,582.6361904761895
1742004000,593.55,594.23,591.8,592.2,,,574.4287499999995,579.0023999999996,582.9157142857133
1742007600,592.2,593.71,591.7,593.23,,,574.3505499999995,579.3799999999997,583.3228571428562
1742011200,593.22,595.17,592.12,594.54,,,574.2741499999996,579.7059999999997,583.7328571428561
1742014800,594.54,594.7,592.24,593.79,,,574.2147999999996,580.0753999999996,584.1990476190467
1742018400,593.84,594.87,593.6,594.34,,,574.1687999999996,580.5531999999996,584.7804761904753
1742022000,594.34,594.35,589.77,590.73,,,574.1042999999995,581.0395999999996,585.6328571428562
1742025600,590.73,594.14,590.73,593.8,,,574.0878499999995,581.4095999999996,586.3633333333323
1742029200,593.8,597.29,593.41,596.85,,,574.0945999999994,581.8105999999996,587.0738095238086
1742032800,596.85,597.77,595.23,597.47,,,574.0900999999996,582.1449999999996,587.6214285714276
1742036400,597.47,597.52,595.46,596.01,,,574.0883999999995,582.4305999999996,588.3519047619038
1742040000,596.03,598.02,595.66,596.79,,,574.0845999999995,582.7335999999997,589.2561904761894
1742043600,596.79,599.82,596.66,599.39,,,574.0644999999995,583.0383999999996,589.9771428571419
1742047200,599.39,600.01,596.31,596.47,,,574.0423499999995,583.4133999999996,590.5657142857134
1742050800,596.45,603.33,596.45,603.03,,,574.0135999999995,583.8457999999996,591.1580952380943
1742054400,603.02,608.77,602.12,608.27,,,574.0825499999994,584.1785999999996,591.8119047619039
1742058000,608.27,616.43,608.18,613.12,,,574.1021499999994,584.4935999999996,592.4033333333324
1742061600,613.11,614.44,610.83,611.6,,,574.1206999999994,584.9123999999996,593.25238095238
1742065200,611.6,613.72,610.81,611.52,,,574.1322999999994,585.2855999999996,594.2095238095229
1742068800,611.52,615.45,611.51,615.45,,,574.1325499999994,585.6661999999995,595.509523809523
1742072400,615.44,619.49,615.42,618.14,,,574.1216999999994,586.2465999999996,596.7404761904754
1742076000,618.14,618.66,615.76,615.96,,,574.0971499999994,586.8845999999996,597.874761904761
1742079600,615.97,619.89,615.76,619.81,,,574.1159999999994,587.5109999999997,599.2057142857134
1742083200,619.81,622.82,617.9,618.84,,,574.1588999999994,588.2959999999996,600.4904761904753
1742086800,618.84,619.14,611.44,612.39,,,574.2241999999994,589.0349999999996,601.5571428571419
1742090400,612.39,614.68,611.12,611.48,,,574.2751999999995,589.8563999999997,602.8719047619038
1742094000,611.49,611.66,607.8,609.42,,,574.3346499999993,590.7039999999996,604.0914285714276
1742097600,609.42,609.45,606.76,608.15,,,574.4162499999993,591.6185999999997,604.9414285714277
1742101200,608.16,609.51,606.99,609.09,,,574.4999499999993,592.4497999999996,605.7838095238086
1742104800,609.09,609.09,606.83,608.42,,,574.5511499999994,593.1045999999997,606.5019047619038
1742108400,608.42,608.59,604.87,605.01,,,574.6290499999993,593.6913999999996,607.3314285714275
1742112000,605.01,608.08,604.97,606.78,,,574.7206499999993,594.2443999999997,608.0595238095227
1742115600,606.77,606.79,601.08,602.25,,,574.7806499999994,594.7747999999997,608.6104761904751
1742119200,602.25,602.25,598.91,600.24,,,574.8193999999993,595.3043999999996,608.9695238095228
1742122800,600.24,600.37,593.15,595.05,,,574.8667499999993,595.7737999999997,609.4823809523799
1742126400,595.06,600.76,594.33,600.29,,,574.9216999999993,596.2257999999997,609.7423809523799
1742130000,600.31,603.48,596.4,596.58,,,575.0004999999993,596.7409999999996,609.7828571428561
1742133600,596.58,601.95,596.45,601.68,,,575.0680499999993,597.2531999999997,609.715238095237
1742137200,601.68,602.09,599.41,600.89,,,575.1194999999993,597.6889999999997,609.5847619047609
1742140800,600.86,607.11,600.65,603.59,,,575.1717999999993,598.0015999999997,609.0280952380941
1742144400,603.59,606.15,602.06,604.06,,,575.2117499999993,598.4227999999998,608.4833333333322
1742148000,604.06,605.52,601.68,602.27,,,575.2363499999993,598.7851999999998,607.9733333333322
1742151600,602.27,602.76,596.31,598.63,,,575.2309499999993,599.2615999999997,607.5957142857131
1742155200,598.63,601.81,598.63,601.36,,,575.2373499999993,599.6327999999997,607.0533333333323
1742158800,601.36,603.55,600.61,603.27,,,575.2324999999993,600.0315999999998,606.2976190476179
1742162400,603.27,603.37,598.51,598.61,,,575.2554999999993,600.4257999999998,605.4723809523799
1742166000,598.61,602.56,597.48,602.3,,,575.2768999999993,600.7579999999998,604.5938095238084
1742169600,602.3,609.8,602.06,609.09,,,575.3176999999993,601.0495999999998,603.8523809523799
1742173200,609.08,618.27,609.08,617.1,,,575.3621999999992,601.3727999999999,603.1961904761894
1742176800,617.1,625.02,613.28,624.62,,,575.3889499999993,601.6747999999998,602.7590476190466
1742180400,624.62,629.37,624.59,625.67,,,575.4122499999993,601.9305999999998,602.7433333333322
1742184000,625.67,633.89,625.31,625.51,,,575.4383999999993,602.2615999999998,603.1695238095226
1742187600,625.52,628.76,621.65,624.86,,,575.4679499999993,602.6893999999998,603.9090476190465
1742191200,624.86,631.73,624.82,629.41,,,575.4752999999994,603.2813999999997,604.7304761904751
1742194800,629.41,633.92,627.21,629.84,,,575.4905999999993,603.9505999999998,605.7066666666655
1742198400,629.82,633.84,628.85,633.54,,,575.5415499999993,604.5927999999999,606.5676190476179
1742202000,633.53,643.65,632.7,636.87,,,575.6250999999993,605.2589999999998,607.8609523809512
1742205600,636.86,639.63,633.01,638.89,,,575.7490999999994,605.8915999999998,609.2704761904749
1742209200,638.89,639.42,629.72,630.78,,,575.8874499999993,606.5889999999998,611.1033333333321
1742212800,630.78,633.09,626.94,627.63,,,576.0309499999993,607.3099999999998,612.8452380952369
1742216400,627.64,630.25,624.72,626.36,,,576.1726499999993,608.0939999999998,614.8599999999988
1742220000,626.36,635.4,625.36,631.89,,,576.3435999999992,609.0167999999999,616.2457142857131
1742223600,631.89,635.01,629.59,629.95,,,576.5282999999993,609.9185999999999,617.5190476190464
1742227200,629.95,631.48,624.77,627.27,,,576.7353999999992,610.5971999999998,618.603333333332
1742230800,627.28,629.9,626.19,626.73,,,576.9754999999992,611.2003999999998,619.9285714285702
1742234400,626.73,628.71,625.18,627.87,,,577.2321499999993,611.8073999999998,621.2466666666654
1742238000,627.85,629.38,626.66,628.13,,,577.4443999999992,612.5093999999999,622.610476190475
1742241600,628.13,628.18,622.67,624.06,,,577.6427999999993,613.1205999999999,623.8185714285702
1742245200,624.06,629.39,622.39,627.72,,,577.8422499999992,613.7365999999998,624.9899999999988
1742248800,627.73,629.19,626.08,628.04,,,578.0786999999993,614.2105999999999,626.3957142857131
1742252400,628.03,632.56,625.62,631.72,,,578.2993499999993,614.6025999999998,627.4319047619034
1742256000,631.72,637.09,630.59,633.87,,,578.5188999999993,614.9027999999998,628.3190476190463
1742259600,633.88,635.27,620.76,623.81,,,578.7357499999994,615.1519999999998,628.8399999999987
1742263200,623.81,631.6,623.43,629.46,,,578.9925999999992,615.4759999999999,629.1780952380939
1742266800,629.53,629.86,625.42,628.29,,,579.2426999999993,615.7277999999999,629.5685714285701
1742270400,628.29,632.15,628.16,631.35,,,579.4728499999993,615.9993999999999,629.4876190476177
1742274000,631.35,635.36,631.35,633.82,,,579.7659999999993,616.3575999999998,629.7066666666653
1742277600,633.82,637.13,629.65,630.53,,,580.0508499999993,616.4375999999999,629.6533333333321
1742281200,630.53,636.41,629.95,633.15,,,580.3767999999993,616.6499999999999,629.7252380952368
1742284800,633.14,642.85,633.14,640.42,,,580.7460999999994,616.9679999999998,629.7385714285701
1742288400,640.42,642.75,635.87,638.35,,,581.1038999999993,617.3653999999999,629.4366666666654
1742292000,638.35,643.12,634.45,634.69,,,581.4763499999993,617.8533999999999,629.163333333332
1742295600,634.68,636.58,629.98,631.12,,,581.8158499999993,618.3009999999999,629.6223809523797
1742299200,631.12,634.26,627.86,628.21,,,582.1736999999993,618.7821999999999,630.1328571428559
1742302800,628.22,629.96,622.11,624.37,,,582.5608999999993,619.4221999999999,630.5295238095225
1742306400,624.38,628.87,623.28,627.47,,,582.9436999999992,620.0889999999998,630.492857142856
1742310000,627.47,632,625.53,627.61,,,583.3376999999991,620.6471999999999,630.4099999999987
1742313600,627.6,635.13,627.3,634.08,,,583.7459999999992,621.2245999999999,630.2719047619034
1742317200,634.08,635.52,629.38,631.04,,,584.1427999999992,621.7839999999999,630.3071428571415
1742320800,631.04,634.9,630.96,634.85,,,584.5295999999992,622.3703999999999,630.2947619047607
1742324400,634.84,635.23,631.61,632.21,,,584.8829499999993,622.914,630.578095238094
1742328000,632.21,633.04,629.36,629.78,,,585.2070999999993,623.5346,630.9104761904748
1742331600,629.78,629.85,627.94,628.2,,,585.5106499999993,624.1826,631.2499999999987
1742335200,628.2,631.3,627.56,629.52,,,585.8257499999993,624.7855999999999,631.4485714285701
1742338800,629.52,629.71,626.78,627.8,,,586.1418999999992,625.4108,631.3561904761891
1742342400,627.8,628.02,622.43,623.17,,,586.5151499999993,625.9738,631.0861904761891
1742346000,623.17,623.24,615.96,616.02,,,586.8543999999993,626.5239999999999,631.3580952380939
1742349600,616.02,618.33,613.14,613.94,,,587.2114499999992,627.1153999999999,631.2790476190463
1742353200,613.94,619.32,613.94,618.58,,,587.5369999999992,627.6786,631.0352380952368
1742356800,618.58,619,616.32,618.12,,,587.8542999999992,628.1691999999999,630.3052380952369
1742360400,618.13,619.63,617.5,617.74,,,588.2098499999992,628.6604,629.3585714285703
1742364000,617.74,618.29,615.67,616.41,,,588.6315499999992,628.9348,628.7895238095226
1742367600,616.4,617.88,615.28,615.43,,,589.0194999999992,629.0318,628.0738095238083
1742371200,615.45,621.48,615.45,617.4,,,589.4027999999992,629.0614,626.9938095238083
1742374800,617.4,619.37,614.5,614.53,,,589.8054999999993,628.9313999999999,625.9490476190464
1742378400,614.53,618.36,612.89,617.01,,,590.2454999999992,628.7728,625.0319047619035
1742382000,617.01,620.34,615.52,617.21,,,590.6500499999992,628.5908000000001,624.3785714285701
1742385600,617.2,617.52,606.17,607.48,,,591.0590999999993,628.4022,623.7271428571415
1742389200,607.5,611.5,604.5,609.16,,,591.4524999999992,628.162,623.3766666666654
1742392800,609.14,613.41,608.89,612.64,,,591.8656499999993,627.8557999999999,622.888095238094
1742396400,612.64,612.66,608.91,609.89,,,592.2868499999993,627.5251999999999,621.9295238095225
1742400000,609.89,616.42,607.56,614.74,,,592.7831999999992,627.132,620.7428571428559
1742403600,614.73,615.4,610.33,612.55,,,593.2010999999992,626.5038,619.8666666666654
1742407200,612.55,622.33,609.7,621.1,,,593.6139999999992,626.0713999999999,618.678095238094
1742410800,621.1,621.8,614.21,615.37,,,594.0349499999992,625.7715999999999,617.8461904761892
1742414400,615.37,616.14,612.76,614.57,,,594.3959499999992,625.4421999999998,617.0257142857131
1742418000,614.57,617.65,614.49,615.65,,,594.7446999999992,625.0991999999999,616.6876190476178
1742421600,615.64,618.76,615.6,618.33,,,595.1093999999993,624.7511999999999,616.0138095238083
1742425200,618.32,620.7,617.29,618.53,,,595.3697499999993,624.6277999999999,615.3838095238082
1742428800,618.54,625.67,618.54,623.52,,,595.6328999999992,624.4005999999999,615.025714285713
1742432400,623.52,626.4,618.76,618.83,,,595.8816999999992,624.1345999999999,615.135714285713
1742436000,618.83,624.53,617.49,624.52,,,596.2112499999992,623.8849999999999,615.3542857142844
1742439600,624.5,628.31,624.22,624.87,,,596.5493999999992,623.7703999999999,615.5895238095226
1742443200,624.88,627.72,623.82,626.79,,,596.8926999999992,623.5866,615.6233333333321
1742446800,626.79,627.03,623.71,626.15,,,597.2369999999993,623.4961999999999,615.9461904761891
1742450400,626.16,628.54,625.78,627.16,,,597.6152499999992,623.2384,616.3490476190464
1742454000,627.16,629.56,624.43,624.5,,,597.9651499999992,623.0514,616.8899999999987
1742457600,624.5,625.26,620.93,623.44,,,598.3334499999992,623.0726,617.3066666666654
1742461200,623.45,637.87,623.45,635.05,,,598.6812499999992,623.0192,617.9080952380939
1742464800,635.05,635.06,627.67,633.43,,,599.0170999999991,622.9763999999999,618.2647619047606
1742468400,633.44,636.7,626.84,626.9,,,599.3633499999992,622.8925999999999,618.5614285714272
1742472000,626.89,630.95,623.93,627.03,,,599.7192999999992,622.7062,619.8742857142844
1742475600,627.04,627.74,624.14,624.98,,,600.0742499999992,622.5644,621.0299999999986
1742479200,624.94,629.23,624.77,627.9,,,600.4260499999991,622.6023999999999,621.7090476190463
1742482800,627.9,627.95,621.64,624.18,,,600.7918499999992,622.4626,622.5252380952368
1742486400,624.19,624.64,616.78,617.98,,,601.1489999999992,622.2335999999999,623.0128571428558
1742490000,617.98,624.01,617.84,622.06,,,601.5491999999991,622.0803999999999,623.7438095238082
1742493600,622.06,626.21,620.67,625.32,,,601.9710999999992,621.9576000000001,623.8904761904748
1742497200,625.32,628.57,625.1,627.25,,,602.3716499999992,621.9514,624.0147619047606
1742500800,627.25,629.58,625.45,629.46,,,602.7681999999992,621.9476,624.3714285714273
1742504400,629.46,632.68,628.74,632.57,,,603.1317999999992,621.7578,624.8319047619034
1742508000,632.57,632.83,629.9,629.96,,,603.5112499999992,621.6468,625.2566666666653
1742511600,629.97,630.83,628.94,630.66,,,603.8543499999992,621.4716,625.7771428571416
1742515200,630.66,631.47,627.37,627.79,,,604.1552499999992,621.3958,626.2080952380938
1742518800,627.79,629.12,626.35,629.11,,,604.4728499999992,621.288,626.7380952380939
1742522400,629.1,631.17,627.94,629.32,,,604.8133999999992,621.2952,627.0304761904748
1742526000,629.32,630.38,627.34,629.59,,,605.1553999999992,621.2988,627.1695238095225
1742529600,629.59,630.77,628.58,630.44,,,605.4898499999993,621.3480000000001,627.2799999999986
1742533200,630.43,633.19,629.57,633.12,,,605.8783999999991,621.3134,627.430952380951
1742536800,633.12,634.08,628.96,630.65,,,606.2286499999992,621.3396,627.5466666666654
1742540400,630.65,633.11,628.91,629.03,,,606.6205499999992,621.4626000000001,627.8295238095225
1742544000,629.03,630.44,625.05,629.89,,,606.9700499999992,621.734,628.2904761904748
1742547600,629.89,632.63,628.47,632.59,,,607.3315999999992,622.064,628.080952380951
1742551200,632.59,635.54,631.11,634.97,,,607.6682999999991,622.3548,627.8714285714273
1742554800,634.96,635.68,632.99,634.82,,,607.9831999999991,622.6053999999999,628.0138095238082
1742558400,634.82,636.56,630.57,630.81,,,608.2912999999991,622.8312000000001,628.2785714285701
1742562000,630.81,635.96,630.8,635.61,,,608.6008999999991,623.1008,628.7542857142844
1742565600,635.61,637.3,632.45,635.94,,,608.890699999999,623.444,629.0838095238082
1742569200,635.94,637.13,632.97,633.86,,,609.1874999999991,623.7954,629.3995238095225
1742572800,633.84,636.49,631.15,636.29,,,609.4975499999991,624.2012,630.2390476190462
1742576400,636.28,636.83,634.71,635.64,,,609.786849999999,624.4772,630.8999999999987
1742580000,635.64,636.58,634.43,635.94,,,610.089249999999,624.8452000000001,631.3066666666654
1742583600,635.94,636.15,633.32,634.89,,,610.3779999999991,625.4144,631.7371428571416
1742587200,634.9,635.16,631.39,631.76,,,610.6317499999991,625.9084,632.0314285714272
1742590800,631.76,636.02,631.5,635.25,,,610.9318999999991,626.3814000000001,632.1919047619035
1742594400,635.25,635.76,633.56,634.13,,,611.2187999999991,626.8964000000001,632.4266666666654
1742598000,634.13,635.83,633.94,634.76,,,611.4975999999991,627.3204000000001,632.4790476190464
1742601600,634.76,635.15,632.84,634.47,,,611.7997999999991,627.7672,632.8342857142844
1742605200,634.47,635.87,631.95,632.33,,,612.0811499999991,627.9803999999999,633.0733333333321
1742608800,632.33,633.7,630.82,631.22,,,612.3556499999992,628.378,633.3323809523797
1742612400,631.22,631.54,628.71,630.26,,,612.6378499999992,628.7692000000001,633.5647619047608
1742616000,630.26,630.27,627.75,629.8,,,612.9075999999991,629.1514,633.6547619047608
1742619600,629.78,630.15,628.23,629.55,,,613.1638499999991,629.4742,633.5642857142846
1742623200,629.55,632.27,628.49,632.03,,,613.4382499999991,629.7502,633.5457142857131
1742626800,632.03,633.14,630.33,630.93,,,613.7059499999991,629.9042,633.5823809523798
1742630400,630.93,632.13,629.69,631.37,,,613.9768999999992,630.1328,633.5661904761894
1742634000,631.38,632.81,630.7,630.8,,,614.2771999999991,630.2384,633.5395238095227
1742637600,630.8,631.19,627.76,628.08,,,614.5407999999992,630.332,633.3471428571418
1742641200,628.08,628.47,625.52,627.53,,,614.8067499999992,630.4368,633.182857142856
1742644800,627.53,628.83,627.13,627.38,,,615.0878499999992,630.5323999999999,633.1823809523797
1742648400,627.39,628.63,626.71,627.69,,,615.3651999999992,630.6166,632.8238095238082
1742652000,627.69,627.83,624.44,624.44,,,615.6389499999991,630.7425999999999,632.423333333332
1742655600,624.44,625.82,623.6,625.58,,,615.8953499999992,630.8354,632.1147619047607
1742659200,625.58,626.13,623.8,625.91,,,616.1414999999993,630.685,631.7052380952368
1742662800,625.9,626.79,625.65,626.28,,,616.3866499999992,630.564,631.1719047619035
1742666400,626.28,626.82,624.86,625.95,,,616.6188999999991,630.5798,630.6785714285702
1742670000,625.95,626.79,625.14,625.96,,,616.8434999999993,630.5279999999999,630.250952380951
1742673600,625.96,628.8,625.63,627.42,,,617.0556499999992,630.54,629.9899999999988
1742677200,627.42,628.57,625.25,625.62,,,617.2820499999992,630.5002,629.5471428571416
1742680800,625.62,627.63,625.6,627.12,,,617.4991499999992,630.5422,629.158095238094
1742684400,627.12,627.37,624.64,626.79,,,617.7438499999993,630.7016,628.8085714285702
1742688000,626.79,628.34,625.07,627.67,,,617.9811499999992,630.7796,628.3871428571417
1742691600,627.67,629.09,623.89,624.27,,,618.2154499999992,630.8215999999999,628.1390476190466
1742695200,624.27,625.06,623.01,623.96,,,618.4490499999991,630.789,627.928095238094
1742698800,623.96,624.55,622.84,623.85,,,618.6865499999992,630.7421999999999,627.8047619047607
1742702400,623.85,624.2,622.18,622.66,,,618.9343499999992,630.6265999999999,627.5414285714273
1742706000,622.68,624.18,622.27,624.17,,,619.1507999999991,630.5808,627.2752380952369
1742709600,624.17,624.21,622.75,622.81,,,619.3681499999991,630.453,626.8857142857131
1742713200,622.81,624.07,622.65,622.83,,,619.5803499999993,630.3764,626.4919047619036
1742716800,622.83,623.98,622.14,622.16,,,619.7903999999992,630.2711999999999,626.1490476190464
1742720400,622.16,622.84,621.31,621.4,,,619.9914999999992,630.1379999999999,625.7685714285702
1742724000,621.43,621.74,619.91,620.83,,,620.1852999999992,630.0296,625.5185714285702
1742727600,620.83,624.31,620.78,621.58,,,620.3636999999992,629.877,625.262857142856
1742731200,621.58,623.35,620.66,623.18,,,620.5478999999992,629.6712,624.9780952380939
1742734800,623.18,624.47,622.4,624.05,,,620.7399999999992,629.5014,624.6514285714273
1742738400,624.05,624.24,622.05,622.59,,,620.9155499999993,629.3488,624.5152380952369
1742742000,622.57,623.48,621.23,621.25,,,621.0921999999993,629.1676,624.4009523809511
1742745600,621.26,622.55,619.48,621.29,,,621.2471999999992,628.9474,624.3123809523797
1742749200,621.3,623.01,620.88,622.84,,,621.3863999999992,628.7116000000001,624.1366666666654
1742752800,622.84,623.91,621.88,623.19,,,621.5295499999992,628.4962,623.912857142856
1742756400,623.19,623.64,622.54,622.94,,,621.6712999999992,628.3318,623.690476190475
1742760000,622.94,623.62,621.94,623.58,,,621.8144999999993,628.0446,623.4723809523797
1742763600,623.58,623.65,622.45,623.43,,,621.9657999999993,627.7516,623.3566666666654
1742767200,623.42,624.22,620.44,621.77,,,622.1070499999992,627.5312000000001,623.1576190476178
1742770800,621.78,623.62,621.23,623.58,,,622.2596499999993,627.2692000000001,623.0047619047606
1742774400,623.58,627.16,622.47,622.69,,,622.3970999999992,627.0152000000002,622.8028571428558
1742778000,622.69,622.85,619.25,619.27,,,622.5270499999992,626.7680000000001,622.6838095238082
1742781600,619.27,621.56,618.15,621.14,,,622.6556499999992,626.5388000000002,622.665714285713
1742785200,621.14,626.07,621.01,623.25,,,622.7902999999992,626.339,622.6104761904749
1742788800,623.24,625.1,623.24,624.66,,,622.9242499999993,626.1056000000001,622.4490476190463
1742792400,624.66,625.56,622.95,625.12,,,623.0444499999993,625.8768000000001,622.3047619047605
1742796000,625.12,626.02,623.06,623.09,,,623.1709499999993,625.5670000000001,622.3257142857129
1742799600,623.09,623.87,620.76,623.08,,,623.2736999999993,625.3004000000001,622.4128571428557
1742803200,623.1,626.5,622.34,626.14,,,623.3457999999993,625.1188000000001,622.5538095238082
1742806800,626.14,628.03,626.12,627.95,,,623.3765499999993,624.9876,622.6342857142844
1742810400,627.95,629.81,627.93,629.23,,,623.4242499999992,624.8848000000002,622.7414285714273
1742814000,629.23,632.11,628.85,630.76,,,623.4828999999993,624.7506000000001,622.95857142857
1742817600,630.76,631.72,626.57,626.79,,,623.5289499999992,624.6212,623.185714285713
1742821200,626.79,627.83,624.66,626.37,,,623.5638499999993,624.5034,623.4323809523796
1742824800,626.36,630.4,626.18,627.06,,,623.5994999999992,624.4438,623.8214285714272
1742828400,627.06,632.15,626.51,630.94,,,623.6158499999992,624.4010000000001,624.0852380952367
1742832000,630.94,638.94,629.88,635.77,,,623.6523499999992,624.4002000000002,624.3271428571416
1742835600,635.77,639.47,635.3,638.12,,,623.7301499999993,624.3744000000002,624.5280952380939
1742839200,638.15,638.47,635.24,636.81,,,623.8188999999993,624.3512000000001,624.8971428571415
1742842800,636.82,637.12,635.58,636.33,,,623.9255999999993,624.3448000000001,625.5080952380938
1742846400,636.33,638.44,635.85,636.7,,,624.0187999999993,624.4098,626.2004761904749
1742850000,636.7,636.94,634.65,635.4,,,624.1051999999993,624.6364,626.8376190476176
1742853600,635.4,635.47,632.32,635.4,,,624.1983999999992,624.8872,627.530952380951
1742857200,635.39,637.1,634.48,637.07,,,624.3280499999993,625.1052000000001,628.155714285713
1742860800,637.06,641.87,635.87,636.64,,,624.4729999999993,625.3062,628.7609523809509
1742864400,636.64,636.96,633.26,636.33,,,624.6523499999993,625.5212,629.5290476190463
1742868000,636.33,639.87,635.23,639.45,,,624.8351999999992,625.71,630.2876190476177
1742871600,639.42,641.68,637.73,640.2,,,625.0415999999992,625.8696000000001,630.9252380952368
1742875200,640.21,640.3,638.58,640.05,,,625.2236499999992,626.0986,631.4809523809511
1742878800,640.05,643.84,639.53,642.78,,,625.4177499999993,626.2890000000001,632.1633333333318
1742882400,642.78,645,642.54,643.31,,,625.5863499999992,626.4798000000001,632.9780952380938
1742886000,643.31,644.14,639.45,641.5,,,625.7672499999993,626.7154,633.7861904761891
1742889600,641.5,641.66,639.45,640.23,,,625.9324999999993,627.0340000000001,634.5785714285701
1742893200,640.23,643.68,640.23,640.35,,,626.0938499999992,627.3558,635.3099999999986
1742896800,640.35,640.72,636.85,637.27,,,626.2797499999992,627.7344,635.8942857142844
1742900400,637.25,639.61,633.12,634.43,,,626.4875999999992,628.1474000000001,636.3452380952367
1742904000,634.43,634.79,631.05,631.09,,,626.6810499999992,628.4940000000001,636.990952380951
1742907600,631.07,635.52,630.94,632.93,,,626.8785999999993,628.8424000000001,637.5099999999986
1742911200,632.93,635.69,632.23,634.29,,,627.1020999999993,629.1928,637.860952380951
1742914800,634.3,635.19,633.41,634.02,,,627.2980999999992,629.4950000000001,637.8680952380938
1742918400,634.02,634.05,630.12,632.35,,,627.4537999999992,629.7556000000001,637.7328571428558
1742922000,632.35,633.69,631.45,631.82,,,627.5700499999991,629.9608000000001,637.5504761904748
1742925600,631.82,632.09,630.27,630.56,,,627.6332999999992,630.1878,637.4176190476177
1742929200,630.55,631.77,630.53,631.38,,,627.6770999999992,630.4100000000001,637.2280952380938
1742932800,631.38,632.57,630.93,631.74,,,627.7049999999992,630.6094,636.9957142857129
1742936400,631.74,632.18,630.44,630.49,,,627.7453499999991,630.8046,636.7652380952367
1742940000,630.49,630.65,627.2,629.32,,,627.7697499999991,631.0160000000001,636.5738095238081
1742943600,629.32,630.16,627.82,630,,,627.7906499999991,631.2014,636.3199999999986
1742947200,630,630.71,629.37,630.5,,,627.7846999999991,631.3722000000001,636.0271428571415
1742950800,630.5,631.88,630.3,631.86,,,627.7594499999991,631.5432000000001,635.693333333332
1742954400,631.86,632.07,627.74,627.8,,,627.7177999999991,631.6942,635.243333333332
1742958000,627.81,629.97,627.74,628.22,,,627.720799999999,631.8090000000001,634.7814285714272
1742961600,628.22,630.9,628.09,629.68,,,627.7413499999991,631.9404000000001,634.3914285714272
1742965200,629.65,631.59,629.58,630.89,,,627.7619999999991,632.1150000000001,633.6780952380939
1742968800,630.88,632.59,630.88,632.26,,,627.7491499999992,632.2806000000002,632.9595238095225
1742972400,632.26,634.16,631.95,633.58,,,627.7493999999991,632.3828000000001,632.3966666666654
1742976000,633.58,633.9,632.32,632.43,,,627.7655499999992,632.5618000000001,631.9519047619035
1742979600,632.43,632.48,630.14,630.38,,,627.7911999999992,632.7326,631.5666666666652
1742983200,630.4,632.28,630.36,631.82,,,627.7908499999992,632.8854,631.390952380951
1742986800,631.82,632.66,631.39,631.51,,,627.7912999999992,633.0374,631.295714285713
1742990400,631.51,631.55,629.42,630.07,,,627.8193999999992,633.2066000000001,631.2619047619033
1742994000,630.07,630.08,625.25,625.74,,,627.8352499999992,633.3934000000002,631.2090476190463
1742997600,625.74,627.13,623.32,625.3,,,627.8563499999992,633.5394000000001,631.0766666666653
1743001200,625.3,626.99,623.62,624.69,,,627.8656499999993,633.6530000000001,630.8885714285701
1743004800,624.7,625.09,622.15,622.57,,,627.8584499999993,633.7242000000001,630.5738095238082
1743008400,622.56,623.12,620.15,620.55,,,627.8912999999992,633.7410000000001,630.2633333333321
1743012000,620.55,621.07,617.51,617.85,,,627.9030999999992,633.6406000000001,629.9838095238083
1743015600,617.85,619.9,615.51,618.52,,,627.9191999999993,633.6108,629.5642857142846
1743019200,618.52,619.99,617.98,619.76,,,627.9127999999992,633.5772000000001,629.0314285714273
1743022800,619.78,621.06,617.37,620.22,,,627.8723999999993,633.4874000000001,628.4295238095226
1743026400,620.22,620.22,616.01,617.79,,,627.8462499999991,633.2796000000001,627.9152380952369
1743030000,617.79,618.23,615.9,618.08,,,627.8039499999992,632.9212000000001,627.4276190476178
1743033600,618.08,621.64,617.31,621.57,,,627.7146999999993,632.5292000000002,626.938095238094
1743037200,621.57,624.25,621.56,624.02,,,627.6256999999991,632.1882,626.268095238094
1743040800,624.02,626.44,623.91,626.11,,,627.5414999999992,631.8660000000001,625.8052380952369
1743044400,626.11,626.85,624.78,626.69,,,627.4784999999991,631.4878000000001,625.4885714285701
1743048000,626.69,627.78,625.19,627.66,,,627.4362499999992,631.1414000000001,625.2190476190464
1743051600,627.66,628.52,626.23,626.5,,,627.4154999999993,630.8648000000001,624.9914285714273
1743055200,626.5,635.22,626.49,634.33,,,627.3670999999993,630.6038000000001,624.7261904761891
1743058800,634.33,636.96,633.02,635.4,,,627.3194499999993,630.3932000000001,624.4442857142843
1743062400,635.4,640.95,634.96,640.89,,,627.2568999999993,630.2004000000001,624.1619047619033
1743066000,640.89,642.48,636.3,636.82,,,627.2217999999992,629.9646,624.3499999999987
1743069600,636.81,638.32,633.89,635.01,,,627.1780999999993,629.6906,624.5204761904748
1743073200,635.01,637.1,632.66,632.85,,,627.1504999999993,629.5762,624.9671428571414
1743076800,632.85,633.51,625.97,628.31,,,627.1398999999992,629.4286,625.28857142857
1743080400,628.31,634.42,626.37,633.58,,,627.1313999999993,629.3802,625.7299999999987
1743084000,633.59,637.53,631.67,637.25,,,627.1554499999993,629.2865999999999,626.0895238095225
1743087600,637.26,639.83,636.05,637.06,,,627.1934499999993,629.1822,626.2619047619033
1743091200,637.06,638.99,635.33,635.36,,,627.2820499999993,629.0322,626.7861904761891
1743094800,635.36,638.5,635.35,637.66,,,627.3860499999993,628.8530000000001,627.5814285714272
1743098400,637.66,640.29,637.47,639.4,,,627.4913999999993,628.836,628.4961904761891
1743102000,639.4,641.52,638.39,639.74,,,627.5627499999993,628.9592,629.2980952380939
1743105600,639.74,640.77,638.1,640.16,,,627.6136999999993,629.0418,630.1504761904748
1743109200,640.16,640.64,638.3,639.28,,,627.6928999999993,629.0631999999999,631.0638095238081
1743112800,639.28,639.44,637.42,638.42,,,627.7970999999993,629.136,632.1090476190462
1743116400,638.42,638.49,636.69,637.33,,,627.9052499999993,629.2769999999999,633.1604761904748
1743120000,637.33,637.33,633.75,636.38,,,627.9950499999992,629.4354,634.0038095238082
1743123600,636.39,637.15,634.31,636.27,,,628.1106999999993,629.6273999999999,634.6895238095224
1743127200,636.25,636.37,632.82,633,,,628.2226499999992,629.7854,635.2238095238082
1743130800,633,633.68,632.07,633.34,,,628.3352999999993,629.919,635.6852380952367
1743134400,633.35,634.93,628.85,630.9,,,628.4986999999993,630.0558,636.0952380952367
1743138000,630.89,632.23,628.09,629.29,,,628.6492999999992,630.197,636.4047619047606
1743141600,629.3,633.44,628.64,631.33,,,628.7781999999993,630.3224,636.3576190476176
1743145200,631.34,633.11,627.7,628.49,,,628.9153999999994,630.3724,636.143333333332
1743148800,628.49,630.65,626.66,627.04,,,629.0235999999993,630.4019999999999,635.590952380951
1743152400,627.04,629.9,626.63,628.84,,,629.1421999999993,630.4639999999999,635.3295238095225
1743156000,628.85,631.69,628.29,628.54,,,629.2016999999994,630.4853999999999,635.0190476190462
1743159600,628.53,633.81,626.92,633.55,,,629.2915499999995,630.5183999999999,634.7423809523796
1743163200,633.55,633.65,627.41,628.43,,,629.3731999999994,630.4703999999999,634.7676190476177
1743166800,628.43,629.94,626.25,626.53,,,629.4413999999994,630.3659999999999,634.5276190476177
1743170400,626.54,627.56,623.71,625.4,,,629.5063999999994,630.2711999999999,634.3514285714273
1743174000,625.4,628,624.92,625.26,,,629.5561999999994,630.1933999999999,633.9404761904748
1743177600,625.26,626.22,621.29,621.77,,,629.5737999999994,630.2567999999999,633.5199999999986
1743181200,621.75,625.07,620.64,625.04,,,629.6238499999995,630.1889999999999,632.936190476189
1743184800,625.03,626.52,621.58,621.69,,,629.6439499999994,630.0894,632.2628571428558
1743188400,621.7,622.13,618.87,618.98,,,629.6873499999995,629.9959999999999,631.4071428571415
1743192000,618.96,620.46,616.58,616.73,,,629.6955499999995,629.9863999999999,630.6871428571415
1743195600,616.76,618.07,615.85,616.55,,,629.6974499999995,629.9157999999999,629.8495238095225
1743199200,616.55,619.63,616.28,619.63,,,629.6886499999996,629.9227999999999,628.9238095238082
1743202800,619.63,620.02,617.97,619.61,,,629.6924499999996,629.9051999999999,627.9428571428559
1743206400,619.6,623.46,618.66,621.46,,,629.6840999999995,629.8738,626.9985714285701
1743210000,621.45,622.15,617.51,618.48,,,629.6340499999994,629.8514,626.2061904761891
1743213600,618.48,619.45,611.85,612.14,,,629.5753499999995,629.812,625.5685714285701
1743217200,612.14,614.36,609.13,612.74,,,629.5357499999996,629.8094,625.0028571428558
1743220800,612.76,613.86,610.34,610.74,,,629.4842499999995,629.7972,624.4114285714271
1743224400,610.74,610.79,606.25,606.69,,,629.4420999999995,629.8706,623.5947619047605
1743228000,606.69,606.86,602.74,606.85,,,629.4007499999996,629.8786,622.7095238095224
1743231600,606.88,609.53,604.52,607.54,,,629.3778999999996,629.69,621.8642857142844
1743235200,607.55,610.52,606.76,609.17,,,629.3952999999997,629.4644000000001,620.8952380952368
1743238800,609.17,609.19,603.66,606.97,,,629.3773999999996,629.1569999999999,619.848095238094
1743242400,606.97,607.91,603.43,604.1,,,629.3114999999996,628.757,618.848095238094
1743246000,604.1,606.04,599.01,600.79,,,629.2389499999996,628.3408000000001,617.6871428571416
1743249600,600.79,605.24,599.57,602.89,,,629.1453499999996,627.9616000000001,616.6652380952368
1743253200,602.89,607.69,602.67,607.66,,,629.0159499999995,627.4584,615.5971428571415
1743256800,607.64,608.2,605.03,606.28,,,628.9003999999995,626.8897999999999,614.4252380952369
1743260400,606.29,608.16,604.3,604.38,,,628.7847999999996,626.154,613.3599999999986
1743264000,604.39,606.98,601.12,601.75,,,628.6916999999995,625.4334,612.688095238094
1743267600,601.75,605.38,596.86,600.53,,,628.5809999999997,624.7909999999999,611.7947619047607
1743271200,600.52,603.31,598.85,602.91,,,628.4548999999996,624.2872,610.970476190475
1743274800,602.92,605.46,602.02,605.42,,,628.3108999999995,623.8466,610.1499999999988
1743278400,605.45,605.7,600.91,601.28,,,628.1731499999995,623.2625999999999,609.3785714285702
1743282000,601.28,603.44,600.73,602.04,,,628.0458499999995,622.5526,608.7290476190465
1743285600,602.04,603.56,600.96,601.17,,,627.9239999999995,621.8219999999999,608.0523809523797
1743289200,601.17,603.61,600.72,602.65,,,627.8007499999995,621.173,607.1795238095226
1743292800,602.64,604.61,600.32,603.45,,,627.6600499999996,620.5282,606.2547619047607
1743296400,603.45,607.27,603.43,606.12,,,627.4997499999995,619.7657999999999,605.430476190475
1743300000,606.13,611.88,605.94,611.38,,,627.3394499999996,619.0117999999999,604.9785714285701
1743303600,611.36,613.09,608.53,608.91,,,627.1924499999996,618.2319999999999,604.5361904761893
1743307200,608.91,612.16,608.8,610.94,,,627.0447999999996,617.4993999999999,604.3161904761893
1743310800,610.96,612.19,609.64,609.86,,,626.8769499999995,616.8,604.5395238095225
1743314400,609.86,610.11,607.04,607.6,,,626.7030999999995,616.1758,604.6376190476178
1743318000,607.6,609.38,606.31,606.41,,,626.5470499999996,615.6758,604.7995238095225
1743321600,606.42,608.51,605.25,608.26,,,626.3828499999995,615.1285999999999,604.8323809523797
1743325200,608.27,610.16,607.2,607.83,,,626.2352499999996,614.6874,604.8623809523798
1743328800,607.83,608.55,603.95,606.14,,,626.1124499999996,614.2178,604.9723809523797
1743332400,606.15,607.69,604.13,604.83,,,625.9825499999995,613.7517999999999,605.328095238094
1743336000,604.83,605.96,602.67,604.79,,,625.8784499999995,613.2941999999999,605.5633333333321
1743339600,604.79,605.52,601,601.35,,,625.7514999999995,612.8328,605.4909523809512
1743343200,601.35,604.92,600.9,604.34,,,625.6188499999995,612.4196,605.4219047619035
1743346800,604.35,606.58,601.76,601.92,,,625.4770999999995,612.0015999999999,605.4414285714273
1743350400,601.92,602.99,598.8,600.03,,,625.3460499999995,611.5214,605.4223809523797
1743354000,600.03,601.4,597.93,600.75,,,625.2235499999995,611.0463999999998,605.6038095238083
1743357600,600.75,604.78,600.13,604.78,,,625.0981499999995,610.4024,605.5566666666654
1743361200,604.79,605.82,603.42,603.67,,,624.9709999999994,609.9205999999998,605.2999999999987
1743364800,603.68,603.91,601.28,601.49,,,624.8459499999994,609.4283999999998,605.2747619047607
1743368400,601.49,602.63,598.17,599.23,,,624.7049499999995,608.9209999999998,605.4052380952368
1743372000,599.23,602.27,593.48,601.28,,,624.5664999999995,608.4307999999997,605.5242857142845
1743375600,601.27,602.01,598.23,601.92,,,624.4214499999994,608.0909999999999,605.4690476190465
1743379200,601.92,602.41,595.46,596.69,,,624.2647499999994,607.6635999999999,605.268095238094
1743382800,596.69,604.64,596.57,604.32,,,624.1144999999993,607.2595999999999,605.0376190476178
1743386400,604.32,606.58,602.3,603.94,,,623.9979999999994,606.8645999999999,604.5871428571417
1743390000,603.94,604.82,598.95,599.27,,,623.8786999999994,606.5555999999999,604.0052380952369
1743393600,599.27,602.79,599.1,601.6,,,623.7492499999994,606.2629999999999,603.6899999999988
1743397200,601.6,604.58,601.38,602.2,,,623.6069499999993,605.8041999999999,603.408095238094
1743400800,602.21,603.07,599.1,599.34,,,623.4911499999994,605.4984,603.0114285714274
1743404400,599.34,600.98,594.49,595.81,,,623.3728499999994,605.1479999999999,602.7823809523798
1743408000,595.81,597.82,591.79,591.95,,,623.2267499999994,604.7638,602.4938095238083
1743411600,591.95,593.1,587.3,589.25,,,623.1169499999993,604.553,602.0895238095227
1743415200,589.23,596,587.7,595.09,,,623.0068999999994,604.3422,601.5976190476179
1743418800,595.09,596.56,592.36,595.63,,,622.8734499999994,604.1142,600.9842857142845
1743422400,595.63,602.09,594.09,600.26,,,622.7443499999994,603.8966,600.2442857142845
1743426000,600.25,603.03,594,598.19,,,622.6272499999994,603.5986,599.9461904761894
1743429600,598.17,606.51,598.17,605.14,,,622.4883499999994,603.2328,599.5314285714276
1743433200,605.14,606.16,602.36,604.19,,,622.3334499999994,602.9512,599.4523809523798
1743436800,604.19,606.05,602.93,604.2,,,622.1548499999993,602.7244000000001,599.3647619047608
1743440400,604.23,608.82,603.2,605.37,,,621.9797499999994,602.6475999999999,599.5738095238084
1743444000,605.37,607.91,605.28,607.27,,,621.8353999999994,602.5956,599.5457142857132
1743447600,607.27,607.71,604.96,605.16,,,621.6942999999993,602.6406,599.5709523809513
1743451200,605.15,607.2,604.7,605.14,,,621.5822999999993,602.5712,599.7557142857133
1743454800,605.14,606.78,605.11,606,,,621.4523999999993,602.5296,600.1385714285703
1743458400,606,606,603.46,604.88,,,621.3640499999993,602.5494,600.3233333333324
1743462000,604.88,606.45,604.3,604.78,,,621.2708499999993,602.6597999999999,600.4766666666658
1743465600,604.78,607.13,604.35,607,,,621.1810499999993,602.7524,600.919999999999
1743469200,607,607,604.81,605.56,,,621.1008999999993,602.797,600.9466666666657
1743472800,605.56,608.19,605.48,608.15,,,621.0330999999992,602.8086,600.9866666666657
1743476400,608.15,609.67,607.95,608.99,,,620.9509999999993,602.8806000000001,601.354761904761
1743480000,608.99,609.35,608.04,609.21,,,620.8607999999992,602.9354,601.5433333333324
1743483600,609.18,610.51,607.41,607.43,,,620.7705499999993,603.052,601.8266666666657
1743487200,607.43,611.22,606.68,610.59,,,620.6819999999993,603.1102000000001,602.2861904761895
1743490800,610.59,611.23,608.42,610.27,,,620.5996499999993,603.2042,602.9242857142848
1743494400,610.28,617.28,610.24,615.82,,,620.5281999999993,603.2616,603.6614285714277
1743498000,615.85,618.36,614.19,616.48,,,620.4417999999993,603.2182,604.6776190476181
1743501600,616.48,616.72,609.24,609.36,,,620.3665999999993,603.1886,605.4004761904753
1743505200,609.35,609.51,606.41,607.49,,,620.2968499999994,603.1816,606.3619047619038
1743508800,607.49,615.6,607.41,612.93,,,620.2249999999993,603.1898,607.1342857142847
1743512400,612.93,615.21,612.17,614.39,,,620.1449999999993,603.3542,607.6661904761895
1743516000,614.39,616.87,611.64,615.41,,,620.0890999999993,603.5556,607.7780952380942
1743519600,615.41,617.2,614.85,615.2,,,620.0225499999993,603.5776,608.1942857142848
1743523200,615.2,615.64,610.49,610.63,,,619.9881999999994,603.5708,608.6795238095228
1743526800,610.63,611.14,607.26,609.36,,,619.9742499999994,603.7066,609.157619047618
1743530400,609.36,609.74,607.44,608.14,,,619.9153499999994,603.8978,609.535238095237
1743534000,608.14,608.8,606.75,608.55,,,619.8365499999994,604.1102,609.7957142857132
1743537600,608.55,609.67,607.6,609.63,,,619.7778999999995,604.3872,609.9966666666656
1743541200,609.63,610.88,608.49,608.94,,,619.7242499999994,604.5129999999999,610.0985714285705
1743544800,608.94,614.49,608.74,610.19,,,619.6858499999994,604.6618,610.2733333333324
1743548400,610.18,611.83,608.55,611.03,,,619.6464499999994,604.8240000000001,610.5042857142847
1743552000,611.01,611.65,607.49,607.87,,,619.5688999999993,604.98,610.5966666666657
1743555600,607.87,608.91,606.31,607.01,,,619.4759499999993,605.077,610.8171428571418
1743559200,607.01,607.32,601.23,601.23,,,619.3704999999994,605.1824,610.9542857142847
1743562800,601.23,604.51,600.88,601.39,,,619.2594499999993,605.3563999999999,610.9009523809514
1743566400,601.39,602.24,600.09,600.65,,,619.1736499999994,605.5923999999999,610.7961904761894
1743570000,600.65,600.67,596.94,597.29,,,619.0864999999993,605.7241999999999,610.5009523809514
1743573600,597.29,600.91,597.16,598.62,,,619.0021499999993,605.826,610.0628571428562
1743577200,598.62,601.45,598.28,601.01,,,618.9025999999993,605.9168,609.604761904761
1743580800,601.01,606.52,600.86,603.33,,,618.7630999999994,605.8581999999999,608.72238095238
1743584400,603.35,606.46,601.58,602.57,,,618.6075499999993,605.7923999999999,607.8719047619038
1743588000,602.57,603.17,600.57,600.73,,,618.4296499999994,605.7527999999999,607.4742857142849
1743591600,600.72,602.47,599.51,599.84,,,618.2549499999993,605.6931999999999,607.2761904761895
1743595200,599.84,601.81,598.63,601.77,,,618.0746999999993,605.6694,606.7828571428562
1743598800,601.77,605.7,599.31,603.1,,,617.8841499999994,605.7491999999999,606.1323809523801
1743602400,603.1,605.02,602.28,604.17,,,617.7002499999994,605.8843999999999,605.3909523809516
1743606000,604.17,609.89,598.9,604.47,,,617.5199499999994,606.06,604.7514285714277
1743609600,604.47,607.4,603.77,606.46,,,617.3533999999995,606.2718,604.3928571428563
1743613200,606.46,607.59,601.8,603.6,,,617.1845999999995,606.4054,604.1457142857134
1743616800,603.6,605.39,602.27,603.78,,,616.9909999999995,606.5548,603.9709523809515
1743620400,603.78,605.97,603.34,605.66,,,616.7891999999995,606.6329999999999,603.8714285714277
1743624000,605.65,611.6,599.48,602.7,,,616.5977999999994,606.7585999999999,603.5842857142849
1743627600,602.69,602.97,597.18,600.54,,,616.3993999999994,606.785,603.3385714285706
1743631200,600.54,600.54,585.01,586.89,,,616.2036999999993,606.7732,603.1228571428562
1743634800,586.88,591.56,585.2,590.57,,,616.0185499999993,606.7647999999999,602.7261904761896
1743638400,590.57,596.83,588.13,596.76,,,615.8496999999993,606.7706,602.377142857142
1743642000,596.77,602.53,596.33,601.61,,,615.6659499999994,606.6791999999999,601.4190476190468
1743645600,601.61,610.16,599.33,603.27,,,615.4984999999994,606.5867999999999,600.9114285714277
1743649200,603.28,603.56,597.11,601.11,,,615.3546499999994,606.2217999999999,600.6909523809516
1743652800,601.13,604.52,600.75,603.06,,,615.2126999999994,605.9132,600.7366666666659
1743656400,603.06,609.12,602.86,608.07,,,615.0507499999994,605.7507999999999,601.0214285714277
1743660000,608.06,609.13,603.47,603.92,,,614.8137499999993,605.6874,601.1399999999992
1743663600,603.92,605.79,598.91,599.96,,,614.5964999999993,605.6128,601.2376190476182
1743667200,599.96,602.18,595.43,597.94,,,614.4185499999994,605.5237999999999,601.4633333333325
1743670800,597.92,600.62,597.14,598.71,,,614.2674999999995,605.422,601.5276190476181
1743674400,598.69,598.94,593.89,594.16,,,614.1310499999994,605.4036,601.4909523809514
1743678000,594.16,595.63,592.56,593.06,,,613.9796999999994,605.2977999999999,601.4004761904753
1743681600,593.07,594.26,584.9,585.27,,,613.8362999999994,605.1483999999999,601.254761904761
1743685200,585.27,591.12,584.61,587.68,,,613.7241999999994,604.8953999999999,600.8290476190467
1743688800,587.67,587.7,578.52,579.81,,,613.5971999999995,604.6641999999999,600.299999999999
1743692400,579.81,586.4,579.44,586.14,,,613.4469999999994,604.2309999999999,599.3857142857134
1743696000,586.14,589.55,585.78,586.93,,,613.2841999999994,603.7625999999999,598.4914285714278
1743699600,586.89,589.68,586.88,587.95,,,613.1184499999994,603.2807999999999,597.3585714285706
1743703200,587.97,589.85,585.72,588.62,,,612.9502499999994,602.8845999999999,596.5185714285706
1743706800,588.62,589.83,586.74,588.28,,,612.7744499999993,602.2221999999999,595.6266666666659
1743710400,588.27,590.58,587.6,589.72,,,612.5523999999992,601.6572,594.9242857142849
1743714000,589.72,592.83,588.38,592.32,,,612.3363499999992,601.0876,594.3566666666659
1743717600,592.32,592.77,590.52,592.53,,,612.0740999999994,600.5426,594.4228571428563
1743721200,592.53,593.08,589.7,592.53,,,611.8368999999993,600.1024,594.3823809523801
1743724800,592.53,594.24,591.36,591.63,,,611.6093999999993,599.6808,594.1709523809516
1743728400,591.63,593.3,588.76,589.39,,,611.3972499999993,599.3124,593.7385714285707
1743732000,589.37,593.54,589.37,592.46,,,611.1812499999993,598.9878,593.2271428571421
1743735600,592.46,593.93,591.48,592.97,,,610.9650999999993,598.6458,592.7757142857135
1743739200,592.96,593.53,591.03,591.47,,,610.7633499999994,598.3176,592.1247619047612
1743742800,591.47,595.67,591.47,595.66,,,610.5962499999994,597.9464,591.3814285714279
1743746400,595.66,597.23,594.48,594.49,,,610.4323999999993,597.5136,590.8599999999993
1743750000,594.49,598.77,594.48,598.09,,,610.2715999999994,597.2054,590.4557142857136
1743753600,598.09,599.57,597.81,598.09,,,610.1168999999994,596.9245999999999,590.3471428571422
1743757200,598.09,598.93,596.9,598.11,,,609.9610999999994,596.7294,590.1461904761898
1743760800,598.11,599.57,589.13,589.4,,,609.8341499999995,596.6148000000001,590.3333333333327
1743764400,589.39,590.96,584.83,588.62,,,609.7063999999995,596.4916,590.5728571428564
1743768000,588.62,590.54,585.44,590.46,,,609.5649499999994,596.5076,591.184285714285
1743771600,590.48,593.66,587.77,592.97,,,609.4421499999994,596.497,591.2661904761898
1743775200,592.98,593.55,588.66,591.75,,,609.3256499999993,596.439,591.6857142857136
1743778800,591.75,597.3,591.53,593.64,,,609.2256999999994,596.1604000000001,591.8914285714278
1743782400,593.66,595.05,591.81,594.31,,,609.1082999999994,595.8814000000001,592.179047619047
1743786000,594.31,599.02,592.34,598.78,,,608.9787499999993,595.676,592.3599999999993
1743789600,598.81,598.96,596.06,596.93,,,608.7951999999993,595.5386,592.5990476190468
1743793200,596.94,598.54,596.35,597.02,,,608.6048499999993,595.3382,592.8861904761898
1743796800,597.04,597.91,595.99,597.69,,,608.4188499999993,595.149,593.3176190476182
1743800400,597.69,599.75,597.58,598.48,,,608.2511999999992,594.9517999999999,593.5371428571422
1743804000,598.48,599.38,597.5,597.82,,,608.0382999999993,594.838,593.7509523809516
1743807600,597.8,598.09,596.72,597.55,,,607.8294999999993,594.6474,593.996666666666
1743811200,597.53,597.62,594.84,597.31,,,607.5965999999993,594.5157999999999,594.3228571428565
1743814800,597.31,598.76,597.14,597.53,,,607.4063999999993,594.3939999999999,594.7242857142851
1743818400,597.53,597.8,596.12,597.25,,,607.2159999999993,594.2503999999999,594.9666666666659
1743822000,597.25,597.61,595.82,595.86,,,607.0368499999993,594.1528,595.1733333333326
1743825600,595.86,597.02,595.37,595.54,,,606.8837499999994,594.093,595.4619047619041
1743829200,595.54,596.52,594.6,594.9,,,606.7082499999993,594.3014,595.5376190476184
1743832800,594.9,595.39,592.99,593.81,,,606.5110999999993,594.4406,595.6028571428566
1743836400,593.82,595.48,593.7,595.47,,,606.3135499999993,594.4504,595.481428571428
1743840000,595.47,596.46,595.27,596.16,,,606.1232999999992,594.3353999999999,595.3295238095232
1743843600,596.16,597.9,596.12,597.67,,,605.9226499999993,594.1808,595.1247619047614
1743847200,597.67,598.35,597.13,597.49,,,605.7118999999992,594.0565999999999,595.4138095238089
1743850800,597.49,597.71,596.13,596.75,,,605.4924999999992,593.8716,595.7728571428567
1743854400,596.75,597.1,594.73,595.84,,,605.2693999999992,593.6195999999999,596.1161904761899
1743858000,595.83,596.06,592.31,593.22,,,605.0474999999992,593.4643999999998,596.331428571428
1743861600,593.22,594.45,593.11,593.72,,,604.8244499999993,593.4185999999999,596.5695238095233
1743865200,593.72,593.75,590.67,591.65,,,604.6151499999993,593.4095999999998,596.6742857142851
1743868800,591.65,593.47,591.5,592.66,,,604.4140499999993,593.3703999999999,596.6223809523805
1743872400,592.66,593.43,591.71,592.83,,,604.2210499999992,593.4039999999999,596.381428571428
1743876000,592.83,593.3,592.03,592.9,,,604.0434999999993,593.4071999999999,596.1299999999995
1743879600,592.9,593.12,590.61,590.79,,,603.8605499999993,593.5761999999999,595.9223809523805
1743883200,590.79,591.81,588.87,591.01,,,603.6852499999993,593.6555999999998,595.690952380952
1743886800,590.99,592.34,590.3,590.91,,,603.5048999999993,593.9125999999998,595.4252380952377
1743890400,590.92,592.15,590.88,592.15,,,603.3168499999992,594.0463999999997,595.0904761904758
1743894000,592.15,593.77,591.95,593.03,,,603.1326499999992,594.1657999999998,594.7790476190472
1743897600,593.03,593.56,592.19,592.51,,,602.9607499999993,594.2225999999998,594.4742857142853
1743901200,592.51,592.91,591.3,591.54,,,602.7806999999992,594.2703999999998,594.2180952380947
1743904800,591.54,591.93,590.88,590.88,,,602.6024999999994,594.3229999999999,594.0171428571424
1743908400,590.89,591.72,589.95,591.65,,,602.3886999999994,594.3715999999998,593.8576190476186
1743912000,591.65,591.77,590.02,590.79,,,602.2015999999994,594.3857999999997,593.6671428571424
1743915600,590.78,593.21,590.77,592.88,,,602.0234999999993,594.3853999999998,593.4757142857139
1743919200,592.88,593.25,591.32,591.35,,,601.8572499999993,594.3655999999999,593.3728571428568
1743922800,591.35,591.97,590.1,590.1,,,601.6960999999993,594.3505999999999,593.1499999999996
1743926400,590.1,590.48,587.37,589.42,,,601.5497999999993,594.3957999999998,592.9938095238092
1743930000,589.42,589.91,588.38,588.57,,,601.3822999999993,594.3623999999998,592.6928571428568
1743933600,588.57,589.07,587.81,588.52,,,601.2282499999993,594.3605999999999,592.3409523809521
1743937200,588.52,589.15,587.07,588.9,,,601.0915999999993,594.3581999999998,591.9919047619045
1743940800,588.9,588.91,585.41,585.5,,,600.9618999999993,594.2469999999998,591.645714285714
1743944400,585.5,585.93,579.7,579.98,,,600.8435499999993,594.1455999999998,591.4219047619046
1743948000,579.96,583.56,579.05,583.14,,,600.7021499999993,593.9551999999999,591.1923809523807
1743951600,583.14,583.23,579.9,581.04,,,600.5545999999994,593.7637999999998,590.8995238095237
1743955200,581.04,581.04,574.16,574.6,,,600.3943999999993,593.5795999999998,590.2957142857142
1743958800,574.59,574.61,563.54,563.92,,,600.2448499999992,593.5015999999998,589.8342857142856
1743962400,563.92,563.95,552.03,555.63,,,600.1267499999993,593.3287999999998,589.2695238095237
1743966000,555.63,558.72,552.93,558.66,,,600.0075499999992,593.1823999999999,588.4985714285713
1743969600,558.65,559.96,550.99,551.74,,,599.8813499999993,592.9437999999999,587.2085714285713
1743973200,551.72,556.98,551.32,553.73,,,599.7477999999993,592.6007999999998,585.5285714285712
1743976800,553.73,558.03,549.94,551.81,,,599.6292499999993,592.0063999999999,583.9338095238094
1743980400,551.82,556.25,544.3,555.31,,,599.4967499999992,591.2327999999999,581.967619047619
1743984000,555.31,557.72,552.72,556.59,,,599.3238999999992,590.4303999999998,580.1209523809523
1743987600,556.59,565.17,556.58,563.66,,,599.1086499999992,589.5265999999998,578.2290476190475
1743991200,563.66,564.12,558.01,559.15,,,598.8662999999992,588.6607999999998,576.535238095238
1743994800,559.15,559.88,546.21,549.87,,,598.6556499999992,587.7431999999999,574.8657142857143
1743998400,549.9,553.23,546.16,548.58,,,598.3998999999992,586.8797999999998,573.5738095238095
1744002000,548.58,550.86,542.38,543.6,,,598.1302499999993,586.0551999999998,571.967619047619
1744005600,543.6,547.49,519.65,521.98,,,597.8578999999993,585.3773999999999,569.9923809523809
1744009200,521.99,535.28,521.97,529.84,,,597.6125499999994,584.6141999999999,568.015238095238
1744012800,529.86,544.35,528.93,540.32,,,597.3867499999993,583.6609999999998,565.8333333333333
1744016400,540.3,543.81,536.39,538.45,,,597.2023999999993,582.6875999999997,562.6623809523809
1744020000,538.45,548.06,538.45,541.68,,,596.9835999999993,581.6423999999998,559.8680952380952
1744023600,541.68,544.79,538.49,539.62,,,596.7058499999994,580.1711999999998,557.5547619047618
1744027200,539.62,549.54,539.42,547.52,,,596.4423499999994,578.8699999999999,555.3142857142857
1744030800,547.52,556.26,539.77,555.12,,,596.1501499999994,577.8001999999998,553.4904761904761
1744034400,555.12,567.07,550.56,555.54,,,595.7541999999994,576.6597999999998,551.4180952380951
1744038000,555.54,558.45,549.05,551.75,,,595.3901499999994,575.5701999999998,549.8219047619046
1744041600,551.75,552.57,546.17,546.56,,,595.0744999999994,574.4091999999998,548.8942857142856
1744045200,546.56,556.58,546.56,555.72,,,594.7361499999993,573.4097999999999,548.4952380952379
1744048800,555.72,556.78,551.85,552.31,,,594.3876499999993,572.5771999999998,548.310476190476
1744052400,552.31,556.17,550.85,553.39,,,594.0411999999993,571.7711999999999,547.7342857142856
1744056000,553.39,559.49,553.39,557.96,,,593.7240999999993,570.9418,547.9238095238094
1744059600,557.96,558.78,555.47,557.24,,,593.4503999999994,569.9985999999999,547.8561904761904
1744063200,557.26,559.01,556.46,557.97,,,593.1900999999993,569.2799999999999,547.9314285714285
1744066800,557.97,558.19,553.88,554.22,,,592.9167999999994,568.4729999999998,548.057619047619
1744070400,554.22,556.79,553.74,553.75,,,592.6082999999994,567.6841999999998,548.0885714285714
1744074000,553.76,563.17,553.05,562.46,,,592.3477499999995,566.9853999999998,547.817619047619
1744077600,562.46,564.98,559.18,559.68,,,592.0785999999994,566.3143999999999,547.5828571428572
1744081200,559.68,562.26,559.68,561.44,,,591.8213999999994,565.6535999999999,547.767619047619
1744084800,561.43,565.26,561.37,564.62,,,591.5872499999994,564.9197999999999,548.4285714285714
1744088400,564.62,565.17,561.18,563.49,,,591.3666999999994,564.1517999999999,549.1942857142857
1744092000,563.48,563.51,557.61,557.79,,,591.1348499999993,563.5403999999999,551.0733333333333
1744095600,557.8,560.67,556.2,560.01,,,590.8963499999993,562.8837999999998,552.7295238095238
1744099200,560.01,560.02,555.22,557.31,,,590.6649499999994,562.2817999999999,553.8328571428572
1744102800,557.31,559.19,556.49,557.65,,,590.4734999999994,561.7565999999999,554.7538095238094
1744106400,557.65,558.48,556.93,557.05,,,590.2479999999993,561.1933999999998,555.6266666666666
1744110000,557.03,563.76,556.72,563.49,,,590.0368499999993,560.5333999999999,556.4690476190475
1744113600,563.49,564.6,561.25,563.19,,,589.8524999999994,559.8759999999999,556.9514285714284
1744117200,563.19,565.5,560.5,563.06,,,589.6737999999993,559.1951999999999,557.0433333333333
1744120800,563.06,565.15,557.44,557.53,,,589.4563499999992,558.5461999999999,557.4219047619047
1744124400,557.53,561.03,556.24,559.49,,,589.2467999999993,557.8987999999999,557.9666666666666
1744128000,559.48,561.47,550.87,551.66,,,589.0498999999993,557.3971999999999,558.7523809523808
1744131600,551.67,555.3,547.53,555.28,,,588.8165499999993,556.8906,558.8385714285713
1744135200,555.3,559.4,554.38,555.39,,,588.5820999999993,556.3737999999998,559.180476190476
1744138800,555.39,556.08,550.9,552.48,,,588.4031999999993,555.8144,559.0980952380951
1744142400,552.48,557.26,551.5,557.07,,,588.2111499999993,555.4046,558.9704761904761
1744146000,557.07,557.96,555.38,557.93,,,588.0154499999993,554.775,558.8823809523808
1744149600,557.93,558.09,552.9,556,,,587.8063999999994,554.2597999999999,558.6209523809522
1744153200,556,556.18,551.49,553.43,,,587.6247999999993,553.8755999999998,558.7566666666664
1744156800,553.43,554.2,549.36,551.32,,,587.4233499999992,553.6467999999999,558.9557142857141
1744160400,551.32,552.11,533.93,547.28,,,587.2534999999993,553.6755999999999,558.648095238095
1744164000,547.28,548.69,542.87,543.24,,,587.0549999999994,553.661,558.350476190476
1744167600,543.24,546.23,542.36,542.37,,,586.8392499999994,553.7461999999999,557.8685714285713
1744171200,542.37,549.03,541.32,547.59,,,586.6232999999994,553.7401999999998,557.0428571428569
1744174800,547.59,549.11,546.82,549.1,,,586.4219999999993,553.7303999999999,556.0785714285712
1744178400,549.1,552.45,549.09,550.86,,,586.1762999999994,553.5698,555.3442857142855
1744182000,550.86,557.25,550.86,556.13,,,585.9224999999994,553.3027999999999,554.7528571428569
1744185600,556.13,556.81,553.68,556.62,,,585.6580999999994,552.877,554.3619047619045
1744189200,556.62,558.93,555.66,558.81,,,585.3676499999995,552.6457999999999,554.0385714285712
1744192800,558.79,559.02,555.88,557.63,,,585.0474999999993,552.6303999999999,553.9947619047617
1744196400,557.58,557.69,548.56,549.9,,,584.7335499999994,552.6759999999998,553.6676190476188
1744200000,549.9,555.64,548.46,554.46,,,584.4457999999994,552.9265999999998,553.4590476190474
1744203600,554.46,562.38,554.31,560.85,,,584.1612999999994,553.6193999999999,553.200476190476
1744207200,560.85,563.07,558.71,558.95,,,583.8911999999993,554.1987999999999,552.8371428571427
1744210800,558.95,563.06,558.94,560.7,,,583.6479499999994,554.5449999999998,552.5976190476189
1744214400,560.69,566.41,560.46,566.36,,,583.3960499999993,554.7739999999999,553.0352380952379
1744218000,566.36,582.88,563.54,582.68,,,583.1622999999993,555.0295999999998,553.2099999999998
1744221600,582.68,585.35,579.4,579.81,,,582.9096999999994,555.4541999999998,553.462857142857
1744225200,579.81,581.74,578.14,579.23,,,582.6142499999993,555.6827999999998,554.1238095238094
1744228800,579.22,582.31,578.85,582.01,,,582.3404999999993,555.7943999999998,555.3433333333332
1744232400,582.02,584.27,580.11,583.36,,,582.1075999999994,556.0107999999998,556.3852380952379
1744236000,583.36,584.09,581.4,582.06,,,581.8493999999994,556.6293999999999,557.4914285714284
1744239600,582.06,582.76,581.18,581.86,,,581.6015499999994,557.2943999999999,558.8523809523808
1744243200,581.87,582.3,576.92,579.09,,,581.3542499999994,557.7646,560.378095238095
1744246800,579.09,579.74,576.32,578.89,,,581.1852499999994,558.3585999999999,562.0342857142856
1744250400,578.89,579.8,577.55,578.28,,,581.0374999999995,558.958,563.8733333333332
1744254000,578.28,578.37,572.01,575.11,,,580.8961999999995,559.4399999999999,565.6219047619046
1744257600,575.11,577.21,574.41,577.15,,,580.7415999999994,559.9323999999999,567.1123809523808
1744261200,577.15,579.51,576.48,578.62,,,580.5864499999993,560.3547999999998,568.5019047619046
1744264800,578.62,580.13,578.48,579.25,,,580.4196999999995,560.8481999999999,569.6566666666666
1744268400,579.25,579.98,575.88,579.26,,,580.2529999999995,561.3387999999999,570.6576190476189
1744272000,579.26,583.01,576.65,578.01,,,580.0952999999995,561.5917999999998,571.705238095238
1744275600,578.01,578.76,576.99,578.63,,,579.9429499999994,561.9411999999998,572.6785714285713
1744279200,578.63,581.25,577.01,578.02,,,579.7936499999995,562.2847999999999,573.7085714285713
1744282800,578.02,578.35,574.38,575.47,,,579.6264499999994,562.5773999999998,575.0471428571427
1744286400,575.47,580.19,572.89,577.01,,,579.4640499999994,562.8927999999999,576.1980952380951
1744290000,577.01,578.84,573.69,574.82,,,579.3124499999993,563.2971999999999,577.0157142857142
1744293600,574.82,578.88,573.3,577.33,,,579.1577499999994,563.6695999999998,577.802380952381
1744297200,577.32,578.08,566.74,567.92,,,578.9988999999994,564.0837999999999,578.5790476190475
1744300800,567.92,572.81,566.1,572.29,,,578.8495999999994,564.4401999999999,578.9819047619047
1744304400,572.28,573.73,569.49,572.44,,,578.7076999999994,564.8393999999998,578.7271428571428
1744308000,572.42,575.96,572.18,575.8,,,578.5916499999994,565.0659999999998,578.1609523809524
1744311600,575.79,576.58,573.5,574.83,,,578.4620499999994,565.3487999999999,577.8304761904761
1744315200,574.82,576.29,573.98,575.71,,,578.3438499999994,565.4459999999999,577.3747619047618
1744318800,575.71,576.65,574.42,574.99,,,578.2314999999994,565.7411999999999,577.0147619047618
1744322400,574.99,577.99,574.33,577.7,,,578.1250499999994,566.0001999999998,576.670476190476
1744326000,577.7,578.22,575.83,577.91,,,577.9595999999995,566.4829999999998,576.377619047619
1744329600,577.91,579.37,575.48,575.77,,,577.8043999999995,566.8739999999999,576.182380952381
1744333200,575.76,579.73,575.76,579,,,577.6537499999995,567.2804,576.1257142857143
1744336800,579.01,580.27,577.56,578.46,,,577.5290999999995,567.7305999999999,576.1080952380953
1744340400,578.46,580.09,577.69,579.86,,,577.4040499999995,568.1432,576.1395238095238
1744344000,579.85,580.09,578.87,579.46,,,577.2737499999995,568.5427999999999,576.2276190476191
1744347600,579.46,579.92,578.07,579.54,,,577.1331999999995,568.9381999999999,576.22
1744351200,579.54,580.71,579,580.64,,,577.0008499999994,569.4495999999999,576.2490476190477
1744354800,580.64,581.99,579.82,581.15,,,576.8680499999995,569.9923999999999,576.2585714285715
1744358400,581.15,583.32,578.98,579.7,,,576.7145999999996,570.6439999999999,576.3314285714287
1744362000,579.7,582.62,579.13,582.62,,,576.5915999999995,571.3683999999998,576.4271428571429
1744365600,582.62,584.64,581.46,584.31,,,576.4649999999996,572.1117999999999,576.5761904761906
1744369200,584.31,584.77,582.13,582.73,,,576.3359999999996,572.7727999999998,576.777619047619
1744372800,582.73,583.64,581.46,581.69,,,576.2197999999995,573.4137999999999,577.044761904762
1744376400,581.69,585.45,580.7,584.9,,,576.1147999999995,573.9905999999999,577.4966666666668
1744380000,584.92,585.15,580.67,583.69,,,576.0835499999995,574.5203999999999,577.7538095238097
1744383600,583.69,585.47,583.22,584.97,,,576.0364499999995,575.0741999999999,578.4095238095239
1744387200,584.97,586.45,583.51,586.34,,,575.9511499999995,575.5526,579.01
1744390800,586.34,589.63,586.13,588.87,,,575.8561999999995,576.0337999999999,579.5457142857143
1744394400,588.87,589.99,587.93,588.17,,,575.7613999999995,576.7337999999999,579.982380952381
1744398000,588.17,589.39,587.03,587.8,,,575.6694999999995,577.3184,580.5304761904763
1744401600,587.8,588.68,587.08,588.64,,,575.5626499999995,577.8008,581.157142857143
1744405200,588.64,589.32,587.03,587.73,,,575.4467999999996,578.3485999999999,581.7847619047619
1744408800,587.73,589.13,587.3,588.27,,,575.3456499999996,578.9119999999999,582.2657142857144
1744412400,588.27,588.36,585.59,585.62,,,575.2706999999996,579.3481999999999,582.7766666666669
1744416000,585.62,586.34,584.46,585.09,,,575.2126999999996,579.4506,583.3461904761906
1744419600,585.09,589.71,584.73,585.09,,,575.1634999999997,579.6271999999999,583.7876190476192
1744423200,585.09,585.97,584.62,584.63,,,575.1335499999996,579.7972,584.1285714285715
1744426800,584.62,585.29,584.31,584.77,,,575.1072499999996,579.9223999999999,584.3776190476191
1744430400,584.77,586.69,583.74,586.16,,,575.1240999999995,579.9676,584.6457142857143
1744434000,586.16,587.81,586.16,586.84,,,575.1243499999996,580.0282,584.8880952380953
1744437600,586.85,587.73,586.49,586.86,,,575.1666499999995,580.0928,585.084761904762
1744441200,586.87,588.93,586.65,588.57,,,575.1640499999995,580.2036,585.3233333333334
1744444800,588.57,590.3,588.45,589.86,,,575.1548499999996,580.3212,585.6633333333334
1744448400,589.86,591.22,589.51,590.61,,,575.1405499999996,580.4788,585.8652380952382
1744452000,590.62,590.63,588.98,590.1,,,575.1205999999996,580.7134,586.0680952380952
1744455600,590.1,591.14,589.14,590.04,,,575.1030499999996,580.9076,586.407619047619
1744459200,590.04,592.18,589.25,591.99,,,575.0852499999996,581.1066,586.832380952381
1744462800,591.99,595.57,591.76,595.05,,,575.0578499999996,581.3188,587.08
1744466400,595.05,599.64,594.57,598.99,,,575.0294999999996,581.5458,587.3823809523809
1744470000,598.99,600.11,597.42,598.93,,,575.0096999999996,581.7876,587.7166666666666
1744473600,598.93,599.68,595.05,596.05,,,575.0008499999997,582.0157999999999,588.1314285714285
1744477200,596.06,596.8,594.52,594.75,,,575.0069499999996,582.2951999999999,588.6133333333333
1744480800,594.75,597.21,594.73,596.42,,,574.9951499999996,582.6867999999998,589.1257142857141
1744484400,596.41,597.46,595.52,596.02,,,574.9804999999997,583.1263999999999,589.5185714285714
1744488000,596.04,599.5,596.02,598.48,,,574.9830999999997,583.6085999999999,589.8095238095237
1744491600,598.49,598.81,597.57,597.95,,,574.9800499999997,583.9829999999998,590.2233333333332
1744495200,597.96,598.91,596.91,596.97,,,575.0025499999997,584.5195999999999,590.5923809523808
1744498800,596.97,597.28,596.02,597.05,,,575.0067499999997,585.0021999999998,591.2047619047618
1744502400,597.05,597.31,595.08,596.83,,,574.9965499999996,585.4737999999999,591.8171428571428
1744506000,596.83,598.42,593.76,594.41,,,574.9797499999997,585.9273999999998,592.382857142857
1744509600,594.41,595.19,593.07,594.95,,,575.0148499999997,586.3897999999998,592.9742857142855
1744513200,594.95,596.26,594.23,595.92,,,575.0518499999997,586.8149999999998,593.5485714285712
1744516800,595.89,595.89,591.5,592.2,,,575.0919499999997,587.2561999999999,593.9414285714284
1744520400,592.2,593.42,590.9,592.74,,,575.1168499999997,587.6388,594.3276190476189
1744524000,592.74,594.02,592.7,592.76,,,575.1429499999996,587.9687999999999,594.7590476190475
1744527600,592.76,593.94,591.93,593.26,,,575.1599999999995,588.3523999999999,594.9319047619047
1744531200,593.26,593.78,592.35,593.65,,,575.1725999999996,588.6907999999999,595.0690476190475
1744534800,593.66,594.28,592.56,594.26,,,575.1507499999996,588.9655999999999,595.1714285714285
1744538400,594.26,594.54,590.38,591.04,,,575.1408499999995,589.2231999999998,595.3219047619046
1744542000,591.04,591.04,587.34,588.29,,,575.1353499999996,589.4891999999999,595.4938095238094
1744545600,588.29,588.48,586.93,587.31,,,575.1078999999996,589.7635999999999,595.6019047619046
1744549200,587.31,588.61,583.51,584.06,,,575.0791999999997,590.0237999999998,595.4109523809523
1744552800,584.06,585.71,583.52,585.21,,,575.0538999999997,590.2859999999998,594.9014285714285
1744556400,585.2,585.25,583.65,584.18,,,575.0324499999996,590.5127999999999,594.3480952380952
1744560000,584.18,586.01,584.11,585.08,,,575.0141499999995,590.6261999999998,593.7771428571428
1744563600,585.08,588.79,584.64,588.56,,,574.9977999999995,590.6861999999998,593.3228571428572
1744567200,588.56,589.19,585.9,586.36,,,574.9667499999995,590.7127999999998,592.74
1744570800,586.36,586.4,580.49,582.51,,,574.9288999999995,590.7831999999997,592.2190476190477
1744574400,582.48,585.08,581.45,582.15,,,574.8877499999995,590.7687999999997,591.7466666666667
1744578000,582.13,583.8,580.68,583.19,,,574.8335499999996,590.7965999999998,591.1947619047619
1744581600,583.19,584.2,582.24,582.43,,,574.7905499999996,590.8683999999997,590.5061904761906
1744585200,582.43,584.39,582.14,584.17,,,574.7340999999996,590.8687999999997,589.7966666666667
1744588800,584.17,587.14,583.63,585.77,,,574.6786999999996,590.7415999999997,589.147142857143
1744592400,585.77,587.03,585.5,586.03,,,574.6331499999995,590.6211999999998,588.5766666666667
1744596000,586.03,590.65,586.03,589.43,,,574.5774999999996,590.5289999999998,588.0633333333334
1744599600,589.43,590.54,587.64,588.03,,,574.5062999999996,590.4047999999998,587.58
1744603200,588.03,590.14,587.8,589.79,,,574.4378499999996,590.3335999999997,587.2861904761905
1744606800,589.79,590.23,586.9,587.62,,,574.3876999999997,590.2835999999998,587.1285714285715
1744610400,587.61,589.38,587.11,588.92,,,574.3312499999996,590.2917999999997,586.9033333333333
1744614000,588.93,590.7,587.41,590.6,,,574.2938499999996,590.3785999999998,586.7380952380952
1744617600,590.6,591.26,589.56,590.56,,,574.2593999999996,590.4373999999998,586.4509523809525
1744621200,590.56,591.5,588.41,588.93,,,574.2253999999997,590.5405999999998,586.1966666666667
1744624800,588.92,592.21,588.85,591.99,,,574.2080499999996,590.5975999999998,586.1757142857143
1744628400,591.99,592.65,590.86,592.45,,,574.1942499999996,590.6527999999998,586.2838095238095
1744632000,592.45,592.89,590.65,592.33,,,574.1881499999995,590.7279999999998,586.3609523809524
1744635600,592.33,592.55,587.94,588.77,,,574.1716999999995,590.8019999999998,586.7385714285714
1744639200,588.77,592.86,588.45,591.53,,,574.1555499999996,590.8091999999998,587.0833333333334
1744642800,591.53,591.76,585.31,585.51,,,574.1433999999995,590.8517999999998,587.4714285714285
1744646400,585.51,586.42,582.99,582.99,,,574.1336499999995,590.8885999999999,587.6471428571427
1744650000,583,585.78,582.99,585.58,,,574.1205999999995,590.9331999999998,587.7885714285713
1744653600,585.58,587.2,584.95,587.18,,,574.1261499999996,590.9077999999998,587.7480952380952
1744657200,587.19,587.72,586.74,587.14,,,574.1301499999995,590.8985999999999,587.7709523809523
1744660800,587.14,587.3,585.93,586.71,,,574.1378499999995,590.7077999999998,587.9342857142857
1744664400,586.71,586.95,584.89,586.16,,,574.1172999999995,590.3877999999999,588.1242857142856
1744668000,586.16,586.39,585.17,585.49,,,574.1181999999995,590.1207999999999,588.3485714285713
1744671600,585.49,585.72,584.06,584.35,,,574.0952499999995,589.9433999999999,588.4695238095237
1744675200,584.35,585.28,582.68,584.56,,,574.0630999999995,589.7911999999999,588.4880952380952
1744678800,584.56,586.24,582.79,585.95,,,574.0481499999996,589.5969999999999,588.462380952381
1744682400,585.95,586.61,583.87,585.75,,,574.0414499999995,589.3997999999999,588.2204761904762
1744686000,585.74,587.59,585.46,587.57,,,574.0326499999995,589.1399999999999,588.0552380952381
1744689600,587.57,588.94,586.05,588.64,,,574.0386999999996,588.8679999999999,587.8723809523809
1744693200,588.64,589.82,588.28,589.14,,,574.0695999999996,588.6197999999999,587.7833333333334
1744696800,589.14,589.32,588,588.23,,,574.0813499999995,588.3978,587.7190476190476
1744700400,588.25,590.12,588.15,589.53,,,574.0978999999995,588.1762,587.6257142857144
1744704000,589.53,589.64,588.28,588.53,,,574.1476999999996,588.0394,587.5580952380952
1744707600,588.53,590.46,588.39,590.39,,,574.2578499999996,587.9132,587.5247619047619
1744711200,590.39,590.75,587.34,588.08,,,574.4084499999997,587.7775999999999,587.4076190476192
1744714800,588.08,589.16,587.54,588.55,,,574.5529999999997,587.6981999999999,587.2209523809524
1744718400,588.55,589.44,586.88,588.13,,,574.7374999999996,587.6339999999999,587.1285714285715
1744722000,588.13,590.24,586.93,587.06,,,574.9145499999996,587.5494,587.0957142857143
1744725600,587.04,587.89,584.08,585.36,,,575.0966499999996,587.4919999999998,586.9538095238096
1744729200,585.36,586.63,583.98,584.48,,,575.2677499999996,587.3806,587.0785714285715
1744732800,584.48,585.42,584.02,584.25,,,575.4274499999997,587.2663999999999,587.272380952381
1744736400,584.25,585.34,582.99,583.5,,,575.5610999999997,587.2081999999999,587.2619047619048
1744740000,583.5,584.34,582.06,583.59,,,575.7057499999996,587.1835999999998,587.1333333333334
1744743600,583.59,583.8,582.34,583.58,,,575.8991499999996,587.1445999999999,586.9957142857143
1744747200,583.58,583.61,580.99,581.84,,,576.0968999999997,587.1529999999998,586.842857142857
1744750800,581.83,583.42,581.66,583.16,,,576.3141999999997,587.1337999999997,586.7204761904762
1744754400,583.17,583.17,580.3,581.16,,,576.6310999999997,587.1201999999997,586.6295238095238
1744758000,581.16,581.54,579.33,579.47,,,576.9042999999997,587.0903999999997,586.51
1744761600,579.47,580.23,576,577.17,,,577.1239499999997,586.9907999999997,586.4433333333333
1744765200,577.16,582.45,576.81,582.02,,,577.3491999999997,586.9003999999998,586.2152380952381
1744768800,582.02,583.28,581.4,582.96,,,577.5587499999997,586.9133999999998,585.9161904761905
1744772400,582.96,583.93,582.65,583.27,,,577.7785499999997,586.8935999999998,585.4209523809524
1744776000,583.27,584.24,581.03,583,,,577.9501499999997,586.8191999999997,585.1057142857144
1744779600,583,583.84,579.92,580.81,,,578.0903499999997,586.7139999999997,584.8114285714286
1744783200,580.81,581.64,579.67,580.2,,,578.2184499999997,586.6709999999998,584.5752380952381
1744786800,580.2,580.82,577.67,578.2,,,578.3570499999997,586.6147999999997,584.2642857142857
1744790400,578.19,581.1,576.9,579.72,,,578.5100999999997,586.5595999999997,583.8966666666666
1744794000,579.72,580.22,577.23,577.24,,,578.6415999999997,586.4309999999997,583.4114285714286
1744797600,577.24,579.88,577.2,579.31,,,578.7948499999998,586.2865999999998,582.9409523809524
1744801200,579.32,582.55,577.73,582.06,,,578.9442499999998,586.0947999999997,582.5204761904762
1744804800,582.06,583.26,581.22,581.41,,,579.0694499999997,585.9063999999997,582.0019047619047
1744808400,581.41,582.32,579.06,579.13,,,579.1872999999997,585.7223999999998,581.6328571428571
1744812000,579.13,584.14,578.98,583.01,,,579.2984499999998,585.4551999999998,581.4757142857142
1744815600,583.01,585.37,582.64,583.39,,,579.4183499999997,585.2301999999997,581.3295238095237
1744819200,583.4,584.53,581.7,583.87,,,579.5481999999997,585.0927999999998,581.0857142857142
1744822800,583.87,586.33,576.78,576.82,,,579.6220999999997,584.8811999999998,581.0623809523807
1744826400,576.84,583.49,576.61,582.45,,,579.7202499999997,584.6147999999998,581.052857142857
1744830000,582.45,585.44,581.17,584.8,,,579.8233499999997,584.4283999999998,581.0666666666665
1744833600,584.81,585.48,583.6,583.81,,,579.9072999999996,584.3207999999998,580.8276190476189
1744837200,583.79,585.64,583.49,584.84,,,579.9854999999997,584.1675999999998,580.7938095238094
1744840800,584.84,585.52,584.27,585.09,,,580.1115999999997,583.9937999999999,580.9671428571427
1744844400,585.09,585.12,582.61,582.8,,,580.2284999999996,583.9829999999998,581.1738095238094
1744848000,582.8,583.98,582.46,583.68,,,580.3612999999997,583.9673999999999,581.5390476190474
1744851600,583.68,584.75,583.09,584.21,,,580.4571499999997,583.8999999999999,581.6852380952379
1744855200,584.21,584.21,582.13,583.11,,,580.5841499999997,583.8539999999998,581.6776190476188
1744858800,583.11,583.26,581.03,582.04,,,580.6906999999997,583.8215999999998,581.6971428571427
1744862400,582.04,582.97,581.63,582.73,,,580.7937999999997,583.7543999999998,581.7547619047616
1744866000,582.73,583.1,581.82,582.49,,,580.9026999999996,583.7181999999998,581.8642857142855
1744869600,582.49,583.79,581.91,583.56,,,581.0404999999997,583.7153999999998,581.9519047619045
1744873200,583.56,584.79,582.51,583.44,,,581.1570499999997,583.6863999999998,582.1676190476189
1744876800,583.44,583.54,582.4,582.53,,,581.3171499999996,583.6081999999999,582.2995238095236
1744880400,582.54,586.47,582.5,586.12,,,581.4617999999997,583.5477999999998,582.600476190476
1744884000,586.12,586.61,584.74,585.76,,,581.6003999999997,583.4461999999999,582.7971428571427
1744887600,585.76,586.84,585.43,586.19,,,581.7481999999997,583.3445999999998,582.8195238095237
1744891200,586.19,588.03,585.26,588,,,581.8764999999997,583.2305999999998,583.0438095238094
1744894800,587.99,588.35,586.74,587.44,,,581.9992999999997,583.1165999999998,583.3595238095237
1744898400,587.44,587.62,584.22,586.44,,,582.1370999999997,583.0483999999998,583.5109523809523
1744902000,586.46,590.32,586.4,589.74,,,582.2871499999997,582.9929999999998,583.7304761904761
1744905600,589.74,592.79,589.74,592.13,,,582.4431999999997,582.9089999999998,583.9004761904761
1744909200,592.13,592.78,591.49,592.07,,,582.6373999999997,582.9073999999998,584.3585714285714
1744912800,592.07,592.98,591.2,591.25,,,582.8499999999998,582.8851999999998,584.7057142857143
1744916400,591.25,592.14,588.72,590.82,,,583.0690999999998,582.8513999999999,585.0547619047619
1744920000,590.83,592.66,590.65,590.98,,,583.2711499999998,582.9049999999999,585.4480952380952
1744923600,590.98,592.16,590.98,591.51,,,583.4628499999998,583.0403999999999,585.7533333333334
1744927200,591.5,592.4,589.46,589.51,,,583.6407499999998,583.1921999999998,586.0261904761905
1744930800,589.51,590.79,589.3,590.48,,,583.8087999999998,583.3321999999998,586.4157142857143
1744934400,590.48,590.59,588.62,588.91,,,583.9863499999998,583.4785999999998,586.7885714285715
1744938000,588.91,590.52,588.66,588.99,,,584.1526499999998,583.6263999999998,587.0409523809524
1744941600,589,589.82,587.96,589.81,,,584.3207499999999,583.7849999999997,587.3919047619047
1744945200,589.82,590.89,589.08,590.58,,,584.5253499999998,583.9383999999998,587.7190476190476
1744948800,590.58,590.59,588.74,589.62,,,584.7079499999998,584.0847999999997,588.0171428571429
1744952400,589.62,589.64,587.68,588.84,,,584.8612499999997,584.2397999999997,588.3657142857143
1744956000,588.84,589.19,587.42,589.18,,,585.0140499999997,584.4301999999998,588.6999999999999
1744959600,589.18,589.27,587.14,588.62,,,585.1629499999997,584.6829999999998,588.9942857142856
1744963200,588.62,590.56,587.72,589.43,,,585.2756999999997,584.8541999999998,589.2947619047618
1744966800,589.42,590.34,588.14,589.59,,,585.3072499999997,584.9873999999998,589.4404761904761
1744970400,589.57,590.49,589.31,589.78,,,585.3572499999997,585.0987999999998,589.5766666666666
1744974000,589.79,591.9,588.52,591.83,,,585.4139999999996,585.2223999999998,589.7309523809523
1744977600,591.82,592.28,590.87,591.84,,,585.4520499999996,585.3785999999997,589.8066666666667
1744981200,591.85,592.24,591.34,591.75,,,585.4794499999996,585.5631999999997,589.9180952380951
1744984800,591.76,592.99,591.44,592.99,,,585.5150499999996,585.7909999999997,590.1747619047618
1744988400,592.99,594.21,592.98,593.66,,,585.5488499999997,585.9921999999997,590.2747619047618
1744992000,593.66,595.38,593.65,595.37,,,585.6005499999997,586.2839999999998,590.2566666666667
1744995600,595.37,595.76,594.24,595.67,,,585.6540499999996,586.5345999999997,590.3004761904762
1744999200,595.67,595.98,595.02,595.02,,,585.7115499999998,586.7283999999999,590.415238095238
1745002800,595.02,595.21,591.93,592.48,,,585.7951499999998,586.9599999999998,590.6319047619048
1745006400,592.48,593.85,592.23,592.91,,,585.8685999999998,587.2505999999997,590.8552380952381
1745010000,592.91,594.67,592.9,594.4,,,585.9342499999998,587.4977999999998,591.0223809523808
1745013600,594.4,594.49,593.67,593.68,,,586.0029499999997,587.7433999999997,591.1638095238095
1745017200,593.68,593.68,591.63,591.72,,,586.0749499999998,587.9663999999998,591.2795238095238
1745020800,591.72,592.35,591.35,591.79,,,586.1617499999998,588.2795999999997,591.5409523809524
1745024400,591.79,592.74,591.71,592.38,,,586.2469499999997,588.4887999999997,591.7642857142857
1745028000,592.38,592.83,591.78,592.6,,,586.3319499999998,588.6807999999997,591.8552380952381
1745031600,592.6,593.3,591.25,593.26,,,586.4169999999998,588.8781999999998,591.9128571428571
1745035200,593.27,594.38,592.06,593.22,,,586.4964999999997,589.0157999999998,592.0442857142856
1745038800,593.22,593.53,592.55,593.06,,,586.5943999999998,589.1497999999998,592.2233333333332
1745042400,593.06,593.18,591.99,592.58,,,586.6761499999998,589.3413999999998,592.4176190476189
1745046000,592.58,593.56,591.87,593.04,,,586.7951499999997,589.5197999999998,592.6366666666667
1745049600,593.04,593.43,591.45,593.17,,,586.8926499999997,589.7007999999998,592.8095238095237
1745053200,593.17,593.18,591.53,591.6,,,586.9923499999998,589.9029999999998,592.9519047619046
1745056800,591.6,591.63,589.87,590.38,,,587.0763499999997,590.1233999999998,593.1071428571429
1745060400,590.38,591.11,590.04,590.95,,,587.1684999999998,590.3203999999998,593.1709523809523
1745064000,590.95,591.21,588.22,588.38,,,587.2560499999997,590.5313999999997,593.1595238095238
1745067600,588.38,589.64,588.07,589.42,,,587.3463999999998,590.7235999999998,593.0942857142857
1745071200,589.42,589.54,588.51,589.22,,,587.4207999999998,590.8867999999998,592.9971428571428
1745074800,589.22,590.8,588.96,589.33,,,587.4964499999998,591.0437999999998,592.7457142857141
1745078400,589.33,590.65,587.91,588.13,,,587.5834499999997,591.1403999999998,592.462380952381
1745082000,588.13,590.62,588.11,590.04,,,587.6464499999997,591.1927999999997,592.155238095238
1745085600,590.04,590.94,589.9,590.59,,,587.7060499999998,591.2573999999997,591.8842857142856
1745089200,590.59,591.3,590.46,590.94,,,587.7614999999997,591.2817999999997,591.6771428571427
1745092800,590.94,591.31,590.57,590.99,,,587.8060999999997,591.3195999999997,591.5404761904762
1745096400,590.99,591.83,590.98,591.55,,,587.8554999999998,591.3533999999996,591.3590476190476
1745100000,591.55,593.59,591.55,592.86,,,587.8983999999997,591.3593999999997,591.2285714285713
1745103600,592.86,593.13,591.65,591.65,,,587.9392999999997,591.3285999999997,591.1938095238095
1745107200,591.65,593.5,591.65,592.92,,,587.9814499999998,591.3059999999997,591.1823809523809
1745110800,592.92,593.67,592.15,592.45,,,588.0185499999998,591.3007999999996,591.2052380952381
1745114400,592.45,593.04,591.96,592.15,,,588.0499499999997,591.3153999999996,591.1600000000001
1745118000,592.15,593.18,592.09,592.51,,,588.0909999999998,591.3529999999996,591.1438095238095
1745121600,592.51,594.71,592.51,594.49,,,588.1374999999997,591.3557999999997,591.1071428571429
1745125200,594.51,594.77,593.49,594.43,,,588.1707499999997,591.4239999999996,591.0638095238095
1745128800,594.43,594.97,593.03,593.29,,,588.2165999999996,591.4633999999996,591.0604761904763
1745132400,593.29,594,591.84,593.93,,,588.2499999999997,591.5281999999996,591.1295238095239
1745136000,593.93,595.23,593.24,593.54,,,588.2828999999997,591.5985999999997,591.1895238095237
1745139600,593.54,594.46,592.17,592.42,,,588.3007999999998,591.6921999999996,591.27
1745143200,592.42,592.8,589.68,590.2,,,588.3206999999998,591.7691999999997,591.4390476190476
1745146800,590.2,591.26,589.28,589.97,,,588.3442499999998,591.8425999999996,591.562380952381
1745150400,589.97,592.26,589.45,591.28,,,588.3734999999998,591.9443999999996,591.754761904762
1745154000,591.28,591.33,589.74,589.79,,,588.4069999999997,592.0315999999997,591.7919047619048
1745157600,589.79,590.52,589.3,590.11,,,588.4320999999997,592.1075999999997,591.8276190476191
1745161200,590.12,590.12,587.82,588.28,,,588.4736499999998,592.1229999999997,591.9204761904762
1745164800,588.28,589.52,587.48,589.49,,,588.5158999999998,592.1305999999997,591.9995238095239
1745168400,589.51,589.52,587.84,589.33,,,588.5525499999997,592.1605999999997,592.0028571428572
1745172000,589.33,589.4,588.08,588.93,,,588.5803999999997,592.1197999999997,591.8928571428572
1745175600,588.94,589.94,588.58,589.86,,,588.6063999999997,592.0851999999996,591.8238095238097
1745179200,589.86,591.45,589.54,590.29,,,588.6319999999997,592.0157999999997,591.744761904762
1745182800,590.29,591.54,590.11,591.19,,,588.6467499999998,591.9457999999997,591.6200000000001
1745186400,591.18,591.23,589.49,589.87,,,588.6629999999997,591.8591999999996,591.4771428571429
1745190000,589.87,593.17,589.87,592.69,,,588.6615499999997,591.7303999999997,591.412380952381
1745193600,592.69,598.48,592.58,597.66,,,588.6596999999997,591.6141999999996,591.33
1745197200,597.65,601.42,597.65,600.18,,,588.6532999999996,591.5195999999996,591.2071428571429
1745200800,600.18,601.96,598.79,599.82,,,588.6474499999997,591.4937999999996,591.2328571428571
1745204400,599.82,603.16,599.62,602.18,,,588.6465499999997,591.4329999999995,591.4780952380953
1745208000,602.18,604.64,602.18,603.15,,,588.6380499999997,591.3987999999996,591.7490476190476
1745211600,603.15,606.96,603.14,606.29,,,588.6187499999997,591.4783999999996,592.0057142857142
1745215200,606.29,608.52,604.79,605.32,,,588.5731499999997,591.6475999999997,592.4290476190475
1745218800,605.22,605.78,603.76,604.33,,,588.5419499999996,591.8081999999996,592.8680952380952
1745222400,604.41,606.34,604.39,605.16,,,588.5499999999997,592.0041999999996,593.4752380952381
1745226000,605.15,605.54,603.52,604.26,,,588.5771499999996,592.2151999999996,594.0895238095238
1745229600,604.24,604.4,602.83,603.32,,,588.5941499999997,592.4757999999996,594.7623809523809
1745233200,603.32,603.33,600.25,600.77,,,588.6249499999997,592.7177999999996,595.4857142857142
1745236800,600.77,602.76,600.65,601.28,,,588.6482999999996,592.9431999999996,596.1038095238094
1745240400,601.28,603.89,600.43,601.09,,,588.6899999999996,593.1947999999996,596.7480952380951
1745244000,601.09,605.57,600.59,604.45,,,588.7317499999997,593.4191999999996,597.2557142857141
1745247600,604.45,605.2,602.99,604.02,,,588.7681499999997,593.6221999999996,597.8747619047617
1745251200,604.02,604.59,598.4,598.78,,,588.8097999999997,593.8055999999996,598.4271428571427
1745254800,598.78,598.88,595.02,596.17,,,588.8590499999997,594.0235999999995,599.1471428571427
1745258400,596.17,597.85,594.51,597.3,,,588.9008999999996,594.2263999999994,599.8657142857141
1745262000,597.3,598.4,596.49,597.98,,,588.9251499999997,594.5477999999995,600.290476190476
1745265600,597.97,597.98,595.19,596.47,,,588.9705499999997,594.8397999999994,600.570476190476
1745269200,596.48,597.17,595.32,597.02,,,589.0122999999996,595.0309999999995,600.8614285714284
1745272800,597.02,597.06,595.43,596.89,,,589.0707499999996,595.1677999999995,601.2476190476189
1745276400,596.89,597.66,596.01,597.37,,,589.1245499999997,595.3511999999995,601.4276190476188
1745280000,597.37,599.42,595.06,599.41,,,589.1501999999997,595.5099999999995,601.3971428571427
1745283600,599.41,602.58,598.72,602.15,,,589.1597499999997,595.6275999999995,601.240476190476
1745287200,602.14,602.91,598.69,599.22,,,589.1910499999997,595.7491999999995,601.1238095238093
1745290800,599.22,600,597.8,599.97,,,589.2394999999997,595.8671999999995,600.9919047619046
1745294400,599.97,600.85,599.22,599.23,,,589.2852999999997,595.9835999999995,600.9442857142856
1745298000,599.22,601,599.22,600.35,,,589.3500999999998,596.1145999999995,600.6076190476189
1745301600,600.35,602.96,599.92,601.86,,,589.4084999999997,596.3245999999995,600.3528571428569
1745305200,601.86,604.45,600.85,604.31,,,589.4744499999997,596.4505999999994,600.1099999999998
1745308800,604.31,607.01,604.31,605.27,,,589.5460999999997,596.6009999999994,599.8809523809522
1745312400,605.26,606.88,604.67,605.32,,,589.6140499999997,596.7425999999995,599.7666666666665
1745316000,605.32,607.32,605.13,606.34,,,589.6783499999997,596.8993999999994,599.8138095238094
1745319600,606.35,606.71,604.75,605.87,,,589.7656499999997,597.0467999999995,600.028095238095
1745323200,605.87,607.45,605.22,606.76,,,589.8510499999996,597.2443999999995,600.2204761904761
1745326800,606.76,609.19,606.04,606.97,,,589.9368499999997,597.4839999999995,600.4704761904761
1745330400,606.97,610.97,606.37,610.52,,,590.0339999999997,597.7117999999995,600.5380952380951
1745334000,610.52,612.15,608.47,609.87,,,590.1346999999996,597.9677999999994,600.6685714285713
1745337600,609.87,611.01,607.53,607.71,,,590.2321999999997,598.2367999999994,601.0585714285712
1745341200,607.71,608.27,606.56,608.16,,,590.3286499999997,598.5679999999994,601.7419047619046
1745344800,608.16,609.39,607.78,608.63,,,590.4131999999997,598.9079999999994,602.3404761904761
1745348400,608.63,609,606.82,608.21,,,590.5023999999997,599.2927999999995,602.8038095238094
1745352000,608.21,608.73,607.36,607.61,,,590.5872499999997,599.6943999999995,603.3604761904761
1745355600,607.61,614.8,606.98,612.85,,,590.6839999999997,600.0463999999995,603.9133333333333
1745359200,612.85,613.83,610.22,613.62,,,590.7919999999997,600.4439999999995,604.4523809523808
1745362800,613.59,619.84,613.03,618.54,,,590.8883499999996,600.8267999999995,604.9399999999999
1745366400,618.54,620.12,615.24,616.09,,,590.9740999999997,601.2043999999995,605.5799999999998
1745370000,616.09,618.93,612.6,612.84,,,591.0702499999996,601.5779999999995,606.1261904761903
1745373600,612.85,616.15,612.66,615.31,,,591.1534499999997,602.0377999999996,607.0461904761903
1745377200,615.31,615.82,612.71,615.54,,,591.2322499999996,602.5043999999996,607.8138095238095
1745380800,615.54,618.98,613.52,618.98,,,591.3086499999995,603.0513999999996,608.4619047619046
1745384400,618.97,619.94,616.78,616.78,,,591.4290499999995,603.5757999999996,609.1742857142856
1745388000,616.78,620.2,616.71,617.65,,,591.5394999999995,603.9787999999996,609.8257142857141
1745391600,617.66,618.84,616.44,617.96,,,591.7046499999996,604.3317999999996,610.5242857142855
1745395200,617.95,617.95,613.67,615.32,,,591.8701499999995,604.6389999999996,611.0723809523809
1745398800,615.32,616.54,611.69,612.18,,,592.0064499999995,605.0221999999997,611.6595238095236
1745402400,612.18,612.19,609.3,612,,,592.1470999999996,605.3141999999996,612.2128571428569
1745406000,612,613.34,610.47,611.35,,,592.2890999999995,605.6041999999995,612.6628571428569
1745409600,611.35,613.53,610.55,611.67,,,592.4504499999995,605.8375999999995,612.9209523809521
1745413200,611.67,614.43,607.17,607.95,,,592.6035499999995,606.0375999999995,613.160476190476
1745416800,607.95,611.2,607.37,607.75,,,592.7643499999995,606.1945999999996,613.1999999999998
1745420400,607.77,608.02,602.98,606.95,,,592.9323999999995,606.3313999999996,613.285714285714
1745424000,606.95,607.67,603.32,607.56,,,593.0861999999994,606.4731999999996,613.2971428571426
1745427600,607.56,608.47,605.77,607.59,,,593.2173499999994,606.6401999999996,613.2776190476188
1745431200,607.59,608.89,606.49,606.49,,,593.3485999999995,606.7837999999996,613.1976190476188
1745434800,606.49,606.57,602.51,602.74,,,593.4674999999995,606.9131999999996,613.1666666666663
1745438400,602.74,604.74,601.64,604.02,,,593.5826499999995,607.0303999999996,613.165714285714
1745442000,604.02,606.76,602.68,606.43,,,593.6766999999995,607.0925999999996,612.8628571428568
1745445600,606.43,607.27,605.21,607.17,,,593.7742999999995,607.1639999999995,612.3447619047615
1745449200,607.17,607.45,605.67,605.96,,,593.8613999999994,607.3181999999996,611.6533333333331
1745452800,605.96,606.14,602.67,603.46,,,593.9565499999994,607.4495999999996,611.193333333333
1745456400,603.46,605.4,602.04,605.2,,,594.0425499999994,607.5839999999996,610.9233333333331
1745460000,605.19,607.01,604.04,604.09,,,594.1345999999994,607.7529999999997,610.478095238095
1745463600,604.09,606.99,603.92,604.29,,,594.2055499999994,607.9669999999996,609.9028571428569
1745467200,604.29,606.21,602.02,603.94,,,594.2849999999994,608.1457999999996,609.2466666666663
1745470800,603.94,605.47,602.4,603.18,,,594.3818499999994,608.2771999999997,608.6423809523806
1745474400,603.19,605.85,603.18,604.5,,,594.4908999999994,608.4337999999997,608.0061904761902
1745478000,604.5,606.83,602.67,603.14,,,594.5982999999994,608.5273999999997,607.3385714285712
1745481600,603.14,605.02,593.01,595.08,,,594.6943499999994,608.5701999999998,606.7604761904759
1745485200,595.08,597.57,594.42,597.48,,,594.8028499999995,608.6645999999997,606.3947619047617
1745488800,597.46,598.57,595.95,598.17,,,594.9053499999994,608.7287999999996,605.9728571428569
1745492400,598.18,598.73,596.51,597.86,,,595.0088999999994,608.8341999999997,605.198095238095
1745496000,597.86,598.31,596.56,598.12,,,595.1193999999995,608.8899999999996,604.5223809523807
1745499600,598.12,599.69,596.06,597.3,,,595.2194999999995,608.7543999999997,604.0566666666664
1745503200,597.3,600.43,596.79,598.54,,,595.3361999999994,608.6177999999996,603.585714285714
1745506800,598.53,600.91,597.86,598.68,,,595.4545499999995,608.4757999999996,603.1652380952378
1745510400,598.68,601.02,597.96,600.16,,,595.5440999999995,608.3265999999996,602.6766666666664
1745514000,600.16,600.32,595.74,596.66,,,595.6213999999995,608.1621999999995,602.245714285714
1745517600,596.66,599.28,596.47,598.14,,,595.6974499999995,607.9907999999996,601.8738095238093
1745521200,598.14,599.69,597.23,599.16,,,595.7703999999995,607.8263999999996,601.7509523809522
1745524800,599.16,600.38,598.58,599.94,,,595.8459999999995,607.6605999999996,601.400476190476
1745528400,599.94,600.53,598.28,600.43,,,595.9284499999995,607.4533999999995,601.005714285714
1745532000,600.43,601.17,599.57,599.83,,,596.0201499999995,607.1891999999996,600.6242857142855
1745535600,599.83,602.69,599.21,601.79,,,596.1225499999996,606.9977999999995,600.3376190476188
1745539200,601.79,602.48,600.18,601.7,,,596.2247499999995,606.8177999999996,600.193333333333
1745542800,601.7,604.34,601.65,601.92,,,596.3218499999995,606.6439999999996,599.9376190476188
1745546400,601.92,603.02,597.49,598.55,,,596.4159999999995,606.4883999999996,599.828095238095
1745550000,598.55,601.31,598.36,601,,,596.5014999999995,606.3327999999997,599.7047619047617
1745553600,601,605,600.99,604.03,,,596.5941499999994,606.1115999999997,599.6085714285712
1745557200,604.03,606.05,603.88,605.7,,,596.7006499999994,605.8731999999997,599.3880952380949
1745560800,605.7,609.27,605.33,608.92,,,596.7847499999995,605.5407999999998,599.2214285714283
1745564400,608.91,610.08,606.44,606.66,,,596.8767499999996,605.1899999999997,599.2638095238092
1745568000,606.66,610.39,606.65,610.2,,,596.9658999999996,604.9531999999997,599.7695238095235
1745571600,610.2,610.53,608.03,610.03,,,597.0913999999995,604.7275999999997,600.3142857142855
1745575200,610.03,610.36,605.11,605.53,,,597.1718999999995,604.5307999999998,600.7185714285712
1745578800,605.53,607.1,604.17,606,,,597.2528999999995,604.3295999999998,601.3061904761902
1745582400,606,608.44,604.09,604.16,,,597.3539999999995,604.1271999999997,601.8733333333331
1745586000,604.15,605.39,601.98,602.94,,,597.4582999999996,603.9781999999997,602.2652380952378
1745589600,602.93,608.28,602.93,607.37,,,597.5774499999994,603.8195999999997,602.6204761904759
1745593200,607.37,608.87,605.11,605.77,,,597.6967499999995,603.6237999999997,602.8814285714283
1745596800,605.77,606.25,603.06,605.99,,,597.8293499999995,603.5001999999997,603.0138095238092
1745600400,605.99,607.04,602.72,602.79,,,597.9584499999995,603.3433999999997,603.5238095238093
1745604000,602.79,604.6,602.54,603.52,,,598.0705499999995,603.1751999999998,603.8871428571425
1745607600,603.52,605.01,603.09,604.89,,,598.1903499999994,603.0891999999998,604.2123809523807
1745611200,604.89,604.94,602.99,603.41,,,598.2974999999994,603.0455999999997,604.3480952380951
1745614800,603.41,603.41,599.85,600.2,,,598.3997499999995,603.0103999999997,604.4952380952379
1745618400,600.2,601.3,599.49,601.21,,,598.5187999999995,602.9271999999996,604.7361904761901
1745622000,601.2,601.24,599.54,600.17,,,598.6304499999994,602.8463999999997,604.813333333333
1745625600,600.17,602.14,599.77,601.68,,,598.7477499999994,602.7923999999996,604.7419047619045
1745629200,601.68,605.22,600.04,605.19,,,598.8310999999994,602.7307999999996,604.708095238095
1745632800,605.19,606.77,603.09,603.65,,,598.9198999999994,602.6799999999996,604.7852380952378
1745636400,603.67,604.13,601.98,602.64,,,599.0133999999995,602.6237999999995,604.8176190476188
1745640000,602.64,602.71,600.79,600.91,,,599.0904499999994,602.4985999999996,604.872857142857
1745643600,600.91,602.54,600.51,602.5,,,599.1542499999995,602.3887999999996,604.7752380952379
1745647200,602.5,604.63,601.69,604.12,,,599.2280999999995,602.3733999999996,604.4761904761903
1745650800,604.11,605.44,602.68,602.71,,,599.2802499999995,602.3771999999996,604.2023809523807
1745654400,602.71,605.15,601.53,602.11,,,599.3279999999994,602.3259999999996,603.8357142857141
1745658000,602.11,603.74,601.24,602.68,,,599.3935999999995,602.2623999999995,603.5542857142855
1745661600,602.68,605.53,602.56,604.59,,,599.4555999999994,602.2265999999996,603.4199999999998
1745665200,604.6,606.42,601.91,602.59,,,599.5146999999995,602.2301999999996,603.2347619047616
1745668800,602.59,605.67,602.58,604.3,,,599.5643499999994,602.2207999999996,603.1642857142854
1745672400,604.3,606.15,602.08,603.42,,,599.6192999999995,602.1729999999995,603.2428571428569
1745676000,603.42,605.74,603.18,605.4,,,599.6923499999995,602.1637999999996,603.0152380952378
1745679600,605.39,609.27,605.36,608.39,,,599.7534999999995,602.3539999999996,602.9452380952379
1745683200,608.37,609.6,607.35,608.34,,,599.8194999999995,602.4561999999996,602.822857142857
1745686800,608.34,608.76,607.26,607.84,,,599.8879499999995,602.5787999999997,602.9471428571427
1745690400,607.85,608.82,607.6,607.64,,,599.9618499999995,602.6899999999996,603.1790476190474
1745694000,607.63,608.57,607.2,608.49,,,600.0218999999994,602.8355999999995,603.3433333333331
1745697600,608.49,609.11,606.82,606.84,,,600.0952999999994,603.0573999999996,603.5542857142855
1745701200,606.84,608.85,606.8,608.4,,,600.1681999999994,603.2533999999996,603.9085714285712
1745704800,608.4,609.38,607.8,608.1,,,600.2492999999995,603.4365999999995,604.2552380952379
1745708400,608.1,608.1,606.94,607.66,,,600.3481499999995,603.5861999999996,604.5728571428571
1745712000,607.66,608.74,606.77,606.77,,,600.4426999999995,603.8227999999996,604.8928571428571
1745715600,606.77,606.79,600.62,600.8,,,600.5339499999994,603.9967999999996,605.0314285714286
1745719200,600.79,602.77,600.33,602.64,,,600.6232499999994,604.1815999999995,605.222380952381
1745722800,602.64,603.17,600.88,602.94,,,600.7065499999994,604.3447999999996,605.4190476190475
1745726400,602.93,602.93,600.4,600.49,,,600.7815499999994,604.4893999999996,605.4138095238095
1745730000,600.49,600.78,597.64,599.19,,,600.8647999999994,604.6281999999995,605.4204761904763
1745733600,599.19,600.75,598.92,599.86,,,600.9403499999994,604.6083999999996,605.3642857142858
1745737200,599.86,600.44,598.89,600.03,,,601.0103499999993,604.6271999999996,605.2585714285715
1745740800,600.03,600.87,598.98,600.41,,,601.0673499999994,604.6475999999996,605.1195238095238
1745744400,600.39,601.38,599.48,600.62,,,601.0929999999994,604.6863999999996,604.9852380952382
1745748000,600.62,601.29,600.37,601.12,,,601.1310999999994,604.6501999999996,604.7680952380953
1745751600,601.12,601.27,600.46,600.68,,,601.1833999999994,604.5667999999996,604.6642857142857
1745755200,600.68,600.99,598.05,598.69,,,601.2212999999994,604.4533999999996,604.4890476190476
1745758800,598.69,600.73,597.51,600.25,,,601.2452499999994,604.2831999999996,604.3795238095238
1745762400,600.25,601.44,600.02,600.33,,,601.2761499999993,604.1623999999996,604.1547619047619
1745766000,600.33,600.79,598.5,599.71,,,601.3176999999993,603.9807999999996,603.6928571428571
1745769600,599.71,600.49,597.8,599.01,,,601.3607999999994,603.7937999999996,603.307619047619
1745773200,599.01,601.82,598.71,601.54,,,601.4019999999994,603.6569999999996,602.9499999999999
1745776800,601.56,604.4,601.56,603.06,,,601.4445999999994,603.5419999999996,602.5723809523809
1745780400,603.07,606.4,603.04,605.65,,,601.4816999999993,603.4653999999996,602.1209523809523
1745784000,605.65,606.59,603.78,604.68,,,601.5090499999992,603.4007999999997,601.8685714285714
1745787600,604.68,607.07,604.19,606.8,,,601.5449999999993,603.2335999999997,601.6142857142856
1745791200,606.8,607.22,603.33,604.27,,,601.5837499999993,603.1489999999995,601.4976190476189
1745794800,604.25,604.64,602.95,603.69,,,601.6170999999993,603.0903999999996,601.3557142857142
1745798400,603.69,605.98,602.03,603.87,,,601.6462999999993,603.1475999999997,601.3571428571428
1745802000,603.87,604.19,598.58,599.33,,,601.6959999999992,603.1707999999995,601.5223809523809
1745805600,599.33,602.5,598.6,602.44,,,601.7593999999993,603.2089999999996,601.572380952381
1745809200,602.44,604.35,600.59,604.06,,,601.8328999999993,603.2261999999996,601.6166666666666
1745812800,604.05,605.04,603.55,604.36,,,601.9143999999993,603.2959999999996,601.5614285714286
1745816400,604.37,605.13,603.73,604.63,,,602.0012999999992,603.3491999999997,601.7161904761905
1745820000,604.63,607.16,604.63,606.53,,,602.0765499999993,603.3323999999997,601.9161904761905
1745823600,606.53,607.14,605.41,605.59,,,602.1483499999994,603.3475999999996,602.1223809523809
1745827200,605.59,606.8,605.4,606.5,,,602.2270499999993,603.3249999999996,602.3233333333334
1745830800,606.5,607.79,605.73,606.45,,,602.2734999999993,603.3391999999997,602.604761904762
1745834400,606.45,607.31,603.28,606.24,,,602.3327499999994,603.3789999999996,602.8176190476191
1745838000,606.24,608.31,606,607.67,,,602.3983499999994,603.4913999999995,603.094761904762
1745841600,607.66,608.08,606.17,607.23,,,602.4651999999994,603.5531999999996,603.4642857142858
1745845200,607.25,607.44,602.06,602.14,,,602.5305999999994,603.6007999999996,603.7495238095239
1745848800,602.19,604.75,601.57,602.14,,,602.5989499999994,603.6755999999996,604.0990476190477
1745852400,602.14,602.73,599.05,601.03,,,602.6686499999994,603.7581999999995,604.4571428571429
1745856000,601.03,601.97,598.93,600.86,,,602.7365499999994,603.8579999999995,604.6061904761906
1745859600,600.86,602.88,600.34,602.51,,,602.8065499999994,603.9107999999995,604.634761904762
1745863200,602.51,603.31,601.14,603.22,,,602.8769999999995,603.9017999999995,604.5380952380953
1745866800,603.22,605.68,603.08,605.07,,,602.9527999999995,603.8585999999995,604.3100000000001
1745870400,605.07,605.29,603.57,603.61,,,603.0164999999995,603.8107999999996,604.2066666666667
1745874000,603.62,605.42,603.59,605.34,,,603.0550499999995,603.7199999999996,604.0361904761905
1745877600,605.33,606.23,605.04,605.57,,,603.0992999999995,603.6023999999995,604.0742857142858
1745881200,605.59,606.76,605.42,606.35,,,603.1347999999995,603.4999999999995,604.0704761904763
1745884800,606.35,607.29,605.77,607.17,,,603.1713999999995,603.4445999999996,604.1404761904762
1745888400,607.17,607.26,605.22,606.21,,,603.2218499999994,603.3639999999996,604.437619047619
1745892000,606.21,606.31,603.67,604.49,,,603.2869499999995,603.3009999999996,604.6238095238095
1745895600,604.49,607.42,604.49,606.69,,,603.3624499999995,603.2755999999995,604.7719047619047
1745899200,606.71,608.14,605.58,605.93,,,603.4240999999995,603.2345999999995,604.86
1745902800,605.93,608.12,605.85,607.72,,,603.5018499999994,603.2159999999997,604.8533333333334
1745906400,607.72,610.09,607.67,609.85,,,603.5791499999995,603.1869999999996,604.8609523809524
1745910000,609.85,610.93,609.23,609.94,,,603.6694999999995,603.1413999999996,604.8771428571429
1745913600,609.94,610.52,607.33,608.14,,,603.7578999999995,603.2591999999995,604.9352380952381
1745917200,608.14,608.88,606.48,607.54,,,603.8422999999995,603.3249999999996,605.0971428571429
1745920800,607.53,607.63,602.62,602.71,,,603.9200999999995,603.4205999999996,605.2733333333334
1745924400,602.71,604.59,602.64,603.84,,,604.0042499999995,603.6077999999995,605.2957142857143
1745928000,603.84,604.31,601.41,601.52,,,604.0824499999995,603.8227999999996,605.3104761904763
1745931600,601.52,603.96,601.13,603.05,,,604.1650999999995,603.9883999999996,605.3376190476191
1745935200,603.05,604.22,601.77,602.93,,,604.2649999999995,604.1385999999997,605.4185714285716
1745938800,602.93,602.97,601.24,601.68,,,604.3512499999995,604.1845999999996,605.4419047619049
1745942400,601.69,603.74,601.23,602.38,,,604.4036499999995,604.2489999999997,605.5461904761906
1745946000,602.37,603.99,600.83,603.82,,,604.4404499999996,604.2569999999996,605.5661904761905
1745949600,603.83,604.51,602.04,604.09,,,604.4548999999995,604.3043999999995,605.4928571428571
1745953200,604.11,604.42,602.93,602.96,,,604.4631999999996,604.3891999999995,605.364761904762
1745956800,602.97,602.99,600.75,601.2,,,604.4550499999996,604.4177999999996,605.3747619047621
1745960400,601.2,601.42,599.89,600.82,,,604.4388499999995,604.4587999999995,605.3152380952381
1745964000,600.82,600.83,599.5,599.65,,,604.4268999999996,604.5409999999996,605.1909523809525
1745967600,599.65,601.22,598.27,601.17,,,604.4136499999995,604.6425999999996,604.9457142857143
1745971200,601.18,603.11,600.4,601.77,,,604.3997499999996,604.6709999999996,604.6433333333333
1745974800,601.77,602.35,600.18,601.86,,,604.3975499999996,604.6337999999997,604.3309523809525
1745978400,601.87,603.53,601.86,602.71,,,604.4013999999996,604.5371999999996,604.1728571428572
1745982000,602.71,604.05,602.11,604.01,,,604.4123499999996,604.4365999999995,603.9385714285714
1745985600,603.98,604.52,603.39,604.15,,,604.4119499999996,604.3239999999996,603.744761904762
1745989200,604.15,604.41,602.5,602.96,,,604.4105999999997,604.2739999999995,603.5061904761905
1745992800,602.96,604.61,602.96,603.7,,,604.3865999999997,604.2373999999995,603.2280952380952
1745996400,603.72,604.53,602.35,603.38,,,604.3723499999996,604.2141999999994,602.952380952381
1746000000,603.38,603.44,601.71,601.96,,,604.3872999999996,604.3077999999995,602.7057142857143
1746003600,601.96,603.39,601.88,602.54,,,604.4157499999997,604.3419999999994,602.5228571428571
1746007200,602.55,602.91,600.04,601.33,,,604.4427999999996,604.3199999999994,602.5547619047619
1746010800,601.33,602.64,601.29,602.58,,,604.4729499999996,604.3067999999994,602.4652380952381
1746014400,602.58,602.65,598.84,600.48,,,604.5113499999997,604.2817999999995,602.5138095238095
1746018000,600.49,600.5,591.96,592.34,,,604.5410499999996,604.1903999999995,602.4319047619048
1746021600,592.34,598.19,591.7,597.46,,,604.5750999999997,604.1293999999995,602.415238095238
1746025200,597.48,598.03,595.86,597.11,,,604.6051499999998,604.0259999999995,602.3580952380953
1746028800,597.12,597.67,594.69,597.65,,,604.6178999999996,603.9485999999995,601.88
1746032400,597.65,599,595.41,598.64,,,604.6198499999996,603.8333999999994,601.5771428571428
1746036000,598.64,599.17,597.08,598.22,,,604.6303999999996,603.5267999999995,601.2447619047618
1746039600,598.22,598.72,596.48,598.51,,,604.6434499999996,603.3313999999995,600.9919047619047
1746043200,598.51,600.23,598.39,599.62,,,604.6496999999996,603.2307999999995,600.8699999999999
1746046800,599.6,599.9,598.62,598.68,,,604.6096499999996,603.1409999999995,600.7461904761903
1746050400,598.68,600.28,598.61,599.41,,,604.5876499999996,603.0931999999995,600.6919047619047
1746054000,599.41,600.4,599.02,599.9,,,604.5516499999997,603.0403999999994,600.6180952380952
1746057600,599.9,600.9,599.67,600.7,,,604.5135499999996,602.9603999999995,600.4709523809522
1746061200,600.7,602.43,600.67,601.45,,,604.4801499999996,602.8883999999995,600.3542857142857
1746064800,601.46,602.51,600.09,600.34,,,604.4395499999996,602.7605999999995,600.2204761904761
1746068400,600.34,601.57,599.33,599.36,,,604.4027499999996,602.6765999999994,600.0628571428571
1746072000,599.36,600.77,598.76,600.74,,,604.3670499999996,602.5677999999995,599.9342857142857
1746075600,600.77,601.3,600.2,600.93,,,604.3255999999997,602.4703999999995,599.8095238095237
1746079200,600.93,601.42,598.97,599.58,,,604.2700499999996,602.3723999999995,599.6028571428571
1746082800,599.58,600.47,599.29,599.82,,,604.2201999999996,602.2357999999995,599.4771428571429
1746086400,599.82,601.72,599.78,601.53,,,604.1851499999997,602.0987999999994,599.4280952380952
1746090000,601.53,604.32,600.99,603.24,,,604.1515999999996,602.0237999999995,599.2871428571428
1746093600,603.24,605.4,602.4,604.17,,,604.1101499999996,601.9085999999995,599.2152380952381
1746097200,604.18,604.66,602.64,603.78,,,604.0658999999996,601.7815999999995,599.165238095238
1746100800,603.78,604.13,603.05,603.45,,,604.0315499999996,601.6235999999994,599.2966666666666
1746104400,603.45,605.11,601.19,601.3,,,603.9719499999995,601.4571999999995,599.8599999999999
1746108000,601.3,604.78,601.28,604.58,,,603.9017499999995,601.3231999999995,600.1609523809524
1746111600,604.57,605.01,602.54,602.88,,,603.8081499999996,601.2437999999995,600.462857142857
1746115200,602.84,603.99,602.36,602.51,,,603.7353499999995,601.1685999999994,600.6366666666667
1746118800,602.51,603.19,600.5,600.92,,,603.6873499999996,601.1833999999994,600.9195238095238
1746122400,600.92,601.78,600.4,601.3,,,603.6316499999996,601.1325999999995,601.1414285714285
1746126000,601.3,601.3,600.17,600.45,,,603.5728499999996,601.1937999999994,601.3319047619046
1746129600,600.46,600.71,599.76,599.9,,,603.4951999999995,601.1903999999994,601.3938095238094
1746133200,599.9,600.41,599.38,600.01,,,603.4177999999996,601.1819999999994,601.5185714285714
1746136800,600.01,600.07,598.66,598.98,,,603.3524499999995,601.1667999999995,601.5680952380951
1746140400,598.98,600.05,598.19,599.73,,,603.2770499999995,601.1451999999995,601.5680952380951
1746144000,599.76,601.68,599.11,601.65,,,603.2129999999995,601.0777999999995,601.535238095238
1746147600,601.66,602.88,601.08,601.44,,,603.1566999999995,600.9939999999995,601.4176190476189
1746151200,601.44,603.34,601.17,602.69,,,603.1031999999996,600.9349999999994,601.3885714285714
1746154800,602.69,603.75,601.38,601.46,,,603.0486999999996,600.8905999999995,601.497619047619
1746158400,601.45,602.12,599.48,599.91,,,602.9898499999996,600.8687999999995,601.5309523809524
1746162000,599.92,600.39,598.57,598.97,,,602.9501499999996,600.9087999999996,601.6147619047618
1746165600,598.97,598.98,596.58,597.47,,,602.9062999999995,600.9141999999996,601.7042857142857
1746169200,597.47,597.64,595.69,595.83,,,602.8701999999996,600.9325999999995,601.7085714285714
1746172800,595.83,598.17,595.64,597.7,,,602.8406499999996,600.9245999999996,601.5866666666667
1746176400,597.7,598.83,597.31,598.28,,,602.8098999999996,600.8685999999996,601.3119047619048
1746180000,598.28,599.68,598.25,599.02,,,602.7908999999996,600.7677999999995,600.9147619047619
1746183600,599.02,600.76,597.91,598.05,,,602.7844999999996,600.6341999999995,600.625238095238
1746187200,598.04,599.28,596.8,599.24,,,602.7639499999997,600.4915999999995,600.3790476190476
1746190800,599.22,599.42,598.12,598.52,,,602.7266499999997,600.3715999999995,600.2704761904761
1746194400,598.53,600.81,598.52,600.53,,,602.6781499999996,600.2695999999995,599.9595238095237
1746198000,600.53,600.96,598.43,599.9,,,602.6274999999996,600.2107999999995,599.7861904761904
1746201600,599.9,601.99,599.89,600.46,,,602.5986999999997,600.1209999999995,599.5961904761904
1746205200,600.46,600.84,599.55,600.33,,,602.5640999999997,600.0791999999994,599.5776190476189
1746208800,600.34,600.74,599.69,599.93,,,602.5387499999997,599.9979999999995,599.5109523809523
1746212400,599.93,599.95,598.54,599.14,,,602.5075499999997,599.9989999999995,599.5114285714285
1746216000,599.15,600.45,598.42,600.42,,,602.4840499999997,600.1501999999995,599.5319047619047
1746219600,600.42,600.77,599.29,599.68,,,602.4607499999997,600.2101999999995,599.528095238095
1746223200,599.68,601.56,599.23,601.5,,,602.4408999999997,600.2745999999995,599.5357142857142
1746226800,601.51,601.83,600.83,600.87,,,602.4246999999997,600.3201999999994,599.5685714285713
1746230400,600.87,601.4,599.41,599.61,,,602.4515999999996,600.3301999999995,599.4747619047617
1746234000,599.61,599.88,598.4,598.67,,,602.4658499999997,600.3741999999995,599.4776190476189
1746237600,598.66,600.3,598.66,599.96,,,602.4746499999998,600.3975999999996,599.3909523809523
1746241200,599.96,600.39,599.06,599.45,,,602.4810499999996,600.4351999999996,599.302857142857
1746244800,599.45,600.38,599.45,600.23,,,602.4925499999997,600.4789999999996,599.2438095238094
1746248400,600.23,600.33,599.83,600.12,,,602.5044499999997,600.4829999999995,599.2909523809523
1746252000,600.11,600.2,598.46,599,,,602.5192499999997,600.4583999999995,599.3852380952379
1746255600,599.01,599.06,597.7,597.73,,,602.5301999999997,600.4435999999995,599.5947619047618
1746259200,597.7,597.84,596.46,597.24,,,602.5274499999997,600.4035999999995,599.7099999999998
1746262800,597.25,597.3,596.34,596.67,,,602.5374999999997,600.4013999999995,599.7442857142855
1746266400,596.67,596.85,595.54,595.62,,,602.5465999999997,600.4165999999996,599.6828571428568
1746270000,595.62,597.31,595.53,596.55,,,602.5480499999998,600.3817999999995,599.6442857142855
1746273600,596.54,597.98,596.54,597.45,,,602.5494999999996,600.3177999999995,599.5219047619046
1746277200,597.45,598.89,597.44,598.14,,,602.5479499999997,600.2709999999995,599.3838095238093
1746280800,598.14,598.86,597.65,598.18,,,602.5437999999998,600.2079999999995,599.1942857142855
1746284400,598.18,599.29,598.18,598.88,,,602.5234999999998,600.0897999999995,599.0776190476188
1746288000,598.87,599.59,597.74,598.88,,,602.5011999999997,599.9559999999994,598.9671428571427
1746291600,598.88,599.57,596.56,599.5,,,602.4749499999997,599.8215999999994,598.8647619047617
1746295200,599.5,600,598.28,598.52,,,602.4602999999997,599.7087999999994,598.8147619047617
1746298800,598.52,600.15,598.18,600.14,,,602.4380499999997,599.6033999999995,598.8023809523808
1746302400,600.14,600.21,599.1,599.53,,,602.4051499999998,599.5549999999995,598.7585714285711
1746306000,599.52,600.03,598.64,598.97,,,602.3673499999999,599.4409999999995,598.703333333333
1746309600,598.97,599.97,598.73,599.6,,,602.3136499999998,599.3733999999995,598.638571428571
1746313200,599.6,600.04,598.73,599.5,,,602.2747499999998,599.2935999999995,598.5747619047615
1746316800,599.5,600.33,599.37,599.96,,,602.2181499999998,599.2779999999995,598.5442857142854
1746320400,599.95,600.44,598.9,599.78,,,602.1654999999998,599.2425999999995,598.5885714285711
1746324000,599.78,600.61,598.92,599.16,,,602.1304499999999,599.2129999999994,598.5666666666664
1746327600,599.17,600.35,598.36,599.89,,,602.10115,599.2069999999994,598.590952380952
1746331200,599.89,600.33,597.7,597.92,,,602.0779999999999,599.1967999999994,598.5695238095234
1746334800,597.92,599.56,597.06,597.69,,,602.0581499999998,599.2163999999995,598.5238095238092
1746338400,597.67,597.88,596.75,597.38,,,602.0192999999998,599.2173999999994,598.5661904761901
1746342000,597.37,597.67,596.61,597.1,,,601.98795,599.1675999999994,598.5752380952378
1746345600,597.1,597.22,595.22,595.49,,,601.9577999999999,599.1365999999995,598.5966666666664
1746349200,595.49,595.52,593.51,593.81,,,601.9427499999999,599.0411999999994,598.630476190476
1746352800,593.81,595.2,593.04,594.86,,,601.9209499999998,598.9657999999995,598.7009523809521
1746356400,594.86,595.43,594.16,594.21,,,601.89595,598.9151999999995,598.6504761904758
1746360000,594.21,594.33,593.03,593.11,,,601.8684999999999,598.8777999999994,598.4771428571426
1746363600,593.11,593.48,588.49,590.3,,,601.8559499999999,598.8381999999995,598.320952380952
1746367200,590.24,591.11,588.67,590.42,,,601.8367999999999,598.7977999999995,598.1319047619045
1746370800,590.42,591.18,588.25,589.38,,,601.8214499999999,598.7409999999995,597.8571428571425
1746374400,589.38,589.86,588.22,588.51,,,601.7904999999998,598.6595999999994,597.4485714285712
1746378000,588.51,589.52,586.12,586.97,,,601.7335999999999,598.5413999999994,597.0161904761901
1746381600,586.98,588.88,586.96,588.57,,,601.6896499999999,598.3863999999994,596.580952380952
1746385200,588.58,589.37,587.51,588.64,,,601.6475,598.2099999999994,596.0271428571425
1746388800,588.64,589.77,588.08,589.4,,,601.6084999999999,598.0271999999994,595.4290476190473
1746392400,589.4,590.13,588.15,589.9,,,601.5474999999999,597.7867999999994,594.9338095238093
1746396000,589.91,589.91,585.83,586.98,,,601.4789999999999,597.5281999999994,594.4119047619045
1746399600,586.98,587.07,584.84,586.13,,,601.4123499999998,597.2903999999994,593.9309523809521
1746403200,586.13,588.94,585.88,588.75,,,601.3443499999998,597.0565999999994,593.4519047619045
1746406800,588.75,588.75,584.3,585.38,,,601.2657999999999,596.8459999999994,592.8423809523807
1746410400,585.4,588.57,583.72,588.39,,,601.1856999999999,596.6611999999993,592.2219047619045
1746414000,588.37,588.6,588.25,588.36,,,601.1159499999999,596.3923999999993,591.6914285714282
1746417600,588.36,590.09,588.25,590.03,,,601.0414499999999,596.1213999999993,591.0942857142853
1746421200,590.02,592.05,589.84,592,,,600.97385,595.8663999999993,590.6514285714283
1746424800,592,592.06,591.09,591.34,,,600.88175,595.5565999999993,590.2219047619044
1746428400,591.34,592.06,590.94,591.89,,,600.7704499999999,595.3321999999993,589.8852380952378
1746432000,591.89,592.1,591.4,591.68,,,600.6724999999999,595.1259999999993,589.7190476190473
1746435600,591.68,593.77,591.66,592.78,,,600.5601999999999,594.9273999999992,589.6014285714283
1746439200,592.78,596.52,590.59,594.02,,,600.4639499999998,594.7783999999994,589.4599999999997
1746442800,594.01,595.15,592.55,593.67,,,600.3632999999999,594.6005999999993,589.3395238095235
1746446400,593.67,596.3,593.57,596.26,,,600.2792499999999,594.4359999999992,589.3238095238091
1746450000,596.26,597.05,592.92,594.74,,,600.1972499999999,594.2895999999993,589.5009523809521
1746453600,594.75,596.86,594.1,596.3,,,600.11345,594.1905999999992,589.655714285714
1746457200,596.3,597.17,595.81,597.09,,,600.0346,594.1261999999992,589.983333333333
1746460800,597.09,599.18,597.01,598.64,,,599.9591499999999,594.0661999999992,590.2799999999997
1746464400,598.65,599.2,597.68,598.76,,,599.9190499999999,594.0789999999993,590.7242857142854
1746468000,598.76,599.72,598.18,599.71,,,599.8759499999999,594.0427999999993,591.1299999999998
1746471600,599.7,599.94,599.29,599.32,,,599.8295999999998,594.0197999999992,591.6061904761902
1746475200,599.32,599.61,596.76,598.42,,,599.8084499999999,593.9987999999993,592.0519047619046
1746478800,598.42,598.98,597.47,598.75,,,599.7861999999998,594.0079999999992,592.5190476190473
1746482400,598.75,600.01,598.26,599.84,,,599.7683999999998,594.0055999999993,593.1066666666663
1746486000,599.84,599.86,597.57,597.69,,,599.7536999999998,594.0221999999992,593.6919047619044
1746489600,597.69,600.3,597.4,599.36,,,599.7448499999998,594.0185999999992,594.1680952380949
1746493200,599.35,599.47,597.72,597.74,,,599.7355499999998,594.0165999999991,594.8566666666663
1746496800,597.74,599.05,596.36,598.98,,,599.7284999999997,593.9887999999992,595.2995238095235
1746500400,598.98,599.54,597.85,599.11,,,599.7216999999997,593.9949999999991,595.8233333333332
1746504000,599.11,599.57,598.16,599.54,,,599.7203499999998,593.9693999999992,596.1904761904759
1746507600,599.54,599.79,597.77,597.83,,,599.7128499999998,593.9645999999991,596.522857142857
1746511200,597.81,599.41,597.8,599.39,,,599.7103999999998,593.9293999999992,596.892857142857
1746514800,599.38,599.7,598.46,598.96,,,599.7002999999997,593.9097999999991,597.2571428571425
1746518400,598.96,598.99,597.13,598.22,,,599.7020499999998,593.8963999999992,597.5499999999998
1746522000,598.22,598.55,595.91,596.62,,,599.6830499999998,593.9039999999991,597.8647619047617
1746525600,596.62,597.64,594.95,595.85,,,599.6626499999998,593.8627999999991,598.0999999999998
1746529200,595.85,596.52,593.27,594.33,,,599.6299499999998,593.8921999999991,598.3166666666665
1746532800,594.37,595.89,593.74,595.75,,,599.6042499999998,593.9175999999991,598.3338095238092
1746536400,595.75,596.39,594.08,595.42,,,599.5593999999998,593.9343999999991,598.3866666666664
1746540000,595.42,598.38,595.4,596.88,,,599.5349999999997,593.9247999999991,598.2928571428569
1746543600,596.9,599.04,596.87,598.52,,,599.5113499999998,593.9319999999991,598.2290476190474
1746547200,598.52,598.97,596.69,596.72,,,599.4830999999998,593.942399999999,598.0757142857141
1746550800,596.72,599.71,596.7,599.07,,,599.4695499999997,593.9601999999991,597.9861904761902
1746554400,599.07,601.46,599.07,601.4,,,599.4365999999998,593.984399999999,597.9295238095235
1746558000,601.39,602.54,599.47,599.49,,,599.3879499999998,594.0597999999991,597.805714285714
1746561600,599.52,601.02,598.04,598.38,,,599.3448999999997,594.2241999999991,597.8366666666664
1746565200,598.38,599.75,596.79,597.51,,,599.2988499999998,594.3501999999991,597.9628571428568
1746568800,597.5,602.95,597.5,602.08,,,599.2505999999997,594.5439999999991,597.9461904761902
1746572400,602.08,603.15,600.99,602.58,,,599.2152499999997,594.801799999999,597.9790476190474
1746576000,602.58,606.93,602.49,603.82,,,599.1663499999999,595.0521999999991,597.8909523809521
1746579600,603.82,606,602.95,603.29,,,599.1294499999997,595.248399999999,598.0976190476188
1746583200,603.29,603.92,601.69,601.89,,,599.1052499999998,595.4257999999991,598.2690476190472
1746586800,601.89,603.11,601.49,602.02,,,599.0643499999998,595.679399999999,598.493333333333
1746590400,602.02,604.65,601.98,604.32,,,599.0200999999998,595.932999999999,598.6719047619044
1746594000,604.32,604.62,603.58,603.99,,,598.9969499999999,596.2697999999989,598.8652380952377
1746597600,603.99,605.45,602.63,604.97,,,598.9966499999998,596.6129999999989,598.9904761904758
1746601200,604.99,606.61,604.67,606.59,,,599.0043999999999,596.8757999999989,599.2457142857139
1746604800,606.59,606.94,605.16,605.98,,,599.0192,597.208599999999,599.5204761904758
1746608400,605.98,606.9,605.76,606.01,,,599.0230999999999,597.527199999999,599.9180952380949
1746612000,606.01,606.07,603.95,604.56,,,599.0164499999998,597.839799999999,600.4295238095235
1746615600,604.56,606.43,604.18,606.42,,,599.0011999999999,598.1385999999989,600.9842857142854
1746619200,606.41,609.03,606.4,607.94,,,599.0047499999998,598.4303999999989,601.4728571428568
1746622800,607.94,608,604.5,604.95,,,598.9979999999999,598.7231999999989,601.9080952380949
1746626400,604.95,605.32,602.7,602.94,,,598.9949999999999,599.0055999999989,602.3623809523806
1746630000,602.94,603.13,600.66,600.85,,,598.9961999999999,599.263199999999,602.810952380952
1746633600,600.86,600.98,597.99,600.11,,,598.9902499999998,599.5359999999989,603.2028571428568
1746637200,600.11,600.16,598.25,599.06,,,598.9892499999999,599.814399999999,603.3871428571425
1746640800,599.05,602.04,598.1,601.07,,,598.9895999999999,600.0399999999989,603.3609523809521
1746644400,601.07,601.11,598.57,599,,,598.9882499999999,600.1735999999989,603.3904761904759
1746648000,599,599.02,597.85,599.02,,,598.9982999999997,600.295799999999,603.4228571428569
1746651600,599.02,600.94,598.39,600.6,,,598.9844499999998,600.3719999999989,603.5923809523806
1746655200,600.6,602.34,600.42,601.9,,,598.9498999999998,600.4113999999989,603.445714285714
1746658800,601.89,603.86,601.81,602.69,,,598.9044499999998,600.459999999999,603.2761904761902
1746662400,602.69,603.69,601.04,603.56,,,598.8642999999997,600.464799999999,603.1228571428569
1746666000,603.56,605.16,600.9,601.23,,,598.8218999999998,600.450999999999,603.0566666666664
1746669600,601.23,608.34,601.23,607.02,,,598.8136999999997,600.476599999999,603.0947619047616
1746673200,607.02,611.07,606.6,611.06,,,598.7894999999997,600.546199999999,603.168095238095
1746676800,611.07,612.1,608.61,609.3,,,598.7769999999997,600.6249999999991,603.0209523809522
1746680400,609.29,610.29,608.52,609.55,,,598.7647499999998,600.6993999999991,603.1652380952379
1746684000,609.56,611.9,609.5,611.45,,,598.7595999999998,600.770199999999,603.4552380952379
1746687600,611.45,614.67,611.45,612.92,,,598.7646499999997,600.923399999999,603.5842857142854
1746691200,612.94,617.91,612.87,616.47,,,598.7705499999997,601.189799999999,603.7542857142855
1746694800,616.47,617.35,615.63,616.9,,,598.7575999999997,601.3961999999989,604.0133333333331
1746698400,616.9,617.59,614.66,616.64,,,598.7722499999998,601.604999999999,604.4114285714284
1746702000,616.64,616.64,613.19,613.8,,,598.8127499999998,601.8431999999989,604.8899999999999
1746705600,613.79,615.11,613.41,613.48,,,598.8532499999998,602.144999999999,605.3166666666666
1746709200,613.48,617.2,613.44,616.4,,,598.8968999999997,602.4865999999989,605.8733333333332
1746712800,616.43,619.06,615.04,617.42,,,598.9558999999998,602.845399999999,606.3904761904761
1746716400,617.42,623.51,617.27,621.12,,,599.0146499999998,603.213799999999,606.9919047619046
1746720000,621.11,622.57,620.24,621.73,,,599.0881499999997,603.557399999999,607.7676190476188
1746723600,621.75,621.75,615.6,616.72,,,599.1633499999997,603.909999999999,608.6419047619046
1746727200,616.72,618.45,616.72,617.9,,,599.2329999999997,604.351399999999,609.5966666666665
1746730800,617.89,619.57,616.37,619.43,,,599.2819499999997,604.784799999999,610.6790476190474
1746734400,619.43,626.73,619.26,626.36,,,599.3285999999997,605.298799999999,611.5219047619046
1746738000,626.36,628.36,622.95,624.84,,,599.3957999999998,605.795799999999,612.345714285714
1746741600,624.83,624.87,622,624.09,,,599.4643999999997,606.159799999999,613.1804761904759
1746745200,624.08,629.37,622.78,629.31,,,599.5530999999997,606.583399999999,614.3076190476188
1746748800,629.31,629.31,625.39,626.71,,,599.6519499999997,606.990599999999,615.3209523809521
1746752400,626.71,628.71,623.29,625.82,,,599.7228499999998,607.4897999999989,616.4095238095235
1746756000,625.82,625.84,623.64,624.61,,,599.8056999999998,607.9967999999989,617.4709523809521
1746759600,624.6,627.53,624.11,624.66,,,599.8899499999998,608.510999999999,618.2161904761903
1746763200,624.66,626.25,624.49,625.27,,,600.0193499999998,609.1469999999989,619.0028571428569
1746766800,625.27,627.33,624.93,627.32,,,600.1818499999997,609.639599999999,619.7199999999998
1746770400,627.32,630.19,627.32,630.14,,,600.3149999999998,610.1043999999989,620.3490476190475
1746774000,630.14,635.79,630.04,631.62,,,600.4759999999998,610.5201999999989,620.9371428571427
1746777600,631.62,640.8,630.95,633.77,,,600.6212999999998,610.9475999999988,621.4538095238094
1746781200,633.76,637.76,628.96,631.28,,,600.7571999999999,611.4151999999989,622.0842857142856
1746784800,631.28,636.3,630.35,636.3,,,600.8891499999999,611.9211999999989,622.7976190476189
1746788400,636.3,641.1,635.33,636.74,,,601.0198999999998,612.4375999999988,623.7485714285713
1746792000,636.73,639.33,635.07,637.04,,,601.1481499999998,612.9901999999988,624.5961904761904
1746795600,637.04,643.87,636.88,642.86,,,601.2913499999999,613.566199999999,625.5438095238094
1746799200,642.86,642.95,631.87,634.58,,,601.4449999999998,614.0599999999989,626.4638095238095
1746802800,634.61,636.45,632.31,635.8,,,601.6035999999998,614.6663999999989,627.2219047619047
1746806400,635.8,636.19,631.27,632.05,,,601.7689499999998,615.2809999999989,628.2280952380952
1746810000,632.05,636.75,631.36,635.92,,,601.9180999999999,615.930599999999,629.0785714285714
1746813600,635.92,636.51,634.75,635.7,,,602.0978999999998,616.659399999999,629.9309523809524
1746817200,635.7,636.79,634.85,635.23,,,602.2847999999998,617.1921999999989,630.5319047619048
1746820800,635.23,639.34,635.03,639.33,,,602.4662999999998,617.809199999999,630.9871428571429
1746824400,639.34,639.97,637.47,639.96,,,602.6759499999998,618.391399999999,631.5042857142857
1746828000,639.96,644.24,639.76,643.67,,,602.8509499999998,619.0927999999989,632.0347619047619
1746831600,643.67,669.67,643.62,666.75,,,603.0308499999998,619.8045999999989,632.5119047619048
1746835200,666.74,678.21,665.44,667.5,,,603.1834499999998,620.5279999999989,633.1428571428571
1746838800,667.5,673.46,667.45,672.91,,,603.3468499999998,621.2931999999989,633.9928571428572
1746842400,672.89,674.82,670.6,671.15,,,603.5044999999998,622.1123999999988,635.9995238095239
1746846000,671.11,671.11,659.5,661.82,,,603.6617499999998,623.0053999999989,638.0395238095239
1746849600,661.82,661.88,655.32,658.43,,,603.8411499999999,624.3283999999989,640.3080952380953
1746853200,658.43,660.06,657.11,659.94,,,604.0344499999998,625.6403999999989,642.3952380952381
1746856800,659.92,663.44,659.89,663.42,,,604.2298999999998,627.0447999999988,643.9038095238096
1746860400,663.42,664.16,661.06,661.94,,,604.5492499999999,628.3965999999988,645.1804761904763
1746864000,661.94,663.46,657.31,660.01,,,604.8741999999999,629.6083999999988,646.4266666666667
1746867600,660.01,661.09,656.65,660.24,,,605.2341499999999,630.6365999999988,647.9571428571429
1746871200,660.24,661.17,655.64,655.66,,,605.5833999999999,631.6141999999988,649.1780952380954
1746874800,655.64,657.19,649,649.33,,,605.8902499999998,632.6965999999989,650.2861904761905
1746878400,649.33,654.5,649.05,652.29,,,606.1828999999998,633.7443999999988,651.3909523809524
1746882000,652.3,655.39,651.5,653.95,,,606.4825499999998,634.7155999999989,652.0004761904763
1746885600,653.95,654.42,650.77,651.9,,,606.8047499999998,635.6619999999988,652.7028571428573
1746889200,651.9,652.67,649.42,651.51,,,607.1157999999998,636.4457999999988,653.4880952380953
1746892800,651.51,657.25,650.99,656.62,,,607.4075999999998,637.0943999999988,654.5309523809525
1746896400,656.62,658.55,654.03,655.35,,,607.7015999999999,637.8073999999988,655.2919047619048
1746900000,655.36,655.75,652.44,653.25,,,607.9664499999998,638.6103999999989,656.044761904762
1746903600,653.25,654.82,651.15,652.42,,,608.2057999999998,639.3787999999988,657.0633333333334
1746907200,652.42,655.14,649.72,654.86,,,608.4676999999998,640.0809999999988,657.8261904761906
1746910800,654.86,658.29,652.73,657.22,,,608.7425999999999,640.8649999999988,658.4590476190477
1746914400,657.22,657.22,654.01,656.41,,,609.0147499999998,641.5495999999988,658.8757142857145
1746918000,656.4,664.05,656.29,664,,,609.2931499999999,642.1799999999988,658.309523809524
1746921600,664,668.5,656.62,663.88,,,609.5877499999999,642.8939999999989,657.8200000000002
1746925200,663.89,664.38,656.09,658.57,,,609.8730999999999,643.6331999999989,657.0342857142858
1746928800,658.56,663.86,658.29,660.42,,,610.1442499999999,644.3889999999989,656.6938095238097
1746932400,660.4,663.99,659.48,662.49,,,610.4160999999999,644.9899999999989,656.7919047619049
1746936000,662.49,667.34,662.34,665.55,,,610.6941999999999,645.7731999999988,656.7985714285716
1746939600,665.55,667.38,664.22,664.27,,,610.9876999999999,646.5689999999988,656.8214285714288
1746943200,664.26,664.31,657.87,660.15,,,611.2670999999999,647.1541999999988,656.777142857143
1746946800,660.14,660.16,654.6,655.57,,,611.5876,647.8283999999989,656.9490476190476
1746950400,655.58,658.41,654.66,654.85,,,611.9046999999999,648.5617999999988,657.1519047619049
1746954000,654.81,658.7,654.8,657.63,,,612.1958999999999,649.3805999999988,657.1476190476192
1746957600,657.63,659.05,656.43,659.05,,,612.49835,650.1727999999988,657.1433333333334
1746961200,659.04,659.82,657.89,659.2,,,612.8150999999999,650.8703999999989,657.4061904761905
1746964800,659.2,659.81,656.96,657.59,,,613.1407499999999,651.4353999999988,657.6604761904762
1746968400,657.59,658.46,650,650.06,,,613.4636999999999,651.9295999999988,657.9033333333334
1746972000,650.06,654.09,650.01,653.19,,,613.7569499999998,652.4497999999988,658.2509523809524
1746975600,653.16,655.23,649.93,651.49,,,614.0304499999999,652.9553999999988,658.5404761904763
1746979200,651.49,652.01,648.05,650.66,,,614.3066499999998,653.5137999999988,658.2280952380954
1746982800,650.66,653.3,649.86,652.94,,,614.6014499999998,653.9395999999988,658.1252380952383
1746986400,652.94,655.13,650.96,654.56,,,614.8968999999998,654.2059999999988,658.0414285714287
1746990000,654.56,654.66,653.09,653.51,,,615.1956499999998,654.5289999999989,657.9576190476191
1746993600,653.51,653.68,650.69,651.47,,,615.4824499999999,654.7015999999988,657.8661904761906
1746997200,651.47,652.21,649.34,652.05,,,615.7321499999998,655.023199999999,657.7395238095239
1747000800,652.05,653.53,649.11,650.75,,,616.0030999999998,655.3659999999988,657.6014285714288
1747004400,650.74,652.53,649.75,651.2,,,616.2718999999998,655.816199999999,657.0047619047621
1747008000,651.2,656.32,650.49,655.16,,,616.5389999999999,656.1679999999989,656.4414285714288
1747011600,655.16,657.46,647.67,651.57,,,616.8203499999998,656.4833999999989,656.0690476190479
1747015200,651.57,654.67,651.42,653.23,,,617.1150499999999,656.8197999999988,655.6300000000002
1747018800,653.23,655.78,652.02,655.76,,,617.3998499999999,657.0481999999989,655.2809523809526
1747022400,655.78,657.6,655.04,656.14,,,617.6699499999999,657.2729999999989,654.6152380952384
1747026000,656.09,657.06,652.54,654.26,,,617.9395,657.502799999999,654.0895238095242
1747029600,654.27,659.01,653.52,658.92,,,618.2023499999999,657.1991999999988,653.8804761904764
1747033200,658.92,668.22,656.41,661.36,,,618.4639499999998,656.9137999999989,653.9076190476193
1747036800,661.31,671.05,657.89,668.9,,,618.7453499999999,656.5707999999988,653.879523809524
1747040400,668.9,671.6,666.96,668.17,,,619.0056999999999,656.2705999999988,653.9409523809527
1747044000,668.17,676.73,668.08,676.72,,,619.2792499999999,656.1193999999989,654.0509523809526
1747047600,676.71,692.87,676.45,678.09,,,619.5573499999999,656.1291999999988,654.5128571428575
1747051200,678.08,691.78,677.81,688.88,,,619.8403999999999,656.1575999999988,655.016666666667
1747054800,688.88,689.49,680.25,680.75,,,620.1168499999999,656.2671999999989,656.2861904761909
1747058400,680.75,680.96,665.81,666.19,,,620.4134499999999,656.3917999999987,657.4719047619051
1747062000,666.19,668.75,661.62,663.75,,,620.7227499999999,656.7259999999987,659.2523809523813
1747065600,663.75,669.45,661.53,668.28,,,621.06745,657.0829999999988,660.6852380952384
1747069200,668.28,670.78,660.92,661.83,,,621.4094,657.7473999999988,661.3161904761909
1747072800,661.83,663.89,650.1,656.28,,,621.7972,658.3757999999989,661.75380952381
1747076400,656.28,661.79,655.65,660.06,,,622.1882,658.6537999999989,662.4571428571433
1747080000,660.06,663.34,658.19,661.92,,,622.643,658.8497999999988,662.9504761904766
1747083600,661.91,663.86,660.83,663.11,,,623.0583,659.1773999999989,663.1519047619051
1747087200,663.11,663.88,661.52,663.04,,,623.40235,659.3837999999989,663.5952380952385
1747090800,663.05,663.18,660.18,660.18,,,623.7356,659.3769999999988,664.1057142857147
1747094400,660.19,660.25,654.35,655.27,,,624.09955,659.4711999999989,664.4842857142861
1747098000,655.25,657.36,650.1,652.8,,,624.43965,659.644599999999,665.0304761904766
1747101600,652.8,653.59,644.31,646.41,,,624.7467500000001,659.8583999999989,665.361428571429
1747105200,646.4,647.43,640.86,641.97,,,625.076,660.0219999999989,665.3380952380957
1747108800,641.98,648.25,640.78,648.15,,,625.4200500000001,660.081199999999,665.1790476190481
1747112400,648.15,648.42,646.03,647.86,,,625.7841000000001,660.058399999999,664.8052380952386
1747116000,647.86,649.55,647.35,648.75,,,626.1472,659.834399999999,663.9980952380957
1747119600,648.75,652.21,648.56,649.5,,,626.5012,659.484999999999,663.369047619048
1747123200,649.5,650.81,647.99,648.76,,,626.835,659.152999999999,662.3671428571433
1747126800,648.77,653.39,648.58,652.65,,,627.1641500000001,658.907599999999,661.4423809523814
1747130400,652.65,652.85,649.54,650.44,,,627.45335,658.614999999999,660.1461904761909
1747134000,650.44,654.42,650.3,653.03,,,627.72,658.278999999999,658.7495238095242
1747137600,653.03,656.25,650.11,653.7,,,628.01375,657.983599999999,657.0242857142861
1747141200,653.7,658.4,653.63,656.72,,,628.30355,657.7557999999989,655.5809523809528
1747144800,656.72,656.9,650.02,651.95,,,628.6124,657.6973999999989,654.9542857142861
1747148400,651.95,655.73,651.77,655.57,,,628.92925,657.6091999999989,654.4757142857147
1747152000,655.57,662.45,655.32,660.1,,,629.2293,657.5171999999989,653.9252380952386
1747155600,660.1,664.96,659.89,661.74,,,629.56565,657.4101999999989,653.4547619047623
1747159200,661.75,666.92,661.6,666.62,,,629.8759,657.3605999999988,653.4209523809528
1747162800,666.67,671.11,664.09,666.75,,,630.19925,657.2477999999988,653.4228571428575
1747166400,666.75,667.07,663.98,665.4,,,630.5176,657.3579999999988,653.414285714286
1747170000,665.4,666.55,663.97,665.42,,,630.8412000000001,657.4961999999989,653.581428571429
1747173600,665.41,666.8,664.38,664.72,,,631.14425,657.701199999999,653.7580952380956
1747177200,664.71,666.73,662.4,664.18,,,631.46265,658.020399999999,654.0066666666671
1747180800,664.18,665.24,660.74,662.73,,,631.80475,658.296599999999,654.4900000000004
1747184400,662.73,666.13,661.3,662.4,,,632.14955,658.5133999999989,655.0576190476195
1747188000,662.4,662.59,657.9,660.38,,,632.51255,658.751599999999,655.90380952381
1747191600,660.38,663.48,658.56,661.85,,,632.87795,659.0165999999989,656.8923809523812
1747195200,661.83,663.29,659.14,662.93,,,633.2236500000001,659.2591999999989,657.5709523809527
1747198800,662.93,664.38,661.37,663.58,,,633.5770500000002,659.498799999999,658.1671428571432
1747202400,663.58,663.69,661.4,662.74,,,633.9191500000002,659.722799999999,658.7909523809527
1747206000,662.74,662.75,656.79,658.44,,,634.2546000000001,659.827199999999,659.4304761904766
1747209600,658.42,659.52,651.09,651.1,,,634.5750500000001,660.0327999999989,660.1361904761909
1747213200,651.1,655.53,650.69,655.48,,,634.8932500000002,660.226799999999,660.616666666667
1747216800,655.48,657.11,654.72,655.72,,,635.1966000000002,660.3831999999991,660.9976190476194
1747220400,655.72,661.03,655.7,659.77,,,635.5092500000003,660.515199999999,660.9057142857148
1747224000,659.78,659.89,654.97,655.47,,,635.8318000000003,660.5987999999991,660.9904761904766
1747227600,655.47,657.44,651.85,654.72,,,636.1559500000002,660.442399999999,660.9428571428575
1747231200,654.71,655.26,651.4,654.45,,,636.4704500000003,660.3247999999991,661.3152380952384
1747234800,654.45,654.7,650.07,652.01,,,636.7742000000002,660.0611999999991,661.3104761904766
1747238400,652.03,653.62,649.92,651.24,,,637.0329000000003,659.8931999999991,661.0542857142862
1747242000,651.24,652.04,647.46,651.77,,,637.3216000000002,659.468199999999,660.7071428571433
1747245600,651.75,654.74,651.74,653.46,,,637.6053000000002,659.0007999999991,660.011428571429
1747249200,653.42,654.25,652.36,652.74,,,637.9086000000002,658.3121999999992,659.2728571428576
1747252800,652.74,653.45,651.45,651.45,,,638.1882500000002,657.7373999999992,658.6238095238099
1747256400,651.46,652.66,649.77,652.59,,,638.4727000000001,657.4383999999991,658.0542857142862
1747260000,652.58,652.68,650.43,651.16,,,638.7480000000002,657.1987999999992,657.4838095238099
1747263600,651.16,652.72,649.63,652.52,,,639.0132500000002,656.9023999999991,656.8776190476195
1747267200,652.52,654.95,652.23,654.51,,,639.2783500000002,656.7205999999991,656.3947619047623
1747270800,654.51,654.92,645.47,646.73,,,639.5541000000002,656.6239999999991,655.8595238095243
1747274400,646.73,650.17,646.14,649.02,,,639.8421500000003,656.4745999999991,655.4852380952385
1747278000,649.01,649.89,647.15,647.86,,,640.1342000000003,656.2593999999991,655.1357142857147
1747281600,647.86,651.92,647.52,651.89,,,640.4127000000003,656.0475999999991,654.3642857142861
1747285200,651.88,652.54,648.71,648.73,,,640.6985500000003,655.876999999999,653.6709523809527
1747288800,648.74,650.98,645.84,648.03,,,640.9699500000002,655.6079999999992,652.9623809523813
1747292400,648.01,648.8,642.51,644.66,,,641.2399500000001,655.4829999999992,652.6504761904765
1747296000,644.66,653.91,644.56,652.67,,,641.5289000000002,655.384199999999,652.5376190476194
1747299600,652.67,653.02,647.39,650.13,,,641.7672000000002,655.4937999999992,652.1828571428575
1747303200,650.13,650.59,648.06,650.49,,,642.0053000000003,655.6289999999991,651.6561904761909
1747306800,650.49,654.46,650.22,653.63,,,642.2471500000001,655.626599999999,651.3180952380957
1747310400,653.63,656.16,652.8,653.69,,,642.5147000000002,655.5625999999991,651.0638095238099
1747314000,653.69,654.89,646.36,649.84,,,642.7708000000001,655.640999999999,650.8623809523813
1747317600,649.85,652.97,643.52,646.89,,,643.0005500000002,655.6535999999992,650.8233333333337
1747321200,646.9,656.07,646.65,655.56,,,643.2109500000001,655.688199999999,650.9033333333338
1747324800,655.58,659.94,654.08,659.82,,,643.4552000000002,655.707799999999,650.836666666667
1747328400,659.82,660.88,656.82,657.42,,,643.6894000000002,655.7727999999989,650.6042857142861
1747332000,657.44,658.7,649.34,649.84,,,643.9324000000001,655.7089999999989,650.7042857142861
1747335600,649.84,653.33,648.62,651.97,,,644.1904500000002,655.572799999999,651.0414285714289
1747339200,651.95,653.68,649.64,652.93,,,644.4373000000003,655.549599999999,651.3257142857148
1747342800,652.93,653.93,648.96,653.38,,,644.6665500000003,655.706999999999,651.1947619047622
1747346400,653.38,654.9,651.42,651.47,,,644.8761500000002,655.7439999999991,651.2333333333337
1747350000,651.47,651.94,645.97,651.93,,,645.1210000000002,655.538799999999,651.2528571428576
1747353600,651.93,653.99,650.81,651.17,,,645.3902000000002,655.343399999999,651.1990476190481
1747357200,651.16,652.85,646.82,652.51,,,645.6472500000002,655.069599999999,651.4247619047624
1747360800,652.49,658.2,651.61,657.55,,,645.8736500000002,654.802199999999,651.5633333333337
1747364400,657.55,659.93,656.83,657.99,,,646.1014000000002,654.523599999999,651.7209523809528
1747368000,657.99,659.38,655.47,656.83,,,646.3263500000002,654.253799999999,651.7504761904767
1747371600,656.82,658.93,656.82,658.35,,,646.5685000000001,653.982799999999,652.1704761904766
1747375200,658.35,659.12,656.85,658.47,,,646.8111500000001,653.749399999999,652.6447619047623
1747378800,658.47,658.89,655.56,655.58,,,647.0665500000001,653.6457999999989,653.2242857142862
1747382400,655.58,656.74,651.8,653.05,,,647.3218500000002,653.557599999999,653.4947619047624
1747386000,653.05,655.9,652.45,655.74,,,647.5891000000001,653.4865999999989,653.8919047619052
1747389600,655.74,657.49,655.29,656.78,,,647.8715000000001,653.4165999999989,654.1342857142861
1747393200,656.72,657.28,653.88,654.49,,,648.1664500000002,653.3273999999989,654.106666666667
1747396800,654.5,654.69,652.49,652.66,,,648.4555000000001,653.1673999999989,654.2042857142861
1747400400,652.65,655.26,652.14,654.81,,,648.7442500000001,652.9735999999989,654.5347619047623
1747404000,654.82,654.83,650.24,650.81,,,649.0271,652.9195999999989,654.896666666667
1747407600,650.81,653.57,650.64,652.09,,,649.29155,653.0331999999989,654.7585714285718
1747411200,652.09,654.38,650.23,652.51,,,649.5390000000001,653.0133999999989,654.5200000000003
1747414800,652.53,653.28,648.23,649.06,,,649.8115500000001,652.9521999999988,654.2052380952384
1747418400,649.07,650.11,648.12,648.72,,,650.0603500000001,652.8529999999988,654.3123809523813
1747422000,648.7,650.4,648.36,649.89,,,650.2775000000001,652.7597999999989,654.3380952380955
1747425600,649.88,650.1,645.93,646.87,,,650.4943000000001,652.7071999999989,654.1538095238099
1747429200,646.87,649.19,646.4,646.81,,,650.7206000000001,652.6683999999989,653.9319047619051
1747432800,646.82,646.83,644.06,644.92,,,650.9174,652.6093999999989,653.856666666667
1747436400,644.93,647.73,644.92,646.79,,,651.11325,652.558999999999,653.6157142857146
1747440000,646.81,647.01,641.21,642.63,,,651.29345,652.521399999999,653.4080952380956
1747443600,642.63,642.63,635.27,638.12,,,651.45425,652.389599999999,653.046666666667
1747447200,638.13,641.46,636.33,640.95,,,651.61465,652.2709999999989,652.534285714286
1747450800,640.95,644.08,639.74,643.63,,,651.7951,652.140399999999,651.8028571428574
1747454400,643.63,645.97,642.96,644.91,,,651.96205,652.024399999999,650.9119047619051
1747458000,644.91,645.71,642.44,642.77,,,652.1141000000001,651.853799999999,650.0833333333337
1747461600,642.75,644.64,642.73,644.5,,,652.2516,651.565799999999,649.376666666667
1747465200,644.5,645.81,643.05,643.19,,,652.3799500000001,651.2945999999989,648.8685714285717
1747468800,643.21,644.4,641.46,641.47,,,652.48445,651.232599999999,648.379047619048
1747472400,641.46,642.6,639.79,641.71,,,652.59145,651.1503999999991,647.8438095238099
1747476000,641.72,642.9,640.72,641.89,,,652.7067000000001,651.048599999999,647.196666666667
1747479600,641.89,642.57,640.18,641.66,,,652.8277,650.900799999999,646.576666666667
1747483200,641.66,642.18,640.56,641.04,,,652.92045,650.7899999999989,646.0552380952386
1747486800,641.04,641.58,636.82,638.31,,,653.0101,650.6587999999989,645.4400000000004
1747490400,638.31,642.95,638.2,642.9,,,653.11215,650.5997999999989,645.0042857142862
1747494000,642.9,643.08,640.44,640.72,,,653.18155,650.3841999999989,644.4780952380956
1747497600,640.72,642.12,636.24,639.08,,,653.2553499999999,650.2147999999988,643.8019047619052
1747501200,639.08,642.29,638.75,640.67,,,653.3348,650.0257999999989,643.5085714285718
1747504800,640.67,642.84,639.78,639.89,,,653.4212,649.7193999999988,643.1276190476195
1747508400,639.89,641.76,639.29,640.52,,,653.5062,649.5035999999989,642.6128571428575
1747512000,640.52,642.77,638.62,642.01,,,653.58505,649.3211999999988,642.3176190476195
1747515600,642.02,642.76,640.79,642.29,,,653.64,649.1649999999989,641.9880952380956
1747519200,642.28,642.29,637.99,639.16,,,653.7038,648.8671999999989,641.7785714285718
1747522800,639.15,640.55,638.38,639.67,,,653.7493,648.4685999999989,641.5509523809528
1747526400,639.67,641.99,639.32,641.62,,,653.77585,648.1305999999989,641.5347619047623
1747530000,641.64,643.21,640.58,642.61,,,653.8228,647.9739999999989,641.5842857142861
1747533600,642.61,643.25,641.7,642.18,,,653.8407500000001,647.780399999999,641.5233333333337
1747537200,642.18,643.48,641.16,642.54,,,653.85965,647.5049999999989,641.4276190476195
1747540800,642.54,644.17,642.54,643.22,,,653.8845,647.2307999999989,641.3180952380956
1747544400,643.22,646.42,643.22,646.04,,,653.88165,647.0337999999989,641.2900000000003
1747548000,646.03,646.1,643.25,643.87,,,653.9045500000001,646.847399999999,641.196666666667
1747551600,643.87,645.82,643.31,645.75,,,653.9239000000001,646.667599999999,641.1980952380956
1747555200,645.75,648.42,645.74,647.42,,,653.9717500000002,646.468199999999,641.4157142857146
1747558800,647.42,648.62,645.25,645.38,,,654.0052000000001,646.181599999999,641.5185714285718
1747562400,645.38,646.32,645.16,646.19,,,654.0376000000001,645.942599999999,641.7023809523814
1747566000,646.2,646.54,645.13,645.34,,,654.07415,645.683399999999,641.9766666666671
1747569600,645.32,646.4,644.11,646.4,,,654.0936,645.431399999999,642.1833333333337
1747573200,646.4,649.31,645.79,649.16,,,654.1240000000001,645.210399999999,642.5585714285719
1747576800,649.22,652.4,648.04,651.36,,,654.1250000000001,645.006399999999,642.6747619047625
1747580400,651.36,654.74,650.42,654.13,,,654.0200000000001,644.8691999999988,642.9452380952387
1747584000,654.13,655.17,651.88,653.97,,,653.9196000000002,644.661199999999,643.4252380952387
1747587600,653.98,654.56,647.62,647.65,,,653.7819500000002,644.4535999999989,643.9342857142861
1747591200,647.65,647.87,641.63,644.16,,,653.6571500000002,644.3469999999988,644.6123809523814
1747594800,644.16,645.52,638.34,638.4,,,653.5747500000002,644.3209999999989,645.2528571428577
1747598400,638.4,641.04,634.7,640.28,,,653.5146000000002,644.3073999999989,645.5214285714292
1747602000,640.28,645.25,640.28,642.41,,,653.4607000000002,644.3705999999988,645.6104761904768
1747605600,642.42,648.4,640.58,648.27,,,653.4004000000001,644.281799999999,645.5742857142862
1747609200,648.28,652.59,645.91,651.75,,,653.3613500000001,644.1147999999989,645.6033333333339
1747612800,651.74,653.65,646.85,647.63,,,653.3311500000002,643.9015999999989,645.640952380953
1747616400,647.6,648.32,643.36,643.97,,,653.2682000000002,643.7327999999989,645.9104761904767
1747620000,643.97,644.91,640.86,641.97,,,653.2107000000001,643.5831999999989,646.366190476191
1747623600,641.97,642.21,638.65,639.15,,,653.1560500000002,643.6111999999989,646.608571428572
1747627200,639.15,641.14,634.7,636.46,,,653.0960000000002,643.7099999999988,646.6442857142863
1747630800,636.46,639.08,635.55,638.86,,,653.0383000000003,643.7641999999988,646.4504761904767
1747634400,638.86,640.53,634.05,634.13,,,653.0201500000002,643.7077999999988,646.2257142857148
1747638000,634.13,639.89,633.94,638.89,,,653.0213500000002,643.6945999999988,645.7833333333339
1747641600,638.89,640.53,637.47,638.92,,,652.9764000000002,643.7151999999988,645.3757142857148
1747645200,638.92,641.24,638,640.01,,,652.9195000000003,643.6253999999988,644.8400000000005
1747648800,640.01,641.46,638.58,640.69,,,652.8631000000003,643.5299999999987,644.4923809523815
1747652400,640.68,640.91,639.13,640.21,,,652.7967500000002,643.3143999999987,644.1866666666672
1747656000,640.21,640.31,636.17,636.94,,,652.7047500000003,643.2367999999988,643.8823809523815
1747659600,636.94,641.84,636.89,640.77,,,652.6129500000002,643.1251999999988,643.4790476190482
1747663200,640.78,644.5,640.4,643.88,,,652.5015500000003,643.0615999999987,642.9480952380958
1747666800,643.88,647.68,643.87,645.44,,,652.3760000000003,643.0459999999988,642.1295238095244
1747670400,645.44,647.44,644.71,647.43,,,652.2512000000003,643.0159999999987,641.500952380953
1747674000,647.47,649.61,646.06,646.88,,,652.1584000000003,642.9169999999988,641.3214285714291
1747677600,646.88,648.48,645.02,646.6,,,652.0597500000002,642.8991999999987,641.3823809523816
1747681200,646.6,649.36,646.6,648.69,,,651.9483500000002,642.9559999999987,641.8123809523817
1747684800,648.68,649.78,647.69,649.4,,,651.8053000000003,643.0985999999987,642.1266666666673
1747688400,649.4,650.02,647.84,649.95,,,651.6878000000003,643.1891999999987,642.3261904761911
1747692000,649.95,651.27,649.27,650.33,,,651.6064500000002,643.3123999999987,642.346190476191
1747695600,650.33,652.05,649.66,649.92,,,651.5558000000002,643.4627999999987,642.2342857142863
1747699200,649.92,653.48,648.97,649.4,,,651.5187000000002,643.6231999999986,642.3447619047625
1747702800,649.4,652.87,649.27,651.52,,,651.4649500000003,643.8133999999986,642.6476190476197
1747706400,651.52,653.87,650.67,650.97,,,651.4027000000002,644.0019999999987,643.0261904761911
1747710000,650.97,652.12,649.92,650.68,,,651.3501500000002,644.1683999999987,643.5142857142864
1747713600,650.68,651.73,648.9,651.38,,,651.3092000000001,644.3209999999985,644.2314285714292
1747717200,651.38,652.52,650.56,651.98,,,651.3086500000002,644.5257999999986,644.8080952380959
1747720800,651.98,652.26,649.55,650.57,,,651.2943500000001,644.7627999999986,645.596190476191
1747724400,650.57,650.84,646.84,647.51,,,651.2865000000002,644.9497999999986,646.190952380953
1747728000,647.51,648.36,645.69,648.18,,,651.2802000000001,645.1111999999986,646.8128571428579
1747731600,648.18,648.55,646.68,648.35,,,651.2731000000002,645.2951999999985,647.315714285715
1747735200,648.35,648.49,644.78,645.69,,,651.2551500000002,645.4839999999986,647.6404761904769
1747738800,645.72,645.78,641.93,643.97,,,651.2410000000002,645.6309999999986,648.0200000000007
1747742400,643.97,643.97,641.29,642.69,,,651.2405500000002,645.6603999999986,648.563333333334
1747746000,642.69,643.05,640.62,641.6,,,651.2402000000002,645.7465999999986,648.7976190476196
1747749600,641.63,643.89,640.79,642.66,,,651.2393000000002,645.7985999999986,648.8019047619053
1747753200,642.65,645.79,642.6,644.93,,,651.2208500000002,645.7639999999985,648.670952380953
1747756800,644.94,646.6,643.75,645.23,,,651.1859500000003,645.7357999999986,648.393333333334
1747760400,645.23,647.77,645.22,646.97,,,651.1698500000003,645.6657999999985,648.1923809523817
1747764000,646.96,647.81,643.06,643.97,,,651.1321500000003,645.5909999999986,648.1128571428578
1747767600,643.97,649.17,643.82,648.2,,,651.0732000000003,645.5161999999985,647.9480952380958
1747771200,648.2,649.8,647.34,649.7,,,651.0059500000002,645.4315999999985,647.8323809523816
1747774800,649.71,650.8,648.11,650.17,,,650.9426500000003,645.3089999999986,647.5476190476197
1747778400,650.19,650.84,648.56,650.77,,,650.8613500000004,645.1657999999985,647.4461904761912
1747782000,650.77,652.84,650.04,650.21,,,650.7792000000003,644.9657999999986,647.435714285715
1747785600,650.21,651.95,649.37,650.02,,,650.6608500000003,644.9767999999985,647.4723809523816
1747789200,650.02,652.21,649.15,649.62,,,650.5548500000003,645.0875999999985,647.4366666666673
1747792800,649.62,651.66,648.84,651.57,,,650.3911000000003,645.3229999999985,647.4004761904769
1747796400,651.57,658.26,651.54,656.86,,,650.2416500000003,645.5327999999986,647.3690476190483
1747800000,656.86,669.3,656.85,661.33,,,650.0457500000002,645.6887999999985,647.2852380952388
1747803600,661.33,662.62,659.93,661.23,,,649.8928500000003,645.7237999999985,647.265714285715
1747807200,661.23,662.28,659.68,660.4,,,649.8157500000002,645.6811999999985,647.5652380952389
1747810800,660.4,660.78,652.94,653.15,,,649.7480500000003,645.7599999999985,648.2233333333342
1747814400,653.15,654.81,651.45,651.51,,,649.6567500000002,646.0177999999985,648.8447619047627
1747818000,651.51,652.07,650.32,651.78,,,649.5957000000002,646.4049999999985,649.4185714285722
1747821600,651.78,653.64,650.43,653.37,,,649.5721500000002,646.8465999999985,649.7738095238103
1747825200,653.36,655.46,652.97,655.13,,,649.5561500000001,647.3253999999985,650.1328571428579
1747828800,655.13,656.45,653.12,654.73,,,649.5532000000002,647.6111999999985,650.565714285715
1747832400,654.73,657.98,652.47,656.26,,,649.5438000000001,647.9587999999985,651.1261904761914
1747836000,656.26,659.59,654.46,659.25,,,649.5306000000002,648.2165999999985,651.7200000000008
1747839600,659.25,665.07,657.44,663.86,,,649.4954500000001,648.5055999999985,652.1866666666674
1747843200,663.86,672.23,662.92,670.33,,,649.4766500000001,648.8079999999985,652.7119047619055
1747846800,670.32,672.05,660.72,662.73,,,649.4715500000001,649.0887999999984,653.2966666666674
1747850400,662.7,671.06,662.7,667.18,,,649.5063500000001,649.4097999999985,654.2438095238102
1747854000,667.19,672.71,667.19,671.22,,,649.5721500000001,649.8559999999984,655.2976190476198
1747857600,671.22,672.94,668.6,669.83,,,649.6050500000001,650.3177999999986,655.9180952380959
1747861200,669.84,674.56,669.8,674.56,,,649.64705,650.8467999999984,656.728095238096
1747864800,674.56,675.26,671.78,673.49,,,649.69955,651.1925999999984,657.7019047619056
1747868400,673.49,678.17,672.79,673.63,,,649.7713500000001,651.5875999999985,658.6361904761912
1747872000,673.64,677.25,673.43,676.88,,,649.8792000000001,652.0743999999985,659.8047619047627
1747875600,676.86,678.69,674.95,676.73,,,649.9296000000002,652.5389999999985,660.9414285714295
1747879200,676.74,686.15,676.74,681.71,,,650.0133000000001,653.0563999999985,661.9919047619056
1747882800,681.71,689.81,681.56,685.63,,,650.1042500000002,653.5381999999985,662.945238095239
1747886400,685.63,687.64,682.22,683.29,,,650.1849000000002,654.0117999999985,663.6785714285722
1747890000,683.3,684.75,681.38,681.47,,,650.2741000000002,654.5427999999986,664.6538095238104
1747893600,681.46,682.34,679.63,679.85,,,650.3818000000002,655.0789999999986,665.855238095239
1747897200,679.85,684.41,679.28,682.95,,,650.4721000000002,655.7251999999986,667.2904761904772
1747900800,682.95,685.09,681.67,683.35,,,650.5560000000002,656.4073999999985,668.7171428571438
1747904400,683.35,686.57,682.44,685.9,,,650.6309500000002,657.0537999999984,670.0538095238105
1747908000,685.9,686.02,681.56,684.52,,,650.7064000000003,657.6695999999985,671.462380952382
1747911600,684.53,688.13,682.16,687.39,,,650.8008000000002,658.2389999999984,672.8061904761914
1747915200,687.39,688.16,685.54,687.54,,,650.8902500000003,658.8583999999985,674.2904761904772
1747918800,687.54,687.99,684.64,685.8,,,650.9705000000002,659.5139999999985,675.6361904761915
1747922400,685.83,687.24,684.75,686.2,,,651.0461500000002,660.2817999999985,676.9761904761914
1747926000,686.19,686.2,681.73,682.15,,,651.1400000000002,661.0085999999984,678.1038095238106
1747929600,682.15,685.31,680.05,680.43,,,651.2431000000001,661.7893999999984,678.8404761904773
1747933200,680.42,682.09,679.81,680.68,,,651.3606000000002,662.6263999999984,679.9580952380963
1747936800,680.66,682.05,679.74,681.44,,,651.4813000000001,663.4629999999984,680.6709523809534
1747940400,681.44,681.73,680,681.23,,,651.6090000000003,664.3331999999983,681.1095238095248
1747944000,681.24,682.56,679.5,680.61,,,651.7320500000002,665.1441999999984,681.6261904761915
1747947600,680.61,682.4,680.31,682.01,,,651.8431500000003,665.8995999999985,681.9538095238105
1747951200,682,684.54,682,683.84,,,651.9604500000002,666.6145999999985,682.3223809523819
1747954800,683.84,686.84,683.84,686.75,,,652.0790000000002,667.3387999999984,682.654761904763
1747958400,686.74,686.82,684.03,685.4,,,652.2256500000002,668.0239999999985,682.8990476190486
1747962000,685.42,688.62,684.66,688.11,,,652.3516500000002,668.7567999999985,683.23761904762
1747965600,688.11,691.45,687.57,689.02,,,652.4802500000002,669.4329999999984,683.47761904762
1747969200,689.02,691.45,688.12,688.12,,,652.5875500000001,670.1157999999984,683.4666666666677
1747972800,688.12,689.53,684.06,686.9,,,652.7132500000001,670.8473999999984,683.6961904761914
1747976400,686.91,689.06,686.01,688.66,,,652.8497000000001,671.5399999999984,684.0557142857152
1747980000,688.66,689.92,682.61,684.26,,,652.9966500000002,672.2979999999983,684.4495238095247
1747983600,684.26,687.94,682.26,682.42,,,653.1703500000001,673.0779999999983,684.63761904762
1747987200,682.39,685.13,682.16,684.89,,,653.3411500000001,673.8479999999983,684.8904761904771
1747990800,684.88,687.33,684.4,687.18,,,653.5228500000001,674.5545999999983,684.8123809523819
1747994400,687.18,687.33,683.25,683.84,,,653.7006500000001,675.1905999999984,684.7123809523819
1747998000,683.84,683.89,670.42,672.07,,,653.8775500000002,675.6491999999984,684.5933333333343
1748001600,672.08,672.33,661.56,665.12,,,654.0548000000001,676.0729999999983,684.5761904761914
1748005200,665.12,672.97,663.81,672.94,,,654.2351500000001,676.5627999999983,684.4828571428582
1748008800,672.91,675.01,672.2,673.36,,,654.40065,677.2433999999984,683.810000000001
1748012400,673.35,674.33,670.71,670.71,,,654.55015,677.8899999999983,682.9990476190485
1748016000,670.71,671.23,666.21,669.56,,,654.70205,678.2957999999984,682.6423809523819
1748019600,669.56,671.15,668.01,669.23,,,654.9043,678.5307999999983,682.2938095238105
1748023200,669.23,669.23,666.6,667.21,,,655.0784,678.8869999999984,681.782857142858
1748026800,667.21,667.84,665.41,665.74,,,655.1994500000001,679.2595999999983,681.2271428571437
1748030400,665.75,665.75,662.35,663.03,,,655.2656000000001,679.5485999999983,680.685238095239
1748034000,663.03,664.25,660.91,662.17,,,655.38665,679.7547999999982,679.9804761904771
1748037600,662.16,664.2,659.6,660.24,,,655.5133000000001,679.8621999999982,679.1185714285724
1748041200,660.24,660.56,654.26,657.09,,,655.64355,679.7997999999982,677.9890476190485
1748044800,657.08,661.66,655.61,659.55,,,655.7280000000001,679.8599999999983,676.882857142858
1748048400,659.55,663.77,659.55,660.48,,,655.8235000000001,679.7769999999982,675.5557142857151
1748052000,660.47,664.03,659.97,664,,,655.9071,679.5959999999983,674.0352380952389
1748055600,664,666.52,663.41,664.62,,,655.9676500000002,679.4041999999982,672.6747619047627
1748059200,664.62,668.02,664.38,667.89,,,656.0143500000001,679.0547999999982,671.4166666666674
1748062800,667.89,669.2,666.76,668.31,,,656.076,678.7759999999984,670.2423809523817
1748066400,668.31,670.86,666.66,668.79,,,656.1427500000001,678.5129999999983,669.3071428571436
1748070000,668.79,671.61,667.9,668.29,,,656.1504000000001,678.2553999999983,668.6152380952387
1748073600,668.28,672.54,668.28,671.63,,,656.1490500000001,678.0131999999983,667.825714285715
1748077200,671.63,673.69,670.77,671.5,,,656.1643500000001,677.7367999999983,666.9500000000007
1748080800,671.5,677.18,671.35,676.58,,,656.2351500000001,677.3903999999983,666.2095238095246
1748084400,676.59,676.82,673.88,674.79,,,656.2984000000001,677.1003999999983,666.1885714285721
1748088000,674.79,675.98,674.2,675.96,,,656.3732000000001,676.8367999999983,666.4923809523816
1748091600,675.96,676.1,671.91,672.2,,,656.44785,676.6723999999983,666.665714285715
1748095200,672.2,674.45,671.73,674.1,,,656.5344500000001,676.4433999999984,666.7338095238104
1748098800,674.1,674.5,672.3,674.24,,,656.61625,676.3079999999984,666.9838095238102
1748102400,674.24,675.56,672.96,675.48,,,656.71855,676.0857999999985,667.1095238095245
1748106000,675.48,676.68,674.13,675.85,,,656.8135000000001,675.9145999999984,667.3414285714292
1748109600,675.85,676.99,674.83,675.5,,,656.9086500000001,675.6107999999984,667.6761904761911
1748113200,675.5,676.94,675.18,676.82,,,656.99265,675.3419999999984,668.1400000000007
1748116800,676.83,677.05,672.38,672.87,,,657.0883,675.1107999999984,668.7504761904769
1748120400,672.87,673.36,670.22,671.74,,,657.15755,674.8963999999984,669.3852380952388
1748124000,671.74,671.76,669.21,669.41,,,657.2357,674.7703999999983,670.1747619047626
1748127600,669.39,669.56,666.38,668.18,,,657.329,674.6717999999984,670.9261904761912
1748131200,668.18,668.57,662.28,663.22,,,657.4411499999999,674.5945999999984,671.5066666666673
1748134800,663.23,665.88,660.35,663.95,,,657.5417,674.4231999999985,671.9319047619055
1748138400,663.96,666.5,662.08,666.41,,,657.6353,674.2333999999984,672.1309523809531
1748142000,666.41,667.27,666.02,666.12,,,657.74695,674.0093999999984,672.0642857142864
1748145600,666.12,666.62,664.18,666.48,,,657.8479999999998,673.7327999999984,671.8766666666673
1748149200,666.48,666.59,664.09,664.82,,,657.93265,673.3203999999984,671.7861904761912
1748152800,664.82,665.03,663.09,663.1,,,658.0256499999999,672.8643999999985,671.6590476190484
1748156400,663.1,663.21,660.48,662.17,,,658.1061,672.4845999999984,671.5728571428577
1748160000,662.18,662.21,657.36,659.07,,,658.1596499999999,672.0447999999985,671.2485714285721
1748163600,659.06,661.02,658.28,660.38,,,658.2341,671.5939999999985,670.848571428572
1748167200,660.38,662.16,660.3,660.9,,,658.3225499999999,671.1279999999986,670.1623809523816
1748170800,660.9,663.09,660.72,662.08,,,658.4037,670.6519999999986,669.4138095238102
1748174400,662.07,664.92,661.95,664.56,,,658.5017499999999,670.1221999999984,668.6719047619054
1748178000,664.56,667.59,664.42,666.95,,,658.5917999999999,669.6183999999985,668.1338095238102
1748181600,666.95,668.33,664.02,665.23,,,658.6826999999998,669.1775999999985,667.5614285714292
1748185200,665.23,665.94,661.52,663.43,,,658.7595999999999,668.6977999999986,667.1004761904768
1748188800,663.43,666.5,662.02,666.09,,,658.8417999999998,668.1957999999986,666.6942857142864
1748192400,666.09,666.92,664.45,665.18,,,658.9530999999998,667.8101999999985,666.1885714285721
1748196000,665.18,666.32,665.05,665.17,,,659.0528499999999,667.7077999999985,665.6138095238101
1748199600,665.18,668.5,665.15,667.47,,,659.1451,667.7099999999986,665.1028571428577
1748203200,667.47,668.2,666.91,667.27,,,659.24335,667.5197999999986,664.7366666666672
1748206800,667.27,669.09,665.95,666.6,,,659.3642499999999,667.3743999999986,664.4238095238101
1748210400,666.6,671.76,666.42,671.06,,,659.4679,667.2637999999986,664.331428571429
1748214000,671.06,671.6,669.46,669.67,,,659.5690999999999,667.1759999999986,664.2880952380957
1748217600,669.66,671.78,668.45,671.71,,,659.6921999999998,667.1407999999988,664.4490476190482
1748221200,671.71,672.5,670.09,671.9,,,659.8095499999998,667.1419999999987,664.7876190476196
1748224800,671.9,671.92,670.16,671.4,,,659.9259500000001,667.1591999999987,664.9428571428577
1748228400,671.4,675.42,670.27,674.43,,,660.055,667.3197999999986,665.2090476190482
1748232000,674.44,674.64,673.74,673.76,,,660.18615,667.4697999999986,665.4671428571435
1748235600,673.76,674.21,672.01,674.09,,,660.3276,667.6991999999987,665.7804761904767
1748239200,674.08,674.46,672.67,674.37,,,660.4684,667.9953999999987,666.3200000000006
1748242800,674.37,675.7,673.57,674.98,,,660.61315,668.2323999999986,666.8719047619053
1748246400,674.98,675.7,673,673.18,,,660.7763,668.5113999999987,667.5871428571434
1748250000,673.19,674.69,672.58,673.21,,,660.9324500000001,668.7065999999987,668.2533333333339
1748253600,673.21,675.31,673.18,675.09,,,661.0900000000001,668.8959999999987,668.9238095238101
1748257200,675.09,675.61,673.43,674.38,,,661.2595500000002,669.0255999999988,669.4523809523814
1748260800,674.38,675.95,673.63,675.95,,,661.4183000000002,669.1589999999987,669.8642857142863
1748264400,675.93,676.44,672.04,672.31,,,661.5773000000002,669.2467999999988,670.2519047619053
1748268000,672.31,674.48,671.36,673.97,,,661.7533500000002,669.3451999999987,670.6876190476196
1748271600,673.97,675.99,673.16,675.65,,,661.9299000000001,669.4143999999989,671.2838095238101
1748275200,675.65,677.95,673.19,676.15,,,662.0877000000002,669.4719999999988,671.5800000000005
1748278800,676.12,676.54,671.39,672.99,,,662.2407000000001,669.4593999999988,671.998571428572
1748282400,673.01,673.95,671.53,671.68,,,662.4052500000001,669.4097999999988,672.4976190476197
1748286000,671.68,673.66,671.29,672.56,,,662.5644500000002,669.3699999999989,672.910952380953
1748289600,672.57,674.61,671.6,674.11,,,662.7281000000002,669.4389999999988,673.1833333333338
1748293200,674.12,674.43,672.22,672.96,,,662.8594500000003,669.4799999999989,673.4252380952387
1748296800,672.95,675.24,672.9,673.4,,,663.0099500000001,669.4549999999988,673.4966666666672
1748300400,673.4,674.6,672.63,674.47,,,663.1594500000002,669.3789999999989,673.7080952380958
1748304000,674.47,674.64,672.8,672.92,,,663.3031000000001,669.3131999999988,673.7676190476195
1748307600,672.92,672.96,666.77,669.16,,,663.4411500000002,669.2853999999987,673.8390476190482
1748311200,669.17,673.24,669.03,673.12,,,663.5686000000002,669.2081999999988,673.9852380952386
1748314800,673.12,674.99,672.8,674.26,,,663.7047000000001,669.2187999999987,673.9133333333339
1748318400,674.26,675.47,673.58,674.25,,,663.8432500000001,669.2733999999987,673.6942857142861
1748322000,674.25,675.39,673.09,675.22,,,663.96225,669.3435999999987,673.6480952380957
1748325600,675.22,681.73,675.19,678.08,,,664.0724500000001,669.3631999999986,673.6428571428576
1748329200,678.08,681.62,678.02,681.19,,,664.17415,669.5611999999986,673.6080952380956
1748332800,681.19,684.51,681.16,681.68,,,664.2689000000001,669.7673999999986,673.7052380952385
1748336400,681.66,684.19,681.5,682.82,,,664.3764500000001,669.9241999999986,673.9371428571433
1748340000,682.82,683.32,679.87,680.47,,,664.5212500000001,670.1061999999985,674.2276190476196
1748343600,680.47,682.51,680.09,682.42,,,664.70055,670.3381999999987,674.5752380952385
1748347200,682.42,684.25,682.33,683.94,,,664.8704000000002,670.6655999999987,674.9023809523815
1748350800,683.94,689.63,683.93,689.16,,,665.0344500000002,671.0371999999987,675.2909523809528
1748354400,689.16,697.84,687.62,689.02,,,665.1835000000002,671.4501999999986,675.6933333333337
1748358000,689.03,693.9,686.73,691.26,,,665.3307000000002,671.8781999999986,676.0880952380957
1748361600,691.26,694.75,690.34,692.67,,,665.5009500000001,672.3189999999986,676.7076190476195
1748365200,692.67,694.76,690.83,690.83,,,665.6952000000002,672.7797999999987,677.4709523809529
1748368800,690.83,692.05,688.42,689.37,,,665.8877000000002,673.3213999999986,678.4033333333339
1748372400,689.36,691.42,688.81,689.84,,,666.1040500000001,673.8105999999985,679.3609523809529
1748376000,689.84,690.06,688.43,688.56,,,666.3414500000002,674.2967999999986,680.1571428571434
1748379600,688.56,690.16,687.22,688.42,,,666.5929500000001,674.8455999999985,680.938571428572
1748383200,688.41,689.38,686.71,688.02,,,666.8674000000002,675.3935999999985,681.7214285714292
1748386800,688.02,689.03,686.26,687.17,,,667.1292500000002,675.8591999999986,682.3923809523815
1748390400,687.17,687.38,684.3,686.17,,,667.3980000000001,676.3523999999986,683.1304761904767
1748394000,686.17,686.72,683.79,683.82,,,667.6521000000002,676.8201999999986,684.0285714285719
1748397600,683.83,685.98,682.68,683.91,,,667.8955000000002,677.2391999999986,684.6976190476196
1748401200,683.92,685.16,681.76,684.68,,,668.1436500000002,677.6541999999987,685.2647619047624
1748404800,684.68,685.27,681.69,684.49,,,668.4017500000002,678.0655999999987,685.7204761904768
1748408400,684.49,684.85,681.91,683.98,,,668.6400000000001,678.3677999999986,686.1342857142863
1748412000,683.98,683.99,680.41,681.11,,,668.8607000000002,678.6507999999985,686.448571428572
1748415600,681.11,683.02,680.66,682.3,,,669.0693500000001,678.8947999999987,686.6057142857148
1748419200,682.3,683.84,681.47,683.83,,,669.26305,679.1503999999986,686.7152380952386
1748422800,683.84,684.12,681.65,683.94,,,669.44775,679.4121999999985,686.6338095238101
1748426400,683.94,687.3,682.36,686.77,,,669.6343,679.6031999999987,686.720952380953
1748430000,686.77,687.75,685.05,687.74,,,669.8142500000001,679.7501999999986,686.7880952380958
1748433600,687.74,689.52,687.39,689.05,,,669.9897000000002,679.9143999999984,686.7880952380958
1748437200,689.04,689.33,684.18,684.24,,,670.1598500000001,680.1035999999986,686.6742857142863
1748440800,684.24,686.28,681.72,681.88,,,670.3137500000001,680.2827999999986,686.6133333333339
1748444400,681.88,684.43,681.41,682.24,,,670.4756500000002,680.5545999999985,686.5080952380957
1748448000,682.24,684.69,682.18,684.4,,,670.6478000000002,680.8451999999984,686.1066666666671
1748451600,684.4,687.78,684.23,686.35,,,670.8099000000002,681.1243999999984,685.6804761904766
1748455200,686.35,687.8,686.18,686.25,,,670.9889000000002,681.3215999999984,685.3409523809529
1748458800,686.24,689.15,683.44,683.5,,,671.1742000000002,681.4401999999984,685.0819047619052
1748462400,683.5,688.82,683.48,687.7,,,671.36255,681.6387999999985,684.9766666666671
1748466000,687.7,688.15,686.21,688.05,,,671.52385,681.8473999999984,684.8733333333339
1748469600,688.05,688.11,685.64,687.44,,,671.6804000000001,682.0613999999986,684.6580952380957
1748473200,687.44,688.95,686.99,687.16,,,671.8540500000001,682.2633999999985,684.6833333333337
1748476800,687.16,691.32,686.54,691.26,,,672.0351500000002,682.4735999999986,684.7728571428576
1748480400,691.26,691.26,688.77,689.13,,,672.2251500000001,682.7939999999986,684.9452380952384
1748484000,689.13,691.25,687.97,689.47,,,672.4279500000001,683.1037999999986,685.1000000000005
1748487600,689.46,689.66,686.03,686.48,,,672.6256000000001,683.3703999999987,685.4133333333338
1748491200,686.48,687.25,680.51,682.38,,,672.85065,683.6543999999985,685.6342857142862
1748494800,682.38,683.6,681.04,682.62,,,673.0829000000001,684.0115999999986,685.8957142857148
1748498400,682.62,683.89,681.12,683.86,,,673.3068000000001,684.3047999999986,686.151428571429
1748502000,683.87,685.64,682.75,685.42,,,673.5179500000002,684.6357999999987,686.1552380952386
1748505600,685.43,688.57,684.61,688.55,,,673.7481000000001,684.9821999999987,686.0976190476197
1748509200,688.55,690.25,686.8,688.41,,,673.9589000000001,685.1673999999986,686.0938095238101
1748512800,688.41,688.73,685.02,685.25,,,674.1864000000002,685.3345999999987,686.0295238095243
1748516400,685.23,686.2,684.6,685.98,,,674.3778000000001,685.5267999999986,686.0680952380958
1748520000,685.98,686.13,683.15,683.98,,,674.5412000000001,685.7307999999986,686.0376190476195
1748523600,683.98,686.03,683.5,684.37,,,674.7034500000002,685.9401999999984,686.0857142857147
1748527200,684.37,684.76,679.54,683.73,,,674.8689000000002,686.0845999999984,686.2809523809528
1748530800,683.73,683.95,680.82,681.35,,,675.0449500000001,686.1559999999985,686.36380952381
1748534400,681.35,681.43,678.42,679.03,,,675.2376000000003,686.2191999999985,686.3623809523814
1748538000,679.04,680.66,678.01,678.8,,,675.4315500000001,686.2893999999985,686.2376190476194
1748541600,678.8,680.16,676.6,676.8,,,675.5999500000001,686.3283999999985,686.0042857142862
1748545200,676.81,678.15,673.52,675.02,,,675.7455500000001,686.3241999999985,685.7914285714292
1748548800,675.01,680.93,675,677.27,,,675.8588000000001,686.1679999999985,685.3676190476197
1748552400,677.27,681.82,675.5,678.91,,,675.9745000000001,685.9681999999987,684.8319047619053
1748556000,678.91,681.63,677.37,677.37,,,676.0911500000001,685.7189999999987,684.2404761904768
1748559600,677.34,677.75,673.72,675.26,,,676.2321500000002,685.4015999999988,683.7695238095245
1748563200,675.26,678.44,665.78,667.47,,,676.3697500000001,685.0853999999986,683.1814285714293
1748566800,667.47,673.64,667.18,670.61,,,676.50485,684.8433999999986,682.6214285714292
1748570400,670.59,674.09,670.52,672.65,,,676.6220000000001,684.6247999999985,681.9447619047626
1748574000,672.65,674.1,672.31,673.12,,,676.72145,684.4009999999986,681.0395238095244
1748577600,673.11,673.22,670.2,672.21,,,676.8341500000001,684.1377999999985,680.4790476190483
1748581200,672.21,674.48,672.2,674.13,,,676.9474,683.7267999999984,680.0042857142863
1748584800,674.15,674.2,669.28,670.11,,,677.038,683.3955999999985,679.4928571428578
1748588400,670.11,671.66,667.26,667.26,,,677.095,683.1251999999985,678.8638095238101
1748592000,667.28,669.86,666.72,668.67,,,677.0807000000001,682.9111999999985,678.1771428571435
1748595600,668.66,669.54,666.04,669.32,,,677.1201,682.6771999999984,677.3057142857149
1748599200,669.36,670.83,668.22,670.74,,,677.1474499999999,682.4661999999985,676.4490476190482
1748602800,670.74,671.71,669.58,671.2,,,677.15695,682.1785999999984,675.6247619047624
1748606400,671.2,672.38,668.15,671.49,,,677.1688500000001,681.8441999999984,674.9266666666672
1748610000,671.5,672.28,667.9,667.99,,,677.1667,681.5953999999984,674.2776190476196
1748613600,667.99,670.11,666.78,669.3,,,677.1498000000001,681.3357999999985,673.6809523809529
1748617200,669.3,671.67,668.34,668.56,,,677.1179500000002,681.0739999999985,673.2114285714292
1748620800,668.56,669.55,660.41,661.5,,,677.0769,680.8191999999985,672.6857142857149
1748624400,661.5,664.53,660.79,662.2,,,677.0398500000001,680.5135999999985,672.2333333333339
1748628000,662.2,666.51,661.76,666.31,,,676.9850000000001,680.1185999999987,671.840952380953
1748631600,666.31,666.87,664.88,666.27,,,676.9128500000002,679.7235999999987,671.1971428571435
1748635200,666.24,666.7,664.87,665.26,,,676.8538500000001,679.4099999999987,670.4795238095244
1748638800,665.26,666.57,663.83,664.08,,,676.7864500000001,679.0023999999987,669.8795238095245
1748642400,664.08,664.51,656.09,656.09,,,676.7337000000001,678.6015999999987,669.350952380953
1748646000,656.1,657.45,653.32,655.36,,,676.66175,678.2397999999988,668.8747619047625
1748649600,655.36,656.04,649.6,650.53,,,676.5525000000001,677.8381999999988,668.713333333334
1748653200,650.53,653.18,646.11,648.69,,,676.4340000000001,677.4183999999988,668.0219047619054
1748656800,648.69,652.07,646.62,648.09,,,676.3429500000001,677.0299999999987,667.198571428572
1748660400,648.09,651.25,646.31,650.81,,,676.2373500000001,676.3977999999988,666.1228571428577
1748664000,650.81,653.42,647.96,653.32,,,676.1259500000001,675.7439999999987,665.0028571428578
1748667600,653.32,654.98,652.26,653.32,,,676.0173500000002,675.0057999999987,663.7628571428578
1748671200,653.32,655.64,652.97,654.14,,,675.8668000000002,674.2363999999986,662.8438095238101
1748674800,654.14,654.77,652.67,654.08,,,675.7328500000002,673.3729999999987,662.1800000000006
1748678400,654.08,654.94,652.33,654.45,,,675.5833500000002,672.6065999999987,661.4490476190482
1748682000,654.45,655.12,653.52,654.68,,,675.4234000000002,671.8835999999988,660.726190476191
1748685600,654.69,656.65,652.68,654.37,,,675.2566500000003,671.2203999999988,659.9328571428578
1748689200,654.33,654.62,652.94,654.28,,,675.1045500000001,670.6555999999988,659.1352380952388
1748692800,654.28,656.99,654.14,656.98,,,674.9681000000002,670.0847999999988,658.3347619047626
1748696400,656.98,659.17,656.39,656.76,,,674.8246500000001,669.4965999999987,657.6861904761912
1748700000,656.76,659.38,656.54,658.75,,,674.67615,668.8817999999987,656.970952380953
1748703600,658.75,659.78,656.29,656.58,,,674.5128000000001,668.1981999999988,656.4195238095244
1748707200,656.58,658.5,656.17,657.22,,,674.35805,667.5155999999988,656.1938095238102
1748710800,657.22,657.8,655.88,656,,,674.1909,666.9501999999987,656.0295238095244
1748714400,656,658.01,655.94,657.56,,,674.0176500000001,666.3657999999987,655.5661904761912
1748718000,657.56,660.57,657.56,658.77,,,673.84845,665.8611999999988,655.1352380952388
1748721600,658.77,660.62,658.77,660.57,,,673.6988500000001,665.3053999999988,654.6942857142864
1748725200,660.57,661.58,659.81,660.2,,,673.5393500000001,664.7751999999987,654.3838095238102
1748728800,660.2,661.21,658.8,658.82,,,673.4118000000001,664.2681999999987,654.5114285714293
1748732400,658.8,659.6,658.08,658.27,,,673.2826000000001,663.8387999999987,654.7595238095246
1748736000,658.26,658.38,656.5,656.96,,,673.14425,663.4381999999988,655.2200000000007
1748739600,656.96,657.38,654.84,655.2,,,672.9883500000001,663.1135999999987,655.7023809523818
1748743200,655.21,656.67,653.01,656.06,,,672.8569500000001,662.8171999999987,656.1871428571436
1748746800,656.06,656.43,653.7,655.87,,,672.79045,662.4481999999986,656.4800000000008
1748750400,655.87,657.37,654,657.26,,,672.7677,662.0353999999986,656.5695238095246
1748754000,657.26,657.29,655.48,656.74,,,672.7040000000001,661.6271999999985,656.7000000000008
1748757600,656.73,656.73,653.79,654.62,,,672.6313,661.2259999999986,656.7823809523818
1748761200,654.62,654.63,652.68,653.9,,,672.5691,660.9977999999985,656.9338095238103
1748764800,653.9,653.9,652.05,652.58,,,672.5061000000001,660.7029999999984,657.0428571428579
1748768400,652.58,653.4,648.99,650.15,,,672.43595,660.3951999999986,657.0400000000006
1748772000,650.14,651.35,648.63,649.38,,,672.3802000000001,660.0675999999985,657.0176190476197
1748775600,649.38,650.98,648.45,650.75,,,672.33085,659.7157999999986,656.9366666666674
1748779200,650.75,651.09,647.9,649.35,,,672.3020000000001,659.3111999999985,656.6114285714293
1748782800,649.33,651.07,649.09,650.31,,,672.27485,658.9605999999985,656.2600000000007
1748786400,650.31,654.52,650.3,652.92,,,672.24675,658.6183999999985,655.8790476190483
1748790000,652.92,654.98,652.11,654.9,,,672.2308,658.2325999999987,655.5347619047625
1748793600,654.9,658.2,654.82,657.38,,,672.1959500000002,657.8611999999987,655.2057142857149
1748797200,657.38,658,655.88,656.12,,,672.1443,657.4333999999986,655.0590476190481
1748800800,656.12,656.18,651.25,653.46,,,672.0712000000001,657.0155999999987,654.9323809523815
1748804400,653.45,655.38,653.39,655.37,,,672.0018500000001,656.6441999999987,654.866190476191
1748808000,655.37,657.25,655.26,656.41,,,671.9091500000001,656.3823999999986,654.6542857142862
1748811600,656.4,659.27,656.32,658.53,,,671.81915,656.1439999999986,654.3333333333338
1748815200,658.54,660.89,658.51,659.44,,,671.7398000000001,655.8951999999986,654.1690476190482
1748818800,659.44,662.72,659.43,661.06,,,671.6728500000002,655.7343999999987,654.0804761904768
1748822400,661.03,663.16,660.21,661.08,,,671.6016000000002,655.5977999999986,654.1552380952386
1748826000,661.08,664.54,660.84,660.85,,,671.5247000000002,655.3997999999987,654.3571428571435
1748829600,660.85,662.7,659.18,659.36,,,671.4091000000002,655.2449999999986,654.5952380952386
1748833200,659.36,659.53,656.77,656.98,,,671.3120000000002,655.1285999999986,654.8433333333338
1748836800,656.98,658.94,655.54,657.85,,,671.2142500000002,655.0681999999986,655.0142857142863
1748840400,657.85,658.81,656.01,657.55,,,671.1459000000002,655.1679999999986,655.1390476190481
1748844000,657.56,659.16,656.63,658.11,,,671.0726000000002,655.2777999999987,655.2514285714291
1748847600,658.11,659.68,658.01,658.44,,,671.0067000000001,655.4543999999987,655.4395238095243
1748851200,658.51,658.86,655.73,656.08,,,670.9347000000001,655.6201999999987,655.676190476191
1748854800,656.08,656.23,653.29,653.4,,,670.8597000000002,655.8153999999988,656.0552380952386
1748858400,653.4,653.56,651.74,652.76,,,670.7790000000002,655.9501999999989,656.4866666666671
1748862000,652.76,652.92,650.8,651.6,,,670.6798000000002,656.0459999999989,656.7404761904767
1748865600,651.6,653.36,650.36,653.25,,,670.6047000000002,656.1483999999989,656.9333333333337
1748869200,653.25,655.94,652.32,653.71,,,670.5337500000002,656.1871999999989,657.0500000000005
1748872800,653.7,657.36,652.94,655.7,,,670.4772500000003,656.1735999999989,656.9871428571432
1748876400,655.72,658.36,654.44,657.52,,,670.4285500000002,656.1397999999991,656.9085714285718
1748880000,657.51,658.85,656.02,658.81,,,670.3928500000002,656.078199999999,656.7338095238099
1748883600,658.81,661.09,658.52,661.01,,,670.3401000000002,656.0557999999992,656.7138095238099
1748887200,661.01,662.22,659.81,660.42,,,670.2718500000003,656.0443999999992,656.9071428571433
1748890800,660.42,661.86,659.25,661.36,,,670.1992500000001,656.0187999999991,657.0709523809528
1748894400,661.36,663.07,660.62,661.31,,,670.1331000000002,656.0339999999992,657.2900000000003
1748898000,661.32,663.49,661.27,663.15,,,670.0775500000002,656.0351999999991,657.3800000000005
1748901600,663.15,665.61,663.13,664.97,,,670.0405500000002,656.123799999999,657.471428571429
1748905200,664.96,667.3,664.84,666.21,,,670.0173000000002,656.1877999999991,657.4833333333338
1748908800,666.2,670.29,666.15,668.72,,,670.0160000000002,656.2949999999992,657.5819047619052
1748912400,668.72,673.17,668.69,671.5,,,670.0191500000002,656.3699999999991,657.7780952380956
1748916000,671.5,673.78,669.33,670.21,,,670.0167500000002,656.457599999999,658.1042857142861
1748919600,670.2,670.58,666.92,667.99,,,670.0131500000002,656.5455999999991,658.6633333333336
1748923200,667.99,668.45,666.68,667.17,,,669.9969000000002,656.6657999999992,659.3133333333337
1748926800,667.17,668.73,666.68,667.7,,,669.9779000000002,656.8637999999991,659.9161904761909
1748930400,667.7,667.82,665.87,667.38,,,669.9766000000003,657.1283999999991,660.3866666666671
1748934000,667.38,667.57,665.41,665.47,,,669.9905000000003,657.3933999999991,660.8023809523814
1748937600,665.48,665.96,664.19,665.72,,,670.0036500000003,657.6491999999992,661.3557142857147
1748941200,665.72,668.28,665.38,667.39,,,670.0352500000002,657.8713999999991,662.021428571429
1748944800,667.39,667.61,666.01,666.73,,,670.0604500000003,658.107999999999,662.6266666666671
1748948400,666.73,667.03,664.99,665.48,,,670.0630500000002,658.310399999999,663.2990476190481
1748952000,665.48,665.56,663.37,664.31,,,670.0625500000002,658.484999999999,663.9723809523814
1748955600,664.31,665.97,663,664.82,,,670.0680500000001,658.7069999999991,664.5923809523814
1748959200,664.82,668.44,662.43,667.86,,,670.0496500000002,658.976799999999,665.0580952380957
1748962800,667.82,668.87,667.02,667.48,,,670.0286500000001,659.2597999999989,665.3814285714291
1748966400,667.47,668.07,665.15,665.3,,,669.9987000000001,659.566399999999,665.6676190476195
1748970000,665.3,667.21,665.13,666.09,,,669.9761500000002,659.864999999999,665.99380952381
1748973600,666.09,666.3,663.54,664.67,,,669.9528000000001,660.146399999999,666.3300000000005
1748977200,664.64,666.01,664.28,665.47,,,669.9080500000001,660.516599999999,666.5176190476195
1748980800,665.47,665.55,659.12,661.72,,,669.8608,660.859999999999,666.7452380952386
1748984400,661.71,662.06,657.61,658.68,,,669.8144500000001,661.1075999999989,666.8176190476195
1748988000,658.69,662.19,658.42,661.64,,,669.7819000000001,661.331399999999,666.841428571429
1748991600,661.64,662.15,660.71,661.88,,,669.7444,661.477199999999,666.6276190476195
1748995200,661.87,663.83,661.25,663.72,,,669.705,661.6641999999989,666.1495238095242
1748998800,663.72,667.44,663.66,667.36,,,669.6694,661.8293999999988,665.6800000000005
1749002400,667.38,668.84,666.69,666.71,,,669.6173,661.8955999999989,665.2833333333338
1749006000,666.71,670.39,666.69,668.85,,,669.57275,662.0001999999989,665.0800000000005
1749009600,668.85,670.43,668.51,668.57,,,669.5016,662.0671999999988,665.0890476190481
1749013200,668.57,670.17,668.56,669.21,,,669.4334500000001,662.1527999999988,665.0419047619051
1749016800,669.21,670.2,668.65,669.51,,,669.3718000000001,662.2787999999989,665.1119047619052
1749020400,669.51,671.38,669.42,671.3,,,669.30295,662.3913999999988,665.2595238095242
1749024000,671.29,672.17,670.43,670.58,,,669.2408,662.5513999999989,665.4257142857147
1749027600,670.58,671.29,669.4,670.89,,,669.2126499999999,662.735599999999,665.526666666667
1749031200,670.89,671.12,669.45,670.04,,,669.1878,662.9801999999991,665.7442857142861
1749034800,670.04,670.69,668.09,668.18,,,669.16925,663.213399999999,665.9871428571432
1749038400,668.18,669.61,667.46,667.96,,,669.1415500000002,663.4883999999989,666.3004761904766
1749042000,667.97,669.47,666.61,668.07,,,669.1228,663.737799999999,666.549047619048
1749045600,668.07,668.97,665.63,668.97,,,669.1033500000001,663.9867999999989,666.564285714286
1749049200,668.97,670.92,667.69,669.89,,,669.0875,664.2659999999989,666.5871428571432
1749052800,669.89,670.51,668.54,670.36,,,669.0758000000001,664.5615999999989,666.719047619048
1749056400,670.36,670.5,666.88,667.91,,,669.08445,664.8655999999988,666.8561904761909
1749060000,667.91,669.5,666.73,668.37,,,669.06905,665.1949999999988,667.1047619047623
1749063600,668.4,669.22,667.16,667.91,,,669.0386500000001,665.5093999999989,667.3376190476195
1749067200,667.91,667.92,664.31,664.76,,,669.0072000000001,665.8329999999988,667.6323809523814
1749070800,664.76,667.18,662.45,666.04,,,668.9714500000002,666.1261999999989,668.0938095238099
1749074400,666.04,666.1,662.67,663.26,,,668.9259000000001,666.3339999999989,668.3923809523814
1749078000,663.26,664.51,662.36,663.63,,,668.8694000000002,666.5251999999989,668.5295238095242
1749081600,663.62,666.13,663.29,665.21,,,668.8128000000002,666.6631999999989,668.6400000000004
1749085200,665.21,666.98,665,666.59,,,668.7382500000001,666.749999999999,668.4447619047623
1749088800,666.59,667.04,665.4,665.41,,,668.6777500000003,666.843599999999,668.2980952380957
1749092400,665.42,666.33,664.82,666.14,,,668.6052000000002,666.8825999999991,668.1247619047624
1749096000,666.15,668.17,666.13,668.02,,,668.5093000000002,666.892199999999,668.0304761904766
1749099600,668.02,668.92,665.59,666.91,,,668.3937000000002,666.8969999999991,667.8495238095242
1749103200,666.91,668.21,666.5,667.02,,,668.2649000000002,666.904599999999,667.689047619048
1749106800,667.05,668.91,667.02,668.81,,,668.12675,666.8383999999991,667.5328571428576
1749110400,668.81,670.69,668.81,669.33,,,667.98945,666.731199999999,667.3580952380956
1749114000,669.33,671.25,669.08,669.14,,,667.86825,666.687399999999,667.1738095238098
1749117600,669.15,669.49,663.78,664.06,,,667.74845,666.665799999999,667.1152380952384
1749121200,664.07,664.54,662.28,662.38,,,667.62995,666.6627999999992,667.1700000000004
1749124800,662.38,665.84,662.13,663.14,,,667.5272500000001,666.6849999999991,667.2261904761909
1749128400,663.14,664.74,661.43,661.59,,,667.4197,666.723999999999,667.0352380952385
1749132000,661.59,661.78,657,660.42,,,667.3147,666.797399999999,666.721428571429
1749135600,660.42,660.67,658.41,659.61,,,667.2229,666.7641999999992,666.4000000000004
1749139200,659.61,659.67,654.16,654.61,,,667.1387,666.6639999999991,665.9823809523814
1749142800,654.63,656.39,653.6,654.54,,,667.0653,666.5921999999991,665.6257142857148
1749146400,654.54,654.81,650.88,651.02,,,666.96605,666.5143999999991,665.2085714285719
1749150000,651.03,651.36,642.01,644.74,,,666.85455,666.436599999999,664.5752380952387
1749153600,644.75,644.79,625.92,626.21,,,666.7478,666.332399999999,664.0885714285719
1749157200,626.19,635.28,626.1,634.73,,,666.6358499999999,666.067399999999,663.3733333333338
1749160800,634.71,635.8,629.98,634.79,,,666.5324,665.8085999999989,662.491428571429
1749164400,634.79,636.1,633.06,633.71,,,666.41895,665.522999999999,660.7095238095242
1749168000,633.72,634.45,629.86,634.21,,,666.2728500000002,665.0959999999991,659.2580952380956
1749171600,634.2,634.94,632.38,633.61,,,666.1258500000002,664.326799999999,657.7438095238099
1749175200,633.61,637.04,633.22,637.04,,,665.9471000000002,663.711999999999,656.2342857142861
1749178800,637.04,641.94,636.45,641.65,,,665.7321000000004,663.173399999999,654.7138095238098
1749182400,641.66,641.84,639.26,639.33,,,665.4179000000004,662.673999999999,653.0752380952383
1749186000,639.33,639.53,635.43,638.55,,,665.1703500000003,662.1253999999989,651.6528571428573
1749189600,638.55,641.08,637.91,640.32,,,664.9349000000002,661.559999999999,650.4447619047621
1749193200,640.32,642.81,640.32,641.76,,,664.6922500000002,661.026399999999,649.0409523809527
1749196800,641.75,642.85,641.23,641.8,,,664.4413000000002,660.512199999999,647.5752380952383
1749200400,641.79,644.49,641.76,642.18,,,664.1776000000002,659.9645999999989,646.2028571428574
1749204000,642.18,644.47,642.14,644.08,,,663.9315500000001,659.358599999999,645.1409523809527
1749207600,644.1,647.13,644.03,646.68,,,663.7223000000002,658.793599999999,644.1609523809527
1749211200,646.68,649.17,646.64,647.89,,,663.4804500000002,658.2445999999991,643.1628571428574
1749214800,647.89,651.09,647.84,649.57,,,663.2329500000001,657.690399999999,642.3290476190479
1749218400,649.57,651.44,649.19,650.16,,,662.9973500000001,657.107999999999,641.6747619047621
1749222000,650.17,651,645.98,648.04,,,662.7703500000002,656.5779999999991,641.116666666667
1749225600,648.03,649.01,646.3,646.58,,,662.5230500000002,656.0937999999991,640.8766666666669
1749229200,646.57,647.31,645.31,647.21,,,662.2883000000002,655.650799999999,640.6680952380955
1749232800,647.21,647.34,644.33,644.52,,,662.0613500000003,655.278599999999,640.5261904761907
1749236400,644.52,645.99,644.52,645.48,,,661.8623500000001,654.922599999999,640.6138095238098
1749240000,645.46,646.96,644.81,645.6,,,661.6899000000002,654.5219999999989,641.6138095238098
1749243600,645.6,646.72,644.83,646.32,,,661.5246500000003,654.074199999999,642.0800000000003
1749247200,646.33,646.46,643.13,645.03,,,661.3561500000003,653.620599999999,642.5890476190478
1749250800,645.03,645.06,641.55,643.05,,,661.1692500000004,653.103799999999,643.1552380952382
1749254400,643.05,644.81,640.21,644.77,,,660.9594000000003,652.655199999999,643.731904761905
1749258000,644.76,645.15,642.73,643.74,,,660.7534000000003,652.199799999999,644.2757142857145
1749261600,643.74,646.06,643.24,645.77,,,660.5497500000002,651.767999999999,644.561904761905
1749265200,645.77,647.74,645.71,647.53,,,660.3472500000003,651.373399999999,644.7104761904764
1749268800,647.52,647.59,645.93,647.02,,,660.1553500000003,650.913599999999,644.9204761904764
1749272400,647.02,648.48,646.78,648.38,,,659.9651000000003,650.543799999999,645.264285714286
1749276000,648.38,650.15,647.01,650.13,,,659.7716000000004,650.145999999999,645.6076190476192
1749279600,650.13,650.17,648.91,649.09,,,659.5801000000004,649.757199999999,645.8580952380954
1749283200,649.09,649.59,647.6,647.78,,,659.4088000000004,649.3759999999991,646.1714285714287
1749286800,647.8,648.3,646.92,647.08,,,659.2335000000004,649.0081999999991,646.5500000000002
1749290400,647.08,648.82,646.95,648.74,,,659.0783500000002,648.6529999999991,646.7885714285715
1749294000,648.74,649.24,648.24,648.83,,,658.9409000000003,648.2951999999991,646.8409523809523
1749297600,648.83,650.51,648.7,649.74,,,658.7896500000003,647.9387999999991,646.802380952381
1749301200,649.74,651.31,649.33,650.96,,,658.6370000000003,647.5539999999992,646.7628571428571
1749304800,650.96,651.7,650.6,650.93,,,658.5008000000003,647.1193999999991,646.6995238095238
1749308400,650.93,651.45,649.23,651.16,,,658.3699500000002,646.707599999999,646.7804761904763
1749312000,651.16,653.09,650.42,650.42,,,658.2715000000004,646.3013999999991,646.9890476190477
1749315600,650.45,652.59,649.77,649.93,,,658.1538500000004,646.0149999999991,647.1661904761905
1749319200,649.93,652.23,649.84,651.55,,,658.0343000000003,645.7865999999991,647.482380952381
1749322800,651.55,652.75,651.53,652.5,,,657.9128500000003,645.5423999999991,647.7176190476191
1749326400,652.5,653.09,651.77,652.52,,,657.8005000000003,645.3337999999992,647.9238095238097
1749330000,652.51,654.04,652.48,653.76,,,657.6846500000003,645.1337999999992,648.1728571428573
1749333600,653.76,654.16,652.75,652.83,,,657.5887500000003,644.9401999999991,648.5285714285716
1749337200,652.83,652.87,650.87,651.22,,,657.5082500000003,644.8789999999991,648.9795238095239
1749340800,651.22,651.22,649.84,650.45,,,657.4170000000004,644.838199999999,649.4076190476192
1749344400,650.45,650.69,649,650.69,,,657.3200500000004,644.8681999999991,649.8404761904762
1749348000,650.69,650.71,649.09,649.93,,,657.2241000000004,645.048599999999,650.1
1749351600,649.93,650.04,649.02,649.69,,,657.1306000000003,645.580999999999,650.2390476190476
1749355200,649.69,650.92,649.17,650.55,,,657.0357500000005,645.9107999999991,650.4138095238095
1749358800,650.54,650.63,649.3,649.62,,,656.9646000000004,646.223999999999,650.4876190476191
1749362400,649.64,650.97,649.61,650.15,,,656.8822500000002,646.563599999999,650.4666666666666
1749366000,650.15,650.52,649.48,649.6,,,656.7955500000003,646.8779999999991,650.5361904761905
1749369600,649.6,650.75,649.59,650.44,,,656.7403000000003,647.199599999999,650.6238095238095
1749373200,650.43,650.5,647.47,647.48,,,656.6827500000004,647.469799999999,650.77
1749376800,647.49,649.42,646.84,649.31,,,656.6008500000004,647.6291999999991,650.8109523809524
1749380400,649.31,650.8,649.28,650.76,,,656.5179500000003,647.8455999999991,650.8876190476191
1749384000,650.76,651.02,650.07,650.86,,,656.4444000000003,648.066599999999,650.78
1749387600,650.87,652.18,650.03,650.04,,,656.3721000000004,648.268999999999,650.7014285714286
1749391200,650.07,651.76,650.07,651.28,,,656.3424000000003,648.383399999999,650.6933333333333
1749394800,651.28,652.44,651.13,652.18,,,656.3136000000004,648.533599999999,650.6790476190475
1749398400,652.17,653.73,652.16,653.27,,,656.3131500000004,648.705199999999,650.6609523809524
1749402000,653.27,653.96,652.28,652.38,,,656.3071000000004,648.840799999999,650.7252380952381
1749405600,652.38,653.64,652.22,653.32,,,656.3132000000006,648.9079999999991,650.755238095238
1749409200,653.32,655.28,653.29,654.94,,,656.3129500000006,648.9757999999991,650.7919047619047
1749412800,654.93,656.6,654.4,654.61,,,656.3006500000005,649.0279999999991,650.785238095238
1749416400,654.61,656.61,654.59,655.52,,,656.2842500000005,649.0901999999991,650.7642857142856
1749420000,655.53,655.64,652.5,652.96,,,656.2699500000003,649.1769999999991,650.8647619047618
1749423600,652.96,653.02,651.88,652.33,,,656.2604500000004,649.311799999999,651.0261904761904
1749427200,652.33,653.72,651.82,652.89,,,656.2545500000004,649.466399999999,651.267619047619
1749430800,652.89,653.13,650.8,651.03,,,656.2430500000005,649.6681999999989,651.3757142857143
1749434400,651.03,651.83,649.84,650.52,,,656.2378000000004,649.868999999999,651.49
1749438000,650.51,651.92,648.84,651.92,,,656.2411000000004,650.016199999999,651.6423809523809
1749441600,651.92,651.92,650.04,650.13,,,656.2292500000003,650.136399999999,651.665238095238
1749445200,650.13,650.17,648.94,649.01,,,656.2230500000004,650.293599999999,651.7080952380951
1749448800,649.01,650.57,648.36,650.47,,,656.1941000000003,650.453199999999,651.7923809523809
1749452400,650.47,650.5,649.01,649.69,,,656.1728500000002,650.568199999999,651.817619047619
1749456000,649.69,650.7,648.63,650.61,,,656.1512000000002,650.731799999999,651.7495238095237
1749459600,650.61,653.41,650.33,652.73,,,656.1263500000001,650.818999999999,651.8919047619046
1749463200,652.74,655.38,652.64,654.59,,,656.0911500000002,650.848599999999,651.9099999999999
1749466800,654.59,656.75,654.59,655.74,,,656.0569000000002,650.917599999999,651.902857142857
1749470400,655.74,656.59,655.16,656.47,,,656.0047000000002,650.943799999999,651.9919047619047
1749474000,656.47,657.01,653.59,653.91,,,655.94875,650.953399999999,652.2085714285713
1749477600,653.9,656.22,653.34,655.65,,,655.9070000000002,651.0261999999989,652.4209523809523
1749481200,655.65,657.34,655.59,656.89,,,655.8641000000002,651.1623999999989,652.6252380952379
1749484800,656.89,659.28,656.86,658.14,,,655.8323500000001,651.335599999999,652.6557142857142
1749488400,658.14,660.3,658.13,659.29,,,655.8200000000002,651.4901999999989,652.8114285714285
1749492000,659.29,660.37,658.54,660,,,655.8126500000002,651.591799999999,652.9814285714285
1749495600,660,661.29,659.6,660.07,,,655.8120000000001,651.7099999999989,653.1338095238094
1749499200,660.07,663.27,660.04,661.96,,,655.8080500000001,651.8285999999989,653.3566666666666
1749502800,661.96,666.3,661.93,665.78,,,655.7939000000001,651.972799999999,653.5699999999999
1749506400,665.78,668,664.08,666.43,,,655.7990500000001,652.1353999999989,653.9085714285712
1749510000,666.43,667.12,664.48,665.89,,,655.8140000000001,652.326999999999,654.3671428571428
1749513600,665.89,668.15,665.87,667.22,,,655.8418,652.5297999999989,654.9809523809523
1749517200,667.22,667.55,666.32,666.61,,,655.8875000000002,652.7379999999989,655.7142857142857
1749520800,666.61,666.64,664.94,665.92,,,655.9406000000001,653.0035999999989,656.4461904761904
1749524400,665.92,666.19,663.73,664.34,,,655.9872000000001,653.2817999999988,657.1747619047618
1749528000,664.34,664.69,663.22,664.09,,,656.0502500000001,653.5243999999989,657.9595238095237
1749531600,664.09,664.63,661.92,662.46,,,656.1276000000001,653.8121999999988,658.7647619047618
1749535200,662.46,663.2,660.45,662.65,,,656.1951500000001,654.1199999999989,659.4252380952379
1749538800,662.65,663.1,660.61,660.96,,,656.2501000000001,654.429399999999,660.1109523809523
1749542400,660.94,661.78,657.95,658.33,,,656.2993000000001,654.702399999999,660.6752380952379
1749546000,658.33,662.24,657.5,661.69,,,656.35175,654.985599999999,661.147619047619
1749549600,661.69,661.76,659.55,661.01,,,656.4140500000001,655.240999999999,661.4509523809522
1749553200,661.01,665.89,659.23,665.46,,,656.4589000000001,655.482999999999,661.5742857142856
1749556800,665.46,667.64,663.8,667.59,,,656.4973000000001,655.709799999999,661.822857142857
1749560400,667.6,667.99,662.04,663.9,,,656.5169500000002,655.8733999999989,662.1609523809523
1749564000,663.9,664.04,659.1,659.97,,,656.5330000000001,656.1151999999988,662.6280952380952
1749567600,659.98,662.71,658.77,661.44,,,656.5325000000001,656.3265999999988,663.137619047619
1749571200,661.44,665.05,661.44,664.24,,,656.5187500000002,656.686199999999,663.4119047619047
1749574800,664.24,665.97,663.88,664.74,,,656.5229500000003,657.0517999999989,663.4442857142856
1749578400,664.73,667.37,663.82,666.98,,,656.5312000000002,657.314599999999,663.5128571428571
1749582000,666.98,669.45,666.94,667.88,,,656.5736000000003,657.4967999999991,663.7114285714284
1749585600,667.88,670.65,667.67,670.2,,,656.6223000000002,657.7247999999989,663.8438095238095
1749589200,670.2,672.07,668.75,669.41,,,656.6540500000003,657.9839999999989,663.9009523809523
1749592800,669.41,673.64,669.32,670.24,,,656.6633500000003,658.235199999999,663.9699999999999
1749596400,670.24,674.11,670.21,673.77,,,656.6783500000003,658.509399999999,664.175238095238
1749600000,673.78,674.22,670.8,671,,,656.7191500000002,658.8193999999988,664.2795238095238
1749603600,670.99,671.62,668.56,669.05,,,656.7758500000003,659.1569999999989,664.4523809523808
1749607200,669.05,670.36,668.45,669.18,,,656.8469500000003,659.446399999999,664.8261904761904
1749610800,669.17,670.83,669.14,670.66,,,656.9283500000004,659.7589999999991,665.1433333333332
1749614400,670.66,670.69,668.87,669.43,,,657.0131000000005,660.1239999999991,665.3795238095238
1749618000,669.43,669.79,668.65,669.36,,,657.0916000000004,660.484799999999,665.6995238095237
1749621600,669.36,672.24,669.34,672.1,,,657.1643000000004,660.819199999999,666.0809523809523
1749625200,672.1,672.2,669.12,670.51,,,657.2455500000003,661.144999999999,666.4842857142856
1749628800,670.51,672.75,670.37,671.85,,,657.3065000000004,661.5375999999991,667.0095238095238
1749632400,671.85,672.35,670.41,670.69,,,657.3467000000003,661.915799999999,667.5052380952379
1749636000,670.69,670.89,667.8,668.15,,,657.3905000000003,662.2645999999991,667.957619047619
1749639600,668.15,668.25,666.23,667.54,,,657.4370000000004,662.703999999999,668.2619047619047
1749643200,667.53,670.27,666.04,669.01,,,657.4776000000004,663.1339999999991,668.4095238095238
1749646800,669.01,670.2,667.45,668.99,,,657.5086500000003,663.561599999999,668.6119047619047
1749650400,668.99,672.24,668.47,670.92,,,657.5443000000004,663.981599999999,668.9723809523808
1749654000,670.92,672.3,668.05,669.71,,,657.5658000000003,664.332399999999,669.332857142857
1749657600,669.71,670.03,667.49,668.61,,,657.5814500000005,664.628599999999,669.5590476190475
1749661200,668.61,669.55,666.46,666.68,,,657.5774000000004,664.916999999999,669.8533333333332
1749664800,666.68,668.54,665.66,667.73,,,657.5671000000003,665.181999999999,669.9833333333332
1749668400,667.73,668.36,665.83,667.25,,,657.5648500000004,665.4709999999991,670.0180952380952
1749672000,667.25,668.17,665.7,667.94,,,657.5740500000003,665.7869999999991,669.8504761904761
1749675600,667.94,669.1,663.44,663.7,,,657.5805000000004,666.0461999999991,669.7704761904762
1749679200,663.7,665.51,662.42,664.71,,,657.5982000000004,666.241999999999,669.6280952380953
1749682800,664.71,668.03,664.46,667.56,,,657.6194000000003,666.4337999999992,669.3504761904762
1749686400,667.56,668.7,665.61,668.35,,,657.6338500000003,666.5929999999992,669.0028571428572
1749690000,668.35,669.29,666.69,669.19,,,657.6303000000003,666.7517999999991,668.7961904761905
1749693600,669.19,670.1,667.22,667.39,,,657.6353000000003,666.8243999999992,668.7190476190476
1749697200,667.39,667.71,664.26,665.98,,,657.6441500000002,666.879399999999,668.6090476190476
1749700800,665.98,666.74,664.53,665.33,,,657.6623000000003,666.9149999999992,668.5976190476191
1749704400,665.33,667.45,664.26,667.39,,,657.6567000000002,666.9533999999991,668.5038095238095
1749708000,667.39,668.63,667.26,668.07,,,657.6409500000002,667.019399999999,668.212380952381
1749711600,668.07,668.35,666.42,667.29,,,657.6413500000002,667.0227999999989,667.9657142857143
1749715200,667.28,668.22,666.07,668.1,,,657.6566000000001,667.010199999999,667.7533333333333
1749718800,668.1,668.99,667.58,668.82,,,657.6721000000002,666.9983999999989,667.6285714285714
1749722400,668.82,668.86,665.34,666.22,,,657.6857000000002,667.059399999999,667.587619047619
1749726000,666.22,666.55,663.54,663.67,,,657.6882500000002,667.1389999999991,667.6142857142856
1749729600,663.67,664.97,661.48,662.33,,,657.7063,667.235599999999,667.6052380952381
1749733200,662.33,663.99,661.5,663.87,,,657.7498500000002,667.344599999999,667.4733333333332
1749736800,663.87,665.32,663.67,664.85,,,657.7820000000003,667.5017999999991,667.1280952380953
1749740400,664.85,665.33,660.11,660.33,,,657.8090500000002,667.659599999999,666.7766666666666
1749744000,660.31,665.31,660.08,665.29,,,657.8309500000001,667.699199999999,666.5509523809524
1749747600,665.28,667.13,664.22,666.87,,,657.8382500000001,667.725599999999,666.4638095238095
1749751200,666.87,667.07,661.67,662.99,,,657.8358000000002,667.6937999999989,666.1114285714285
1749754800,662.99,663.32,658.09,658.58,,,657.8099000000002,667.6389999999989,666.0180952380952
1749758400,658.59,659.38,652.13,654.01,,,657.7787000000001,667.567599999999,665.9671428571428
1749762000,654.01,656.56,652.94,654.09,,,657.7520000000001,667.673999999999,665.9333333333333
1749765600,654.09,655.69,654.01,654.47,,,657.7287000000001,667.782599999999,665.6414285714285
1749769200,654.48,657.17,654.36,654.98,,,657.6738500000001,667.7575999999989,664.9961904761903
1749772800,654.99,655.02,642.63,648.05,,,657.6474000000001,667.634399999999,664.3171428571428
1749776400,648.06,648.06,639.59,645.75,,,657.6273000000001,667.374999999999,663.6161904761905
1749780000,645.75,645.77,640.34,642.83,,,657.5920500000002,667.099199999999,663.025238095238
1749783600,642.83,649.77,642.37,649.61,,,657.5440500000001,666.7845999999989,662.1714285714285
1749787200,649.61,649.64,646.34,648.93,,,657.4743000000002,666.4959999999991,661.2390476190476
1749790800,648.93,649.24,648.02,648.02,,,657.4044000000001,666.052199999999,660.0695238095237
1749794400,648.03,652.2,646.89,652.2,,,657.3319000000001,665.4917999999989,659.1904761904761
1749798000,652.2,655.32,651.43,655.28,,,657.2573500000002,664.928399999999,658.3161904761904
1749801600,655.28,659.73,654.98,657.42,,,657.1458000000001,664.539599999999,657.3599999999999
1749805200,657.43,658.33,654.29,655.06,,,657.0350000000002,664.1345999999991,656.5685714285713
1749808800,655.06,655.53,652.63,655.44,,,656.9073000000001,663.681799999999,656.0476190476189
1749812400,655.44,655.83,652.63,654.81,,,656.8158,663.337199999999,655.7499999999999
1749816000,654.81,655.03,651.17,651.5,,,656.7366499999999,663.0555999999991,655.4038095238094
1749819600,651.5,653.87,650.89,651.99,,,656.6465499999999,662.7619999999991,655.0023809523808
1749823200,651.99,653.17,649.69,652.68,,,656.59125,662.4529999999991,654.5242857142856
1749826800,652.68,654.69,651.91,653.74,,,656.5495000000001,662.1247999999991,654.1038095238093
1749830400,653.74,655.69,652.74,654.59,,,656.5105500000001,661.8071999999992,653.4704761904761
1749834000,654.59,654.59,651.19,652.78,,,656.4529000000001,661.4741999999991,652.7947619047618
1749837600,652.78,653.2,649.9,651.27,,,656.4030500000001,661.163199999999,652.3542857142855
1749841200,651.27,652.25,650.29,651.53,,,656.3464000000001,660.8365999999991,652.1642857142856
1749844800,651.54,653.47,650.75,653.04,,,656.2638000000001,660.531599999999,652.1057142857142
1749848400,653.05,653.9,652.45,653.52,,,656.1892,660.2049999999991,651.9714285714284
1749852000,653.52,654.7,653.44,654.48,,,656.1175000000002,659.8663999999991,651.8314285714284
1749855600,654.49,655.62,654.04,655.6,,,656.0421500000001,659.5195999999992,651.7390476190475
1749859200,655.6,655.64,653.66,654.35,,,655.9684500000002,659.2165999999992,651.9995238095237
1749862800,654.35,654.45,650.84,651.21,,,655.88665,658.9227999999991,652.4152380952379
1749866400,651.2,652.39,651.04,652,,,655.8227,658.6481999999992,653.0233333333332
1749870000,652,652.47,651.18,651.65,,,655.76845,658.3789999999991,653.2490476190475
1749873600,651.65,652.62,650.98,651.86,,,655.7179500000001,658.2169999999991,653.3576190476189
1749877200,651.86,652.82,651.37,652.78,,,655.6776,658.0097999999991,653.5471428571427
1749880800,652.78,652.83,651.55,652.17,,,655.6478999999999,657.6827999999991,653.5209523809522
1749884400,652.17,652.42,650.37,652.12,,,655.6278499999999,657.3557999999991,653.358095238095
1749888000,652.09,652.12,650.07,650.83,,,655.6265499999998,657.0049999999991,653.1371428571425
1749891600,650.82,650.86,649.46,649.58,,,655.6098999999999,656.6943999999992,652.9995238095236
1749895200,649.58,650.94,649.49,650.64,,,655.6147999999998,656.430399999999,652.8414285714282
1749898800,650.65,651.14,650.44,651.02,,,655.6493499999998,656.1671999999992,652.6519047619045
1749902400,651.03,651.07,649.14,650.14,,,655.7775999999998,655.8617999999991,652.5604761904758
1749906000,650.14,650.8,648.11,648.64,,,655.8678499999997,655.5169999999991,652.49619047619
1749909600,648.64,648.9,646.74,646.91,,,655.9547499999998,655.162799999999,652.4171428571425
1749913200,646.91,647.1,644.67,645.76,,,656.0467999999997,654.813599999999,652.2457142857139
1749916800,645.77,646.41,640.92,641.86,,,656.1298999999998,654.457599999999,651.9623809523806
1749920400,641.86,644.59,641.48,643.81,,,656.2097499999998,654.1359999999991,651.6828571428567
1749924000,643.81,644.47,639.43,642.07,,,656.2777499999997,653.835399999999,651.4204761904758
1749927600,642.06,642.8,641.15,641.17,,,656.3245999999999,653.526999999999,650.9599999999997
1749931200,641.17,641.71,639.36,641.23,,,656.3786499999998,653.164799999999,650.5204761904757
1749934800,641.23,644.21,641.04,644.02,,,656.4290999999997,652.704999999999,649.9752380952377
1749938400,644.02,644.61,643.12,644.38,,,656.4620499999997,652.3745999999991,649.3414285714282
1749942000,644.38,646.66,644.27,645.91,,,656.4820499999997,651.9101999999991,648.6571428571425
1749945600,645.91,646.92,645.35,646.63,,,656.4823499999998,651.3961999999991,648.1652380952377
1749949200,646.63,647.27,645.94,646.53,,,656.4904999999995,650.9609999999991,647.8399999999996
1749952800,646.53,647.93,646.52,647.5,,,656.4804499999996,650.6697999999991,647.5499999999996
1749956400,647.49,648.21,647.36,647.88,,,656.4528999999997,650.477199999999,647.310952380952
1749960000,647.88,649.52,647.81,649.51,,,656.4195999999996,650.313599999999,647.0571428571424
1749963600,649.51,650.43,648.74,650.25,,,656.3918499999995,650.1567999999991,646.8057142857139
1749967200,650.25,651.99,648.54,651.01,,,656.3629499999997,649.9877999999991,646.6014285714282
1749970800,651.01,651.15,649.02,649.3,,,656.3522999999997,649.976799999999,646.4771428571426
1749974400,649.3,649.54,646.91,647.98,,,656.3525499999996,650.0193999999991,646.4495238095235
1749978000,647.98,647.98,646.18,646.51,,,656.3491499999997,650.1529999999991,646.5176190476187
1749981600,646.51,649.17,646.47,648.88,,,656.3640499999997,650.1657999999991,646.4538095238092
1749985200,648.88,649.52,648.04,648.48,,,656.3760499999999,650.207399999999,646.3090476190473
1749988800,648.48,650.55,648.48,650.47,,,656.3955999999998,650.232999999999,646.1361904761901
1749992400,650.45,651.2,648.46,648.91,,,656.4152499999998,650.1485999999991,646.1476190476188
1749996000,648.91,649.23,647.06,648.76,,,656.4451499999999,649.973199999999,646.2223809523806
1749999600,648.78,648.88,647.35,647.91,,,656.4763999999999,649.802399999999,646.4466666666664
1750003200,647.91,648.33,646.37,647.98,,,656.49245,649.670799999999,646.7823809523807
1750006800,647.98,649.37,647.73,648.69,,,656.5062999999999,649.571399999999,647.0180952380949
1750010400,648.69,648.85,647.64,647.82,,,656.52185,649.453399999999,647.2961904761902
1750014000,647.82,647.9,646.07,646.99,,,656.5265999999999,649.398599999999,647.6204761904759
1750017600,646.99,647.01,643.04,643.76,,,656.5438499999998,649.316999999999,647.9757142857139
1750021200,643.76,645.67,642.99,645.64,,,656.5464999999998,649.2229999999989,648.1566666666663
1750024800,645.64,648.23,645.03,647.63,,,656.5396499999998,649.1219999999989,648.280952380952
1750028400,647.61,648.75,647.57,648.46,,,656.5337499999998,648.9865999999989,648.1785714285712
1750032000,648.46,648.53,646.85,647.95,,,656.5347499999998,648.8707999999989,648.1314285714283
1750035600,647.95,650.41,646.38,650.3,,,656.5427999999998,648.720599999999,648.1838095238093
1750039200,650.3,652.57,650.29,651.68,,,656.5381999999997,648.602799999999,648.2295238095235
1750042800,651.68,652.02,650.89,651.64,,,656.5289999999998,648.4945999999989,648.2328571428568
1750046400,651.65,653.14,651.23,652.22,,,656.4990999999998,648.3933999999989,648.270476190476
1750050000,652.22,655.03,652.21,654.69,,,656.4724999999997,648.262799999999,648.3385714285712
1750053600,654.69,655.03,653.73,653.8,,,656.4559999999998,648.1567999999988,648.3685714285712
1750057200,653.8,656.67,653.79,655.9,,,656.4424999999997,648.1033999999988,648.5076190476187
1750060800,655.9,656.62,655.11,656.19,,,656.4301499999997,648.1119999999988,648.8271428571427
1750064400,656.19,656.34,655.24,655.93,,,656.4319999999997,648.1163999999989,649.1742857142855
1750068000,655.93,656.34,653.85,654.01,,,656.4326499999997,648.1771999999987,649.5085714285711
1750071600,654.01,654.65,653.12,654.55,,,656.4283499999998,648.2159999999989,649.875714285714
1750075200,654.55,655.65,653.75,655.06,,,656.4268499999998,648.2783999999988,650.135714285714
1750078800,655.05,656.57,654.93,656.55,,,656.4314999999998,648.3587999999988,650.3785714285711
1750082400,656.55,659.39,656.1,657.43,,,656.4363499999998,648.4349999999988,650.6542857142854
1750086000,657.42,658.73,657.09,657.57,,,656.4597499999998,648.4985999999989,650.9947619047616
1750089600,657.57,658.89,657.19,657.92,,,656.4884499999997,648.5979999999988,651.4028571428569
1750093200,657.92,657.93,655.59,655.81,,,656.5146499999998,648.6863999999988,651.8190476190473
1750096800,655.81,657.63,655.79,657.61,,,656.5350499999997,648.7969999999988,652.2833333333331
1750100400,657.61,659.07,657.47,659.04,,,656.5593499999999,648.9427999999988,652.8038095238092
1750104000,659.04,659.17,657.37,659.02,,,656.5818999999997,649.1213999999987,653.3776190476187
1750107600,659.01,659.07,656.87,658.06,,,656.6165499999998,649.3415999999988,653.9476190476188
1750111200,658.06,658.97,651.5,653.38,,,656.6529499999997,649.5425999999987,654.4909523809521
1750114800,653.38,654.82,650.2,650.78,,,656.6927999999997,649.8575999999988,654.9938095238092
1750118400,650.77,654.3,647.66,654.25,,,656.7301999999997,650.1621999999987,655.4752380952378
1750122000,654.22,655.76,653.56,655.13,,,656.7718499999996,650.5011999999988,655.6219047619044
1750125600,655.13,655.81,652.85,655.81,,,656.8133499999998,650.8389999999988,655.5790476190473
1750129200,655.81,656.91,655.41,656.7,,,656.8547499999997,651.0819999999989,655.703333333333
1750132800,656.7,656.77,655.42,656.17,,,656.8955499999997,651.2171999999988,655.8419047619044
1750136400,656.17,656.53,655.47,656.42,,,656.9356499999998,651.4145999999988,655.8952380952378
1750140000,656.42,659.33,655.93,658.42,,,656.9461499999998,651.5989999999988,656.0333333333331
1750143600,658.42,658.83,656.08,658.15,,,656.9391499999998,651.7825999999989,656.0461904761902
1750147200,658.15,659.11,656.71,657.15,,,656.9440499999997,651.9859999999989,656.0571428571426
1750150800,657.15,658.64,656.98,657.46,,,656.9577999999997,652.1593999999989,656.175714285714
1750154400,657.46,657.57,653.69,655.19,,,656.9702499999996,652.3301999999989,656.3728571428568
1750158000,655.17,655.2,652.67,653.84,,,656.9790499999997,652.5083999999989,656.4966666666663
1750161600,653.84,654.39,653.26,653.87,,,656.9868499999998,652.6663999999988,656.6109523809521
1750165200,653.87,656.15,652.52,652.52,,,656.9913499999998,652.7891999999988,656.5461904761902
1750168800,652.52,654.08,650.89,651.05,,,657.0186499999998,652.9523999999988,656.3752380952378
1750172400,651.04,651.08,645.44,646.56,,,657.0477499999998,653.0965999999988,656.1990476190473
1750176000,646.57,646.74,641.21,641.23,,,657.0690499999998,653.2431999999988,655.9419047619044
1750179600,641.25,644.97,640.56,642.78,,,657.1011999999998,653.3429999999988,655.7152380952377
1750183200,642.78,646.42,642.54,646.41,,,657.1245499999999,653.4237999999988,655.1890476190473
1750186800,646.41,650.16,646.3,648.68,,,657.1341499999997,653.4353999999988,654.340952380952
1750190400,648.68,649.21,646.98,647.09,,,657.1528499999997,653.3883999999989,653.5676190476187
1750194000,647.09,648.98,646,647.86,,,657.1703999999997,653.2377999999989,653.0128571428568
1750197600,647.86,648.34,645.94,646.06,,,657.1732999999997,653.1351999999989,652.7890476190472
1750201200,646.06,649.17,645.99,648.32,,,657.1576499999996,653.1037999999988,652.613333333333
1750204800,648.32,650.91,648.06,650.89,,,657.1107499999997,653.1035999999989,652.3090476190473
1750208400,650.89,654.01,650.71,650.72,,,657.0609999999996,653.0889999999989,651.8771428571426
1750212000,650.72,653.47,650.33,652.33,,,657.0200999999996,653.1063999999989,651.520476190476
1750215600,652.33,653.32,651.81,652.02,,,656.9847999999997,653.1523999999989,651.2438095238093
1750219200,652.02,653.32,651.57,652.71,,,656.9378999999997,653.205999999999,650.9842857142854
1750222800,652.71,653.57,652.55,652.9,,,656.9076499999996,653.271199999999,650.7895238095236
1750226400,652.9,653.41,651.16,651.29,,,656.8596999999997,653.316399999999,650.4847619047617
1750230000,651.29,651.66,650.62,651.53,,,656.8168499999997,653.403999999999,650.225714285714
1750233600,651.53,652.5,649.88,650.05,,,656.7805999999997,653.438399999999,650.0233333333332
1750237200,650.05,650.97,648.08,648.12,,,656.7377499999997,653.458999999999,649.7295238095236
1750240800,648.12,648.17,641.88,642.62,,,656.6993999999996,653.4841999999991,649.5552380952379
1750244400,642.62,645.85,641.87,645.18,,,656.6591499999996,653.465599999999,649.3747619047617
1750248000,645.18,645.19,642.2,642.38,,,656.6128999999996,653.4023999999989,649.1009523809522
1750251600,642.38,642.4,637.53,640.7,,,656.5484999999996,653.327399999999,648.6295238095237
1750255200,640.7,644.55,640.04,642.74,,,656.4727999999997,653.1717999999989,648.3499999999999
1750258800,642.74,643.72,639.32,642.2,,,656.4009999999997,652.900399999999,648.1509523809522
1750262400,642.2,642.71,640.03,641.17,,,656.3151499999997,652.6853999999989,648.1257142857141
1750266000,641.17,641.99,637.91,641.7,,,656.2226999999998,652.452799999999,648.1238095238094
1750269600,641.7,642.93,638.73,638.78,,,656.1061999999998,652.175799999999,647.9233333333333
1750273200,638.78,641.34,638.42,639.63,,,656.0103999999998,651.929399999999,647.5657142857142
1750276800,639.64,644.74,638.76,644.57,,,655.9018499999999,651.6423999999989,647.3090476190475
1750280400,644.58,645.48,642.77,644.87,,,655.7930499999998,651.3171999999989,646.8766666666666
1750284000,644.88,645.37,643.8,644.99,,,655.6934999999997,650.9997999999989,646.570476190476
1750287600,644.98,645.52,643.4,644.83,,,655.5996999999999,650.6169999999989,646.3919047619047
1750291200,644.81,645.97,643.73,645.02,,,655.5138999999998,650.293399999999,646.1052380952381
1750294800,645.02,645.04,641.49,642.16,,,655.4139499999998,650.032599999999,645.8323809523808
1750298400,642.16,643.89,641.64,642.9,,,655.3027999999998,649.749199999999,645.4752380952381
1750302000,642.89,645.42,642.83,645.4,,,655.1736499999998,649.4685999999989,645.1419047619047
1750305600,645.4,646.11,644.72,645.84,,,655.0585499999997,649.2039999999989,644.6395238095238
1750309200,645.84,646.6,645.47,645.64,,,654.9633999999998,649.036799999999,644.1633333333333
1750312800,645.65,646.6,643.96,644.84,,,654.8884999999998,648.864399999999,643.8828571428571
1750316400,644.84,645.73,644.57,644.67,,,654.8054499999997,648.6373999999989,643.6119047619047
1750320000,644.67,645.73,644.39,644.42,,,654.7093499999996,648.442799999999,643.4019047619047
1750323600,644.42,645.98,643.99,644.77,,,654.5964499999998,648.2433999999989,643.2457142857143
1750327200,644.77,645.42,644.14,644.29,,,654.4760499999998,648.022199999999,643.3433333333332
1750330800,644.29,644.33,642.45,642.53,,,654.3636499999998,647.795599999999,643.3071428571429
1750334400,642.53,642.9,641.55,642.24,,,654.2418499999998,647.560599999999,643.4209523809524
1750338000,642.24,642.92,640.96,641.04,,,654.1229999999997,647.2805999999989,643.5919047619047
1750341600,641.04,642.26,640.11,640.6,,,653.9959999999998,647.0129999999989,643.5819047619049
1750345200,640.6,641.63,639.59,639.78,,,653.8504999999998,646.7557999999989,643.5838095238096
1750348800,639.79,640.52,638.8,638.9,,,653.7175999999997,646.4571999999989,643.5776190476191
1750352400,638.9,642.89,638.8,642.31,,,653.5961999999997,646.1981999999989,643.5252380952381
1750356000,642.31,643.06,641.79,642.53,,,653.4717499999997,645.942199999999,643.5728571428572
1750359600,642.56,642.97,641.91,642.76,,,653.3310999999998,645.6767999999989,643.5380952380953
1750363200,642.76,643.43,642.06,642.96,,,653.1951499999998,645.421999999999,643.4304761904763
1750366800,642.96,643.66,642.59,643.39,,,653.0535499999999,645.178999999999,643.3190476190476
1750370400,643.39,644.98,643.39,644.48,,,652.8960499999997,645.0939999999989,643.2128571428572
1750374000,644.48,645.11,643.92,644.78,,,652.7423999999997,645.1199999999989,643.1238095238095
1750377600,644.78,645.28,643.92,644.79,,,652.5776499999997,645.119599999999,643.0461904761904
1750381200,644.79,645.38,643.73,645.34,,,652.4357499999998,645.050599999999,643.1566666666668
1750384800,645.34,645.64,644.32,644.71,,,652.3076499999997,644.944799999999,643.2461904761905
1750388400,644.71,644.99,644.23,644.85,,,652.1837499999998,644.892599999999,643.2171428571429
1750392000,644.85,645.01,641.73,642.07,,,652.0534999999999,644.830999999999,643.1933333333334
1750395600,642.07,644.4,642.05,644.39,,,651.9254999999998,644.805599999999,643.1490476190477
1750399200,644.39,645.42,644.3,645.41,,,651.7932999999998,644.7459999999991,643.1495238095238
1750402800,645.41,647.87,645,647.87,,,651.6686499999998,644.6223999999991,643.0257142857142
1750406400,647.86,649.77,647.83,648.89,,,651.5495499999998,644.5049999999991,643.0242857142857
1750410000,648.89,649.39,647.39,647.39,,,651.4428499999998,644.2997999999992,643.0547619047619
1750413600,647.39,648.52,646.6,647.55,,,651.3277499999999,644.1471999999991,643.2252380952381
1750417200,647.55,648.17,646.77,647.43,,,651.2157499999998,644.0011999999991,643.5280952380953
1750420800,647.43,648,647.06,647.68,,,651.0863999999998,643.9005999999991,643.7733333333334
1750424400,647.68,649.57,646.47,647.52,,,650.9898499999998,643.8525999999991,644.0833333333334
1750428000,647.52,648.47,643.11,643.38,,,650.8933499999998,643.7697999999991,644.4085714285715
1750431600,643.38,646.49,643.23,645.55,,,650.7948999999999,643.7197999999992,644.7847619047619
1750435200,645.54,645.63,643.58,644.06,,,650.6975999999999,643.7059999999991,645.1952380952381
1750438800,644.06,644.67,638.31,642.2,,,650.5885999999998,643.8071999999992,645.2461904761905
1750442400,642.2,642.75,640.13,641.87,,,650.4893999999998,643.853999999999,645.39
1750446000,641.87,642.97,639.82,642.83,,,650.3966499999998,643.8739999999991,645.4519047619048
1750449600,642.83,645.35,642.79,644.64,,,650.3083999999998,643.9709999999991,645.4157142857143
1750453200,644.63,644.74,642.95,642.98,,,650.2090499999998,643.9973999999991,645.3433333333334
1750456800,642.98,642.99,640.32,640.79,,,650.0855999999999,643.9973999999991,645.2647619047618
1750460400,640.79,641.9,640.02,641.71,,,649.9768999999999,644.0113999999991,645.2580952380953
1750464000,641.71,642.81,641.15,642.1,,,649.8566999999998,644.0339999999991,645.1719047619048
1750467600,642.1,644.41,642.03,644.29,,,649.7235999999998,644.1511999999991,644.9552380952382
1750471200,644.29,644.37,643.18,644.29,,,649.6018499999998,644.218199999999,644.812380952381
1750474800,644.3,644.98,644.29,644.34,,,649.4976499999998,644.1425999999991,644.6814285714287
1750478400,644.34,644.56,642.55,642.65,,,649.4091999999998,644.079399999999,644.7871428571428
1750482000,642.65,643.12,642.33,643.02,,,649.3047499999998,644.0215999999991,644.782380952381
1750485600,643.02,643.63,642.59,643.44,,,649.1844499999999,644.0107999999991,644.7314285714286
1750489200,643.44,643.48,640.31,641.49,,,649.0913499999999,643.9961999999991,644.4828571428573
1750492800,641.49,641.9,640.7,641.64,,,648.9753999999998,644.0397999999991,644.2033333333335
1750496400,641.64,641.64,639.64,640.93,,,648.8624999999998,644.0347999999991,644.0152380952381
1750500000,640.93,641.94,640.16,640.72,,,648.7689999999998,643.9871999999991,643.7266666666668
1750503600,640.72,642.55,640.59,642.51,,,648.6977999999998,643.9391999999991,643.4509523809526
1750507200,642.51,642.89,640.03,640.03,,,648.6409999999998,643.856199999999,643.1295238095239
1750510800,640.03,640.17,636.67,636.79,,,648.5856499999998,643.792199999999,642.8057142857144
1750514400,636.79,638.98,636.13,636.13,,,648.5304999999998,643.717399999999,642.764285714286
1750518000,636.13,637.16,634.72,636.96,,,648.4630499999998,643.6433999999989,642.5014285714287
1750521600,636.95,637.29,634.2,634.48,,,648.4309999999998,643.5981999999989,642.1552380952382
1750525200,634.48,635.84,632.48,632.71,,,648.4068999999998,643.5129999999989,641.8661904761907
1750528800,632.7,634.42,631.74,631.75,,,648.3963499999999,643.398199999999,641.632380952381
1750532400,631.75,632.68,630.99,631.24,,,648.3608499999999,643.2759999999989,641.2347619047621
1750536000,631.23,633.37,631.22,633.02,,,648.3163499999998,643.194399999999,640.6666666666669
1750539600,633.02,633.34,622.24,625.17,,,648.2601999999998,643.071999999999,640.1319047619049
1750543200,625.17,629.7,624.99,627.73,,,648.1798499999999,642.930599999999,639.677142857143
1750546800,627.73,629.53,623.68,629.11,,,648.0882499999998,642.787599999999,639.2633333333334
1750550400,629.11,633.32,627.25,631.94,,,647.9735499999998,642.566199999999,638.4571428571429
1750554000,631.94,632.9,629.18,629.44,,,647.8617999999998,642.3759999999991,637.6685714285716
1750557600,629.44,631.35,627.38,630.42,,,647.7433499999997,642.0241999999989,636.9457142857144
1750561200,630.43,631.51,628.38,629.64,,,647.6254999999998,641.719599999999,636.3552380952382
1750564800,629.65,631.84,629.65,631.6,,,647.5330999999999,641.4339999999991,635.7261904761906
1750568400,631.61,633.73,631.58,633.69,,,647.3989999999998,641.183199999999,635.1261904761906
1750572000,633.67,635.54,633.49,634.31,,,647.2742499999998,640.8763999999991,634.4690476190477
1750575600,634.31,634.39,632.22,632.78,,,647.1510999999998,640.588999999999,633.9980952380953
1750579200,632.78,633.22,631.76,632.37,,,647.0378499999998,640.2749999999991,633.6195238095238
1750582800,632.37,633.2,628.18,628.23,,,646.9211499999998,640.0127999999991,633.3042857142857
1750586400,628.23,630.2,627.74,629.16,,,646.8168999999997,639.789599999999,632.9261904761905
1750590000,629.16,631.6,628.88,630.56,,,646.7074499999998,639.634399999999,632.4433333333334
1750593600,630.56,631.27,626.95,628.81,,,646.6002499999998,639.402199999999,631.8814285714286
1750597200,628.81,629.15,614.29,616.58,,,646.5010999999998,639.1413999999991,631.5180952380953
1750600800,616.58,618.83,609.09,614.23,,,646.4002499999998,638.7485999999991,631.2528571428572
1750604400,614.23,614.25,606.92,607.74,,,646.2861499999998,638.353999999999,630.864761904762
1750608000,607.74,609.44,606.87,609.32,,,646.1762499999998,638.017399999999,630.0123809523809
1750611600,609.32,612.62,608.04,610.84,,,646.0613499999997,637.642599999999,629.132380952381
1750615200,610.84,611.41,607.62,607.74,,,645.9471499999997,637.025599999999,627.9890476190476
1750618800,607.74,608.14,604.68,605.68,,,645.8416999999997,636.356599999999,626.9452380952381
1750622400,605.67,609.74,601.7,609.74,,,645.7264499999998,635.560999999999,625.8890476190476
1750626000,609.74,610.37,606.6,606.91,,,645.5454499999998,634.879799999999,625.0590476190476
1750629600,606.9,616.11,606.9,616.11,,,645.3557499999998,634.185599999999,624.0090476190477
1750633200,616.1,616.92,615.2,616.03,,,645.1338499999998,633.459199999999,623.0866666666667
1750636800,616.03,619.47,615.26,617,,,644.9262999999997,632.728799999999,621.8947619047619
1750640400,617,620.67,616.14,620.66,,,644.7325999999997,632.086199999999,621.26
1750644000,620.66,620.98,619.39,620.03,,,644.5180999999998,631.367799999999,620.5747619047619
1750647600,620.03,620.98,618.53,620.18,,,644.2913999999997,630.797199999999,619.9728571428572
1750651200,620.18,621.92,620.16,621.41,,,644.0893999999998,630.258199999999,619.4519047619048
1750654800,621.41,622.9,621.39,622.61,,,643.8807499999998,629.782399999999,618.8014285714286
1750658400,622.61,623.73,622.45,623.65,,,643.7267499999998,629.3613999999991,618.1285714285715
1750662000,623.66,624.61,623.25,624.05,,,643.5780999999997,628.919999999999,617.5871428571428
1750665600,624.05,625.02,623.82,624.25,,,643.4537999999998,628.4377999999991,617.1223809523808
1750669200,624.25,624.28,620.87,621.24,,,643.3380499999998,627.9801999999992,616.9042857142856
1750672800,621.24,621.58,618.57,618.86,,,643.2278499999998,627.5455999999991,616.6609523809523
1750676400,618.86,619.52,616.33,617.44,,,643.1228999999998,627.1655999999991,616.3604761904761
1750680000,617.45,620.23,616.54,620.19,,,643.0237999999998,626.7861999999991,615.9999999999999
1750683600,620.19,627.54,616.21,626.69,,,642.9167499999999,626.4023999999991,616.1085714285713
1750687200,626.7,627.96,621.3,621.6,,,642.8130999999998,625.9973999999991,616.2614285714285
1750690800,621.6,623.39,619.98,622.95,,,642.7037999999998,625.5417999999991,616.8542857142855
1750694400,622.95,625.88,617.53,620.48,,,642.5918999999999,625.0719999999991,617.6814285714285
1750698000,620.47,629.07,619.87,627.33,,,642.4654499999998,624.6613999999992,618.1938095238095
1750701600,627.33,630.1,627.32,629.89,,,642.3222499999998,624.3449999999991,618.9180952380951
1750705200,629.9,630.93,628.52,629.94,,,642.17005,623.9763999999991,619.622857142857
1750708800,629.94,635.07,628.85,632.74,,,642.0234499999999,623.6995999999991,620.4604761904762
1750712400,632.75,634.12,631.96,632.99,,,641.9056499999999,623.3865999999991,621.5547619047619
1750716000,632.99,642.82,632.96,641.67,,,641.7585999999999,623.193999999999,622.2133333333333
1750719600,641.68,641.91,639.88,640.71,,,641.6268499999999,623.1021999999991,623.0090476190476
1750723200,640.71,641.68,638.82,639.05,,,641.48935,623.0467999999992,623.7704761904761
1750726800,639.05,640.55,638.24,640,,,641.3934499999999,623.0665999999991,624.7709523809523
1750730400,640,640.07,637.22,638.74,,,641.2984999999999,623.1015999999992,625.7557142857142
1750734000,638.73,640.58,638.6,640.19,,,641.2058,623.2745999999992,626.6542857142856
1750737600,640.19,640.73,639.11,640.67,,,641.1171499999999,623.5853999999991,627.5395238095238
1750741200,640.67,642.76,640.65,642.6,,,641.0375499999999,623.8117999999992,628.307619047619
1750744800,642.6,643.05,641.45,641.48,,,641.0020999999999,624.0295999999992,629.0952380952381
1750748400,641.48,642.17,639.05,639.57,,,640.9660999999999,624.1655999999991,629.8866666666667
1750752000,639.56,639.98,637.74,639.49,,,640.9214499999998,624.380599999999,630.7604761904762
1750755600,639.49,642.07,639.1,639.18,,,640.8779999999998,624.5855999999991,631.7242857142857
1750759200,639.18,639.65,637.16,637.48,,,640.8325999999998,624.8447999999992,632.7104761904762
1750762800,637.48,638.87,636.6,638.86,,,640.7985999999997,625.0423999999991,633.7604761904762
1750766400,638.86,640.22,638.25,640.21,,,640.7831499999998,625.1599999999992,634.6647619047619
1750770000,640.2,640.77,638.57,640.54,,,640.7679499999998,625.2635999999991,635.1785714285714
1750773600,640.54,641.97,640.22,640.65,,,640.7371999999998,625.3915999999991,636.0004761904762
1750777200,640.65,641.89,638.93,640.01,,,640.6927499999997,625.493799999999,636.822380952381
1750780800,640.02,644.32,640.01,644.32,,,640.6504499999998,625.706399999999,637.777619047619
1750784400,644.32,644.36,641.71,643.55,,,640.5948499999998,625.927399999999,638.4119047619048
1750788000,643.55,643.76,642.1,642.85,,,640.5238499999998,626.126999999999,638.8938095238095
1750791600,642.85,643.34,641.54,642.77,,,640.4599499999998,626.3637999999991,639.5785714285714
1750795200,642.77,644.47,642.65,644.44,,,640.3998999999999,626.832399999999,640.0933333333334
1750798800,644.44,644.54,643.36,643.81,,,640.3291499999998,627.434199999999,640.5628571428572
1750802400,643.81,643.81,642.45,643.63,,,640.2633999999998,628.1503999999991,640.615238095238
1750806000,643.63,644.05,642.63,643.93,,,640.1839499999999,628.820999999999,640.7928571428571
1750809600,643.93,644.85,642.87,644.69,,,640.1245999999999,629.459599999999,641.0195238095238
1750813200,644.69,645.9,643.24,645.21,,,640.0626999999998,630.193599999999,641.1923809523809
1750816800,645.21,646.05,644.23,645.11,,,640.0068999999999,630.9561999999991,641.4395238095237
1750820400,645.11,650.43,643.63,648.33,,,639.9479999999999,631.6339999999989,641.6538095238095
1750824000,648.33,652.82,644.96,645.09,,,639.8948999999998,632.3743999999989,641.87
1750827600,645.09,646.46,644.07,644.1,,,639.8311999999997,632.945999999999,641.9895238095238
1750831200,644.1,646.01,643.78,646,,,639.7621999999997,633.5295999999989,642.3157142857143
1750834800,646,646.89,645.02,645.39,,,639.6939999999997,634.091799999999,642.5785714285715
1750838400,645.39,645.52,643.27,644.72,,,639.6278499999997,634.6451999999989,642.7980952380952
1750842000,644.72,645.36,642.25,643.47,,,639.5748499999997,635.146399999999,643.1228571428572
1750845600,643.47,646.23,643.4,646.21,,,639.5123499999997,635.6247999999989,643.4995238095239
1750849200,646.21,648.58,645.59,647.63,,,639.4587999999997,636.116599999999,643.7785714285716
1750852800,647.64,647.98,646.55,646.95,,,639.3891499999997,636.5721999999989,643.9338095238096
1750856400,646.95,648.22,645.92,647.39,,,639.3193499999998,636.993599999999,644.2038095238097
1750860000,647.39,648.09,644.77,646.52,,,639.2824499999997,637.3819999999989,644.5361904761907
1750863600,646.52,646.52,642.66,642.83,,,639.2554999999998,637.821199999999,644.8666666666668
1750867200,642.83,644.78,642.35,642.83,,,639.2078499999997,638.348999999999,645.0128571428572
1750870800,642.83,645.64,642.82,645.2,,,639.1495499999996,638.910799999999,645.1542857142858
1750874400,645.2,646.19,644.46,645.93,,,639.1015499999997,639.509799999999,645.1533333333334
1750878000,645.93,647.9,645.93,647.76,,,639.0561999999998,640.036399999999,645.1561904761905
1750881600,647.77,647.9,646.93,647.72,,,639.0100999999997,640.359199999999,645.1923809523811
1750885200,647.72,648.51,646.66,647.29,,,638.9649499999997,640.7837999999989,645.2933333333335
1750888800,647.3,647.31,644.56,645.55,,,638.9054499999997,641.228799999999,645.4900000000001
1750892400,645.55,646.44,644.3,646.33,,,638.8288499999996,641.7377999999991,645.6704761904763
1750896000,646.33,648.08,646.3,647.54,,,638.7572499999997,642.1463999999991,645.7942857142858
1750899600,647.54,648.86,645.79,648.31,,,638.6959499999997,642.502999999999,645.8104761904763
1750903200,648.32,649.81,647.8,649.43,,,638.6496499999997,642.849999999999,645.8685714285716
1750906800,649.43,650.3,647.75,648.82,,,638.6192499999996,643.106199999999,645.8309523809526
1750910400,648.82,649.67,646.62,647.9,,,638.5884999999997,643.372999999999,645.984285714286
1750914000,647.9,647.99,646.48,647.27,,,638.5623499999997,643.490399999999,646.2380952380955
1750917600,647.27,648.18,645.79,645.86,,,638.5348499999997,643.642399999999,646.3723809523811
1750921200,645.87,647.8,645.05,647.79,,,638.5336999999996,643.849999999999,646.4919047619051
1750924800,647.8,648.77,647.25,648.43,,,638.5652499999998,644.026399999999,646.6133333333336
1750928400,648.43,648.76,646.35,646.47,,,638.5928999999998,644.209599999999,646.7271428571431
1750932000,646.46,647.4,645.5,646.05,,,638.6079999999997,644.351199999999,646.8023809523812
1750935600,646.05,646.43,644.8,644.82,,,638.6086999999998,644.454999999999,646.8404761904765
1750939200,644.82,645.33,643,643.75,,,638.6127499999998,644.558799999999,646.8176190476194
1750942800,643.75,644.85,641.88,642.58,,,638.6097999999997,644.697799999999,646.7538095238099
1750946400,642.58,646.03,641.45,644.83,,,638.6087999999997,644.835799999999,646.6728571428575
1750950000,644.83,645.61,642.16,645.32,,,638.6061499999997,644.9669999999991,646.7166666666669
1750953600,645.33,646.67,644.64,646.64,,,638.5938499999996,645.0797999999991,646.7047619047622
1750957200,646.64,647.76,645.38,645.49,,,638.5725999999996,645.2051999999991,646.6871428571433
1750960800,645.49,647.08,644.74,645.84,,,638.5411999999997,645.2795999999992,646.6580952380956
1750964400,645.84,646.6,645.22,645.49,,,638.5051999999997,645.371999999999,646.6047619047623
1750968000,645.49,646.84,645.15,645.21,,,638.4603999999997,645.4675999999992,646.4985714285718
1750971600,645.2,645.51,642.94,645.02,,,638.4087999999997,645.5873999999992,646.4295238095242
1750975200,645.02,645.53,642.69,643,,,638.3764999999997,645.6969999999992,646.4266666666671
1750978800,643,643.17,641.71,642.65,,,638.3454499999998,645.7273999999991,646.3733333333338
1750982400,642.65,643.31,640.71,640.81,,,638.3283999999999,645.7661999999991,646.2533333333338
1750986000,640.81,644.6,639.5,644.3,,,638.3152499999999,645.8133999999992,646.0004761904765
1750989600,644.3,645.55,644.13,645.18,,,638.3313499999999,645.8583999999992,645.6776190476194
1750993200,645.17,646.11,644.5,646.09,,,638.3328999999999,645.8295999999992,645.2961904761909
1750996800,646.09,646.37,645.51,645.98,,,638.3470499999999,645.8063999999991,645.1247619047623
1751000400,645.98,646.75,644.75,644.84,,,638.3686499999999,645.7499999999992,645.0252380952385
1751004000,644.84,646.78,644.49,646.75,,,638.3699499999999,645.7573999999993,645.0361904761908
1751007600,646.76,647.07,643.46,643.89,,,638.3721999999999,645.7671999999992,644.9500000000003
1751011200,643.89,645.66,643.8,644.99,,,638.3703999999999,645.7847999999991,644.779047619048
1751014800,644.99,645.28,643.51,645.09,,,638.3833999999998,645.8021999999992,644.7923809523812
1751018400,645.09,645.36,644.25,645.06,,,638.4153999999997,645.7323999999993,644.6895238095242
1751022000,645.06,645.8,644.69,645.72,,,638.4476999999998,645.7655999999993,644.6976190476192
1751025600,645.72,648,644,644.39,,,638.4547499999999,645.7613999999993,644.7614285714288
1751029200,644.39,646.15,644.05,645.73,,,638.4545999999998,645.7411999999993,644.8795238095239
1751032800,645.73,647.05,644.49,645.42,,,638.4633999999999,645.7351999999993,644.921904761905
1751036400,645.42,647.42,644.92,646.85,,,638.4586999999998,645.7419999999993,644.8776190476192
1751040000,646.85,648.37,646.19,646.2,,,638.4585499999998,645.7869999999992,644.8342857142858
1751043600,646.2,646.26,643.33,644.41,,,638.4731999999999,645.7505999999993,644.8309523809525
1751047200,644.41,644.54,642.83,643.16,,,638.4839999999999,645.7125999999993,644.8790476190477
1751050800,643.16,645.79,642.78,645.55,,,638.4855999999999,645.6819999999992,644.9128571428572
1751054400,645.55,646.55,645.28,646.47,,,638.4783499999999,645.6711999999993,644.874761904762
1751058000,646.47,647.22,646.28,646.69,,,638.4787999999999,645.6647999999993,644.7861904761905
1751061600,646.69,647.1,646.26,646.58,,,638.4816999999998,645.6963999999992,644.9076190476192
1751065200,646.58,646.6,645.52,645.91,,,638.4925999999998,645.7029999999993,645.0895238095238
1751068800,645.91,646.37,645.42,645.63,,,638.5014999999999,645.7099999999994,645.3695238095238
1751072400,645.64,646.29,644.59,646.19,,,638.4996999999998,645.7207999999994,645.4780952380953
1751076000,646.19,646.31,645.28,645.46,,,638.4940499999998,645.6993999999994,645.5128571428572
1751079600,645.46,645.57,644.57,644.74,,,638.5091499999999,645.6765999999993,645.4909523809525
1751083200,644.74,645.42,644.67,645.32,,,638.5302999999998,645.6489999999993,645.5009523809525
1751086800,645.32,645.63,644.86,645.05,,,638.5585499999997,645.6505999999994,645.5304761904763
1751090400,645.05,647.01,645.04,646.64,,,638.5884499999997,645.6477999999994,645.434761904762
1751094000,646.64,647.32,646.56,647.31,,,638.6190999999998,645.6061999999994,645.5028571428572
1751097600,647.32,647.33,645.56,645.84,,,638.6527499999997,645.5347999999993,645.5057142857144
1751101200,645.84,647.19,645.55,647.03,,,638.6721499999998,645.4525999999994,645.579523809524
1751104800,647.03,647.09,646.65,646.91,,,638.6867999999997,645.3771999999994,645.6866666666667
1751108400,646.92,647.2,646.56,646.61,,,638.6966999999997,645.3519999999994,645.692380952381
1751112000,646.61,647.03,646.3,646.52,,,638.7084999999997,645.3527999999994,645.8180952380952
1751115600,646.51,646.55,645.61,645.66,,,638.7167999999998,645.3523999999994,645.8742857142857
1751119200,645.66,646.61,645.62,646.56,,,638.7275999999997,645.3371999999994,645.9309523809525
1751122800,646.56,647.13,645.74,646.91,,,638.7402499999998,645.3067999999994,645.9152380952381
1751126400,646.91,647.44,645.82,646.11,,,638.7454999999998,645.3095999999994,645.8895238095238
1751130000,646.11,647.79,646.06,647.49,,,638.7539499999998,645.3189999999994,645.9919047619047
1751133600,647.49,647.62,646.57,647.24,,,638.7649499999998,645.3357999999994,646.1704761904762
1751137200,647.24,648.26,646.92,647.85,,,638.7737499999998,645.3919999999994,646.1971428571429
1751140800,647.85,648.49,647.7,648.11,,,638.7959999999998,645.4785999999993,646.2457142857144
1751144400,648.11,648.55,647.61,648.54,,,638.8023499999998,645.5041999999994,646.2719047619048
1751148000,648.54,649.27,648.35,649.11,,,638.8080999999997,645.5475999999994,646.3323809523811
1751151600,649.11,649.36,648.62,648.87,,,638.8032999999997,645.5595999999994,646.4371428571429
1751155200,648.87,649.06,648,648.46,,,638.7893999999998,645.6067999999993,646.5757142857143
1751158800,648.47,648.59,647.61,647.64,,,638.7898999999999,645.6521999999993,646.7147619047619
1751162400,647.66,648.8,647.21,648.79,,,638.7883499999998,645.7131999999992,646.8771428571429
1751166000,648.79,649.04,648.48,648.93,,,638.7904499999999,645.7911999999993,647.0542857142858
1751169600,648.93,649.36,648.81,649.29,,,638.7925999999998,645.8681999999993,647.1647619047619
1751173200,649.29,649.84,649.01,649.82,,,638.7976999999998,645.9773999999993,647.3428571428572
1751176800,649.83,649.85,649.25,649.64,,,638.8263499999998,646.0771999999993,647.4519047619048
1751180400,649.64,650.45,649.16,649.45,,,638.8429499999999,646.2367999999993,647.5461904761904
1751184000,649.45,650.29,649.45,650,,,638.8649499999999,646.3293999999994,647.7357142857143
1751187600,650,650.88,649.74,649.86,,,638.8921499999998,646.4115999999993,647.86
1751191200,649.86,650.43,649.85,650.3,,,638.9267499999999,646.4861999999993,647.9809523809524
1751194800,650.29,651.36,649.95,651.32,,,638.9572499999998,646.5593999999994,648.1423809523809
1751198400,651.32,651.47,650.42,650.74,,,638.9804999999999,646.6515999999993,648.3014285714286
1751202000,650.74,651.19,650.31,650.36,,,639.0146999999998,646.7165999999994,648.5223809523809
1751205600,650.35,650.75,648.8,649.21,,,639.0589499999999,646.8359999999994,648.7490476190476
1751209200,649.21,649.65,648.66,649.24,,,639.0976499999999,646.9421999999994,648.9314285714286
1751212800,649.25,649.54,648.26,649.16,,,639.1371499999999,647.0667999999994,649.1338095238095
1751216400,649.16,649.47,648.37,649.02,,,639.1649999999998,647.1803999999994,649.2157142857143
1751220000,649.02,649.78,648.43,649.5,,,639.1950499999999,647.2731999999994,649.3109523809524
1751223600,649.5,649.63,648.59,648.91,,,639.2299499999999,647.3695999999994,649.3733333333333
1751227200,648.91,649.02,648.25,648.25,,,639.2703999999999,647.4397999999994,649.4166666666666
1751230800,648.25,649.27,647.28,649.05,,,639.3070999999999,647.5145999999994,649.462380952381
1751234400,649.05,655.71,648.91,654.46,,,639.3359499999999,647.5579999999994,649.4528571428572
1751238000,654.46,656.14,654.23,655.13,,,639.3746999999998,647.6239999999993,649.4233333333333
1751241600,655.13,657.2,654.38,654.81,,,639.4122999999998,647.7139999999994,649.4514285714286
1751245200,654.81,655.24,653.65,653.72,,,639.4527499999999,647.8157999999994,649.7761904761903
1751248800,653.73,655.52,653.72,654.12,,,639.4966499999998,647.8857999999993,650.0780952380951
1751252400,654.12,655.9,653.98,655.57,,,639.5286499999999,648.0455999999994,650.3580952380952
1751256000,655.57,656.79,654.38,655.08,,,639.5697499999999,648.2143999999994,650.5690476190475
1751259600,655.08,656.33,654.46,655.31,,,639.6310499999998,648.3789999999993,650.7738095238094
1751263200,655.31,655.52,652.65,653.6,,,639.7226999999998,648.5351999999993,651.0561904761904
1751266800,653.6,655.02,652.85,654.72,,,639.8135499999999,648.7049999999994,651.3242857142856
1751270400,654.72,655.33,653.15,653.65,,,639.9151999999999,648.8925999999993,651.5771428571428
1751274000,653.65,654.34,652.2,652.26,,,640.0202499999999,649.0849999999994,651.755238095238
1751277600,652.25,653.54,651.82,653.28,,,640.1320999999999,649.2963999999994,651.9657142857143
1751281200,653.27,654.64,653.16,654.31,,,640.25375,649.4619999999992,652.0766666666666
1751284800,654.31,654.8,653.34,653.63,,,640.3640499999999,649.6553999999993,652.1490476190476
1751288400,653.63,655.4,652.92,653.12,,,640.5147499999999,649.7955999999992,652.2880952380951
1751292000,653.12,654.19,651.45,651.5,,,640.6441,649.8945999999993,652.5309523809523
1751295600,651.52,656.89,651.52,656.68,,,640.7721499999999,650.0433999999992,652.74
1751299200,656.68,658.93,655.42,658.51,,,640.8806999999999,650.1889999999993,652.9285714285713
1751302800,658.51,658.91,657.77,658.19,,,640.9947999999999,650.3233999999992,653.0466666666665
1751306400,658.19,658.85,657.05,657.69,,,641.1090999999999,650.4535999999993,653.3885714285714
1751310000,657.69,659.52,657.42,659.5,,,641.2324499999999,650.5531999999993,653.8457142857142
1751313600,659.5,660.06,658.8,658.97,,,641.3425999999998,650.7735999999992,654.3190476190475
1751317200,658.97,659.14,656.69,657.08,,,641.4397499999999,651.0125999999992,654.7304761904761
1751320800,657.08,658.13,656.79,657.33,,,641.5256999999998,651.2381999999992,654.9704761904761
1751324400,657.33,657.88,656.8,657.08,,,641.6451999999999,651.4697999999993,655.1533333333333
1751328000,657.08,659.32,656.94,658.31,,,641.7758999999999,651.7099999999992,655.2614285714285
1751331600,658.31,659.11,657.82,658.22,,,641.9256999999999,651.9445999999992,655.4333333333332
1751335200,658.23,659.04,656.86,657.09,,,642.0683499999999,652.1291999999992,655.5742857142856
1751338800,657.09,657.18,655.74,655.98,,,642.21305,652.3135999999992,655.7047619047619
1751342400,655.98,655.98,652.67,652.67,,,642.3638499999998,652.4843999999991,655.8542857142855
1751346000,652.67,653.34,651.76,652.53,,,642.5663499999998,652.6683999999991,655.9390476190475
1751349600,652.53,653.85,651.97,653.75,,,642.7818499999998,652.8553999999992,656.0523809523808
1751353200,653.75,654.59,652.68,654.1,,,643.0285499999999,653.0279999999992,655.9547619047618
1751356800,654.1,654.12,652.08,652.45,,,643.2734999999999,653.1947999999992,655.9014285714284
1751360400,652.45,653.39,652.43,653.09,,,643.5103999999999,653.2723999999992,655.9723809523808
1751364000,653.09,653.43,652.3,653.28,,,643.7571499999999,653.3443999999993,656.0114285714285
1751367600,653.28,653.32,651.77,652.39,,,644.0086499999999,653.4335999999993,655.922857142857
1751371200,652.4,652.78,650.99,651,,,644.2232999999999,653.5191999999993,655.8971428571427
1751374800,651,651.85,649.68,651.35,,,644.4513999999999,653.5753999999993,655.9047619047617
1751378400,651.35,652.51,646.36,647.36,,,644.6395999999999,653.6481999999993,655.9471428571427
1751382000,647.36,647.7,645.83,646.15,,,644.8299499999998,653.7137999999992,655.6766666666665
1751385600,646.15,647.14,645.93,646.36,,,645.0071999999998,653.7643999999993,655.3357142857141
1751389200,646.36,646.93,645.86,646.58,,,645.1693499999998,653.7783999999994,654.8199999999998
1751392800,646.59,646.6,644.76,645.16,,,645.3355999999999,653.7789999999993,654.270476190476
1751396400,645.16,646.89,644.98,645.86,,,645.4966499999998,653.7113999999993,653.6447619047616
1751400000,645.86,646.54,644.16,646.23,,,645.6445999999997,653.6271999999993,653.0547619047617
1751403600,646.23,647.6,645.38,646.69,,,645.7882999999998,653.5701999999993,652.4871428571425
1751407200,646.69,647.19,645.66,645.67,,,645.9068499999998,653.5169999999994,651.940952380952
1751410800,645.67,646.5,644.35,646.5,,,646.0173499999997,653.4369999999993,651.4242857142854
1751414400,646.5,646.71,645.56,645.66,,,646.1278999999998,653.3737999999993,650.870952380952
1751418000,645.66,647.92,644.06,647.28,,,646.2545999999999,653.3083999999993,650.2733333333329
1751421600,647.28,649,646.83,648.93,,,646.3860999999998,653.2639999999993,649.7690476190471
1751425200,648.93,650.14,648.44,649.7,,,646.5281999999997,653.2123999999994,649.2776190476186
1751428800,649.7,650.44,649.63,650.42,,,646.6583999999998,653.1613999999994,649.0209523809519
1751432400,650.42,650.98,649.98,650.81,,,646.7583999999997,652.9853999999995,648.8495238095234
1751436000,650.81,655.98,650.76,655.95,,,646.8787499999997,652.8283999999994,648.6566666666662
1751439600,655.95,657.63,654.65,657.46,,,646.9964999999997,652.7107999999994,648.4814285714281
1751443200,657.46,659.77,657.46,659.54,,,647.1223999999997,652.6303999999994,648.4033333333329
1751446800,659.54,659.77,658.14,658.44,,,647.2221499999997,652.5563999999994,648.5395238095234
1751450400,658.43,658.64,657.58,657.84,,,647.3173499999997,652.4611999999994,648.738571428571
1751454000,657.83,658.24,656.95,657.28,,,647.4161499999998,652.4785999999993,649.0790476190473
1751457600,657.28,657.37,655.5,656.39,,,647.5045499999998,652.5215999999994,649.433333333333
1751461200,656.39,658.49,656.39,658.08,,,647.5936499999997,652.6403999999993,649.7423809523806
1751464800,658.08,659.63,657.46,659.43,,,647.6650499999997,652.7147999999994,650.2147619047615
1751468400,659.43,662.1,658.94,661.76,,,647.7487999999997,652.7985999999994,650.7023809523807
1751472000,661.76,664.54,661.65,664.32,,,647.8512499999997,652.8989999999993,651.2604761904759
1751475600,664.32,664.77,662.71,663.24,,,647.9434499999998,652.9611999999994,651.8723809523806
1751479200,663.24,664.27,662.89,663.65,,,648.0389499999997,653.0365999999993,652.6628571428568
1751482800,663.65,664.02,662.72,663.99,,,648.1243999999997,653.1525999999993,653.5419047619043
1751486400,663.99,664.95,662.96,662.99,,,648.2029999999997,653.3253999999993,654.3519047619043
1751490000,662.99,663.2,661.96,662.2,,,648.2803999999998,653.5817999999992,655.1595238095234
1751493600,662.21,663.73,661.74,662.07,,,648.3701499999997,653.7129999999993,656.0319047619043
1751497200,662.07,662.3,659.37,659.85,,,648.4810999999997,653.8157999999993,656.8171428571425
1751500800,659.85,660.95,658.5,660.16,,,648.6052499999997,653.9317999999993,657.6047619047614
1751504400,660.16,661.42,659.62,661.07,,,648.7255499999997,654.0377999999993,658.3090476190472
1751508000,661.07,661.11,658.67,659.46,,,648.8563999999997,654.0917999999992,658.8290476190472
1751511600,659.46,660.27,658.8,659.66,,,648.9820499999997,654.1537999999993,659.3271428571425
1751515200,659.66,660.44,659.35,659.74,,,649.0959499999997,654.2091999999992,659.8342857142853
1751518800,659.74,662.83,659.65,661.03,,,649.2042499999998,654.2657999999992,660.24619047619
1751522400,661.04,661.88,660.55,661.51,,,649.3113499999997,654.3455999999992,660.4228571428567
1751526000,661.51,663.19,661.11,663.04,,,649.4105499999997,654.3685999999993,660.5314285714281
1751529600,663.04,663.22,661.5,661.74,,,649.4897499999997,654.3973999999993,660.6023809523806
1751533200,661.74,664.73,661.71,663.87,,,649.5773499999997,654.4503999999993,660.748571428571
1751536800,663.87,663.99,662.31,663.14,,,649.6603999999996,654.5513999999993,660.99619047619
1751540400,663.14,663.34,661.37,662.2,,,649.7448499999996,654.7281999999992,661.2085714285711
1751544000,662.2,664.19,659.11,661.05,,,649.8213499999997,654.9383999999992,661.5647619047616
1751547600,661.05,664.54,660.72,664.17,,,649.9074499999997,655.0981999999992,661.8057142857139
1751551200,664.17,664.67,661.13,662.76,,,649.9968499999997,655.2935999999993,661.9376190476187
1751554800,662.76,662.97,657.02,657.3,,,650.0923999999997,655.5073999999993,661.9038095238092
1751558400,657.3,659.65,657.3,658.76,,,650.1776499999997,655.6895999999994,661.8966666666663
1751562000,658.77,659.69,658.72,659.39,,,650.2709499999996,655.8449999999992,661.8738095238091
1751565600,659.39,660.8,659.03,660.79,,,650.3610999999997,656.0805999999992,661.5714285714282
1751569200,660.79,662.18,660.79,661.85,,,650.4304499999997,656.3157999999993,661.3223809523805
1751572800,661.85,662.71,661.83,662.06,,,650.5102499999997,656.4347999999994,661.1509523809519
1751576400,662.06,663.46,661.89,663.28,,,650.6105999999996,656.6627999999994,661.0838095238091
1751580000,663.28,664.75,663.1,663.98,,,650.6943999999997,656.9275999999994,661.0733333333329
1751583600,663.98,664.49,662.78,663.86,,,650.7539499999998,657.2161999999994,661.178571428571
1751587200,663.86,664.35,661.84,662.46,,,650.8241499999998,657.5215999999994,661.3271428571425
1751590800,662.46,663.74,662.09,662.19,,,650.9037499999998,657.8595999999993,661.4657142857138
1751594400,662.19,663.83,660.77,660.98,,,650.9766499999997,658.2079999999993,661.6752380952377
1751598000,660.98,662.98,660.42,662.25,,,651.0477499999997,658.5629999999993,661.8085714285711
1751601600,662.25,662.3,660.02,660.2,,,651.1232999999997,658.9063999999993,661.9252380952377
1751605200,660.19,661.16,659.72,660.53,,,651.2027499999998,659.2421999999992,661.9228571428567
1751608800,660.53,660.53,658.22,658.41,,,651.2900499999997,659.5559999999991,661.9580952380949
1751612400,658.41,659.27,656.15,656.17,,,651.3951999999998,659.8623999999993,661.8228571428567
1751616000,656.17,658,654.93,657.97,,,651.4933499999997,660.1617999999992,661.7652380952377
1751619600,657.97,658.79,657.52,658,,,651.5782999999998,660.3871999999993,661.5052380952377
1751623200,658,659.36,657.53,659.35,,,651.6535499999998,660.6037999999992,661.173333333333
1751626800,659.35,660.07,659.3,659.82,,,651.7259999999999,660.7635999999993,660.9719047619044
1751630400,659.82,660.3,658.51,658.94,,,651.7883999999999,660.8707999999992,660.8266666666663
1751634000,658.94,659.92,655.9,655.9,,,651.8545999999999,660.9111999999993,660.5971428571424
1751637600,655.91,656.25,653.21,655.72,,,651.9188999999999,660.9219999999993,660.4571428571425
1751641200,655.72,655.8,652.4,652.99,,,651.9680999999999,660.9181999999994,660.5352380952377
1751644800,653,653.23,650.44,652.28,,,652.0202499999999,660.9457999999993,660.3990476190472
1751648400,652.27,653.6,652.07,653.56,,,652.0686999999999,660.9677999999992,660.2242857142853
1751652000,653.56,653.58,651.16,651.53,,,652.1182999999999,660.9401999999993,659.8528571428567
1751655600,651.53,652.68,650.94,651.69,,,652.1732999999999,660.9267999999992,659.3971428571425
1751659200,651.69,652.78,651.07,652.75,,,652.2284999999998,660.8249999999992,658.9923809523806
1751662800,652.73,653.06,652.21,653.05,,,652.2716499999998,660.6819999999992,658.4328571428568
1751666400,653.05,654.28,652.66,654.28,,,652.3209499999998,660.5179999999993,657.8476190476187
1751670000,654.28,654.3,653.24,653.79,,,652.3469499999999,660.2621999999993,657.3185714285711
1751673600,653.77,654.98,653.58,654.89,,,652.3661999999999,660.0311999999992,656.8704761904759
1751677200,654.89,654.9,654.17,654.84,,,652.4016499999999,659.8131999999994,656.4938095238091
1751680800,654.84,655.02,653.01,654.89,,,652.4290499999998,659.5943999999993,656.1514285714281
1751684400,654.89,656.25,654.85,656.1,,,652.4633999999999,659.4201999999993,655.800952380952
1751688000,656.1,656.27,655.07,655.5,,,652.5083999999999,659.2519999999993,655.5457142857139
1751691600,655.5,656.89,655.31,655.89,,,652.5607499999999,659.1083999999993,655.2771428571425
1751695200,655.89,656.67,655.26,656.16,,,652.6079999999998,659.0081999999993,655.1671428571425
1751698800,656.16,656.32,654.47,654.61,,,652.6503499999999,658.9027999999993,655.1352380952378
1751702400,654.61,655.63,654.07,654.47,,,652.6915999999999,658.8033999999992,655.0361904761901
1751706000,654.47,655.7,654.17,655.45,,,652.7383499999999,658.7241999999992,654.948571428571
1751709600,655.45,655.61,654.91,655.11,,,652.7835999999999,658.6487999999994,654.7228571428566
1751713200,655.11,656.06,655.1,655.54,,,652.8366499999998,658.5771999999993,654.4680952380947
1751716800,655.54,655.66,654.51,655.33,,,652.8880999999999,658.4487999999993,654.3019047619042
1751720400,655.33,655.71,654.87,654.9,,,652.9424499999999,658.3079999999993,654.2642857142852
1751724000,654.9,655.37,654.45,655.17,,,653.0082499999999,658.1561999999993,654.2557142857138
1751727600,655.17,655.4,654.28,654.47,,,653.0680499999999,658.0235999999993,654.3671428571423
1751731200,654.47,654.99,652.78,653.86,,,653.1363499999999,657.8569999999994,654.4919047619043
1751734800,653.86,654.26,652.17,653.77,,,653.1920999999999,657.7007999999994,654.568571428571
1751738400,653.77,653.77,652.49,652.77,,,653.2417499999999,657.5547999999994,654.708571428571
1751742000,652.77,654.29,652.18,654.24,,,653.2889999999999,657.4371999999993,654.8119047619043
1751745600,654.24,655.02,654,655.01,,,653.3357499999998,657.2431999999993,654.8604761904758
1751749200,655.01,655.98,654.57,655.92,,,653.3860499999998,657.0651999999993,654.8471428571423
1751752800,655.92,656.39,655.4,656.38,,,653.4281499999998,656.9945999999993,654.8452380952376
1751756400,656.38,656.57,655.95,656.28,,,653.4810499999999,656.8747999999993,654.903333333333
1751760000,656.28,656.83,656.11,656.77,,,653.5253999999999,656.7717999999993,654.9523809523805
1751763600,656.77,656.77,655.76,655.93,,,653.5687999999999,656.6561999999992,655.0257142857138
1751767200,655.94,656.27,654.94,654.94,,,653.6073499999999,656.5375999999992,655.0919047619043
1751770800,654.94,655.06,654.6,654.98,,,653.6499499999999,656.4239999999992,655.1238095238091
1751774400,654.98,655.54,653.95,654.07,,,653.7030499999998,656.2839999999992,655.1442857142853
1751778000,654.07,654.37,653.74,654.24,,,653.7539999999999,656.1397999999992,655.0990476190473
1751781600,654.24,656.07,654.01,655.46,,,653.8087999999999,655.9811999999993,655.0428571428567
1751785200,655.46,655.58,654.83,654.9,,,653.8559499999999,655.8307999999993,655.0171428571425
1751788800,654.9,655.2,653.68,654.93,,,653.9087999999999,655.6865999999993,655.0061904761902
1751792400,654.93,654.98,654.12,654.13,,,653.9664,655.5483999999992,655.0066666666664
1751796000,654.13,655.06,654.03,654.88,,,654.0253,655.3881999999993,654.9966666666663
1751799600,654.88,656.65,654.69,656.62,,,654.07245,655.2933999999993,654.9676190476187
1751803200,656.62,657.55,655.81,657.54,,,654.11045,655.1807999999993,654.9104761904758
1751806800,657.54,662.15,657.48,661.58,,,654.1482000000001,655.1111999999993,654.9095238095235
1751810400,661.58,662.75,659.84,661.32,,,654.1926000000001,655.0703999999994,654.9785714285711
1751814000,661.3,663.66,661.3,663.01,,,654.2375500000002,655.0085999999993,655.1247619047615
1751817600,663.01,663.52,662.67,663.52,,,654.2840500000001,654.9809999999993,655.4923809523806
1751821200,663.52,663.81,662.75,663.03,,,654.32375,654.9447999999993,655.8519047619044
1751824800,663.03,663.53,661.4,662.4,,,654.37085,654.9799999999992,656.3395238095234
1751828400,662.4,663.75,662.36,663.21,,,654.43025,655.0275999999993,656.7814285714283
1751832000,663.21,663.78,661.14,661.15,,,654.49135,655.1697999999992,657.163333333333
1751835600,661.16,665.06,661.15,662.91,,,654.5740000000001,655.3257999999992,657.4719047619044
1751839200,662.91,664.89,662.91,663.9,,,654.6474,655.5265999999993,657.7971428571426
1751842800,663.9,664.01,662.18,663.28,,,654.7258999999999,655.7289999999992,658.0290476190473
1751846400,663.28,663.33,661.15,661.4,,,654.8142999999999,655.9219999999992,658.3214285714282
1751850000,661.4,661.7,660.42,661.22,,,654.8942999999999,656.1143999999993,658.700952380952
1751853600,661.22,663.21,661.21,661.94,,,654.9717499999999,656.3387999999993,659.0980952380949
1751857200,661.94,663.19,660.85,660.93,,,655.05475,656.5617999999992,659.4038095238092
1751860800,660.93,661.5,660.69,661.23,,,655.1279,656.7663999999993,659.7442857142854
1751864400,661.23,661.65,661.02,661.33,,,655.2141499999999,656.9087999999991,660.1109523809521
1751868000,661.33,662.02,661.04,661.37,,,655.30085,657.0573999999993,660.3714285714283
1751871600,661.37,662.83,660.91,662.83,,,655.3827,657.1983999999992,660.6728571428569
1751875200,662.82,663.37,662.01,663.36,,,655.4591499999999,657.3201999999993,660.9776190476188
1751878800,663.36,663.52,662.16,662.54,,,655.5278,657.4469999999992,661.3223809523807
1751882400,662.54,663.2,661.81,661.88,,,655.6013,657.5515999999993,661.7009523809521
1751886000,661.88,662.61,661.5,662.39,,,655.6667,657.6689999999992,662.0219047619046
1751889600,662.38,662.39,660.85,661.52,,,655.7323,657.8077999999992,662.2599999999998
1751893200,661.52,662.62,660.3,662.49,,,655.79625,657.9517999999993,662.2742857142855
1751896800,662.49,662.74,659.25,659.82,,,655.8575500000001,658.1103999999992,662.3252380952379
1751900400,659.82,660.74,658.91,659.07,,,655.92735,658.2585999999993,662.2542857142855
1751904000,659.07,659.49,656.91,657.42,,,656.00185,658.3973999999992,662.2052380952379
1751907600,657.42,659.74,656.91,659.13,,,656.07635,658.5255999999993,662.0523809523808
1751911200,659.13,660.9,658.49,660.89,,,656.1418000000001,658.6645999999992,661.8938095238092
1751914800,660.89,661.92,660.63,661.52,,,656.2091,658.7543999999991,661.618095238095
1751918400,661.52,661.52,658.99,659.29,,,656.27025,658.8377999999992,661.5219047619045
1751922000,659.29,660.54,658,660.22,,,656.3336,658.8827999999993,661.425714285714
1751925600,660.22,660.5,659.63,660.24,,,656.3845,658.9759999999992,661.3123809523806
1751929200,660.24,661.27,660.21,661.11,,,656.4326,659.1165999999992,661.1223809523806
1751932800,661.11,662.53,660.97,661.3,,,656.4697,659.2715999999991,661.0661904761901
1751936400,661.3,661.31,658.47,658.57,,,656.51605,659.4019999999992,661.0195238095234
1751940000,658.57,659.86,657.63,658.27,,,656.569,659.5215999999991,660.9799999999996
1751943600,658.27,659.87,658.14,659.75,,,656.6199999999999,659.6261999999992,660.9976190476186
1751947200,659.75,659.84,658.67,659.52,,,656.66275,659.7299999999992,660.870952380952
1751950800,659.52,660.12,658.81,659.49,,,656.7120499999999,659.8283999999992,660.7252380952377
1751954400,659.49,660.4,659.33,660.06,,,656.7671999999999,659.8741999999993,660.6480952380948
1751958000,660.06,660.49,659.46,659.84,,,656.8265499999999,659.9041999999993,660.4904761904758
1751961600,659.84,661.03,659.8,660.65,,,656.8872499999999,659.9805999999993,660.3061904761901
1751965200,660.65,661.41,660.15,660.35,,,656.9349999999998,660.0721999999993,660.1880952380949
1751968800,660.35,661.04,659.29,660.03,,,656.9788499999999,660.1623999999994,660.090952380952
1751972400,660.04,661.57,660.03,661.19,,,657.0330499999998,660.2821999999993,660.0080952380948
1751976000,661.19,661.54,660.08,661.24,,,657.0893999999998,660.3941999999993,659.9523809523806
1751979600,661.24,661.88,660.14,661.64,,,657.1415999999999,660.4979999999993,659.8352380952377
1751983200,661.64,661.64,658.18,658.39,,,657.1696,660.6069999999994,659.9004761904757
1751986800,658.39,659.43,657.72,658.22,,,657.1931499999998,660.7089999999994,660.0038095238091
1751990400,658.22,659.65,657.43,658.72,,,657.2223499999999,660.8501999999993,660.2047619047614
1751994000,658.72,661.59,658.67,660.85,,,657.2554999999999,660.9773999999993,660.1695238095234
1751997600,660.85,661.84,660.84,661.8,,,657.28505,661.0777999999992,660.0423809523805
1752001200,661.79,662.02,660.38,660.99,,,657.3131499999998,661.0947999999994,659.9090476190472
1752004800,660.99,661.03,658.85,658.85,,,657.34395,661.0275999999993,659.983333333333
1752008400,658.85,659.9,657.74,659.85,,,657.3755999999998,660.9755999999994,660.0585714285711
1752012000,659.85,660.11,658.75,660.07,,,657.3995499999999,660.9323999999993,660.0942857142853
1752015600,660.07,660.8,659.58,660.6,,,657.4170499999999,660.8979999999993,659.9866666666663
1752019200,660.6,661.67,660.17,661.66,,,657.4423999999999,660.8571999999995,659.9176190476187
1752022800,661.66,662.41,660.26,660.79,,,657.4853499999999,660.7861999999993,659.9890476190473
1752026400,660.81,662.28,660.65,661.66,,,657.5279499999998,660.7189999999994,660.0999999999997
1752030000,661.66,661.96,660.98,661.73,,,657.5613499999998,660.6973999999993,660.190952380952
1752033600,661.73,662.19,661.4,662.19,,,657.5874499999998,660.6511999999993,660.2514285714283
1752037200,662.19,664.24,662.19,664.22,,,657.6210999999998,660.6063999999994,660.3547619047615
1752040800,664.22,664.68,663.22,663.7,,,657.6639499999999,660.5565999999994,660.4342857142854
1752044400,663.69,663.76,662.49,662.71,,,657.6835499999999,660.5617999999994,660.5461904761901
1752048000,662.71,663,661.04,661.06,,,657.6992999999998,660.5719999999994,660.71619047619
1752051600,661.06,661.06,660.07,660.29,,,657.7122999999998,660.5769999999994,660.8757142857139
1752055200,660.29,660.8,659.35,660.8,,,657.7321499999998,660.6427999999993,661.003333333333
1752058800,660.8,662.3,660.74,661.43,,,657.7432999999999,660.6921999999993,660.9971428571424
1752062400,661.43,662.71,660.82,662.29,,,657.7593999999999,660.7197999999994,660.9519047619043
1752066000,662.31,663.11,662.01,662.17,,,657.7950999999998,660.7135999999992,660.9119047619043
1752069600,662.17,663.56,660.37,661.96,,,657.8269499999998,660.6627999999993,661.0566666666663
1752073200,661.96,663.17,661.75,662.6,,,657.8550999999997,660.6115999999993,661.2504761904758
1752076800,662.6,663.56,662.58,662.92,,,657.8688499999996,660.5893999999993,661.4147619047615
1752080400,662.92,662.99,662.13,662.84,,,657.8791999999997,660.5975999999994,661.4676190476187
1752084000,662.84,665.72,662.53,665.06,,,657.8977499999997,660.5931999999993,661.5057142857138
1752087600,665.06,670.09,665.03,669.17,,,657.9249999999997,660.6019999999993,661.5976190476185
1752091200,669.17,671.52,666.57,666.57,,,657.9730999999998,660.6041999999993,661.7876190476186
1752094800,666.59,669.03,666.43,667.54,,,658.0212999999998,660.6661999999992,662.0357142857139
1752098400,667.54,670.63,667.53,670.26,,,658.0623499999997,660.7415999999993,662.4690476190472
1752102000,670.26,670.26,668.47,668.82,,,658.1048499999997,660.8943999999993,662.7533333333329
1752105600,668.82,670.74,668.7,670.11,,,658.1571999999998,661.0951999999993,663.033333333333
1752109200,670.12,670.17,668.37,669.61,,,658.2059499999997,661.2087999999993,663.4842857142853
1752112800,669.61,671.2,669.53,670.85,,,658.2648499999997,661.3291999999992,663.8252380952376
1752116400,670.85,671.65,670.17,670.67,,,658.3487499999997,661.5485999999993,664.2242857142852
1752120000,670.66,673.01,670.33,672.64,,,658.4265999999998,661.7205999999992,664.5776190476186
1752123600,672.64,673.4,672.43,673.27,,,658.5075499999998,661.9179999999993,664.8933333333329
1752127200,673.27,673.32,670.14,670.53,,,658.6220499999997,662.0879999999993,665.2252380952375
1752130800,670.53,672.47,670.42,671.84,,,658.7353999999998,662.2789999999992,665.6980952380948
1752134400,671.84,674.1,671.78,672.33,,,658.8541499999998,662.5209999999992,666.2795238095233
1752138000,672.33,673.06,671.11,671.41,,,658.9692999999997,662.8083999999992,666.7671428571424
1752141600,671.39,671.49,669.54,670.45,,,659.0977499999998,663.0787999999992,667.2928571428567
1752145200,670.45,671.12,669.86,670.13,,,659.2217999999998,663.2989999999992,667.8119047619043
1752148800,670.13,671.23,669.52,671.19,,,659.3538499999999,663.5459999999991,668.24619047619
1752152400,671.19,672.01,670.02,670.25,,,659.4867499999997,663.7913999999993,668.6404761904757
1752156000,670.25,670.64,668.21,669.74,,,659.6110499999999,664.0227999999993,669.0295238095233
1752159600,669.74,669.74,667.48,668.45,,,659.7377499999998,664.2187999999993,669.438571428571
1752163200,668.45,672.56,668.1,672.25,,,659.8710999999998,664.4143999999993,669.7876190476186
1752166800,672.26,675.72,671.51,675.55,,,659.9917499999999,664.6375999999992,670.11619047619
1752170400,675.55,677.3,673.69,675.78,,,660.0993499999998,664.8187999999992,670.2776190476186
1752174000,675.78,679.12,675.78,676.14,,,660.2014999999998,664.9887999999992,670.4242857142852
1752177600,676.14,677.38,675.85,676.65,,,660.3053499999997,665.1249999999993,670.8519047619043
1752181200,676.65,686.83,676.27,684.87,,,660.4025499999998,665.4021999999991,671.2442857142853
1752184800,684.87,687.87,684.48,687.23,,,660.4714999999998,665.7487999999992,671.5242857142853
1752188400,687.23,687.61,683.93,685.99,,,660.5264499999997,666.0899999999991,671.8971428571424
1752192000,686,689.9,683.88,687.98,,,660.5899999999998,666.3957999999991,672.5999999999996
1752195600,687.98,691.4,687.65,689.34,,,660.6755499999998,666.6927999999991,673.4390476190472
1752199200,689.34,690.75,688.13,690.24,,,660.7652499999998,667.1703999999991,674.1599999999996
1752202800,690.24,691.23,689.34,689.57,,,660.8595499999999,667.7379999999991,674.9842857142852
1752206400,689.57,689.61,687.63,689.43,,,660.9608499999998,668.2607999999991,675.7795238095233
1752210000,689.43,695.07,689.42,693.34,,,661.0947999999999,668.8189999999992,676.5876190476185
1752213600,693.34,694.87,688,688.16,,,661.2337999999999,669.3937999999991,677.4942857142853
1752217200,688.16,688.23,684.86,685,,,661.3549499999998,669.9653999999992,678.3319047619043
1752220800,685,688.22,684.74,688.16,,,661.4732499999998,670.5409999999991,679.3323809523804
1752224400,688.14,690.79,687.93,689.33,,,661.6037499999999,671.0963999999991,680.1299999999994
1752228000,689.33,690.04,688.76,689.44,,,661.7366999999998,671.7285999999991,680.8228571428566
1752231600,689.44,689.84,687.51,688.41,,,661.8645999999999,672.2479999999991,681.681428571428
1752235200,688.41,689.83,687.59,689.78,,,661.9967999999998,672.6635999999993,682.5452380952377
1752238800,689.77,691.41,688.49,690.88,,,662.1524999999998,673.1527999999993,683.4590476190472
1752242400,690.88,694.3,689.86,692.21,,,662.2829499999998,673.6851999999992,684.3480952380947
1752246000,692.21,693.12,686.44,687.26,,,662.4086999999998,674.2527999999993,685.363809523809
1752249600,687.27,694.04,686.27,694.04,,,662.5486999999998,674.8151999999993,686.2509523809518
1752253200,694.03,696.36,693.5,695.59,,,662.6899999999998,675.3947999999992,687.0442857142853
1752256800,695.59,697.25,695.02,695.96,,,662.8399,675.9837999999993,687.590952380952
1752260400,695.96,696.04,692.92,693.97,,,662.9836499999998,676.5821999999993,688.4433333333328
1752264000,693.97,694.25,691.15,691.29,,,663.1338499999998,677.0839999999993,689.3452380952376
1752267600,691.29,692.17,687.02,688.86,,,663.2830999999999,677.7255999999993,689.8733333333328
1752271200,688.86,689.47,682.93,686.24,,,663.4365999999999,678.3853999999993,690.1942857142852
1752274800,686.24,690.05,686.16,690.04,,,663.5576999999998,679.0461999999992,690.4466666666661
1752278400,690.04,692.25,688.33,691.83,,,663.7191999999999,679.6687999999994,690.4885714285709
1752282000,691.83,695.07,691.83,694.04,,,663.8777999999999,680.1933999999992,690.3409523809519
1752285600,694.05,694.98,693.14,693.23,,,664.0418999999998,680.5871999999993,690.3314285714281
1752289200,693.23,695.57,693.22,695.4,,,664.20075,680.9805999999993,690.4390476190472
1752292800,695.4,697.22,691.94,692.29,,,664.3519499999999,681.4305999999992,690.658571428571
1752296400,692.29,692.94,690.44,692.5,,,664.4753999999999,681.8619999999993,690.6533333333329
1752300000,692.5,695.06,691.42,694.14,,,664.5928,682.3663999999993,690.9980952380947
1752303600,694.14,694.72,691.61,694.55,,,664.7565,682.8287999999993,691.3452380952376
1752307200,694.55,694.68,691.6,692.2,,,664.92185,683.3445999999993,691.5519047619042
1752310800,692.2,694.2,691.68,694.14,,,665.0951,683.7733999999994,691.7809523809519
1752314400,694.14,694.45,693.45,694.13,,,665.2573,684.2099999999995,692.0242857142853
1752318000,694.13,694.2,691.9,692.09,,,665.4250499999999,684.6399999999994,692.2047619047614
1752321600,692.09,692.26,685.51,688.18,,,665.5762,685.0655999999994,692.4123809523805
1752325200,688.18,688.33,684.06,687.11,,,665.7222999999999,685.4989999999993,692.5671428571424
1752328800,687.13,687.88,685.42,685.44,,,665.8731,685.9449999999994,692.5614285714281
1752332400,685.44,685.65,679.91,681.41,,,666.02655,686.3809999999993,692.6052380952376
1752336000,681.4,685.26,680.28,684.14,,,666.1752500000001,686.7945999999994,692.2752380952377
1752339600,684.15,686.74,684.11,686.64,,,666.335,687.1491999999994,691.7919047619043
1752343200,686.64,686.8,684.86,686.19,,,666.5007499999999,687.4887999999995,691.0990476190472
1752346800,686.19,686.21,684.05,684.77,,,666.64995,687.7737999999995,690.630952380952
1752350400,684.77,684.82,681.17,681.18,,,666.78985,687.9969999999994,690.4095238095234
1752354000,681.18,684.27,680.67,684.27,,,666.92275,688.2849999999994,690.2823809523805
1752357600,684.27,685.25,682.55,685.25,,,667.0578999999999,688.6487999999995,690.2123809523806
1752361200,685.25,686.53,684.6,686.09,,,667.1841000000001,688.9275999999994,689.7904761904758
1752364800,686.09,687.58,685.36,687.25,,,667.31495,689.1119999999994,689.4304761904757
1752368400,687.25,687.76,686.38,687.56,,,667.45815,689.2199999999995,689.0119047619044
1752372000,687.56,687.94,685.85,687.73,,,667.5923499999999,689.3825999999993,688.6719047619043
1752375600,687.72,687.83,686.66,687.07,,,667.7171,689.5545999999995,688.2838095238092
1752379200,687.07,687.81,686.94,687.77,,,667.8282999999999,689.5789999999994,688.058571428571
1752382800,687.77,688.93,687.62,688.46,,,667.9701499999999,689.5793999999994,687.8314285714281
1752386400,688.46,690.3,688.27,689.27,,,668.1178,689.6107999999992,687.4947619047614
1752390000,689.27,690.25,688.6,690.23,,,668.2832999999998,689.6057999999992,687.1719047619042
1752393600,690.22,690.82,689.69,690.15,,,668.4581499999999,689.5603999999994,686.9938095238091
1752397200,690.15,690.36,688.27,688.84,,,668.62815,689.5109999999995,686.7619047619042
1752400800,688.84,690.69,688.84,690.18,,,668.8091499999999,689.4887999999995,686.5761904761899
1752404400,690.18,691.43,689.84,691.34,,,668.98605,689.4855999999994,686.483809523809
1752408000,691.34,693.12,691.33,692.1,,,669.16115,689.4233999999993,686.5152380952377
1752411600,692.1,692.71,691.17,692.31,,,669.3382,689.4631999999995,686.6614285714281
1752415200,692.31,694.24,691.17,692.04,,,669.51315,689.5399999999995,686.9423809523805
1752418800,692.04,693.7,690.07,691.43,,,669.6953500000001,689.5803999999995,687.451428571428
1752422400,691.43,692.38,688.76,689,,,669.87165,689.6205999999994,687.8404761904758
1752426000,689.01,691.13,688.38,690.78,,,670.0416500000001,689.6737999999995,688.0976190476185
1752429600,690.78,692.2,690.26,692.03,,,670.2180999999999,689.7517999999993,688.3471428571423
1752433200,692.03,693.7,691.67,691.86,,,670.3943,689.7969999999993,688.548571428571
1752436800,691.86,693.39,691.05,692.72,,,670.5772999999999,689.8079999999993,689.0057142857139
1752440400,692.72,693.17,688.99,691.7,,,670.7594,689.7437999999993,689.3752380952376
1752444000,691.7,692.6,689.64,690.55,,,670.9388,689.8141999999993,689.6899999999996
1752447600,690.56,692.6,690.26,692.23,,,671.1229000000001,689.7739999999993,690.0057142857139
1752451200,692.23,694.3,690.84,691.42,,,671.29555,689.6993999999993,690.2176190476187
1752454800,691.42,691.97,690.22,690.41,,,671.4722,689.6345999999993,690.3599999999997
1752458400,690.41,693.8,690.22,692.85,,,671.6568000000001,689.5891999999992,690.5742857142853
1752462000,692.85,699.1,692.61,697.53,,,671.8384000000001,689.5743999999993,690.7814285714281
1752465600,697.53,699.79,697.11,699.55,,,672.02535,689.6417999999992,690.9071428571425
1752469200,699.55,703.35,693.9,697.64,,,672.20935,689.7453999999992,691.11619047619
1752472800,697.64,699.02,696.21,697.49,,,672.38625,689.7527999999993,691.5095238095234
1752476400,697.49,707.67,697.49,706.67,,,672.57505,689.7731999999993,691.9533333333329
1752480000,706.67,706.89,703.26,704.82,,,672.7628500000001,689.8429999999992,692.3099999999996
1752483600,704.82,706.31,704.11,704.61,,,672.94605,689.9693999999993,692.7219047619043
1752487200,704.64,706.29,701.16,705.87,,,673.1464500000001,690.0141999999993,693.5071428571424
1752490800,705.87,705.89,703.1,704.75,,,673.3629000000001,690.1181999999993,694.1490476190472
1752494400,704.75,705.41,703.41,704.27,,,673.5856,690.4015999999995,694.7447619047615
1752498000,704.26,704.68,701.32,703.66,,,673.7941999999999,690.6151999999995,695.3904761904757
1752501600,703.66,704.62,696.84,698.97,,,673.9997500000001,690.8163999999994,695.9957142857139
1752505200,698.97,699.07,690.73,692.89,,,674.2517,691.0897999999994,696.6071428571424
1752508800,692.89,694.46,690.2,693.66,,,674.4919500000001,691.3019999999993,697.3052380952377
1752512400,693.66,694.14,691.51,692.47,,,674.73535,691.5047999999994,697.6952380952376
1752516000,692.46,692.99,689.52,689.53,,,674.99,691.7361999999995,697.7361904761901
1752519600,689.53,691.42,688.18,690.1,,,675.2388500000001,691.9519999999995,697.8219047619043
1752523200,690.1,691.98,686.35,691.24,,,675.48985,692.0675999999995,697.8099999999995
1752526800,691.23,692.52,690.33,692.01,,,675.73695,692.2319999999995,697.7066666666661
1752530400,692.01,692.02,690.2,691.18,,,675.9544999999999,692.4531999999995,697.6852380952375
1752534000,691.18,691.55,689.07,689.4,,,676.1444499999999,692.5609999999995,697.6380952380947
1752537600,689.4,691.12,686.89,687.6,,,676.3380999999999,692.6301999999995,697.6661904761899
1752541200,687.61,688.88,683.75,685.83,,,676.5297999999999,692.7311999999995,697.7028571428566
1752544800,685.83,687.06,681.16,683.32,,,676.70305,692.8759999999996,697.5385714285708
1752548400,683.32,683.38,675.52,679.82,,,676.87045,693.0759999999995,697.0657142857136
1752552000,679.82,682.92,676.92,682.73,,,677.0389499999999,693.1785999999996,696.4123809523802
1752555600,682.74,683.73,680.91,681.73,,,677.1911,693.2255999999995,695.7304761904755
1752559200,681.73,682.55,680.78,682.26,,,677.3403999999999,693.2203999999995,694.8890476190469
1752562800,682.26,682.75,679.33,679.36,,,677.47235,693.1417999999996,693.749047619047
1752566400,679.36,681.02,677.88,679.39,,,677.5927499999999,692.9869999999995,692.6495238095232
1752570000,679.39,680.42,676.61,676.71,,,677.7067499999998,692.8869999999997,691.5852380952375
1752573600,676.71,679.98,676.53,679.38,,,677.81135,692.7801999999996,690.3228571428566
1752577200,679.38,680.91,677.35,680.68,,,677.8943999999999,692.6699999999996,689.1152380952376
1752580800,680.69,683.16,677.89,681.62,,,678.0022999999998,692.4879999999996,687.8028571428566
1752584400,681.62,686.7,681.48,685.68,,,678.0963999999999,692.2903999999996,686.6466666666661
1752588000,685.68,687.78,677.08,678.49,,,678.1881999999999,692.0199999999998,685.7757142857137
1752591600,678.49,684.26,677.66,683.25,,,678.2685999999999,691.8045999999996,685.2390476190469
1752595200,683.25,686.05,682.86,684.79,,,678.3585499999999,691.6413999999997,684.859047619047
1752598800,684.79,688.29,683.62,688.17,,,678.4359999999999,691.4701999999996,684.1933333333328
1752602400,688.17,688.71,683.5,685.73,,,678.5232,691.3569999999996,683.8942857142852
1752606000,685.71,688.1,683.61,684.67,,,678.62195,691.0847999999996,683.6414285714282
1752609600,684.68,686.45,683.71,685.03,,,678.7238999999998,690.9035999999998,683.4952380952376
1752613200,685.04,689.35,684.86,689.3,,,678.8456499999999,690.7585999999997,683.1961904761899
1752616800,689.3,691.08,687.84,691.06,,,678.9312499999999,690.6933999999997,682.88619047619
1752620400,691.06,693.19,689.72,690.05,,,679.0333499999999,690.6279999999996,682.6780952380948
1752624000,690.05,693.55,688.35,692.79,,,679.1404999999999,690.5057999999996,682.7590476190471
1752627600,692.79,692.79,689.85,690.45,,,679.2686499999999,690.3657999999996,683.0080952380946
1752631200,690.45,690.7,685.97,687.62,,,679.3879,690.3145999999996,683.3285714285709
1752634800,687.62,688.66,686.7,687.9,,,679.4993,690.2813999999995,683.9461904761898
1752638400,687.9,688.13,685.23,687.21,,,679.61685,690.2483999999995,684.3138095238089
1752642000,687.21,689.68,687.12,689.06,,,679.7509,690.2931999999996,684.5942857142851
1752645600,689.05,691.07,688.07,691.03,,,679.9070999999999,690.2575999999997,684.8628571428565
1752649200,691.03,693.75,690.04,692.06,,,680.062,690.1815999999995,685.236666666666
1752652800,692.06,693.55,690.79,693.1,,,680.23885,690.1313999999995,685.6971428571422
1752656400,693.1,695.43,692.87,694.88,,,680.39545,690.0185999999995,686.379047619047
1752660000,694.88,694.97,693.13,693.36,,,680.5291000000001,689.8491999999995,686.9828571428565
1752663600,693.36,694.73,691.92,694.34,,,680.661,689.6787999999995,687.5742857142851
1752667200,694.34,695.8,692.72,692.85,,,680.8006,689.5671999999994,688.2057142857137
1752670800,692.85,693.94,690.96,692.75,,,680.9448,689.4793999999995,688.5714285714281
1752674400,692.75,703.5,691.97,703.29,,,681.0987499999999,689.2435999999994,689.3261904761899
1752678000,703.29,706.25,696.88,700.26,,,681.2534999999999,689.0143999999995,689.7833333333326
1752681600,700.26,702.13,698.9,701.02,,,681.4124999999999,688.8089999999995,690.1623809523803
1752685200,701.01,706.12,700.09,705.8,,,681.59405,688.5485999999994,690.8823809523803
1752688800,705.8,710.93,705.59,707.55,,,681.7695,688.3085999999994,691.5742857142851
1752692400,707.55,709.32,705,706.82,,,681.94245,688.2889999999993,692.3528571428566
1752696000,706.82,713.61,706.81,712.82,,,682.1090999999999,688.2209999999993,693.3419047619042
1752699600,712.82,715.44,711.22,712.52,,,682.2754,688.2619999999994,694.2109523809517
1752703200,712.52,714.93,709.46,710.67,,,682.49155,688.5201999999995,694.9614285714279
1752706800,710.67,711.34,706.43,708.56,,,682.69365,688.7979999999993,696.0457142857136
1752710400,708.56,718.13,708.56,717.49,,,682.8955000000001,689.0849999999995,696.9852380952374
1752714000,717.49,720.65,708.38,714.42,,,683.12275,689.5507999999994,697.9480952380945
1752717600,714.42,723.52,712.68,718.56,,,683.36035,689.9991999999994,698.9452380952374
1752721200,718.6,719,708.28,710,,,683.5885,690.3877999999994,700.354285714285
1752724800,710,711.6,708.48,711.6,,,683.8464,690.7187999999994,701.6499999999993
1752728400,711.6,713.34,707.52,713.05,,,684.1008,691.2449999999993,703.0547619047613
1752732000,713.06,723.3,710.49,721.31,,,684.3622,691.7453999999993,703.9580952380945
1752735600,721.31,721.71,715.87,721.29,,,684.6139,692.3645999999993,704.8885714285708
1752739200,721.29,721.67,714.52,718.25,,,684.90775,692.8479999999995,705.8385714285708
1752742800,718.25,721.99,714.73,720.95,,,685.1756,693.4135999999994,707.0971428571423
1752746400,720.95,721.09,715.4,716.3,,,685.4594000000001,694.0781999999994,708.4271428571423
1752750000,716.3,719.92,715.76,717.97,,,685.70445,694.8497999999994,709.5657142857137
1752753600,717.97,719.89,714.34,719.5,,,685.9681999999999,695.6409999999993,710.903809523809
1752757200,719.5,722.65,712.4,720.42,,,686.2342,696.3607999999992,712.0252380952376
1752760800,720.43,728.04,720.37,724.84,,,686.5404,697.1925999999994,712.7242857142852
1752764400,724.83,726.44,721.27,721.79,,,686.84385,697.9307999999994,713.6404761904756
1752768000,721.79,722.26,714.16,716.04,,,687.1268000000001,698.7559999999995,714.5642857142851
1752771600,716.05,719.79,714.28,719.3,,,687.4276,699.5583999999994,715.4709523809519
1752775200,719.3,720.79,717.64,720.52,,,687.7008000000001,700.3531999999994,716.1490476190471
1752778800,720.52,720.86,715.61,715.84,,,687.982,701.2175999999995,716.5880952380946
1752782400,715.84,716.53,711.63,716.17,,,688.26855,701.9397999999995,716.8966666666661
1752786000,716.14,724,716.14,723.45,,,688.5495500000001,702.6907999999996,717.2776190476185
1752789600,723.45,725.76,722.48,723.63,,,688.85525,703.4117999999996,717.523809523809
1752793200,723.63,725.15,720.5,720.97,,,689.1506499999999,704.1263999999995,717.8861904761899
1752796800,720.97,728.74,720.33,728.74,,,689.4255499999999,704.6797999999995,718.1699999999994
1752800400,728.74,733.5,728.37,733.08,,,689.7206,705.2885999999994,718.6085714285707
1752804000,733.1,733.14,727.54,732.26,,,690.0192,706.0641999999996,718.7233333333327
1752807600,732.26,736.9,731.48,736.85,,,690.29125,706.8361999999995,719.6157142857136
1752811200,736.85,744.19,734.06,743.99,,,690.56065,707.4695999999994,720.6385714285707
1752814800,743.99,748.78,741.49,748.42,,,690.8670500000001,708.2231999999995,721.5533333333326
1752818400,748.43,748.75,745.25,745.84,,,691.1754000000001,709.0837999999997,722.2933333333326
1752822000,745.84,747.53,740.33,740.67,,,691.46725,709.8731999999997,723.3742857142851
1752825600,740.67,742.5,735.03,736.42,,,691.79635,710.8011999999995,724.8109523809517
1752829200,736.4,739.88,733.76,739.39,,,692.14755,711.9285999999994,725.9961904761898
1752832800,739.39,740.27,735.3,739.82,,,692.4835499999999,713.1389999999993,727.1566666666661
1752836400,739.82,740.08,733.61,737.35,,,692.82195,714.3115999999994,728.0352380952374
1752840000,737.35,750.37,737.32,750.29,,,693.2090499999999,715.3437999999993,728.9823809523803
1752843600,750.29,765.5,749.96,756.87,,,693.6134500000001,716.2515999999995,729.9061904761899
1752847200,756.87,759.68,739.97,747.93,,,693.9913500000001,717.1981999999995,730.5019047619041
1752850800,747.93,747.93,731.92,738.31,,,694.3506000000001,718.1325999999993,731.8590476190469
1752854400,738.31,745.07,736.29,743.91,,,694.6821500000001,718.9819999999994,733.8033333333327
1752858000,743.91,748.69,738.6,741.58,,,695.0310499999999,720.1205999999994,735.1666666666661
1752861600,741.58,741.77,735.89,736.07,,,695.3759,721.3711999999994,736.0138095238088
1752865200,736.06,736.39,729.82,732.21,,,695.7093,722.4727999999994,737.3504761904755
1752868800,732.21,732.97,719.31,726.06,,,696.09755,723.3839999999996,738.5604761904756
1752872400,726.08,735.11,725.24,733.39,,,696.51555,724.1963999999994,739.1614285714279
1752876000,733.39,734.51,728.56,732,,,696.90255,725.0227999999995,739.5699999999994
1752879600,731.99,732.2,724.31,730.41,,,697.2349,725.7237999999994,739.8123809523802
1752883200,730.41,731.87,722.75,722.79,,,697.5928,726.2519999999995,740.0338095238088
1752886800,722.79,728.16,719.34,726.5,,,697.94365,726.6221999999996,739.9823809523803
1752890400,726.49,731.23,723.49,730.53,,,698.2717500000002,727.1535999999995,739.894285714285
1752894000,730.53,735.53,730.21,735.34,,,698.5821500000001,727.5371999999995,739.2247619047613
1752897600,735.34,739.73,734.93,737.55,,,698.8565,727.8949999999995,738.3919047619041
1752901200,737.55,737.74,734.51,735.22,,,699.1722,728.1373999999996,737.5399999999993
1752904800,735.22,735.87,732.32,732.46,,,699.4835,728.4961999999997,737.0399999999993
1752908400,732.46,734.92,732.11,732.88,,,699.7933,728.7569999999995,736.8914285714279
1752912000,732.88,733.69,728.73,731.1,,,700.046,729.1753999999996,736.834285714285
1752915600,731.1,735.38,730.54,733.18,,,700.3007500000001,729.5551999999996,736.5042857142851
1752919200,733.18,738.7,731.46,736.36,,,700.5745000000002,730.0595999999996,736.1738095238089
1752922800,736.36,738.74,733.67,737.2,,,700.8705,730.4767999999997,735.8761904761899
1752926400,737.2,742.38,736.26,742.37,,,701.175,730.8733999999997,735.061428571428
1752930000,742.36,742.9,734.9,736.3,,,701.4267500000001,731.0691999999998,734.0847619047613
1752933600,736.3,736.59,728.84,729.29,,,701.6528999999999,731.3069999999997,733.5738095238089
1752937200,729.28,732.59,727.9,731.3,,,701.88735,731.6691999999997,733.7671428571422
1752940800,731.3,733.64,728.86,732.59,,,702.10295,731.9941999999996,733.4047619047612
1752944400,732.59,732.67,728.56,729.54,,,702.32215,732.5155999999998,732.8195238095232
1752948000,729.54,732.59,729.14,730.94,,,702.5527500000001,732.8821999999999,732.5923809523804
1752951600,730.94,735.49,729.07,734.91,,,702.7909000000001,733.0779999999997,732.6104761904755
1752955200,734.91,736.19,733.34,733.34,,,703.0556,733.2955999999998,732.7761904761899
1752958800,733.34,733.78,725.66,730.84,,,703.2704000000001,733.4505999999998,732.6595238095232
1752962400,730.84,732.98,729.53,732.98,,,703.4760500000001,733.6055999999996,732.7980952380947
1752966000,732.98,733.96,731.51,733.68,,,703.7075500000001,733.9035999999998,732.9376190476185
1752969600,733.68,734.57,731.87,734.46,,,703.9297,734.2157999999997,733.3209523809518
1752973200,734.45,741.75,734.45,738.97,,,704.1307500000001,734.4721999999998,733.6295238095232
1752976800,738.97,742.13,737.91,742.05,,,704.3382500000001,734.7721999999999,733.7795238095232
1752980400,742.05,746.4,741.21,743.24,,,704.5707500000003,735.1083999999998,733.7376190476184
1752984000,743.23,744.43,741.51,742.15,,,704.7885500000001,735.3129999999998,733.8052380952374
1752987600,742.15,744.52,739.72,743.98,,,704.9883500000001,735.5296,734.1304761904755
1752991200,743.98,744.15,741.95,742.53,,,705.1922000000002,735.8895999999997,734.6438095238088
1752994800,742.53,745.88,742.08,745.02,,,705.4243000000002,736.1557999999998,735.0852380952374
1752998400,745.02,751.19,745,751.12,,,705.6264000000001,736.3589999999998,735.6985714285709
1753002000,751.12,751.13,747.64,749.3,,,705.8433,736.5567999999998,736.143809523809
1753005600,749.3,749.98,745.44,745.54,,,706.0737500000001,736.6993999999999,736.5561904761898
1753009200,745.54,750.48,745,749.03,,,706.3201000000001,736.6701999999999,737.219047619047
1753012800,749.03,749.27,746.31,747.81,,,706.5744000000002,736.6021999999998,737.5490476190471
1753016400,747.81,749.98,747.48,749.63,,,706.85,736.7077999999998,737.989047619047
1753020000,749.63,749.92,745.58,746.83,,,707.1314500000001,736.8803999999998,738.929047619047
1753023600,746.83,752.03,746.21,751.33,,,707.4063500000001,737.0627999999998,739.7152380952375
1753027200,751.33,756.62,751.08,755.35,,,707.7028,737.2555999999998,740.5266666666661
1753030800,755.35,755.41,747.46,747.8,,,707.9791,737.4153999999997,741.3499999999995
1753034400,747.8,750.29,746.35,750.01,,,708.2406500000001,737.6609999999997,742.3209523809518
1753038000,750.03,755.32,749.89,753.39,,,708.5088,737.5917999999998,743.2942857142851
1753041600,753.39,757.4,750.02,753.36,,,708.7864,737.4809999999998,743.9828571428565
1753045200,753.36,760.07,748.25,759.55,,,709.0720499999999,737.6293999999997,744.8957142857136
1753048800,759.55,761.36,745.65,755.78,,,709.3355,737.8191999999997,745.8676190476183
1753052400,755.78,760.7,753.22,757.25,,,709.6194,737.9411999999998,746.8047619047612
1753056000,757.25,758.47,746.48,756.03,,,709.93515,738.1773999999998,747.9995238095231
1753059600,756.04,756.1,747.33,750.88,,,710.2034500000002,738.5231999999997,748.7999999999993
1753063200,750.9,758.73,750.78,758.15,,,710.48285,739.0699999999997,749.5238095238087
1753066800,758.15,764.29,758,763.56,,,710.78935,739.6643999999998,750.1328571428563
1753070400,763.56,764.22,760.92,760.92,,,711.1152500000001,740.1415999999997,750.5485714285707
1753074000,760.92,762.3,759.71,762.06,,,711.4774500000001,740.6221999999999,751.2233333333324
1753077600,762.07,767.12,761.43,764.46,,,711.82915,741.0315999999999,752.2247619047611
1753081200,764.46,766.24,759.74,760.71,,,712.2083500000001,741.7387999999999,752.9819047619039
1753084800,760.72,764.77,760.39,764.09,,,712.5678000000001,742.4799999999999,753.5028571428563
1753088400,764.1,765.88,761.35,765.52,,,712.8890000000001,743.0877999999998,754.2247619047611
1753092000,765.52,776.71,763.19,776.69,,,713.2488000000002,743.6221999999999,754.947142857142
1753095600,776.71,778.78,768.28,769.39,,,713.6427500000002,744.1604,755.6642857142849
1753099200,769.37,773.41,766.24,772.71,,,714.0414500000003,744.6701999999998,756.5076190476183
1753102800,772.67,777.26,767.41,775.55,,,714.4304000000002,745.3027999999998,757.7961904761897
1753106400,775.55,782.05,773.61,779.05,,,714.8264500000004,745.9555999999997,758.8704761904754
1753110000,779.05,780.68,773.76,774.9,,,715.1995500000003,746.8673999999997,759.8885714285707
1753113600,774.9,775.51,761.36,764.59,,,715.5837500000002,747.5915999999997,760.8504761904754
1753117200,764.59,768.6,763.03,764.99,,,715.9735500000003,748.3185999999997,762.3385714285706
1753120800,765,768.07,758.92,759.75,,,716.4183500000004,749.0855999999999,763.5238095238086
1753124400,759.77,763.82,755.97,757.41,,,716.8299500000004,749.8191999999998,764.057142857142
1753128000,757.41,760.56,755.33,757.59,,,717.2546500000004,750.5911999999998,764.6109523809516
1753131600,757.59,763,756.02,762.23,,,717.6901000000005,751.2971999999997,764.6204761904753
1753135200,762.23,765.45,761.31,764.38,,,718.1390000000006,751.9709999999998,764.6980952380944
1753138800,764.38,767.69,762.94,766.55,,,718.5623500000005,752.5141999999997,764.714285714285
1753142400,766.54,770.07,763.68,764.09,,,718.9345500000006,753.0715999999998,765.0095238095231
1753146000,764.08,770.62,753.76,770.07,,,719.3153000000005,753.6045999999998,765.6523809523802
1753149600,770.08,772.25,764.74,766.6,,,719.6631500000007,754.1509999999997,766.0523809523802
1753153200,766.59,768.02,755.6,760.48,,,719.9935000000005,754.7717999999998,766.0776190476183
1753156800,760.48,761.95,745.5,745.59,,,720.3209500000006,755.4859999999998,766.5133333333326
1753160400,745.59,754.41,745.59,751.75,,,720.6705500000005,756.1081999999999,766.729523809523
1753164000,751.76,760.82,750.46,758.11,,,721.0322500000005,756.8359999999998,766.5399999999993
1753167600,758.11,764.23,756.87,757.98,,,721.4078500000005,757.4787999999998,765.8199999999991
1753171200,757.91,759.57,750.01,759.36,,,721.7833000000005,757.9089999999997,765.2323809523801
1753174800,759.36,762.21,755.11,760.8,,,722.1797500000005,757.9797999999998,764.879523809523
1753178400,760.8,762.81,757.21,762.7,,,722.5526000000006,758.1499999999999,763.9885714285706
1753182000,762.7,765.83,761.08,765.82,,,722.8957000000005,758.4691999999999,763.5109523809516
1753185600,765.82,766.66,763.78,764.1,,,723.1600500000005,758.7491999999999,762.9438095238087
1753189200,764.1,767.03,759.79,760.14,,,723.4603000000004,759.0857999999997,762.331904761904
1753192800,760.14,764.46,756.17,764.46,,,723.7981000000005,759.4013999999997,761.701904761904
1753196400,764.46,767.53,763.67,764.12,,,724.1268500000006,759.6329999999997,761.1876190476182
1753200000,764.12,771.98,763.97,768.94,,,724.4665500000004,759.9633999999996,760.9757142857134
1753203600,768.94,769.62,765.1,767.99,,,724.8185000000005,760.3345999999997,760.9504761904753
1753207200,767.99,775.89,767.61,774.33,,,725.1677500000005,760.5567999999996,761.1585714285706
1753210800,774.33,775.98,770.13,772.46,,,725.5092000000005,760.8897999999997,761.7076190476182
1753214400,772.46,778.68,772,777.7,,,725.8319500000005,761.1795999999996,762.2028571428564
1753218000,777.7,778.41,775.85,777,,,726.1444500000007,761.6217999999997,762.7790476190469
1753221600,777,778.31,775.05,777.58,,,726.4793000000006,761.9549999999997,763.1638095238088
1753225200,777.58,788.49,777.1,787.11,,,726.7665500000007,762.3345999999998,763.6947619047611
1753228800,787.11,804.95,785.51,799.06,,,727.0871500000007,762.8277999999997,764.3095238095231
1753232400,799.06,802.43,795.24,795.35,,,727.4040500000007,763.3815999999997,764.667142857142
1753236000,795.35,796.34,788.69,796.02,,,727.7463500000007,763.8537999999998,765.6438095238087
1753239600,796.05,797.4,790.75,797.4,,,728.0849000000007,764.3381999999998,767.4809523809515
1753243200,797.4,801.45,794.89,799.99,,,728.4520500000009,764.8893999999999,769.8504761904754
1753246800,799.99,801.84,796.34,796.45,,,728.8187500000008,765.7549999999999,771.9585714285707
1753250400,796.45,797.94,792.86,794.58,,,729.211800000001,766.5169999999998,773.829523809523
1753254000,794.58,799.4,792.74,794.66,,,729.6829000000009,767.3168,775.8299999999992
1753257600,794.66,797.3,791.28,793.81,,,730.209900000001,768.2471999999999,777.5961904761897
1753261200,793.81,795,791,791.92,,,730.724300000001,769.084,779.2047619047612
1753264800,791.92,800.15,788.75,799.77,,,731.256750000001,769.7417999999999,780.7266666666659
1753268400,799.77,808.83,797.37,808.73,,,731.793250000001,770.415,782.0595238095232
1753272000,808.73,810.08,794.9,795.76,,,732.337000000001,771.0669999999998,783.3842857142848
1753275600,795.76,798.31,775.73,781.46,,,732.859200000001,771.654,785.2714285714277
1753279200,781.46,790.47,780,787.43,,,733.3762000000011,772.2782,787.379523809523
1753282800,787.42,789.38,780.41,784.78,,,733.902500000001,772.9917999999999,788.8861904761897
1753286400,784.77,784.78,766.1,766.18,,,734.4335500000011,773.8559999999999,789.4823809523801
1753290000,766.18,771.42,761.31,771.16,,,734.9640000000011,774.2373999999999,790.4080952380946
1753293600,771.18,776.35,769.19,776.2,,,735.5462500000011,774.4787999999999,790.9057142857137
1753297200,776.2,777.19,770.73,771.08,,,736.190800000001,774.7731999999997,790.6066666666659
1753300800,771.08,773.65,757,763.29,,,736.755950000001,774.9577999999998,790.2952380952372
1753304400,763.3,771.08,753.03,768.75,,,737.2546000000011,774.7003999999998,790.2571428571421
1753308000,768.78,774.95,763.92,774.16,,,737.780450000001,774.6255999999998,789.9476190476182
1753311600,774.16,777.39,773.97,777.06,,,738.307550000001,774.8577999999999,788.8133333333326
1753315200,777.06,784.91,773.26,784.53,,,738.7415000000011,774.9795999999998,787.3699999999992
1753318800,784.52,784.59,781.79,784.35,,,739.2137500000011,775.0503999999997,786.3609523809516
1753322400,784.35,786.23,780.91,782.87,,,739.697850000001,775.2771999999999,785.4580952380945
1753326000,782.87,784.35,779.35,779.83,,,740.1498500000012,775.6085999999997,784.8452380952374
1753329600,779.84,780.48,767,767.83,,,740.5582000000011,775.9051999999997,784.1004761904753
1753333200,767.83,768.09,752.09,752.1,,,740.9735500000011,776.3081999999999,783.4538095238088
1753336800,752.11,757.72,744.32,749.9,,,741.4519000000012,776.6641999999998,782.7514285714278
1753340400,749.91,759.51,743.31,759.5,,,741.9209500000012,777.0398,781.4738095238089
1753344000,759.5,767.58,757.32,766.68,,,742.4196500000012,777.2349999999999,779.4876190476183
1753347600,766.71,768.16,763.64,766.22,,,742.9005500000012,777.2595999999999,777.486666666666
1753351200,766.22,768.82,756.22,763.36,,,743.3862500000012,777.092,775.5690476190468
1753354800,763.36,772.62,763.01,770.65,,,743.8620500000011,777.1782,773.5666666666659
1753358400,770.65,772.29,764.81,769.31,,,744.2760500000011,777.3332,772.1599999999993
1753362000,769.3,771.38,764.84,765.27,,,744.5900500000012,777.5046000000001,771.2980952380944
1753365600,765.27,777.02,761.86,776.83,,,744.8842500000011,777.6694,770.4990476190469
1753369200,776.84,781.28,773.5,778.65,,,745.2315000000011,777.7494,769.7623809523802
1753372800,778.65,779.18,770.37,774.97,,,745.6009500000011,777.9464,769.7190476190468
1753376400,774.98,785.92,774.63,781.91,,,745.9798000000011,778.0786,769.9890476190468
1753380000,781.91,785.98,780.45,781.84,,,746.3585000000011,778.0676,770.1057142857135
1753383600,781.86,783.67,779.36,779.39,,,746.7722500000011,778.3222000000001,770.2909523809516
1753387200,779.39,781.65,777.43,781.28,,,747.182750000001,778.6924,771.1776190476181
1753390800,781.29,781.96,775.96,777.11,,,747.563800000001,778.9026000000001,771.8009523809516
1753394400,777.11,780.23,774.74,778.33,,,747.992800000001,779.2584000000003,772.0499999999992
1753398000,778.29,778.29,770.19,771.11,,,748.425750000001,779.5164000000001,772.2509523809515
1753401600,771.1,771.66,765.43,767.45,,,748.8351000000009,779.7444000000002,771.8976190476182
1753405200,767.45,770.55,762.48,769.6,,,749.2702500000009,779.8834000000003,771.6109523809515
1753408800,769.61,771.4,758.97,758.99,,,749.712650000001,779.9764000000002,771.0509523809516
1753412400,758.99,763.83,753.72,757.21,,,750.1379000000011,779.9890000000003,770.4614285714277
1753416000,757.21,765.45,752.66,765.25,,,750.580050000001,779.8712000000003,770.5457142857134
1753419600,765.25,765.25,759.8,760.67,,,751.001850000001,779.6686000000002,770.8738095238086
1753423200,760.66,763.71,756.59,762.17,,,751.3770500000011,779.3184000000002,771.2219047619039
1753426800,762.17,766.82,757.75,761.79,,,751.731300000001,778.5170000000003,771.4957142857133
1753430400,761.81,767.91,761.73,765.33,,,752.063450000001,777.7542000000003,771.2095238095228
1753434000,765.33,771.81,763.02,771.51,,,752.3824500000011,777.1388000000003,771.0166666666657
1753437600,771.51,773.47,767.34,769.74,,,752.639650000001,776.4042000000003,770.9419047619037
1753441200,769.76,773.07,769.75,772.04,,,752.8916000000011,775.6478000000004,770.6885714285704
1753444800,772.04,776.22,771.62,774.51,,,753.1537500000012,774.9546000000004,770.7933333333323
1753448400,774.51,775.98,770.21,774.45,,,753.3945000000011,774.3696000000004,771.0061904761894
1753452000,774.44,774.84,761.52,761.67,,,753.652000000001,773.9066000000005,770.7780952380941
1753455600,761.67,768.13,761.24,766.04,,,753.918150000001,773.4252000000005,770.5809523809513
1753459200,766.06,773.41,763.73,773.23,,,754.1573500000012,773.0276000000006,770.5561904761894
1753462800,773.23,777.24,772.93,776.23,,,754.4428000000012,772.5224000000005,769.5923809523798
1753466400,776.23,777.41,774.52,776.09,,,754.6987000000012,771.8368000000005,768.8399999999989
1753470000,776.09,777.68,774.37,774.71,,,755.0089000000012,771.1550000000004,768.5466666666655
1753473600,774.71,779.34,774.14,777.73,,,755.3234500000012,770.8466000000004,768.3061904761893
1753477200,777.73,781.14,777.72,779.25,,,755.6304500000012,770.5626000000004,768.2576190476179
1753480800,779.25,784.46,778.77,783.76,,,755.8322500000012,770.3916000000005,768.085238095237
1753484400,783.76,786.12,782.91,785.83,,,756.0560000000012,770.5898000000005,768.400476190475
1753488000,785.83,785.83,781.6,782.32,,,756.3309000000013,770.6608000000004,768.9623809523798
1753491600,782.32,783.93,778.34,778.57,,,756.6073000000014,770.6914000000004,769.6366666666656
1753495200,778.56,784.46,778.56,783.66,,,756.9062500000014,770.8548000000004,770.9147619047608
1753498800,783.66,784.15,782.3,783.54,,,757.1899500000014,771.2642000000004,772.1104761904751
1753502400,783.54,784.14,780.86,781.95,,,757.4811000000014,771.6058000000005,772.7447619047608
1753506000,781.95,782.03,780.52,780.72,,,757.7752500000014,771.7690000000006,773.8395238095227
1753509600,780.72,783.11,780.55,782.71,,,758.0698500000015,771.7992000000006,774.8571428571419
1753513200,782.71,783.88,782.26,782.56,,,758.3900500000015,771.7818000000003,775.8171428571418
1753516800,782.56,784.4,781.71,784.04,,,758.7214500000015,771.7656000000004,776.549999999999
1753520400,784.03,784.4,782.92,783.97,,,759.0178000000014,771.7472000000005,777.0833333333323
1753524000,783.97,785.54,782.03,782.03,,,759.3335000000015,771.7650000000003,777.6938095238085
1753527600,782.02,783.39,780.26,781.76,,,759.6720000000016,772.0626000000004,778.265238095237
1753531200,781.77,782.97,780.71,782.5,,,760.0009000000016,772.6718000000004,778.7157142857133
1753534800,782.5,783.19,781.8,781.98,,,760.2872500000016,773.3546000000003,779.0766666666656
1753538400,781.98,782.19,780.4,780.4,,,760.5826500000016,773.8440000000004,780.0333333333323
1753542000,780.4,781.7,779.37,781.24,,,760.8906000000018,774.1510000000003,780.8171428571418
1753545600,781.24,781.79,779.38,779.91,,,761.1671000000017,774.4618000000004,781.2338095238085
1753549200,779.91,780.06,778.5,779.51,,,761.4215500000017,774.8446000000004,781.4323809523798
1753552800,779.51,782.75,779.16,781.99,,,761.6704000000017,775.0712000000004,781.677619047618
1753556400,781.99,784.9,781.87,784.85,,,761.8949500000017,775.2930000000003,781.9252380952371
1753560000,784.85,785.58,783.71,784.88,,,762.0875000000018,775.6124000000003,782.009999999999
1753563600,784.88,789.37,784.43,789.13,,,762.2553000000017,775.6740000000002,782.140476190475
1753567200,789.13,797.96,789.13,791.42,,,762.4281000000017,775.6912000000002,782.19238095238
1753570800,791.42,796.12,791.42,793.26,,,762.6309500000018,775.8316000000002,782.1471428571418
1753574400,793.26,798.24,791.52,797.46,,,762.8484000000017,775.8904000000002,782.4714285714274
1753578000,797.49,799.43,795.87,796.23,,,763.0490000000017,775.9512000000001,783.0833333333323
1753581600,796.23,798.03,794.21,795.09,,,763.2598500000016,776.1460000000002,783.540476190475
1753585200,795.09,796.72,794.29,794.54,,,763.4973500000016,776.3488000000001,784.2033333333324
1753588800,794.54,798.03,794.2,796.52,,,763.6703000000016,776.6718000000001,784.8833333333323
1753592400,796.52,797.49,794.7,797.38,,,763.8316000000017,777.0544000000002,785.5676190476179
1753596000,797.38,799,795.38,795.96,,,764.0490500000018,777.5568000000002,786.1309523809514
1753599600,795.96,798.1,795.26,796.6,,,764.3238000000018,778.1096000000002,786.7957142857132
1753603200,796.6,798.23,794.15,797.89,,,764.5915500000017,778.6084000000003,787.4309523809513
1753606800,797.89,798.04,793.12,793.66,,,764.8648000000017,779.3590000000003,788.0019047619038
1753610400,793.67,798.86,793.6,797.98,,,765.1599000000018,780.1624000000002,788.6957142857133
1753614000,797.98,799.62,796.25,796.97,,,765.4715500000017,780.7766000000004,789.4638095238084
1753617600,796.97,797.93,793.9,795.63,,,765.8238500000017,781.4952000000003,789.9952380952371
1753621200,795.63,796.36,793.87,794.49,,,766.1438000000016,782.2096000000003,790.7571428571417
1753624800,794.5,799.3,794.37,797.64,,,766.4636000000016,782.8470000000002,791.5461904761895
1753628400,797.64,816.27,795.44,814.15,,,766.7945500000017,783.5000000000003,792.2314285714276
1753632000,814.15,827.13,813.06,818.79,,,767.1700500000015,784.0092000000003,792.9257142857134
1753635600,818.77,825.93,817.21,823.24,,,767.5058500000015,784.5270000000003,793.7890476190465
1753639200,823.25,828.21,823.08,827.3,,,767.8431000000015,784.9760000000003,795.3204761904751
1753642800,827.3,831.07,825.31,830.58,,,768.1512500000016,785.4386000000003,796.9366666666657
1753646400,830.58,830.98,827.75,830.78,,,768.4416500000017,786.2326000000003,798.7633333333322
1753650000,830.78,839.94,829.02,838.76,,,768.7380000000016,787.3750000000001,800.5809523809514
1753653600,838.77,847.27,837.8,840.17,,,769.0639000000017,788.5190000000001,802.4457142857133
1753657200,840.17,845.63,839.11,844.15,,,769.4702500000017,789.6004,804.2323809523799
1753660800,844.13,848.01,841.78,842.46,,,769.9087000000017,790.6874000000003,806.1990476190466
1753664400,842.46,847.42,841.41,845.58,,,770.3590000000015,791.7812000000002,808.2914285714277
1753668000,845.58,854.58,842.92,843.55,,,770.8137000000015,793.0622000000002,810.627619047618
1753671600,843.55,845.82,840.05,841.87,,,771.2806000000015,794.3110000000001,812.9095238095227
1753675200,841.87,844.66,840.2,841.23,,,771.7226500000014,795.6090000000003,815.2457142857132
1753678800,841.23,850.39,841.23,849.72,,,772.2349500000015,796.7830000000001,817.4442857142848
1753682400,849.72,855.01,849.1,850.69,,,772.7893500000016,797.9780000000002,819.6304761904752
1753686000,850.69,859.91,847.03,856.13,,,773.3536000000016,799.2026000000002,821.7557142857132
1753689600,856.13,859.09,854.17,857.82,,,773.9029500000016,800.4686000000003,824.2238095238085
1753693200,857.82,861.21,852.55,853.83,,,774.4831500000016,801.6200000000003,826.9395238095227
1753696800,853.87,853.98,845.36,846.78,,,775.0462000000016,802.9436000000003,829.7085714285704
1753700400,846.79,851.95,845.23,851.06,,,775.5810000000016,804.3184000000002,832.6061904761895
1753704000,851.06,857.63,847.6,850.01,,,776.1204500000016,805.8266000000003,835.377619047618
1753707600,850.01,851.65,840.95,842.92,,,776.7148500000014,807.3288000000003,837.8676190476181
1753711200,842.9,846.03,832.32,833.03,,,777.3034000000016,808.7542000000004,840.4114285714275
1753714800,833.03,841.49,832.09,835.94,,,777.9156500000015,810.0090000000004,842.1190476190466
1753718400,835.95,841.16,833.77,838.55,,,778.5324500000014,811.3508000000003,843.2680952380942
1753722000,838.56,839.12,832.27,832.55,,,779.1067500000015,812.7104000000004,843.7342857142847
1753725600,832.55,833.55,825.95,830.01,,,779.6304000000014,813.9336000000003,844.1457142857133
1753729200,830.01,835.91,827.64,831.93,,,780.1695000000014,814.9442000000003,844.5252380952372
1753732800,831.93,832.4,823.19,824.34,,,780.7088000000014,816.0234000000003,844.6095238095229
1753736400,824.36,829.05,821.27,825.81,,,781.2035000000013,817.1864000000002,844.1928571428563
1753740000,825.81,830.29,821.27,825.05,,,781.6560000000013,818.2126000000003,843.8004761904753
1753743600,825.05,829.89,820.89,824.19,,,782.1106000000015,819.2146000000002,842.857142857142
1753747200,824.18,833.16,821.68,830.89,,,782.5477500000014,820.2630000000001,842.0642857142848
1753750800,830.87,834.9,826.14,826.35,,,782.9640000000013,821.1100000000001,841.0866666666658
1753754400,826.37,828.19,815.61,817.11,,,783.3863500000012,821.9292000000003,840.164761904761
1753758000,817.11,830.07,817.08,829.06,,,783.8008500000012,822.7326000000003,839.6419047619039
1753761600,829.06,833.12,826.52,827.34,,,784.1835000000013,823.4338000000002,838.9333333333324
1753765200,827.35,834.04,825.68,832.87,,,784.5644000000013,824.2232000000002,837.3804761904752
1753768800,832.87,833.55,829.99,830.04,,,784.9555000000014,824.8850000000003,836.3504761904752
1753772400,830.04,831.36,825.15,825.3,,,785.3198000000015,825.2780000000004,834.9795238095228
1753776000,825.3,830.87,825.06,826.85,,,785.6975000000015,825.9346000000002,833.7914285714274
1753779600,826.85,832.78,824.42,832.75,,,786.0902500000014,826.5796000000004,832.6585714285703
1753783200,832.75,833.39,820.98,822.04,,,786.4257500000012,827.3462000000003,831.635714285713
1753786800,822.04,828.99,821.46,826.28,,,786.8041000000013,828.0166000000004,830.4828571428559
1753790400,826.28,829.79,822.53,822.58,,,787.1740000000013,828.5750000000003,829.6609523809512
1753794000,822.59,824.01,814.29,815.13,,,787.5406000000013,829.1928000000003,828.6666666666655
1753797600,815.12,816.63,808.61,811.61,,,787.9119000000013,829.9158000000003,828.345238095237
1753801200,811.61,811.61,802.13,804.96,,,788.2521500000013,830.3988000000004,827.7090476190466
1753804800,805,807,800.48,806.67,,,788.6062500000013,831.0512000000002,826.5938095238085
1753808400,806.67,815.51,806.51,815.45,,,789.0156000000014,831.5432000000004,825.5966666666658
1753812000,815.45,815.45,806.36,807.54,,,789.3350500000015,831.9064000000003,824.4038095238086
1753815600,807.54,807.76,803.39,803.6,,,789.6486500000013,832.2260000000003,823.2009523809515
1753819200,803.6,806.35,800.18,802.73,,,789.9569500000014,832.4354000000004,822.7776190476183
1753822800,802.73,808.97,800.74,806.76,,,790.2223000000014,832.6160000000003,821.9076190476183
1753826400,806.76,807.38,801.46,806.2,,,790.4580500000015,832.6420000000004,820.8861904761894
1753830000,806.2,808,803.89,805.2,,,790.6793000000015,832.4170000000004,819.864285714285
1753833600,805.21,805.66,797.2,805.63,,,790.8922000000015,832.0242000000004,818.7152380952373
1753837200,805.58,809.65,800.91,808.41,,,791.1418500000015,831.5328000000004,817.7557142857136
1753840800,808.41,811.14,807.01,807.43,,,791.2961000000015,831.0564000000004,817.1885714285706
1753844400,807.43,807.58,803.43,804.62,,,791.4671500000014,830.5648000000006,816.0728571428564
1753848000,804.62,806.52,799.05,799.61,,,791.6172500000014,829.8936000000004,815.1714285714278
1753851600,799.61,802.01,795.84,800.6,,,791.7733000000013,829.2028000000006,813.9599999999994
1753855200,800.6,805.89,800.48,804.69,,,791.9090500000015,828.4880000000005,812.749523809523
1753858800,804.69,806.35,799.13,800.3,,,792.0605500000014,827.7874000000005,811.5261904761898
1753862400,800.3,805.48,800.03,803.65,,,792.2657500000013,826.9682000000005,810.2761904761895
1753866000,803.65,804.63,796.54,799.23,,,792.4828500000013,826.0894000000004,808.9399999999993
1753869600,799.22,800.94,793.56,794.03,,,792.7212500000014,825.2640000000006,807.9047619047612
1753873200,794.02,795.22,786.59,788.24,,,792.9573000000014,824.5332000000005,806.8271428571422
1753876800,788.25,789.05,779.7,782.61,,,793.1674000000014,823.5448000000004,805.7152380952376
1753880400,782.61,784.99,778.96,784.27,,,793.3592500000013,822.6040000000004,804.7104761904756
1753884000,784.3,795.66,783.91,795.37,,,793.5608000000013,821.4660000000003,803.5976190476185
1753887600,795.37,795.56,787.25,790.62,,,793.7295500000014,820.1902000000003,802.5333333333326
1753891200,790.61,793.18,789.18,791.1,,,793.9273500000013,818.8784000000004,801.4666666666659
1753894800,791.14,792.12,788.35,791.99,,,794.0731500000013,817.5950000000005,800.5104761904755
1753898400,791.99,794.53,780.61,780.61,,,794.2103000000013,816.2592000000004,799.7047619047612
1753902000,780.61,786.44,766.45,785.17,,,794.3491000000014,815.1664000000004,799.1095238095231
1753905600,785.17,788.2,783.98,785.18,,,794.5342000000013,814.1204000000004,798.5980952380946
1753909200,785.18,788.68,782.85,786.81,,,794.6968000000012,813.2818000000003,797.3528571428566
1753912800,786.81,788.41,784.97,787.62,,,794.8831000000013,812.4028000000004,796.351428571428
1753916400,787.62,793.45,787.47,793.36,,,795.0463000000012,811.2440000000005,795.3980952380947
1753920000,793.36,797.17,791.5,796.7,,,795.2050000000013,810.2964000000004,794.5019047619043
1753923600,796.7,797.6,794.95,795.71,,,795.3609500000011,809.3998000000004,793.5119047619042
1753927200,795.71,797.31,794.39,796.72,,,795.4505000000012,808.4974000000003,792.8419047619043
1753930800,796.73,799.39,796.65,798.87,,,795.5472500000012,807.7630000000005,792.4647619047613
1753934400,798.87,803.66,796.87,802.48,,,795.6526500000011,807.1140000000005,792.2790476190471
1753938000,802.48,802.92,800.79,801.24,,,795.7860000000012,806.5470000000006,792.0942857142852
1753941600,801.24,803.53,800.06,803.44,,,795.9018000000012,805.9774000000007,791.8171428571424
1753945200,803.44,805.21,803,803.63,,,796.0480000000014,805.2940000000006,791.9209523809519
1753948800,803.63,810.05,803.62,809.78,,,796.1868000000014,804.7444000000006,791.8061904761898
1753952400,809.75,813.25,808.97,813.25,,,796.3254000000014,804.4518000000006,792.0066666666661
1753956000,813.25,814.48,804.37,804.62,,,796.4373500000013,803.8954000000007,792.4638095238089
1753959600,804.62,806.34,799.34,800.55,,,796.5694000000015,803.4174000000005,793.4895238095232
1753963200,800.55,801.12,796.64,799.03,,,796.6933000000015,802.8326000000005,794.9485714285709
1753966800,799.03,799.12,792.55,796.82,,,796.8145000000014,802.4274000000006,795.9176190476184
1753970400,796.82,798.6,787.51,789.68,,,796.9438000000014,802.1864000000004,796.164285714285
1753974000,789.68,800.53,789.65,799.68,,,797.0264000000014,801.7418000000005,796.5647619047612
1753977600,799.68,813.16,799.25,813.16,,,797.0800000000014,801.0978000000005,796.8371428571422
1753981200,813.16,813.44,801.93,803.53,,,797.1695000000014,800.6376000000005,796.7271428571422
1753984800,803.53,808.07,798.56,801.25,,,797.2125000000015,800.0484000000004,797.6352380952374
1753988400,801.27,802.72,793.85,796.2,,,797.2282500000015,799.3904000000003,798.9680952380946
1753992000,796.2,798.55,792.81,794.5,,,797.2234500000014,799.0814000000005,799.8419047619041
1753995600,794.5,796.9,789.44,793.51,,,797.2253000000014,799.1124000000004,800.5295238095231
1753999200,793.51,795.23,786.76,787.12,,,797.2008000000013,799.0838000000005,800.9380952380944
1754002800,787.12,791.73,781.68,783.09,,,797.2259000000013,798.9754000000005,800.9923809523802
1754006400,783.09,788.73,774.96,788.37,,,797.3226500000013,798.5904000000004,800.8404761904754
1754010000,788.32,790.46,781.38,787.26,,,797.3807000000014,798.3296000000004,800.4314285714278
1754013600,787.27,795.32,786.14,788.1,,,797.3881000000013,798.1278000000004,799.7823809523801
1754017200,788.08,788.74,782.11,783.98,,,797.3254500000013,797.8156000000004,799.2823809523801
1754020800,783.98,784.14,778.64,779.87,,,797.3191500000013,797.3422000000005,798.5576190476183
1754024400,779.87,782.17,775.84,777.51,,,797.3794000000013,796.9856000000004,797.9319047619041
1754028000,777.49,777.88,770.3,775.78,,,797.3778500000013,796.6268000000003,797.0052380952372
1754031600,775.76,777.33,770.89,773.57,,,797.3694000000012,796.2762000000004,795.8738095238087
1754035200,773.56,773.56,763,766.06,,,797.4803500000013,795.7876000000003,794.3371428571421
1754038800,766.06,772.44,765.73,767.96,,,797.5608500000013,795.2364000000002,792.5528571428563
1754042400,767.96,771.53,767.61,767.79,,,797.6203500000014,794.6942000000004,791.0742857142849
1754046000,767.8,771.66,764.73,771.52,,,797.6848500000013,794.2176000000004,789.4319047619041
1754049600,771.52,775.7,768.91,773.23,,,797.7677500000012,793.6770000000004,787.9523809523803
1754053200,773.25,774.87,757.41,761.81,,,797.8115500000013,792.9044000000005,786.5699999999991
1754056800,761.81,773.32,758.86,766.56,,,797.8196500000013,792.2576000000005,785.7052380952373
1754060400,766.56,767.27,758.16,763.92,,,797.8022000000012,791.5404000000005,784.4457142857134
1754064000,763.92,767.75,759.02,761.05,,,797.7098500000012,790.9862000000005,782.0004761904754
1754067600,761.04,764.31,757.41,758.35,,,797.6279000000012,790.5702000000005,780.2399999999992
1754071200,758.35,763.16,754.24,759.97,,,797.5525000000013,790.0416000000006,778.46238095238
1754074800,759.98,763.13,757.26,761.18,,,797.5109500000013,789.7206000000007,776.7885714285705
1754078400,761.18,762.45,752.4,759.17,,,797.5379500000012,789.3136000000006,775.067142857142
1754082000,759.15,761.68,758.21,758.43,,,797.5865000000013,788.6272000000006,773.4699999999991
1754085600,758.44,758.91,744.75,750,,,797.6698000000013,787.9818000000005,772.2347619047611
1754089200,750.02,757.69,749.22,757.03,,,797.6919000000012,787.3592000000006,771.0957142857135
1754092800,757.02,765.4,755.23,765.38,,,797.6637500000012,786.7430000000006,769.6699999999992
1754096400,765.38,765.42,762.09,764.38,,,797.6244000000012,786.3142000000006,767.8957142857134
1754100000,764.38,768.29,763.67,764.07,,,797.6074500000011,785.7794000000006,766.4161904761895
1754103600,764.07,765.29,762.12,763.96,,,797.5601000000011,785.0758000000006,765.5304761904752
1754107200,763.96,769.77,763.71,769.56,,,797.5094000000012,784.4802000000007,764.7928571428563
1754110800,769.56,769.76,765.67,765.84,,,797.4752000000011,784.0354000000005,764.1528571428562
1754114400,765.84,765.85,751.08,752.93,,,797.3410500000011,783.4558000000006,763.5899999999991
1754118000,752.92,758.84,749.92,758.65,,,797.2329500000011,782.8032000000006,763.3990476190468
1754121600,758.64,758.96,752.72,753.27,,,797.185000000001,782.1682000000005,763.3885714285706
1754125200,753.27,755.85,751.49,754.12,,,797.0973500000011,781.6250000000005,762.6728571428563
1754128800,754.12,754.39,750.48,754.27,,,797.0085000000013,780.9644000000004,762.2376190476182
1754132400,754.27,758.43,751.97,756.01,,,796.9313500000011,779.9734000000004,761.3685714285705
1754136000,756.01,756.01,751.31,754.64,,,796.8727500000011,779.1216000000003,760.4585714285705
1754139600,754.63,755.92,751.39,754.44,,,796.8164000000012,778.1182000000003,760.0995238095229
1754143200,754.44,755.21,745.88,747.76,,,796.6894000000012,777.1280000000003,759.5971428571419
1754146800,747.74,750.43,741.25,742.91,,,796.6271000000011,776.0178000000003,759.1552380952371
1754150400,742.92,748.44,740.71,747.33,,,796.556200000001,774.8730000000003,758.8404761904753
1754154000,747.32,749.63,738.88,740.77,,,796.4788000000011,773.8734000000003,758.3361904761896
1754157600,740.77,742.73,734.13,736.61,,,796.455200000001,772.9512000000002,757.5238095238086
1754161200,736.61,743.22,734.37,737.04,,,796.449200000001,771.9258000000002,756.8642857142848
1754164800,737.05,742.45,736.84,742.45,,,796.3961500000011,770.8476000000003,755.9880952380943
1754168400,742.45,744.79,739.37,739.37,,,796.365000000001,770.0006000000001,754.9490476190467
1754172000,739.37,741.62,733.79,738.22,,,796.2929500000012,768.8224,754.3319047619037
1754175600,738.22,738.86,732.11,736.16,,,796.1985500000011,767.2914000000002,753.6376190476182
1754179200,736.17,741.12,729.97,740.68,,,796.1085500000012,765.9616000000002,752.3990476190468
1754182800,740.68,741.98,738.2,739.32,,,795.954850000001,764.7856000000002,751.1533333333324
1754186400,739.33,744.04,739.26,743.93,,,795.789200000001,763.6490000000001,749.8242857142848
1754190000,743.92,744.52,741.98,743.99,,,795.614200000001,762.5234000000002,748.7157142857135
1754193600,743.99,744.65,741.21,742.8,,,795.453900000001,761.3764000000001,747.2757142857134
1754197200,742.8,744.9,742.69,744.63,,,795.2785000000009,760.4476000000001,746.2323809523801
1754200800,744.62,745.26,742.99,745.03,,,795.1612500000009,759.5722000000001,745.8066666666658
1754204400,745.03,748.38,745.03,747.88,,,795.011850000001,758.6834,745.051904761904
1754208000,747.88,749.04,746.51,748.46,,,794.8491000000009,757.818,744.6404761904754
1754211600,748.46,748.78,746.21,747.67,,,794.6645500000009,756.9119999999999,744.2076190476183
1754215200,747.67,750.42,747.64,749.86,,,794.5037500000009,756.1249999999999,743.9033333333326
1754218800,749.86,753.12,748.28,748.32,,,794.350150000001,755.4281999999998,743.5438095238088
1754222400,748.32,750.41,746.65,749.75,,,794.1755000000009,754.8355999999999,743.2119047619041
1754226000,749.75,751.12,748.91,750.55,,,794.0024000000009,754.2891999999998,742.9938095238087
1754229600,750.55,750.69,746.31,747.73,,,793.808750000001,753.7711999999998,743.0204761904754
1754233200,747.74,748.47,745.46,748.45,,,793.6190000000009,753.4471999999998,743.3461904761897
1754236800,748.45,751.64,747.04,751.29,,,793.4497000000009,753.0543999999999,743.4995238095231
1754240400,751.29,752.16,749.66,751.46,,,793.2952000000009,752.6935999999998,743.8309523809518
1754244000,751.46,752.04,749.43,752,,,793.1262000000008,752.2742,744.3947619047611
1754247600,752,755.17,751.54,752.53,,,792.9501000000008,751.7642,745.0733333333326
1754251200,752.52,752.59,750.24,751.21,,,792.7891000000009,751.497,745.5023809523802
1754254800,751.21,753.47,750.88,753.02,,,792.6382500000009,751.1915999999999,746.1038095238088
1754258400,753.02,754.05,751,752.05,,,792.4633500000008,750.9424,746.7852380952374
1754262000,752.05,754.33,750.75,751.05,,,792.2928000000007,750.7614,747.501904761904
1754265600,751.05,759.02,750.53,758.47,,,792.1290500000007,750.645,748.089523809523
1754269200,758.47,758.49,754.05,754.32,,,791.9665000000008,750.4698,748.6957142857136
1754272800,754.32,756.5,752.24,756.36,,,791.8163500000006,750.3066,749.0347619047612
1754276400,756.36,756.81,753.55,754.09,,,791.6702000000008,750.1641999999999,749.724285714285
1754280000,754.09,755,752.91,754.08,,,791.5137500000009,750.0166,750.2728571428564
1754283600,754.08,754.44,752.17,754.44,,,791.3689500000007,750.186,750.831428571428
1754287200,754.43,755.02,752.24,754.9,,,791.2272000000007,750.1318000000002,751.2628571428564
1754290800,754.9,758.09,754.87,757.15,,,791.0762500000009,749.9514000000001,751.5580952380946
1754294400,757.15,759.42,756.37,758.53,,,790.9690500000008,749.7456000000001,751.8428571428564
1754298000,758.53,760.27,756.88,757.04,,,790.8431000000008,749.5458000000002,752.1871428571421
1754301600,757.04,759.05,756.36,757.24,,,790.7149500000008,749.3554,752.534285714285
1754305200,757.24,757.31,754.71,755.35,,,790.5611500000008,749.0622000000002,753.0204761904755
1754308800,755.35,757.96,755.09,757.94,,,790.4071500000008,748.8884000000002,753.3676190476183
1754312400,757.93,762.84,755.65,762.13,,,790.2337000000008,749.0004000000001,753.6861904761897
1754316000,762.13,765.66,759.5,761.07,,,790.0511000000007,748.9682,754.0490476190469
1754319600,761.07,763.24,758.51,760.52,,,789.8705500000008,749.0476000000001,754.5009523809516
1754323200,760.52,768.72,760.51,768.11,,,789.6759000000006,749.0722000000001,755.0171428571421
1754326800,768.11,769.62,765.46,766.2,,,789.4799500000008,749.1456000000002,755.4747619047611
1754330400,766.2,767.34,763.39,764.05,,,789.2907000000008,749.2680000000001,755.8804761904754
1754334000,764.05,764.09,760.09,760.99,,,789.0947500000008,749.3966000000001,756.6223809523801
1754337600,761.01,765.43,760.26,764.77,,,788.9018500000006,749.5182000000001,757.3361904761898
1754341200,764.78,767.44,764.71,766.25,,,788.7256000000007,749.9252,757.8614285714278
1754344800,766.25,767.02,765.29,767.02,,,788.5511500000008,750.3910000000001,758.2871428571422
1754348400,767.05,769.64,767.05,768.68,,,788.3707500000007,750.7253999999999,758.9404761904755
1754352000,768.68,769.64,766.3,766.95,,,788.2218500000007,751.1297999999999,759.3109523809517
1754355600,766.95,768.17,762.97,763.31,,,788.084550000001,751.693,759.9157142857135
1754359200,763.31,766.57,763.3,766.55,,,787.9149000000009,752.2772,760.5023809523801
1754362800,766.56,766.65,760.56,760.72,,,787.7350000000009,752.7686000000001,761.114761904761
1754366400,760.73,762.75,759.99,761.59,,,787.5807000000008,753.3548000000001,761.5542857142848
1754370000,761.59,764.17,761.39,763.92,,,787.4395000000009,753.9294,762.1309523809514
1754373600,763.92,766.96,762.84,763.66,,,787.2864000000009,754.4724000000001,762.4080952380943
1754377200,763.66,763.7,755.3,757.46,,,787.0590500000009,754.9898000000001,762.619523809523
1754380800,757.45,759.36,755.73,757.81,,,786.7998500000009,755.4177999999999,762.8761904761895
1754384400,757.81,761.84,757.49,761.84,,,786.5002000000009,755.7710000000002,763.1914285714277
1754388000,761.84,765.52,761.1,764.09,,,786.1964500000009,756.1696000000001,763.2019047619038
1754391600,764.08,766.09,763.75,765.16,,,785.847150000001,756.5868,763.3190476190467
1754395200,765.16,765.51,757.7,758.25,,,785.5012000000008,756.8434000000001,763.5047619047609
1754398800,758.26,760.27,756.22,757.14,,,785.1270000000009,757.099,763.5980952380944
1754402400,757.14,757.24,746.32,748.05,,,784.7444500000008,757.3782000000001,763.7928571428563
1754406000,748.05,753.43,746.66,748.89,,,784.3110000000008,757.6908000000002,763.6847619047609
1754409600,748.89,752.98,747.66,751.23,,,783.8877500000008,758.0406000000002,763.16238095238
1754413200,751.22,753.01,748.74,752.74,,,783.4690500000008,758.2084000000001,762.2980952380943
1754416800,752.74,754.09,749.17,751.73,,,783.0717500000009,758.3848000000002,761.5761904761896
1754420400,751.72,752.95,747.27,748.34,,,782.6882000000008,758.3508000000002,761.1114285714276
1754424000,748.34,752.25,747.3,747.71,,,782.2733000000009,758.3176000000001,760.5385714285704
1754427600,747.71,750.81,746.79,748.94,,,781.8104000000008,758.3876000000001,759.8471428571419
1754431200,748.94,753.38,745.31,753.16,,,781.2972000000008,758.4734000000001,758.9576190476181
1754434800,753.16,756.21,753.09,755.12,,,780.7610000000008,758.4822000000001,757.9590476190466
1754438400,755.12,755.91,751.11,751.62,,,780.2280500000006,758.4198000000001,757.1014285714276
1754442000,751.62,752.63,747.22,750.31,,,779.7226000000009,758.3340000000003,756.6180952380943
1754445600,750.31,750.32,746.26,750.21,,,779.2473500000008,758.2622000000003,756.0738095238086
1754449200,750.21,750.52,747.14,748.58,,,778.7337500000008,758.3012000000002,755.6404761904752
1754452800,748.58,752.89,747.32,751.97,,,778.2222500000008,758.3432000000003,755.1033333333323
1754456400,751.97,761.74,751.16,760.09,,,777.7523500000008,758.3346000000003,754.4504761904752
1754460000,760.09,761.46,757.99,760.2,,,777.3530000000007,758.3198000000002,753.7323809523799
1754463600,760.2,763.12,759.65,763.03,,,776.9489000000008,758.1546000000002,753.4709523809514
1754467200,763.04,764.75,758.78,759.79,,,776.5142500000007,758.0398000000002,753.5795238095228
1754470800,759.79,763.82,758.78,762.85,,,776.1030500000008,757.9520000000002,753.5014285714276
1754474400,762.85,764.16,760.94,762.53,,,775.7040500000008,758.0720000000002,753.4509523809514
1754478000,762.53,764.24,761.47,762.04,,,775.2873000000009,758.1944000000003,753.1952380952371
1754481600,762.04,763.97,758.57,759,,,774.9254500000008,758.3662000000003,753.4142857142846
1754485200,759,763.18,757.77,762.59,,,774.5968500000007,758.4640000000003,753.6709523809512
1754488800,762.6,768.85,761.19,768.69,,,774.2726000000007,758.5780000000002,754.3371428571418
1754492400,768.69,769.51,765.94,769.19,,,773.9668000000008,758.6580000000001,754.8185714285703
1754496000,769.19,769.66,765.77,767.51,,,773.6113000000008,758.7580000000002,755.3595238095228
1754499600,767.51,773.54,767,773.54,,,773.2938000000006,758.7932000000002,756.1190476190465
1754503200,773.53,774.75,771.66,772.9,,,773.0209000000007,758.9380000000002,756.9504761904751
1754506800,772.9,773.08,771.84,773.07,,,772.6858000000008,759.1530000000001,757.8633333333322
1754510400,773.07,773.22,769.23,771.39,,,772.3441000000006,759.2942000000002,759.0933333333322
1754514000,771.39,772.62,768.43,769.64,,,771.9927000000006,759.423,760.2342857142846
1754517600,769.64,770.06,768.52,768.88,,,771.6859500000006,759.6834000000001,761.18238095238
1754521200,768.88,770.09,767.79,769.46,,,771.4054000000006,759.7792000000002,761.9571428571419
1754524800,769.47,773.01,769.04,772.44,,,771.1087000000006,759.9166,762.815238095237
1754528400,772.44,774.7,769.83,770.25,,,770.8126500000005,760.0634000000001,763.6995238095227
1754532000,770.24,771.09,767.27,767.93,,,770.5669500000005,760.2364000000001,764.6161904761893
1754535600,767.93,768.16,766.3,766.61,,,770.3009000000005,760.3186000000002,765.7523809523799
1754539200,766.61,767.75,765.22,766.14,,,770.0449500000005,760.3828000000001,766.622857142856
1754542800,766.14,768.47,765.22,767.27,,,769.8175000000006,760.4912,766.9961904761893
1754546400,767.27,769.64,766.54,766.71,,,769.6038500000005,760.5226000000001,767.3014285714274
1754550000,766.71,768.67,766.45,768.28,,,769.4263500000005,760.5422000000002,767.4495238095226
1754553600,768.28,769.48,764.54,766.32,,,769.2552000000005,760.6082000000001,767.8057142857131
1754557200,766.32,766.65,765.14,766.61,,,769.0292000000005,760.6,767.9895238095227
1754560800,766.61,778.41,766.16,777.46,,,768.8311500000004,760.7310000000001,768.2633333333322
1754564400,777.46,779.66,776.28,777.03,,,768.6462000000004,760.8334000000001,768.4671428571417
1754568000,777.03,777.95,772.97,776.03,,,768.4632500000006,760.9206000000001,768.8295238095227
1754571600,776.03,777.32,774.14,776.63,,,768.2658000000006,760.9738000000002,769.5376190476179
1754575200,776.63,776.8,770.91,771.37,,,768.0683500000005,761.1568000000002,769.9347619047608
1754578800,771.37,775.92,770.92,775.82,,,767.8837500000005,761.5498000000002,770.2604761904751
1754582400,775.82,776.24,768.29,773.25,,,767.6872000000004,761.8536000000003,770.6947619047608
1754586000,773.25,776.07,772.49,776.07,,,767.4782000000005,762.0924000000003,770.5914285714274
1754589600,776.07,778.29,774.59,778.2,,,767.3283500000003,762.3218000000004,770.7304761904752
1754593200,778.21,780.73,776.89,780.68,,,767.1904000000004,762.5842000000002,770.7390476190466
1754596800,780.68,781.92,780.42,781.38,,,767.0725000000003,762.9578000000002,770.9619047619037
1754600400,781.38,783.67,781.38,783.28,,,766.9526500000004,763.4618000000004,771.3695238095228
1754604000,783.28,787.36,782.98,787.2,,,766.7860500000004,764.0054000000002,771.9314285714275
1754607600,787.2,788.81,784.76,788.8,,,766.6636500000003,764.5448000000004,772.4990476190466
1754611200,788.8,792.91,783.91,786.69,,,766.5116500000004,765.1036000000005,773.015238095237
1754614800,786.69,787.96,781.79,782.87,,,766.3958500000002,765.6966000000004,773.8223809523798
1754618400,782.88,785.03,781.02,784.46,,,766.3167000000003,766.3954000000003,774.8161904761894
1754622000,784.44,788.61,783.6,786.6,,,766.2789000000002,767.1852000000003,775.7723809523799
1754625600,786.61,787.71,784.78,787.51,,,766.2727500000004,767.9824000000003,776.5690476190465
1754629200,787.51,787.56,784.44,785.56,,,766.2678000000003,768.6530000000004,777.3876190476179
1754632800,785.56,791.16,784.29,791.16,,,766.2269500000003,769.2080000000003,778.3347619047609
1754636400,791.16,791.78,788.45,789.89,,,766.2178500000003,769.8648000000003,779.2504761904751
1754640000,789.89,790.84,785.95,786.94,,,766.1958000000003,770.5906000000002,780.1666666666655
1754643600,786.94,787.22,784.26,786.43,,,766.1502000000004,771.3366000000003,781.3357142857133
1754647200,786.43,788.32,785.49,788.15,,,766.1694500000002,772.0762000000004,781.927619047618
1754650800,788.15,789.82,787.99,789.4,,,766.1766000000003,772.8600000000005,782.3995238095227
1754654400,789.4,789.4,785.05,785.64,,,766.1882500000003,773.4560000000004,782.8947619047609
1754658000,785.64,793.7,785.64,793.25,,,766.1820000000002,773.9908000000003,783.4433333333324
1754661600,793.25,796.65,786.45,789.2,,,766.1997000000003,774.4588000000003,784.3019047619038
1754665200,789.19,789.73,781.92,785.1,,,766.1823500000002,775.0260000000003,784.7695238095228
1754668800,785.1,787.08,784.81,786.46,,,766.1335500000002,775.5570000000004,785.7219047619037
1754672400,786.46,794.85,786.45,794.83,,,766.0871500000003,776.0192000000004,786.3471428571419
1754676000,794.83,796.47,792.07,793.22,,,766.0443000000004,776.6434000000004,786.6757142857134
1754679600,793.22,795.64,792.27,795.61,,,765.9969500000002,777.2474000000003,786.9509523809514
1754683200,795.61,796.46,793.92,796.31,,,765.9127500000002,777.6976000000004,787.5914285714276
1754686800,796.3,796.88,795.26,796.35,,,765.8728000000003,778.0530000000005,788.0647619047609
1754690400,796.35,798.56,794.86,795.01,,,765.8016000000003,778.5658000000004,788.4652380952373
1754694000,795.01,796.26,792.97,793.68,,,765.7089500000002,779.0800000000004,788.8228571428563
1754697600,793.68,796.08,793.2,793.96,,,765.5923500000004,779.5214000000004,789.2828571428562
1754701200,793.95,797.5,792.89,796.98,,,765.5002500000003,779.9896000000003,789.8609523809514
1754704800,796.98,797.35,795.54,796.16,,,765.4432500000003,780.4552000000003,790.2999999999989
1754708400,796.15,797.49,794.78,797.17,,,765.4185500000004,780.9276000000004,790.6504761904752
1754712000,797.17,801.29,796.87,801.29,,,765.4049500000004,781.4084000000004,791.1014285714276
1754715600,801.29,810.06,800.97,809.05,,,765.4026000000003,781.9100000000004,791.6061904761895
1754719200,809.05,809.23,804.15,804.95,,,765.4292500000005,782.4604000000005,791.89238095238
1754722800,804.95,809.55,804.26,809.54,,,765.3992500000005,782.9348000000005,792.4352380952371
1754726400,809.55,809.7,805.97,807.88,,,765.3032500000005,783.4732000000004,793.4880952380942
1754730000,807.88,813.74,807.54,813.63,,,765.2705000000007,784.1404000000003,794.369999999999
1754733600,813.63,819.19,813.42,816.22,,,765.2450500000004,784.9892000000004,795.3885714285703
1754737200,816.22,816.4,811.37,811.66,,,765.2499000000005,785.7654000000002,796.2685714285703
1754740800,811.67,815.05,811.3,814.82,,,765.2838500000005,786.6108000000003,797.6014285714276
1754744400,814.82,815.56,807.29,807.38,,,765.3615500000004,787.4342000000003,798.695238095237
1754748000,807.38,809.77,805.11,809.1,,,765.4507000000003,788.3412000000004,799.7647619047609
1754751600,809.09,810.11,805.06,806.5,,,765.5829500000003,789.3392000000002,801.1799999999989
1754755200,806.5,808.09,803,803.81,,,765.6805000000003,790.2402000000003,802.1761904761895
1754758800,803.78,806.22,803.62,804.7,,,765.8123500000003,790.9874000000002,802.8557142857132
1754762400,804.67,806.56,803.54,806.32,,,765.9529500000004,791.5944000000002,803.4880952380942
1754766000,806.32,808.88,804.3,804.78,,,766.0913500000004,792.2558000000004,803.8785714285705
1754769600,804.78,807.39,803.52,807.28,,,766.2661000000004,792.8532000000004,804.2780952380942
1754773200,807.28,807.56,800.55,802.48,,,766.4154500000004,793.5020000000004,804.752857142856
1754776800,802.47,805.12,798.36,798.55,,,766.5820500000004,794.0796000000004,805.2180952380941
1754780400,798.56,799.67,797.99,798.89,,,766.7467000000006,794.7410000000003,805.8657142857132
1754784000,798.89,805.45,798.89,805.32,,,766.9354500000004,795.3152000000003,806.2714285714276
1754787600,805.32,808.72,803.35,808.72,,,767.1191500000006,795.8968000000002,806.3461904761895
1754791200,808.72,809.94,807.06,808.15,,,767.3118000000005,796.3328000000002,806.4761904761895
1754794800,808.14,813.23,807.6,811.32,,,767.4781000000006,796.6762000000002,806.8642857142847
1754798400,811.32,815.58,810.35,815.25,,,767.6483500000005,796.9884000000003,807.2180952380943
1754802000,815.25,815.58,810.21,812.58,,,767.8517000000006,797.3508000000003,807.1752380952371
1754805600,812.58,812.79,804.93,808.19,,,768.0116500000007,797.7492000000004,807.4785714285704
1754809200,808.19,811.06,798.5,799.44,,,768.1865000000005,798.1784000000002,807.7504761904751
1754812800,799.44,804.18,793.92,804.01,,,768.4078500000006,798.7474000000003,807.9742857142846
1754816400,804.01,804.83,801.44,803.36,,,768.6597000000006,799.3632000000003,807.715238095237
1754820000,803.36,804.64,798.24,798.66,,,768.9006000000005,799.8828000000003,806.9161904761895
1754823600,798.66,801.89,797.22,799.19,,,769.1513000000007,800.2964000000003,806.5519047619038
1754827200,799.19,803.14,797.95,803.03,,,769.4317000000005,800.5740000000002,806.0061904761894
1754830800,803.03,803.84,797.17,797.61,,,769.7024500000006,800.8310000000002,805.5909523809513
1754834400,797.6,802.35,796.05,801.68,,,769.9934000000005,801.1004000000003,805.1190476190466
1754838000,801.68,803.69,800.69,802.15,,,770.2054500000006,801.3348000000002,804.9538095238086
1754841600,802.15,802.7,800.83,801.57,,,770.3986000000008,801.5900000000003,804.6585714285704
1754845200,801.57,802.89,800.54,802.28,,,770.5935000000007,801.8876000000004,804.5147619047609
1754848800,802.28,803.11,801.72,802.89,,,770.7664500000008,802.0518000000004,804.3161904761894
1754852400,802.89,804.78,802.7,803.15,,,770.9426000000007,802.3726000000004,804.1633333333323
1754856000,803.15,803.7,800.86,802.47,,,771.1099500000007,802.5506000000004,803.9252380952371
1754859600,802.47,802.49,799.4,802.12,,,771.2688000000006,802.7980000000003,803.9447619047609
1754863200,802.11,805.76,800.5,805.76,,,771.5125500000006,803.1416000000004,804.1638095238086
1754866800,805.77,807.19,803.1,807.19,,,771.7300500000006,803.4702000000004,804.3342857142849
1754870400,807.19,812.01,806.72,806.72,,,771.9715500000007,803.6366000000005,804.1819047619039
1754874000,806.73,813.64,806.26,811.71,,,772.2123500000007,803.8216000000003,804.0409523809514
1754877600,811.7,827.4,811.61,825.32,,,772.4554500000007,803.9518000000004,803.9952380952371
1754881200,825.34,825.4,818.18,821.26,,,772.6911500000007,804.1408000000005,803.7761904761895
1754884800,821.26,824.31,820.56,820.56,,,772.9303000000006,804.3576000000004,803.6076190476181
1754888400,820.57,824.51,819.13,820.66,,,773.1687000000006,804.5918000000004,804.2142857142849
1754892000,820.67,823.39,818.41,821.32,,,773.4587000000007,804.9524000000004,804.8366666666658
1754895600,821.32,821.39,810.2,811.88,,,773.7801000000006,805.5796000000004,805.84238095238
1754899200,811.88,816.6,809.23,815.96,,,774.0770500000006,806.0652000000003,806.6352380952372
1754902800,815.96,816,810.13,811.17,,,774.4317500000006,806.5532000000004,807.4904761904753
1754906400,811.17,811.37,806.16,806.92,,,774.8753000000006,807.0230000000004,808.1199999999992
1754910000,806.93,807.2,794.1,796.24,,,775.2964000000007,807.4236000000003,808.9185714285704
1754913600,796.24,799.8,794.33,797.33,,,775.6869500000007,807.4802000000003,809.3061904761896
1754917200,797.31,802.47,792.65,799.39,,,776.0934000000007,807.7004000000004,809.7495238095229
1754920800,799.39,805.41,798.88,803.43,,,776.5089000000006,807.7330000000003,809.4904761904753
1754924400,803.43,807.51,800.4,807.49,,,776.8875000000007,807.7138000000003,809.2609523809515
1754928000,807.49,811.98,804.02,808.49,,,777.2639000000006,807.3660000000003,809.1571428571419
1754931600,808.49,810.48,804.22,805.08,,,777.6231500000006,806.9882000000002,809.2119047619037
1754935200,805.08,810.17,801.32,810.06,,,777.9381000000005,806.7428000000003,809.4309523809513
1754938800,810.06,811.01,802.45,806.28,,,778.1993500000005,806.5150000000001,809.6852380952371
1754942400,806.28,807.65,803.91,807.45,,,778.4720000000005,806.5172000000001,809.8095238095227
1754946000,807.45,809.38,798.71,803.08,,,778.7458000000005,806.5050000000003,810.1876190476181
1754949600,803.07,803.71,797.71,802.82,,,779.0378000000005,806.4766000000003,810.21238095238
1754953200,802.82,809.93,802.45,805.21,,,779.3358500000005,806.6016000000002,810.224761904761
1754956800,805.21,814.84,803.82,813.9,,,779.6360000000005,806.6332000000002,810.0514285714277
1754960400,813.88,814.81,809.47,809.98,,,779.9230500000006,806.6558000000001,809.6280952380943
1754964000,809.96,814.58,809.8,812.76,,,780.2240500000006,806.6218000000002,808.6704761904753
1754967600,812.76,813.83,808.31,808.33,,,780.5138500000004,806.5326000000002,808.319999999999
1754971200,808.32,813.28,808.13,812.48,,,780.8023500000004,806.5872000000003,807.8161904761896
1754974800,812.49,812.49,804.04,806.51,,,781.0650000000004,806.8942000000003,807.439999999999
1754978400,806.51,809.3,803.22,807,,,781.3404500000004,807.1160000000003,806.8214285714278
1754982000,807,810.87,807,807.87,,,781.6242500000004,807.2648000000003,806.8499999999991
1754985600,807.87,808.99,805.38,805.39,,,781.9373000000005,807.2570000000004,806.3999999999991
1754989200,805.38,805.81,801.05,801.25,,,782.2299000000005,807.3436000000005,806.2014285714276
1754992800,801.25,802.03,798.55,800.64,,,782.5337000000004,807.2474000000005,806.2466666666658
1754996400,800.64,803.37,797.82,803.16,,,782.8127000000003,807.0824000000005,806.68238095238
1755000000,803.16,814.38,800.54,814.08,,,783.1190500000002,806.9882000000005,806.8690476190468
1755003600,814.08,814.09,807.11,811.13,,,783.3865000000004,806.9322000000004,806.9285714285705
1755007200,811.13,815.96,810.78,814.28,,,783.6612500000003,806.9684000000005,806.9157142857134
1755010800,814.28,820.68,813.66,820.63,,,783.9453500000003,806.9010000000006,807.2295238095229
1755014400,820.64,826.74,820.64,826.08,,,784.1799500000004,806.8970000000005,807.3552380952374
1755018000,826.08,829.52,825.14,825.59,,,784.4146000000004,807.2054000000005,807.7933333333325
1755021600,825.59,831.32,825.47,828.28,,,784.6360000000002,807.4442000000006,808.2966666666658
1755025200,828.29,832.72,828.23,831.72,,,784.8813500000002,807.6692000000006,809.239523809523
1755028800,831.72,839.81,831.25,837.51,,,785.1813500000003,808.1296000000007,810.1033333333326
1755032400,837.51,838.16,831.46,831.79,,,785.4648000000002,808.6176000000007,811.3033333333326
1755036000,831.79,835.98,830.71,834.84,,,785.7617000000002,809.0864000000006,812.679523809523
1755039600,834.84,835.83,832.44,832.49,,,786.0791000000004,809.6206000000005,814.2176190476183
1755043200,832.49,838.27,831.76,835.16,,,786.4168500000003,810.2094000000006,815.069523809523
1755046800,835.16,835.19,829.22,830.44,,,786.7596000000002,810.9018000000005,816.2533333333326
1755050400,830.44,837.55,828.28,836.45,,,787.1148000000001,811.4746000000007,817.1928571428564
1755054000,836.45,840.5,834.3,836.16,,,787.49665,812.1220000000008,818.4704761904756
1755057600,836.17,839.61,835.94,837.19,,,787.8945000000001,812.7294000000007,819.3257142857136
1755061200,837.19,839.52,834.47,836.13,,,788.2428000000001,813.3174000000006,820.7514285714278
1755064800,836.13,837.35,832.75,834.63,,,788.61165,813.7824000000007,822.1399999999992
1755068400,834.63,854.02,834.48,846.51,,,788.9715000000001,814.3770000000007,823.5361904761899
1755072000,846.51,852.33,844.4,851.83,,,789.3067500000002,814.8660000000008,824.9999999999993
1755075600,851.83,858.27,850.32,852.56,,,789.6279500000002,815.1034000000006,826.5895238095231
1755079200,852.57,856.38,849.01,853.84,,,789.9899500000001,815.4008000000008,828.773809523809
1755082800,853.84,855.58,851.16,854.73,,,790.3658,815.6822000000008,831.091428571428
1755086400,854.72,856.96,850.96,852.32,,,790.7279,816.1992000000007,832.9238095238089
1755090000,852.32,858.63,848.69,852.88,,,791.0772999999999,816.8094000000008,834.9576190476186
1755093600,852.87,853.26,845.81,845.87,,,791.41535,817.6230000000007,836.8838095238088
1755097200,845.87,848.18,838.75,841.34,,,791.8045000000001,818.3806000000009,838.3928571428564
1755100800,841.35,848.35,841.35,843.44,,,792.2289000000002,819.2518000000008,839.6690476190469
1755104400,843.44,845.78,841.99,843.64,,,792.6751500000001,820.1598000000008,840.6347619047613
1755108000,843.64,844.57,837.79,839.75,,,793.1116000000002,821.2926000000008,841.256666666666
1755111600,839.75,845.21,839.64,845.13,,,793.5816500000002,822.263400000001,841.8147619047612
1755115200,845.16,845.22,840.62,840.86,,,794.0353000000001,823.1024000000009,842.106666666666
1755118800,840.86,844.82,840.51,843.49,,,794.4801000000001,823.9026000000009,842.4857142857138
1755122400,843.49,848.94,842.89,846.27,,,794.89115,824.625600000001,842.9757142857137
1755126000,846.27,849.79,846.23,847.81,,,795.31055,825.2508000000009,843.3742857142852
1755129600,847.81,851.48,844.89,845.7,,,795.7387000000001,826.051800000001,843.7709523809518
1755133200,845.7,850.32,844.13,847.03,,,796.1477,826.6678000000009,844.5247619047614
1755136800,847.03,853.33,846.82,852.99,,,796.5260000000001,827.412000000001,845.0657142857136
1755140400,853,856.92,851.11,855.35,,,796.9258500000002,828.188400000001,845.5199999999992
1755144000,855.35,856.29,852.45,854.78,,,797.3389000000002,829.0830000000009,845.9885714285707
1755147600,854.78,857.65,850.23,851.67,,,797.7706500000002,829.940600000001,846.7914285714278
1755151200,851.67,865.82,850.26,864.33,,,798.2617500000001,830.777000000001,847.7780952380946
1755154800,864.34,864.77,855.9,858.32,,,798.7563500000001,831.5588000000009,848.1719047619041
1755158400,858.3,860.43,855.89,859.15,,,799.2287000000001,832.4662000000009,848.164285714285
1755162000,859.15,868.86,856.13,866.38,,,799.7001500000001,833.3066000000009,848.7247619047613
1755165600,866.38,869.58,857.82,859.68,,,800.20645,834.173400000001,848.9380952380948
1755169200,859.68,864.22,858.32,862.44,,,800.7415000000002,835.210400000001,849.1485714285709
1755172800,862.43,865.64,834.59,835.08,,,801.2768500000001,836.2466000000009,849.8180952380945
1755176400,835.08,847.16,821.46,844.5,,,801.7905000000001,837.289600000001,850.1419047619042
1755180000,844.5,856.67,840.25,853.11,,,802.3463500000001,838.4598000000009,850.9309523809518
1755183600,853.08,855.72,845.22,847.29,,,802.8623500000001,839.5456000000008,850.6328571428564
1755187200,847.27,848.27,834.37,835.21,,,803.4000000000001,840.7694000000009,850.6833333333327
1755190800,835.21,842.23,831.84,833.95,,,803.9803500000002,841.4582000000009,851.1342857142852
1755194400,833.95,840.96,828.53,839.14,,,804.5277000000002,842.2850000000009,851.4933333333329
1755198000,839.14,843.67,837.33,838.53,,,805.0970000000002,843.065600000001,851.0209523809519
1755201600,838.53,838.69,831.43,834.23,,,805.5125500000001,843.788800000001,850.6919047619043
1755205200,834.25,838.49,825.23,830.54,,,805.9346,844.2074000000009,850.4847619047616
1755208800,830.55,840.1,826.72,839.57,,,806.3991500000002,844.4738000000009,850.1161904761902
1755212400,839.56,843.17,838.15,840.73,,,806.8204500000003,844.7350000000009,849.4695238095235
1755216000,840.73,843.7,835.72,838.1,,,807.1975500000003,844.9938000000009,848.7476190476187
1755219600,838.09,845.46,834.28,844.87,,,807.5530500000003,845.112800000001,848.3923809523807
1755223200,844.87,845.43,841.49,841.54,,,807.9361000000004,845.089200000001,847.8085714285712
1755226800,841.54,849.84,840.46,849.19,,,808.3185500000004,845.1304000000009,846.9871428571425
1755230400,849.19,853.22,847.91,849.85,,,808.6947000000004,845.309200000001,846.5152380952377
1755234000,849.84,851.23,845.94,849.45,,,809.0344500000003,845.3744000000011,846.0328571428568
1755237600,849.38,853.96,849.37,852.73,,,809.3888500000004,845.622000000001,845.3119047619044
1755241200,852.73,853.54,846.82,848.68,,,809.7465500000003,845.7496000000009,844.9085714285711
1755244800,848.69,853.15,848.57,850.98,,,810.0995000000003,846.1246000000009,844.4466666666661
1755248400,850.98,853.03,844.79,846.6,,,810.4561500000003,846.3926000000009,843.7966666666663
1755252000,846.6,848.62,842.3,846.32,,,810.7993500000002,846.6584000000009,843.2728571428568
1755255600,846.32,848.18,843.91,844.36,,,811.1799500000002,846.969200000001,842.7271428571426
1755259200,844.33,847.72,840.29,843.99,,,811.5722500000002,847.2202000000011,843.275714285714
1755262800,843.99,845.92,831.63,832.71,,,811.9713000000002,847.5472000000009,843.3623809523806
1755266400,832.65,836.76,827.08,827.67,,,812.3905500000002,847.549000000001,842.945714285714
1755270000,827.68,828.88,816.34,819.21,,,812.7866500000002,847.4388000000009,842.7885714285711
1755273600,819.21,820.64,813.2,819.19,,,813.1793500000002,847.2748000000009,842.6695238095235
1755277200,819.19,826.35,817.54,825.09,,,813.5611000000004,847.077800000001,842.370476190476
1755280800,825.07,826.16,819.72,821.49,,,813.9530500000004,846.637400000001,841.4214285714285
1755284400,821.49,825.37,819.71,821.24,,,814.3418000000004,846.1444000000009,840.500476190476
1755288000,821.24,827,819.82,826.75,,,814.7310500000004,845.4710000000009,840.0652380952379
1755291600,826.76,827.71,823.25,826.42,,,815.0582500000003,844.9374000000009,839.6342857142854
1755295200,826.42,832.07,824.3,831.51,,,815.3630500000003,844.6124000000009,838.7614285714283
1755298800,831.51,832.46,825.64,828.34,,,815.6177000000002,844.1734000000008,838.095714285714
1755302400,828.34,835.34,826.61,834.66,,,815.8820500000002,843.7254000000008,837.5395238095235
1755306000,834.66,837.24,832.82,836.74,,,816.1744500000001,843.4654000000008,836.9033333333332
1755309600,836.75,836.76,831.92,832.39,,,816.3946000000001,843.0912000000009,836.2747619047617
1755313200,832.39,834.74,831.56,832.34,,,816.6156500000001,842.9042000000009,835.5828571428568
1755316800,832.35,837.53,832.19,837.49,,,816.8692500000001,842.601200000001,834.9585714285711
1755320400,837.49,837.51,833.06,833.06,,,817.1181999999999,842.369000000001,834.1461904761903
1755324000,833.06,834.04,830.83,832.89,,,817.4189,842.1476000000009,833.1752380952379
1755327600,832.89,836.9,832.71,835.97,,,817.6815000000001,841.881400000001,832.6423809523809
1755331200,835.97,836.82,834.59,835.99,,,817.9885500000001,841.587600000001,831.7890476190474
1755334800,835.99,836.7,830.19,830.23,,,818.2919000000002,841.2776000000009,831.1361904761903
1755338400,830.22,831.95,827.26,828.62,,,818.5628500000001,840.831800000001,830.6433333333331
1755342000,828.62,833.18,826.89,826.93,,,818.8211500000002,840.3940000000009,830.2447619047617
1755345600,826.94,830.91,825.78,830.91,,,819.1017000000002,840.0800000000011,829.5895238095235
1755349200,830.91,833.57,828.55,829.19,,,819.3506000000001,839.5132000000009,829.3947619047616
1755352800,829.19,835.42,828.83,835.35,,,819.5790500000002,838.9514000000011,829.3595238095235
1755356400,835.35,835.95,832.04,832.2,,,819.8149000000002,838.3408000000011,829.9166666666663
1755360000,832.2,835.23,832.03,834.55,,,820.0614000000002,837.551800000001,830.3928571428568
1755363600,834.56,834.56,831.81,834.3,,,820.2982000000002,836.976400000001,830.8814285714283
1755367200,834.3,835.68,833.48,835.16,,,820.5190000000002,836.311400000001,831.3914285714283
1755370800,835.16,836.84,834.94,834.98,,,820.7206500000002,836.316800000001,832.0252380952379
1755374400,834.98,836.61,834.05,836.61,,,820.9376500000002,836.0708000000009,832.3847619047618
1755378000,836.61,836.65,835.43,835.43,,,821.1558000000001,835.6996000000009,832.8009523809521
1755381600,835.43,837.73,834.44,837.15,,,821.3767500000001,835.4398000000008,832.9661904761901
1755385200,837.16,839.83,836.03,839.26,,,821.5883000000001,835.4388000000008,833.3599999999997
1755388800,839.26,850.38,838.61,847.74,,,821.8263500000003,835.4594000000009,833.3966666666664
1755392400,847.75,851.68,843.77,848.91,,,822.0657000000002,835.4088000000007,833.4161904761902
1755396000,848.91,850.12,844.77,846.96,,,822.3007500000002,835.3468000000008,833.743333333333
1755399600,846.96,847.42,844.1,845.13,,,822.5286500000002,835.4052000000007,834.4766666666665
1755403200,845.13,849.41,845.09,849.21,,,822.7835000000002,835.5796000000008,835.0204761904761
1755406800,849.21,850.71,848.24,848.28,,,822.9944000000002,835.7430000000007,835.6823809523806
1755410400,848.29,852.07,848.19,849.85,,,823.2341500000002,835.9066000000007,836.2652380952379
1755414000,849.85,855.94,849.07,854.79,,,823.5049500000002,836.0838000000008,836.895714285714
1755417600,854.79,857.42,852.2,857.29,,,823.8113500000003,836.0890000000009,837.4809523809521
1755421200,857.29,864.33,857.28,862.31,,,824.0817500000003,836.2424000000008,838.415238095238
1755424800,862.33,862.84,859.77,860.57,,,824.3504500000003,836.2242000000007,839.6614285714284
1755428400,860.57,863.63,860.19,862.1,,,824.5980500000002,836.2242000000007,841.1071428571427
1755432000,862.12,862.6,858.3,859.12,,,824.8625500000002,836.3310000000006,842.6023809523808
1755435600,859.12,859.59,855.94,858.39,,,825.1222000000002,836.4222000000005,844.0966666666665
1755439200,858.39,859.65,856.87,858.59,,,825.3964000000003,836.6948000000007,845.370476190476
1755442800,858.59,862.26,858.2,860.53,,,825.7019500000004,836.8866000000007,846.6523809523807
1755446400,860.53,861.79,855.4,856.56,,,826.0186000000003,837.1966000000007,847.7876190476187
1755450000,856.56,856.97,853.82,855.81,,,826.3452500000004,837.4526000000006,848.9442857142855
1755453600,855.81,856.46,849.19,852.62,,,826.6673000000003,837.7332000000007,850.1523809523807
1755457200,852.61,855.31,851.63,851.83,,,826.9919500000003,838.0252000000007,851.1799999999997
1755460800,851.83,853.74,851.26,852.78,,,827.2811000000003,838.5816000000008,852.0942857142855
1755464400,852.79,855.05,851.61,854.59,,,827.5278000000004,839.1594000000008,852.9128571428569
1755468000,854.59,858.6,854.52,858.46,,,827.7960000000004,839.8914000000009,853.6119047619044
1755471600,858.46,859.44,855.48,855.88,,,828.0509500000004,840.5600000000009,854.2557142857139
1755475200,855.88,858.44,851.79,857.53,,,828.2943500000002,841.0948000000006,854.5819047619045
1755478800,857.53,859.01,844.53,844.57,,,828.5052500000003,841.7206000000007,855.0366666666663
1755482400,844.55,845.31,836.84,837.83,,,828.6872500000004,842.3876000000008,855.4614285714283
1755486000,837.81,838.93,832.41,836.24,,,828.8881000000005,843.0218000000008,856.0519047619046
1755489600,836.24,839.81,833.38,838.01,,,829.0779000000003,843.6110000000008,855.8309523809522
1755493200,838.02,839.99,829.17,835.82,,,829.3139500000003,844.1314000000007,855.3333333333331
1755496800,835.83,835.86,825.58,829.27,,,829.5607500000002,844.4560000000008,854.6852380952379
1755500400,829.27,831.08,827.61,830.66,,,829.8076500000003,844.5194000000009,853.8861904761903
1755504000,830.66,834.08,829.05,832.21,,,830.0762500000003,844.5094000000009,852.8638095238093
1755507600,832.21,837.87,830.14,832.98,,,830.2756000000003,844.6218000000008,851.2904761904759
1755511200,832.98,833.56,830.46,831.55,,,830.4331500000003,844.6914000000007,849.8661904761902
1755514800,831.55,832.71,830.72,831.99,,,830.5904500000004,844.5270000000008,848.4428571428571
1755518400,831.99,840.17,831.07,840.17,,,830.7441000000003,844.4790000000008,847.1980952380951
1755522000,840.17,840.75,832.73,832.73,,,830.9108000000003,844.465400000001,845.9199999999998
1755525600,832.73,839.3,832.72,839.21,,,831.0644000000003,844.4056000000008,844.6533333333332
1755529200,839.2,842.84,836.44,842.32,,,831.2232500000005,844.316800000001,843.6838095238094
1755532800,842.32,844.18,839.06,840,,,831.3577000000004,844.3520000000009,842.5490476190475
1755536400,840.03,848.44,839.22,846.29,,,831.4790000000004,844.5830000000009,841.7585714285713
1755540000,846.29,846.77,843.33,846.24,,,831.5960000000003,844.6990000000009,841.2680952380952
1755543600,846.24,847.16,842.95,845.44,,,831.6993500000004,844.8650000000009,840.7047619047619
1755547200,845.45,847.39,843.22,846.07,,,831.8239500000004,845.1276000000008,840.3957142857141
1755550800,846.07,847.16,844.08,846.4,,,831.9247000000005,845.2206000000009,839.9980952380952
1755554400,846.41,856.27,846.41,854.69,,,832.0798000000004,845.5024000000009,839.3780952380952
1755558000,854.68,855.34,846.95,847.32,,,832.2942000000006,845.7362000000008,838.9109523809524
1755561600,847.3,850.63,840.55,849.47,,,832.4741500000005,845.959000000001,838.3809523809524
1755565200,849.42,850.35,842.63,842.99,,,832.6888000000005,846.1772000000009,838.8628571428573
1755568800,842.99,852.12,841.08,850.78,,,832.9267000000004,846.405600000001,839.3147619047619
1755572400,850.78,852.21,841.91,842.43,,,833.1579500000004,846.7672000000009,839.9447619047621
1755576000,842.43,849.61,838,849.27,,,833.3731500000005,847.0050000000009,840.1819047619049
1755579600,849.27,850.13,842.81,844.11,,,833.6171000000004,847.2514000000009,840.8942857142858
1755583200,844.12,844.42,841.04,841.8,,,833.8821500000004,847.3260000000008,841.5209523809525
1755586800,841.8,842.24,835.96,838.64,,,834.1080000000005,847.3868000000008,842.4071428571428
1755590400,838.65,842.41,836.32,841.36,,,834.3475000000004,847.2572000000009,842.9738095238093
1755594000,841.36,845.77,840.96,844.84,,,834.5510500000004,847.3034000000008,843.3938095238094
1755597600,844.84,846.83,843.93,844.67,,,834.7905000000005,847.2830000000008,843.7314285714284
1755601200,844.67,848.64,844.66,846.81,,,834.9869000000003,847.1348000000007,844.1776190476188
1755604800,846.81,846.89,843.61,845.45,,,835.2209000000004,846.9420000000007,844.3999999999999
1755608400,845.44,848.09,840.41,843.01,,,835.4308500000003,846.7722000000006,844.9685714285713
1755612000,843.01,846.21,830.53,830.97,,,835.6110500000004,846.5732000000006,845.3304761904761
1755615600,830.97,838.21,830.26,832.49,,,835.7683000000003,846.3208000000008,845.4795238095238
1755619200,832.49,833.03,827.07,827.96,,,835.9415000000004,846.0108000000007,845.622857142857
1755622800,827.96,834.25,825.92,833.97,,,836.1071500000004,845.7084000000009,844.8933333333332
1755626400,833.94,834.49,826.4,828.03,,,836.2039000000004,845.3266000000008,844.2385714285714
1755630000,828.02,835.54,825.43,833.09,,,836.3316500000005,844.7636000000007,843.4061904761902
1755633600,833.09,836.71,829.83,836.02,,,836.4561000000004,844.2456000000006,842.8299999999998
1755637200,836.02,837.47,834.87,837.01,,,836.5678500000005,843.6330000000006,841.955238095238
1755640800,837.01,837.09,833.63,835.45,,,836.6161000000006,843.1018000000007,840.9266666666666
1755644400,835.46,835.49,823.43,824.44,,,836.7191500000007,842.5312000000007,840.3885714285713
1755648000,824.44,829.36,823.65,825.34,,,836.7791500000005,842.0768000000006,839.795238095238
1755651600,825.34,830.51,818.56,828.25,,,836.8931500000006,841.7448000000007,839.4361904761903
1755655200,828.24,831.01,826.65,830.31,,,836.9987000000006,841.4484000000007,838.1819047619045
1755658800,830.31,836.96,829.24,836.42,,,837.1829500000006,841.1018000000007,837.3680952380951
1755662400,836.42,837.07,834.54,835.78,,,837.3764000000007,840.4988000000006,836.3671428571427
1755666000,835.78,836.11,833.36,834.4,,,837.5645000000007,839.8364000000006,835.7099999999998
1755669600,834.4,836.86,832.5,836.28,,,837.7246000000007,839.2838000000005,835.4538095238092
1755673200,836.28,837.3,833.79,834.23,,,837.8093500000007,838.7394000000005,835.317619047619
1755676800,834.22,834.77,832.85,834.2,,,837.8936000000008,838.5764000000004,834.9861904761902
1755680400,834.2,834.42,828.75,829.26,,,838.0094500000007,838.5354000000005,834.5785714285713
1755684000,829.26,833.89,829.25,833.53,,,838.1107000000006,838.4986000000005,834.0814285714283
1755687600,833.53,834.25,826.28,830.87,,,838.2614000000005,838.4640000000005,833.4809523809521
1755691200,830.88,834.19,829.71,832.61,,,838.4030500000007,838.4322000000004,832.7099999999998
1755694800,832.61,832.62,823.31,824.42,,,838.5596500000007,838.5308000000005,832.2585714285713
1755698400,824.42,830.66,818.93,828.66,,,838.7269500000007,838.5028000000004,832.2538095238093
1755702000,828.67,837.31,828.18,832.76,,,838.8720500000006,838.5292000000003,832.2595238095234
1755705600,832.76,843.58,832.76,840.2,,,838.9735500000005,838.4870000000004,832.0909523809522
1755709200,840.2,847.28,839.15,845.03,,,839.0699500000005,838.5082000000003,831.838095238095
1755712800,845.05,853.46,843.07,853.3,,,839.1738000000005,838.3568000000004,832.063333333333
1755716400,853.3,869.8,853.08,869,,,839.2865000000005,838.1266000000005,832.4019047619046
1755720000,869,874.98,866.62,872.78,,,839.3871500000006,838.1272000000005,832.8309523809521
1755723600,872.78,880.59,871.39,877.24,,,839.4767000000006,838.1470000000004,833.6066666666663
1755727200,877.24,879.71,873.4,875.55,,,839.5850000000005,838.2012000000004,835.2042857142854
1755730800,875.56,876.79,868.71,868.98,,,839.7094500000005,838.4672000000003,837.5061904761903
1755734400,868.98,876.14,867.43,874.79,,,839.8835000000005,838.9214000000003,839.9776190476189
1755738000,874.79,883.85,870.79,882.74,,,840.1024000000004,839.4522000000003,842.2299999999998
1755741600,882.74,882.75,867.1,869.22,,,840.3657000000005,840.0882000000004,844.0714285714282
1755745200,869.22,873.44,866.38,866.39,,,840.6949000000005,840.6778000000003,845.8985714285712
1755748800,866.39,866.4,862.91,863.86,,,840.9884000000005,841.1294000000003,848.1347619047616
1755752400,863.86,864.65,858.36,863.42,,,841.3189500000004,841.5314000000002,849.7928571428569
1755756000,863.42,866.53,861.39,864.86,,,841.6253000000004,842.2398000000001,851.2266666666666
1755759600,864.86,864.86,858.18,862.5,,,841.8670500000004,842.6348000000002,852.6376190476188
1755763200,862.5,864.38,856.8,856.8,,,842.1106000000004,843.1028000000001,854.0290476190473
1755766800,856.8,856.91,849.55,851.51,,,842.3963500000004,843.3644000000002,855.7242857142853
1755770400,851.52,852.15,849.87,850.66,,,842.6010500000004,843.7842000000002,857.1038095238092
1755774000,850.66,854.98,850.17,851.42,,,842.7744000000004,844.0960000000002,858.3385714285711
1755777600,851.42,853.71,846.87,848.11,,,842.9061500000004,844.4638000000002,859.238571428571
1755781200,848.11,853.7,847.46,850.73,,,843.0643000000002,844.7638000000002,860.4880952380947
1755784800,850.74,856.49,847.32,850.41,,,843.2144000000003,845.0212000000002,861.5719047619043
1755788400,850.41,850.85,841.23,841.85,,,843.3644500000003,845.2072000000002,862.3028571428566
1755792000,841.85,844.58,838.42,838.51,,,843.4726500000003,845.3388,862.8042857142854
1755795600,838.49,843.44,838.06,842.11,,,843.5780000000003,845.4076000000002,863.0604761904757
1755799200,842.11,842.69,837.18,840.17,,,843.6490500000003,845.4860000000002,862.5152380952377
1755802800,840.17,841.78,835.22,836.37,,,843.7253500000003,845.5852000000002,861.0633333333329
1755806400,836.35,840.99,833.57,838.68,,,843.7799500000004,845.5620000000001,859.6028571428568
1755810000,838.68,840.68,835.6,839.59,,,843.8529500000003,845.7128000000001,857.8376190476187
1755813600,839.59,842.78,838.79,842.14,,,843.9318500000003,845.9052000000001,855.9719047619044
1755817200,842.14,842.16,837.69,839.41,,,843.9085500000002,846.1494000000001,854.5290476190471
1755820800,839.41,843.69,839.21,841.89,,,843.8419500000002,846.1974,852.8528571428568
1755824400,841.88,846.1,839.06,846.09,,,843.7897000000003,846.4104000000001,850.9195238095233
1755828000,846.09,853.02,845.81,848.77,,,843.7213500000003,846.5404000000002,849.4999999999997
1755831600,848.77,851.1,844.67,845.43,,,843.6295500000003,846.6628000000003,848.3333333333328
1755835200,845.43,850.51,845.42,849.09,,,843.5613500000004,846.7108000000002,847.4871428571423
1755838800,849.1,851.63,848.54,850,,,843.4949000000001,846.8396000000002,846.7895238095234
1755842400,850,850.65,845.61,849.85,,,843.4762500000002,847.2726000000002,845.8642857142853
1755846000,849.85,854.21,849.46,850.95,,,843.4666000000002,847.7412000000004,845.2257142857138
1755849600,850.95,854.95,850.86,851.5,,,843.4588500000002,848.0848000000002,844.9019047619042
1755853200,851.5,852.54,846.71,848.72,,,843.4711000000003,848.4604000000003,844.8228571428566
1755856800,848.72,848.8,844.5,846.79,,,843.5162000000003,848.7320000000003,844.8366666666661
1755860400,846.79,850.04,844.21,848.74,,,843.5177000000003,849.0134000000003,844.8404761904756
1755864000,848.74,850.05,842.66,847.99,,,843.5588500000002,849.3444000000003,844.8695238095232
1755867600,847.99,853.96,846.06,850.27,,,843.5914000000001,849.6488000000002,844.6819047619041
1755871200,850.27,874.39,850.26,872.2,,,843.6093000000001,849.9386000000002,844.6023809523801
1755874800,872.17,881.68,872.13,876.19,,,843.6250000000001,850.1904000000001,844.894761904761
1755878400,876.22,885.42,876.13,884.3,,,843.6540000000002,850.5800000000002,845.454761904761
1755882000,884.3,896.52,884.3,894.38,,,843.6624500000003,850.8692000000001,846.8876190476183
1755885600,894.38,897.89,890.88,892.45,,,843.6314500000002,851.2572,848.6028571428562
1755889200,892.45,896.61,891.51,894.38,,,843.5984000000003,852.0490000000001,850.8852380952372
1755892800,894.39,895.72,892.41,895.63,,,843.5644500000002,853.0844000000001,853.5376190476184
1755896400,895.63,899.76,895.38,897.09,,,843.5574500000002,854.1972000000001,856.0547619047613
1755900000,897.09,897.79,893.76,895.76,,,843.5968000000003,855.4296,858.5423809523804
1755903600,895.76,900.02,895.75,899.99,,,843.6861500000003,856.4746,861.2195238095234
1755907200,899.99,899.99,890.29,890.31,,,843.8119000000003,857.4616000000001,863.8480952380946
1755910800,890.33,890.65,881.16,887.99,,,843.9519000000001,858.3082,866.2133333333326
1755914400,887.99,888.4,875.54,883.66,,,844.1157500000003,858.87,868.6523809523803
1755918000,883.66,884.37,879.59,882.45,,,844.2754500000003,859.3296,870.7895238095232
1755921600,882.45,887.1,882.29,887.09,,,844.5782000000003,859.7846000000001,872.6419047619042
1755925200,887.09,892.79,886.29,890.74,,,844.8411500000002,860.0798,874.2447619047612
1755928800,890.74,891.3,887.59,889.1,,,845.0544000000002,860.46,875.7971428571423
1755932400,889.1,891.38,886.48,886.97,,,845.3179000000001,860.6374000000001,877.5180952380948
1755936000,886.97,891.03,884.25,889.95,,,845.5934,860.6316,879.3866666666661
1755939600,889.94,896.35,888.19,893.28,,,845.8636,860.9889999999999,881.3095238095232
1755943200,893.29,893.3,886.02,886.22,,,846.0862,861.4759999999999,883.2228571428565
1755946800,886.22,891.32,885.89,888,,,846.3058,861.9807999999998,885.1852380952374
1755950400,888,891.6,885.12,890.44,,,846.5701000000001,862.4517999999999,887.3419047619041
1755954000,890.44,893.71,888.87,891.97,,,846.8711,862.9536,889.053809523809
1755957600,891.97,892.68,887.29,888.51,,,847.11875,863.5692,889.80619047619
1755961200,888.51,890.52,888.12,888.35,,,847.3499499999999,864.1576,890.4847619047614
1755964800,888.34,889.41,881.56,883.59,,,847.6092,864.8874,890.8499999999996
1755968400,883.59,884.84,878.8,880.83,,,847.8512499999998,865.683,890.5704761904758
1755972000,880.83,882.23,880.52,881.58,,,848.0746499999998,866.4939999999999,890.3752380952376
1755975600,881.58,883.66,881.15,883.05,,,848.2686999999999,867.302,889.8614285714282
1755979200,883.05,883.05,880.5,881.85,,,848.4716499999998,868.0544,889.1566666666664
1755982800,881.85,881.86,879.46,879.92,,,848.6842499999999,868.7180000000001,888.4180952380948
1755986400,879.92,882.33,879.62,881.98,,,848.8631499999997,869.4976000000001,887.8128571428567
1755990000,881.98,883.56,879.64,880.1,,,849.0614999999998,870.359,886.9490476190471
1755993600,880.11,886.06,879.97,885.29,,,849.2245499999997,871.1777999999999,886.4542857142852
1755997200,885.29,885.29,880.61,881.85,,,849.3956999999998,872.0114,886.1680952380948
1756000800,881.85,883.18,876.28,876.71,,,849.5719999999997,872.8824000000001,885.9985714285709
1756004400,876.71,879.05,874.28,878.27,,,849.7654499999996,873.7484,886.1338095238088
1756008000,878.27,881.8,878.27,880.43,,,849.9547499999996,874.5586,885.8842857142852
1756011600,880.41,880.64,875.31,877.62,,,850.1907999999997,875.4216,885.21619047619
1756015200,877.62,877.63,870.42,870.91,,,850.4623499999997,876.2704000000001,884.7004761904758
1756018800,870.91,874.23,870.01,870.01,,,850.7667999999998,876.9668,884.3890476190472
1756022400,870,871.68,867.63,869.15,,,851.0972999999998,877.6104000000003,883.8019047619042
1756026000,869.15,870.91,867.78,868.36,,,851.3810999999997,878.2436000000001,882.7366666666662
1756029600,868.36,868.4,861.64,862.05,,,851.6571999999998,878.8874000000002,881.9647619047613
1756033200,862.05,863.48,860.21,861.14,,,851.9423499999997,879.3238000000002,881.0671428571424
1756036800,861.14,861.94,859.66,860.91,,,852.2107499999998,879.7240000000003,880.0157142857139
1756040400,860.93,865.14,860.65,862.8,,,852.4667499999999,880.1100000000001,878.5909523809519
1756044000,862.8,868.1,861.01,867.99,,,852.6637499999998,880.4582000000003,877.2876190476186
1756047600,867.99,871.91,865.24,867.07,,,852.8720999999999,880.6692000000002,875.980952380952
1756051200,867.07,868.8,865.68,867.07,,,853.0445499999998,880.9176000000001,874.990952380952
1756054800,867.07,875.44,867.05,873.7,,,853.20265,881.2000000000002,874.3795238095233
1756058400,873.67,882.44,872.24,879.39,,,853.3509499999999,881.4812000000003,873.6885714285709
1756062000,879.39,881.26,859.73,869.14,,,853.4949499999998,881.8812000000003,872.9276190476187
1756065600,869.13,871.69,860.15,868.77,,,853.6120499999998,882.2172000000002,872.5395238095234
1756069200,868.78,878.3,866.2,875.69,,,853.7607499999998,882.1146000000002,872.5142857142853
1756072800,875.69,878.39,871.69,877.26,,,853.9362499999999,882.0648000000001,871.9028571428569
1756076400,877.28,879.81,875.26,876.09,,,854.0917499999999,881.9666000000001,871.363333333333
1756080000,876.09,878.19,865.7,873.06,,,854.2471499999999,881.4618000000003,870.9061904761902
1756083600,873.06,877.19,871.89,874.82,,,854.4644999999999,880.9882000000002,870.6876190476188
1756087200,874.82,879.45,874.74,878.96,,,854.7183499999999,880.6144000000002,870.6580952380949
1756090800,878.97,880.54,875.05,876.06,,,854.9293999999999,880.2470000000003,870.4099999999996
1756094400,876.06,877.63,874.2,877.07,,,855.1186999999998,879.8270000000002,870.142857142857
1756098000,877.08,879.27,873.9,874.17,,,855.3511999999998,879.3730000000002,870.2066666666665
1756101600,874.17,874.91,862.94,863.34,,,855.5607499999999,878.8696000000002,870.4519047619046
1756105200,863.33,867.71,857.9,858.39,,,855.7801999999997,878.6426000000001,870.7880952380953
1756108800,858.39,863.8,853.87,860.56,,,855.9727499999998,878.4040000000002,871.0271428571426
1756112400,860.57,860.92,857.34,860.86,,,856.1753499999998,878.2722000000003,870.7880952380953
1756116000,860.86,860.86,850.66,851.71,,,856.3943499999998,878.1066000000003,870.6138095238096
1756119600,851.71,855.56,850.97,854.3,,,856.5997499999997,877.6316000000003,870.5861904761905
1756123200,854.3,862.83,853.9,862.8,,,856.8020499999999,876.9846000000003,870.5838095238096
1756126800,862.8,862.83,855.3,860.36,,,856.9957499999998,876.4138000000004,870.0557142857144
1756130400,860.37,871.3,859.19,870.38,,,857.1266999999998,875.8916000000004,869.4038095238096
1756134000,870.37,871,862.16,863.32,,,857.2223499999999,875.1268000000002,869.2004761904764
1756137600,863.33,870.05,861.31,866.08,,,857.2864499999997,874.3472000000003,868.8809523809525
1756141200,866.09,866.85,861.89,863.71,,,857.3461999999998,873.8788000000003,868.7228571428574
1756144800,863.71,867.02,862.65,865.26,,,857.3699499999998,873.3260000000002,867.9576190476192
1756148400,865.26,865.82,853.44,853.69,,,857.4157999999999,872.9248000000002,867.8119047619049
1756152000,853.7,857.31,838.05,838.06,,,857.4837499999999,872.3518000000003,867.5709523809526
1756155600,838.06,842.98,833.45,838.88,,,857.5441499999998,871.9032000000002,867.0742857142859
1756159200,838.88,845.94,838.55,842.18,,,857.6467999999998,871.4104000000002,865.951904761905
1756162800,842.18,842.22,837.09,839.23,,,857.6894499999997,871.0438000000004,864.1409523809525
1756166400,839.23,842.31,830.31,833.1,,,857.7333999999996,870.5010000000003,862.5133333333337
1756170000,833.1,845.28,831.26,845.08,,,857.7403999999998,869.6306000000003,860.959047619048
1756173600,845.08,849.52,844.2,847.41,,,857.7638499999997,868.7472000000002,859.0671428571432
1756177200,847.42,848.04,843.41,844.64,,,857.7217999999997,867.9538000000002,857.0214285714289
1756180800,844.64,847.75,844.63,845.91,,,857.6164999999996,867.1400000000003,855.4980952380955
1756184400,845.91,847.44,843.92,845.24,,,857.5189499999996,866.1624000000004,854.2238095238099
1756188000,845.24,846.83,840.48,841.31,,,857.4368999999997,865.4620000000002,853.3333333333338
1756191600,841.31,846.32,839.37,842.84,,,857.3303999999998,864.7044000000003,852.7390476190482
1756195200,842.84,845.19,841.46,843,,,857.2130999999997,863.9602000000002,852.0095238095244
1756198800,843,844.52,841.43,844.16,,,857.1594499999997,863.3442000000001,851.078571428572
1756202400,844.16,844.97,842.34,843.11,,,857.1333999999997,862.6836000000002,850.6561904761911
1756206000,843.11,844.58,839.56,841.76,,,857.0974499999996,861.9012000000001,850.1180952380959
1756209600,841.76,850.81,839.09,847.14,,,857.0630999999998,861.2056000000001,849.2304761904769
1756213200,847.14,849.11,841.19,846.31,,,857.0163499999998,860.6474000000002,848.4090476190481
1756216800,846.31,853.23,843.79,852.45,,,856.9305999999998,860.1304000000002,847.0461904761912
1756220400,852.46,853.88,848.31,849.74,,,856.8653999999998,859.6096000000002,846.2757142857148
1756224000,849.74,857,849.5,856.02,,,856.7927499999998,859.0776000000004,845.3342857142865
1756227600,856.02,856.19,850.23,851.71,,,856.7906999999999,858.7794000000004,844.798095238096
1756231200,851.71,856.86,851.52,855.45,,,856.8170999999999,858.4828000000005,844.0590476190484
1756234800,855.45,861.13,853.77,860.82,,,856.8446999999999,858.3136000000004,844.1700000000009
1756238400,860.82,863.8,859.97,863.8,,,856.8903499999999,858.0524000000004,844.820000000001
1756242000,863.79,863.82,861.13,862.66,,,856.9428,857.8130000000003,845.6090476190485
1756245600,862.66,865.39,862.18,865.08,,,857.0587,857.5058000000001,846.4966666666676
1756249200,865.08,868.03,862.63,863.78,,,857.1541000000001,857.2734000000003,847.6666666666675
1756252800,863.78,864.08,859.93,860.92,,,857.27315,857.0158000000004,849.0742857142865
1756256400,860.92,861.8,858.42,860.95,,,857.3668000000001,856.7040000000002,850.0266666666676
1756260000,860.95,864.43,858.81,863.09,,,857.4863,856.5744000000003,850.8061904761913
1756263600,863.09,864.38,857.5,862.33,,,857.6304500000001,856.5006000000004,851.5814285714293
1756267200,862.34,866.64,861.87,864.34,,,857.7486,856.2624000000005,852.29761904762
1756270800,864.35,864.87,860.79,861.34,,,857.8982500000001,855.9356000000004,853.1476190476199
1756274400,861.34,861.5,858.25,858.79,,,858.0276000000001,855.6328000000004,854.1485714285723
1756278000,858.79,859.5,856.64,857.24,,,858.1349,855.4334000000003,855.1723809523818
1756281600,857.24,858.55,853.06,857.26,,,858.2395000000001,855.1836000000004,856.0457142857152
1756285200,857.26,860.06,856.79,857.69,,,858.3128000000002,854.8912000000004,856.742380952382
1756288800,857.69,859.56,856.38,856.83,,,858.39705,854.5968000000004,857.4152380952391
1756292400,856.83,860.04,856.6,859.47,,,858.4815000000001,854.2312000000004,858.1533333333344
1756296000,859.47,860.78,856.34,859.65,,,858.57285,853.8926000000006,858.6557142857154
1756299600,859.65,862.23,856.27,859.19,,,858.64755,853.7710000000005,859.1566666666675
1756303200,859.19,865.4,857.79,862.45,,,858.6680499999999,853.7570000000005,859.4909523809533
1756306800,862.45,866,861.49,864.94,,,858.71765,853.6824000000006,859.9628571428581
1756310400,864.95,866.35,861.35,864.35,,,858.7566,853.6546000000006,860.1138095238103
1756314000,864.36,866.95,862.2,866.21,,,858.8301000000001,853.8134000000007,860.6252380952388
1756317600,866.21,867.22,863.09,863.09,,,858.86035,853.9112000000006,861.0771428571437
1756321200,863.09,864.17,858.93,860.79,,,858.94555,853.9042000000005,861.2452380952388
1756324800,860.79,865.4,855.79,864.94,,,858.9974500000001,853.9958000000007,861.3600000000009
1756328400,864.94,865.89,858.87,859.92,,,859.0728500000001,853.8752000000007,861.3804761904771
1756332000,859.92,860.05,854.53,858.04,,,859.1761,853.9330000000006,861.1761904761913
1756335600,858.04,859.51,854.93,855.5,,,859.3076000000001,853.8732000000007,861.2314285714293
1756339200,855.48,858.79,851.32,853.82,,,859.42255,853.8148000000006,861.1838095238103
1756342800,853.82,857.45,853.77,856.37,,,859.5294,853.8084000000007,861.0452380952388
1756346400,856.37,857.89,855,856.63,,,859.6215000000001,853.9330000000006,860.6838095238103
1756350000,856.63,864.32,856.22,864.27,,,859.6914000000002,854.3326000000006,860.278571428572
1756353600,864.24,868.82,863.09,868.6,,,859.7888500000001,854.6650000000008,859.8990476190481
1756357200,868.6,872.67,866.9,868.68,,,859.8734000000003,854.8978000000009,859.6747619047625
1756360800,868.68,871.62,868.55,871.43,,,860.0087500000003,855.2406000000009,859.9357142857149
1756364400,871.43,872.48,868.43,869.26,,,860.1238000000002,855.7112000000006,860.4766666666673
1756368000,869.26,872.97,869.03,869.84,,,860.2531000000001,856.0950000000008,861.0204761904768
1756371600,869.83,869.88,865.64,865.91,,,860.3651000000002,856.5188000000007,861.6747619047625
1756375200,865.91,870.64,865.26,870.63,,,860.5081000000001,856.9996000000008,862.2666666666673
1756378800,870.63,874.26,869.27,874.23,,,860.6640000000001,857.5100000000007,862.7604761904768
1756382400,874.23,877.16,871.66,876.75,,,860.8269,857.9904000000008,863.0585714285719
1756386000,876.75,879.22,873.23,874.01,,,860.9852500000001,858.5610000000008,863.6033333333339
1756389600,874.01,875.39,868.26,874.5,,,861.1651500000002,859.0224000000007,864.1642857142863
1756393200,874.5,874.55,866.59,869.59,,,861.3892500000002,859.5750000000007,864.7266666666671
1756396800,869.58,871.82,863.77,864.7,,,861.6117500000001,860.1764000000007,865.1866666666671
1756400400,864.7,880.91,864.29,875.75,,,861.80005,860.8492000000007,865.581428571429
1756404000,875.75,878.58,869.12,870.44,,,862.00165,861.4942000000009,865.8909523809531
1756407600,870.43,873.01,868.44,868.52,,,862.1907000000002,862.0414000000007,866.0771428571435
1756411200,868.52,870.71,868.08,869.61,,,862.3955500000002,862.5070000000007,866.5919047619053
1756414800,869.61,873.39,869.31,873.04,,,862.5936000000002,862.7520000000007,867.0928571428577
1756418400,873.04,877.05,873.04,877.02,,,862.7847000000002,863.2722000000008,867.5919047619053
1756422000,877.02,877.1,873.45,873.53,,,862.9615000000001,863.5606000000007,868.2638095238101
1756425600,873.53,877.96,873.48,875.15,,,863.1140000000003,863.8968000000007,869.1790476190482
1756429200,875.15,876.8,872.06,873.9,,,863.3464500000002,864.1800000000007,870.1623809523817
1756432800,873.9,876.55,872.37,873.04,,,863.5310000000001,864.4244000000008,870.9671428571435
1756436400,873.04,874.54,872.29,873.27,,,863.7192500000002,864.6888000000006,871.4852380952385
1756440000,873.27,873.63,870.07,870.12,,,863.9042500000002,864.9062000000006,871.7376190476197
1756443600,870.1,870.93,868.33,870.45,,,864.1473500000003,865.1076000000005,871.9452380952386
1756447200,870.45,871.23,864.66,865.79,,,864.3891500000004,865.3100000000004,872.0328571428576
1756450800,865.79,865.81,856.02,857.17,,,864.5930000000003,865.5524000000005,872.07380952381
1756454400,857.17,860.54,852.78,852.82,,,864.7677500000004,865.7988000000005,872.1028571428576
1756458000,852.82,856.53,850.4,856.21,,,864.9121000000004,865.9394000000007,872.0971428571432
1756461600,856.22,858.65,855.41,855.69,,,865.0108000000004,866.1018000000007,871.456190476191
1756465200,855.69,857.86,853.67,854.64,,,865.0321500000002,866.1308000000006,870.4366666666671
1756468800,854.64,864.65,854.61,864.31,,,865.0188500000004,866.0474000000006,869.4585714285719
1756472400,864.31,864.6,855.25,857.09,,,864.9849000000004,865.9280000000006,868.5861904761911
1756476000,857.09,862.61,852.62,857.89,,,864.9361000000005,865.9074000000006,867.6404761904768
1756479600,857.86,861.62,857.22,858.4,,,864.8770500000005,865.8760000000005,867.3890476190483
1756483200,858.4,859.94,854.36,858.74,,,864.7672000000005,865.8150000000004,867.0266666666672
1756486800,858.73,858.85,853.99,856.27,,,864.6345500000003,865.9646000000005,866.176190476191
1756490400,856.27,858.04,853.64,854.36,,,864.5669000000003,865.9170000000004,865.6028571428578
1756494000,854.37,860.63,853.08,858.26,,,864.5081500000005,865.8818000000006,865.1371428571434
1756497600,858.27,858.68,854.92,855.6,,,864.5104000000003,865.8660000000004,864.5019047619053
1756501200,855.61,859.64,853.62,858.97,,,864.4787500000004,865.7918000000005,863.6123809523815
1756504800,858.97,859.51,857.01,859.44,,,864.4439000000004,865.6184000000005,862.7190476190483
1756508400,859.44,863.98,859.09,862.28,,,864.4234000000002,865.4186000000004,861.8652380952387
1756512000,862.28,862.36,857.27,859.48,,,864.4331000000003,865.2596000000005,861.0947619047627
1756515600,859.48,860.52,852.53,852.89,,,864.4569000000004,865.1098000000004,860.4061904761911
1756519200,852.89,859.37,852.52,856.57,,,864.4754000000003,865.0734000000004,859.8938095238102
1756522800,856.59,861.78,856.45,860.51,,,864.5096000000002,864.9634000000004,859.2371428571436
1756526400,860.49,861.56,857.67,857.68,,,864.5470500000001,865.0106000000004,858.4166666666672
1756530000,857.68,860.07,857.18,858.67,,,864.5882500000001,865.0394000000003,857.7557142857149
1756533600,858.67,861.55,858.67,860.95,,,864.6334000000002,864.9872000000003,857.5042857142862
1756537200,860.95,861.37,859.95,860.44,,,864.7355500000001,865.0422000000003,857.5285714285719
1756540800,860.44,861.17,859.45,859.45,,,864.8404000000003,865.1250000000003,857.8071428571434
1756544400,859.45,860.12,858.41,859.37,,,864.8943000000003,865.1460000000003,858.0328571428576
1756548000,859.37,861.01,859.08,860.14,,,864.9763000000002,865.0340000000002,858.2590476190479
1756551600,860.14,861.37,859.01,860.34,,,865.0970000000002,864.8810000000002,858.4880952380956
1756555200,860.34,860.36,853.13,855.08,,,865.1920000000002,864.7162000000003,858.2528571428576
1756558800,855.09,855.19,851.69,855.16,,,865.2874000000002,864.4766000000003,858.3980952380955
1756562400,855.16,857.55,853.11,857.15,,,865.3814500000002,864.2788000000002,858.5147619047622
1756566000,857.15,859.68,855.89,859.12,,,865.4866000000002,864.0848000000002,858.3566666666669
1756569600,859.12,859.16,856.27,857.57,,,865.5744,863.9734000000003,858.1861904761909
1756573200,857.56,859,856.99,858.32,,,865.6408000000001,863.6624000000004,858.2280952380956
1756576800,858.32,859.31,857.41,858.9,,,865.6976500000002,863.2810000000002,858.4547619047622
1756580400,858.9,858.99,857.13,858.97,,,865.7722000000001,862.8890000000002,858.421904761905
1756584000,858.97,858.99,857.12,858.99,,,865.8021500000001,862.5912000000003,858.5514285714288
1756587600,858.99,860.58,858.56,860.56,,,865.8279500000001,862.2526000000001,858.5480952380955
1756591200,860.56,861.69,859.77,861.67,,,865.86445,862.0272000000001,858.5257142857147
1756594800,861.67,863.88,861.67,862.02,,,865.9053000000001,861.9112000000001,858.3690476190478
1756598400,862.02,863.84,859.5,863.4,,,865.9356500000001,861.5756000000001,858.4204761904763
1756602000,863.4,863.52,861.1,863.01,,,865.9836500000002,861.3466000000002,858.8385714285716
1756605600,863.01,863.86,862.34,862.72,,,866.0442000000002,861.1874,859.0980952380954
1756609200,862.72,864.49,861.9,863.15,,,866.09535,861.0286000000001,859.2357142857147
1756612800,863.14,863.27,859.27,860.13,,,866.15035,860.8082000000002,859.4895238095241
1756616400,860.13,860.56,858.94,860.51,,,866.2018,860.5358000000003,859.6823809523812
1756620000,860.51,860.8,858.11,858.11,,,866.1491500000002,860.3254000000002,859.7871428571432
1756623600,858.11,859.28,857.99,858.71,,,866.0783000000001,860.0768000000003,859.7723809523811
1756627200,858.71,861.22,858.46,861.22,,,865.9738000000003,859.8618000000004,859.8228571428574
1756630800,861.22,861.45,859.52,859.56,,,865.8169500000004,859.6036000000003,859.7628571428573
1756634400,859.58,859.74,857.13,858.64,,,865.6683000000005,859.3484000000003,859.6947619047621
1756638000,858.64,860.38,858.35,860.11,,,865.5121500000004,859.1082000000002,859.7366666666669
1756641600,860.11,860.86,859.16,860.57,,,865.3346500000002,858.8734000000003,859.9500000000002
1756645200,860.57,861.43,859.8,860.59,,,865.1517500000003,858.7820000000002,860.1157142857145
1756648800,860.59,861.94,859.32,859.95,,,864.9635000000003,858.8298000000001,860.256666666667
1756652400,859.95,862.17,859.79,861.98,,,864.7571000000004,858.9462000000001,860.3257142857146
1756656000,861.98,867.14,861.23,865.74,,,864.6116500000003,859.0242000000002,860.469523809524
1756659600,865.74,866.17,864.18,864.76,,,864.4695000000003,859.1218000000001,860.5471428571431
1756663200,864.76,865.69,864.27,865.61,,,864.3444000000003,859.2408,860.6938095238097
1756666800,865.61,866.12,864.59,864.78,,,864.2327000000004,859.1535999999999,861.0161904761908
1756670400,864.78,866.97,864.7,866.94,,,864.1001000000003,859.2514,861.2909523809527
1756674000,866.94,867.72,866.55,867.34,,,863.9493500000004,859.4083999999999,861.5314285714289
1756677600,867.34,867.38,862.95,864.27,,,863.8036000000003,859.5355999999999,861.679523809524
1756681200,864.27,864.28,857.36,857.69,,,863.6786500000002,859.673,861.9138095238098
1756684800,857.69,862.4,854.48,861.24,,,863.5576000000002,859.8431999999999,862.1014285714288
1756688400,861.24,865.42,859.58,861.73,,,863.4150000000002,860.0948,862.1614285714287
1756692000,861.74,862.52,854.55,856.02,,,863.31195,860.2764,861.9219047619048
1756695600,856.02,857.07,853.89,856.59,,,863.1958500000001,860.4498,861.8309523809525
1756699200,856.59,856.59,849.66,851.98,,,863.0783500000001,860.4241999999999,861.9071428571428
1756702800,851.98,854.74,849.49,853.31,,,862.9552000000002,860.4601999999999,861.6933333333334
1756706400,853.31,855.04,850.48,854.77,,,862.8340000000003,860.4492,861.6209523809524
1756710000,854.77,867.1,854.58,865.55,,,862.6807000000002,860.38,861.3004761904763
1756713600,865.55,868.65,863.28,863.42,,,862.5689500000002,860.4540000000001,860.9238095238096
1756717200,863.42,864.43,858.2,858.23,,,862.4734500000002,860.3622,860.6957142857143
1756720800,858.23,858.24,851.11,853.84,,,862.3456500000002,860.2182,861.0247619047619
1756724400,853.84,855.91,851.68,852.11,,,862.2133500000001,860.1600000000002,861.182380952381
1756728000,852.11,853.69,851.24,853.1,,,862.0640000000001,860.2976000000001,861.0709523809526
1756731600,853.1,855.16,851.2,852.05,,,861.9309500000002,860.3470000000001,860.749523809524
1756735200,852.05,854.01,850.78,852.49,,,861.7949000000001,860.3028000000002,860.3761904761907
1756738800,852.49,852.5,844.41,847.2,,,861.72215,860.1906000000001,859.9533333333335
1756742400,847.2,848.9,845.61,847.9,,,861.6128000000001,860.0454000000001,859.3014285714287
1756746000,847.9,847.94,843.91,845.82,,,861.4947,859.9046000000002,858.7171428571429
1756749600,845.82,847.56,845.31,847.4,,,861.38035,859.7388000000002,857.8404761904762
1756753200,847.4,849.36,846.99,849.36,,,861.2495500000001,859.6870000000002,857.0366666666666
1756756800,849.36,849.39,840.18,845.51,,,861.1129000000001,859.5278000000003,856.0309523809525
1756760400,845.51,845.95,840.08,843.9,,,860.9850500000002,859.3428000000002,855.0814285714285
1756764000,843.9,845.74,841.65,844.73,,,860.8929500000002,859.0768000000004,854.3714285714285
1756767600,844.73,847.58,844.54,845.72,,,860.7789000000001,858.8734000000003,853.7914285714285
1756771200,845.72,846.06,843.59,845.63,,,860.6726500000001,858.6942000000003,852.9657142857143
1756774800,845.63,850.39,845.6,849,,,860.5599500000001,858.4264000000003,852.1561904761904
1756778400,849,853.78,848.71,853.72,,,860.4867000000002,858.1250000000001,851.6657142857141
1756782000,853.72,854.31,850.47,852.52,,,860.4278000000002,857.8398000000001,851.1438095238094
1756785600,852.52,853.57,850.74,853.55,,,860.3508000000002,857.5430000000001,851.0019047619046
1756789200,853.55,853.93,851.42,852.5,,,860.2563000000002,857.2222000000002,851.0214285714285
1756792800,852.5,855.78,852.18,855.21,,,860.1400000000003,856.9618000000003,850.9142857142856
1756796400,855.22,855.83,853.39,855.25,,,860.0332500000003,856.7682000000002,850.342857142857
1756800000,855.24,856.7,854.65,855.39,,,859.9260500000003,856.5584000000002,849.8228571428571
1756803600,855.4,856.03,851.4,851.99,,,859.8025500000002,856.3750000000001,849.6790476190475
1756807200,851.99,852.57,848.59,851.56,,,859.6742000000003,856.1620000000001,849.7461904761906
1756810800,851.56,851.78,846.94,847.8,,,859.5911000000001,856.0636000000002,849.902380952381
1756814400,847.8,848.31,841.26,841.45,,,859.5150000000003,855.9584000000001,849.8495238095238
1756818000,841.45,851.57,840.86,850.99,,,859.3990500000003,855.9040000000001,849.8261904761904
1756821600,850.99,852.31,847.9,850.41,,,859.2888000000004,855.7696,849.6028571428571
1756825200,850.41,850.89,845.43,846.95,,,859.1846000000002,855.5764,849.3290476190476
1756828800,846.95,849.78,845.9,846.99,,,859.0962500000003,855.3412,849.4761904761905
1756832400,846.97,851.04,846.97,850.96,,,858.9821000000002,854.9973999999999,849.6947619047619
1756836000,850.96,851.05,846.99,849.93,,,858.8451000000002,854.815,849.6733333333333
1756839600,849.93,851.39,848.15,849.86,,,858.7038000000003,854.6118000000001,849.5604761904763
1756843200,849.87,853.96,849.56,851.95,,,858.5257000000004,854.3389999999999,849.8199999999999
1756846800,851.95,853.76,851.74,853.64,,,858.4098000000002,854.0798,850.1071428571427
1756850400,853.64,853.64,850.73,852.76,,,858.3451500000003,853.8593999999998,850.3514285714284
1756854000,852.77,852.98,851.28,851.92,,,858.2879500000003,853.5432,850.648095238095
1756857600,851.92,853.98,850.21,850.66,,,858.2201000000002,853.2451999999998,851.0295238095235
1756861200,850.66,852.16,848.96,852.15,,,858.1706000000003,852.9719999999999,851.2085714285711
1756864800,852.15,853.62,850.84,853.08,,,858.1617000000002,852.7491999999999,851.1228571428567
1756868400,853.06,853.66,851.15,851.56,,,858.1395000000001,852.4655999999999,851.0342857142854
1756872000,851.58,852.8,851.07,852.56,,,858.0852500000001,852.1571999999998,850.9676190476187
1756875600,852.56,852.57,850.43,850.62,,,858.0516500000001,851.8849999999998,850.9952380952378
1756879200,850.62,852.4,849.48,851.92,,,857.96355,851.7741999999997,850.8214285714282
1756882800,851.92,854.65,850.87,854.61,,,857.9065500000002,851.6109999999998,850.693333333333
1756886400,854.6,855.19,852.93,853.34,,,857.8294500000002,851.4075999999997,850.4661904761901
1756890000,853.34,854.48,852.09,854.32,,,857.7716500000001,851.3383999999996,850.4628571428567
1756893600,854.32,854.51,853.25,853.64,,,857.7107500000001,851.2189999999996,850.608095238095
1756897200,853.64,854.91,853.43,854.01,,,857.7001000000001,851.2177999999997,850.8719047619045
1756900800,854.01,854.41,852.14,852.23,,,857.7726000000001,851.2437999999996,851.4847619047617
1756904400,852.23,858.01,852.23,856.91,,,857.8313,851.2151999999996,851.6109523809521
1756908000,856.91,863.96,856.54,861.27,,,857.88,850.9905999999995,851.7823809523807
1756911600,861.28,861.76,858.46,860.3,,,857.9568999999999,850.7949999999997,852.0338095238092
1756915200,860.3,861.35,857.7,858.71,,,858.0580999999999,850.7105999999995,852.5061904761902
1756918800,858.71,862.34,858.71,860.15,,,858.1043,850.6783999999996,852.9971428571424
1756922400,860.15,861.16,858.58,858.6,,,858.13545,850.7743999999994,853.4909523809521
1756926000,858.61,860.59,856.77,857.09,,,858.1822999999999,850.9377999999996,853.9123809523805
1756929600,857.09,857.24,852.54,854.53,,,858.2139000000002,851.1027999999995,854.3028571428569
1756933200,854.52,856.07,853.33,854.65,,,858.2722500000001,851.2271999999996,854.5390476190472
1756936800,854.65,855.53,853.87,855.43,,,858.3720500000002,851.4861999999997,854.7452380952378
1756940400,855.43,855.71,854.05,854.75,,,858.4593500000001,851.7001999999997,854.8695238095236
1756944000,854.75,857.14,854.71,856.73,,,858.5379,851.9255999999997,855.0595238095236
1756947600,856.73,856.82,854.44,855.34,,,858.6178500000002,852.0681999999998,855.2157142857141
1756951200,855.34,855.74,850.88,850.92,,,858.6953000000001,852.1739999999996,855.2952380952378
1756954800,850.92,852.23,848.6,848.93,,,858.7719500000001,852.3723999999997,855.5414285714281
1756958400,848.93,849.8,847.33,847.61,,,858.8089000000001,852.5893999999997,855.6738095238093
1756962000,847.61,848.1,844.82,847.3,,,858.8506000000001,852.8293999999999,855.6880952380949
1756965600,847.3,848.43,846.16,847.2,,,858.8655000000002,853.0218,855.5457142857141
1756969200,847.2,848.82,846.97,848.07,,,858.8905500000002,853.1275999999998,855.2123809523806
1756972800,848.07,849.65,847.55,848.07,,,858.8941000000002,853.1261999999998,854.9247619047615
1756976400,848.07,849.36,847.48,848.19,,,858.9122500000002,853.0039999999998,854.5857142857141
1756980000,848.19,849.86,847.34,848.45,,,858.8896000000003,852.8995999999997,854.320476190476
1756983600,848.46,850.16,847.72,848.17,,,858.8301500000002,852.7725999999999,854.0376190476187
1756987200,848.17,849.97,847,849.06,,,858.7492000000003,852.6839999999997,853.8452380952377
1756990800,849.06,849.6,847.06,848.29,,,858.6724000000004,852.5411999999998,853.4423809523806
1756994400,848.29,848.74,844.96,846.69,,,858.5830000000003,852.3999999999999,852.8185714285712
1756998000,846.69,846.72,843.23,844.64,,,858.5044500000002,852.2611999999999,852.2833333333332
1757001600,844.64,845.96,844.04,845.34,,,858.4402000000003,852.1848,851.7871428571428
1757005200,845.34,846.85,844.47,844.93,,,858.3764000000003,852.1347999999998,851.1461904761904
1757008800,844.91,846.6,841.51,842.15,,,858.3032000000002,852.1445999999997,850.4814285714286
1757012400,842.15,844.93,841.53,843.82,,,858.2324000000002,852.2493999999999,849.9219047619047
1757016000,843.82,846.77,843.7,845.94,,,858.1560000000001,852.1223999999999,849.4647619047619
1757019600,845.94,848.46,845.63,848.37,,,858.0907500000001,852.0209999999997,848.8695238095237
1757023200,848.37,849.7,847.62,849.33,,,858.0302500000003,851.9805999999999,848.3166666666666
1757026800,849.33,849.9,843.58,843.93,,,857.9672500000001,851.8838,847.8971428571427
1757030400,843.93,845.48,842.72,844.19,,,857.9076500000001,851.7409999999998,847.4990476190475
1757034000,844.19,847.07,843.69,846.67,,,857.8438500000002,851.6611999999998,847.212857142857
1757037600,846.67,847.87,845.59,847.45,,,857.7704500000003,851.6313999999999,846.88
1757041200,847.45,847.49,844.66,845.88,,,857.6922000000002,851.5789999999998,846.6542857142858
1757044800,845.88,846.5,843.82,846.19,,,857.6236500000002,851.3847999999998,846.6095238095238
1757048400,846.19,847.38,845.57,846.9,,,857.5695500000003,851.2133999999999,846.6166666666666
1757052000,846.9,847.1,845.23,846.77,,,857.5039500000004,851.1083999999998,846.5538095238094
1757055600,846.77,851.25,846.77,850.71,,,857.3989000000003,851.0441999999998,846.4642857142856
1757059200,850.71,851,847.77,849.74,,,857.2981000000003,850.9187999999998,846.4085714285711
1757062800,849.74,850.5,847.79,849.74,,,857.2004000000004,850.7809999999997,846.3409523809522
1757066400,849.76,850.64,848.93,850.29,,,857.1222000000002,850.6877999999998,846.4485714285713
1757070000,850.29,851.06,849.61,851.01,,,857.0476500000003,850.5719999999998,846.5233333333332
1757073600,851.01,854.48,849.66,854.46,,,856.9539000000004,850.5737999999999,846.5557142857142
1757077200,854.46,857.75,853.89,856.23,,,856.8888000000003,850.5301999999999,846.6509523809523
1757080800,856.23,856.23,845.27,848.01,,,856.8324500000003,850.4327999999998,846.8566666666666
1757084400,848.01,850.13,846.95,848.95,,,856.8085000000003,850.3717999999999,847.3242857142855
1757088000,848.95,850.14,848.61,849.6,,,856.7881000000002,850.3055999999998,847.8428571428568
1757091600,849.6,850,848.7,849.84,,,856.7549500000003,850.322,847.9895238095236
1757095200,849.84,851.03,848.95,850.76,,,856.7232500000002,850.3664,848.313333333333
1757098800,850.76,851.72,850.5,851,,,856.6569500000004,850.2819999999999,848.5885714285711
1757102400,850.99,852.59,850.27,852.3,,,856.5862500000003,850.1228,848.7742857142855
1757106000,852.3,852.53,849.04,850.2,,,856.5240000000003,849.8894000000001,848.8880952380952
1757109600,850.2,852.3,849.87,851.5,,,856.4069000000004,849.6802000000002,848.9676190476189
1757113200,851.5,851.5,849.46,850.25,,,856.3053500000004,849.5212000000001,849.3661904761902
1757116800,850.25,852.03,849.55,852.03,,,856.2041500000004,849.3382,849.6523809523808
1757120400,852.02,855.48,851.7,855.26,,,856.1238000000003,849.2122000000002,849.8823809523807
1757124000,855.26,856.16,853.01,855.41,,,856.0244500000003,849.0744000000002,850.015714285714
1757127600,855.41,859.48,854.99,858.23,,,855.9083000000003,849.0138000000002,850.3085714285712
1757131200,858.23,859.83,856.04,857.92,,,855.7860500000004,848.9258000000003,850.740476190476
1757134800,857.92,858.6,856.08,856.12,,,855.6670000000003,848.8578000000002,851.145714285714
1757138400,856.12,859.29,856.11,858.29,,,855.5520000000002,848.8680000000003,851.6914285714284
1757142000,858.29,859.52,857.65,859.46,,,855.4553000000003,848.8416000000003,852.0347619047617
1757145600,859.46,859.97,858.71,859.4,,,855.3919500000002,848.8994000000004,852.3385714285713
1757149200,859.4,859.49,856.88,856.91,,,855.2895000000003,849.0394000000003,852.7457142857141
1757152800,856.91,859.86,856.53,859.85,,,855.2143500000003,849.1832000000004,853.1823809523809
1757156400,859.85,861.71,859.19,861.13,,,855.1629000000003,849.3968000000002,853.5819047619045
1757160000,861.13,864.99,860.92,861.85,,,855.1044500000004,849.6400000000003,853.6985714285712
1757163600,861.84,863.28,859.54,861.49,,,855.0198500000002,849.8840000000002,853.8709523809521
1757167200,861.49,863.29,860.5,863.27,,,854.9262000000002,850.0608000000003,854.4957142857139
1757170800,863.27,863.41,859.04,859.62,,,854.8558500000003,850.2964000000003,855.1099999999997
1757174400,859.62,861.78,857.89,861.01,,,854.7771000000002,850.5552000000004,855.6761904761902
1757178000,861.01,861.29,859.09,859.5,,,854.6921500000001,850.8232000000003,856.315714285714
1757181600,859.49,860.05,858.47,859.64,,,854.6262000000003,851.0896000000002,856.7376190476186
1757185200,859.64,859.92,857.55,857.82,,,854.5655000000002,851.3738000000002,857.2142857142853
1757188800,857.82,858.72,856.87,858.53,,,854.5241500000001,851.6004000000003,857.5571428571424
1757192400,858.53,859.72,858.26,858.97,,,854.4793500000001,851.8868000000002,858.0066666666663
1757196000,858.97,859.7,857.99,859.64,,,854.4667500000002,852.1840000000001,858.3076190476187
1757199600,859.64,863.21,859.12,860.96,,,854.479,852.4700000000001,858.7019047619043
1757203200,860.95,863.36,860.95,861.94,,,854.5199500000002,852.7278000000001,859.0323809523804
1757206800,861.94,863.5,861.7,862.22,,,854.5364000000002,853.0554000000001,859.240952380952
1757210400,862.22,866.45,861.55,866.36,,,854.55615,853.3584,859.5052380952375
1757214000,866.36,868.39,864.97,866.38,,,854.57205,853.6324000000001,859.6819047619041
1757217600,866.39,866.68,865.01,865.79,,,854.54315,853.8842,859.8866666666661
1757221200,865.79,868.27,865.31,867.91,,,854.5525500000002,854.1364,860.3742857142852
1757224800,867.91,867.91,865.18,867.69,,,854.5613000000001,854.5022000000001,860.7595238095233
1757228400,867.69,868.3,867.36,867.95,,,854.5741,854.9456000000001,861.0609523809518
1757232000,867.96,873.75,867.62,872.53,,,854.5901000000001,855.3398000000001,861.46619047619
1757235600,872.53,873.29,869.88,871.12,,,854.61985,855.7066000000002,861.9795238095232
1757239200,871.12,874.52,871.12,873.25,,,854.67985,856.1472000000001,862.3652380952377
1757242800,873.25,874.03,871.75,873.88,,,854.72045,856.5772000000002,862.9080952380947
1757246400,873.88,874.06,870,870.23,,,854.7714,856.9982000000002,863.3495238095232
1757250000,870.23,872.91,870.22,872.89,,,854.8161,857.5134000000002,863.9095238095232
1757253600,872.89,875.12,872.86,874.53,,,854.85735,857.9216000000001,864.4147619047613
1757257200,874.53,875.59,873.3,874.97,,,854.8856999999999,858.3918000000002,864.9199999999995
1757260800,874.97,875.67,873.47,873.66,,,854.9509499999999,858.8746000000003,865.4857142857138
1757264400,873.66,874.99,872.74,874.12,,,855.0420999999999,859.2734000000003,866.201428571428
1757268000,874.12,875.65,873.32,875.54,,,855.1254999999999,859.7110000000002,866.9314285714281
1757271600,875.54,876.9,875.12,875.6,,,855.1923499999998,860.1124000000003,867.6857142857139
1757275200,875.6,875.96,873.62,874.92,,,855.2550999999999,860.4872000000003,868.4280952380948
1757278800,874.92,874.98,874.07,874.12,,,855.3261999999999,861.0002000000003,869.2171428571424
1757282400,874.12,876.62,873.68,876.58,,,855.3940999999998,861.5036000000003,869.9771428571426
1757286000,876.59,883.92,876.16,880.35,,,855.4667499999997,862.0224000000003,870.6419047619044
1757289600,880.35,885.79,879.08,883,,,855.5377999999998,862.5376000000002,871.2219047619044
1757293200,883,884.54,877.96,878.22,,,855.6115499999999,863.0208000000003,871.905714285714
1757296800,878.22,883.03,877.8,882.01,,,855.6885499999999,863.4832000000002,872.5719047619045
1757300400,882.01,884.76,881.88,882.21,,,855.7648499999999,863.9688000000002,873.363333333333
1757304000,882.21,882.36,878.15,878.42,,,855.86405,864.5718000000004,873.9552380952376
1757307600,878.42,879.25,872.28,874.78,,,855.95885,865.2018000000003,874.6266666666663
1757311200,874.78,875.2,872.33,873.28,,,856.0559999999999,865.7612000000003,875.3180952380949
1757314800,873.25,876.05,873.22,874.21,,,856.1621499999998,866.3608000000003,875.8166666666664
1757318400,874.21,877.42,870.11,872.4,,,856.2892999999999,866.8998000000003,875.9238095238093
1757322000,872.4,876.33,871.78,876.24,,,856.3888,867.3600000000001,876.0266666666664
1757325600,876.24,879.38,875.63,877.63,,,856.5043499999999,867.6910000000003,876.0723809523809
1757329200,877.63,878.89,875.44,878.73,,,856.62055,867.9982000000002,876.0019047619045
1757332800,878.73,879.3,877.23,877.94,,,856.7176999999999,868.3600000000001,876.2880952380949
1757336400,877.94,881.65,877.92,878.92,,,856.7887999999999,868.6422000000001,876.5138095238092
1757340000,878.92,881.96,878.59,880.72,,,856.8468499999998,868.9778000000001,876.7138095238092
1757343600,880.72,882.93,878.99,880.18,,,856.9077999999998,869.3424000000002,876.8552380952378
1757347200,880.18,880.55,878.73,880.06,,,856.9527999999998,869.7788000000002,877.105714285714
1757350800,880.06,882.1,878.19,878.57,,,857.0189499999998,870.1406000000002,877.4199999999996
1757354400,878.57,880.74,878.19,880.67,,,857.0934999999997,870.4964,877.6409523809522
1757358000,880.67,880.67,876.14,877.49,,,857.1713999999997,870.8738000000001,877.8533333333331
1757361600,877.49,878.64,877.07,878.64,,,857.2604499999997,871.2475999999999,878.0271428571426
1757365200,878.64,882.39,877.98,882.05,,,857.3524999999997,871.5834,878.3390476190474
1757368800,882.05,882.33,878.34,879.04,,,857.4655499999997,871.9623999999999,878.3823809523807
1757372400,879.04,879.54,877.89,878.09,,,857.5728999999997,872.3555999999999,878.3009523809521
1757376000,878.09,879.98,875.65,876.11,,,857.6670999999994,872.7153999999998,878.255714285714
1757379600,876.11,876.93,872.08,873.19,,,857.7621499999996,873.0953999999999,878.2947619047617
1757383200,873.19,875.06,872.21,874.36,,,857.8722999999995,873.58,878.108095238095
1757386800,874.36,875.61,873.84,875.34,,,857.9591999999994,873.9902000000001,877.8176190476188
1757390400,875.36,876.87,874.22,876.39,,,858.0495499999994,874.3726000000001,877.568571428571
1757394000,876.4,877.27,875.17,877.13,,,858.1568499999994,874.702,877.5485714285709
1757397600,877.13,883.26,877.03,881.13,,,858.2522999999994,874.9466,877.6466666666662
1757401200,881.13,884.3,880.78,881.27,,,858.3328499999994,875.1950000000002,877.7504761904758
1757404800,881.27,884.89,881.26,883.68,,,858.3846999999993,875.4574,877.9757142857138
1757408400,883.68,884,880.95,881.24,,,858.4268499999993,875.658,878.208571428571
1757412000,881.24,883.39,881.24,883.12,,,858.4705999999992,875.873,878.3819047619045
1757415600,883.12,883.14,880.34,880.35,,,858.5233999999992,876.1798000000001,878.6176190476186
1757419200,880.35,882.33,879.24,879.27,,,858.5706499999992,876.447,878.7747619047614
1757422800,879.27,880.78,876.83,879.96,,,858.6195999999992,876.7668000000001,878.9747619047613
1757426400,879.96,881.49,872.98,875.54,,,858.7038999999991,877.0326000000001,878.9571428571422
1757430000,875.54,875.66,871.57,873.49,,,858.8217999999993,877.2444,878.9138095238089
1757433600,873.49,874.87,872.84,874.82,,,858.9339999999992,877.429,878.9090476190471
1757437200,874.82,876.2,873.85,874.07,,,859.0315499999992,877.5493999999999,878.7647619047615
1757440800,874.07,875.82,873.92,875.67,,,859.1670499999993,877.6709999999999,878.4228571428566
1757444400,875.67,877.55,875.45,877.26,,,859.2858499999992,877.7771999999999,878.2957142857139
1757448000,877.26,877.26,874.68,876.71,,,859.4222999999993,877.7891999999998,878.0780952380946
1757451600,876.71,878.74,876.15,877.9,,,859.555549999999,877.7949999999998,877.7742857142853
1757455200,877.9,883.49,877.75,882.7,,,859.6593999999991,877.7769999999999,877.6895238095233
1757458800,882.7,883.4,878.71,880.1,,,859.699099999999,877.8172,877.6238095238091
1757462400,880.1,880.85,877.22,877.54,,,859.756099999999,877.88,877.7090476190473
1757466000,877.54,880.5,877.18,878.62,,,859.8352999999992,877.9033999999999,878.1619047619043
1757469600,878.62,882.3,878.39,881.22,,,859.944449999999,877.9494,878.4352380952378
1757473200,881.22,882.63,880.29,880.43,,,860.070199999999,878.105,878.5399999999996
1757476800,880.43,881.48,880.02,880.19,,,860.1882499999991,878.2246,878.6461904761901
1757480400,880.22,882.16,878.92,881.36,,,860.3174999999991,878.2438000000001,878.840952380952
1757484000,881.36,885.39,880.78,884.66,,,860.4685499999991,878.2092,878.8076190476187
1757487600,884.66,885.46,881.84,883.49,,,860.633049999999,878.1736,878.7561904761902
1757491200,883.49,885.31,882.65,882.99,,,860.7812499999991,878.2178,878.645714285714
1757494800,882.99,883.14,881.51,881.79,,,860.9452499999991,878.1813999999999,878.8085714285711
1757498400,881.79,884.36,881.29,883.84,,,861.1143499999991,878.1644,878.82619047619
1757502000,883.84,884.83,883.31,884.68,,,861.2696999999991,878.2891999999999,878.9519047619043
1757505600,884.68,889.46,884.41,889.13,,,861.443099999999,878.4634,879.0719047619043
1757509200,889.15,907.23,889.13,903.34,,,861.6303999999991,878.6576,879.2566666666663
1757512800,903.34,905.38,899.82,903.69,,,861.8300499999991,878.8092,879.6919047619043
1757516400,903.69,904.06,894.11,895.47,,,862.0188999999991,879.038,880.436666666666
1757520000,895.47,899.21,894.49,898.93,,,862.2056999999992,879.2068,881.7947619047613
1757523600,898.91,899.55,893.77,897.47,,,862.3696499999991,879.4368,883.2052380952376
1757527200,897.47,897.63,893.85,895.07,,,862.5202499999991,879.929,884.1480952380947
1757530800,895.07,895.21,888.82,890.89,,,862.6810499999991,880.444,885.1799999999994
1757534400,890.88,891.38,890.15,890.55,,,862.858949999999,880.775,886.1685714285708
1757538000,890.56,891.71,890,891.61,,,863.113149999999,881.1392,886.9861904761899
1757541600,891.61,894.89,888.73,892.28,,,863.3555499999991,881.485,887.3761904761899
1757545200,892.28,895.03,892.16,893.83,,,863.5566499999991,881.7851999999999,887.873809523809
1757548800,893.83,893.83,888.63,891.13,,,863.774349999999,882.0316,888.5438095238089
1757552400,891.13,893.57,890.57,891.45,,,864.001749999999,882.2292,889.1942857142852
1757556000,891.45,892.59,890.14,890.37,,,864.219299999999,882.5115999999999,889.7947619047613
1757559600,890.38,895.25,890.04,894.64,,,864.4347499999989,882.7844,890.3042857142851
1757563200,894.64,895.37,892.65,894.74,,,864.680249999999,883.02,890.8404761904756
1757566800,894.74,896.22,893.04,896.08,,,864.8833499999989,883.2617999999999,891.2695238095233
1757570400,896.06,898.6,894.69,896.87,,,865.0926999999989,883.529,891.7447619047614
1757574000,896.87,897.9,895,896.67,,,865.3270999999987,883.8142,892.2804761904756
1757577600,896.67,898.62,895.15,898.1,,,865.5477999999988,884.2431999999999,892.903809523809
1757581200,898.1,899.77,896.24,899.76,,,865.7502499999988,884.6508,893.6219047619043
1757584800,899.75,901.58,897.99,900.37,,,865.9524499999987,885.0656,894.2328571428568
1757588400,900.38,902.41,898.77,899.16,,,866.1763499999988,885.4751999999999,894.8719047619045
1757592000,899.16,904.16,893.87,900.93,,,866.3902999999988,885.8659999999999,895.378095238095
1757595600,900.92,901.26,896.53,901.21,,,866.6024999999988,886.2053999999999,895.2366666666663
1757599200,901.21,901.3,896.51,899.17,,,866.8230499999987,886.5752,895.0209523809522
1757602800,899.18,899.59,892.8,893.43,,,867.0467999999987,886.909,895.2809523809522
1757606400,893.43,896.04,893.42,894.7,,,867.2839999999987,887.2674,895.3895238095234
1757610000,894.7,897.67,894.32,897.6,,,867.5220499999989,887.6235999999999,895.4704761904757
1757613600,897.6,897.97,894.39,895.01,,,867.7584999999988,888.0407999999999,895.3923809523807
1757617200,895.01,897.31,894.82,897.03,,,867.9964999999988,888.4387999999999,895.5738095238094
1757620800,897.03,897.7,895.98,897.39,,,868.238349999999,888.7081999999999,895.9095238095238
1757624400,897.39,897.54,895.47,896.96,,,868.4912999999989,889.0914,896.0714285714284
1757628000,896.99,902.49,896.49,901.79,,,868.7275499999989,889.5736,896.2976190476189
1757631600,901.79,903.62,900.89,902.91,,,868.9216499999987,889.9773999999999,896.4671428571428
1757635200,902.9,908.93,901.85,905.64,,,869.1284499999988,890.4365999999999,896.7447619047617
1757638800,905.64,907.19,904.31,904.94,,,869.3448499999988,890.8709999999998,897.2371428571427
1757642400,904.94,906.55,903.33,904.16,,,869.5516999999988,891.2649999999998,897.8342857142854
1757646000,904.16,905.13,902.1,904.92,,,869.766799999999,891.7665999999997,898.358095238095
1757649600,904.92,908.7,903.96,908.24,,,869.9925999999989,892.2667999999998,898.8438095238091
1757653200,908.25,909.8,906.89,909.11,,,870.192849999999,892.7255999999999,899.2285714285711
1757656800,909.11,909.84,907.9,908.88,,,870.395449999999,893.2223999999998,899.6119047619045
1757660400,908.86,908.93,903.4,903.62,,,870.608499999999,893.7547999999998,900.1628571428568
1757664000,903.62,905.69,903.15,905.37,,,870.843149999999,894.2807999999999,900.6871428571425
1757667600,905.38,909.46,905.36,907.87,,,871.0670999999988,894.8212,901.1214285714282
1757671200,907.86,909.22,906.32,907.21,,,871.2948999999991,895.3947999999998,901.2761904761901
1757674800,907.21,907.45,904.87,905.7,,,871.534049999999,895.9685999999998,901.5719047619043
1757678400,905.7,909.69,904.26,908.64,,,871.802599999999,896.4137999999999,901.9023809523807
1757682000,908.64,909.77,907.33,909.13,,,872.0748999999989,896.8279999999999,902.1880952380949
1757685600,909.14,909.9,907.42,908.73,,,872.3421499999989,897.3156,902.4990476190472
1757689200,908.72,908.73,905.8,907.22,,,872.586499999999,897.8,903.2233333333329
1757692800,907.22,909.72,907.12,909.69,,,872.829699999999,898.2782,903.9104761904758
1757696400,909.69,918.88,908.56,917.61,,,873.092349999999,898.7742,904.4404761904758
1757700000,917.61,925.78,915.89,923.25,,,873.373799999999,899.2631999999999,905.0219047619042
1757703600,923.25,925.18,921.25,924.46,,,873.657649999999,899.6552,905.6247619047614
1757707200,924.46,927.28,922.84,925.36,,,873.9627999999991,899.7328000000001,906.5876190476185
1757710800,925.36,925.59,922.42,923.6,,,874.271949999999,899.8528,907.8395238095234
1757714400,923.63,929.87,923.57,925.29,,,874.579599999999,900.2956000000001,908.9190476190472
1757718000,925.29,925.61,922.68,925.11,,,874.875349999999,900.7820000000002,909.9880952380947
1757721600,925.11,928.35,924.17,927.49,,,875.183449999999,901.3218,910.8433333333329
1757725200,927.49,929.76,927.26,927.4,,,875.530549999999,901.9276000000001,911.8123809523805
1757728800,927.4,929.8,925.87,927.97,,,875.904549999999,902.5818,912.8099999999996
1757732400,927.97,929.81,926.83,928.48,,,876.2859999999989,903.2766,913.8847619047615
1757736000,928.51,928.51,925.41,926.62,,,876.667499999999,903.9466,914.7971428571424
1757739600,926.62,928.54,925.67,925.72,,,877.0440499999988,904.6507999999999,915.6952380952376
1757743200,925.71,926.49,924.66,925.4,,,877.437049999999,905.3221999999998,916.6285714285709
1757746800,925.4,926.11,924.91,925.85,,,877.8393999999988,906.059,917.7238095238092
1757750400,925.85,928.12,925.01,927.77,,,878.2501499999988,906.7995999999999,918.6928571428567
1757754000,927.77,940.75,927,939.2,,,878.6624999999989,907.5246,919.5276190476186
1757757600,939.22,943.73,937.18,941.52,,,879.0915999999991,908.1461999999999,920.4152380952377
1757761200,941.52,942.83,938.59,941.84,,,879.514899999999,908.7594,921.46619047619
1757764800,941.84,942.06,938.6,939.8,,,879.918299999999,909.3548,922.921428571428
1757768400,939.8,942.68,933.38,937.11,,,880.305049999999,909.9728,924.4638095238089
1757772000,937.11,938.76,932.44,936.68,,,880.6853999999989,910.8234,926.0404761904756
1757775600,936.68,944.04,936.29,937.29,,,881.094999999999,911.6918,927.5919047619041
1757779200,937.29,938.46,925.35,925.96,,,881.5128999999989,912.5333999999999,928.8976190476185
1757782800,925.96,931.05,922.96,929.73,,,881.9755499999991,913.322,929.8057142857136
1757786400,929.73,931.19,927.97,931.07,,,882.4458999999991,914.081,930.4742857142852
1757790000,931.07,931.54,929.13,930.68,,,882.9256999999991,914.796,930.5457142857135
1757793600,930.69,932.58,929.18,930.31,,,883.3937499999989,915.5176000000001,930.753809523809
1757797200,930.31,934.74,929.99,933.32,,,883.844799999999,916.0534000000001,931.1095238095231
1757800800,933.32,934.76,930.89,931.8,,,884.294349999999,916.7794000000001,931.3661904761899
1757804400,931.8,934.6,931.78,934.31,,,884.727249999999,917.5068000000001,931.6138095238088
1757808000,934.31,934.59,932.03,933.97,,,885.1083499999991,918.1684000000001,931.8914285714278
1757811600,933.97,937.04,929.84,934.91,,,885.5082999999992,918.8744000000002,932.1009523809516
1757815200,934.91,937.87,934.72,936.89,,,885.9121999999992,919.6002000000001,932.4028571428564
1757818800,936.88,938.51,931.45,931.46,,,886.310549999999,920.2884000000001,932.6642857142849
1757822400,931.45,935.25,928.29,933.84,,,886.6897999999991,921.0354000000001,933.0590476190469
1757826000,933.84,943.09,933.84,942.82,,,887.0752499999991,921.6790000000001,933.5909523809515
1757829600,942.82,945.14,939.07,939.71,,,887.494199999999,922.319,933.8795238095229
1757833200,939.71,940.53,937.46,937.94,,,887.920999999999,922.9440000000001,934.259999999999
1757836800,937.94,940.41,936.96,939.18,,,888.342849999999,923.4744000000002,934.9766666666658
1757840400,939.18,941.7,938.18,941.44,,,888.768199999999,924.0680000000002,935.0009523809514
1757844000,941.44,941.45,936.47,937.27,,,889.198849999999,924.8260000000002,934.8304761904752
1757847600,937.27,938.15,931.55,932.01,,,889.6011499999989,925.4554,934.7038095238086
1757851200,932.01,937.04,931.97,934.08,,,890.0088499999989,926.0319999999999,934.7819047619038
1757854800,934.08,935.22,928.58,930.24,,,890.4719499999989,926.638,934.7895238095227
1757858400,930.24,932.4,923.14,926.46,,,890.912999999999,927.3944,934.5671428571418
1757862000,926.46,928.52,923.46,924.87,,,891.351449999999,928.0323999999999,934.4142857142847
1757865600,924.97,928.4,924,925.01,,,891.787199999999,928.5152,934.6180952380942
1757869200,925.01,929.38,924.04,928.48,,,892.2180999999989,929.0526000000001,934.46238095238
1757872800,928.5,928.5,925.79,927,,,892.6273999999989,929.5434,934.1671428571419
1757876400,927,929.43,925.92,927.98,,,892.9962999999989,929.8998000000001,933.897142857142
1757880000,927.98,930.32,927.72,929.75,,,893.3770999999989,930.2146,933.809999999999
1757883600,929.75,933.95,927.41,933.91,,,893.7476999999989,930.5402,933.5090476190467
1757887200,933.93,934.64,932.39,933.52,,,894.0885499999988,930.9654,933.3271428571419
1757890800,933.52,933.54,925.71,926.88,,,894.4155999999988,931.3116000000002,933.109999999999
1757894400,926.88,930.33,925.2,925.22,,,894.7436499999989,931.5190000000002,933.1071428571419
1757898000,925.23,930.2,922.63,928.39,,,895.1014999999991,931.6490000000002,933.0409523809516
1757901600,928.39,930.96,928.37,929.81,,,895.437249999999,931.8380000000002,932.5642857142848
1757905200,929.81,933.38,929.66,932.75,,,895.7714999999989,932.0012000000002,932.2671428571421
1757908800,932.75,935.95,932.21,933.91,,,896.1109999999991,932.0668000000002,932.0076190476182
1757912400,933.91,935.66,933.4,934.58,,,896.4730999999991,932.0654000000002,931.3880952380943
1757916000,934.58,934.64,926.46,927.25,,,896.8243499999991,932.1310000000002,931.0566666666657
1757919600,927.25,930.24,922.86,923.85,,,897.160649999999,932.1774000000001,930.8647619047608
1757923200,923.85,923.85,911.25,911.34,,,897.4816999999989,932.2844000000003,930.6457142857133
1757926800,911.34,918.48,911.12,918.41,,,897.8261499999991,932.4032000000002,929.9699999999989
1757930400,918.41,920.8,915.48,919.65,,,898.1769999999991,932.5252000000004,929.3309523809512
1757934000,919.64,922.19,918.53,920.54,,,898.5516499999991,932.5378000000003,928.3466666666654
1757937600,920.54,921.61,917.52,918.15,,,898.9285499999991,932.5004000000002,927.6004761904749
1757941200,918.15,923.36,916.65,917.9,,,899.306599999999,932.2192000000002,927.0961904761892
1757944800,917.9,920.4,915.43,917.79,,,899.644649999999,932.0704000000002,926.8142857142844
1757948400,917.79,918.84,913.18,916.95,,,899.959099999999,931.9080000000004,926.4942857142845
1757952000,916.95,919.59,913.16,917.36,,,900.2060999999991,931.5348000000004,926.1557142857131
1757955600,917.36,920.04,916.22,920.04,,,900.487049999999,931.0674000000004,925.6466666666654
1757959200,920.04,921.39,918,921.03,,,900.7534999999989,930.5886000000005,925.168095238094
1757962800,921.03,922.39,918.02,919.79,,,901.0242999999989,930.1484000000004,924.6623809523797
1757966400,919.79,920.97,918.9,920.2,,,901.286099999999,929.7452000000005,924.1999999999988
1757970000,920.18,922.65,919.04,922.47,,,901.5360499999989,929.3588000000003,923.5866666666655
1757973600,922.48,922.81,919.59,920.18,,,901.786549999999,929.0138000000003,922.9328571428559
1757977200,920.18,920.53,918.69,920.12,,,902.031549999999,928.9152000000004,922.6147619047607
1757980800,920.12,920.12,916.96,919.32,,,902.2556999999989,928.7164000000002,922.4838095238083
1757984400,919.32,922.72,919.32,920.78,,,902.500299999999,928.4990000000003,922.092857142856
1757988000,920.77,922.93,919.79,920.02,,,902.739199999999,928.3348000000002,921.6314285714273
1757991600,920.02,922.59,919.12,921.4,,,902.9687499999989,928.1322000000001,920.9919047619036
1757995200,921.4,924.36,917.37,924.1,,,903.2185999999988,927.8682000000002,920.3666666666655
1757998800,924.1,929.82,923.58,929.81,,,903.4664999999987,927.6186000000001,919.673333333332
1758002400,929.81,932.49,927.09,927.91,,,903.6947499999987,927.3480000000002,919.3947619047606
1758006000,927.91,932.4,927.85,931.04,,,903.9204999999987,927.0690000000001,919.4066666666655
1758009600,931.04,933.62,928.71,931.87,,,904.1487999999987,926.7988000000001,920.2861904761892
1758013200,931.87,931.87,927.93,929.01,,,904.3820999999988,926.5430000000001,920.7385714285701
1758016800,929,929.55,925.62,925.69,,,904.6044999999988,926.5100000000003,921.280952380951
1758020400,925.69,928.52,925.03,927.73,,,904.8334999999987,926.3914000000003,921.8204761904748
1758024000,927.73,929.01,926.77,928.74,,,905.0793999999987,926.1558000000003,922.3376190476176
1758027600,928.74,932.09,923.24,927.4,,,905.3578499999987,925.9990000000004,922.70857142857
1758031200,927.4,927.94,922.49,927.37,,,905.6144999999988,925.8204000000004,923.1819047619034
1758034800,927.37,938.06,925.37,937.72,,,905.8679499999989,925.5506000000004,923.743333333332
1758038400,937.71,938.02,932.87,935.04,,,906.112299999999,925.2764000000003,924.221428571427
1758042000,935.04,955.38,935.03,952.74,,,906.366249999999,925.1058000000003,924.5704761904747
1758045600,952.74,955.49,950.73,951.62,,,906.584649999999,925.0136000000005,925.3652380952365
1758049200,951.62,957.05,951.6,954.84,,,906.8122499999989,924.8794000000005,926.091428571427
1758052800,954.84,959.29,954.41,955.57,,,907.063849999999,925.0290000000003,927.6409523809508
1758056400,955.57,957.87,953.96,956.8,,,907.3269499999991,925.2006000000005,929.029047619046
1758060000,956.8,958.32,955.66,957.68,,,907.5973999999991,925.7580000000003,930.6795238095222
1758063600,957.68,958.14,954.01,956.24,,,907.9149499999991,926.2902000000004,932.3676190476174
1758067200,956.24,963.21,954.78,960.05,,,908.2281499999991,926.8174000000004,934.1523809523793
1758070800,960.04,960.33,956.89,957.27,,,908.6106499999992,927.3888000000003,935.9095238095222
1758074400,957.26,962.91,956.57,960.4,,,908.9805999999991,927.9652000000003,937.6342857142841
1758078000,960.4,961.77,956.94,957.31,,,909.3611499999992,928.5238000000004,939.4747619047604
1758081600,957.31,959.59,951.32,952.14,,,909.749299999999,928.9704000000004,941.0542857142841
1758085200,952.14,953.06,947.67,952.15,,,910.1386999999991,929.5010000000005,942.5109523809508
1758088800,952.13,955.24,950.35,954.82,,,910.523499999999,930.1088000000003,943.9109523809507
1758092400,954.82,957.92,953.16,955.12,,,910.903799999999,930.8124000000005,944.9157142857125
1758096000,955.12,957.35,951.61,956.99,,,911.303749999999,931.3908000000005,945.8814285714269
1758099600,956.99,956.99,953.99,955.33,,,911.6972499999989,931.8374000000005,947.1104761904744
1758103200,955.33,957.05,952.11,953.15,,,912.0958999999989,932.2254000000005,948.511904761903
1758106800,953.13,956.96,952.52,953.68,,,912.4949999999989,932.6436000000004,949.9052380952364
1758110400,953.7,954.15,950.93,952.12,,,912.8624999999988,933.0544000000004,951.171428571427
1758114000,952.12,954.61,949.98,950.46,,,913.212999999999,933.6492000000004,952.3976190476175
1758117600,950.46,952.55,947.86,948.95,,,913.5918999999989,934.2788000000005,953.6504761904746
1758121200,948.95,953.56,948.43,951.48,,,913.977049999999,935.1150000000005,954.336190476189
1758124800,951.48,952.18,946.68,950.82,,,914.3814499999991,935.8204000000005,955.0704761904748
1758128400,950.82,955.35,949.73,951.61,,,914.792149999999,936.4698000000004,954.8899999999985
1758132000,951.67,962.55,948.4,954.4,,,915.186099999999,937.0682000000004,954.883333333332
1758135600,954.4,957.94,953.83,956.92,,,915.577799999999,937.6842000000004,954.6919047619033
1758139200,956.92,961.3,953.64,954.01,,,915.956449999999,938.3558000000003,954.503333333332
1758142800,954.01,962.93,952.49,961.64,,,916.3230999999992,939.0164000000004,954.3890476190461
1758146400,961.63,994.47,961.54,992.09,,,916.662199999999,939.7096000000004,954.3528571428556
1758150000,992.09,995.48,983.46,990.4,,,917.013249999999,940.4504000000002,954.2466666666651
1758153600,990.4,993.27,983.14,983.68,,,917.348949999999,941.1880000000002,954.3223809523794
1758157200,983.68,992.71,983.46,988.49,,,917.7007999999992,941.8476000000003,955.9804761904746
1758160800,988.5,991.24,984.84,991.13,,,918.0571999999992,942.6846,957.4090476190461
1758164400,991.12,996.7,989.89,995.82,,,918.4400499999991,944.1224000000001,958.6647619047603
1758168000,995.85,995.88,991.59,994.35,,,918.8137499999991,945.4810000000001,960.3957142857128
1758171600,994.35,995.15,988.4,991.53,,,919.2221499999991,946.7510000000001,962.2519047619031
1758175200,991.53,995.1,989.72,994.39,,,919.8048999999991,948.1184000000001,964.204285714284
1758178800,994.39,999.62,993.79,998.54,,,920.3894499999991,949.5546,966.0723809523794
1758182400,998.54,1006.84,998.42,1000.93,,,920.9337499999991,951.0554000000001,967.7171428571412
1758186000,1000.93,1002.95,995.25,1001.33,,,921.5058499999991,952.5419999999999,969.5771428571411
1758189600,1001.33,1002.43,992.16,993.68,,,922.0831499999991,953.9446,971.7385714285698
1758193200,993.68,995.09,990.9,992.02,,,922.675949999999,955.3504,973.9885714285698
1758196800,992.02,996.93,991.28,996.84,,,923.264149999999,956.7250000000001,976.331904761903
1758200400,996.84,999.08,992.67,995.09,,,923.8322999999991,958.1854000000001,978.3899999999982
1758204000,995.09,996.11,993.54,995.54,,,924.3907499999991,959.5912000000001,980.4409523809505
1758207600,995.55,997.21,993.32,993.79,,,924.9829499999992,960.8274,982.6009523809506
1758211200,993.78,995.63,991.42,994.36,,,925.599899999999,962.0876,984.7090476190458
1758214800,994.36,994.49,991.15,991.9,,,926.2134499999989,963.5106,986.8009523809507
1758218400,991.9,992.47,986.43,987.88,,,926.775749999999,964.8578,988.676666666665
1758222000,987.89,989.1,986.02,988.39,,,927.3336999999989,966.1938,990.4595238095221
1758225600,988.39,989.33,987.94,988.23,,,927.9169499999989,967.5216,992.2638095238078
1758229200,988.23,989.05,987.05,988.17,,,928.485599999999,968.8614000000001,993.5133333333315
1758232800,988.17,988.52,982.75,982.99,,,929.0399999999989,969.9450000000002,993.3371428571411
1758236400,982.99,983.54,979.91,981.34,,,929.5914999999991,971.0018000000001,993.2338095238077
1758240000,981.34,986.18,981.17,986.18,,,930.148349999999,971.7148000000001,993.4476190476174
1758243600,986.18,988.05,984.75,986.22,,,930.698899999999,972.447,993.1857142857126
1758247200,986.22,987.35,984.48,986.3,,,931.219099999999,973.1136,992.7195238095222
1758250800,986.3,988.96,984.12,985.32,,,931.737649999999,973.6619999999999,992.2604761904747
1758254400,985.32,992.5,982.68,992.25,,,932.233149999999,974.1527999999998,991.8733333333317
1758258000,992.25,996.53,989.5,994.42,,,932.6572999999989,974.7227999999999,991.6242857142842
1758261600,994.42,995.96,992.52,993.96,,,933.053799999999,975.3223999999999,991.1923809523794
1758265200,993.98,998.02,992.8,995.16,,,933.483149999999,975.8473999999999,990.8928571428556
1758268800,995.15,1003,995.11,1001.07,,,933.919399999999,976.4083999999999,990.5828571428557
1758272400,1001.07,1002.53,994.19,995.23,,,934.363149999999,977.0454,990.2319047619031
1758276000,995.23,996.86,989.9,991.85,,,934.8192999999991,977.7876,990.3023809523793
1758279600,991.85,992.54,985.1,986.13,,,935.2914499999989,978.6239999999999,990.7333333333316
1758283200,986.13,989.34,985.83,987.93,,,935.799949999999,979.4842,990.6566666666648
1758286800,987.93,992.65,987.29,991.71,,,936.3139999999989,980.4091999999998,990.502380952379
1758290400,991.71,992.69,983.35,983.84,,,936.8223999999989,981.2113999999998,990.054285714284
1758294000,983.84,984.1,974.86,983,,,937.3290499999989,981.9085999999999,989.7752380952363
1758297600,983,984.93,981.55,982.76,,,937.878749999999,982.5245999999997,989.6490476190457
1758301200,982.76,984.2,978.65,978.69,,,938.3976499999991,983.2201999999997,989.2652380952362
1758304800,978.69,980.91,975.64,979.37,,,938.905049999999,983.9807999999998,989.0328571428552
1758308400,979.37,981.89,978.51,978.66,,,939.3624999999992,984.6151999999997,988.76476190476
1758312000,978.66,982.25,977.74,980,,,939.8284499999992,985.2659999999997,988.3104761904743
1758315600,980,984.37,979.49,983.37,,,940.3065999999992,985.9421999999997,987.8914285714267
1758319200,983.37,985.58,983.23,984.71,,,940.7414499999992,986.4863999999997,987.6852380952363
1758322800,984.7,985.03,978.88,984.53,,,941.1730999999993,987.0573999999998,987.6214285714268
1758326400,984.53,988.51,984.27,987.24,,,941.5963999999991,987.5983999999999,987.4876190476174
1758330000,987.24,987.55,984.9,986.57,,,941.9910499999992,988.1103999999999,987.4157142857125
1758333600,986.57,991.44,983.61,991.37,,,942.3860499999993,988.6393999999999,987.331428571427
1758337200,991.37,993.74,988.44,992.33,,,942.7835499999991,989.2533999999999,987.4228571428556
1758340800,992.35,1000.4,991.54,1000.35,,,943.1788999999991,989.7111999999998,987.1523809523794
1758344400,1000.35,1002.11,996.24,997.88,,,943.5896999999991,989.6141999999999,987.0071428571412
1758348000,997.88,998.78,995.96,997.41,,,944.0173999999992,989.5376,986.9295238095223
1758351600,997.41,1000.33,995.7,999.97,,,944.4728999999991,989.6913999999998,987.1766666666653
1758355200,999.98,1005.63,996.42,997.2,,,944.9355999999991,989.7682,987.0247619047606
1758358800,997.2,999.11,994.6,996.51,,,945.3804499999991,989.9526,987.1285714285699
1758362400,996.51,1001.22,996.51,998.07,,,945.862249999999,989.9938000000001,987.5152380952367
1758366000,998.07,1003.5,998.04,1002.41,,,946.3387499999991,990.055,988.0423809523795
1758369600,1002.41,1002.6,999.23,1001.04,,,946.8535499999991,990.2238000000001,988.4509523809511
1758373200,1001.04,1002.41,999.91,1001.14,,,947.358149999999,990.2800000000002,988.7538095238081
1758376800,1001.14,1014.94,1000.28,1012.35,,,947.8362499999992,990.2394000000002,989.6380952380938
1758380400,1012.35,1028.02,1012.33,1021.7,,,948.3215499999991,990.1822000000002,990.4971428571414
1758384000,1021.7,1026.14,1019.39,1025.93,,,948.7793499999991,990.2038000000002,991.3723809523793
1758387600,1025.93,1029.4,1022.41,1026.75,,,949.237199999999,990.3510000000002,992.9752380952365
1758391200,1026.75,1027.22,1021.52,1022.36,,,949.706749999999,990.5334000000003,994.9909523809508
1758394800,1022.36,1025.45,1018.72,1020,,,950.1941999999991,990.8436000000002,997.2419047619047
1758398400,1020,1021.87,1019.16,1020.69,,,950.658199999999,991.3758000000001,999.4680952380952
1758402000,1020.69,1047.72,1020.54,1041.11,,,951.118349999999,991.9836000000001,1001.3247619047619
1758405600,1041.13,1041.25,1035.02,1040.59,,,951.635699999999,992.6428000000003,1003.0052380952382
1758409200,1040.59,1044.71,1036.61,1044.55,,,952.226099999999,993.2028000000003,1004.7271428571427
1758412800,1044.53,1065.37,1040.03,1061.91,,,952.828899999999,993.7648000000003,1007.2923809523809
1758416400,1061.89,1075.64,1054.83,1072.71,,,953.423299999999,994.4210000000004,1009.8647619047618
1758420000,1072.71,1083.72,1070.88,1075.06,,,953.999049999999,995.4754000000004,1012.3971428571429
1758423600,1075.06,1076.1,1068.53,1070.05,,,954.570549999999,996.5226000000004,1015.7104761904761
1758427200,1070.05,1071.13,1059.94,1068.52,,,955.130799999999,997.6502000000005,1019.1561904761904
1758430800,1068.52,1069.05,1064.12,1068.31,,,955.7906999999989,999.2286000000006,1022.8314285714285
1758434400,1068.31,1078.18,1066.87,1076.52,,,956.449999999999,1001.0560000000005,1026.290476190476
1758438000,1076.51,1081.29,1073.29,1074.35,,,957.1366499999989,1002.8336000000004,1029.5547619047618
1758441600,1074.36,1075.67,1067.69,1072.58,,,957.897749999999,1004.5102000000005,1032.9409523809522
1758445200,1072.58,1073.08,1053.33,1059.12,,,958.6732499999988,1006.1546000000003,1036.7509523809522
1758448800,1059.12,1064.32,1058.35,1061.33,,,959.4322999999988,1007.8144000000004,1040.3833333333332
1758452400,1061.33,1064.18,1051.3,1051.75,,,960.1602499999988,1009.4998000000004,1043.7247619047619
1758456000,1051.75,1058.06,1045.24,1046.99,,,960.8760499999988,1011.0984000000004,1046.4904761904759
1758459600,1046.99,1055,1046.67,1052.93,,,961.5995999999989,1012.6708000000004,1049.3566666666663
1758463200,1052.87,1057.09,1048.97,1050.91,,,962.3557499999988,1013.9500000000004,1051.232857142857
1758466800,1050.91,1056.81,1050.46,1056.81,,,963.1019499999989,1015.1552000000004,1052.4371428571426
1758470400,1056.81,1058.16,1040.83,1043.6,,,963.827399999999,1016.2856000000003,1053.722857142857
1758474000,1043.59,1049.76,1041.65,1049.62,,,964.4859999999989,1017.3884000000003,1054.8733333333332
1758477600,1049.62,1053.15,1048.36,1052.52,,,965.1527999999989,1018.7244000000003,1056.5138095238094
1758481200,1052.5,1052.6,1045.69,1048.48,,,965.769149999999,1019.9840000000003,1057.637619047619
1758484800,1048.48,1048.49,1041.95,1045.59,,,966.3709999999991,1021.2860000000004,1059.0152380952381
1758488400,1045.58,1052.81,1045.22,1049.89,,,967.007049999999,1022.4812000000004,1059.5585714285714
1758492000,1049.89,1054.39,1047.49,1053.21,,,967.6345999999991,1023.8136000000004,1059.9342857142856
1758495600,1053.21,1053.21,1045.95,1048.47,,,968.289399999999,1025.2088000000003,1059.9838095238094
1758499200,1048.47,1051.03,1025.87,1030.71,,,968.8685499999989,1026.6046000000006,1059.4114285714284
1758502800,1030.73,1045.12,1028.63,1037.27,,,969.420649999999,1027.9290000000005,1058.482857142857
1758506400,1037.27,1039.74,1028.63,1032.37,,,969.9756499999988,1029.3536000000004,1057.2166666666667
1758510000,1032.37,1035.05,1026.03,1030.53,,,970.5088499999989,1030.8178000000005,1055.343333333333
1758513600,1030.53,1038.77,1027.93,1033.66,,,971.0377999999989,1032.1198000000004,1053.8552380952378
1758517200,1033.66,1035.95,1021.01,1021.01,,,971.6016999999989,1033.0398000000005,1052.1438095238093
1758520800,1021.03,1024.68,996.26,1024.65,,,972.1843499999989,1034.0946000000004,1049.9538095238095
1758524400,1024.65,1028.49,1021.54,1024.1,,,972.7402499999988,1034.9972000000002,1048.0161904761903
1758528000,1024.05,1036.39,1024.05,1029.08,,,973.2639999999989,1035.8764000000003,1045.560476190476
1758531600,1029.08,1029.09,1014.75,1018.16,,,973.801699999999,1036.7222000000004,1043.9190476190474
1758535200,1018.14,1024.89,1013.73,1023.41,,,974.3081999999989,1037.2958000000003,1042.1461904761902
1758538800,1023.41,1024.35,1018.3,1018.91,,,974.8074499999989,1037.7818000000004,1041.0666666666664
1758542400,1018.91,1024.17,1017.8,1021.98,,,975.324199999999,1038.3062000000004,1039.6938095238093
1758546000,1021.99,1028.31,1015.28,1022.56,,,975.762649999999,1038.9396000000004,1038.2880952380951
1758549600,1022.56,1022.75,1003.14,1003.97,,,976.226899999999,1039.3034000000005,1036.7642857142855
1758553200,1003.96,1006.21,995.4,998.2,,,976.6758499999991,1039.8276000000003,1035.105714285714
1758556800,998.2,998.93,991.83,992.99,,,977.1513999999992,1040.2756000000002,1034.103809523809
1758560400,993,994.85,984.4,994.49,,,977.5676499999992,1040.7538000000002,1031.9299999999996
1758564000,994.49,994.74,986.35,987.64,,,978.0002499999993,1041.1568000000002,1029.343333333333
1758567600,987.65,988.69,977.62,981.63,,,978.4374999999991,1041.2154000000003,1026.700952380952
1758571200,981.65,989.93,979.43,988.49,,,978.8781999999992,1041.1566000000003,1024.2676190476186
1758574800,988.49,992.87,984.87,992.65,,,979.2768999999993,1040.7694000000001,1021.303333333333
1758578400,992.66,994.12,990.21,992.75,,,979.5981999999992,1040.2252,1017.8947619047616
1758582000,992.75,994.96,990.43,993.49,,,979.8994999999992,1039.4594000000002,1015.0385714285711
1758585600,993.49,998.17,991.63,992.07,,,980.1685499999992,1038.5570000000002,1013.2261904761901
1758589200,992.07,992.5,984.23,984.24,,,980.4337999999992,1037.8796000000002,1011.1061904761901
1758592800,984.24,987.52,971.43,971.46,,,980.6856499999991,1037.3326000000002,1009.2547619047615
1758596400,971.46,984.74,963.31,983.27,,,980.933749999999,1036.7738000000002,1007.423333333333
1758600000,983.27,986.25,977.47,982.79,,,981.2057999999992,1035.8214000000003,1005.0699999999995
1758603600,982.79,989.88,980.68,989.42,,,981.5178499999992,1034.8510000000003,1002.7104761904758
1758607200,989.42,998.78,988.43,997.67,,,981.8492999999991,1033.6448000000003,1000.7399999999997
1758610800,997.67,1006.46,995.52,1002.56,,,982.192399999999,1031.8358,998.7728571428568
1758614400,1002.56,1013.62,1002.21,1005.08,,,982.5276999999992,1030.0470000000003,996.8842857142854
1758618000,1005.08,1008.81,998.82,1000.21,,,982.8064999999991,1028.2016,995.908571428571
1758621600,1000.21,1007.01,997.79,1005.72,,,983.0287999999991,1026.5890000000002,994.9157142857139
1758625200,1005.72,1011.67,1002.62,1011.53,,,983.3052499999992,1025.172,994.2571428571425
1758628800,1011.52,1023.48,1010.49,1019.43,,,983.5704499999993,1023.8570000000001,993.2204761904759
1758632400,1019.42,1022.95,1015.46,1017.54,,,983.8479999999993,1022.4282000000002,992.4185714285711
1758636000,1017.55,1023.02,1012.89,1013.59,,,984.1687499999991,1020.9454000000002,992.7785714285712
1758639600,1013.59,1027.26,1010.34,1023.28,,,984.5471499999992,1019.6082000000002,993.7895238095235
1758643200,1023.28,1027.73,1018.93,1024.86,,,984.9464499999991,1018.6564000000003,994.9585714285711
1758646800,1024.88,1025.01,1012.58,1014.96,,,985.305549999999,1017.8184000000002,995.8680952380948
1758650400,1014.96,1017.15,1008.47,1012,,,985.6850999999991,1017.1342000000003,997.5652380952376
1758654000,1012,1016.41,1007.6,1009.96,,,986.0789999999989,1016.4662000000003,999.6238095238098
1758657600,1009.96,1015.36,1009.22,1014.95,,,986.506599999999,1015.8732000000002,1000.8842857142861
1758661200,1014.94,1021.68,1013.82,1021.5,,,986.9213999999989,1015.3522000000002,1001.8057142857145
1758664800,1021.5,1021.5,1015.93,1017.07,,,987.3530999999989,1014.5152000000002,1002.6252380952383
1758668400,1017.07,1019.59,1012.42,1016.9,,,987.850249999999,1013.8832000000002,1003.6471428571432
1758672000,1016.91,1024.59,1014.23,1017.71,,,988.4178499999991,1013.0900000000003,1005.0485714285718
1758675600,1017.71,1026.89,1016.38,1024.44,,,988.9005999999991,1012.3386000000003,1006.6119047619051
1758679200,1024.44,1024.8,1016.01,1019.74,,,989.362349999999,1011.7990000000002,1008.7757142857147
1758682800,1019.74,1022.55,1002.65,1002.89,,,989.8094499999991,1011.2286000000001,1010.4157142857146
1758686400,1002.86,1011.59,992.67,1008.43,,,990.293449999999,1010.5688000000002,1012.3990476190478
1758690000,1008.41,1016.73,1007.82,1014.86,,,990.811449999999,1009.8588000000002,1013.8428571428575
1758693600,1014.87,1018.58,1011.23,1018.11,,,991.307849999999,1009.3782000000002,1014.091428571429
1758697200,1018.11,1019.32,1014.22,1018.34,,,991.807599999999,1009.1588000000002,1014.3709523809528
1758700800,1018.31,1026.98,1018.31,1025.53,,,992.309349999999,1008.4712000000001,1014.836666666667
1758704400,1025.55,1034.75,1022.78,1032.83,,,992.8313499999989,1007.9924000000002,1015.6890476190479
1758708000,1032.81,1032.91,1020.65,1023.84,,,993.324899999999,1007.6790000000001,1016.2900000000003
1758711600,1023.84,1023.89,1013.01,1016.22,,,993.7403999999991,1007.368,1016.9566666666667
1758715200,1016.22,1019.23,1015.29,1017.4,,,994.181549999999,1007.3146,1017.594761904762
1758718800,1017.4,1018.73,1009.33,1009.38,,,994.643499999999,1007.3322000000001,1017.8947619047619
1758722400,1009.38,1021.26,1009.31,1017.41,,,995.133149999999,1007.5068000000001,1018.0200000000001
1758726000,1017.41,1019.62,1009.46,1009.59,,,995.6242499999988,1007.4019999999999,1017.74
1758729600,1009.59,1016.08,1008.42,1013.8,,,996.155299999999,1007.3631999999999,1017.0028571428572
1758733200,1013.8,1019.9,1013.56,1016.98,,,996.7155499999989,1007.243,1017.1195238095237
1758736800,1016.98,1017.69,1013.87,1015.97,,,997.234649999999,1007.0523999999999,1017.0047619047618
1758740400,1015.97,1018.12,1014.48,1016.01,,,997.708749999999,1006.961,1017.187619047619
1758744000,1016.01,1018.97,1013.3,1018.36,,,998.1752499999991,1006.7016,1017.2842857142856
1758747600,1018.36,1019.24,1012.53,1013.35,,,998.5730999999989,1006.8982000000001,1017.0209523809523
1758751200,1013.35,1019.83,1013.35,1019.21,,,999.0205999999989,1007.2738,1016.9704761904761
1758754800,1019.22,1019.97,1016.1,1018.85,,,999.4133499999989,1007.7334000000001,1017.0399999999998
1758758400,1018.85,1020.18,1015.69,1016.93,,,999.822999999999,1008.1638,1016.8323809523807
1758762000,1016.91,1016.96,1003.79,1005.24,,,1000.262849999999,1008.7782000000001,1016.5833333333331
1758765600,1005.24,1015.13,1003.5,1010.21,,,1000.714249999999,1009.4126000000001,1016.5409523809523
1758769200,1010.21,1010.23,996.19,999.85,,,1001.155649999999,1010.0270000000002,1017.2095238095237
1758772800,999.89,1000.34,986.58,990.75,,,1001.603749999999,1010.551,1017.057619047619
1758776400,990.78,998.28,988.16,997.21,,,1002.0334999999991,1011.0346000000001,1016.8361904761904
1758780000,997.21,997.26,988.66,989.39,,,1002.4926999999992,1011.2696,1015.9666666666665
1758783600,989.39,994.7,987.22,992.37,,,1002.8983499999991,1011.6324000000001,1014.6528571428571
1758787200,992.36,996.69,988.46,991.33,,,1003.3077999999992,1011.9446,1013.3042857142857
1758790800,991.35,996.47,989.3,990.02,,,1003.5702999999991,1012.3304,1011.2357142857142
1758794400,990.05,990.79,982.32,983.73,,,1003.8632499999992,1012.6092,1009.7371428571427
1758798000,983.91,987.8,981.55,986.39,,,1004.0882999999991,1012.7411999999999,1008.5519047619046
1758801600,986.39,993.88,981.13,989.77,,,1004.2641999999992,1012.8001999999999,1007.2480952380951
1758805200,989.77,996.2,986.36,990.28,,,1004.4662499999991,1012.6734,1006.0266666666664
1758808800,990.28,1000.64,990.28,996.45,,,1004.6247999999991,1012.4226,1004.5495238095235
1758812400,996.45,997.23,989.35,995.49,,,1004.8054499999993,1011.9955999999999,1003.6057142857142
1758816000,995.48,997.16,978.07,981.49,,,1004.9618499999991,1011.7191999999999,1002.4857142857142
1758819600,981.48,981.49,951.22,956.01,,,1005.125599999999,1011.4001999999999,1001.5080952380949
1758823200,955.86,968.95,955.86,968.5,,,1005.242249999999,1010.9751999999997,1000.5328571428569
1758826800,968.51,969.52,957.09,958.68,,,1005.3876499999991,1010.5155999999998,998.8890476190472
1758830400,958.68,961.37,952.21,953.22,,,1005.5757999999992,1010.0745999999999,995.9199999999996
1758834000,953.21,959.93,949.02,953.52,,,1005.766449999999,1009.4325999999998,993.7842857142853
1758837600,953.52,958.11,945.83,946,,,1005.9745999999991,1008.0871999999998,990.9019047619043
1758841200,946,951.73,940.57,946.26,,,1006.1764499999991,1006.9599999999998,987.7766666666662
1758844800,946.26,956.32,945.23,955.45,,,1006.2989499999992,1005.8343999999998,984.7571428571424
1758848400,955.45,959.25,951.92,953.19,,,1006.3023499999993,1004.6587999999997,981.93619047619
1758852000,953.19,956.92,945.66,945.84,,,1006.3790999999993,1003.5299999999999,978.8909523809518
1758855600,945.84,947.79,941.46,946.03,,,1006.4040999999993,1002.1509999999997,976.7766666666661
1758859200,946.03,947.86,937.07,938.7,,,1006.4095999999994,1000.6461999999998,974.9880952380947
1758862800,938.68,943.98,937.04,939.9,,,1006.4248999999993,999.4137999999998,972.5419047619043
1758866400,939.9,948.16,936.71,944.14,,,1006.4101499999994,998.1395999999996,970.4771428571423
1758870000,944.11,950.19,943.83,949.81,,,1006.3840499999994,996.7021999999997,967.921428571428
1758873600,949.8,951.06,947.18,947.84,,,1006.4071999999993,995.1339999999997,965.4723809523805
1758877200,947.84,950,939.44,945.17,,,1006.4150999999994,993.5131999999996,963.2876190476186
1758880800,945.17,945.47,935.69,937.82,,,1006.3722999999992,992.2533999999995,961.6723809523804
1758884400,937.82,941.15,932.79,937.61,,,1006.3178499999993,990.9675999999996,959.8366666666661
1758888000,937.61,949.16,932.71,947.39,,,1006.2412999999993,989.6665999999996,957.7128571428565
1758891600,947.38,952.13,942.32,949.83,,,1006.1325999999992,988.2611999999995,955.2147619047613
1758895200,949.84,950.19,936.24,938.15,,,1005.8928499999992,986.7977999999996,952.4128571428565
1758898800,938.14,945.02,937.96,942.74,,,1005.6898999999993,985.0435999999994,950.1223809523802
1758902400,942.74,955.45,941.79,955.12,,,1005.5106999999994,983.1391999999995,948.6147619047612
1758906000,955.16,964.32,954.21,964.32,,,1005.2940999999993,981.6101999999995,947.7642857142849
1758909600,964.31,966.39,957.33,960.3,,,1005.0275499999993,980.2823999999996,946.5376190476183
1758913200,960.3,960.34,951.77,955.22,,,1004.7364999999994,978.6973999999996,946.3680952380945
1758916800,955.22,957.81,952.3,954.27,,,1004.5016999999993,977.3645999999997,946.8966666666659
1758920400,954.29,956.81,951.92,956.56,,,1004.2931999999995,976.1187999999995,947.219523809523
1758924000,956.57,960.34,954.72,957.01,,,1004.0119999999994,975.2133999999995,947.6585714285707
1758927600,957.03,961.18,954.27,961.18,,,1003.7329999999995,974.1433999999994,948.0399999999993
1758931200,961.17,963.43,958.73,963.4,,,1003.5039499999996,972.9081999999995,948.0928571428565
1758934800,963.4,963.95,956.29,959.67,,,1003.3188999999995,971.6741999999996,948.2747619047612
1758938400,959.65,963.92,959.12,962.8,,,1003.1519999999996,970.4851999999995,949.0052380952375
1758942000,962.8,968.02,961.1,967.17,,,1002.9679999999996,969.2581999999995,949.8323809523804
1758945600,967.17,973.06,966.11,972.8,,,1002.7551499999995,968.2147999999994,950.8309523809518
1758949200,972.8,973.04,967.54,969.47,,,1002.5624999999995,967.0985999999995,951.921428571428
1758952800,969.47,970.53,966.39,969.38,,,1002.3698499999996,965.9149999999995,953.0180952380945
1758956400,969.39,974.31,969.39,972.8,,,1002.2067999999996,964.8323999999997,954.1128571428565
1758960000,972.8,972.88,966.47,967.51,,,1002.0519999999996,964.0709999999996,955.1428571428564
1758963600,967.51,971.99,966.03,969.35,,,1001.8908499999994,963.3227999999997,956.2957142857135
1758967200,969.35,975.66,967.12,973.64,,,1001.7654499999995,962.7151999999998,957.961428571428
1758970800,973.64,973.71,970.52,971.06,,,1001.6593499999996,962.2877999999997,959.3852380952376
1758974400,971.06,974.42,969.07,973.61,,,1001.5821999999994,961.7995999999998,960.4309523809518
1758978000,973.61,979.61,972.89,978.98,,,1001.4886999999995,961.3619999999999,961.5647619047614
1758981600,978.98,985.97,978.57,982.13,,,1001.4206499999995,960.9015999999997,963.1319047619041
1758985200,982.13,982.93,976.81,976.86,,,1001.3779499999996,960.5477999999997,964.6019047619042
1758988800,976.86,977.61,973.26,973.84,,,1001.2845999999995,960.1685999999997,965.7380952380945
1758992400,973.84,973.89,965.99,971.97,,,1001.2002499999995,959.9661999999998,966.5861904761898
1758996000,971.98,971.98,966.66,969.5,,,1001.1369499999995,959.8179999999998,967.3747619047614
1758999600,969.52,971.17,967.82,970.25,,,1001.0656499999994,959.6651999999996,968.2614285714279
1759003200,970.25,971.01,968.23,968.98,,,1000.9724499999995,959.3967999999996,969.1042857142851
1759006800,968.98,973.44,967.83,972.96,,,1000.8952499999995,958.9445999999998,969.7204761904757
1759010400,972.96,978.3,971.45,972.72,,,1000.8360999999994,958.4741999999997,970.350952380952
1759014000,972.72,974.02,968.14,969.12,,,1000.7445999999993,958.2343999999997,970.7223809523805
1759017600,969.11,971.77,965.98,968.42,,,1000.6084499999994,958.5191999999997,971.1776190476185
1759021200,968.42,971.85,967.51,967.72,,,1000.4921499999994,958.5287999999997,971.7990476190472
1759024800,967.72,973.73,967.47,972.79,,,1000.3803999999996,958.8143999999998,972.0999999999995
1759028400,972.8,975.28,971.7,974.63,,,1000.3009999999995,959.2043999999997,972.1595238095232
1759032000,974.63,975.68,971.87,973.89,,,1000.2062499999994,959.5163999999997,971.9176190476186
1759035600,973.88,975.12,971.47,971.78,,,1000.1124999999994,959.9647999999996,972.0757142857137
1759039200,971.79,974.11,969.17,971.96,,,1000.0568999999995,960.3939999999997,972.3257142857137
1759042800,971.96,973.13,969.34,970.03,,,999.9874999999996,960.7407999999997,972.3776190476187
1759046400,970.03,971.35,963.73,965.28,,,999.9157999999995,961.1695999999996,972.5809523809521
1759050000,965.28,969.22,963.25,968.88,,,999.8609499999998,961.7305999999996,972.7052380952376
1759053600,968.87,971.23,965.55,970.33,,,999.8280499999996,962.2455999999997,972.5333333333328
1759057200,970.33,973.63,968.07,973.63,,,999.8078999999994,962.9107999999995,972.2580952380948
1759060800,973.63,975.27,966.92,969.35,,,999.7773499999996,963.5133999999997,972.0328571428568
1759064400,969.36,975.63,969.09,974.38,,,999.7193999999996,963.9361999999996,971.6209523809518
1759068000,974.39,979.65,973.04,975.93,,,999.6556499999995,964.3175999999996,971.2161904761901
1759071600,975.93,976.83,973.86,976.44,,,999.5831499999995,964.7673999999996,970.858571428571
1759075200,976.46,980.73,976.44,977.8,,,999.4733499999995,965.3365999999996,970.8842857142854
1759078800,977.8,980.06,976.43,978.27,,,999.3848999999994,965.9671999999996,971.0728571428567
1759082400,978.26,979.63,977.43,979.53,,,999.2796999999995,966.7025999999996,971.4033333333331
1759086000,979.52,980.21,975.95,978.52,,,999.1861999999995,967.2733999999997,971.762857142857
1759089600,978.52,984.01,978.19,982.76,,,999.0311999999996,967.8055999999996,972.2052380952379
1759093200,982.76,984.68,981.27,982.39,,,998.9136999999995,968.5985999999996,972.5180952380952
1759096800,982.39,990.24,982.27,989.36,,,998.8062999999995,969.3091999999996,972.7942857142856
1759100400,989.36,993.87,988.55,993.64,,,998.6886499999995,969.7973999999996,973.4438095238094
1759104000,993.62,995.98,991.78,995.07,,,998.5916499999995,970.0813999999996,974.1090476190475
1759107600,995.07,1001.6,994.23,994.75,,,998.5004499999994,970.5305999999997,975.1395238095234
1759111200,994.75,1000.5,992.85,1000.32,,,998.4077499999995,971.0739999999996,976.1323809523807
1759114800,1000.32,1011.55,999.08,1010.75,,,998.2882999999995,971.7757999999995,977.105714285714
1759118400,1010.75,1013.97,1007.23,1008.27,,,998.1968999999995,972.5173999999996,978.0990476190475
1759122000,1008.27,1012.23,1006.17,1010.77,,,998.1031499999995,973.2785999999995,979.458095238095
1759125600,1010.79,1012.08,1006.1,1009.94,,,997.9881999999994,973.9499999999996,981.3052380952379
1759129200,1009.94,1011.18,1007.83,1010.31,,,997.8478999999993,974.6883999999997,983.1261904761902
1759132800,1010.3,1013.07,1007.67,1007.7,,,997.6935999999994,975.7099999999996,985.2923809523808
1759136400,1007.7,1007.7,1002.93,1007.65,,,997.5335999999995,976.6193999999996,987.2476190476189
1759140000,1007.64,1010.47,1006.38,1008.74,,,997.4233999999996,977.4913999999995,989.1514285714284
1759143600,1008.74,1008.76,1003.89,1005.46,,,997.3771499999996,978.2341999999995,990.7738095238094
1759147200,1005.46,1008.44,1001.19,1002.03,,,997.3150499999996,979.0509999999996,992.597619047619
1759150800,1002.03,1013.68,1000.57,1012.54,,,997.1633499999996,979.8173999999996,994.2338095238096
1759154400,1012.58,1023.55,1012.47,1018.88,,,997.0100999999995,980.5143999999996,995.6399999999998
1759158000,1018.88,1019.39,1008.65,1011.58,,,996.8388999999995,981.3389999999996,996.8585714285714
1759161600,1011.58,1014.64,1005.72,1005.89,,,996.5678499999996,982.0611999999995,998.512857142857
1759165200,1005.89,1013.02,1004.46,1012.61,,,996.2425499999996,982.6289999999997,1000.4466666666665
1759168800,1012.61,1017.86,1010.86,1017.7,,,995.9109499999996,983.4585999999997,1001.972857142857
1759172400,1017.7,1021.66,1017.68,1020.63,,,995.5879999999996,984.3639999999997,1003.2761904761903
1759176000,1020.63,1029.27,1019.89,1028.21,,,995.2555499999996,985.0159999999996,1004.6976190476189
1759179600,1028.21,1031.22,1026.58,1030.98,,,994.9766999999997,985.4911999999997,1006.3790476190476
1759183200,1030.98,1036.4,1029.93,1035.04,,,994.6884999999997,986.2061999999996,1007.8680952380952
1759186800,1035.04,1035.06,1029.08,1030.41,,,994.3746499999996,987.0833999999995,1009.5142857142857
1759190400,1030.42,1034.53,1027.72,1028.52,,,994.0411999999997,988.0565999999995,1011.2242857142857
1759194000,1028.51,1031.79,1024.74,1026.37,,,993.8086499999996,989.2307999999996,1013.1428571428571
1759197600,1026.38,1028.32,1022.22,1022.54,,,993.5904999999998,990.4453999999995,1014.5757142857143
1759201200,1022.54,1026.77,1022.3,1023.97,,,993.4348999999996,991.7665999999995,1015.4219047619047
1759204800,1023.97,1028.41,1023.7,1026.15,,,993.3409999999997,992.9155999999996,1016.2838095238095
1759208400,1026.17,1026.44,1020.54,1024.59,,,993.2312499999997,994.0315999999995,1016.8442857142857
1759212000,1024.59,1027.43,1022.69,1026.58,,,993.1518999999997,995.1765999999994,1017.512380952381
1759215600,1026.58,1028.51,1017.44,1020.78,,,993.0198999999997,996.2589999999996,1018.2666666666668
1759219200,1020.77,1022.12,1019.65,1020.59,,,992.9444999999995,997.3839999999996,1019.0709523809526
1759222800,1020.59,1021.24,1008.56,1008.77,,,992.8282499999996,998.4511999999996,1019.9723809523811
1759226400,1008.76,1011.41,1007.2,1010.49,,,992.6783499999997,999.4503999999996,1020.5457142857144
1759230000,1010.49,1017.24,1009.23,1014.98,,,992.5557999999996,1000.5041999999997,1021.2661904761907
1759233600,1014.97,1015.19,1009.1,1009.1,,,992.4585999999997,1001.4841999999996,1021.5871428571429
1759237200,1009.11,1014.1,1006.59,1008.67,,,992.3320999999996,1002.4567999999998,1021.4895238095239
1759240800,1008.67,1009.74,1002.23,1006.63,,,992.1989499999996,1003.2315999999997,1021.3038095238096
1759244400,1006.62,1006.62,993.77,998.68,,,992.0604999999997,1004.1357999999997,1021.1857142857143
1759248000,998.68,1003.01,997.51,998.74,,,992.0098999999998,1005.0577999999997,1021.3180952380952
1759251600,998.74,1004.16,997.57,1001.85,,,991.8673999999997,1005.8331999999998,1021.0333333333334
1759255200,1001.85,1004.51,999.93,1003.74,,,991.7579999999997,1006.5339999999998,1020.1276190476191
1759258800,1003.74,1009.79,1003.52,1007.98,,,991.6802499999997,1007.2795999999997,1019.0852380952381
1759262400,1007.97,1009.83,1003.96,1009.26,,,991.5574499999997,1007.7655999999998,1017.83
1759266000,1009.26,1011.05,1002.92,1003.14,,,991.4957499999997,1008.2217999999998,1016.5328571428571
1759269600,1003.14,1006.01,1001.82,1003.65,,,991.4056499999996,1008.7299999999999,1015.2442857142858
1759273200,1003.65,1009.85,1001.96,1009.08,,,991.2785499999995,1009.2487999999998,1014.2371428571429
1759276800,1009.08,1013.26,1008.41,1012.53,,,991.1268499999995,1009.8430000000001,1013.0285714285716
1759280400,1012.53,1015.95,1011.3,1014.64,,,991.0452999999995,1010.4376000000001,1011.9466666666667
1759284000,1014.64,1014.73,1009.2,1009.23,,,990.9469499999994,1010.9300000000002,1011.3057142857144
1759287600,1009.23,1009.26,1003.41,1004.91,,,990.8922999999995,1011.3478000000001,1010.7609523809525
1759291200,1004.91,1013.02,1004.83,1009.99,,,990.8286999999996,1011.8816000000002,1010.2128571428572
1759294800,1009.99,1013.35,1009.54,1011.28,,,990.7315999999996,1012.3450000000001,1009.4814285714286
1759298400,1011.28,1011.84,1007.96,1008.61,,,990.7299999999996,1012.7650000000001,1008.449523809524
1759302000,1008.61,1012.67,1008.3,1010.11,,,990.7843999999996,1013.0482000000001,1007.9357142857145
1759305600,1010.11,1029.54,1009.53,1027.74,,,990.8820999999995,1013.2514000000001,1007.4923809523813
1759309200,1027.74,1036.1,1026.71,1032.93,,,990.9828499999994,1013.4448000000001,1007.4847619047623
1759312800,1032.93,1033.45,1026.17,1028.21,,,991.0907999999995,1013.4554000000003,1007.4666666666668
1759316400,1028.21,1030.7,1021.72,1023.64,,,991.2071999999996,1013.4622000000002,1008.0742857142859
1759320000,1023.65,1025.17,1017.65,1018.39,,,991.3146999999994,1013.4490000000001,1009.2090476190477
1759323600,1018.39,1025.05,1018.37,1023.44,,,991.4078499999996,1013.8050000000002,1010.139523809524
1759327200,1023.44,1028.64,1021.1,1022.06,,,991.4871499999995,1014.2574000000002,1010.9495238095241
1759330800,1022.06,1022.48,1016.99,1019.34,,,991.5702499999995,1014.6676000000002,1011.8880952380955
1759334400,1019.34,1022.24,1017.97,1021.1,,,991.7485999999996,1014.9874000000002,1013.064285714286
1759338000,1021.1,1025.46,1019.82,1020.39,,,991.9920499999996,1015.1804000000002,1014.0266666666669
1759341600,1020.39,1023.44,1019.89,1020.22,,,992.2757999999995,1015.5400000000003,1014.7695238095241
1759345200,1020.22,1022.7,1019.36,1019.91,,,992.4776499999996,1015.9406000000001,1015.394285714286
1759348800,1019.91,1022.1,1017.69,1022.1,,,992.6556499999996,1016.0766000000002,1015.924285714286
1759352400,1022.1,1022.54,1019.77,1019.9,,,992.8257499999995,1016.1210000000002,1016.7376190476193
1759356000,1019.9,1023.17,1019.22,1021.89,,,992.9476999999996,1016.2972000000003,1017.5119047619052
1759359600,1021.89,1026.56,1020.74,1026.52,,,993.0315999999995,1016.5838000000003,1018.1319047619049
1759363200,1026.51,1032.84,1023.42,1025.4,,,993.1116999999996,1016.7298000000003,1018.4828571428573
1759366800,1025.4,1037.73,1024.21,1036.05,,,993.2125999999995,1016.8178000000003,1018.8280952380956
1759370400,1036.07,1038.28,1031.55,1036.28,,,993.2850999999995,1016.8032000000002,1019.6514285714287
1759374000,1036.28,1036.59,1031.16,1031.74,,,993.3269999999995,1016.6768000000002,1020.627142857143
1759377600,1031.73,1034.71,1028.17,1031.16,,,993.3403499999995,1016.5875999999998,1021.8680952380954
1759381200,1031.16,1034.43,1029.07,1031.67,,,993.3521499999995,1016.3947999999998,1023.0585714285714
1759384800,1031.67,1041.44,1031.52,1037.04,,,993.3936499999995,1016.5075999999998,1024.16
1759388400,1037.04,1040.32,1035.65,1036.72,,,993.4098499999996,1016.6627999999998,1025.1623809523812
1759392000,1036.7,1039.1,1034.36,1035.18,,,993.4125499999994,1016.7701999999999,1025.349523809524
1759395600,1035.18,1041.74,1034.69,1041.18,,,993.5179999999996,1016.9425999999999,1025.5452380952381
1759399200,1041.17,1046.55,1038.28,1044.64,,,993.6393999999996,1017.0965999999997,1025.9504761904764
1759402800,1044.64,1050.25,1044.63,1048.45,,,993.7482999999994,1017.3143999999999,1026.5000000000002
1759406400,1048.46,1063.88,1047.96,1060.73,,,993.8293499999995,1017.5569999999998,1027.5852380952383
1759410000,1060.73,1062.04,1053.9,1055.26,,,993.8801999999996,1017.7289999999998,1028.5947619047622
1759413600,1055.25,1057.33,1044.89,1046.44,,,993.9800499999997,1018.1369999999998,1029.8514285714289
1759417200,1046.44,1057.07,1042.31,1056.55,,,994.0791499999995,1018.6179999999999,1031.822380952381
1759420800,1056.55,1063.06,1056.28,1061.94,,,994.1664999999997,1019.4115999999999,1033.449047619048
1759424400,1061.94,1062.45,1058.97,1059.91,,,994.2501999999995,1020.4164,1034.6895238095242
1759428000,1059.91,1069,1059.91,1068.73,,,994.3746999999996,1021.222,1036.4195238095242
1759431600,1068.73,1077.12,1067.65,1074.5,,,994.6024999999997,1021.9688000000001,1038.4209523809527
1759435200,1074.5,1085.82,1073.87,1082.28,,,994.8639999999997,1022.9264,1040.221428571429
1759438800,1082.28,1088.88,1078.63,1079.3,,,995.0659999999996,1024.0326,1042.546666666667
1759442400,1079.19,1094.48,1079.09,1093.49,,,995.2076499999996,1025.2572,1045.051904761905
1759446000,1093.45,1099.34,1087.7,1090.97,,,995.3986999999995,1026.657,1047.707142857143
1759449600,1090.97,1094.34,1085.33,1086.64,,,995.5807499999995,1028.11,1050.2738095238099
1759453200,1086.64,1097.5,1086.64,1089.14,,,995.7161499999996,1029.6808,1053.009047619048
1759456800,1089.17,1098.61,1087.78,1097.04,,,995.9405999999996,1031.1072,1055.6133333333337
1759460400,1097.04,1113.05,1097.01,1108.69,,,996.2319999999995,1032.7918,1058.2276190476196
1759464000,1108.72,1113.28,1095.19,1099.59,,,996.5563999999997,1034.5484,1060.988571428572
1759467600,1099.59,1101.7,1094.18,1095.04,,,996.9059999999996,1036.2082,1064.1014285714289
1759471200,1095.04,1100.22,1091.49,1092.54,,,997.2863999999995,1037.8094,1067.5133333333338
1759474800,1092.54,1093.34,1085.47,1086.9,,,997.6932999999996,1039.4996,1070.5071428571432
1759478400,1086.9,1098.27,1084.84,1097.13,,,998.0574999999994,1041.3806000000002,1073.3576190476194
1759482000,1097.13,1115.35,1096.92,1109.27,,,998.4182999999995,1043.1878000000002,1075.8033333333337
1759485600,1109.27,1110.76,1106.19,1108,,,998.8236499999995,1044.9904000000001,1077.8157142857149
1759489200,1108,1108.57,1102.75,1107.15,,,999.2870499999995,1046.6414000000002,1080.13380952381
1759492800,1107.16,1110.8,1106.62,1107.77,,,999.6931999999995,1048.1538,1082.4452380952384
1759496400,1107.77,1146.83,1103.49,1138.43,,,1000.1016499999996,1049.9242000000002,1084.9566666666672
1759500000,1138.41,1143.55,1120.63,1142.93,,,1000.4682999999995,1051.9074,1087.8476190476194
1759503600,1142.97,1168.11,1137.63,1165.65,,,1000.8085499999996,1053.5126,1090.2866666666673
1759507200,1165.72,1168.39,1150.55,1156.36,,,1001.2095499999996,1054.997,1093.9290476190483
1759510800,1156.38,1156.42,1134.37,1136.78,,,1001.7296999999995,1056.5882,1097.8823809523815
1759514400,1136.78,1178.54,1134.2,1173.25,,,1002.2186499999995,1058.884,1102.4976190476195
1759518000,1173.25,1174.08,1164.88,1170.98,,,1002.7551499999994,1061.3748,1106.3957142857148
1759521600,1170.98,1182.14,1165.94,1182.14,,,1003.3402499999995,1064.219,1108.9909523809529
1759525200,1182.12,1182.91,1172.63,1178.02,,,1004.0463499999995,1066.905,1113.4647619047626
1759528800,1178.02,1192.85,1178.02,1183.65,,,1004.8140499999995,1069.2538,1117.1547619047626
1759532400,1183.65,1190.78,1173.68,1190.17,,,1005.6804499999995,1072.2968,1121.496190476191
1759536000,1190.17,1190.97,1175.22,1178.1,,,1006.5055999999997,1075.3086,1125.8476190476197
1759539600,1178.11,1180.56,1164.75,1171.89,,,1007.2393999999996,1078.547,1130.3480952380958
1759543200,1171.88,1178.12,1165.81,1177.13,,,1008.1869999999997,1081.7092000000002,1134.7828571428577
1759546800,1177.13,1181.51,1169.91,1171.12,,,1009.1099499999997,1084.9402000000002,1138.0880952380958
1759550400,1171.12,1175.99,1168.2,1174.86,,,1010.0717999999995,1088.3456,1141.530952380953
1759554000,1174.85,1183.17,1174.5,1177.51,,,1011.0104999999996,1091.4698,1145.4400000000005
1759557600,1177.51,1178.16,1171.25,1172.38,,,1011.9464999999996,1094.3772,1149.1819047619053
1759561200,1172.38,1174.93,1166.19,1167.79,,,1012.9198999999994,1097.4118,1153.3704761904767
1759564800,1167.79,1169.61,1156.01,1156.3,,,1013.9029499999996,1100.1132000000002,1157.1980952380957
1759568400,1156.33,1162.71,1150.37,1151.35,,,1014.9823499999994,1102.8848000000003,1160.2033333333338
1759572000,1151.35,1156.91,1147.9,1149.91,,,1016.0254999999994,1105.8002000000001,1163.0504761904767
1759575600,1149.91,1154.97,1145.83,1152.38,,,1017.0876999999996,1108.6246,1165.390952380953
1759579200,1152.38,1154.32,1144.41,1144.74,,,1018.1958999999997,1111.3470000000002,1167.466190476191
1759582800,1144.74,1151.37,1144.08,1147.7,,,1019.3158499999996,1113.7322000000001,1168.0128571428577
1759586400,1147.7,1154.8,1145.25,1147.18,,,1020.4477499999998,1116.0248000000001,1168.4628571428575
1759590000,1147.19,1151.66,1140.89,1144.78,,,1021.5553999999996,1118.3194,1167.4671428571435
1759593600,1144.78,1147.58,1137.71,1143.53,,,1022.5596499999997,1120.5434000000002,1167.0547619047622
1759597200,1143.53,1158.71,1142.66,1150.65,,,1023.5504499999997,1122.5454000000002,1167.5500000000004
1759600800,1150.65,1150.83,1143.24,1144.42,,,1024.5707999999997,1124.5304000000003,1166.1942857142863
1759604400,1144.42,1148.13,1144.27,1147.77,,,1025.6025499999998,1126.2594000000004,1164.8871428571433
1759608000,1147.77,1151.15,1147.34,1147.4,,,1026.6327499999998,1128.0498000000002,1163.3876190476194
1759611600,1147.4,1157.05,1147.39,1152.88,,,1027.6717499999997,1129.9916000000003,1161.7876190476195
1759615200,1152.88,1155.87,1147.81,1148.07,,,1028.6869499999998,1131.8736000000001,1160.0790476190482
1759618800,1148.06,1151.53,1145.47,1151.51,,,1029.6617999999999,1133.5232,1158.0423809523813
1759622400,1151.51,1154.3,1145.59,1147.09,,,1030.6402499999997,1135.2804000000003,1156.841428571429
1759626000,1147.11,1152.83,1144.24,1150.27,,,1031.6676499999999,1136.8538,1155.7071428571433
1759629600,1150.27,1165.78,1148.95,1163.42,,,1032.7006499999998,1138.4214000000002,1154.4871428571435
1759633200,1163.42,1169.62,1162.15,1163.75,,,1033.75145,1139.7372000000003,1153.3428571428576
1759636800,1163.75,1186.34,1163.67,1182.38,,,1034.7514999999999,1141.1814000000004,1152.1719047619054
1759640400,1182.39,1189.18,1177.46,1178.81,,,1035.76675,1142.2534000000003,1151.5009523809529
1759644000,1178.8,1180.59,1167.55,1169.93,,,1036.81635,1143.4394000000002,1151.0900000000006
1759647600,1169.93,1180.65,1168.35,1178.52,,,1037.8602,1144.9750000000001,1151.7847619047625
1759651200,1178.54,1180.46,1173.77,1174.93,,,1038.8200499999998,1146.4672,1152.856666666667
1759654800,1174.93,1175.31,1158.07,1162,,,1039.7497999999998,1148.1740000000002,1153.741428571429
1759658400,1162.01,1164.53,1154.59,1163.35,,,1040.7654,1149.5764000000004,1155.10380952381
1759662000,1163.35,1168.6,1158.6,1168.19,,,1041.8080499999999,1150.9832000000001,1156.1776190476196
1759665600,1168.19,1171.43,1162.41,1169.24,,,1042.9486,1152.6528,1156.9995238095244
1759669200,1169.24,1169.57,1162.61,1163.87,,,1044.0598499999999,1154.3006000000003,1157.7447619047623
1759672800,1163.89,1168.4,1158.19,1161.95,,,1045.1244499999998,1155.8026000000002,1158.7452380952386
1759676400,1161.95,1164.09,1157.53,1158.96,,,1046.2111499999999,1157.1270000000002,1159.9100000000005
1759680000,1158.95,1169.82,1156.86,1168.52,,,1047.2687999999998,1158.3054000000002,1160.878571428572
1759683600,1168.52,1169.87,1160.73,1164.1,,,1048.2804499999997,1159.5302000000001,1161.4166666666672
1759687200,1164.1,1165.29,1157.22,1159.46,,,1049.2831999999999,1160.6646,1162.1090476190482
1759690800,1159.46,1159.57,1149.04,1150.39,,,1050.2882999999997,1161.7482,1163.0971428571434
1759694400,1150.39,1158.32,1148.48,1156.84,,,1051.2704999999996,1162.1588000000002,1163.8923809523815
1759698000,1156.83,1161.62,1155.23,1161.62,,,1052.2424999999996,1162.6706000000001,1164.205714285715
1759701600,1161.61,1164.45,1160.48,1162.32,,,1053.2053499999997,1162.6396,1164.316190476191
1759705200,1162.31,1167.57,1160.41,1167.57,,,1054.1361499999996,1162.7016,1164.5700000000004
1759708800,1167.57,1174.32,1162.42,1168.27,,,1055.1411999999996,1162.9738,1165.2619047619053
1759712400,1168.26,1183.87,1166.97,1179.26,,,1056.11495,1162.6456,1165.8357142857149
1759716000,1179.25,1182.43,1172.24,1180.27,,,1057.0440499999997,1162.4584000000002,1166.033333333334
1759719600,1180.27,1183.31,1177.24,1182.72,,,1057.9406999999999,1162.0620000000001,1166.248571428572
1759723200,1182.72,1185.99,1179.43,1184.18,,,1058.8568499999997,1161.853,1166.1000000000006
1759726800,1184.18,1195.53,1179.03,1190.25,,,1059.7700499999996,1161.5454000000002,1166.1695238095242
1759730400,1190.25,1223.84,1189.76,1209.73,,,1060.6709999999996,1161.3272000000002,1166.778571428572
1759734000,1209.73,1216.02,1196.63,1198.7,,,1061.6245499999998,1161.3706000000002,1167.0480952380956
1759737600,1198.7,1213.24,1198.65,1208.87,,,1062.5966999999996,1161.5872,1167.7776190476195
1759741200,1208.87,1219.36,1208.61,1218.7,,,1063.6331499999997,1161.7282,1170.0504761904765
1759744800,1218.69,1220.72,1213.94,1216.29,,,1064.6869999999997,1162.1108,1171.73380952381
1759748400,1216.29,1223.01,1212.91,1222.62,,,1065.7493499999996,1162.8082000000002,1173.6709523809527
1759752000,1222.61,1239.18,1221.99,1236.55,,,1066.8253499999998,1163.2320000000002,1176.0261904761908
1759755600,1236.54,1238.47,1225.28,1225.63,,,1067.9117999999996,1163.9618,1178.5223809523811
1759759200,1225.63,1228.82,1210.49,1217.86,,,1069.0968499999994,1164.98,1181.4114285714288
1759762800,1217.85,1226.06,1215.93,1221.85,,,1070.2447499999996,1166.1798,1185.1061904761907
1759766400,1221.86,1226.54,1214.53,1222.92,,,1071.4469999999997,1167.6052,1187.8257142857144
1759770000,1222.95,1223.19,1216.42,1221.18,,,1072.7018999999998,1169.338,1190.3857142857146
1759773600,1221.19,1222.15,1216.33,1220.13,,,1073.9193999999998,1170.803,1193.356666666667
1759777200,1220.16,1228.05,1219.32,1226.03,,,1075.1593499999997,1172.2654,1196.8104761904765
1759780800,1226.03,1226.96,1220.41,1223.05,,,1076.4726499999997,1173.7484,1199.8742857142859
1759784400,1223.05,1230.05,1219.2,1227.48,,,1077.7418999999998,1175.2631999999999,1202.6604761904764
1759788000,1227.48,1230.05,1222.71,1225.36,,,1078.9713999999997,1176.7912,1205.694285714286
1759791600,1225.36,1226.94,1218.59,1224.07,,,1080.2304999999997,1178.3231999999998,1208.3361904761907
1759795200,1224.07,1229.91,1222.38,1222.7,,,1081.5186999999999,1179.8308,1211.1557142857146
1759798800,1222.7,1224.68,1206.3,1213.52,,,1082.7801999999997,1181.4034,1213.3509523809525
1759802400,1213.52,1224.74,1213.52,1224.09,,,1084.0292,1182.9976,1215.4366666666667
1759806000,1224.09,1229.19,1223.69,1223.9,,,1085.2912,1184.5567999999998,1217.3404761904762
1759809600,1223.91,1245.77,1221,1245.62,,,1086.5596999999998,1185.9805999999999,1218.7376190476193
1759813200,1245.62,1263.24,1239.82,1257.72,,,1087.8252,1187.4732,1220.349047619048
1759816800,1257.72,1258.23,1239.67,1242.93,,,1089.07235,1188.7133999999999,1221.0238095238096
1759820400,1242.93,1258.14,1241.24,1250.55,,,1090.3104999999998,1190.2533999999998,1223.2580952380954
1759824000,1250.55,1273.37,1234.79,1265.21,,,1091.5349999999999,1191.7259999999997,1225.584285714286
1759827600,1265.21,1284.29,1263.43,1281.34,,,1092.7112499999998,1193.37,1226.7380952380954
1759831200,1281.35,1297.3,1274.05,1292.74,,,1093.93405,1195.2493999999997,1228.3695238095238
1759834800,1292.75,1316.96,1287.5,1313.69,,,1095.16095,1196.4603999999997,1230.3976190476192
1759838400,1313.66,1347.8,1302.42,1320.69,,,1096.47525,1197.8951999999997,1232.530476190476
1759842000,1320.74,1332.55,1300.43,1316.31,,,1097.8519,1199.8008,1235.7261904761904
1759845600,1316.31,1318.67,1292.16,1295.44,,,1099.1197499999998,1201.8572,1240.2895238095236
1759849200,1295.47,1304.39,1261.97,1281.51,,,1100.4043,1204.2133999999999,1244.9961904761901
1759852800,1281.51,1302.65,1266.85,1287.03,,,1101.7549999999999,1207.2472,1249.4433333333332
1759856400,1287.05,1293.98,1276.2,1285.71,,,1103.18795,1210.394,1252.9795238095235
1759860000,1285.75,1286.87,1272.23,1276.84,,,1104.65005,1213.3564,1255.9023809523806
1759863600,1276.86,1300.23,1276.47,1297.79,,,1106.1647499999997,1215.8804,1258.8071428571425
1759867200,1297.8,1316.65,1296.75,1312.71,,,1107.72685,1218.2332000000001,1261.7909523809521
1759870800,1312.69,1328.43,1305.97,1311.24,,,1109.2545499999999,1220.7348000000002,1264.1414285714284
1759874400,1311.26,1323.14,1306.72,1308.41,,,1110.6820499999997,1223.2698,1267.590476190476
1759878000,1308.41,1316.75,1303.33,1304.99,,,1112.0380499999999,1225.4362,1271.8114285714282
1759881600,1304.99,1334.57,1304.01,1316.17,,,1113.4346999999998,1228.1100000000001,1276.0276190476188
1759885200,1316.17,1318.24,1305.19,1312.3,,,1114.8249999999998,1231.1750000000002,1280.54619047619
1759888800,1312.3,1312.5,1282.69,1290.34,,,1116.1654999999998,1234.392,1284.3985714285711
1759892400,1290.35,1290.4,1272.07,1276.77,,,1117.6271499999998,1237.4234000000001,1288.7923809523807
1759896000,1276.77,1287.87,1265.72,1286.39,,,1119.1805499999998,1240.2908000000002,1291.9676190476189
1759899600,1286.39,1286.55,1272.48,1285.77,,,1120.6740499999999,1243.3678000000002,1293.5209523809522
1759903200,1285.77,1310.74,1280.69,1307.67,,,1122.1217,1246.2624000000003,1295.1323809523808
1759906800,1307.69,1314,1300.78,1313.28,,,1123.5887499999997,1248.7038,1296.8390476190475
1759910400,1313.28,1328.22,1309.73,1322.7,,,1125.1401499999997,1250.654,1297.818095238095
1759914000,1322.67,1325.87,1304.01,1315.77,,,1126.6385999999998,1252.7764,1299.0719047619048
1759917600,1315.74,1323.19,1311.84,1313.9,,,1128.0017999999998,1254.8374000000001,1300.05
1759921200,1313.9,1318.33,1306.18,1314.12,,,1129.2824999999998,1257.3072,1300.4790476190476
1759924800,1314.12,1319.67,1304.48,1306.51,,,1130.5733999999998,1259.7678,1300.2447619047616
1759928400,1306.49,1313.77,1294.2,1313.29,,,1131.8473499999998,1262.0272,1300.1299999999999
1759932000,1313.25,1320.52,1295.25,1299.63,,,1133.2105,1264.3686,1301.0195238095237
1759935600,1299.63,1306.03,1288.32,1294.45,,,1134.62485,1266.4692,1302.2099999999998
1759939200,1294.45,1304.26,1290.42,1303.77,,,1136.0957499999997,1268.3776,1303.4604761904761
1759942800,1303.77,1314.48,1301.42,1314.13,,,1137.5427499999998,1270.182,1304.1233333333334
1759946400,1314.12,1323.26,1312.65,1318.87,,,1138.9995499999998,1271.9954,1304.9619047619049
1759950000,1318.87,1320.94,1313.83,1316.61,,,1140.4502999999997,1273.257,1305.2466666666667
1759953600,1316.61,1325.16,1310.48,1313.62,,,1141.8520999999998,1274.6333999999997,1305.314285714286
1759957200,1313.61,1314.6,1302.73,1306.95,,,1143.2955999999997,1276.3516,1305.677619047619
1759960800,1306.95,1312.72,1301.44,1301.74,,,1144.6608499999998,1278.1971999999998,1306.0680952380953
1759964400,1301.74,1307.98,1295.62,1307.9,,,1146.0292,1280.1162,1306.4790476190476
1759968000,1307.9,1317.26,1299.55,1310.91,,,1147.4451,1282.0248,1306.04
1759971600,1310.89,1311.94,1301.62,1308.16,,,1148.9718999999998,1283.8945999999999,1305.5371428571427
1759975200,1308.16,1308.94,1255.76,1260.08,,,1150.5138,1285.5129999999997,1306.3733333333334
1759978800,1260.08,1279.35,1259.98,1279.28,,,1152.0219499999998,1287.0867999999996,1307.9990476190474
1759982400,1279.28,1288.53,1275.27,1276.96,,,1153.5445499999998,1288.6951999999997,1309.0357142857142
1759986000,1276.96,1300.96,1272.73,1296.18,,,1155.03595,1290.4062,1307.8123809523809
1759989600,1296.17,1316.81,1294.71,1310.68,,,1156.5114999999998,1292.0879999999997,1306.4604761904761
1759993200,1310.68,1319.4,1306.4,1310.31,,,1158.0575999999999,1292.8355999999997,1304.7309523809522
1759996800,1310.31,1310.68,1280.72,1282.14,,,1159.61845,1294.1507999999997,1303.4680952380952
1760000400,1282.14,1289.42,1273.16,1282.18,,,1161.1499999999999,1295.2081999999998,1303.225714285714
1760004000,1282.17,1287.02,1268.39,1282.01,,,1162.4316999999999,1296.6537999999998,1303.0547619047616
1760007600,1282.01,1288.43,1278.43,1281.79,,,1163.7881999999997,1297.955,1301.5319047619046
1760011200,1281.8,1291.16,1279.65,1283.24,,,1165.1266999999998,1299.0067999999999,1300.3733333333332
1760014800,1283.21,1284.76,1256.69,1257.12,,,1166.5918999999997,1299.791,1298.8838095238093
1760018400,1257.12,1259.89,1228.44,1237.78,,,1168.1270499999998,1300.4236,1298.0342857142855
1760022000,1237.78,1248.19,1232.25,1240.28,,,1169.6331999999995,1300.7596,1297.500476190476
1760025600,1240.28,1243.93,1225.4,1228.58,,,1170.9812499999998,1300.7686,1295.2790476190476
1760029200,1228.55,1247.52,1227.84,1247.2,,,1172.3189499999999,1300.5786,1291.6433333333332
1760032800,1247.2,1247.4,1237.58,1238.61,,,1173.6828499999997,1299.4472,1287.9009523809523
1760036400,1238.62,1244.42,1238.4,1241.98,,,1175.0672499999998,1297.789,1283.7090476190476
1760040000,1242.01,1248.73,1240.51,1247.86,,,1176.4334999999999,1296.2684000000002,1280.5461904761903
1760043600,1247.86,1256.05,1245.74,1255.03,,,1177.6626999999999,1294.9312,1277.2919047619046
1760047200,1255,1260.91,1252.43,1260.91,,,1178.8085499999997,1294.2450000000001,1274.4461904761902
1760050800,1260.91,1261.03,1250.91,1255.72,,,1179.9594,1293.2766000000001,1271.5871428571427
1760054400,1255.74,1269.72,1255.39,1258.56,,,1180.9635999999998,1292.4020000000003,1268.9261904761902
1760058000,1258.56,1261.02,1248.74,1250.31,,,1182.0349499999998,1291.8224000000002,1266.6761904761902
1760061600,1250.26,1255.46,1245.09,1247.05,,,1183.08695,1290.9672,1266.4685714285713
1760065200,1247.05,1266.89,1245.88,1260.52,,,1184.1786499999996,1289.9312000000002,1265.4819047619046
1760068800,1260.52,1275.31,1260.39,1266.12,,,1185.3259999999996,1288.8208000000002,1264.2128571428568
1760072400,1266.12,1274.5,1259.26,1271.84,,,1186.4839499999996,1287.8238000000001,1261.8733333333332
1760076000,1271.84,1279.01,1268.96,1269.03,,,1187.6781999999996,1286.7302000000002,1259.4847619047616
1760079600,1269.03,1274.18,1262.14,1264.44,,,1188.8600999999996,1285.3478000000002,1257.380476190476
1760083200,1264.45,1270.1,1262.9,1267.84,,,1190.0473999999997,1284.3122,1256.8899999999996
1760086800,1267.83,1268.32,1248.85,1249.64,,,1191.1969999999994,1283.8278,1256.2638095238092
1760090400,1249.64,1253.08,1246.73,1252.07,,,1192.3311499999995,1283.7292000000002,1255.4271428571424
1760094000,1252.06,1274.28,1251.53,1271.38,,,1193.5341999999996,1283.382,1254.7628571428565
1760097600,1271.38,1274.82,1267.23,1270.73,,,1194.7542999999996,1282.9554,1253.1628571428566
1760101200,1270.73,1272.72,1248.92,1252.68,,,1196.0139999999997,1282.1588000000002,1252.9223809523803
1760104800,1252.68,1257.27,1240.79,1241.92,,,1197.2496999999996,1280.886,1254.5223809523804
1760108400,1242,1242.06,1207.03,1216.11,,,1198.4392999999995,1279.4734,1255.9723809523803
1760112000,1216.11,1242.26,1214.52,1228.01,,,1199.6514999999995,1278.5856,1257.1199999999994
1760115600,1228.01,1233.42,1223.59,1229.15,,,1200.7194499999996,1277.7222000000002,1256.8685714285707
1760119200,1229.14,1234.88,1223.21,1223.21,,,1201.7983999999994,1276.4934,1255.7971428571423
1760122800,1223.2,1246.72,1212.1,1236.64,,,1202.9965999999995,1275.2016,1255.131904761904
1760126400,1236.6,1243.24,1194.66,1197.59,,,1204.1944499999993,1273.258,1254.2409523809515
1760130000,1197.69,1202.92,874.95,1108.39,,,1205.2994999999994,1271.8256,1252.7257142857136
1760133600,1108.27,1142.5,1060.58,1112.94,,,1206.3238999999994,1270.5196,1251.5699999999993
1760137200,1113.05,1140.85,1094.81,1103.06,,,1207.2208499999992,1268.9084,1248.8019047619039
1760140800,1103.12,1132.2,1085.42,1119.04,,,1208.1849999999993,1267.3586,1241.6509523809516
1760144400,1119.04,1119.83,1078.13,1086.46,,,1209.1248499999992,1264.933,1235.1095238095231
1760148000,1086.47,1144.65,1085.8,1141.95,,,1210.0176999999994,1260.7686,1228.2528571428566
1760151600,1141.9,1144.57,1121.16,1130.61,,,1210.9586499999994,1256.755,1221.5157142857138
1760155200,1130.63,1141.89,1128.16,1139.28,,,1211.6429499999992,1252.6772,1212.9604761904757
1760158800,1139.28,1141.22,1110.31,1110.95,,,1211.9085999999993,1249.0232,1206.7752380952375
1760162400,1110.93,1118.31,1099,1100.06,,,1212.241099999999,1244.5944,1200.1838095238086
1760166000,1100.03,1101.62,1086.98,1096.13,,,1212.4736499999992,1241.2152,1194.2238095238088
1760169600,1096.19,1117.38,1092.4,1117.1,,,1212.759149999999,1237.6642,1186.7528571428563
1760173200,1117.13,1132.89,1115.74,1125.71,,,1212.8918999999992,1235.2482,1179.6299999999992
1760176800,1125.71,1142.09,1124.96,1133.42,,,1213.2579999999991,1231.8816,1172.2042857142849
1760180400,1133.42,1135.2,1124.31,1131.85,,,1213.538549999999,1228.3436000000002,1164.8576190476183
1760184000,1131.85,1132.9,1120.95,1126.65,,,1213.8235499999992,1224.3426000000002,1157.951904761904
1760187600,1126.65,1137.4,1118.27,1136.93,,,1213.981799999999,1220.4710000000002,1152.2728571428563
1760191200,1136.93,1139.81,1130.69,1131.07,,,1214.0146499999992,1216.7790000000002,1147.0314285714278
1760194800,1131.07,1159.83,1130.82,1145.03,,,1214.0404499999993,1213.8046000000002,1142.7714285714276
1760198400,1145.09,1156.23,1138.84,1155.43,,,1214.1927499999993,1210.7980000000002,1138.434285714285
1760202000,1155.36,1184.1,1149.46,1180.74,,,1214.3755999999992,1207.6908,1133.7638095238087
1760205600,1180.75,1182.49,1173.18,1175.13,,,1214.5574999999992,1204.7936000000002,1130.0409523809515
1760209200,1175.13,1175.99,1138.21,1143.4,,,1214.6732999999995,1201.7502,1126.1738095238086
1760212800,1143.38,1145.16,1119.09,1125.58,,,1214.8085999999994,1199.5084000000002,1125.3714285714277
1760216400,1125.59,1143.8,1108.46,1139.23,,,1215.0180499999994,1197.8614000000002,1128.5495238095227
1760220000,1139.23,1149.21,1132.34,1147.62,,,1215.2106999999994,1196.6706000000004,1129.9999999999989
1760223600,1147.61,1149.39,1136.39,1137.07,,,1215.5013499999993,1195.6016000000002,1131.0723809523797
1760227200,1137.08,1139.05,1112.6,1113.79,,,1215.7928499999994,1193.5256000000002,1132.0338095238083
1760230800,1113.77,1123.53,1108.83,1111.57,,,1216.1501999999994,1191.265,1134.9461904761893
1760234400,1111.57,1125.03,1109.74,1116.16,,,1216.4858499999996,1189.21,1134.7138095238083
1760238000,1116.16,1130.99,1112.61,1122.38,,,1216.6670999999994,1187.2052,1133.912857142856
1760241600,1122.42,1135.22,1119.13,1134.41,,,1216.7561499999995,1184.8460000000002,1132.593333333332
1760245200,1134.4,1153.58,1129.91,1146.95,,,1216.7601499999996,1181.9036,1132.8414285714275
1760248800,1146.95,1158.07,1145.87,1157.07,,,1216.7835999999995,1179.0206,1133.9042857142845
1760252400,1157.04,1169.56,1154.94,1161.97,,,1216.6406999999995,1176.1726000000003,1135.7271428571416
1760256000,1161.86,1184.87,1156.22,1179.29,,,1216.4278499999994,1173.614,1137.1485714285704
1760259600,1179.29,1220.64,1168.44,1220.3,,,1216.3017999999995,1171.3612000000003,1138.6419047619038
1760263200,1220.19,1228.96,1210.79,1215.68,,,1216.0163499999994,1169.0898000000002,1140.0014285714274
1760266800,1215.68,1231.43,1215.62,1231.2,,,1215.7733499999995,1166.9088000000002,1142.260476190475
1760270400,1231.2,1261.23,1231,1243.18,,,1215.5346999999995,1164.7114000000001,1146.719999999999
1760274000,1243.18,1246.8,1222.26,1225.3,,,1215.3793499999995,1162.9166000000002,1150.469999999999
1760277600,1225.34,1276.13,1223.92,1260.84,,,1215.2464499999994,1162.0338000000002,1155.2380952380943
1760281200,1260.81,1308.4,1257.18,1303.99,,,1215.1054499999996,1160.9906,1159.9119047619035
1760284800,1304.1,1312.99,1277.03,1297.84,,,1215.1113999999995,1160.6218000000001,1163.2390476190465
1760288400,1297.81,1304.03,1291.37,1299.55,,,1215.3534499999996,1160.4440000000002,1167.0533333333321
1760292000,1299.58,1304.2,1287.27,1300.55,,,1215.5461999999995,1159.5224,1173.1895238095226
1760295600,1300.56,1303.15,1293.34,1297.57,,,1215.8465999999996,1159.3246,1180.5438095238085
1760299200,1297.56,1320.85,1294,1305.06,,,1216.1881999999996,1160.3508,1188.8280952380942
1760302800,1305.06,1310.08,1282.54,1293.23,,,1216.4271499999998,1161.4692,1196.5099999999989
1760306400,1293.3,1302.12,1278.89,1288.73,,,1216.8694499999997,1163.138,1203.650476190475
1760310000,1288.68,1305.94,1283.32,1304.07,,,1217.5504499999995,1164.5888,1211.649999999999
1760313600,1304.07,1322.68,1299.9,1314.35,,,1218.2581499999997,1165.9571999999998,1220.194761904761
1760317200,1314.34,1315.93,1299.3,1309.06,,,1218.9991499999996,1167.5941999999998,1228.6309523809514
1760320800,1308.98,1313.07,1293.75,1303.63,,,1219.7523499999998,1168.7259999999997,1237.5790476190466
1760324400,1303.62,1315.75,1296.72,1297.8,,,1220.4782999999998,1170.5487999999998,1246.7204761904752
1760328000,1297.8,1299.93,1284.89,1293.75,,,1221.2798999999995,1174.4624,1255.0371428571418
1760331600,1293.75,1302.29,1291.39,1299.15,,,1222.0075499999996,1178.4905999999999,1262.4980952380943
1760335200,1299.15,1345.31,1298.49,1326.13,,,1222.7152999999996,1182.6105999999997,1269.1995238095228
1760338800,1326.18,1354.89,1326.01,1345.28,,,1223.5117499999997,1186.3023999999998,1275.474761904761
1760342400,1345.28,1376.26,1345.05,1370.18,,,1224.3658499999997,1190.5291999999997,1281.18238095238
1760346000,1370.19,1370.33,1347.8,1353.44,,,1225.1578999999997,1193.5651999999998,1286.221904761904
1760349600,1353.44,1357.98,1309.49,1314.69,,,1225.9539499999998,1196.9359999999997,1292.3933333333325
1760353200,1314.8,1315.1,1273.34,1295.69,,,1226.7040999999997,1200.6729999999998,1299.0114285714278
1760356800,1295.69,1305.27,1283.43,1286.49,,,1227.4358499999998,1205.3595999999998,1304.261904761904
1760360400,1286.48,1305.2,1278.43,1300.25,,,1228.1671999999996,1210.7619999999997,1308.5185714285706
1760364000,1300.25,1301.82,1253.52,1260.47,,,1229.0574999999997,1215.9081999999996,1310.1780952380946
1760367600,1260.49,1282.37,1259.42,1275.41,,,1230.0263499999996,1219.8599999999997,1309.344761904761
1760371200,1275.41,1287.61,1273.17,1279.67,,,1231.1417999999996,1223.2595999999999,1309.459523809523
1760374800,1279.67,1289.8,1268.92,1287.05,,,1232.1576499999996,1226.3209999999997,1307.5985714285707
1760378400,1287.05,1287.16,1263.02,1268.75,,,1232.9139999999998,1229.6889999999999,1306.401428571428
1760382000,1268.75,1280.64,1266.9,1272.26,,,1233.5736999999997,1232.3654,1305.5490476190469
1760385600,1272.24,1287.75,1272.24,1286.52,,,1234.0942499999996,1235.1349999999998,1304.6914285714277
1760389200,1286.52,1291.3,1279.01,1289.14,,,1234.7014499999998,1238.1069999999997,1303.5257142857135
1760392800,1289.16,1298.78,1286.31,1294.29,,,1235.1541499999996,1240.9473999999998,1302.7414285714278
1760396400,1294.29,1299.89,1290.87,1295.89,,,1235.6385999999998,1243.2137999999998,1301.9057142857134
1760400000,1295.8,1318.89,1294.33,1303.58,,,1236.1622999999997,1245.0441999999996,1300.7052380952373
1760403600,1303.57,1303.58,1286.07,1291.42,,,1236.7875499999998,1247.2719999999997,1300.0019047619037
1760407200,1291.41,1296.15,1282.89,1283.94,,,1237.3145499999998,1250.1867999999997,1299.6333333333323
1760410800,1283.94,1285.01,1272.45,1279.3,,,1237.8348999999996,1253.5609999999997,1299.9085714285702
1760414400,1279.34,1281.2,1242.82,1242.88,,,1238.4212999999997,1256.6941999999995,1299.797619047618
1760418000,1243.05,1250.66,1232.15,1237.73,,,1239.0476499999997,1259.8133999999995,1299.0733333333321
1760421600,1237.73,1244.36,1182.15,1203.94,,,1239.7093499999996,1262.9003999999995,1296.8433333333323
1760425200,1203.94,1217.4,1189.75,1196.5,,,1240.3939999999998,1266.3033999999996,1291.9671428571419
1760428800,1196.5,1209.49,1190.82,1198.55,,,1241.0692999999999,1269.6579999999994,1285.659999999999
1760432400,1198.56,1213.6,1197.99,1200.68,,,1241.7059,1272.1923999999995,1278.5409523809515
1760436000,1200.7,1200.71,1167.03,1184.07,,,1242.3282999999997,1274.4993999999995,1272.912857142856
1760439600,1184.09,1197.39,1169.88,1171.14,,,1242.9728499999997,1275.8899999999994,1268.2871428571418
1760443200,1171.14,1174.57,1144.68,1150.47,,,1243.40305,1276.8809999999994,1264.2009523809513
1760446800,1150.43,1190.86,1147.78,1181.03,,,1243.7835999999998,1277.7105999999994,1258.6685714285704
1760450400,1181.08,1199.83,1178.45,1182.76,,,1243.9916999999996,1278.4847999999993,1254.4147619047608
1760454000,1182.76,1216.02,1174.49,1214.6,,,1244.1363499999998,1278.5803999999996,1248.465238095237
1760457600,1214.6,1250.66,1208.81,1216.22,,,1244.2877499999997,1277.5971999999995,1243.768095238094
1760461200,1216.17,1226.54,1195.48,1216.51,,,1244.3948499999997,1276.2929999999994,1238.8019047619036
1760464800,1216.51,1229.35,1210.62,1215.49,,,1244.41385,1275.2895999999994,1236.2233333333322
1760468400,1215.48,1225.72,1193.86,1207.53,,,1244.3559499999997,1274.0811999999994,1233.5547619047607
1760472000,1207.53,1220.48,1204.75,1219,,,1244.1873999999996,1273.8671999999995,1230.2209523809513
1760475600,1219,1223.36,1214.11,1218.4,,,1244.1412999999995,1272.9747999999993,1226.7138095238083
1760479200,1218.4,1221.97,1208.03,1209.23,,,1244.0064499999996,1271.2251999999994,1222.58238095238
1760482800,1209.23,1221.72,1208.43,1209.21,,,1244.0859499999997,1269.5781999999992,1218.9209523809511
1760486400,1209.21,1213.61,1200.89,1210.33,,,1244.1226999999997,1267.7377999999994,1214.8647619047608
1760490000,1210.32,1212.57,1201.01,1207.43,,,1244.1117499999998,1266.1067999999993,1210.9509523809513
1760493600,1207.4,1223.39,1207.16,1217.98,,,1244.1077499999997,1264.5233999999994,1207.3923809523799
1760497200,1217.98,1219.78,1203.98,1207.28,,,1244.0322999999996,1262.6067999999996,1204.1080952380942
1760500800,1207.28,1216.83,1203.91,1210.71,,,1243.9445499999997,1260.9263999999996,1202.4199999999992
1760504400,1210.71,1214.54,1186.88,1193.21,,,1243.9083999999996,1259.3583999999996,1201.4795238095228
1760508000,1193.21,1194.76,1177.83,1190.66,,,1243.8652499999998,1257.4255999999996,1201.6385714285705
1760511600,1190.66,1192.01,1182.04,1190.7,,,1243.8020499999998,1255.4981999999995,1202.315238095237
1760515200,1190.7,1215.76,1188.9,1203.74,,,1243.7390999999998,1253.4625999999996,1202.0609523809512
1760518800,1203.74,1203.76,1187.56,1189.07,,,1243.6703499999996,1251.6041999999998,1201.5838095238084
1760522400,1189.07,1192.98,1181.46,1183.24,,,1243.6595999999997,1249.5123999999996,1201.8995238095226
1760526000,1183.24,1188.23,1178.24,1185.85,,,1243.5658499999997,1247.4505999999997,1203.4519047619037
1760529600,1185.85,1192.07,1178.87,1179.32,,,1243.5041499999998,1245.2815999999998,1205.289999999999
1760533200,1179.29,1185.35,1166.94,1176.92,,,1243.3327999999995,1242.8337999999997,1205.3952380952371
1760536800,1176.9,1187.86,1166.61,1172.14,,,1243.1592999999996,1239.7095999999997,1205.54238095238
1760540400,1172.14,1176.81,1165.9,1169.53,,,1242.9924499999997,1235.9707999999998,1203.86238095238
1760544000,1169.53,1188.4,1159.67,1182.16,,,1242.8976499999997,1232.6189999999997,1201.9909523809515
1760547600,1182.16,1182.52,1157.29,1167.87,,,1242.7753999999995,1229.9115999999997,1199.8780952380944
1760551200,1167.87,1173.73,1162.78,1172.4,,,1242.5711499999995,1227.5361999999996,1197.6895238095228
1760554800,1172.4,1172.59,1163.71,1165.11,,,1242.3808999999994,1225.2491999999997,1196.4814285714276
1760558400,1165.11,1171.21,1152.57,1156.38,,,1242.0493999999997,1222.6347999999996,1194.0466666666657
1760562000,1156.38,1162.4,1149.91,1153.84,,,1241.6453999999994,1221.0685999999996,1191.8561904761893
1760565600,1153.84,1165.88,1152.46,1154.75,,,1241.2914499999997,1218.9178,1189.755238095237
1760569200,1154.77,1165.89,1152.65,1163.22,,,1240.8863499999998,1216.7723999999998,1187.2395238095226
1760572800,1163.22,1172.31,1159.72,1171.78,,,1240.4710999999998,1214.3335999999997,1184.5495238095227
1760576400,1171.75,1186.27,1170.54,1183.72,,,1239.9037499999997,1212.0861999999997,1182.0409523809512
1760580000,1183.73,1195.32,1182.43,1192.2,,,1239.3020499999998,1209.7178,1179.4333333333323
1760583600,1192.19,1195.26,1181.72,1184.42,,,1238.5591499999998,1207.0823999999998,1177.7428571428559
1760587200,1184.42,1191.78,1174.74,1179.64,,,1237.7376,1204.5639999999999,1176.4576190476178
1760590800,1179.64,1189.17,1176.15,1183.42,,,1236.92525,1202.1137999999999,1176.4095238095224
1760594400,1183.42,1192.63,1181.49,1189.38,,,1236.2218,1199.8703999999996,1176.1123809523797
1760598000,1189.38,1189.61,1179.37,1185.26,,,1235.6303500000001,1197.6427999999996,1175.5857142857128
1760601600,1185.26,1189.88,1180.29,1187.83,,,1235.0541,1195.5027999999998,1174.618095238094
1760605200,1187.84,1194.69,1171.37,1180.57,,,1234.5441500000002,1193.4167999999997,1174.6328571428558
1760608800,1180.57,1189.02,1177.58,1181.05,,,1234.12095,1191.4991999999997,1174.7290476190462
1760612400,1181.05,1182.75,1171.12,1182.35,,,1233.5541,1190.4291999999998,1174.823333333332
1760616000,1182.35,1189.33,1177.98,1187.12,,,1232.88875,1189.3797999999997,1174.8828571428558
1760619600,1187.12,1191.54,1181.71,1182.53,,,1232.24965,1189.0575999999999,1175.0795238095225
1760623200,1182.52,1184.7,1165.37,1173.83,,,1231.6544999999999,1188.739,1175.565714285713
1760626800,1173.82,1176.1,1133.71,1136.16,,,1231.05585,1188.389,1176.403333333332
1760630400,1136.13,1157.3,1124.23,1155.87,,,1230.4141499999998,1188.0223999999998,1176.4209523809511
1760634000,1155.8,1156.84,1146.53,1150.74,,,1229.7555,1188.0833999999998,1176.7047619047607
1760637600,1150.74,1152.4,1137.47,1152,,,1229.20905,1188.3111999999996,1174.9790476190465
1760641200,1152.01,1154.49,1135.62,1146.01,,,1228.73695,1188.7783999999997,1174.5390476190464
1760644800,1146,1152.34,1142.19,1145.82,,,1228.2405999999999,1187.8809999999999,1174.270476190475
1760648400,1145.82,1164.04,1145.82,1163.7,,,1227.7243999999998,1187.3431999999996,1174.182857142856
1760652000,1163.7,1165.38,1152.99,1153.21,,,1227.0551999999998,1186.0659999999996,1173.7666666666653
1760655600,1153.21,1158.09,1142.79,1145.52,,,1226.1695999999997,1184.7815999999996,1172.938095238094
1760659200,1145.49,1153.56,1143.31,1150.01,,,1225.3354499999996,1183.3715999999995,1172.5533333333321
1760662800,1150.01,1156.53,1143.87,1146.68,,,1224.5102999999997,1181.9781999999996,1171.100476190475
1760666400,1146.68,1149.95,1137.85,1147.56,,,1223.7007999999996,1181.1015999999995,1168.8776190476176
1760670000,1147.56,1151.8,1146.61,1150.7,,,1222.8602499999997,1179.7857999999997,1167.2390476190462
1760673600,1150.7,1154.15,1143.85,1144.37,,,1222.0567999999998,1178.3281999999995,1165.6695238095224
1760677200,1144.37,1146.85,1127.42,1129.07,,,1221.30885,1177.1437999999994,1163.9619047619035
1760680800,1129.1,1133.65,1094.11,1095.42,,,1220.5767499999997,1175.8931999999995,1162.1199999999985
1760684400,1095.41,1099.44,1060.73,1062.92,,,1219.8320999999999,1174.6377999999995,1160.1728571428557
1760688000,1062.94,1063.33,1021.9,1043.57,,,1219.0632999999998,1173.5031999999994,1157.3747619047606
1760691600,1043.58,1061.04,1038.62,1039.32,,,1218.2260499999998,1172.0309999999995,1153.3199999999986
1760695200,1039.32,1045.92,1028.33,1043.57,,,1217.3694999999998,1170.4667999999995,1147.6947619047605
1760698800,1043.6,1080,1042.57,1072.59,,,1216.5399499999999,1168.1609999999994,1141.0861904761891
1760702400,1072.59,1075.48,1060.62,1064.24,,,1215.6936999999998,1165.5551999999996,1134.0480952380938
1760706000,1064.26,1076.69,1057.29,1069.54,,,1214.8042999999998,1162.6133999999993,1127.4309523809509
1760709600,1069.55,1070.65,1047.75,1056.06,,,1213.7727,1159.5857999999994,1122.6099999999988
1760713200,1056.06,1074.14,1052.57,1074.12,,,1212.5478,1156.3823999999995,1119.1852380952366
1760716800,1074.12,1092.82,1068.11,1071.68,,,1211.2111,1154.0527999999995,1115.0742857142843
1760720400,1071.68,1076.88,1066.58,1076.02,,,1209.8669,1151.6727999999994,1110.565714285713
1760724000,1076.02,1081.27,1070.99,1072.53,,,1208.78435,1149.3465999999994,1106.8571428571418
1760727600,1072.53,1075.79,1063.61,1067.06,,,1207.7509,1146.8813999999993,1103.3176190476177
1760731200,1067.07,1079.17,1064.85,1078.02,,,1206.6873,1144.8253999999993,1099.9938095238083
1760734800,1078.03,1089.66,1076.94,1088.58,,,1205.5541,1142.8161999999993,1095.6523809523799
1760738400,1088.55,1090.38,1076.18,1077.15,,,1204.281,1140.9459999999995,1091.5499999999988
1760742000,1077.15,1077.9,1070.59,1071.5,,,1203.10005,1138.7533999999994,1088.335714285713
1760745600,1071.5,1082.09,1069.88,1079.23,,,1202.04775,1136.7371999999993,1085.410476190475
1760749200,1079.23,1090.38,1079.23,1087.6,,,1201.01695,1134.8495999999996,1082.0995238095227
1760752800,1087.6,1094.82,1082.98,1084.78,,,1199.9695499999998,1133.3189999999995,1078.477619047618
1760756400,1084.78,1093.16,1084.75,1090.59,,,1198.8958999999998,1131.7343999999996,1075.0742857142845
1760760000,1090.59,1090.59,1082.77,1083.22,,,1197.8697999999997,1130.0875999999996,1072.3709523809514
1760763600,1083.22,1088.56,1080.9,1088.29,,,1197.0270999999998,1128.5771999999995,1070.2619047619037
1760767200,1088.29,1110.31,1088.26,1108.53,,,1196.2239499999998,1127.0647999999994,1070.0319047619037
1760770800,1108.51,1131.2,1108.35,1119.73,,,1195.38005,1125.3247999999994,1070.9985714285704
1760774400,1119.73,1125.87,1108.26,1108.47,,,1194.6333,1123.4621999999995,1073.1280952380941
1760778000,1108.52,1113.47,1103.92,1109.3,,,1193.8352999999997,1121.2825999999995,1076.4238095238084
1760781600,1109.3,1115.07,1102.25,1104.57,,,1193.0661499999999,1119.3599999999994,1080.0504761904751
1760785200,1104.57,1106.5,1097.23,1104.12,,,1192.3092,1117.9377999999995,1081.7590476190464
1760788800,1104.13,1106.04,1097.09,1101.35,,,1191.4859999999999,1116.6639999999993,1083.9047619047608
1760792400,1101.35,1101.46,1086.18,1087.2,,,1190.6523,1115.0457999999992,1085.5728571428558
1760796000,1087.19,1097.34,1083.52,1093.82,,,1189.8904,1113.5265999999992,1087.8614285714273
1760799600,1093.82,1096.14,1088.04,1091.74,,,1189.21045,1111.8613999999993,1089.1580952380941
1760803200,1091.74,1095.03,1082.7,1090.02,,,1188.46,1110.3323999999993,1089.8971428571415
1760806800,1090.02,1098.06,1087.58,1097.21,,,1187.75495,1108.7383999999993,1090.7447619047605
1760810400,1097.22,1099.27,1093.97,1099.23,,,1187.04255,1106.8353999999993,1091.6595238095226
1760814000,1099.23,1103.89,1096.62,1103.54,,,1186.26055,1104.9693999999993,1092.7528571428559
1760817600,1103.54,1105.73,1099.69,1099.74,,,1185.4367,1103.1535999999992,1093.6666666666654
1760821200,1099.74,1101.45,1085.79,1094.06,,,1184.5135,1101.4773999999993,1094.1738095238081
1760824800,1094.06,1097.24,1091.81,1093.27,,,1183.63745,1100.6983999999993,1095.4304761904746
1760828400,1093.27,1094.86,1090.49,1092.89,,,1182.7739499999998,1099.5655999999992,1096.7752380952365
1760832000,1092.88,1094.29,1078.44,1081.92,,,1181.88485,1098.6215999999993,1097.481428571427
1760835600,1081.92,1085.76,1077.98,1083.62,,,1181.1227,1097.5763999999992,1097.751428571427
1760839200,1083.66,1084.87,1081.15,1084.87,,,1180.3584999999998,1096.5373999999993,1098.1376190476174
1760842800,1084.87,1094.58,1083.42,1092.19,,,1179.5192999999997,1095.4863999999993,1097.7247619047605
1760846400,1092.19,1092.22,1086.58,1090.95,,,1178.6643499999998,1094.0701999999994,1097.7438095238078
1760850000,1090.95,1097.81,1088.22,1090.92,,,1177.87125,1092.6443999999995,1097.5809523809507
1760853600,1090.92,1093.35,1083.75,1085.9,,,1177.128,1091.4063999999994,1096.8028571428556
1760857200,1085.9,1089.82,1082.62,1084.95,,,1176.5119,1090.1035999999995,1095.4323809523794
1760860800,1084.95,1093.67,1074.56,1076.95,,,1175.78145,1089.0137999999997,1094.596666666665
1760864400,1076.95,1096.52,1068.71,1091.91,,,1175.0538,1087.8815999999995,1093.4823809523793
1760868000,1091.91,1104.53,1087.43,1101.2,,,1174.3620999999998,1086.6859999999997,1092.5480952380935
1760871600,1101.19,1110.22,1097.76,1100.88,,,1173.6398499999998,1085.5165999999997,1091.254285714284
1760875200,1100.88,1103.62,1093.56,1097.3,,,1173.10665,1084.6341999999997,1090.8047619047602
1760878800,1097.3,1116.06,1092.91,1113.1,,,1173.0193,1084.2647999999997,1091.4714285714267
1760882400,1113.1,1121.94,1105.34,1120.82,,,1172.8841,1084.8445999999997,1091.8076190476172
1760886000,1120.82,1123.19,1115.73,1119.5,,,1172.7935499999999,1085.9971999999998,1092.072380952379
1760889600,1119.5,1128.58,1118.27,1123.01,,,1172.5831,1087.2283999999997,1093.1714285714268
1760893200,1123.01,1133.63,1121.07,1122.26,,,1172.61035,1088.3029999999997,1094.2957142857126
1760896800,1122.26,1127.27,1120.57,1123.42,,,1172.4065999999998,1089.1131999999998,1095.2609523809506
1760900400,1123.42,1123.98,1115.96,1117.56,,,1172.25795,1090.2447999999997,1096.1880952380934
1760904000,1117.55,1120.48,1116.26,1120.3,,,1172.0480499999999,1091.244,1097.2604761904743
1760907600,1120.3,1121.01,1113.72,1116.24,,,1172.0587999999998,1092.5829999999999,1098.6585714285695
1760911200,1116.27,1122.18,1116.26,1119.51,,,1172.1625999999999,1093.5458,1099.815238095236
1760914800,1119.5,1119.51,1107.97,1110.37,,,1172.27945,1094.5806,1101.1204761904744
1760918400,1110.37,1110.38,1088.98,1101.76,,,1172.3089999999997,1095.4114,1102.75476190476
1760922000,1101.76,1105.5,1098.69,1104.39,,,1172.2917499999999,1096.3668,1104.4638095238076
1760925600,1104.39,1112.07,1097.08,1110.27,,,1172.24175,1097.3504,1105.6780952380934
1760929200,1110.29,1130.26,1107.26,1128.63,,,1172.1703,1098.1801999999998,1106.1338095238077
1760932800,1128.63,1132.01,1123.57,1127.74,,,1172.13855,1098.616,1106.7738095238076
1760936400,1127.74,1134.27,1123.32,1133.06,,,1172.0350999999998,1099.1082,1107.6952380952362
1760940000,1133.07,1143.32,1131.99,1133.44,,,1171.9772999999998,1099.7659999999998,1109.729999999998
1760943600,1133.44,1134.71,1121.65,1125.77,,,1171.8039999999999,1100.3867999999998,1111.767619047617
1760947200,1125.77,1130.06,1120.26,1122.53,,,1171.5356499999998,1101.2073999999998,1114.4395238095217
1760950800,1122.53,1123.42,1117.73,1122.87,,,1171.1538999999998,1102.0665999999997,1116.4171428571408
1760954400,1122.87,1128.97,1113.87,1115.04,,,1170.8295999999998,1102.916,1117.5871428571409
1760958000,1115.04,1116.92,1111.02,1115.65,,,1170.7557499999998,1103.9204,1118.6180952380932
1760961600,1115.64,1117.34,1112.29,1114.91,,,1170.7665499999998,1104.6699999999998,1119.8357142857121
1760965200,1114.91,1115.94,1107.62,1111.43,,,1170.7357,1104.9499999999998,1119.9280952380932
1760968800,1111.43,1112.34,1100.15,1106.62,,,1170.6648,1105.0127999999997,1119.6819047619026
1760972400,1106.62,1117.36,1105.95,1111.05,,,1170.6082999999999,1105.1441999999997,1119.4633333333313
1760976000,1111.05,1111.05,1089.95,1094.52,,,1170.652,1105.2712,1118.9119047619029
1760979600,1094.52,1100.87,1088.76,1095.01,,,1170.7085,1105.4779999999998,1118.1671428571408
1760983200,1095.01,1100.08,1093.65,1099,,,1170.7029,1105.6242,1117.578095238093
1760986800,1098.99,1103.91,1095.07,1101.43,,,1170.66925,1105.7296,1116.4809523809504
1760990400,1101.43,1103.31,1098.74,1102.1,,,1170.5717499999998,1106.2066,1115.2766666666648
1760994000,1102.1,1104.8,1094.27,1095.61,,,1170.3941499999999,1106.2205999999999,1114.4557142857125
1760997600,1095.61,1102.16,1093.14,1100.7,,,1170.1418999999999,1106.2859999999998,1113.5947619047602
1761001200,1100.7,1102.66,1097.23,1100.64,,,1169.8872999999999,1106.4655999999998,1113.2009523809506
1761004800,1100.64,1102.6,1097.2,1099.49,,,1169.46345,1106.5499999999997,1112.9080952380934
1761008400,1099.51,1100.04,1089.68,1092.29,,,1168.837,1106.6073999999999,1112.7323809523791
1761012000,1092.3,1092.38,1078.46,1080.84,,,1168.2536,1106.4487999999997,1112.2738095238076
1761015600,1080.84,1086.85,1080.65,1082.18,,,1167.60475,1106.4679999999998,1110.8861904761884
1761019200,1082.18,1082.24,1062.81,1063.68,,,1166.89935,1106.5995999999998,1109.1980952380934
1761022800,1063.68,1071.65,1062.88,1069.49,,,1166.2509,1106.7239999999997,1106.7114285714267
1761026400,1069.49,1075.26,1068.26,1073.94,,,1165.4502,1106.7119999999998,1104.2704761904745
1761030000,1073.94,1075.7,1067.38,1072.75,,,1164.4334499999998,1106.6903999999997,1101.3138095238078
1761033600,1072.75,1073.38,1066.29,1069.98,,,1163.4416999999999,1106.6615999999997,1098.7880952380935
1761037200,1069.98,1070,1066.3,1069.48,,,1162.4053999999999,1106.2377999999997,1096.4580952380934
1761040800,1069.48,1078.16,1066.47,1075.81,,,1161.30685,1105.7837999999997,1094.444285714284
1761044400,1075.8,1080.13,1073.58,1077.08,,,1160.2298999999998,1105.4435999999996,1092.269523809522
1761048000,1077.08,1084.58,1076.15,1077.4,,,1159.0229999999997,1105.0801999999996,1090.1061904761887
1761051600,1077.4,1079.64,1069.19,1072.09,,,1157.9042999999997,1104.7617999999998,1088.4099999999983
1761055200,1072.09,1101.4,1071.97,1101.33,,,1156.8303499999997,1104.4523999999997,1087.0033333333315
1761058800,1101.32,1114.67,1094.28,1112.37,,,1155.6737499999997,1104.4295999999997,1085.4009523809507
1761062400,1112.35,1113.66,1089.78,1091.54,,,1154.4518999999998,1104.1329999999998,1084.3328571428556
1761066000,1091.6,1096.97,1081.93,1091.62,,,1153.2539999999997,1103.6569999999997,1084.6338095238077
1761069600,1091.62,1094.27,1086.7,1093.19,,,1152.1148999999996,1103.0811999999996,1085.2704761904745
1761073200,1093.19,1096.25,1090.31,1090.31,,,1151.0112999999997,1103.1617999999999,1084.799523809522
1761076800,1090.35,1091.54,1079.92,1082.44,,,1149.9295499999996,1103.1471999999997,1084.3004761904745
1761080400,1082.52,1084.35,1072.03,1081.12,,,1148.7942499999997,1102.5615999999998,1084.1852380952364
1761084000,1081.12,1082.11,1063.47,1066.4,,,1147.6702499999997,1102.004,1083.6904761904746
1761087600,1066.4,1071.3,1053.1,1057.6,,,1146.5056999999997,1101.4075999999998,1082.8238095238078
1761091200,1057.6,1063.85,1054.36,1059.63,,,1145.1124999999995,1100.7685999999999,1081.9490476190458
1761094800,1059.63,1069.19,1059.63,1067.82,,,1143.8033999999998,1099.9489999999998,1080.7161904761888
1761098400,1067.82,1071.44,1067.26,1070.64,,,1142.6958999999995,1099.2201999999997,1079.609523809522
1761102000,1070.63,1071.45,1065.93,1068.38,,,1141.6689999999994,1098.1421999999998,1078.5357142857126
1761105600,1068.38,1075.18,1068.11,1074.34,,,1140.6487499999994,1096.9693999999997,1078.7328571428557
1761109200,1074.34,1074.35,1062.4,1068.98,,,1139.5530999999996,1095.7717999999998,1078.7876190476175
1761112800,1068.98,1072.81,1066.88,1071.1,,,1138.5827499999996,1094.9207999999996,1078.5228571428556
1761116400,1071.1,1072.64,1065.52,1071.64,,,1137.4936999999993,1094.2984,1078.5985714285696
1761120000,1071.64,1071.64,1067.19,1070.34,,,1136.3934999999994,1093.5781999999997,1078.5509523809505
1761123600,1070.34,1071.21,1060.2,1062.6,,,1135.2973499999994,1092.8595999999998,1078.6280952380935
1761127200,1062.6,1065.44,1059.24,1063.96,,,1134.3067999999994,1091.6665999999998,1078.4295238095222
1761130800,1063.96,1074.74,1060.3,1069.95,,,1133.2873999999997,1090.5337999999997,1078.1085714285696
1761134400,1069.95,1079.54,1066.21,1077,,,1132.2264999999995,1089.3053999999997,1077.4038095238077
1761138000,1077,1083.92,1073.73,1083.22,,,1131.1256999999996,1088.0433999999996,1077.016666666665
1761141600,1083.23,1083.44,1066.36,1081.05,,,1130.0097499999995,1086.7799999999997,1075.5223809523793
1761145200,1081.09,1083.01,1072.91,1081.3,,,1128.8884999999996,1085.6085999999998,1073.8380952380935
1761148800,1081.3,1082.14,1072.28,1075.79,,,1127.7222999999994,1084.5501999999997,1073.441904761903
1761152400,1075.81,1077.29,1065.94,1067.67,,,1126.5781999999995,1083.7893999999997,1072.9385714285697
1761156000,1067.63,1071.23,1063.79,1067.6,,,1125.4782999999995,1083.1407999999997,1072.3723809523794
1761159600,1067.6,1073.98,1065.92,1070.45,,,1124.4315499999993,1082.4635999999998,1071.6809523809509
1761163200,1070.42,1071.32,1064.24,1065.65,,,1123.6021499999995,1081.8609999999999,1070.9776190476175
1761166800,1065.65,1066.46,1053.96,1059.18,,,1122.8295999999996,1081.2443999999998,1070.333809523808
1761170400,1059.16,1065.03,1058.72,1060.43,,,1122.2151499999993,1080.3767999999998,1070.5266666666653
1761174000,1060.43,1073.3,1060.4,1072.28,,,1121.6391499999993,1079.8383999999999,1070.9099999999985
1761177600,1072.28,1081.34,1072.09,1080.21,,,1121.0253499999992,1079.3472,1070.88857142857
1761181200,1080.22,1085.45,1079.62,1083.94,,,1120.3602999999994,1078.6801999999998,1070.5366666666653
1761184800,1083.95,1085.07,1079.7,1085.06,,,1119.7779499999995,1077.8352,1070.6147619047606
1761188400,1085.06,1091.63,1084.99,1087.12,,,1119.2744999999993,1077.0017999999998,1071.1780952380939
1761192000,1087.12,1089.71,1083.96,1084.01,,,1118.8503999999996,1076.5351999999998,1071.6352380952367
1761195600,1084.02,1097.14,1083.51,1097.01,,,1118.2411499999994,1076.1254,1072.4009523809511
1761199200,1097.01,1110.5,1095.92,1110.35,,,1117.6294999999996,1075.7913999999998,1073.1638095238081
1761202800,1110.35,1111.26,1102.5,1109.93,,,1116.9178999999995,1075.5027999999998,1073.7528571428559
1761206400,1109.93,1123.13,1109.33,1115.39,,,1116.2378499999995,1075.3993999999998,1075.0228571428559
1761210000,1115.42,1116.52,1099.17,1099.4,,,1115.5749999999996,1075.4627999999998,1077.2966666666655
1761213600,1099.38,1104.72,1097.3,1097.97,,,1114.9228499999997,1075.7594,1079.4857142857131
1761217200,1097.96,1099.56,1093.49,1094.69,,,1114.3207999999995,1076.6927999999998,1081.6495238095226
1761220800,1094.7,1094.71,1088.41,1093.2,,,1113.6458499999994,1077.5015999999998,1082.7161904761895
1761224400,1093.19,1096.18,1088.61,1091.21,,,1113.0388999999993,1078.3305999999998,1083.4185714285704
1761228000,1091.21,1091.36,1078.16,1085.76,,,1112.5444999999995,1078.8636,1084.0680952380942
1761231600,1085.76,1159.53,1084.07,1130.18,,,1112.0480999999993,1079.4234,1084.634761904761
1761235200,1130.17,1140.34,1124.88,1136.05,,,1111.5733999999995,1079.9275999999998,1085.3690476190468
1761238800,1136.05,1136.07,1124.28,1132.67,,,1111.0332499999995,1080.2753999999998,1086.2304761904754
1761242400,1132.67,1132.78,1108.98,1112.04,,,1110.4331999999997,1080.558,1089.2104761904752
1761246000,1112.04,1119.31,1107.93,1117.86,,,1109.8702499999995,1080.7251999999999,1092.3342857142848
1761249600,1117.86,1118.42,1111.87,1113.84,,,1109.2826999999995,1081.8869999999997,1095.5257142857135
1761253200,1113.85,1120.16,1112.31,1116.7,,,1108.7726999999995,1082.5813999999998,1098.042857142856
1761256800,1116.69,1120.17,1114.48,1118.11,,,1108.2481999999995,1082.9874,1100.7776190476181
1761260400,1118.12,1129.52,1117.62,1126.87,,,1107.9455999999996,1083.3973999999998,1102.7566666666655
1761264000,1126.87,1139.32,1126.86,1136.76,,,1107.6071499999996,1083.9222,1104.4942857142846
1761267600,1136.77,1140.33,1127.57,1132.15,,,1107.3251499999997,1084.3352,1106.1214285714275
1761271200,1132.15,1137.53,1128.2,1136.15,,,1106.9691499999997,1084.863,1108.11238095238
1761274800,1136.15,1140.38,1131.99,1136.03,,,1106.6291999999996,1085.5764,1110.4761904761895
1761278400,1136.03,1143.98,1134.13,1141.09,,,1106.3017999999997,1086.4913999999999,1112.7685714285703
1761282000,1141.09,1142.11,1137.1,1140.6,,,1106.0006999999998,1087.8985999999998,1114.6323809523801
1761285600,1140.6,1140.81,1134.38,1138.43,,,1105.7305499999995,1089.3896,1115.8552380952372
1761289200,1138.4,1140.17,1123.21,1125.75,,,1105.5172499999996,1090.92,1117.3390476190466
1761292800,1125.75,1130.1,1121.76,1128.46,,,1105.2902499999996,1092.2842,1118.539523809523
1761296400,1128.46,1135.88,1127.05,1130.23,,,1105.1116499999996,1093.6932,1120.3980952380941
1761300000,1130.23,1130.78,1124.71,1127.18,,,1104.9303999999997,1095.1375999999998,1121.7209523809513
1761303600,1127.18,1127.23,1120.81,1125.81,,,1104.7849999999996,1096.4193999999998,1123.3290476190466
1761307200,1125.81,1137.39,1123.6,1127.69,,,1104.7085499999996,1097.5548,1125.09238095238
1761310800,1127.69,1130.32,1116.53,1121.74,,,1104.6423499999996,1098.702,1126.805238095237
1761314400,1121.74,1121.81,1105.37,1108.76,,,1104.5607499999996,1099.8737999999998,1128.7123809523798
1761318000,1108.75,1113.84,1103.86,1104.69,,,1104.3733999999997,1101.0106,1128.5938095238084
1761321600,1104.69,1105.26,1098.14,1101.57,,,1104.1567999999997,1102.2748,1127.9123809523796
1761325200,1101.55,1107.64,1101.52,1103.68,,,1103.88935,1103.5494,1126.7738095238083
1761328800,1103.67,1109.85,1103.25,1108.71,,,1103.56425,1104.5852,1126.4238095238084
1761332400,1108.71,1114.36,1108.71,1110.29,,,1103.2712,1105.2204000000002,1125.6480952380941
1761336000,1110.29,1114.08,1109.66,1111.08,,,1103.01145,1105.6498000000001,1125.1642857142845
1761339600,1111.07,1112.74,1109.78,1111.13,,,1102.7030499999998,1106.0602000000001,1124.7838095238083
1761343200,1111.11,1112.35,1108.59,1109.75,,,1102.2999499999999,1106.5078,1124.4114285714272
1761346800,1109.75,1109.79,1107.21,1109.65,,,1101.8971,1107.1662000000001,1123.6595238095226
1761350400,1109.65,1109.65,1101.55,1102.99,,,1101.4658,1108.0186,1122.4390476190465
1761354000,1102.99,1110.95,1101.86,1110.12,,,1101.08135,1108.8882,1121.37238095238
1761357600,1110.12,1113.5,1107.5,1112.04,,,1100.71965,1109.7018,1120.110476190475
1761361200,1112.04,1118.32,1111.15,1117.24,,,1100.35935,1110.5838,1118.5371428571418
1761364800,1117.24,1119.29,1112.61,1112.77,,,1099.9791500000001,1111.5932,1117.06238095238
1761368400,1112.77,1118.16,1112.13,1118.01,,,1099.62215,1112.4444,1115.70238095238
1761372000,1118.01,1118.91,1114.41,1114.78,,,1099.3017499999999,1113.2012000000002,1114.6933333333322
1761375600,1114.79,1118.07,1111.18,1113.02,,,1099.1692,1113.8378,1114.0752380952372
1761379200,1113.02,1118.02,1112.54,1117.9,,,1098.9048,1114.5038,1113.577619047618
1761382800,1117.9,1118.45,1112.51,1113.69,,,1098.7017,1115.058,1112.8419047619038
1761386400,1113.69,1116.05,1110.33,1115.94,,,1098.5019,1115.6758,1112.167619047618
1761390000,1115.94,1117.96,1114.07,1115.99,,,1098.35805,1116.2912,1111.7909523809515
1761393600,1115.98,1117.78,1114.47,1117.33,,,1098.1928,1116.6113999999998,1111.124285714285
1761397200,1117.33,1117.38,1111.68,1113.79,,,1097.96435,1116.7623999999998,1110.8480952380944
1761400800,1113.79,1114.26,1111.63,1113.9,,,1097.7722,1116.8375999999998,1111.19238095238
1761404400,1113.9,1113.91,1106.01,1108.88,,,1097.6097,1116.8485999999998,1111.794285714285
1761408000,1108.88,1112.64,1108.09,1112.35,,,1097.4491500000001,1117.1803999999997,1112.3761904761898
1761411600,1112.36,1115.25,1111.35,1112,,,1097.2842,1117.5675999999996,1112.8628571428567
1761415200,1112,1115.81,1110.38,1114.86,,,1097.1261,1117.9495999999997,1112.8709523809516
1761418800,1114.86,1117.28,1113.93,1116.58,,,1096.95255,1118.3635999999997,1112.969047619047
1761422400,1116.57,1117.12,1113.21,1113.76,,,1096.81735,1118.7169999999999,1113.0128571428565
1761426000,1113.76,1117.07,1113.65,1117.07,,,1096.74095,1119.2487999999998,1113.1904761904755
1761429600,1117.07,1121.14,1115.56,1120.12,,,1096.8333499999999,1118.8851999999997,1113.5157142857138
1761433200,1120.12,1120.35,1115.9,1116.84,,,1097.06315,1118.4614,1113.711428571428
1761436800,1116.84,1122.08,1114.97,1117.53,,,1097.40705,1118.1395999999997,1114.3819047619043
1761440400,1117.53,1124.49,1117.52,1119.85,,,1097.77045,1118.1739999999998,1114.8580952380948
1761444000,1119.85,1124.02,1117.74,1121.82,,,1098.1269,1118.1581999999999,1115.0866666666664
1761447600,1121.8,1122.49,1116.39,1117.06,,,1098.34685,1118.2837999999997,1115.1004761904758
1761451200,1117.06,1119.82,1116.8,1118.31,,,1098.59445,1118.2865999999997,1115.437619047619
1761454800,1118.31,1121.38,1116.28,1120.66,,,1098.8321,1118.2749999999996,1115.6190476190473
1761458400,1120.68,1122.03,1119.54,1121.18,,,1099.1524000000002,1118.1345999999999,1115.7276190476186
1761462000,1121.18,1122.48,1119.53,1120.65,,,1099.3660000000002,1117.8357999999998,1115.9795238095237
1761465600,1120.66,1125.27,1120.65,1122.84,,,1099.5952500000003,1117.5339999999999,1116.110952380952
1761469200,1122.83,1132.35,1121.33,1125.39,,,1099.8144000000002,1117.1771999999999,1116.4676190476189
1761472800,1125.4,1125.57,1120.64,1125.42,,,1100.0608500000003,1116.8697999999997,1116.6919047619044
1761476400,1125.42,1136.33,1123.46,1135.66,,,1100.3108500000003,1116.4715999999999,1117.018095238095
1761480000,1135.69,1138.97,1131.91,1138.38,,,1100.5123000000003,1116.0725999999997,1117.4019047619045
1761483600,1138.36,1139.29,1133.32,1135.64,,,1100.6727,1115.7607999999998,1117.9557142857138
1761487200,1135.64,1136.86,1127.45,1128.2,,,1100.8928500000002,1115.7535999999998,1118.9919047619046
1761490800,1128.2,1134.21,1127.16,1133.72,,,1101.1386000000002,1115.6927999999998,1120.3966666666663
1761494400,1133.72,1133.93,1125.18,1125.47,,,1101.3566500000002,1115.8014,1121.505714285714
1761498000,1125.47,1128.2,1123.54,1126.88,,,1101.5456000000004,1116.0254,1122.2771428571427
1761501600,1126.9,1130.99,1126.82,1129.8,,,1101.7488000000003,1116.222,1123.175238095238
1761505200,1129.8,1129.85,1124.89,1126.82,,,1101.9741500000002,1116.2322,1123.5985714285714
1761508800,1126.82,1127.24,1123.54,1124.8,,,1102.2499500000001,1116.4718,1124.2233333333334
1761512400,1124.82,1131.93,1124.73,1131.5,,,1102.4867000000004,1116.806,1124.8295238095238
1761516000,1131.5,1142.89,1131.5,1140.84,,,1102.5850500000001,1117.2498,1125.1485714285714
1761519600,1140.83,1143.09,1136.92,1138.35,,,1102.6550000000002,1117.8144,1125.527619047619
1761523200,1138.35,1146.04,1137.75,1139.19,,,1102.7400000000002,1118.2772,1126.1928571428573
1761526800,1139.16,1153.09,1138.03,1150.89,,,1102.8279000000002,1118.599,1127.192380952381
1761530400,1150.89,1163.88,1149.1,1154.67,,,1102.95405,1119.0231999999999,1127.9795238095237
1761534000,1154.67,1158.9,1150.75,1151.28,,,1103.0675500000002,1119.6184,1129.0333333333333
1761537600,1151.28,1152.46,1140.43,1144.3,,,1103.1848000000002,1120.1628,1130.584761904762
1761541200,1144.3,1154.62,1143.63,1150.08,,,1103.4063,1120.7515999999998,1132.2042857142858
1761544800,1150.08,1153.13,1146.22,1153.13,,,1103.6414000000002,1121.5764,1133.637619047619
1761548400,1153.18,1161.17,1152.22,1156.64,,,1103.8744500000003,1122.61,1134.7638095238096
1761552000,1156.64,1158.49,1149.47,1152.8,,,1104.1203000000003,1123.4332,1136.0609523809524
1761555600,1152.8,1158.69,1147.63,1156.47,,,1104.3887000000002,1124.0783999999999,1137.3819047619047
1761559200,1156.47,1156.89,1150.37,1156.18,,,1104.6659000000002,1124.7351999999998,1138.8685714285716
1761562800,1156.18,1179.51,1153.55,1179.51,,,1104.9046000000003,1125.5423999999998,1139.6847619047621
1761566400,1179.5,1182.2,1165.33,1166.97,,,1105.1274000000003,1126.3149999999998,1140.5461904761905
1761570000,1166.97,1174.56,1141.73,1152.52,,,1105.4075000000005,1127.0754,1141.5242857142857
1761573600,1152.52,1155.23,1132.27,1135.06,,,1105.7068000000004,1127.9444,1143.967619047619
1761577200,1135.06,1144.61,1134.96,1143.84,,,1106.0255500000003,1128.71,1145.5509523809526
1761580800,1143.84,1151.57,1143.84,1147.26,,,1106.3799500000005,1130.0264,1146.8390476190477
1761584400,1147.26,1151.32,1146.14,1150.92,,,1106.7442000000003,1131.047,1147.2285714285715
1761588000,1150.92,1153.93,1145.28,1147.53,,,1107.1007500000005,1131.7776,1147.8971428571429
1761591600,1147.53,1149.5,1142.7,1145.34,,,1107.5373500000003,1132.1321999999998,1148.8704761904762
1761595200,1145.36,1147.19,1141.75,1143.41,,,1107.9174500000004,1132.7331999999997,1150.1142857142856
1761598800,1143.41,1147.5,1135.94,1141.06,,,1108.2254500000004,1133.4003999999998,1150.877619047619
1761602400,1141.04,1144.87,1135.92,1136.59,,,1108.4712500000005,1134.2411999999997,1151.0919047619047
1761606000,1136.59,1142.09,1133.66,1139.05,,,1108.7657000000004,1134.9447999999998,1151.332857142857
1761609600,1139.05,1142.77,1136.46,1139.49,,,1109.1172500000002,1135.6115999999997,1151.421904761905
1761613200,1139.49,1147.53,1139.49,1145.89,,,1109.4123000000004,1136.1825999999999,1150.7409523809522
1761616800,1145.89,1146.58,1132.07,1134.7,,,1109.6439500000004,1136.6722,1149.9971428571428
1761620400,1134.7,1138.98,1132.82,1138.49,,,1109.8662500000005,1137.1287999999997,1149.435714285714
1761624000,1138.49,1143.7,1135.4,1141.87,,,1110.0968000000003,1137.5683999999999,1149.5114285714285
1761627600,1141.86,1142.44,1121.71,1122.25,,,1110.2366000000004,1137.9558,1148.7790476190476
1761631200,1122.23,1131.34,1122.22,1131.08,,,1110.3154500000005,1138.5367999999999,1148.0819047619048
1761634800,1131.08,1135.19,1130.42,1132.45,,,1110.4132000000004,1138.8801999999998,1147.3785714285714
1761638400,1132.45,1137.57,1130.21,1135.28,,,1110.4956000000006,1139.253,1145.9238095238095
1761642000,1135.28,1136.74,1131.82,1136.19,,,1110.6137500000007,1139.6539999999998,1144.7147619047616
1761645600,1136.19,1138.46,1133.35,1136.5,,,1110.6701500000004,1139.7577999999999,1143.5847619047618
1761649200,1136.5,1137.82,1132.05,1132.33,,,1110.7748000000004,1140.0131999999999,1141.4785714285713
1761652800,1132.33,1141.76,1132.3,1140.51,,,1110.8826500000005,1140.2489999999998,1140.0128571428568
1761656400,1140.51,1146.96,1140.51,1144.53,,,1110.9127000000005,1140.531,1139.2499999999995
1761660000,1144.55,1146.45,1127.86,1137.05,,,1110.9705500000005,1140.8418,1139.1199999999997
1761663600,1136.96,1140.42,1131.76,1135.76,,,1111.0809500000005,1141.1149999999998,1138.961428571428
1761667200,1135.76,1146.66,1134.92,1144.44,,,1111.2485500000005,1141.2538,1138.8314285714282
1761670800,1144.44,1149.1,1143.55,1147.58,,,1111.4075500000006,1141.5556,1138.170952380952
1761674400,1147.58,1147.58,1140.56,1144.47,,,1111.5387000000005,1141.733,1137.6104761904758
1761678000,1144.47,1145.24,1126.8,1128.87,,,1111.5572000000004,1141.7063999999998,1137.5676190476188
1761681600,1128.85,1129.21,1074.56,1091.63,,,1111.6210500000007,1141.7087999999997,1137.76619047619
1761685200,1091.63,1103.48,1084.72,1101.49,,,1111.6784000000005,1142.0335999999998,1137.928571428571
1761688800,1101.49,1106.99,1095.69,1106.87,,,1111.6964500000006,1142.3107999999995,1137.560952380952
1761692400,1106.87,1106.99,1100.89,1103.57,,,1111.7464000000007,1142.6907999999996,1135.3028571428567
1761696000,1103.57,1108.46,1101.18,1101.53,,,1111.8559500000003,1142.7305999999996,1133.493333333333
1761699600,1101.53,1108.48,1099.34,1104.9,,,1111.9795000000006,1141.9671999999996,1131.6352380952378
1761703200,1104.92,1107.51,1102.79,1106.37,,,1112.1266500000006,1141.4605999999997,1130.1528571428566
1761706800,1106.38,1106.43,1101.81,1104.79,,,1112.1927500000006,1141.1019999999996,1128.3928571428569
1761710400,1104.79,1110.65,1104.09,1110.2,,,1112.0763500000003,1140.5433999999996,1126.6323809523806
1761714000,1110.2,1113.44,1109.25,1110.89,,,1112.0266500000005,1139.7571999999998,1125.87619047619
1761717600,1110.87,1121.29,1108.63,1121.13,,,1112.0279000000005,1139.0881999999997,1124.6242857142854
1761721200,1121.13,1121.14,1113.5,1117.51,,,1111.9905000000006,1138.4317999999996,1123.5647619047616
1761724800,1117.51,1119.94,1112.8,1115.4,,,1112.0255500000005,1137.5097999999996,1122.403333333333
1761728400,1115.4,1117.08,1112.48,1116.39,,,1112.0750000000005,1136.6203999999998,1121.6861904761902
1761732000,1116.38,1119.56,1111.07,1112.08,,,1112.1118500000005,1135.8125999999997,1120.7819047619043
1761735600,1112.08,1116.77,1111.48,1113.86,,,1112.1286500000006,1135.3491999999999,1119.975714285714
1761739200,1113.86,1115.82,1111.54,1114.04,,,1112.1691500000004,1134.6977999999997,1118.8271428571427
1761742800,1114.05,1118.89,1109.22,1111.23,,,1112.2455500000003,1133.9431999999997,1117.2819047619046
1761746400,1111.21,1111.87,1103.53,1108.27,,,1112.3477000000003,1133.1381999999999,1116.1776190476187
1761750000,1108.27,1109.55,1097.18,1099.45,,,1112.4320500000003,1132.3237999999997,1115.143333333333
1761753600,1099.45,1103.1,1094.94,1100.27,,,1112.5116000000005,1131.4715999999999,1113.5619047619045
1761757200,1100.27,1110.82,1100.09,1110.42,,,1112.6321000000003,1130.6287999999995,1111.6899999999998
1761760800,1110.36,1114.22,1083.65,1107.48,,,1112.7883000000004,1129.2631999999996,1109.5461904761903
1761764400,1107.47,1113.22,1102.57,1107.28,,,1112.9467000000004,1128.0891999999994,1108.1842857142856
1761768000,1107.28,1118.42,1106.39,1117.54,,,1113.1985000000004,1127.0277999999996,1109.0790476190475
1761771600,1117.51,1119.73,1115.03,1117.04,,,1113.4072000000003,1126.3319999999994,1109.3642857142856
1761775200,1117.04,1117.05,1112.73,1114.41,,,1113.5788500000003,1125.6635999999996,1109.3838095238093
1761778800,1114.4,1114.98,1103.89,1107.76,,,1113.7123500000002,1124.8679999999995,1110.0490476190475
1761782400,1107.76,1117.36,1104.92,1117.36,,,1113.8638000000003,1123.9951999999996,1110.7876190476188
1761786000,1117.36,1119.92,1114.63,1114.63,,,1114.0685000000003,1123.3953999999997,1111.240476190476
1761789600,1114.69,1118.47,1112.69,1118.24,,,1114.2268500000002,1122.8293999999996,1111.3066666666666
1761793200,1118.24,1118.96,1116.37,1118.84,,,1114.3778500000003,1122.2493999999997,1111.905238095238
1761796800,1118.86,1118.91,1090.53,1101.81,,,1114.5785500000002,1121.5833999999998,1112.1161904761905
1761800400,1101.84,1114.97,1100.42,1112.86,,,1114.8033000000003,1121.1987999999997,1112.4661904761906
1761804000,1112.86,1115.88,1109.05,1113.8,,,1114.8687,1120.7103999999997,1112.357142857143
1761807600,1113.8,1118.7,1112.49,1118.41,,,1114.8456500000002,1120.2853999999998,1111.6095238095238
1761811200,1118.41,1118.57,1113.08,1113.42,,,1114.97475,1119.7443999999998,1111.4885714285713
1761814800,1113.42,1114.47,1108.19,1109.88,,,1115.0898000000002,1119.0865999999996,1111.365238095238
1761818400,1109.89,1129.43,1108.61,1121.49,,,1115.21505,1118.5739999999996,1111.6666666666665
1761822000,1121.5,1122.29,1111.32,1111.91,,,1115.3577,1118.0125999999998,1111.6457142857141
1761825600,1111.91,1114.14,1094.2,1098.9,,,1115.45455,1117.9357999999997,1111.447619047619
1761829200,1098.92,1104.4,1080.15,1080.53,,,1115.6132499999999,1117.5825999999997,1111.9361904761904
1761832800,1080.54,1090.3,1080.49,1089.16,,,1115.8502500000002,1117.1311999999998,1112.1095238095238
1761836400,1089.12,1089.45,1075.74,1077.22,,,1116.1543000000001,1116.8553999999997,1112.0833333333333
1761840000,1077.22,1084.27,1071.98,1081.92,,,1116.42325,1116.3697999999997,1111.1433333333334
1761843600,1081.89,1082.11,1062.91,1071.08,,,1116.63355,1115.6177999999998,1110.1309523809523
1761847200,1071.08,1072.02,1064.03,1066.25,,,1116.8878000000002,1114.5818,1108.69
1761850800,1066.25,1067.81,1059.06,1062.08,,,1117.10545,1113.5548,1107.4823809523812
1761854400,1062.04,1065.25,1043.53,1065.18,,,1117.2282500000001,1112.2086,1105.27
1761858000,1065.2,1070.88,1062.09,1070.82,,,1117.286,1111.106,1102.8514285714286
1761861600,1070.8,1071.24,1065.18,1069.86,,,1117.3763000000001,1109.8123999999998,1100.359523809524
1761865200,1069.86,1079.38,1065.49,1079.12,,,1117.4042000000002,1108.2486,1098.3319047619048
1761868800,1079.12,1084.72,1075.4,1081.75,,,1117.4621,1106.5386,1096.1157142857144
1761872400,1081.75,1088.34,1081.08,1085.47,,,1117.5045,1104.9528,1093.9838095238097
1761876000,1085.47,1086.76,1075.29,1078.28,,,1117.51595,1103.7918,1092.1209523809525
1761879600,1078.29,1086.25,1077.18,1086.14,,,1117.4766,1103.3564,1090.354761904762
1761883200,1086.12,1099.99,1085.44,1099.1,,,1117.4175,1102.909,1089.5766666666668
1761886800,1099.09,1099.13,1092.81,1096.01,,,1117.3555000000001,1102.4066,1087.9300000000003
1761890400,1096.03,1103.17,1091.75,1095.93,,,1117.29955,1102.0446000000002,1086.6128571428574
1761894000,1095.93,1099.25,1092.75,1098.95,,,1117.28865,1101.5796,1085.6933333333336
1761897600,1098.96,1104.89,1098.17,1104.38,,,1117.3184500000002,1101.2043999999999,1084.8642857142859
1761901200,1104.38,1104.74,1088.83,1090.69,,,1117.4074500000002,1101.059,1084.2
1761904800,1090.69,1093.62,1085.78,1086.11,,,1117.4608500000002,1100.8834,1083.1266666666666
1761908400,1086.11,1091.22,1078.42,1088.17,,,1117.5393000000001,1100.598,1082.7680952380952
1761912000,1088.17,1092.16,1078.32,1078.78,,,1117.70655,1100.3591999999999,1082.3771428571429
1761915600,1078.78,1084.11,1077.35,1082.86,,,1117.8907000000002,1100.0242,1082.642857142857
1761919200,1082.87,1088.32,1078.27,1087.54,,,1118.0682000000002,1099.4877999999999,1082.5957142857144
1761922800,1087.54,1090.15,1082.27,1084.49,,,1118.2015500000002,1098.902,1082.67
1761926400,1084.5,1086.41,1073.05,1074.08,,,1118.3224000000002,1098.3376,1082.714761904762
1761930000,1074.07,1080.14,1071.75,1078.63,,,1118.3561500000003,1097.6716000000001,1083.4985714285715
1761933600,1078.64,1082.88,1075.3,1081.69,,,1118.3614000000002,1097.0516,1084.3671428571429
1761937200,1081.69,1091.85,1079.27,1090.02,,,1118.3666500000004,1096.5216,1084.9385714285713
1761940800,1090.02,1090.02,1085.14,1085.77,,,1118.3405000000002,1095.9868000000001,1085.5790476190477
1761944400,1085.77,1088.1,1084.05,1087.37,,,1118.2697500000004,1095.303,1086.0966666666668
1761948000,1087.37,1089.54,1086.48,1088.65,,,1118.1557000000003,1094.8866,1087.0566666666668
1761951600,1088.63,1090.7,1087.99,1088.87,,,1118.0285000000003,1094.515,1087.3733333333334
1761955200,1088.87,1092.83,1086,1092.75,,,1117.8219500000005,1094.1070000000002,1087.6409523809523
1761958800,1092.75,1094.51,1085.34,1085.62,,,1117.7181000000005,1093.6728,1087.7923809523809
1761962400,1085.62,1085.84,1081.91,1085.51,,,1117.6367000000005,1093.2746,1088.2966666666664
1761966000,1085.52,1090.43,1085.49,1089.69,,,1117.6133500000005,1092.6968000000002,1088.6114285714286
1761969600,1089.69,1091.07,1088.18,1089.83,,,1117.5762000000004,1092.1334000000002,1087.9695238095237
1761973200,1089.83,1090.21,1085.45,1086.14,,,1117.5570000000005,1091.7002000000002,1087.4695238095237
1761976800,1086.14,1086.68,1084.28,1085.82,,,1117.5714500000004,1091.2574000000002,1087.1723809523808
1761980400,1085.82,1088.65,1085.04,1086.31,,,1117.3649000000005,1090.6204,1086.738095238095
1761984000,1086.31,1088.22,1085.45,1088.17,,,1117.1484000000005,1090.1216,1085.8695238095236
1761987600,1088.17,1089.18,1085.42,1087.72,,,1116.9131500000005,1089.5534,1085.637619047619
1761991200,1087.72,1088.93,1086.8,1087.6,,,1116.7805000000005,1088.8994,1085.6471428571426
1761994800,1087.56,1088.99,1087.3,1088.9,,,1116.6396500000005,1088.5796000000003,1085.6471428571426
1761998400,1088.9,1091.18,1088.8,1089.39,,,1116.5196000000005,1088.0486,1086.072857142857
1762002000,1089.4,1089.58,1082.64,1084.93,,,1116.3668000000005,1087.536,1086.298571428571
1762005600,1084.95,1086.25,1081.73,1084.92,,,1116.2053500000006,1086.9222,1086.363333333333
1762009200,1084.92,1095.61,1084.62,1092.36,,,1116.0025500000004,1086.4058,1086.5966666666664
1762012800,1092.36,1094.53,1090.21,1093.3,,,1115.7596000000005,1085.9862,1087.113333333333
1762016400,1093.3,1096.09,1092.08,1092.54,,,1115.5374500000005,1085.3442,1087.4128571428569
1762020000,1092.54,1094.39,1092.22,1093.92,,,1115.2947000000006,1084.8046,1087.920952380952
1762023600,1093.92,1094.4,1092.38,1094.26,,,1115.0590500000005,1084.525,1088.0771428571427
1762027200,1094.25,1096.56,1093.9,1095.57,,,1114.8005500000006,1084.7616,1088.3995238095235
1762030800,1095.57,1096.27,1090.28,1090.58,,,1114.5222000000006,1084.8444,1088.7114285714283
1762034400,1090.58,1094.27,1090.05,1094.14,,,1114.2546500000008,1085.1508000000001,1088.978571428571
1762038000,1094.15,1095.57,1093.67,1094.38,,,1114.0877000000007,1085.3908000000001,1089.2976190476188
1762041600,1094.38,1094.56,1090.87,1091.85,,,1113.9119000000005,1085.8544000000002,1089.1942857142853
1762045200,1091.85,1093.51,1090.67,1091.56,,,1113.7234500000006,1086.4408000000003,1089.5999999999997
1762048800,1091.56,1091.57,1087.81,1090.29,,,1113.5571500000005,1087.0108000000002,1090.0223809523807
1762052400,1090.29,1090.4,1088.18,1089.27,,,1113.3994000000005,1087.5900000000004,1090.1252380952378
1762056000,1089.27,1094.5,1088.14,1094.21,,,1113.2388000000005,1088.0612000000003,1090.2076190476187
1762059600,1094.21,1094.22,1089.97,1091.03,,,1113.0830000000005,1088.5010000000004,1090.4052380952376
1762063200,1091.03,1092.15,1088.22,1091.42,,,1113.0099000000007,1088.7498000000005,1090.5695238095234
1762066800,1091.43,1094.43,1090.64,1093.49,,,1112.9583500000006,1088.9206000000004,1090.945714285714
1762070400,1093.49,1094.38,1091.18,1091.55,,,1112.9097500000007,1088.9966000000004,1091.0819047619048
1762074000,1091.55,1093.24,1086.5,1087.4,,,1112.8491500000007,1089.3152000000005,1091.258095238095
1762077600,1087.4,1087.73,1080.83,1083.89,,,1112.7570500000008,1089.4130000000002,1091.5385714285712
1762081200,1083.89,1087.86,1083.51,1087.65,,,1112.6519500000006,1089.2594000000004,1091.6647619047617
1762084800,1087.67,1087.73,1084.27,1085.29,,,1112.5676000000008,1089.2090000000003,1091.57
1762088400,1085.29,1085.51,1081.62,1082.75,,,1112.4671000000008,1089.1214000000002,1091.520476190476
1762092000,1082.75,1084.7,1080.03,1082,,,1112.3754500000005,1088.8904000000005,1091.650476190476
1762095600,1082,1084.52,1079.82,1080.74,,,1112.2946500000005,1088.4806000000003,1091.3138095238094
1762099200,1080.72,1080.72,1071.78,1079.31,,,1112.2374500000008,1088.4198000000004,1090.8114285714282
1762102800,1079.31,1080.02,1077.19,1078.43,,,1112.1238500000006,1088.4034000000001,1090.3095238095234
1762106400,1078.43,1079.99,1077.32,1078.44,,,1111.9831000000006,1088.295,1089.6819047619044
1762110000,1078.44,1078.84,1074.92,1078.38,,,1111.8351500000003,1088.3594000000003,1088.9699999999998
1762113600,1078.37,1080.7,1077.46,1080.32,,,1111.6977500000005,1088.3170000000002,1088.1538095238093
1762117200,1080.32,1081.58,1079.35,1080.65,,,1111.5214500000004,1088.1524000000002,1087.5757142857142
1762120800,1080.65,1080.73,1076.26,1078.94,,,1111.3575500000004,1088.0312000000004,1086.8252380952379
1762124400,1078.95,1084.86,1078.94,1082.96,,,1111.1961500000004,1088.1184000000003,1086.1557142857139
1762128000,1082.95,1087.16,1077.5,1077.78,,,1111.0032000000003,1088.1134000000002,1085.6223809523806
1762131600,1077.77,1078.28,1070.89,1072.28,,,1110.8269000000003,1088.0860000000002,1085.0214285714283
1762135200,1072.28,1072.73,1054.2,1060.58,,,1110.6394000000003,1087.8986000000002,1084.6723809523808
1762138800,1060.58,1061.68,1041.73,1043.67,,,1110.4513500000003,1087.7620000000002,1084.1252380952378
1762142400,1043.68,1044.84,1033.36,1043.72,,,1110.2663000000005,1087.6738,1083.080952380952
1762146000,1043.73,1049.17,1037.37,1037.83,,,1110.1006000000007,1087.4564,1081.630952380952
1762149600,1037.83,1041.62,1025.03,1031.37,,,1109.9258000000004,1087.1246,1079.3571428571424
1762153200,1031.36,1035.49,1028.2,1029.07,,,1109.7962000000005,1086.4812000000002,1076.9871428571425
1762156800,1029.08,1030.57,1017.3,1024.94,,,1109.6233500000005,1085.6422000000002,1074.4290476190472
1762160400,1024.95,1031.34,1016.68,1017.92,,,1109.4247500000006,1084.8064,1071.760952380952
1762164000,1017.92,1024.04,1009.33,1011.09,,,1109.1533500000005,1083.7692000000002,1069.1504761904757
1762167600,1011.09,1021.13,1009.12,1016.05,,,1108.7888000000005,1082.6000000000001,1066.1642857142851
1762171200,1016.04,1024.07,1016.02,1016.82,,,1108.4386000000004,1081.4586,1062.95619047619
1762174800,1016.82,1020.26,1009.33,1017.82,,,1108.0424000000005,1080.241,1059.543809523809
1762178400,1017.82,1023.95,1016.7,1020.83,,,1107.5986500000004,1078.8732,1056.4033333333327
1762182000,1020.84,1022.9,964.61,980.63,,,1107.1598000000004,1077.3316,1053.3595238095234
1762185600,980.66,998.14,976.9,996.85,,,1106.6968500000003,1075.8982,1050.4314285714281
1762189200,996.86,1009.8,996.2,1008.72,,,1106.1872000000003,1074.4826,1047.6885714285709
1762192800,1008.72,1008.76,996.61,998.02,,,1105.6335500000002,1073.0610000000001,1043.030952380952
1762196400,998.03,1002.4,994.43,996.34,,,1105.1285000000003,1071.6898,1039.148571428571
1762200000,996.34,997.49,981.39,986.23,,,1104.6210500000004,1069.6038,1035.7390476190471
1762203600,986.23,995.37,983.17,995.29,,,1104.1068500000003,1067.8424,1031.8042857142852
1762207200,995.3,995.37,982.9,988.52,,,1103.6051000000004,1066.1696000000002,1027.8709523809518
1762210800,988.52,994.07,982.36,993.56,,,1102.9050000000002,1064.2640000000001,1023.2647619047613
1762214400,993.54,997.82,982.52,992.74,,,1102.2750500000004,1062.34,1019.3366666666659
1762218000,992.73,1000.7,989.93,999.1,,,1101.6917000000003,1060.1862,1015.3480952380946
1762221600,999.1,1000.38,992.15,993.09,,,1101.0547000000004,1058.2068000000002,1012.1566666666661
1762225200,993.09,1000.01,990.8,999.19,,,1100.3581000000004,1056.0658,1009.731428571428
1762228800,999.19,1001.87,988.02,988.68,,,1099.5973500000002,1054.1254000000001,1007.6066666666659
1762232400,988.7,990.81,948.04,948.04,,,1098.8956000000005,1052.0974,1005.4761904761896
1762236000,948.04,966.36,947.72,953.58,,,1098.1972000000003,1050.1918000000003,1003.9438095238088
1762239600,953.58,955.19,940.31,944.63,,,1097.4964000000002,1048.2166000000004,1002.0204761904754
1762243200,944.62,958.74,939.96,949.28,,,1096.8327500000005,1046.3692000000003,998.3585714285707
1762246800,949.28,953.56,944.34,951.97,,,1096.1938500000003,1044.3370000000002,995.294761904761
1762250400,951.97,958.43,951.28,953.08,,,1095.5103000000004,1041.5124000000003,992.1299999999991
1762254000,953.08,963.06,952.06,958.23,,,1094.8721500000001,1038.6998000000003,988.9504761904751
1762257600,958.23,958.25,947.9,949.39,,,1094.1915500000002,1035.7718000000002,985.8623809523799
1762261200,949.39,950.95,941.6,947.75,,,1093.2742500000004,1032.9290000000003,982.7795238095229
1762264800,947.78,964.59,935.66,962.15,,,1092.3379500000003,1030.0986000000003,979.7985714285705
1762268400,962.16,966.59,948.4,949.81,,,1091.3693500000002,1027.3292000000001,978.3109523809514
1762272000,949.81,953.07,928.88,930.19,,,1090.4198000000004,1024.7458000000001,975.9728571428561
1762275600,930.19,936.87,911.43,927.03,,,1089.4252000000004,1022.0558,973.7552380952371
1762279200,927.03,934.11,908.52,933.11,,,1088.4172500000004,1019.2578,971.4595238095228
1762282800,933.04,935.4,918.33,919.52,,,1087.4520000000002,1016.795,968.309523809523
1762286400,919.52,926.95,889.67,920.89,,,1086.4774500000003,1014.1361999999999,965.4904761904753
1762290000,920.9,922.28,881.99,918.28,,,1085.4658000000004,1011.0999999999999,962.5295238095229
1762293600,918.28,939.1,915.2,936.84,,,1084.5109000000002,1008.0258,959.2438095238086
1762297200,936.84,941.39,933.21,936.47,,,1083.4767500000003,1005.1017999999999,955.7833333333323
1762300800,936.46,939.23,924.16,929.55,,,1082.3637,1001.9236,952.2376190476181
1762304400,929.55,930.05,900.49,923.59,,,1081.2165000000002,998.7725999999999,949.2728571428563
1762308000,923.53,954.94,923.53,950.55,,,1080.1011500000004,995.5706,946.5766666666657
1762311600,950.55,953.5,944.22,948.98,,,1078.8012000000003,992.701,943.2604761904752
1762315200,948.98,952.08,943.13,945.75,,,1077.5708000000004,989.8173999999999,940.1609523809512
1762318800,945.75,951.06,943.75,946.53,,,1076.3996000000004,986.8295999999999,940.2804761904752
1762322400,946.53,949.3,940.96,949,,,1075.4085000000005,983.6421999999999,940.0614285714275
1762326000,949,956.92,943.8,953.88,,,1074.3716500000003,981.0975999999998,940.1147619047608
1762329600,953.87,953.87,937.23,942.9,,,1073.2831000000003,978.6315999999997,939.9838095238085
1762333200,942.91,949.41,942.09,945.92,,,1072.1464500000004,976.3349999999997,939.8423809523798
1762336800,945.92,945.92,937.06,937.45,,,1071.1615500000003,974.3921999999998,939.8804761904751
1762340400,937.45,946.32,937.36,945.37,,,1070.1797500000002,972.4977999999996,939.1504761904749
1762344000,945.38,953.86,944.08,952.98,,,1069.1914500000005,970.8187999999998,938.985238095237
1762347600,952.98,961.78,951.46,959.09,,,1068.2188000000006,969.0493999999998,938.4947619047607
1762351200,959.09,961.79,949.29,956.64,,,1067.2808500000003,967.3863999999998,937.695714285713
1762354800,956.64,965.46,952.59,965.42,,,1066.3550000000005,965.6365999999997,937.8466666666654
1762358400,965.4,967.63,957.35,967.06,,,1065.3720500000004,964.1855999999997,939.2228571428558
1762362000,967.08,967.08,959.68,962.41,,,1064.3722000000005,963.0233999999998,940.6328571428558
1762365600,962.42,967.3,958.74,965.38,,,1063.3859500000005,961.8841999999997,942.1714285714271
1762369200,965.38,965.55,958.75,959.46,,,1062.4203500000006,960.6805999999998,944.4352380952366
1762372800,959.45,964.17,954.95,957.21,,,1061.4759000000006,959.6325999999998,946.4123809523795
1762376400,957.21,957.21,951.62,954.35,,,1060.6601000000005,958.5571999999999,948.6552380952368
1762380000,954.35,958.94,952.29,958.7,,,1059.7879000000005,958.1927999999998,949.7323809523796
1762383600,958.7,960.76,955.29,959.45,,,1058.9527500000006,957.5634,950.7199999999985
1762387200,959.43,959.43,951.05,955.05,,,1058.1116500000005,956.5781999999999,951.9009523809509
1762390800,955.05,955.06,944.28,951.33,,,1057.2427500000006,955.762,953.5728571428557
1762394400,951.33,958.59,947.04,956.46,,,1056.3871500000005,954.9222,953.9966666666653
1762398000,956.46,963.99,956.46,963.02,,,1055.5228000000006,954.3716,954.2857142857129
1762401600,963.02,965.24,959.33,960.36,,,1054.6063000000006,953.6547999999999,954.5514285714271
1762405200,960.36,960.72,949.11,949.49,,,1053.6554000000006,952.9853999999998,955.0242857142842
1762408800,949.49,955.19,949.46,950.02,,,1052.7636500000006,952.1407999999997,955.6919047619033
1762412400,950.01,954.6,947.01,951.66,,,1051.8821000000007,951.4151999999998,956.000476190475
1762416000,951.67,956.92,948.56,952.58,,,1050.9351500000005,950.6935999999997,956.3142857142844
1762419600,952.58,956.97,950.22,952.44,,,1049.9539000000007,950.0389999999998,956.5095238095226
1762423200,952.44,958.19,949.59,955.29,,,1049.0138500000005,949.0449999999997,957.1861904761893
1762426800,955.28,957.16,951.61,955.23,,,1048.1846000000005,948.2717999999998,957.5295238095225
1762430400,955.23,955.52,943.64,943.64,,,1047.5282500000005,948.3441999999999,957.5038095238084
1762434000,943.64,950.83,942.5,946.44,,,1046.7682500000005,948.3241999999998,957.322857142856
1762437600,946.44,948.79,934.97,936.88,,,1045.9840000000006,948.4803999999998,957.2557142857132
1762441200,936.89,943.5,928.08,933.64,,,1045.2244500000006,948.6005999999999,956.2185714285704
1762444800,933.64,938.23,925.24,932.13,,,1044.4797000000005,948.6657999999999,955.2366666666655
1762448400,932.13,945.84,932.13,944.48,,,1043.7174000000007,948.4769999999999,954.0209523809513
1762452000,944.48,955.27,938.89,951.03,,,1042.9620000000004,948.2411999999998,952.5095238095228
1762455600,951.03,953.09,944.3,948.09,,,1042.2142000000008,947.9909999999998,951.2080952380942
1762459200,948.11,951.18,944.29,948.08,,,1041.3814000000007,947.7087999999998,950.6019047619037
1762462800,948.08,953.8,945.45,953.22,,,1040.5591500000007,947.1083999999996,950.4438095238085
1762466400,953.22,954.39,948.2,952.27,,,1039.6379000000006,947.0017999999998,949.9385714285703
1762470000,952.27,952.27,944.76,950.29,,,1038.7185500000007,947.4185999999999,949.3971428571418
1762473600,950.28,954.04,944.69,953,,,1037.8022000000005,947.8397999999999,949.3099999999989
1762477200,953,955.36,945.12,952.56,,,1036.9426500000006,948.1391999999997,949.3547619047607
1762480800,952.56,958.51,948.69,958.26,,,1036.1374000000005,948.8131999999996,949.0609523809511
1762484400,958.26,975.24,957.53,966.79,,,1035.3085500000007,949.4407999999996,948.5838095238082
1762488000,966.78,967.89,957.68,961.06,,,1034.4787500000004,950.0809999999997,948.2123809523797
1762491600,961.06,968.5,961.05,968.42,,,1033.6887000000004,950.4041999999995,948.6299999999987
1762495200,968.42,969.95,964.25,964.62,,,1032.9087000000004,950.7259999999994,949.4285714285702
1762498800,964.64,971.06,963.17,969.85,,,1032.1629000000003,951.3001999999994,949.8761904761892
1762502400,969.85,970.5,963.83,966.67,,,1031.4265500000004,952.1641999999996,950.6304761904751
1762506000,966.67,966.74,953.89,956.65,,,1030.6372500000004,952.3743999999996,951.2104761904749
1762509600,956.65,959.63,947.89,950.11,,,1029.8911500000004,952.7631999999996,951.9038095238083
1762513200,950.11,950.15,937.46,942.39,,,1029.1887000000004,953.1405999999995,952.4485714285703
1762516800,942.42,944.14,929.23,932.75,,,1028.4063000000003,953.6069999999995,953.0680952380941
1762520400,932.75,938.71,931.29,935.72,,,1027.6632000000004,953.9603999999995,953.242857142856
1762524000,935.72,944.73,925.5,943.22,,,1026.9142500000003,954.0157999999996,953.5052380952369
1762527600,943.22,949.33,938.13,944.6,,,1026.2247000000002,954.1599999999995,953.462857142856
1762531200,944.62,954.85,939.84,951.34,,,1025.4712500000003,954.0893999999996,953.6338095238084
1762534800,951.33,969.79,948.1,968.34,,,1024.6813500000003,953.9953999999997,953.5738095238084
1762538400,968.34,981.21,967.27,980.37,,,1023.8407000000002,953.8023999999998,953.2676190476179
1762542000,980.38,985.09,977.2,981.48,,,1022.9584500000002,953.6071999999997,953.4223809523799
1762545600,981.48,988.12,974.18,987.59,,,1022.1131500000001,953.3173999999998,954.3871428571417
1762549200,987.59,994.3,987.34,994.27,,,1021.2274500000001,953.2113999999998,955.6799999999989
1762552800,994.27,995.25,987.64,990.42,,,1020.37455,953.2697999999998,957.0709523809512
1762556400,990.42,992.27,985.83,990.9,,,1019.5055,953.5359999999997,958.8471428571416
1762560000,990.89,995.34,980.07,980.08,,,1018.6951000000001,953.9173999999999,960.8123809523798
1762563600,980.08,992.84,979.8,990.28,,,1017.9873999999999,954.3615999999997,962.6152380952369
1762567200,990.25,1004.48,989.83,996.94,,,1017.2818,955.0577999999998,964.1695238095226
1762570800,996.93,1006.67,995.17,996.3,,,1016.62965,955.7219999999999,964.8023809523796
1762574400,996.28,1001.41,993.5,993.63,,,1016.0731,956.4529999999999,966.1938095238083
1762578000,993.63,997.16,987.95,988.72,,,1015.6417999999999,956.8806,967.5519047619035
1762581600,988.72,994.98,984.7,993.95,,,1015.1480999999999,957.4971999999999,969.060476190475
1762585200,993.95,996.12,988.14,994.87,,,1014.7165,958.335,970.192857142856
1762588800,994.87,1002.02,994.58,999.27,,,1014.2072999999998,959.2343999999998,971.242857142856
1762592400,999.27,1000.92,994.03,994.52,,,1013.8032999999999,959.9777999999999,973.0190476190467
1762596000,994.52,996.3,991.65,995.46,,,1013.4567499999998,960.4917999999999,975.1504761904752
1762599600,995.46,998.35,986.92,989.12,,,1013.1278499999999,961.1635999999999,977.8590476190466
1762603200,989.12,993.72,987.9,993.72,,,1012.7701,962.0712,980.8004761904753
1762606800,993.71,994.29,987.64,987.75,,,1012.3595999999999,963.0562,983.645238095237
1762610400,987.74,994.62,982.9,993.36,,,1011.9800499999999,963.9133999999999,985.8309523809514
1762614000,993.36,997.56,987.9,990.23,,,1011.5587999999999,964.771,988.1699999999989
1762617600,990.23,993.31,985.37,987.58,,,1011.1464,965.5045999999999,989.9038095238085
1762621200,987.58,994.93,984.61,994.88,,,1010.6916500000001,966.2732,991.095238095237
1762624800,994.87,1004.16,991.62,1003.58,,,1010.27755,966.9235999999999,991.5647619047611
1762628400,1003.57,1005.29,991.67,995.81,,,1009.7924500000001,967.9179999999999,991.8552380952372
1762632000,995.82,999.09,994.72,996.71,,,1009.26555,968.7937999999999,992.2023809523799
1762635600,996.7,998.44,994.03,997.37,,,1008.7242499999999,969.8077999999998,992.6457142857133
1762639200,997.37,997.9,994.2,995.53,,,1008.2114,971.0325999999998,992.90238095238
1762642800,995.53,995.53,989.46,990.47,,,1007.6677999999999,972.4615999999999,993.1790476190466
1762646400,990.43,990.77,985.06,989.56,,,1007.0838,973.4881999999998,994.00238095238
1762650000,989.56,994.04,988.53,993.74,,,1006.6047500000001,974.4018,994.25238095238
1762653600,993.74,993.83,982.06,982.96,,,1006.1921000000002,975.3874,993.9442857142849
1762657200,982.9,985.2,975.98,980.71,,,1005.7303000000002,976.3363999999998,993.6233333333324
1762660800,980.72,988.4,980.66,986.7,,,1005.3199500000001,977.0813999999998,993.6285714285706
1762664400,986.7,990.38,985.33,988.95,,,1004.8925000000002,977.8271999999998,993.3542857142847
1762668000,988.94,993.12,986.8,987.73,,,1004.4324500000001,978.6962,992.7238095238087
1762671600,987.73,989.74,986.51,989.42,,,1003.9623500000001,979.2954,992.3347619047612
1762675200,989.42,989.81,985.52,988.1,,,1003.5397500000003,979.8584,991.8433333333326
1762678800,988.1,995.42,987,987.02,,,1003.1153000000002,980.4272,991.5199999999994
1762682400,987.02,987.38,982.2,987.34,,,1002.62165,980.8703999999999,991.2323809523803
1762686000,987.31,992,987.14,990.18,,,1002.0751000000001,981.4037999999999,991.1838095238088
1762689600,990.17,994.24,987.57,988.1,,,1001.5797500000001,981.8237999999999,990.8647619047614
1762693200,988.1,988.18,977.48,986.2,,,1001.0876499999999,982.2933999999998,990.8452380952376
1762696800,986.21,998.46,983.37,987.24,,,1000.5830500000001,982.6367999999999,990.693809523809
1762700400,987.22,997.9,987.13,994.35,,,1000.0858000000001,983.0501999999999,990.5923809523804
1762704000,994.35,1002.49,991.1,1002.15,,,999.5625499999999,983.7207999999998,990.5266666666661
1762707600,1002.15,1003.13,992.75,993.21,,,999.0695499999998,984.4806,990.1628571428565
1762711200,993.21,999.93,992.04,999.55,,,998.5786999999999,985.3567999999999,989.7233333333328
1762714800,999.55,1004.87,997,1004.74,,,998.0811499999999,986.4465999999999,990.0252380952376
1762718400,1004.74,1006.86,998.15,998.75,,,997.5725,987.6192,989.8585714285708
1762722000,998.74,1000.09,996.01,997.25,,,997.0728,988.7977999999999,989.9623809523804
1762725600,997.25,998.14,990.51,996.83,,,996.5799,989.77,990.4009523809519
1762729200,996.82,1003.56,993.42,996.46,,,996.1201,990.7342,990.7952380952377
1762732800,996.46,1018.35,991.78,1012.97,,,995.6899999999998,991.4622,991.161428571428
1762736400,1012.97,1015.13,1008.08,1011.09,,,995.21745,991.8298000000001,991.3085714285711
1762740000,1011.08,1015.26,1008.63,1015.24,,,994.7771999999999,992.1452000000002,991.9514285714282
1762743600,1015.24,1017.56,1011.7,1013.06,,,994.3563999999999,992.3300000000002,993.4876190476186
1762747200,1013.06,1014.55,1008.97,1011.22,,,993.9032,992.3738000000001,994.6490476190471
1762750800,1011.22,1011.59,1004.01,1006.6,,,993.4648,992.8248000000001,995.9009523809519
1762754400,1006.58,1008.83,1004.03,1008.12,,,993.0243499999998,993.2286000000001,997.1071428571425
1762758000,1008.12,1011.4,1005,1005.77,,,992.54485,993.9318000000001,998.1452380952377
1762761600,1005.81,1005.98,996.07,998.18,,,992.1432,994.3874000000001,999.0261904761901
1762765200,998.18,1006.29,996.8,1004.64,,,991.7359499999999,994.673,1000.0309523809519
1762768800,1004.64,1005.11,998.08,998.81,,,991.3425499999997,994.8790000000001,1000.908571428571
1762772400,998.81,1001.98,998.67,999.36,,,990.9365499999999,995.1688000000001,1001.2895238095234
1762776000,999.36,999.89,994.37,996.58,,,990.5147999999998,995.5098000000002,1002.0771428571425
1762779600,996.58,1003.85,996.13,1002.95,,,990.0948999999997,995.5944000000002,1002.6776190476185
1762783200,1002.95,1002.95,981.54,984.2,,,989.6647999999998,995.7898000000001,1003.2547619047615
1762786800,984.2,988.65,976.67,979.73,,,989.2217499999997,995.7806000000002,1003.360952380952
1762790400,979.73,982.57,976.16,980.31,,,988.7533999999998,995.8774000000001,1003.3990476190471
1762794000,980.27,988.07,979.33,987.16,,,988.3187999999998,995.8998000000001,1002.9699999999995
1762797600,987.16,987.72,982.47,982.47,,,987.8613999999997,996.1764000000002,1002.0261904761899
1762801200,982.47,989.24,982.03,987.67,,,987.4118499999998,995.9860000000002,1000.8628571428566
1762804800,987.68,992.35,987.63,989.26,,,986.9236999999998,995.8256000000001,1000.310952380952
1762808400,989.26,989.33,983.48,986.62,,,986.4832999999999,995.5646000000002,999.6071428571423
1762812000,986.61,995.68,985.02,994.88,,,985.9471999999998,995.5032000000002,999.1709523809519
1762815600,994.86,996.08,990.99,991.8,,,985.3783999999998,995.4010000000002,998.8280952380946
1762819200,991.79,993.69,986.79,993.69,,,984.8221999999997,995.2568000000002,997.5733333333328
1762822800,993.68,1008.19,992.51,997.49,,,984.3209999999998,994.9704000000003,996.801428571428
1762826400,997.49,1008.17,992.4,1003.77,,,983.8138999999996,994.7866000000004,995.6852380952375
1762830000,1003.77,1005.54,1000.21,1000.81,,,983.3139999999996,994.7500000000001,994.7628571428564
1762833600,1000.81,1003.45,986.55,988.64,,,982.8338499999996,994.6386000000001,994.1090476190469
1762837200,988.64,988.83,981.4,982.9,,,982.3531999999994,994.6018000000003,993.9742857142852
1762840800,982.91,985.24,979.69,983.94,,,981.9175999999995,994.7422000000001,993.6261904761899
1762844400,983.92,985.26,972.17,974.4,,,981.4728999999995,995.0264000000003,992.8104761904755
1762848000,974.39,978.58,973.26,977.4,,,981.0447999999996,995.1678000000003,992.0828571428565
1762851600,977.4,980.36,974.96,975.4,,,980.6400999999995,995.2814000000003,991.0971428571422
1762855200,975.4,979.24,974.42,978.28,,,980.2667499999994,995.3252000000002,989.9347619047611
1762858800,978.26,982.96,978.26,980.49,,,979.8788999999994,995.2700000000001,988.8890476190469
1762862400,980.49,984.39,977.54,979.85,,,979.4204999999995,994.9790000000003,987.8804761904754
1762866000,979.84,983.18,977.15,977.36,,,978.9317499999994,994.7724000000002,986.7057142857136
1762869600,977.37,984.18,975.06,983.57,,,978.4567499999993,994.4920000000003,986.5290476190468
1762873200,983.56,983.57,972.24,975.63,,,977.9139499999993,994.2956000000003,986.5347619047612
1762876800,975.63,977.58,972.44,974.9,,,977.4120499999993,994.1650000000002,986.3942857142849
1762880400,974.9,977.55,963.11,967.2,,,976.9276499999993,994.0152000000002,986.2233333333328
1762884000,967.19,969.53,964.77,967.85,,,976.5161499999991,993.7588000000002,985.8976190476185
1762887600,967.85,967.85,960.73,961.19,,,976.2002499999992,993.6682000000002,985.2895238095232
1762891200,961.19,963.66,957.46,960.03,,,975.8808999999991,993.4568000000003,984.2390476190469
1762894800,960.02,962.67,957.23,958.79,,,975.578549999999,993.2100000000003,983.3452380952376
1762898400,958.79,965.48,956.07,964.52,,,975.3395499999991,992.6670000000003,981.740952380952
1762902000,964.51,964.86,956.85,957.9,,,975.0723499999991,991.9810000000003,980.228095238095
1762905600,957.9,962.16,955.29,956.35,,,974.822149999999,991.3406000000002,978.5661904761901
1762909200,956.35,965.42,955.16,963.36,,,974.568549999999,990.5502000000004,976.99619047619
1762912800,963.38,964.53,958.15,960.86,,,974.3523499999991,989.6312000000003,974.8119047619044
1762916400,960.86,962.55,960.31,961.03,,,974.078049999999,988.9466000000003,972.6947619047618
1762920000,961.02,962.29,957.59,959.52,,,973.7940999999992,988.1596000000004,971.4909523809521
1762923600,959.53,962.5,957.5,957.95,,,973.4989499999991,987.3500000000003,970.4414285714284
1762927200,957.95,961.58,957.58,957.85,,,973.2173999999992,986.6880000000002,969.350476190476
1762930800,957.85,959.1,951.63,952.97,,,973.1037499999991,985.6458000000003,968.6419047619047
1762934400,952.97,964.41,952.96,963.61,,,972.901249999999,984.6446000000002,967.7157142857143
1762938000,963.61,968.94,963.53,966.59,,,972.6744499999991,983.5302000000001,966.88
1762941600,966.59,972.9,966.41,972.27,,,972.488649999999,982.4280000000003,965.6747619047618
1762945200,972.27,975.18,968.62,971.18,,,972.3120999999991,981.3606000000003,964.8709523809524
1762948800,971.18,974.82,969.98,973.11,,,972.1785499999991,980.2880000000001,964.2395238095238
1762952400,973.11,977.98,970.06,976.59,,,971.9918499999991,979.3978000000003,963.9971428571428
1762956000,976.59,976.62,959.88,965.99,,,971.8384999999992,978.6142000000003,963.4071428571428
1762959600,965.99,969.15,946.46,949.1,,,971.6355499999991,978.0960000000003,963.2871428571428
1762963200,949.1,950.89,937.95,942.38,,,971.4898999999991,977.4268000000004,963.367619047619
1762966800,942.38,951.82,941.26,950.06,,,971.3273499999991,976.9128000000003,963.3100000000001
1762970400,950.06,954.7,949.24,950.95,,,971.2232499999991,976.4574000000003,962.4171428571428
1762974000,950.95,951.31,943.03,948.54,,,971.083199999999,975.8456000000002,961.5214285714286
1762977600,948.55,955.35,946.69,953.12,,,971.0053499999991,974.7686000000001,961.0466666666666
1762981200,953.12,957.26,953.11,955.55,,,971.1480999999991,973.9322000000002,960.6733333333333
1762984800,955.55,956.97,952.16,956.93,,,971.210149999999,973.3388000000002,959.912380952381
1762988400,956.93,956.95,951.23,952.68,,,971.2324999999992,972.7516000000002,959.6847619047619
1762992000,952.68,956.84,952,953.18,,,971.1979999999992,971.9792000000001,959.6466666666665
1762995600,953.18,959.91,952.86,955.83,,,971.1884499999992,971.3922000000001,959.3404761904761
1762999200,955.83,956.94,953.41,955.68,,,971.1777999999991,970.7498000000003,958.9509523809522
1763002800,955.68,963.79,946.77,959.75,,,971.1293499999991,970.1032000000002,958.5771428571427
1763006400,959.77,962.84,957.37,962.14,,,971.147999999999,969.4244000000002,958.4014285714284
1763010000,962.14,971.05,959.35,968.84,,,971.1869999999991,968.5904000000003,958.2933333333332
1763013600,968.85,971.04,966.99,967.91,,,971.1608999999991,967.8710000000002,958.3838095238094
1763017200,967.91,969.79,963.51,964.87,,,971.1752499999991,967.1108000000002,958.820476190476
1763020800,964.87,968,964.13,966.06,,,971.290199999999,966.3560000000002,959.0695238095237
1763024400,966.06,966.66,959.84,960.62,,,971.4341999999991,965.5234000000003,959.1323809523809
1763028000,960.62,966.11,960.61,963.99,,,971.547049999999,964.8840000000002,958.7799999999999
1763031600,963.99,967.83,963.44,967.09,,,971.7481999999991,964.4694000000003,958.5361904761904
1763035200,967.1,968.06,964.93,965.78,,,971.954449999999,964.1088000000003,957.9414285714284
1763038800,965.78,966.49,957.19,959.8,,,972.207249999999,963.7512000000004,957.3414285714283
1763042400,959.8,967.39,952.84,964.43,,,972.3625999999989,963.4756000000004,957.3938095238094
1763046000,964.44,966.09,954.08,957.37,,,972.5045999999988,963.2074000000003,958.1880952380951
1763049600,957.37,959.37,945.24,946.16,,,972.687149999999,963.0412000000003,959.0176190476188
1763053200,946.16,946.64,930.5,931,,,972.872299999999,962.7912000000003,959.7019047619046
1763056800,930.99,932.88,914.19,917,,,972.9394999999989,962.3774000000005,960.0076190476188
1763060400,917,924.17,911.29,913.8,,,973.030049999999,962.0690000000004,959.8942857142855
1763064000,913.8,918.67,906.21,914.41,,,973.1301999999991,961.6692000000004,958.8409523809522
1763067600,914.38,919.45,909.94,914.98,,,973.1965499999991,960.9210000000005,957.0052380952379
1763071200,914.98,924.99,912.39,923.17,,,973.273699999999,960.0284000000006,954.9514285714283
1763074800,923.17,932.62,920.49,927.15,,,973.291149999999,958.8704000000005,953.1290476190476
1763078400,927.14,928.95,919.46,921.15,,,973.3074499999991,957.8024000000005,951.31
1763082000,921.15,925.91,919.11,920.98,,,973.232849999999,956.7336000000005,949.7547619047618
1763085600,920.98,933.05,920.86,929.87,,,973.130599999999,955.8094000000004,948.3961904761904
1763089200,929.87,930.73,920.19,923.63,,,972.9727499999991,955.0722000000004,946.5580952380953
1763092800,923.63,923.92,899.9,913.68,,,972.7798999999991,954.4394000000004,944.5980952380951
1763096400,913.68,919.7,911.73,918.86,,,972.5593499999991,953.5720000000005,942.7423809523809
1763100000,918.86,923.29,906.91,922.77,,,972.3919999999989,952.8336000000004,940.6338095238095
1763103600,922.77,926.34,918.52,922.73,,,972.200649999999,952.3040000000005,938.1961904761906
1763107200,922.74,922.74,915.11,919.1,,,971.971099999999,951.5094000000006,935.9485714285715
1763110800,919.1,921.68,909.18,910.37,,,971.763949999999,950.5658000000006,934.1461904761907
1763114400,910.37,917.42,910.04,912.73,,,971.586399999999,949.7224000000007,932.1814285714288
1763118000,912.73,914.79,904.41,908.81,,,971.4072499999988,948.9874000000007,929.8961904761907
1763121600,908.81,908.81,887.91,905.77,,,971.189599999999,948.2830000000006,927.2576190476194
1763125200,905.77,909.13,896.36,905.52,,,971.0121499999991,947.5080000000006,925.0161904761907
1763128800,905.53,927.35,904.63,924.37,,,970.832499999999,946.6560000000005,922.3676190476194
1763132400,924.38,930.54,917.91,925.01,,,970.648899999999,945.6384000000005,919.9104761904765
1763136000,925.01,932.71,921.42,930.82,,,970.4691499999991,944.4828000000005,917.9752380952384
1763139600,930.82,931.67,920.49,922.51,,,970.264349999999,943.1528000000004,917.6595238095241
1763143200,922.56,926.65,918.35,920.56,,,970.0456999999991,941.8396000000005,918.0409523809526
1763146800,920.56,931.92,919.5,931.31,,,969.7746499999989,940.8648000000005,918.8514285714288
1763150400,931.31,932.7,914.01,918.98,,,969.501699999999,939.8332000000005,919.237142857143
1763154000,918.98,927.54,917.18,925.05,,,969.2818499999989,939.1298000000004,919.5028571428574
1763157600,925.05,928.58,919.83,922.35,,,969.153599999999,938.5980000000004,919.8904761904764
1763161200,922.34,922.41,908.01,914.87,,,969.020349999999,938.1616000000005,919.5014285714287
1763164800,914.87,925.66,914.43,921.77,,,968.911549999999,937.7866000000004,919.6871428571428
1763168400,921.77,929.28,918.75,927.87,,,968.7618999999991,937.1472000000003,919.7523809523811
1763172000,927.87,935.44,926.16,935.44,,,968.588249999999,936.6774000000004,919.0380952380954
1763175600,935.44,935.44,928.89,931.27,,,968.468649999999,936.0620000000004,918.949523809524
1763179200,931.27,933.02,926.51,927.37,,,968.345349999999,935.2484000000004,919.6252380952382
1763182800,927.37,931.87,926.49,931.45,,,968.2383999999989,934.5452000000005,920.4147619047619
1763186400,931.45,934.76,930.02,931.89,,,968.1657499999988,934.0490000000004,920.8195238095237
1763190000,931.89,936.15,930.82,935.56,,,968.0718999999989,933.6942000000004,921.0404761904763
1763193600,935.52,938.38,930.04,932.39,,,968.0200999999988,933.2030000000004,921.6285714285715
1763197200,932.39,938.17,930.24,934.13,,,967.9370499999989,932.6368000000003,922.6533333333334
1763200800,934.13,936.46,929.38,935.79,,,967.8590999999989,932.0708000000003,923.7404761904761
1763204400,935.79,936.91,928.39,930.06,,,967.774999999999,931.4658000000003,924.8633333333333
1763208000,930.06,934.32,928.48,934.01,,,967.671449999999,930.8002000000001,926.2138095238095
1763211600,934.01,937.37,932.75,936.1,,,967.562599999999,930.0898000000002,927.655238095238
1763215200,936.1,937.16,933.86,935.81,,,967.460699999999,929.4750000000001,927.9261904761905
1763218800,935.81,937.46,934.35,935.98,,,967.3870499999989,928.8696000000001,928.354761904762
1763222400,935.98,936.57,930.5,936.57,,,967.283999999999,928.2584000000002,928.6061904761905
1763226000,936.57,940.82,935.36,940.3,,,967.1918499999989,927.6588000000002,929.2395238095238
1763229600,940.3,942.35,939.41,940.56,,,967.0794999999989,927.0390000000001,929.9738095238096
1763233200,940.57,944.44,940.47,940.67,,,966.8958499999991,926.4396000000002,930.2242857142857
1763236800,940.67,940.87,930.97,932.14,,,966.7605999999989,925.9632000000003,931.2395238095238
1763240400,932.14,933.51,925.4,926.66,,,966.5989999999989,925.4060000000001,931.9780952380953
1763244000,926.66,931.99,925.88,931.58,,,966.4549499999989,925.0646000000002,932.8504761904762
1763247600,931.58,935.89,930.69,931.59,,,966.2855999999989,924.9526000000001,933.6728571428572
1763251200,931.58,932.88,927.55,929.69,,,966.1350999999989,925.1460000000002,933.9057142857143
1763254800,929.69,929.69,921.18,927.82,,,966.053349999999,925.4488000000002,934.0823809523811
1763258400,927.82,939.54,924.87,939.16,,,966.0055999999989,925.7060000000004,933.8990476190478
1763262000,939.15,941.05,936.11,940.72,,,965.996999999999,926.0494000000003,933.8238095238097
1763265600,940.72,941.05,937.45,940.61,,,965.9939499999991,926.3816000000003,933.8452380952383
1763269200,940.61,944.54,940.49,943.52,,,965.9486499999991,926.5120000000004,934.2123809523813
1763272800,943.52,947.73,942.29,942.79,,,965.8904499999991,926.5254000000003,934.6328571428576
1763276400,942.78,943.22,940.11,943.05,,,965.825399999999,926.8856000000004,934.8733333333336
1763280000,943.05,944.83,941.23,944.08,,,965.7171499999989,927.2804000000003,935.4033333333335
1763283600,944.08,949.25,941.49,948.82,,,965.5145499999988,927.4952000000005,935.8157142857145
1763287200,948.81,949.14,946.5,947.05,,,965.3084999999988,927.8930000000005,936.1614285714287
1763290800,947.05,947.74,930.42,931.32,,,965.1046999999988,928.4752000000004,936.8290476190477
1763294400,931.31,937.33,928.24,932.45,,,964.8697999999989,928.9590000000004,937.5342857142859
1763298000,932.47,933.75,925.78,929.65,,,964.616049999999,929.3852000000005,938.0557142857144
1763301600,929.65,938.54,928.67,935.81,,,964.3778999999989,929.9070000000006,937.841904761905
1763305200,935.81,935.92,922.11,923.1,,,964.1386499999991,930.4660000000005,937.6738095238097
1763308800,923.1,927.36,912.97,913.98,,,963.958649999999,930.8850000000004,937.3442857142859
1763312400,913.96,918.61,908.21,915.4,,,963.7513499999991,931.2794000000004,937.1304761904763
1763316000,915.4,929.72,912.83,915.48,,,963.501899999999,931.6962000000004,936.2990476190478
1763319600,915.48,925.73,915.24,919.39,,,963.1769999999991,932.2970000000004,935.0280952380954
1763323200,919.39,925.45,918.59,919.49,,,962.8710999999992,932.6486000000003,934.2309523809524
1763326800,919.49,919.83,910.83,914.89,,,962.5757499999991,932.4408000000003,933.6985714285715
1763330400,914.88,923.52,910.54,922.11,,,962.2850499999992,932.2486000000001,933.1180952380952
1763334000,922.11,931.15,910.38,926.2,,,961.9261999999991,931.9418000000002,932.5419047619048
1763337600,926.19,937.5,919.22,935.17,,,961.4997499999992,931.8794,931.8371428571428
1763341200,935.17,935.7,928.26,928.28,,,961.1041499999992,931.8580000000001,931.5652380952381
1763344800,928.28,934.47,927.3,929.97,,,960.704249999999,931.5296000000001,930.9480952380952
1763348400,929.97,938.81,929.82,934,,,960.355599999999,931.5922,930.6838095238096
1763352000,934,936.47,931.16,932.39,,,959.9844499999989,931.6152000000001,930.0966666666666
1763355600,932.39,934.77,931.05,933.72,,,959.6201499999988,931.8716000000002,929.4514285714288
1763359200,933.72,934.48,929.67,933.56,,,959.2638999999988,932.1398000000002,929.0328571428572
1763362800,933.56,937.36,932.96,934.79,,,958.9437499999989,932.3038,928.5252380952383
1763366400,934.79,937.71,934.29,935.05,,,958.6816999999987,932.4264000000002,928.0319047619048
1763370000,935.05,937.16,933.09,935.96,,,958.3486999999986,932.3654000000001,927.3052380952382
1763373600,935.96,935.99,931.9,933.59,,,957.9806499999986,932.4144000000001,926.7214285714286
1763377200,933.59,938.01,930.89,932.87,,,957.6715999999988,932.5382000000001,926.8990476190478
1763380800,932.87,933.52,929.1,930.06,,,957.3499999999987,932.605,927.0661904761906
1763384400,930.06,930.97,902.49,906.59,,,957.0317499999987,932.6682000000001,927.2538095238097
1763388000,906.55,932.93,901.63,918.48,,,956.7218999999988,932.6762000000001,927.1138095238097
1763391600,918.48,922.4,908.32,911.3,,,956.4434999999987,932.7002000000002,927.4452380952383
1763395200,911.3,920.68,900.64,920.32,,,956.1709499999987,932.6750000000002,927.0933333333335
1763398800,920.32,921.2,907.79,909.87,,,955.8820499999988,932.5604000000002,927.2400000000002
1763402400,909.87,915.02,904.87,907.82,,,955.6351999999989,932.0910000000002,927.0409523809526
1763406000,907.8,908.97,893.14,896.74,,,955.3959999999989,931.7804000000002,927.0852380952383
1763409600,896.75,904.94,891.44,901.99,,,955.112799999999,931.2844000000003,926.6271428571431
1763413200,902,905.46,897.42,901.98,,,954.700999999999,930.9746000000002,926.2904761904765
1763416800,901.99,910.28,900.27,906.72,,,954.354749999999,930.4524000000002,925.0823809523811
1763420400,906.71,907.85,902.67,906.66,,,953.9641499999989,929.8774000000001,923.929523809524
1763424000,906.66,914.19,898.21,913.65,,,953.6252499999989,929.0062000000001,922.3490476190478
1763427600,913.64,917.79,908.63,911.56,,,953.239499999999,928.2348000000001,921.3223809523812
1763431200,911.55,917.23,900.4,902.35,,,952.841899999999,927.4610000000002,920.2123809523813
1763434800,902.34,903.88,884.53,902.55,,,952.3746999999989,926.9526000000001,919.2433333333337
1763438400,902.55,907.24,892.42,905.73,,,951.9441499999989,926.5526000000001,918.2514285714288
1763442000,905.73,912.55,901.16,910.01,,,951.5230499999989,926.1940000000001,916.7576190476192
1763445600,910.02,910.83,902.22,902.4,,,951.120449999999,925.7934000000001,915.2809523809525
1763449200,902.4,912.05,899.46,909.53,,,950.681999999999,925.2466000000002,913.8971428571431
1763452800,909.54,916.23,909.11,914.54,,,950.239499999999,924.7412000000003,912.7047619047622
1763456400,914.54,923.9,911.26,919.9,,,949.8312499999989,924.0726000000001,911.1066666666669
1763460000,919.9,922.91,916.49,918.85,,,949.3452499999989,923.4584000000001,909.9609523809526
1763463600,918.85,919.31,914.2,914.61,,,948.834299999999,922.6942000000001,909.0880952380953
1763467200,914.61,918.64,912.01,916.45,,,948.369199999999,922.0144000000001,908.6042857142859
1763470800,916.45,916.79,909.82,915.02,,,947.9329999999989,921.4494000000003,909.1880952380952
1763474400,915.02,924.05,913.88,914.44,,,947.4608499999989,920.9864000000002,909.0038095238094
1763478000,914.44,926.53,911.6,925.05,,,947.0261999999989,920.4818000000002,909.2490476190476
1763481600,925.1,938.18,923.62,936.08,,,946.534049999999,919.7976000000003,908.9966666666667
1763485200,936.11,936.53,930.04,933.1,,,946.0780999999989,919.1856000000004,909.2142857142857
1763488800,933.1,937.72,933.09,933.94,,,945.5961499999989,918.8596000000003,910.0347619047619
1763492400,933.94,937.87,932.92,934.92,,,945.1038999999989,918.4994000000005,911.9080952380954
1763496000,934.92,936.31,932.79,933.2,,,944.6300499999988,918.4074000000005,913.389523809524
1763499600,933.2,933.86,928.05,928.05,,,944.172149999999,918.4128000000005,914.9114285714287
1763503200,928.06,934.72,927.78,933.47,,,943.703749999999,918.6128000000006,916.2542857142859
1763506800,933.47,934.09,930.94,931.78,,,943.3001499999988,919.0120000000005,917.5180952380955
1763510400,931.78,932.75,924.61,931.19,,,942.989649999999,919.4024000000006,918.2038095238098
1763514000,931.19,935.53,928.9,934.64,,,942.631949999999,919.7568000000007,919.2471428571431
1763517600,934.64,940.76,933.65,938.48,,,942.307599999999,919.9300000000006,920.6485714285717
1763521200,938.47,938.7,929.84,932.12,,,941.9853999999989,920.2096000000006,922.0123809523812
1763524800,932.12,932.57,924.26,925.54,,,941.6684999999989,920.5474000000005,923.3890476190479
1763528400,925.58,926.17,912.91,918.29,,,941.2939999999991,920.7290000000004,924.7447619047621
1763532000,918.28,926.14,917.15,924.58,,,941.040349999999,920.8978000000004,926.1600000000002
1763535600,924.6,932.38,923.95,930.91,,,940.800599999999,920.9640000000005,926.9223809523811
1763539200,930.91,933.68,924.37,925.61,,,940.5549999999989,921.0408000000004,927.1009523809525
1763542800,925.61,925.63,919.23,923.56,,,940.2923999999989,920.9522000000004,927.3238095238097
1763546400,923.56,925.71,921.7,922.18,,,940.0724499999991,920.6380000000005,927.8980952380953
1763550000,922.18,924.97,920.28,921.39,,,939.794699999999,920.4818000000005,928.421904761905
1763553600,921.39,924.99,920.14,924.24,,,939.476099999999,920.4256000000006,928.7604761904762
1763557200,924.24,924.4,916.06,916.98,,,939.1344499999989,920.2666000000006,929.1014285714286
1763560800,916.98,919.71,910.67,916.58,,,938.782949999999,920.0420000000007,929.4323809523812
1763564400,916.58,923.29,892.96,894.34,,,938.478499999999,919.7846000000006,929.3938095238098
1763568000,894.34,899.03,884.41,887.55,,,938.138099999999,919.4932000000007,928.4842857142858
1763571600,887.54,890.24,877.14,884.27,,,937.768449999999,919.3062000000007,927.6976190476191
1763575200,884.28,884.5,872.24,876.53,,,937.360499999999,918.9884000000005,925.8119047619049
1763578800,876.53,879.97,874.17,878.52,,,936.963399999999,918.7188000000007,923.5561904761906
1763582400,878.51,888.29,876.3,886.91,,,936.641399999999,918.4738000000007,921.2261904761906
1763586000,886.9,898.96,885.27,897.02,,,936.3117999999989,917.8552000000008,918.7728571428573
1763589600,897.03,897.13,889.77,892.87,,,935.974999999999,917.3146000000008,916.1561904761905
1763593200,892.87,900.85,891.66,897.57,,,935.574699999999,916.4388000000008,914.0195238095238
1763596800,897.56,905.76,893.21,900.09,,,935.1254499999991,915.8118000000009,912.3923809523809
1763600400,900.08,908.73,899.27,907.7,,,934.6697999999991,915.3936000000008,910.4033333333334
1763604000,907.7,914.76,907.15,910.88,,,934.1610499999991,915.3992000000007,908.4552380952382
1763607600,910.87,913.33,908.23,909.41,,,933.6511999999991,915.2168000000008,906.93
1763611200,909.41,911.48,904.65,911.48,,,933.1864999999991,915.1286000000007,906.0804761904762
1763614800,911.48,913.8,907.28,907.47,,,932.7847999999992,914.9960000000008,905.727619047619
1763618400,907.48,909.1,899.05,902.83,,,932.3312999999991,915.0168000000008,905.0052380952382
1763622000,902.83,908.11,902.02,907.17,,,931.9409999999992,914.9614000000007,904.08
1763625600,907.17,908.15,903.95,905.73,,,931.5669499999992,914.9184000000008,903.2161904761905
1763629200,905.73,905.94,897.87,900.43,,,931.2694499999991,915.1010000000008,902.2290476190477
1763632800,900.43,901.2,896.54,900.25,,,930.9845999999991,915.1994000000008,901.5142857142857
1763636400,900.25,902.79,899.02,901.72,,,930.725699999999,915.1414000000008,900.7685714285714
1763640000,901.71,903.9,898.56,902.76,,,930.4829499999992,915.0846000000006,899.6347619047618
1763643600,902.76,907.04,896.73,898.66,,,930.2263499999991,915.1512000000008,898.838095238095
1763647200,898.66,902.41,890.47,897.69,,,929.9178999999992,914.9692000000007,898.1304761904761
1763650800,897.69,897.93,888.56,889.29,,,929.6642499999994,914.6834000000007,898.5314285714284
1763654400,889.29,889.81,876.45,879.33,,,929.4111499999993,914.3198000000007,899.060476190476
1763658000,879.33,881.51,869.25,878.28,,,929.0964999999992,913.9980000000007,899.6995238095236
1763661600,878.31,882.06,872.27,872.84,,,928.7934499999994,913.6790000000008,900.3071428571427
1763665200,872.85,881,867.84,879.81,,,928.4968999999994,913.3038000000008,900.345714285714
1763668800,879.81,881.71,873.74,873.98,,,928.2130999999994,912.7892000000007,899.9347619047616
1763672400,874.01,881.55,873.85,876.93,,,927.9166499999993,912.0870000000007,898.7833333333332
1763676000,876.9,882.98,875.23,880.16,,,927.6158499999993,911.1516000000006,898.1614285714286
1763679600,880.18,880.21,865.1,865.94,,,927.2974499999992,909.8868000000007,897.0380952380953
1763683200,865.94,871.95,863.9,867.97,,,926.8760499999993,908.8210000000006,895.9352380952381
1763686800,867.97,876.16,866.4,871.01,,,926.4344999999993,907.6218000000007,894.6238095238094
1763690400,871.02,871.11,855.67,857.6,,,925.9373499999992,906.4620000000006,892.4838095238096
1763694000,857.65,866.57,856.48,862.63,,,925.4804999999994,905.4012000000006,890.5104761904762
1763697600,862.64,865.49,855.59,863.68,,,924.9848499999994,904.1590000000006,888.5833333333335
1763701200,863.68,866.01,859.68,861.2,,,924.4865499999994,902.8490000000006,886.2085714285715
1763704800,861.2,862.05,850.73,851.7,,,924.0573999999993,901.6336000000006,884.2942857142859
1763708400,851.7,853.38,810.7,831.19,,,923.6415999999995,900.1618000000007,882.2233333333335
1763712000,831.16,839.06,827.72,829.2,,,923.2695499999994,898.7216000000006,880.1028571428573
1763715600,829.2,834.61,812.06,812.06,,,922.8742999999995,897.2256000000006,877.7823809523811
1763719200,812.06,817.66,804.94,811.66,,,922.4075499999994,895.8072000000008,874.4938095238097
1763722800,811.66,821.18,807.4,808.3,,,921.9779999999995,894.3304000000006,871.0404761904763
1763726400,808.3,821.79,790.8,817.65,,,921.5307999999993,892.5884000000005,866.7214285714286
1763730000,817.64,827.45,815.08,822.1,,,921.0590499999993,890.6808000000005,862.5785714285716
1763733600,822.09,830.55,816.47,827.8,,,920.5328999999992,888.3038000000005,858.321904761905
1763737200,827.84,829.24,810.54,812.73,,,919.9254499999993,886.0248000000006,854.9104761904763
1763740800,812.72,828.05,807.5,827.61,,,919.3055499999994,883.7196000000005,852.1852380952382
1763744400,827.61,835.43,826.14,830.89,,,918.5866999999993,881.6290000000004,849.7814285714287
1763748000,830.89,831.58,814.26,827.22,,,917.8665999999992,879.6432000000003,846.9190476190478
1763751600,827.22,829.14,822.9,824.74,,,917.1093499999993,877.7144000000004,844.4333333333334
1763755200,824.76,825.73,815.84,822.65,,,916.3868999999992,875.6294000000005,842.3814285714286
1763758800,822.65,835.23,819.83,833.09,,,915.6531999999992,873.8500000000005,840.0142857142858
1763762400,833.1,835.44,816.42,816.44,,,914.9526499999992,872.5810000000005,837.3752380952383
1763766000,816.44,832.73,813.28,829.67,,,914.1919499999992,871.3744000000005,835.3138095238098
1763769600,829.64,839.11,829.64,835.09,,,913.4996999999992,870.1838000000005,833.6528571428574
1763773200,835.09,841.54,833.85,841.07,,,912.8510499999991,869.1062000000005,831.0542857142858
1763776800,841.07,842.33,831.56,835.93,,,912.1671999999992,868.1976000000005,829.724285714286
1763780400,835.93,837.97,833.31,836.01,,,911.4554499999991,866.7882000000005,828.4128571428574
1763784000,836.01,836.94,825.07,829.37,,,910.7397999999993,865.4412000000005,827.3361904761907
1763787600,829.37,830.18,819.37,823.92,,,910.1062499999991,864.2856000000004,826.1328571428573
1763791200,823.92,832.87,820.69,831.15,,,909.3662999999992,863.1556000000004,825.3857142857144
1763794800,831.15,834.07,829.54,831.48,,,908.7277999999991,861.8724000000003,825.2990476190479
1763798400,831.49,831.49,813.9,815.27,,,908.1724499999991,860.4386000000003,825.0476190476193
1763802000,815.28,822.3,813.69,816.31,,,907.7227999999991,858.8084000000002,825.9566666666668
1763805600,816.31,820.83,814.41,819.93,,,907.3174499999992,857.0986000000003,826.9004761904765
1763809200,819.94,831.97,818.8,825.26,,,906.9284999999993,855.4920000000003,827.2323809523812
1763812800,825.27,825.38,818.67,820.17,,,906.5032999999993,853.9722000000002,827.1685714285717
1763816400,820.19,822.92,814.98,817.99,,,906.0479999999993,852.2210000000002,827.0652380952384
1763820000,817.99,828.15,817.94,823.99,,,905.5878999999993,850.4038000000002,826.9442857142861
1763823600,823.99,825.99,818.68,822.91,,,905.1095499999993,848.6878000000003,827.2985714285718
1763827200,822.9,830.38,822.63,829.31,,,904.5801499999993,847.1844000000002,826.8404761904766
1763830800,829.31,829.5,826.37,828.38,,,904.0567999999994,845.5828000000001,826.5119047619052
1763834400,828.38,833.56,826.91,832.32,,,903.5070999999992,843.9082000000002,826.306666666667
1763838000,832.32,833.81,830.84,832.57,,,903.0152499999992,842.3328000000002,826.524285714286
1763841600,832.57,833.9,825.63,827.38,,,902.5476999999992,840.8178000000001,826.7971428571431
1763845200,827.38,829.68,826.72,829.5,,,902.043349999999,839.4502000000002,826.7604761904765
1763848800,829.5,841.18,827.42,837.46,,,901.5494499999992,838.2320000000003,827.5285714285717
1763852400,837.47,838.92,832.68,833.41,,,901.0503499999992,837.2918000000001,827.4195238095241
1763856000,833.41,839.36,833.02,835.43,,,900.6013999999991,836.3776000000001,827.1533333333335
1763859600,835.41,843.25,834.7,841.12,,,900.1914499999991,835.4684000000001,826.9814285714288
1763863200,841.12,849.67,840.84,845.93,,,899.7893999999992,834.4622000000002,826.8614285714287
1763866800,845.92,846.49,841.61,846.43,,,899.408199999999,833.7318000000002,826.8338095238098
1763870400,846.41,854.15,845.58,848.65,,,899.0162499999991,832.8614000000001,827.3933333333334
1763874000,848.65,848.68,844.84,846.45,,,898.636149999999,831.9668000000003,828.4414285714288
1763877600,846.41,848.27,842.22,843.21,,,898.2015999999992,831.4704000000003,829.1690476190478
1763881200,843.21,843.55,836.53,840.87,,,897.7435999999991,831.0296000000002,829.9866666666669
1763884800,840.87,843.74,840.42,843.23,,,897.2666499999991,830.5380000000004,831.4714285714288
1763888400,843.23,846.46,842.05,843.74,,,896.859699999999,830.3590000000004,832.7523809523813
1763892000,843.74,843.74,839.8,841.7,,,896.4865499999989,830.0354000000003,833.749523809524
1763895600,841.7,843.03,838.61,842.23,,,896.0621499999991,829.6260000000003,834.6052380952382
1763899200,842.23,849.11,842.23,847.02,,,895.710499999999,829.2194000000003,835.7276190476193
1763902800,847.02,849.43,844.91,849.01,,,895.317499999999,829.0500000000003,836.8566666666669
1763906400,849.01,851.53,842.97,843.7,,,894.9217999999989,829.3010000000004,837.7252380952384
1763910000,843.7,850.64,843.08,849.66,,,894.5517999999989,829.5510000000002,838.8733333333336
1763913600,849.65,852.69,844.9,844.9,,,894.1590999999991,830.1544000000001,839.8114285714288
1763917200,844.89,846.71,842.94,844.41,,,893.738449999999,830.8616000000003,840.5409523809524
1763920800,844.41,849.37,844.4,847.68,,,893.2697499999989,831.6758000000003,841.3666666666669
1763924400,847.68,851.94,846.95,849.4,,,892.8245499999989,832.1968000000004,841.9538095238097
1763928000,849.4,852.04,848.53,850.87,,,892.4227999999988,832.7480000000003,842.7647619047622
1763931600,850.87,854.95,848.22,854.56,,,892.0105999999988,833.0900000000003,843.6304761904764
1763935200,854.56,854.81,850.47,853.28,,,891.5696499999988,833.7236000000003,844.1990476190479
1763938800,853.28,854.4,842.21,843.32,,,891.1401499999987,834.1250000000005,845.0304761904763
1763942400,843.3,844.32,836.92,836.94,,,890.7026999999987,834.4952000000003,845.9414285714289
1763946000,836.94,842.71,836.08,842.4,,,890.2540999999987,834.9682000000004,846.5204761904765
1763949600,842.4,852.73,841.11,848.05,,,889.8135499999988,835.5646000000004,846.3961904761908
1763953200,848.05,851.42,843.18,849.4,,,889.4102499999989,836.1772000000003,845.944285714286
1763956800,849.4,852.39,839.3,844.7,,,888.9945499999989,836.3818000000003,845.6466666666669
1763960400,844.7,858.18,844.25,853.72,,,888.586849999999,836.7918000000004,845.7228571428574
1763964000,853.72,853.96,847.97,853.35,,,888.174199999999,837.0464000000003,846.0176190476192
1763967600,853.35,857.45,851.57,853.65,,,887.7108999999989,837.3056000000004,846.2000000000002
1763971200,853.65,856.44,852.44,855.5,,,887.2127499999991,837.4722000000005,846.699523809524
1763974800,855.5,855.5,840.75,841.91,,,886.723249999999,837.6476000000004,847.157142857143
1763978400,841.91,845.12,841.76,843.04,,,886.2606999999989,838.0018000000003,847.7261904761905
1763982000,843.04,844.33,840.55,842.47,,,885.804349999999,838.4814000000005,848.3580952380953
1763985600,842.48,842.6,836.55,837.57,,,885.3671499999989,839.0760000000004,848.1147619047618
1763989200,837.57,843.14,837,838.35,,,885.0024499999989,839.5630000000004,847.8304761904761
1763992800,838.35,842.67,830.22,837.58,,,884.6112999999989,839.7716000000005,847.7719047619047
1763996400,837.58,848.01,836.13,844.28,,,884.2215999999991,840.3270000000005,847.1961904761904
1764000000,844.28,852.43,844.13,848.2,,,883.8506499999988,840.8502000000004,846.8842857142859
1764003600,848.2,866.88,847.43,866.59,,,883.421099999999,841.2030000000004,846.5590476190476
1764007200,866.59,867.92,862.93,866.3,,,882.9404999999989,841.4648000000005,846.3971428571431
1764010800,866.3,870.92,866.12,868.4,,,882.449249999999,841.8130000000004,846.3400000000001
1764014400,868.4,876.11,868.4,873.36,,,881.9340499999989,842.3388000000004,847.0885714285716
1764018000,873.34,873.34,865.63,867.37,,,881.4081999999989,842.8230000000004,847.6476190476193
1764021600,867.37,870.73,864.12,865.22,,,880.882149999999,843.6966000000004,848.3676190476191
1764025200,865.23,866.32,863.32,864.94,,,880.3882999999988,844.4364000000004,849.7980952380954
1764028800,864.94,865.87,860.41,864.61,,,879.9088999999989,845.2368000000004,851.2471428571431
1764032400,864.61,866.81,860.68,860.8,,,879.4977499999987,846.0576000000002,852.3338095238096
1764036000,860.8,862.42,856.49,862.11,,,879.0939999999988,846.7536000000003,853.1380952380955
1764039600,862.11,864.31,859.1,860.63,,,878.7793999999989,847.5104000000002,853.8623809523812
1764043200,860.63,864.75,858.31,863.27,,,878.4839499999989,848.2192000000002,854.6290476190477
1764046800,863.27,864.08,859.76,862.78,,,878.1725499999989,848.7622000000003,855.0285714285716
1764050400,862.78,864.45,858.12,860.48,,,877.8195999999989,849.3100000000003,855.3752380952382
1764054000,860.49,862.4,855.48,855.64,,,877.528799999999,849.8436000000005,855.8333333333334
1764057600,855.65,859.41,852.32,852.5,,,877.2819499999989,850.2338000000003,856.18
1764061200,852.5,853.08,846.8,852.62,,,877.0089499999989,850.5806000000002,857.0642857142857
1764064800,852.62,855.71,851.08,853.9,,,876.7420999999989,850.9076000000003,857.6642857142857
1764068400,853.9,854.46,850.03,850.4,,,876.448299999999,851.1442000000004,858.1419047619047
1764072000,850.4,855.01,849.71,853.47,,,876.167199999999,851.3280000000004,858.8585714285714
1764075600,853.47,855.68,846.04,847.59,,,875.9066499999991,851.5138000000005,859.5990476190475
1764079200,847.59,850.03,837.38,841.92,,,875.598499999999,851.7488000000005,860.2095238095237
1764082800,841.93,848.81,837.44,846.05,,,875.245699999999,851.9622000000004,860.6471428571429
1764086400,846.04,855.41,845.37,853.27,,,874.8323499999991,852.0954000000004,860.6180952380952
1764090000,853.27,861.63,852.01,857.7,,,874.4540499999991,852.3308000000004,859.4433333333334
1764093600,857.71,860.78,855.21,855.21,,,874.0736999999991,852.4380000000004,858.4790476190475
1764097200,855.21,856.15,845.53,855.04,,,873.655699999999,852.3360000000004,857.7585714285715
1764100800,855.04,859.44,853.52,858.18,,,873.2610999999991,852.2768000000005,857.0128571428571
1764104400,858.18,858.77,856.19,856.3,,,872.830449999999,852.4682000000005,856.4338095238096
1764108000,856.3,863.13,850.94,862.06,,,872.372249999999,852.6290000000005,855.9490476190476
1764111600,862.06,867.41,860.88,862.44,,,871.9285499999991,852.8352000000007,855.6271428571428
1764115200,862.45,865.96,861.65,863.5,,,871.5196499999989,853.0478000000006,855.2314285714286
1764118800,863.49,868.17,861.29,867.5,,,871.1283499999989,853.2578000000008,855.2914285714285
1764122400,867.5,869.51,865.01,865.01,,,870.736449999999,853.3958000000006,855.3071428571429
1764126000,865.03,866.64,858.87,859.77,,,870.3472999999991,853.6196000000007,855.4438095238095
1764129600,859.78,861.09,857.58,858.54,,,869.9878999999991,853.7772000000008,855.6452380952379
1764133200,858.54,862.4,858.36,860.57,,,869.7364499999992,853.9816000000006,855.7514285714285
1764136800,860.57,862.69,858.74,862.16,,,869.4543499999993,854.4652000000007,855.7176190476189
1764140400,862.16,862.4,858.63,860.21,,,869.2100499999992,855.0266000000006,855.855714285714
1764144000,860.19,860.33,856.33,856.57,,,868.925949999999,855.3740000000005,856.2399999999999
1764147600,856.58,858.02,852.54,852.99,,,868.7140999999991,855.5838000000007,856.6942857142855
1764151200,852.99,858.28,852.99,858.19,,,868.5000499999991,855.8072000000006,856.9947619047617
1764154800,858.19,858.22,856.04,857.35,,,868.315199999999,856.1564000000008,857.2885714285711
1764158400,857.35,858.03,851.72,855.52,,,868.0979499999991,856.2862000000007,857.265714285714
1764162000,855.52,864.06,854.97,863.85,,,867.8908999999991,856.3506000000007,857.7704761904758
1764165600,863.85,864.99,857.67,858.79,,,867.6680999999991,856.3374000000007,858.5052380952378
1764169200,858.8,867.81,858.8,864.66,,,867.435849999999,856.3912000000007,858.95619047619
1764172800,864.66,872.25,864.59,871.66,,,867.1504499999991,856.7000000000006,859.4599999999997
1764176400,871.66,889.94,871.66,887.69,,,866.857599999999,856.9496000000005,859.5119047619042
1764180000,887.67,894.54,887.67,894.33,,,866.6367999999991,857.3772000000006,859.9619047619044
1764183600,894.34,896.8,891.32,896.22,,,866.4107999999992,857.8016000000006,860.753333333333
1764187200,896.22,896.75,890.39,892.06,,,866.159749999999,858.3278000000006,862.158571428571
1764190800,892.06,893.15,889.12,890.64,,,865.9289499999992,859.0094000000006,863.9695238095235
1764194400,890.64,893.66,890.64,892.68,,,865.7108999999991,859.8776000000005,865.5961904761904
1764198000,892.68,895.51,889.71,891.48,,,865.4865499999992,860.8002000000005,867.0066666666663
1764201600,891.48,895.32,889.6,893.45,,,865.2721499999992,861.3928000000004,868.2990476190474
1764205200,893.45,898.27,892.63,897.97,,,865.1110999999993,861.9080000000004,869.4980952380948
1764208800,897.97,904.18,896.31,897.53,,,864.9884999999994,862.3528000000005,870.7585714285711
1764212400,897.57,899.06,894.23,895.63,,,864.8965499999993,862.7392000000003,872.3623809523805
1764216000,895.62,899.2,895.49,896,,,864.7745999999993,863.2214000000002,874.2399999999997
1764219600,896,896.75,890.88,891.98,,,864.6526999999994,863.7860000000004,875.9999999999997
1764223200,891.98,895.26,891.93,894.39,,,864.5438999999994,864.4466000000002,877.5938095238092
1764226800,894.39,894.73,891.84,893.79,,,864.3760499999994,865.1050000000002,879.298095238095
1764230400,893.79,893.93,889.79,892.75,,,864.1628999999994,865.8016000000002,880.9842857142854
1764234000,892.75,894.86,891.87,893.17,,,863.9872499999993,866.4794000000003,882.955714285714
1764237600,893.17,895.93,891.28,894.42,,,863.8051999999993,867.1064000000002,884.6509523809519
1764241200,894.42,894.47,890.9,892.49,,,863.6087499999994,867.7288000000003,886.3366666666664
1764244800,892.49,894.01,885.4,885.4,,,863.4227499999995,868.3490000000004,888.1295238095233
1764248400,885.41,889.09,883.89,887.64,,,863.2423999999993,868.9944000000003,889.5852380952376
1764252000,887.64,890.75,886.56,889.54,,,863.0469999999993,869.7450000000005,891.1899999999996
1764255600,889.54,894.13,888.26,893.19,,,862.8570499999994,870.5834000000004,892.1776190476187
1764259200,893.19,894.72,890.32,894.47,,,862.6648499999994,871.3808000000004,892.9385714285711
1764262800,894.47,894.53,891.99,893.18,,,862.4574999999994,872.0108000000004,893.0266666666662
1764266400,893.18,898.44,892.43,898.03,,,862.2371999999995,872.7556000000004,892.9723809523805
1764270000,898.03,898.03,894.58,896.45,,,862.0390499999995,873.4770000000004,892.8890476190472
1764273600,896.45,898.32,895.97,897.81,,,861.8383499999995,874.3890000000004,892.9423809523806
1764277200,897.81,898.74,895.48,896.51,,,861.6850999999995,875.4400000000004,893.2942857142854
1764280800,896.51,898,891.55,893.4,,,861.5098999999994,876.3826000000004,893.4738095238092
1764284400,893.4,896.58,892.89,895.85,,,861.3212999999995,877.2778000000003,893.7752380952377
1764288000,895.85,899.33,894.02,899.08,,,861.1655999999996,878.0528000000003,893.920952380952
1764291600,899.07,899.69,890.02,891.61,,,861.0136999999996,878.9048000000003,893.703333333333
1764295200,891.61,896.76,889.22,895.67,,,860.8929499999997,879.7342000000001,893.6233333333332
1764298800,895.67,896.13,891.14,892.52,,,860.7682499999996,880.4386000000002,893.7876190476189
1764302400,892.52,896.26,892.13,895.02,,,860.6360999999997,881.2296000000002,893.5785714285713
1764306000,895.02,898.06,894.05,895.38,,,860.5337499999997,881.9700000000003,893.7542857142857
1764309600,895.38,895.64,888.35,888.99,,,860.4178499999997,882.5534000000002,893.6652380952381
1764313200,888.99,890.05,881.99,882.45,,,860.4253999999997,883.1968000000004,893.7238095238096
1764316800,882.46,895.9,882.45,892.26,,,860.4830499999996,883.6972000000003,893.8490476190477
1764320400,892.26,895.51,890.99,894.94,,,860.5197499999998,884.2974000000002,893.6500000000001
1764324000,894.94,898.29,893.04,897.87,,,860.6154499999997,885.0096000000002,893.0800000000002
1764327600,897.87,897.91,888.38,891.94,,,860.6854499999998,885.6186000000002,893.0690476190476
1764331200,891.94,893.07,889.48,889.61,,,860.7259999999999,886.0562000000002,893.5233333333334
1764334800,889.61,899.2,887.29,898.78,,,860.7177999999999,886.6582000000002,894.0104761904762
1764338400,898.78,903.41,893.87,898.6,,,860.6983999999998,887.3528000000001,894.1247619047618
1764342000,898.59,906.37,896.27,901.9,,,860.6227999999999,888.1788000000001,893.9542857142858
1764345600,901.9,902.04,884.37,884.49,,,860.5836499999999,888.9578000000001,894.1595238095239
1764349200,884.49,885.5,876.29,880.46,,,860.51985,889.5862000000002,894.417619047619
1764352800,880.5,883.88,877.04,882.31,,,860.4548,890.4148000000002,894.601904761905
1764356400,882.31,887.21,882.21,886.31,,,860.36745,891.2764000000002,894.0323809523811
1764360000,886.31,890.29,883.12,889.92,,,860.2580999999998,892.0374000000004,893.2061904761907
1764363600,889.92,890.4,885.71,885.9,,,860.2146499999998,892.5514000000003,892.5300000000002
1764367200,885.9,888.94,884.1,888.25,,,860.1934999999997,892.8674000000003,892.1923809523812
1764370800,888.25,889.28,887.15,887.2,,,860.1671499999997,893.0804000000004,891.9100000000002
1764374400,887.2,887.85,884.57,886.12,,,860.0609499999997,893.0528000000003,891.2823809523811
1764378000,886.12,889.22,885.68,886.27,,,859.9610999999998,892.9646000000002,891.1223809523811
1764381600,886.27,887.52,883.78,885.51,,,859.8713999999997,892.7582000000002,890.7190476190477
1764385200,885.52,886.8,883.89,884.39,,,859.7943499999998,892.6820000000002,890.4142857142859
1764388800,884.39,885.06,883.15,884.77,,,859.7301499999999,892.6132000000002,889.9976190476193
1764392400,884.78,884.78,881.41,881.63,,,859.6663499999999,892.4820000000001,889.5276190476193
1764396000,881.63,882.98,876.88,879.24,,,859.61915,892.3778000000001,889.3085714285716
1764399600,879.25,880.79,878.4,879.33,,,859.6086999999998,892.219,889.4190476190479
1764403200,879.33,880.98,878.27,880.23,,,859.6426499999999,891.9474,888.9128571428574
1764406800,880.23,881.73,879.68,881.5,,,859.6825999999998,891.6922,888.1652380952385
1764410400,881.51,882.47,878.65,879.35,,,859.7459499999998,891.4122,887.2823809523811
1764414000,879.35,879.97,877.79,878.84,,,859.7688499999998,891.0770000000001,886.7247619047623
1764417600,878.84,879.88,876.31,877.52,,,859.8227999999998,890.8240000000001,886.3385714285718
1764421200,877.52,878.97,875.73,878.36,,,859.8462999999999,890.5408000000002,885.4133333333335
1764424800,878.37,878.52,875.89,875.97,,,859.8416999999998,890.2950000000002,884.4723809523812
1764428400,875.97,881.82,875.97,881.12,,,859.9086499999999,890.0270000000002,883.3114285714288
1764432000,881.12,881.98,879.39,881.52,,,859.9699499999999,889.7404000000001,883.019523809524
1764435600,881.52,881.8,873.14,873.19,,,860.0224,889.4024000000002,882.8057142857144
1764439200,873.19,874.55,868.64,874.21,,,860.1311499999999,889.1198,882.7490476190478
1764442800,874.21,874.86,872.86,873.34,,,860.2121999999998,888.9312000000002,882.5209523809523
1764446400,873.34,874.89,870.88,874.74,,,860.2813999999998,888.8008000000002,881.7242857142857
1764450000,874.74,876.01,872.24,875.61,,,860.3672,888.6404000000002,881.1676190476189
1764453600,875.62,875.64,873.11,873.63,,,860.4885499999999,888.2404000000001,880.4576190476189
1764457200,873.62,875.42,871.85,873.11,,,860.7381999999999,887.8352000000002,879.8642857142856
1764460800,873.11,875.65,873.09,875.57,,,860.9997999999999,887.4384000000001,879.3638095238096
1764464400,875.57,878.73,875.3,877.16,,,861.30545,886.9726,878.7619047619046
1764468000,877.16,879.12,874.22,874.26,,,861.6181999999999,886.5558,878.1714285714285
1764471600,874.25,876.42,869.95,875.87,,,861.9433999999998,886.0722000000001,877.7514285714284
1764475200,875.86,877.18,874.22,874.66,,,862.2288499999999,885.6042,877.3890476190476
1764478800,874.66,874.67,870.65,871.8,,,862.4963999999999,885.2475999999999,877.038095238095
1764482400,871.8,874.6,871.12,872.75,,,862.7255499999998,884.8737999999998,876.8776190476189
1764486000,872.75,875.88,872.53,875.1,,,863.0274499999998,884.3773999999999,876.655238095238
1764489600,875.1,878.81,874.78,877.72,,,863.2672499999999,884.0626,876.2538095238093
1764493200,877.73,879.76,877.15,879.46,,,863.4986,883.6424,875.8371428571426
1764496800,879.46,879.97,876.9,877.5,,,863.7337999999999,883.2279999999998,875.6347619047616
1764500400,877.5,879.22,876.1,877.03,,,863.98945,882.7826,875.5814285714283
1764504000,877.03,883.9,876.13,882.92,,,864.2495,882.377,875.6738095238093
1764507600,882.92,896.73,882.92,896.62,,,864.44305,882.1516,875.6328571428569
1764511200,896.62,898.11,890.63,894.12,,,864.7245999999999,882.0918,875.683333333333
1764514800,894.12,895.63,890.66,894.23,,,864.9517500000001,881.7966,875.7690476190473
1764518400,894.23,900.1,894.19,899.44,,,865.1648999999999,881.4384000000001,876.4880952380951
1764522000,899.44,899.47,895.71,897.74,,,865.3568499999998,881.1394000000001,877.4847619047616
1764525600,897.74,897.79,893.2,896.29,,,865.5646999999999,881.2330000000002,878.4380952380949
1764529200,896.29,896.97,894.31,895.35,,,865.7697999999999,881.3232000000003,879.6809523809521
1764532800,895.34,897.33,893.31,895.67,,,866.03755,881.2322000000001,880.7761904761901
1764536400,895.67,895.94,887.23,889.25,,,866.4010499999999,881.2490000000001,881.7609523809521
1764540000,889.25,890.28,886,888.72,,,866.7159000000001,881.1658000000002,882.7952380952378
1764543600,888.72,888.85,874.97,875.73,,,867.02965,881.4018000000001,883.8695238095236
1764547200,875.72,877.12,834.57,834.66,,,867.4505,881.6996,884.5209523809522
1764550800,834.68,844.94,834.38,838.03,,,867.85765,881.9668000000003,885.0714285714284
1764554400,838.02,842.46,834.93,836.13,,,868.23945,882.0256000000003,885.1414285714283
1764558000,836.14,836.94,827.88,829.57,,,868.5899000000001,882.0016000000002,883.1790476190474
1764561600,829.57,829.66,822.28,823.32,,,868.9673999999999,881.7982000000002,881.4347619047618
1764565200,823.32,824.62,821.02,823.5,,,869.3236999999999,880.7264000000002,879.7361904761905
1764568800,823.5,830.02,822.77,828.19,,,869.6473499999998,879.7430000000002,877.6799999999997
1764572400,828.19,832.83,825.57,832.52,,,869.91145,878.7432000000001,875.2142857142856
1764576000,832.52,833.41,827.83,829.9,,,869.9381999999999,877.6092000000001,872.6323809523807
1764579600,829.9,832.23,823.49,823.84,,,869.9864499999999,876.3654000000001,870.1909523809521
1764583200,823.84,828.06,823.83,828.03,,,870.0055,875.1476000000001,868.0490476190474
1764586800,828.03,828.07,823.89,824.94,,,869.9904999999999,874.0160000000001,865.8047619047618
1764590400,824.94,824.97,814.67,821.5,,,869.9701999999999,873.0338,862.9914285714284
1764594000,821.5,826.15,815.52,816.69,,,869.9401999999999,872.0470000000001,859.7252380952377
1764597600,816.69,824.88,816.05,819.94,,,869.8938499999999,870.9372000000002,856.4309523809521
1764601200,819.94,820.42,802.13,812,,,869.8894,869.8932000000002,852.9676190476189
1764604800,812,816.44,808.64,810.1,,,869.8617499999999,868.7620000000002,849.0271428571426
1764608400,810.1,816.3,810.1,812.66,,,869.7753499999999,867.6050000000001,845.3223809523806
1764612000,812.66,818.82,812.31,817.54,,,869.68585,866.3620000000001,841.3085714285711
1764615600,817.53,817.68,811.74,814.69,,,869.5784,865.2104,837.2490476190472
1764619200,814.68,821.12,814.65,817.14,,,869.44265,863.8832000000001,833.2961904761902
1764622800,817.12,824.7,817.12,823.08,,,869.2938499999999,862.5658,829.8814285714283
1764626400,823.08,830.23,823.08,827.08,,,869.1775,861.1966,826.3561904761902
1764630000,827.07,831.78,826.83,826.84,,,869.0331499999999,859.9169999999999,823.5661904761903
1764633600,826.81,827.77,823.92,826.33,,,868.8674999999998,858.747,823.0147619047616
1764637200,826.33,833.74,825.77,829.05,,,868.7121,857.6056000000001,822.493333333333
1764640800,829.05,833.28,826.8,827.66,,,868.5913,856.6004,822.0509523809521
1764644400,827.65,829.92,820.64,828.19,,,868.4536,855.6472,821.8966666666664
1764648000,828.19,832.62,828.16,832.59,,,868.3042,854.6718000000002,822.1695238095235
1764651600,832.59,833,828.77,831.75,,,868.1745500000001,853.7258000000002,822.367619047619
1764655200,831.74,832.91,829.4,831.81,,,868.09145,852.8446000000002,822.367619047619
1764658800,831.81,831.92,828.74,830.98,,,867.97735,851.8864000000001,822.3709523809523
1764662400,830.99,831.03,825.46,829.07,,,867.8845000000001,850.9070000000002,822.4590476190474
1764666000,829.07,836.97,828.92,836.32,,,867.8077000000002,850.0736000000002,822.8385714285713
1764669600,836.32,842.97,834.11,841.07,,,867.7076000000001,849.1912000000002,822.9790476190475
1764673200,841.07,845.03,839.49,843.22,,,867.6015500000001,848.3342000000002,823.1757142857141
1764676800,843.23,843.69,839.84,841.62,,,867.5101500000002,847.5178000000003,823.8814285714285
1764680400,841.62,846.81,839.89,845.7,,,867.3961000000003,846.6442000000003,825.0423809523808
1764684000,845.7,860.05,845.18,859.61,,,867.2887500000003,845.8686000000002,826.1509523809522
1764687600,859.61,874.97,858.69,871.51,,,867.2270500000003,845.1356000000003,827.5614285714285
1764691200,871.5,875.53,865.86,872.85,,,867.1877000000003,844.4108000000004,829.2566666666667
1764694800,872.85,881.01,871.35,877.04,,,867.1573000000003,843.6932000000005,831.4923809523809
1764698400,877.04,884.91,876.82,880.9,,,867.1224000000003,843.0666000000003,834.0623809523809
1764702000,880.9,885.02,879.38,882.65,,,867.0915000000002,842.6004000000004,836.8319047619046
1764705600,882.65,882.9,872.83,875.93,,,867.0761000000001,842.0982000000004,839.6842857142855
1764709200,875.94,879.26,875.5,878.21,,,867.0360000000002,841.6728000000003,842.4376190476188
1764712800,878.21,881.93,878.15,880.34,,,867.0673000000002,841.3290000000002,845.0838095238092
1764716400,880.34,881.32,876.28,876.65,,,867.1566,840.9582000000003,847.4214285714284
1764720000,876.66,879.38,874.01,878.86,,,867.2433500000001,840.6564000000002,849.8919047619046
1764723600,878.87,886.78,878.74,883.73,,,867.4190000000001,840.2492000000001,852.3342857142854
1764727200,883.73,889.7,881.83,887.4,,,867.6083000000002,839.9064,854.6671428571426
1764730800,887.39,889.41,886.12,888.15,,,867.8092000000001,839.5998000000001,857.0799999999998
1764734400,888.14,895.31,887.78,895.16,,,868.0010000000002,839.3478000000001,859.515238095238
1764738000,895.16,902.35,894.46,902.02,,,868.2003000000001,839.1506000000003,862.165238095238
1764741600,902.03,910.85,897.61,899.16,,,868.4141000000001,839.3106000000001,864.8480952380951
1764745200,899.16,899.99,894.75,896.94,,,868.5759500000001,840.3654000000002,867.9042857142856
1764748800,896.94,897.86,894.03,896.41,,,868.72925,841.3678000000001,871.3780952380952
1764752400,896.42,901.56,894.93,900.47,,,868.8149500000001,842.5484000000001,874.3704761904761
1764756000,900.47,901.27,895.4,897.12,,,868.92045,843.9974000000002,877.0309523809523
1764759600,897.12,899.55,894.13,899.33,,,869.0192,845.5142000000001,879.5638095238094
1764763200,899.33,903.84,898.48,901.73,,,869.1282000000001,846.9830000000003,882.3661904761905
1764766800,901.73,905.75,901.08,901.3,,,869.30145,848.3474000000002,884.8147619047619
1764770400,901.3,906.2,888.54,896.21,,,869.4711500000001,849.7064000000003,886.7061904761906
1764774000,896.21,901.34,891.97,897.5,,,869.63115,851.0508000000003,888.1452380952383
1764777600,897.5,903.65,893.28,899.46,,,869.7901500000002,852.5606000000002,889.5
1764781200,899.46,908.11,898.85,907.56,,,869.9885000000002,854.0346000000004,890.4128571428572
1764784800,907.56,908.38,901.29,902.92,,,870.1635500000001,855.5618000000004,891.2033333333334
1764788400,902.92,907.54,902.49,907.35,,,870.3570500000002,857.0560000000005,892.0038095238094
1764792000,907.35,911.68,905.42,908.44,,,870.5493500000002,858.6722000000004,893.51
1764795600,908.43,917.32,907.58,917.08,,,870.7419500000003,860.2626000000004,894.6866666666667
1764799200,917.11,920.32,912.79,919.18,,,870.9206000000003,862.1738000000005,895.9728571428572
1764802800,919.18,922.96,917.29,921.15,,,871.1299000000002,864.0302000000005,897.4866666666667
1764806400,921.16,926.07,915.92,922.88,,,871.3647000000003,865.9240000000005,899.3066666666667
1764810000,922.88,928.44,919.93,920.2,,,871.6394000000004,867.7420000000005,900.9947619047618
1764813600,920.2,926.09,919.27,922.24,,,871.8845000000002,869.7898000000006,902.6019047619047
1764817200,922.24,923.02,916.42,917.07,,,872.1692500000004,871.8306000000006,904.2557142857142
1764820800,917.07,919.35,912.93,913.46,,,872.4441000000003,873.7920000000006,905.4480952380952
1764824400,913.46,913.64,906.85,908.29,,,872.7915500000003,875.7080000000007,906.4109523809524
1764828000,908.3,915.53,908.26,913.67,,,873.1778500000001,877.5752000000007,907.2638095238095
1764831600,913.67,913.98,910,910.99,,,873.5533500000003,879.4934000000005,908.0504761904763
1764835200,911,912.14,907.65,908.78,,,873.9014000000002,881.2538000000005,908.6161904761905
1764838800,908.78,913.38,908.69,911.2,,,874.2139000000003,882.9698000000005,909.2447619047618
1764842400,911.2,912.24,909.17,909.97,,,874.5490500000003,884.5718000000006,909.905238095238
1764846000,909.96,911.05,907.35,909.17,,,874.8592000000003,886.1934000000006,910.3552380952381
1764849600,909.17,910.5,907.84,908.92,,,875.1356000000003,887.7782000000007,910.8061904761905
1764853200,908.92,909.66,902.82,903.41,,,875.3955500000002,889.3176000000005,911.2190476190475
1764856800,903.41,910.69,902.21,903.12,,,875.6536000000001,890.9220000000006,911.8361904761904
1764860400,903.14,916.13,903.04,911.06,,,875.8963500000002,892.5400000000005,912.38
1764864000,911.06,912.63,905.24,906.45,,,876.1227500000001,893.9970000000008,912.5680952380952
1764867600,906.45,907.14,900.21,905.89,,,876.3412500000002,895.3540000000005,912.3566666666668
1764871200,905.89,906.2,898.93,899.82,,,876.5660500000002,896.5578000000006,912.744285714286
1764874800,899.82,900.46,887.6,898.8,,,876.8130500000002,897.7878000000005,912.7014285714288
1764878400,898.8,902.02,896.38,901.74,,,877.0649500000003,899.0950000000006,912.5800000000002
1764882000,901.74,903.11,897.5,897.58,,,877.2791500000002,900.0318000000007,911.7580952380953
1764885600,897.58,904.37,897.57,902.5,,,877.4839500000002,900.7194000000006,910.787619047619
1764889200,902.5,902.87,899.75,900.18,,,877.7382000000002,901.2588000000006,909.8633333333333
1764892800,900.17,904.51,899.61,902.92,,,877.9876000000003,901.6940000000006,908.6585714285715
1764896400,902.92,907.14,901.95,903.73,,,878.2521,902.1108000000006,907.8157142857143
1764900000,903.73,906.7,901.95,904.8,,,878.4602500000001,902.4094000000006,906.765238095238
1764903600,904.8,906.77,900.42,902.01,,,878.6675000000001,902.9408000000006,906.0914285714287
1764907200,902.01,905.56,900.74,902.32,,,878.8986000000001,903.3802000000006,905.6280952380952
1764910800,902.32,903.89,898.68,899.96,,,879.0672500000002,903.8318000000005,905.4619047619047
1764914400,899.96,904.56,899.96,904.51,,,879.2858000000001,904.3734000000005,904.9066666666668
1764918000,904.5,908,901.47,901.83,,,879.4634000000001,904.8922000000006,904.4938095238094
1764921600,901.83,902.35,897.91,899.63,,,879.6197000000002,905.2578000000005,904.0738095238095
1764925200,899.63,899.71,889.81,891.11,,,879.6999000000002,905.5562000000007,903.7552380952379
1764928800,891.11,896.31,891.01,894.67,,,879.7522500000002,905.7924000000005,903.367619047619
1764932400,894.67,896,890.62,894.22,,,879.7812000000001,905.9794000000006,902.9133333333333
1764936000,894.22,894.24,891.65,893.03,,,879.8325,905.9756000000007,902.0652380952381
1764939600,893.03,894.65,885.22,886.78,,,879.8791,905.9850000000007,901.6490476190475
1764943200,886.79,890.89,885.04,887.9,,,879.9382500000002,905.8684000000007,901.2252380952381
1764946800,887.9,900.2,887.72,889,,,879.9900000000001,905.8336000000007,900.3666666666667
1764950400,889,889.39,870.98,879.11,,,880.0209000000001,905.7086000000007,899.4300000000001
1764954000,879.11,884.01,876.27,883.19,,,879.9866000000001,905.6268000000007,898.5733333333334
1764957600,883.18,887.34,877.4,877.81,,,879.9723000000001,905.3758000000007,898.0580952380953
1764961200,877.81,885.47,875.23,883.81,,,879.9652500000001,905.0992000000007,897.1204761904761
1764964800,883.81,885.25,880.16,880.7,,,879.9504000000001,904.8532000000007,896.2371428571429
1764968400,880.7,883.24,879.55,880.72,,,879.9244000000002,904.5112000000007,895.2957142857142
1764972000,880.7,884.52,878.78,882.81,,,879.8919500000002,904.2250000000006,894.4057142857143
1764975600,882.79,884.59,878.9,883.73,,,879.8680000000002,903.7920000000006,893.4780952380951
1764979200,883.77,885.96,881.5,885.74,,,879.7998000000002,903.3170000000006,892.4209523809523
1764982800,885.74,887.09,883.53,884.9,,,879.7499000000003,902.8726000000007,891.4247619047617
1764986400,884.89,885.16,882.06,885.13,,,879.6668500000003,902.3400000000007,890.4214285714281
1764990000,885.13,888.7,885.08,887.86,,,879.6234500000002,901.8274000000008,889.6466666666662
1764993600,887.86,888.41,884.2,884.63,,,879.5999500000003,901.1604000000007,888.8171428571425
1764997200,884.63,885.4,882.65,883.68,,,879.5653500000003,900.4916000000006,888.110952380952
1765000800,883.68,884.98,882.2,884.98,,,879.5317000000002,899.7666000000006,887.3180952380949
1765004400,884.98,886.84,883.53,884.98,,,879.4844000000002,899.0116000000006,886.4990476190472
1765008000,884.98,885.08,878.38,878.7,,,879.4407500000001,898.3648000000005,885.7395238095235
1765011600,878.7,883.82,878.61,883.16,,,879.3993500000001,897.6126000000005,885.4476190476188
1765015200,883.16,885.04,882.45,883.8,,,879.3348500000002,896.9448000000004,884.9861904761901
1765018800,883.8,885.36,883.41,883.93,,,879.2919000000002,896.3752000000005,884.2471428571424
1765022400,883.93,885.58,883.56,884.08,,,879.2260000000002,895.9090000000006,883.7771428571425
1765026000,884.09,890.19,883.91,889.94,,,879.1618500000001,895.2096000000005,883.6352380952379
1765029600,889.94,897.11,887.84,895.01,,,879.1197500000002,894.6530000000005,883.4461904761903
1765033200,894.99,895.24,888.76,890.63,,,879.0654000000002,894.1534000000006,883.2119047619044
1765036800,890.64,898.17,889.82,895.48,,,878.9635000000002,893.6080000000005,883.7276190476189
1765040400,895.48,895.66,892.12,894.05,,,878.9212500000001,893.0902000000004,884.2904761904759
1765044000,894.05,894.14,890.79,891.57,,,878.8619000000002,892.7056000000005,884.9009523809522
1765047600,891.57,892.46,888.69,889.87,,,878.8189500000002,892.4274000000004,885.4566666666665
1765051200,889.87,895.36,889.87,894.62,,,878.7642500000002,892.1718000000004,886.0923809523807
1765054800,894.62,895.99,893.54,894.76,,,878.7370500000002,892.0190000000003,886.6090476190473
1765058400,894.76,895.57,891.55,892.09,,,878.7671500000001,891.6788000000004,886.9452380952376
1765062000,892.09,892.91,889.7,890.72,,,878.8080500000002,891.3812000000004,887.4638095238091
1765065600,890.72,893.99,890.15,893.6,,,878.82415,891.0608000000004,887.8933333333329
1765069200,893.61,894.6,892.5,893.27,,,878.8197000000001,890.9568000000004,888.2357142857139
1765072800,893.27,897.06,893.25,896.73,,,878.7882000000001,890.8760000000003,888.5019047619043
1765076400,896.72,898.46,895.13,898.19,,,878.7778500000002,890.6830000000003,888.7752380952377
1765080000,898.2,898.26,895.48,896.22,,,878.8029000000002,890.5458000000003,889.1866666666663
1765083600,896.22,896.77,893.53,894.47,,,878.7828000000003,890.3678000000003,889.8080952380948
1765087200,894.47,897.04,894.24,895.55,,,878.7502500000003,890.2296000000002,890.4371428571424
1765090800,895.55,895.87,891.35,891.76,,,878.6943500000002,890.1058000000003,890.9723809523804
1765094400,891.76,893.65,889.33,891.46,,,878.7399000000001,889.9950000000003,891.7233333333328
1765098000,891.46,891.97,887.13,887.36,,,878.80395,889.8234000000002,892.3133333333327
1765101600,887.36,891.91,887.1,889.93,,,878.8760500000001,889.6726000000001,892.6923809523803
1765105200,889.93,891.27,887.75,888.2,,,878.9354500000002,889.5372000000002,893.0509523809518
1765108800,888.2,894.15,888.02,893.29,,,878.9669500000001,889.3732000000002,893.2071428571421
1765112400,893.29,893.59,885.28,886.92,,,879.0098000000002,889.1122000000001,893.2066666666658
1765116000,886.92,887.71,870.66,874.07,,,879.0463000000002,888.8228000000001,892.8823809523802
1765119600,874.07,892.3,871.01,890.75,,,879.0691000000002,888.6288000000002,893.0090476190469
1765123200,890.75,893.88,886.95,893.88,,,879.0958000000002,888.5706000000001,892.6014285714277
1765126800,893.87,903.94,891.19,899.59,,,879.1012500000002,888.5430000000001,891.6499999999991
1765130400,899.59,906.07,899.59,902.05,,,879.1233500000002,888.3970000000003,891.6109523809514
1765134000,902.05,903.98,900.55,903.96,,,879.1424000000003,888.0178000000003,891.8019047619039
1765137600,903.96,905.43,903.29,904.15,,,879.1850000000004,888.0972000000003,892.0385714285704
1765141200,904.15,904.18,893.67,896.63,,,879.2114500000005,888.2168000000003,892.3857142857133
1765144800,896.63,896.64,881.67,889.44,,,879.1856000000004,888.4286000000002,892.9509523809515
1765148400,889.44,895.3,887.4,894.68,,,879.2427000000005,888.8874000000002,893.5904761904754
1765152000,894.68,898.83,891.54,896.64,,,879.3109500000005,889.3028000000002,893.7347619047611
1765155600,896.64,909.81,896.28,902.62,,,879.4014000000004,889.8296000000003,893.55238095238
1765159200,902.62,903.75,899.87,902.99,,,879.5149000000004,890.0860000000002,893.454761904761
1765162800,902.99,903.49,900.25,902.31,,,879.6405000000004,890.2608000000001,893.3809523809515
1765166400,902.31,906.07,901.05,903.64,,,879.7736500000005,890.5400000000002,893.6857142857135
1765170000,903.64,903.7,900.81,902.6,,,879.8650000000005,890.8166000000002,894.0914285714276
1765173600,902.6,904.72,902.32,903.05,,,879.9323500000005,891.1944000000002,894.4133333333325
1765177200,903.05,905.26,901.24,903.4,,,880.0001500000004,891.5394000000001,894.9790476190467
1765180800,903.39,907.43,903,906.81,,,880.0757500000003,891.8876000000001,895.5095238095228
1765184400,906.82,912.46,906.61,910.14,,,880.2229000000003,892.2578000000001,896.2566666666658
1765188000,910.15,911.22,908.33,910.19,,,880.3668000000004,892.5526000000001,896.8980952380944
1765191600,910.19,910.38,905.12,906.14,,,880.5116500000004,892.921,897.7842857142849
1765195200,906.14,908.68,904.56,908.55,,,880.6561500000005,893.3154,898.5866666666658
1765198800,908.55,911.6,907.02,910.61,,,880.7911000000005,893.752,899.6947619047609
1765202400,910.61,913.07,904.72,904.75,,,880.9382000000005,894.2552,901.2219047619037
1765206000,904.75,907.03,896.84,896.92,,,881.0896500000006,894.8849999999999,902.0695238095227
1765209600,896.92,900.84,893.12,894.42,,,881.2458500000005,895.3445999999999,902.8661904761896
1765213200,894.42,897.83,892.13,896.74,,,881.4107500000006,895.8395999999999,903.1119047619037
1765216800,896.74,898.55,889.78,891.24,,,881.5904000000005,896.3731999999999,902.8676190476181
1765220400,891.24,897.35,891.24,895,,,881.7417500000006,896.7865999999999,902.4133333333322
1765224000,895.02,902.26,895,901.24,,,881.9112000000006,896.9262,902.060476190475
1765227600,901.23,905.11,899.37,904.73,,,882.1052500000006,896.9143999999999,901.8038095238084
1765231200,904.74,904.75,898.34,899.8,,,882.2652500000007,897.0365999999999,902.0685714285702
1765234800,899.8,900.47,896.65,897.36,,,882.3743500000007,896.9517999999999,902.3809523809512
1765238400,897.36,899.73,895.97,896.2,,,882.4578500000006,896.9708,902.7661904761893
1765242000,896.2,896.85,891.04,892.19,,,882.5442500000006,897.1641999999999,902.6319047619036
1765245600,892.19,895.02,891.39,891.77,,,882.6129500000005,897.4614,902.3638095238084
1765249200,891.77,894.87,888.27,894.06,,,882.7028000000006,897.565,902.072857142856
1765252800,894.06,895.67,890.19,891.01,,,882.7944000000006,897.617,901.5276190476179
1765256400,891.01,892.27,888.94,889.1,,,882.8349500000005,897.6992,901.0119047619036
1765260000,889.1,890.49,884.67,887.66,,,882.8633500000005,897.7286,900.5838095238084
1765263600,887.66,890.08,887.26,889.08,,,882.8790000000005,897.692,899.9938095238084
1765267200,889.08,889.25,886.33,887.86,,,882.8628000000006,897.7078,899.1504761904752
1765270800,887.86,887.94,885.05,885.86,,,882.8350500000005,897.5934,898.079999999999
1765274400,885.85,888.35,883.92,886.92,,,882.8124500000006,897.4115999999999,897.0747619047609
1765278000,886.93,887.77,885.08,887.25,,,882.8060000000005,897.2403999999999,896.2042857142845
1765281600,887.25,889.01,885.81,888.35,,,882.7827000000004,897.1325999999999,895.1238095238084
1765285200,888.35,889.05,881.86,883.91,,,882.7819500000005,896.9788000000001,893.9957142857131
1765288800,883.91,885.86,882.34,885.39,,,882.7766500000004,896.8608,893.1623809523797
1765292400,885.38,908.69,885.15,907.54,,,882.8434000000005,896.77,892.7542857142845
1765296000,907.53,926.78,907.53,923.19,,,883.1094000000005,896.7678,892.2538095238082
1765299600,923.18,927.88,915.77,918.24,,,883.3485500000004,896.7361999999999,891.7133333333321
1765303200,918.27,920.5,914.71,916.74,,,883.6025000000004,896.6504000000001,892.4895238095227
1765306800,916.74,916.9,913.39,914.29,,,883.8909000000006,896.4924000000001,893.8319047619036
1765310400,914.29,914.4,904.43,908.38,,,884.2160500000006,896.9047999999999,894.6414285714275
1765314000,908.38,909.43,894.14,899.7,,,884.5181000000006,897.8871999999999,895.2133333333321
1765317600,899.68,904.34,899.52,903.06,,,884.8041000000006,898.437,895.9033333333322
1765321200,903.04,903.04,897.4,897.4,,,885.1792000000006,898.8942,896.4280952380941
1765324800,897.4,898.97,891.29,891.5,,,885.6456500000006,899.1881999999999,896.5947619047607
1765328400,891.5,892.61,887.73,890.71,,,886.1176500000006,899.3148,897.1123809523798
1765332000,890.71,893.26,888.56,890.94,,,886.5612000000006,899.2295999999999,897.3804761904752
1765335600,890.94,891.84,889.61,890.74,,,887.0079500000006,899.2077999999998,897.2585714285703
1765339200,890.74,893.03,889.19,890.37,,,887.4423500000006,899.2231999999999,897.2442857142847
1765342800,890.37,893.38,889.4,892.92,,,887.8574000000007,899.2643999999999,897.3319047619037
1765346400,892.93,896.26,892.19,894.36,,,888.2730000000006,899.1849999999998,897.4785714285705
1765350000,894.36,894.37,891.31,894.19,,,888.7000000000006,899.0709999999999,897.5399999999989
1765353600,894.19,895.04,892.2,892.22,,,889.1070000000007,898.8333999999999,897.7809523809512
1765357200,892.22,894.12,889.65,892.89,,,889.4972500000007,898.5809999999999,898.1857142857133
1765360800,892.89,896,887.39,887.97,,,889.8642500000007,898.3932,898.5319047619038
1765364400,887.95,889.39,884.68,886.75,,,890.2445000000006,898.2076,898.7685714285703
1765368000,886.75,888.08,884.38,887.89,,,890.6106500000006,898.0393999999999,898.9847619047607
1765371600,887.89,891.98,887.73,891.6,,,890.9598500000006,897.8227999999998,899.1780952380941
1765375200,891.6,891.91,887.73,889.99,,,891.2962500000008,897.6125999999999,899.2428571428559
1765378800,889.95,892.43,887.37,891.45,,,891.6330000000007,897.2357999999999,898.3071428571417
1765382400,891.45,897.84,889.82,896.5,,,891.9624500000007,896.7679999999999,896.8028571428559
1765386000,896.5,897.63,893.69,896.36,,,892.2816500000007,896.322,895.4576190476179
1765389600,896.36,902.82,894.24,898.71,,,892.5832000000006,896.0311999999999,894.2533333333321
1765393200,898.71,904.83,893.2,901.94,,,892.8760000000005,895.66,893.4061904761892
1765396800,901.94,914.95,897.52,898.92,,,893.1525000000006,895.2768,892.8338095238082
1765400400,898.92,902.35,894.31,897.07,,,893.4517500000006,895.1117999999999,892.7866666666655
1765404000,897.07,900.47,890.98,898.46,,,893.7426500000006,895.1006,892.7333333333322
1765407600,898.44,900.86,893.1,893.45,,,894.0450000000005,895.1864,892.8057142857132
1765411200,893.45,894.76,881.26,883.55,,,894.3821500000006,895.2904,893.0709523809512
1765414800,883.55,884.13,873.8,876.74,,,894.6823500000006,895.444,893.4399999999989
1765418400,876.74,876.83,863.76,867.03,,,894.9705500000005,895.4853999999999,893.5595238095226
1765422000,867.04,869.79,861.8,868.34,,,895.2641500000005,895.4298,893.2171428571417
1765425600,868.34,872.05,865.11,871.14,,,895.5506500000006,895.2042,892.5680952380941
1765429200,871.14,873.83,867.26,872.38,,,895.8075000000005,894.8792,891.335238095237
1765432800,872.38,872.93,868.5,870.1,,,896.0017500000005,894.4667999999999,890.0961904761892
1765436400,870.1,871.07,866.49,867.03,,,896.1114500000007,893.8833999999999,888.9985714285702
1765440000,867.03,867.24,862.46,865.37,,,896.1649500000005,893.4064,888.0538095238084
1765443600,865.37,868.44,864.87,866.99,,,896.1634500000006,892.9938000000001,886.9685714285703
1765447200,866.99,867.94,865.18,866.02,,,896.0941000000006,892.5602,885.9714285714273
1765450800,866.02,869.08,865.59,866.74,,,896.0225500000006,892.1420000000002,884.953333333332
1765454400,866.73,868.31,864.69,866.43,,,895.9986000000006,891.7006,883.9580952380938
1765458000,866.43,868.7,866.22,867.91,,,895.9694500000006,891.2548000000002,882.7399999999986
1765461600,867.91,869.02,859.91,862.13,,,895.9182500000007,890.8130000000002,881.6328571428558
1765465200,862.12,870.87,861,866,,,895.8701500000008,890.3762000000003,880.4414285714272
1765468800,866,869.52,861.28,866.48,,,895.8027000000008,889.9938000000002,879.0799999999987
1765472400,866.47,871.45,865.77,869.3,,,895.7190000000008,889.5840000000003,877.4499999999985
1765476000,869.31,881.11,868.71,875.56,,,895.6121000000007,889.1972000000002,875.8923809523797
1765479600,875.56,881.07,873.9,876.2,,,895.5050500000008,888.6728000000002,874.2038095238082
1765483200,876.19,881.03,876.09,880.67,,,895.3614000000007,888.3146000000002,872.7933333333319
1765486800,880.67,891.53,879.88,888.55,,,895.1908500000006,887.9364000000003,871.7690476190461
1765490400,888.56,890.58,883.61,884.58,,,895.0057000000006,887.1716000000001,870.7090476190463
1765494000,884.6,888.61,883.44,885.8,,,894.8510000000007,886.2190000000003,870.1004761904749
1765497600,885.81,888.2,880.31,880.37,,,894.7013500000007,885.3782000000001,870.3385714285699
1765501200,880.35,889.26,880.35,886.69,,,894.5455000000006,884.6568000000001,870.7119047619034
1765504800,886.68,892.87,886.19,892.83,,,894.4377000000006,884.1420000000002,871.6057142857129
1765508400,892.83,896.18,890.08,892.61,,,894.3220500000008,883.666,872.1785714285701
1765512000,892.61,892.83,888.84,889.14,,,894.2167500000006,883.3880000000001,872.9190476190464
1765515600,889.14,891.5,886.49,891.17,,,894.1530000000006,882.9342000000001,873.892857142856
1765519200,891.17,894.21,891.15,891.35,,,894.0948500000007,882.7200000000001,874.9647619047606
1765522800,891.35,891.57,888.88,889.44,,,894.0363500000007,882.7466000000002,876.0176190476178
1765526400,889.44,889.6,885.41,886.66,,,893.9409000000007,882.7846000000001,877.2461904761892
1765530000,886.66,887.96,885.37,887.69,,,893.8365500000007,882.7486,878.4061904761892
1765533600,887.68,888.35,885.25,885.25,,,893.7861000000007,882.7572,879.5214285714274
1765537200,885.25,886.38,883.91,886.3,,,893.7124000000007,882.7768000000001,880.4699999999988
1765540800,886.3,888.14,885.39,888.07,,,893.6159000000007,882.7072000000001,881.4823809523796
1765544400,888.07,889.02,886.89,887.96,,,893.4863500000008,882.5532000000001,882.3080952380941
1765548000,887.96,892.45,887.51,891.68,,,893.3472000000007,882.4232000000001,883.4590476190466
1765551600,891.68,891.68,873.17,874.5,,,893.1886500000007,882.2838000000002,884.509999999999
1765555200,874.51,879.63,871.23,876,,,893.007550000001,882.1520000000002,885.5328571428562
1765558800,876,880.47,874.13,875.56,,,892.8450000000008,882.1540000000001,886.5985714285704
1765562400,875.56,882.19,874.73,880.18,,,892.6600500000009,882.1782000000001,886.5480952380943
1765566000,880.18,880.2,875.37,877.54,,,892.506200000001,882.2540000000001,886.5385714285704
1765569600,877.54,878.26,875.52,877.2,,,892.3792500000009,881.9120000000001,886.2952380952371
1765573200,877.2,879.87,876.64,878.8,,,892.2776000000009,881.6322000000001,885.8966666666657
1765576800,878.8,881.98,878.62,881.72,,,892.1676500000009,881.3144000000002,885.5614285714275
1765580400,881.72,882.84,881.57,881.76,,,891.9852000000008,880.9880000000002,885.1519047619037
1765584000,881.76,883.5,881.05,881.29,,,891.8213000000007,880.6116000000002,885.0771428571418
1765587600,881.29,882.4,880.6,882.14,,,891.6431000000008,880.1814000000003,884.8404761904749
1765591200,882.13,885.55,882.12,884.07,,,891.4941500000008,879.7186000000003,884.313333333332
1765594800,884.07,887.58,883.91,887.57,,,891.3360000000009,879.3746000000002,883.7742857142845
1765598400,887.57,888,885.61,886.5,,,891.1774000000008,879.0684000000002,883.4409523809511
1765602000,886.5,887.36,885.06,885.95,,,891.0543500000008,878.7250000000003,883.1028571428558
1765605600,885.95,888.26,883.91,888.24,,,890.9473500000008,878.4988000000002,882.9228571428558
1765609200,888.24,889.36,886.19,886.41,,,890.800850000001,878.5092000000001,882.7828571428557
1765612800,886.41,889.92,886.05,889.19,,,890.675050000001,878.7258000000002,882.7490476190462
1765616400,889.19,890.17,888.12,889.62,,,890.5563000000009,879.1152000000002,882.7752380952367
1765620000,889.62,894.18,889.01,893.1,,,890.4775500000011,879.4674000000002,882.8304761904749
1765623600,893.1,893.38,891.3,892.3,,,890.421400000001,879.8094000000002,882.9680952380937
1765627200,892.3,894.3,891.26,891.69,,,890.3452000000011,880.0900000000001,883.0419047619034
1765630800,891.7,893.73,891.29,892.14,,,890.2870500000012,880.4718000000003,883.2866666666652
1765634400,892.14,893.25,887.16,891.43,,,890.2157500000011,880.9236000000002,883.3161904761889
1765638000,891.43,900.07,891.43,899.09,,,890.1469000000012,881.4782,884.1347619047605
1765641600,899.09,904.34,897.66,897.73,,,890.0782500000012,881.9844000000002,884.9033333333318
1765645200,897.73,898.46,895.07,895.79,,,890.007700000001,882.4978000000001,885.6590476190461
1765648800,895.79,897.03,891.6,892.45,,,889.949200000001,883.0058000000001,886.5595238095223
1765652400,892.45,895.2,892.27,893.72,,,889.9006500000011,883.5058000000001,887.5209523809509
1765656000,893.72,896.23,893.67,893.88,,,889.847500000001,884.1294000000001,888.4061904761891
1765659600,893.88,894.86,889.88,894.47,,,889.808400000001,884.8414000000002,889.0561904761889
1765663200,894.47,896.98,893.51,895.93,,,889.7430000000011,885.4372000000003,889.6276190476175
1765666800,895.93,897.53,895.27,897.03,,,889.729300000001,885.9566000000003,890.2047619047605
1765670400,897.03,899.78,895.79,897.05,,,889.719800000001,886.4450000000003,890.8323809523796
1765674000,897.02,898.57,895.86,896.34,,,889.7432000000011,886.8114000000003,891.4890476190461
1765677600,896.34,896.95,894.6,896.74,,,889.732100000001,887.1768000000004,892.1061904761889
1765681200,896.74,897.29,895.61,895.87,,,889.729600000001,887.4820000000004,892.5576190476174
1765684800,895.87,896.97,894.33,895.14,,,889.733850000001,887.6516000000004,893.0261904761888
1765688400,895.15,895.16,892.57,894.41,,,889.772300000001,887.9010000000003,893.5399999999985
1765692000,894.41,894.91,892.84,893.69,,,889.8124500000009,888.1118000000004,893.9033333333318
1765695600,893.69,896.8,892.92,896.49,,,889.852600000001,888.4392000000004,894.319047619046
1765699200,896.5,898.69,896.48,897.3,,,889.942300000001,888.6228000000004,894.5676190476175
1765702800,897.3,897.63,895.07,895.09,,,890.0080500000009,888.6690000000003,894.7614285714271
1765706400,895.09,895.12,890.66,893.42,,,890.102700000001,888.7050000000003,894.9228571428556
1765710000,893.42,893.48,884.62,889.1,,,890.1630000000009,888.7960000000004,895.1609523809509
1765713600,889.1,894.44,886.87,892.38,,,890.2352000000009,888.9024000000002,895.3228571428556
1765717200,892.38,892.38,887.81,891.8,,,890.303650000001,889.0214000000003,895.3838095238078
1765720800,891.8,894.86,886.09,888.36,,,890.358050000001,889.1344000000004,895.2728571428555
1765724400,888.36,888.39,883.6,886.83,,,890.421850000001,889.2696000000002,894.9533333333317
1765728000,886.83,888.78,883.98,886.51,,,890.479650000001,889.2978000000002,894.6709523809508
1765731600,886.51,887.62,881.07,883.13,,,890.530600000001,889.4404000000002,894.3171428571413
1765735200,883.13,886.28,882.31,886.19,,,890.572050000001,889.5504000000002,894.0495238095222
1765738800,886.19,886.25,881.47,883.61,,,890.5782500000009,889.5562000000002,893.706190476189
1765742400,883.61,885.2,880.42,882.4,,,890.617000000001,889.5336000000003,893.1942857142841
1765746000,882.4,884.27,879.32,880.03,,,890.6576000000009,889.4302000000002,892.7999999999984
1765749600,880.03,882.38,875.13,878.89,,,890.674500000001,889.6028000000002,892.2133333333318
1765753200,878.89,880.41,870.99,877.6,,,890.683750000001,889.8066000000002,891.5166666666651
1765756800,877.6,883.14,876.52,882.9,,,890.722800000001,889.9676000000003,890.7061904761888
1765760400,882.9,888.82,880.62,888.05,,,890.7226500000011,890.0120000000002,889.8752380952365
1765764000,888.05,895.53,887.79,888.98,,,890.7346000000011,890.0618000000001,888.9638095238079
1765767600,888.98,890.72,887.87,889.06,,,890.7330000000012,890.0956,888.3461904761889
1765771200,889.06,890.59,887.07,889.56,,,890.724600000001,890.0716,888.0085714285697
1765774800,889.56,890.44,887.74,888.31,,,890.6750500000011,890.0951999999999,887.7499999999984
1765778400,888.32,891.51,886.97,890.58,,,890.5944500000011,890.2209999999999,887.5295238095221
1765782000,890.58,891.75,887.73,889.58,,,890.5293000000011,890.3747999999999,887.199523809522
1765785600,889.58,890.48,887.91,889.47,,,890.466400000001,890.5132000000001,886.7714285714269
1765789200,889.47,892.09,889.44,891.25,,,890.436400000001,890.623,886.556666666665
1765792800,891.25,893.4,890.02,890.35,,,890.423450000001,890.6378,886.373809523808
1765796400,890.34,890.72,887.31,887.96,,,890.4194000000009,890.7193999999998,886.3914285714269
1765800000,887.96,889.34,886.02,888.77,,,890.3941000000009,890.7919999999999,886.3376190476172
1765803600,888.77,889.17,885.37,887.04,,,890.3618500000008,890.8166,886.2685714285695
1765807200,887.04,890.34,869.71,871.9,,,890.354300000001,890.9134000000001,886.249523809522
1765810800,871.9,871.9,852.35,859.31,,,890.3486000000008,890.9366000000002,886.3419047619029
1765814400,859.29,859.96,848.88,852.4,,,890.327950000001,890.9034000000001,886.3671428571411
1765818000,852.4,853.28,842.63,844.64,,,890.3178500000009,890.8168000000001,885.8323809523793
1765821600,844.63,851.67,841.25,851.38,,,890.2859500000009,890.7116000000002,884.5523809523789
1765825200,851.39,855.09,848.79,850.13,,,890.2348000000009,890.3158000000002,883.0661904761887
1765828800,850.13,850.13,844.91,846.59,,,890.1975500000008,889.6592000000002,881.2680952380933
1765832400,846.59,853.41,845.94,853.22,,,890.1604000000008,888.8786000000001,879.9038095238078
1765836000,853.22,853.98,850.62,853.98,,,890.0421500000008,887.7896000000002,878.5342857142839
1765839600,853.99,859.14,853.99,858.78,,,889.8799000000008,886.8626,877.0576190476173
1765843200,858.78,858.79,852.46,852.69,,,889.6846000000008,885.9494000000002,875.6442857142839
1765846800,852.69,856.86,851.85,854.69,,,889.4710000000009,885.0322000000001,874.0219047619028
1765850400,854.69,858.3,851.81,856.11,,,889.2782500000009,884.2222,872.5838095238075
1765854000,856.11,856.87,850.69,855.39,,,889.0879000000008,883.4242000000002,870.8519047619028
1765857600,855.39,856.65,847.62,854.6,,,888.8544000000007,882.7104,869.1914285714265
1765861200,854.6,856.83,853.37,856.63,,,888.6859000000009,881.8456000000002,867.6580952380931
1765864800,856.64,865.79,856.56,865.44,,,888.5854500000008,880.9988000000002,865.9823809523789
1765868400,865.44,865.9,858.91,859.63,,,888.4256000000008,880.1800000000003,864.3166666666647
1765872000,859.63,861.84,857.19,858.37,,,888.2196500000008,879.3610000000002,862.7528571428551
1765875600,858.37,862.11,858.02,859.82,,,887.9951500000009,878.5182000000002,861.5238095238075
1765879200,859.84,865.41,858.99,862.14,,,887.765450000001,877.7334000000003,860.0609523809502
1765882800,862.14,866.26,861.89,865.82,,,887.5226000000009,877.1394000000004,858.6519047619028
1765886400,865.81,869.91,865.67,868.31,,,887.2748500000009,876.4438000000004,857.2733333333312
1765890000,868.31,871.62,861.92,861.92,,,887.0748500000009,875.7374000000003,856.087619047617
1765893600,861.93,874.01,858.76,872.08,,,886.9548500000009,875.0040000000002,855.7980952380933
1765897200,872.08,878.24,868.28,876.59,,,886.779600000001,874.3008000000003,856.2266666666646
1765900800,876.59,876.62,870.24,870.98,,,886.588250000001,873.7154000000004,856.679999999998
1765904400,870.98,872.7,866.96,867.15,,,886.3742500000011,873.2132000000004,857.9866666666649
1765908000,867.15,873.51,866.44,871.52,,,886.170000000001,872.6696000000004,859.187142857141
1765911600,871.52,871.99,867.11,870.39,,,885.987550000001,872.2636000000005,860.179999999998
1765915200,870.39,872.2,869.15,870.56,,,885.810900000001,871.9594000000004,861.1590476190457
1765918800,870.56,873.4,869.36,872.47,,,885.607500000001,871.6118000000004,862.0304761904742
1765922400,872.47,874.87,871.7,873.64,,,885.4526500000009,871.2182000000004,862.8119047619026
1765926000,873.66,875.6,872.3,875.51,,,885.3186000000009,870.9184000000004,863.3728571428552
1765929600,875.51,875.68,870.5,871.11,,,885.1394500000009,870.6636000000004,864.3147619047598
1765933200,871.11,874.75,870.06,870.9,,,884.924500000001,870.3510000000003,865.2171428571409
1765936800,870.9,871.01,865.11,867.32,,,884.731150000001,870.1282000000006,866.1409523809502
1765940400,867.33,868.23,862.11,863.3,,,884.552400000001,869.9530000000004,866.8895238095217
1765944000,863.3,863.39,858.91,858.95,,,884.3624500000009,869.8626000000004,867.6657142857122
1765947600,858.95,860.32,855.66,858.78,,,884.1717500000009,869.7070000000004,868.1747619047599
1765951200,858.78,867.93,858.54,865.78,,,884.0162000000009,869.5730000000004,868.072857142855
1765954800,865.78,870.99,865.06,868.11,,,883.909150000001,869.2614000000004,868.0404761904742
1765958400,868.11,868.11,862.54,862.6,,,883.792600000001,868.7664000000005,868.0599999999979
1765962000,862.6,864.79,860.65,860.71,,,883.6634000000009,868.1658000000006,868.3438095238073
1765965600,860.7,861.12,855.43,856.56,,,883.5438000000009,867.5602000000005,868.6280952380931
1765969200,856.56,860.68,856.13,859.74,,,883.3853000000008,867.0846000000005,868.4747619047597
1765972800,859.74,860.86,857.3,860.53,,,883.1738500000009,866.6806000000004,868.1128571428549
1765976400,860.53,864.67,857.73,862.54,,,882.9441000000011,866.1210000000005,867.8576190476167
1765980000,862.55,869.27,855.05,869.24,,,882.7740000000009,865.5436000000004,867.2699999999977
1765983600,869.25,876.04,852.98,853.86,,,882.627750000001,864.8854000000003,866.5052380952357
1765987200,853.87,857.75,840.15,847.34,,,882.4597500000009,864.2552000000003,866.103333333331
1765990800,847.35,849.54,842.38,843.71,,,882.3023500000011,863.6588000000004,866.2028571428548
1765994400,843.71,846.86,836.75,837.78,,,882.1263000000009,863.1504000000003,865.3619047619025
1765998000,837.78,841.34,833.57,840.77,,,881.9547000000009,862.7598000000003,864.2642857142835
1766001600,840.77,844.76,838.86,842.25,,,881.8023000000009,862.0962000000004,862.9857142857119
1766005200,842.27,843.14,837.68,838.67,,,881.6695000000009,861.6050000000002,861.3338095238072
1766008800,838.68,843.67,836.81,843.66,,,881.5774000000009,861.2930000000003,859.7685714285692
1766012400,843.66,843.75,840.66,843.12,,,881.4013000000009,861.0006000000004,858.1847619047597
1766016000,843.12,845.63,840.66,845.36,,,881.1987000000009,860.9232000000004,856.6399999999977
1766019600,845.37,845.39,838.87,841.03,,,880.987950000001,860.7406000000003,855.3428571428549
1766023200,841.03,846.47,839.71,845.13,,,880.7422500000009,860.5114000000004,854.1904761904738
1766026800,845.13,845.15,833.27,836.38,,,880.509850000001,860.4528000000003,853.3361904761881
1766030400,836.38,839.2,835.92,836.16,,,880.279350000001,860.2508000000003,852.4828571428549
1766034000,836.16,836.51,830.21,831.25,,,880.0531500000009,860.0784000000002,851.832857142855
1766037600,831.25,834.8,830.3,834.44,,,879.8445000000008,859.7234000000003,850.4328571428549
1766041200,834.43,835.56,832.54,833.51,,,879.522400000001,859.5722000000002,848.9114285714263
1766044800,833.52,837.39,832.7,835.84,,,879.1332500000009,859.2060000000002,847.4185714285692
1766048400,835.85,839.54,834.16,838.75,,,878.7472000000009,858.8070000000002,846.1676190476168
1766052000,838.75,841.39,837.64,839.67,,,878.389150000001,858.3242000000002,845.0699999999977
1766055600,839.67,839.95,836.92,839.28,,,877.9996000000009,857.9210000000002,843.9319047619025
1766059200,839.28,840.75,837.1,838.66,,,877.6385000000009,857.4586000000003,842.8947619047597
1766062800,838.66,852.08,838.66,848.65,,,877.2962500000009,856.8666000000003,841.8057142857122
1766066400,848.65,852.99,838.22,843.45,,,876.9531500000008,856.4490000000004,840.3790476190455
1766070000,843.45,850.84,839.89,847.96,,,876.633700000001,856.0750000000003,839.6552380952361
1766073600,847.96,848.51,843.77,845.24,,,876.3554000000009,855.6642000000003,839.717619047617
1766077200,845.24,845.26,819.12,831.55,,,876.0956000000009,855.1946000000004,839.705238095236
1766080800,831.55,838.23,830,831.66,,,875.8392500000009,854.8512000000003,840.189999999998
1766084400,831.65,832.28,818.29,820.27,,,875.5819500000008,854.3540000000003,840.4028571428552
1766088000,820.27,826.33,820.01,820.95,,,875.3234000000008,854.0748000000004,839.8933333333314
1766091600,820.95,830.23,820.67,830.02,,,875.1020500000009,853.5380000000004,839.5595238095219
1766095200,830.02,831.56,828.07,831.4,,,874.8475000000009,852.6372000000003,838.4457142857123
1766098800,831.43,831.51,828.14,829.73,,,874.6163500000009,851.8508000000003,837.3899999999978
1766102400,829.73,832.05,827.68,830.62,,,874.3814500000009,850.9132000000002,836.6595238095217
1766106000,830.61,830.67,822.97,824.86,,,874.0747500000009,849.9018000000003,836.2009523809504
1766109600,824.85,828.35,822.15,826.36,,,873.793200000001,849.0944000000003,835.467619047617
1766113200,826.36,841.24,826.12,837.11,,,873.4608000000009,848.3112000000004,835.1933333333313
1766116800,837.11,840.63,835.48,836.83,,,873.1261000000009,847.4564000000005,834.6552380952361
1766120400,836.83,839.14,835.28,839.03,,,872.8182000000008,846.5960000000005,834.422380952379
1766124000,839.03,843.3,837.95,843.29,,,872.5252500000009,845.5830000000004,834.5495238095219
1766127600,843.29,849.72,842.02,842.87,,,872.2166500000008,844.6880000000004,834.7076190476172
1766131200,842.87,845.52,841.99,844.71,,,871.8872500000008,844.0122000000006,834.8595238095219
1766134800,844.71,847.12,843.13,845.24,,,871.5297500000008,843.4024000000005,835.0757142857124
1766138400,845.25,846.59,842.92,845.04,,,871.1680000000008,842.9170000000006,835.2280952380934
1766142000,845.03,849.1,844.41,848.75,,,870.8438500000007,842.6038000000004,835.4866666666649
1766145600,848.75,849.04,845.22,845.25,,,870.5334000000007,842.2856000000006,835.7999999999982
1766149200,845.25,847.97,845.23,847.44,,,870.2432000000008,841.8642000000006,835.6280952380935
1766152800,847.44,850.07,843.5,847.98,,,869.9673500000007,841.4068000000005,835.8804761904744
1766156400,847.99,854.59,844.17,846.3,,,869.7144500000009,841.0556000000006,835.7514285714268
1766160000,846.3,852.89,845.65,847.9,,,869.5202500000007,840.8164000000004,835.8561904761888
1766163600,847.9,850.19,843.34,844.66,,,869.3627500000008,840.5902000000003,836.6385714285697
1766167200,844.66,850.61,844.65,848.98,,,869.2528000000009,840.3442000000005,837.3357142857127
1766170800,848.98,857.41,848.98,855.78,,,869.1548500000009,840.0932000000005,838.6514285714269
1766174400,855.75,861.86,854.1,859.89,,,869.0254000000008,839.7684000000005,839.7804761904746
1766178000,859.9,860.07,854.15,854.53,,,868.9007000000008,839.3416000000004,840.6833333333317
1766181600,854.52,856.88,854.51,855.96,,,868.7901000000008,839.1576000000006,841.844285714284
1766185200,855.96,856.84,854.46,855.91,,,868.6864500000007,839.1904000000005,843.2804761904745
1766188800,855.91,856.66,853.55,853.89,,,868.5991000000009,839.4318000000005,844.4190476190458
1766192400,853.89,853.91,852.06,852.36,,,868.4874500000009,839.8740000000007,845.8999999999982
1766196000,852.36,856.47,852.23,855.5,,,868.4022500000008,840.1492000000005,847.3071428571411
1766199600,855.5,859.13,855.43,858.04,,,868.3474500000007,840.4234000000006,848.1061904761888
1766203200,858.04,858.16,853.77,853.93,,,868.3147500000007,840.7682000000005,848.8457142857125
1766206800,853.93,855.61,852.14,853.78,,,868.2478500000007,840.9728000000006,849.6299999999983
1766210400,853.78,854.64,852.54,853.41,,,868.2170000000006,841.1576000000006,850.3323809523793
1766214000,853.41,853.9,852,853.46,,,868.1665500000007,841.3604000000005,850.8590476190459
1766217600,853.46,855.94,853.02,853.22,,,868.1036000000006,841.7006000000005,851.2909523809507
1766221200,853.22,853.65,852.72,852.84,,,868.0189000000007,841.8766000000005,851.6799999999982
1766224800,852.84,852.87,850.51,852.03,,,867.9186000000005,842.2246000000005,852.0809523809506
1766228400,852.03,853.33,850.98,853.14,,,867.8278000000007,842.5696000000005,852.2938095238079
1766232000,853.14,853.31,852.4,852.69,,,867.6941000000006,843.0138000000005,852.6552380952363
1766235600,852.69,853.22,850.66,852.67,,,867.5202500000007,843.3894000000006,852.8738095238077
1766239200,852.67,852.76,850.68,852.61,,,867.3644000000006,843.7760000000005,853.1195238095222
1766242800,852.61,853.55,851.18,853.55,,,867.2027000000006,844.0998000000005,853.4238095238077
1766246400,853.54,853.89,852.61,853.83,,,867.0669500000007,844.3876000000007,853.6509523809507
1766250000,853.83,854.19,852.71,853.04,,,866.8977000000007,844.6480000000006,854.0295238095222
1766253600,853.04,853.74,852.15,852.88,,,866.6937000000007,844.9158000000006,854.2471428571413
1766257200,852.88,853.2,852.25,852.64,,,866.4963500000007,845.1948000000006,854.1542857142842
1766260800,852.64,853.2,852.25,852.85,,,866.3141000000006,845.2928000000006,853.8280952380936
1766264400,852.85,853.21,852.08,852.08,,,866.1216000000006,845.5004000000007,853.7495238095223
1766268000,852.08,852.63,850.67,852.41,,,865.9279000000005,845.6020000000007,853.5914285714271
1766271600,852.41,854.71,851.64,853.65,,,865.7484500000005,845.7548000000007,853.4457142857129
1766275200,853.65,854.98,853.2,854.02,,,865.5843000000006,846.1766000000006,853.3595238095224
1766278800,854.02,854.03,851.39,851.61,,,865.4110500000005,846.6004000000007,853.3619047619034
1766282400,851.61,852.52,846.68,847.39,,,865.2492000000005,847.2366000000006,853.2738095238082
1766286000,847.39,850.92,847.12,850.05,,,865.0809000000005,847.8658000000006,853.0823809523796
1766289600,850.05,850.5,848.21,848.37,,,864.9048000000006,848.3384000000007,852.9719047619034
1766293200,848.37,849.58,847.95,848.2,,,864.7254000000005,848.7908000000006,852.6676190476176
1766296800,848.19,850.29,848.05,849.61,,,864.5290500000006,849.2284000000005,852.5076190476175
1766300400,849.61,849.95,848.42,849.63,,,864.4248000000003,849.5638000000006,852.2652380952366
1766304000,849.63,855.81,848.75,853.92,,,864.3149000000005,850.0676000000005,852.0261904761888
1766307600,853.92,857.72,852.32,856.75,,,864.1951500000005,850.5078000000004,851.8723809523793
1766311200,856.75,859.4,854.72,855.87,,,864.0312000000004,850.7296000000005,851.7580952380936
1766314800,855.88,857.59,855.44,856.5,,,863.8937500000004,850.9852000000005,851.7952380952364
1766318400,856.5,859.29,855.73,858.22,,,863.7496000000006,851.1972000000004,851.9885714285698
1766322000,858.22,858.42,845.38,846.47,,,863.5966000000004,851.4098000000004,852.1409523809506
1766325600,846.49,850.38,845.75,850.02,,,863.4360500000006,851.6874000000005,852.3261904761887
1766329200,850.02,850.03,845.7,848.32,,,863.2754000000006,851.9106000000004,852.5485714285697
1766332800,848.32,852.01,846.13,851.98,,,863.1385500000004,852.1358000000005,852.1980952380935
1766336400,851.98,855.86,851.63,853.11,,,863.0116000000005,852.3994000000005,852.054285714284
1766340000,853.11,853.26,850.63,852.63,,,862.8706000000005,852.3538000000004,851.8371428571411
1766343600,852.63,856.33,852.63,855.45,,,862.7152500000005,852.4492000000005,851.8057142857126
1766347200,855.45,856.37,853.46,853.71,,,862.5738500000006,852.4668000000004,851.8180952380935
1766350800,853.71,854.69,850.92,851.49,,,862.3764500000004,852.5468000000004,851.844285714284
1766354400,851.49,856.76,851.18,856.49,,,862.1853500000007,852.6830000000003,851.9890476190459
1766358000,856.48,859.31,855.43,858.33,,,861.9949000000005,852.7776000000002,851.9919047619029
1766361600,858.32,867.56,858.32,859.27,,,861.8088500000006,852.9934000000003,851.8714285714268
1766365200,859.27,863.72,857.63,857.63,,,861.6263000000006,853.0880000000003,852.1038095238079
1766368800,857.64,857.86,851.22,855.51,,,861.4239500000004,853.0022000000004,852.6247619047601
1766372400,855.51,857.63,853.69,855.81,,,861.2397000000004,852.9342000000004,853.0638095238078
1766376000,855.81,859.53,854.98,859.19,,,861.0498000000003,853.0102000000003,853.5047619047601
1766379600,859.19,859.43,855.82,856.78,,,860.8465500000004,853.0764000000004,853.8528571428554
1766383200,856.81,860.47,856.26,858.89,,,860.6718500000005,853.1108000000003,854.1480952380936
1766386800,858.89,860.79,858.07,858.56,,,860.4680500000005,853.1432000000003,854.6033333333315
1766390400,858.56,867.91,858.4,863.63,,,860.2757500000006,853.2122000000004,854.739523809522
1766394000,863.63,867.42,861.81,861.9,,,860.0849500000007,853.2860000000004,854.841428571427
1766397600,861.9,866.86,859.94,866.1,,,859.9002500000007,853.2608000000004,854.9695238095221
1766401200,866.1,866.47,864.01,865.32,,,859.7107000000007,853.3600000000002,855.3090476190459
1766404800,865.32,870.64,864.66,866.4,,,859.5372500000007,853.4556000000005,855.484285714284
1766408400,866.38,867.14,862.76,864.21,,,859.3488000000007,853.6600000000004,856.4190476190458
1766412000,864.22,869.29,863.35,867.87,,,859.1636000000005,853.8288000000005,857.1476190476175
1766415600,867.87,869.57,861.98,867.6,,,858.9712500000006,854.0864000000006,858.0085714285697
1766419200,867.6,868.7,865.64,866.8,,,858.8041500000006,854.3360000000005,858.5909523809509
1766422800,866.8,867.84,864.85,867.38,,,858.6319500000006,854.6234000000004,859.2938095238079
1766426400,867.38,868.86,865.51,866.3,,,858.4787500000006,854.8448000000005,860.006666666665
1766430000,866.3,866.31,856.92,857.53,,,858.3260000000005,855.1484000000005,860.5471428571412
1766433600,857.52,858.4,853.38,855.45,,,858.1823000000005,855.4470000000006,861.1980952380935
1766437200,855.43,858.53,855.23,856.02,,,858.0313000000004,855.7308000000006,861.9033333333315
1766440800,856.02,860.82,855.28,860.16,,,857.9022000000004,856.0074000000006,861.9528571428554
1766444400,860.15,860.26,857.13,858.3,,,857.7577500000006,856.2568000000007,861.8157142857124
1766448000,858.3,861.04,857.62,859.82,,,857.6052500000005,856.3466000000006,861.6609523809506
1766451600,859.82,860.24,856.83,858.14,,,857.4667000000004,856.3980000000006,861.7814285714267
1766455200,858.14,859.29,854.29,855.04,,,857.3311000000004,856.4656000000007,861.9142857142839
1766458800,855.04,857.25,851.97,856.98,,,857.1732500000004,856.6118000000008,862.1052380952361
1766462400,856.98,857.35,854.3,854.69,,,856.9886000000005,856.7362000000007,862.0552380952362
1766466000,854.69,855.05,851.04,852.58,,,856.8097000000005,856.8844000000007,861.972380952379
1766469600,852.6,852.61,846.96,848.77,,,856.6687000000005,856.9742000000007,861.8814285714266
1766473200,848.77,850.06,848.14,848.25,,,856.5260500000005,856.9946000000008,861.6971428571411
1766476800,848.25,849.97,847.7,848.28,,,856.3926000000006,857.1020000000007,861.1709523809504
1766480400,848.29,849.64,847.63,848.91,,,856.2676500000006,857.2480000000007,860.5457142857125
1766484000,848.91,851.41,848.9,850.84,,,856.1119000000006,857.2986000000008,859.6957142857126
1766487600,850.84,852.87,850.5,852.57,,,855.9787500000006,857.3066000000008,858.8842857142839
1766491200,852.57,852.59,849,849.62,,,855.8402000000007,857.3076000000008,858.0514285714268
1766494800,849.62,850.55,846.28,848.07,,,855.7029500000006,857.281000000001,857.4147619047601
1766498400,848.07,849.82,838.11,840.35,,,855.5523500000006,857.266600000001,856.6861904761887
1766502000,840.33,844.42,838.18,843.8,,,855.4056000000005,857.2050000000008,855.8299999999983
1766505600,843.82,849.75,842.06,848.5,,,855.2325000000004,857.1214000000009,854.9380952380935
1766509200,848.5,849.21,838.63,838.66,,,855.0368000000005,856.9964000000009,853.6509523809506
1766512800,838.65,845.49,838.64,844.84,,,854.8461000000005,856.8278000000008,852.579523809522
1766516400,844.84,845.6,839.97,841.08,,,854.6636500000005,856.470400000001,852.1495238095218
1766520000,841.08,847.22,839.85,842.88,,,854.4639500000006,856.4170000000008,851.3499999999982
1766523600,842.89,845,842.2,844.65,,,854.2627500000006,856.386600000001,850.8176190476172
1766527200,844.64,845.42,840.79,842.63,,,854.0116000000006,856.193400000001,849.9090476190457
1766530800,842.63,844.73,841.44,843.83,,,853.7827000000007,856.0506000000009,849.1747619047601
1766534400,843.8,846.18,843.18,846.12,,,853.5778500000006,855.810000000001,848.452380952379
1766538000,846.12,847.13,842.7,843.43,,,853.3149000000005,855.6150000000009,847.7138095238076
1766541600,843.43,843.47,836.13,838.32,,,853.0873500000005,855.3990000000009,847.179999999998
1766545200,838.32,841.11,835.81,840.27,,,852.8529500000004,855.1774000000011,846.6628571428552
1766548800,840.27,841.92,838.91,839,,,852.6235000000005,855.0242000000012,846.1266666666646
1766552400,839,840.04,836.35,837.63,,,852.4115500000004,854.8168000000011,845.4476190476171
1766556000,837.63,838.5,835.72,838.26,,,852.2652000000005,854.518800000001,845.0428571428552
1766559600,838.26,839.99,837.5,837.5,,,852.1878000000004,854.099800000001,844.6023809523791
1766563200,837.5,837.78,835.02,835.85,,,852.1564000000004,853.7526000000012,844.0952380952361
1766566800,835.85,837.07,834.81,835.65,,,852.1503500000003,853.422400000001,843.5880952380933
1766570400,835.65,838.6,835.5,836.87,,,852.0850500000004,853.0588000000009,842.9528571428554
1766574000,836.87,838.98,836.85,837.45,,,852.0357500000005,852.6402000000011,842.1566666666649
1766577600,837.44,840.34,836.61,840.2,,,851.9978000000003,852.2546000000009,841.4914285714268
1766581200,840.2,841.08,838.15,840.32,,,851.9198500000003,851.7938000000009,840.9580952380935
1766584800,840.32,842.6,835.14,838.01,,,851.8412500000003,851.335600000001,840.8199999999983
1766588400,838.01,841.96,836.28,840.55,,,851.7348500000003,850.800400000001,840.6485714285697
1766592000,840.55,844.74,839.47,843.91,,,851.6506500000002,850.3114000000008,840.2590476190459
1766595600,843.91,846.02,843.18,844.34,,,851.5554500000003,849.7934000000008,840.2280952380936
1766599200,844.35,848.25,843.34,845.66,,,851.4592500000003,849.2934000000009,840.0238095238078
1766602800,845.66,847.32,845.21,847.08,,,851.3695500000003,848.725600000001,840.1585714285698
1766606400,847.08,849.48,847.08,848.3,,,851.2975500000003,848.2524000000009,840.2280952380936
1766610000,848.3,848.81,846.71,847.04,,,851.2160000000003,847.773200000001,840.2761904761888
1766613600,847.04,849.23,845.9,848.78,,,851.0788500000002,847.3080000000009,840.4880952380937
1766617200,848.78,848.87,846.13,846.22,,,850.9834500000002,846.885200000001,840.7009523809508
1766620800,846.22,847.34,844.53,845.03,,,850.9111500000002,846.479200000001,840.7447619047604
1766624400,845.03,847.25,845.02,846.67,,,850.8337500000001,846.119200000001,840.9995238095222
1766628000,846.67,847.34,845.2,845.83,,,850.7513500000002,845.9094000000009,841.3757142857127
1766631600,845.83,845.86,843.43,844.34,,,850.6576500000003,845.776000000001,841.6023809523792
1766635200,844.33,844.73,842.91,843.12,,,850.5576000000004,845.5800000000008,841.9676190476175
1766638800,843.12,843.12,841.53,842.68,,,850.4832000000004,845.277400000001,842.3580952380935
1766642400,842.68,843.36,841.8,843.17,,,850.3667000000003,845.0448000000008,842.6476190476175
1766646000,843.17,843.17,841.62,842.62,,,850.2148500000003,844.7650000000009,842.9152380952364
1766649600,842.62,843.92,838.7,840.33,,,850.0851000000002,844.4890000000008,843.2404761904746
1766653200,840.33,840.86,839.18,840.41,,,849.9827000000001,844.2506000000008,843.5985714285697
1766656800,840.41,840.52,834.86,836.12,,,849.8542500000003,843.9646000000008,843.8723809523793
1766660400,836.14,837.91,836.03,837.04,,,849.7240000000003,843.7342000000009,844.0095238095223
1766664000,837.06,837.5,836.09,837.48,,,849.5868000000003,843.5350000000009,844.0195238095221
1766667600,837.48,838.26,834.69,836.42,,,849.4378500000004,843.3662000000008,843.8195238095223
1766671200,836.42,837.77,835.78,837.43,,,849.2855000000003,843.2094000000009,843.7733333333317
1766674800,837.43,843.84,836.79,841.71,,,849.1210500000002,842.9662000000009,843.6271428571412
1766678400,841.71,842.38,839.37,840.43,,,848.9671500000003,842.7288000000008,843.2704761904746
1766682000,840.43,841.37,839.47,840.74,,,848.8147000000004,842.4616000000008,842.9414285714271
1766685600,840.74,842.33,839.76,841.4,,,848.6587000000004,842.1386000000007,842.7533333333317
1766689200,841.4,841.74,840.04,840.79,,,848.5274000000004,841.8948000000008,842.436666666665
1766692800,840.79,841.01,839.19,840.18,,,848.4200500000002,841.7676000000008,842.0766666666651
1766696400,840.18,842.96,840.06,841.87,,,848.3082500000003,841.7692000000008,841.8080952380938
1766700000,841.88,842.09,834.98,836.65,,,848.1665000000003,841.7080000000008,841.4276190476174
1766703600,836.67,838.15,826.49,829.14,,,848.0345000000002,841.5660000000008,841.1399999999984
1766707200,829.14,831.11,827.69,829.76,,,847.9236500000003,841.6086000000007,840.9895238095222
1766710800,829.76,832.67,829.44,832.07,,,847.8238000000003,841.5154000000007,840.5123809523793
1766714400,832.07,843.91,831.29,841.82,,,847.7480000000003,841.5312000000007,839.7176190476175
1766718000,841.82,842.46,837.77,840.19,,,847.6532500000003,841.4066000000006,839.0233333333318
1766721600,840.19,841.15,836.96,840.8,,,847.5515000000003,841.0964000000006,838.4971428571414
1766725200,840.8,841.09,839.17,840.58,,,847.4481500000003,840.8390000000005,838.456190476189
1766728800,840.57,844.11,840.57,843.46,,,847.2852000000004,840.6038000000007,838.3142857142842
1766732400,843.44,846.61,839.44,840.33,,,847.1616000000004,840.5178000000005,838.2276190476176
1766736000,840.32,842.28,840.04,841.31,,,847.0737000000004,840.4530000000008,838.2395238095223
1766739600,841.31,842.58,840.04,841.84,,,847.0155000000003,840.5026000000007,838.3847619047605
1766743200,841.84,842.37,840.04,840.23,,,847.0357000000002,840.5088000000006,838.5852380952366
1766746800,840.23,840.24,838.42,838.78,,,847.0328000000002,840.5980000000006,838.78857142857
1766750400,838.78,841.67,838.76,841.19,,,847.0255500000002,840.6520000000007,838.996190476189
1766754000,841.19,842.92,840.55,842.67,,,847.0351000000003,840.7130000000006,839.1776190476174
1766757600,842.67,842.81,829.67,829.81,,,847.0341000000002,840.7998000000006,839.2419047619032
1766761200,829.81,829.81,821.05,828.43,,,847.0201500000002,840.8874000000006,839.2171428571413
1766764800,828.43,831.46,827.54,828.08,,,846.9999000000003,840.9500000000006,839.3238095238079
1766768400,828.08,832.86,828.08,830.85,,,847.0039500000001,841.0364000000005,838.8033333333317
1766772000,830.85,834.12,830.77,832.93,,,846.97945,841.1408000000006,838.1857142857126
1766775600,832.93,834.11,830.87,832.36,,,846.99145,840.9330000000006,837.5804761904745
1766779200,832.36,837.58,832.08,836.04,,,847.0166000000002,840.6952000000008,837.136190476189
1766782800,836.03,836.92,834.27,834.29,,,847.0737000000001,840.4966000000006,836.7104761904745
1766786400,834.29,835,833.34,835,,,847.0505500000003,840.3026000000007,836.506190476189
1766790000,835,835.09,833.82,834.27,,,847.0251500000002,840.0830000000008,836.8347619047605
1766793600,834.27,835.67,834.18,834.97,,,846.9863500000002,839.8434000000007,837.0504761904747
1766797200,834.97,835.83,834.07,835.65,,,846.9468500000002,839.6510000000007,837.1899999999985
1766800800,835.65,835.8,833.74,834.65,,,846.91315,839.3952000000007,836.8304761904748
1766804400,834.65,835.78,834.02,835.56,,,846.8785499999999,839.1292000000008,836.5819047619033
1766808000,835.56,835.74,833.97,835.03,,,846.86545,838.8738000000008,836.3366666666652
1766811600,835.03,836.56,834.55,836.55,,,846.79365,838.5976000000006,836.0542857142843
1766815200,836.55,839.28,836.14,838.91,,,846.7514,838.3862000000007,835.6780952380938
1766818800,838.91,842.21,838.68,839.92,,,846.6829499999999,838.1786000000008,835.4257142857128
1766822400,839.92,842.4,839.47,839.57,,,846.6315999999999,837.9564000000007,835.199047619046
1766826000,839.57,841.28,837.71,838.04,,,846.6520999999999,837.7404000000008,835.0595238095223
1766829600,838.04,842.76,837.14,841.18,,,846.6670499999999,837.5846000000006,835.0447619047603
1766833200,841.18,841.19,839.47,840.34,,,846.7434999999999,837.5004000000007,835.0823809523794
1766836800,840.34,840.82,838.97,839.41,,,846.8138999999999,837.4452000000008,834.9323809523793
1766840400,839.41,840.51,838.75,839.71,,,846.8465499999999,837.3732000000007,834.861428571427
1766844000,839.71,839.98,838.55,838.75,,,846.8840999999998,837.2816000000007,835.3628571428555
1766847600,838.75,840.97,837.87,840.28,,,846.9350499999999,837.2986000000008,835.8857142857127
1766851200,840.27,841.17,839.63,839.98,,,846.9797999999998,837.2972000000008,836.4395238095223
1766854800,839.98,840.68,838.77,839.47,,,847.0456999999999,837.3630000000006,836.8157142857126
1766858400,839.47,839.8,839.09,839.32,,,847.1197999999999,837.4164000000007,837.1657142857125
1766862000,839.32,840.26,839.04,840.26,,,847.1359499999999,837.4418000000006,837.5285714285696
1766865600,840.26,841.27,839.29,839.63,,,847.1488499999999,837.5190000000007,837.691904761903
1766869200,839.63,841.75,839.63,841.73,,,847.1522499999999,837.5700000000007,837.9314285714269
1766872800,841.73,845.8,840.57,841.49,,,847.1295499999999,837.5252000000006,838.1819047619031
1766876400,841.5,845.64,841.47,844.49,,,847.1165999999998,837.5030000000006,838.4371428571411
1766880000,844.5,845.13,842.03,842.1,,,847.0929499999999,837.4934000000007,838.7590476190459
1766883600,842.1,842.76,839.15,839.69,,,847.0640999999997,837.4580000000007,839.037142857141
1766887200,839.71,841.54,839.5,840.89,,,847.0354999999998,837.4768000000007,839.5057142857125
1766890800,840.89,841.48,839.97,841.09,,,846.9930499999999,837.5030000000006,839.8171428571411
1766894400,841.09,843.48,840.83,842.5,,,846.9649499999998,837.5554000000005,840.0390476190457
1766898000,842.5,843.35,841.67,842.46,,,846.9363999999998,837.6644000000006,840.2457142857123
1766901600,842.46,843.64,842.19,843.12,,,846.9039499999998,837.8754000000007,840.3495238095219
1766905200,843.12,843.58,842.69,843.35,,,846.8948999999998,838.0980000000006,840.4723809523791
1766908800,843.35,846.22,843.35,845.05,,,846.8658999999998,838.2784000000007,840.6099999999982
1766912400,845.05,845.84,843.63,844.95,,,846.8410499999998,838.2920000000006,840.8519047619028
1766916000,844.95,849.29,844.95,847.55,,,846.8005999999998,838.3374000000007,840.9552380952363
1766919600,847.55,856.13,847.55,853.99,,,846.7271499999997,838.3838000000007,841.1795238095219
1766923200,853.99,856.64,853.99,855.02,,,846.6401999999997,838.4392000000007,841.4433333333315
1766926800,855.02,858.05,854.75,857.48,,,846.5798499999997,838.4710000000008,841.8166666666648
1766930400,857.47,858.51,855.75,856.94,,,846.5156499999997,838.5634000000008,842.5423809523791
1766934000,856.94,862.64,856.82,859.93,,,846.4528499999998,838.6882000000008,843.2442857142838
1766937600,859.93,864.37,859.6,863.46,,,846.4086499999997,838.9312000000008,844.0776190476172
1766941200,863.46,865.77,862.63,865.66,,,846.3715999999997,839.2270000000009,844.909523809522
1766944800,865.66,866.38,858.38,858.44,,,846.3318499999997,839.6010000000008,845.8909523809506
1766948400,858.44,861.91,858.41,859.18,,,846.3115999999998,839.9160000000006,846.9957142857126
1766952000,859.2,861.81,858.22,860.05,,,846.3170499999998,840.2612000000007,848.2352380952364
1766955600,860.07,860.26,856.32,857.51,,,846.3355499999997,840.9342000000007,849.0309523809506
1766959200,857.51,860.36,856.56,859.54,,,846.3531999999998,841.6788000000008,849.8733333333314
1766962800,859.54,860.02,856.57,858.75,,,846.3855499999997,842.286000000001,850.6142857142837
1766966400,858.75,864.11,858.2,861.97,,,846.4367499999997,842.8526000000008,851.3480952380933
1766970000,861.97,864.65,858.75,863.88,,,846.5008499999997,843.3950000000009,852.2933333333315
1766973600,863.88,870.94,863.88,866.18,,,846.5328999999997,843.8980000000009,853.1438095238075
1766977200,866.18,870.31,865.66,868.5,,,846.5630999999997,844.3680000000008,854.1380952380932
1766980800,868.5,870.88,867.15,868.14,,,846.5998999999997,844.8572000000008,855.1561904761885
1766984400,868.14,868.22,863.62,863.95,,,846.6240999999998,845.3966000000007,856.2857142857122
1766988000,863.95,865.25,862.92,863.19,,,846.6587499999997,845.9888000000008,857.4942857142837
1766991600,863.19,863.35,858.22,859.98,,,846.6847499999998,846.6130000000009,858.6747619047599
1766995200,859.98,861.15,858.01,858.21,,,846.7254499999997,847.2700000000008,859.5747619047598
1766998800,858.2,858.29,846.99,850.8,,,846.7796499999997,847.9398000000008,860.4433333333313
1767002400,850.8,853.94,850.27,853.31,,,846.8461499999997,848.5076000000008,861.0352380952361
1767006000,853.31,854.94,852.15,852.38,,,846.9254499999997,849.0708000000008,861.2361904761885
1767009600,852.37,853.25,845.5,851.18,,,847.0018999999998,849.5394000000008,861.0352380952361
1767013200,851.18,852.61,848.15,849.33,,,847.0612499999995,849.9254000000008,860.8366666666645
1767016800,849.33,854.63,847.95,850.47,,,847.1151499999997,850.1430000000007,860.6195238095219
1767020400,850.47,854.45,849.66,853,,,847.1467999999996,850.4178000000007,860.2028571428551
1767024000,853.02,854.59,849.58,853.25,,,847.1677499999996,850.7046000000006,859.5299999999979
1767027600,853.25,854.15,851.42,853.79,,,847.1636999999996,850.9046000000006,858.8066666666647
1767031200,853.79,854.88,850.54,851.2,,,847.1932999999997,851.0844000000006,858.547619047617
1767034800,851.2,852.82,850.67,852.44,,,847.2049499999997,851.3056000000007,858.265238095236
1767038400,852.44,854.31,850.86,852.12,,,847.2189999999996,851.5714000000007,857.9671428571409
1767042000,852.12,854.27,851.89,854.21,,,847.2246499999997,851.8614000000006,857.6666666666648
1767045600,854.21,854.21,852.26,853.01,,,847.2289499999996,852.1316000000006,857.3285714285696
1767049200,853.01,853.19,851.43,851.83,,,847.2457999999996,852.3560000000007,857.0128571428553
1767052800,851.83,852.58,849.76,850.62,,,847.2424499999996,852.6154000000005,856.6433333333315
1767056400,850.61,852.25,849.45,851.55,,,847.2276499999996,852.8714000000006,856.1257142857123
1767060000,851.54,851.71,848.12,848.74,,,847.2042999999996,853.1504000000006,855.4423809523793
1767063600,848.73,852.15,847.83,851.56,,,847.1839999999996,853.4180000000005,854.5909523809506
1767067200,851.56,852.23,850.14,851.51,,,847.1534999999998,853.6200000000006,853.8009523809507
1767070800,851.51,852.08,849.4,850.01,,,847.1921999999997,853.8026000000006,853.0766666666648
1767074400,850.01,853.96,849.87,852.61,,,847.2071499999997,853.9438000000006,852.5228571428552
1767078000,852.61,853.82,852.14,852.83,,,847.2246999999998,854.0766000000007,852.1195238095219
1767081600,852.83,858.68,852.83,855.54,,,847.2178999999998,854.3140000000005,851.7290476190456
1767085200,855.54,856.34,853.74,855.65,,,847.2100999999998,854.5264000000005,851.8152380952362
1767088800,855.65,855.94,854,854.36,,,847.1906499999998,854.7048000000005,851.7923809523792
1767092400,854.36,855.16,853.17,853.89,,,847.1711999999998,854.9070000000004,851.9428571428554
1767096000,853.89,855.67,853.72,855.58,,,847.1601999999998,855.1144000000005,852.1557142857124
1767099600,855.58,862.25,855.52,861.68,,,847.1527999999997,855.3628000000004,852.3952380952362
1767103200,861.7,862.81,857,860.98,,,847.1333999999998,855.6088000000004,852.5580952380932
1767106800,860.98,862.46,856.92,861.81,,,847.1058999999998,855.7950000000004,852.6809523809504
1767110400,861.81,862.06,857.54,859.54,,,847.0872499999999,855.9738000000003,853.0823809523788
1767114000,859.54,860.66,857.66,859.23,,,847.0773499999999,856.1344000000005,853.4247619047597
1767117600,859.23,860.71,857.8,859.38,,,847.0715999999999,856.2882000000005,853.9299999999979
1767121200,859.38,859.39,856.5,858.86,,,847.0619999999998,856.4074000000005,854.268095238093
1767124800,858.86,859.34,857.57,857.7,,,847.0439499999998,856.4940000000004,854.6066666666645
1767128400,857.7,860.29,857.58,860.29,,,847.0684499999999,856.5460000000005,854.8528571428549
1767132000,860.29,861.94,859.75,860.6,,,847.0788999999997,856.5320000000004,855.1314285714265
1767135600,860.6,862.03,860.18,860.67,,,847.0951499999996,856.4504000000004,855.4109523809502
1767139200,860.66,861.52,858.26,858.55,,,847.0746999999999,856.3144000000003,855.8714285714262
1767142800,858.55,862.13,858,860.61,,,847.0613499999998,856.2996000000004,856.3023809523788
1767146400,860.61,860.63,858.31,859.27,,,847.0277499999997,856.3218000000004,856.870476190474
1767150000,859.27,859.89,856.85,858.41,,,846.9954499999999,856.3328000000005,857.2033333333311
1767153600,858.41,860.31,858.11,860.27,,,846.9519499999998,856.3960000000005,857.6366666666645
1767157200,860.27,863.11,859.49,862.33,,,846.9323499999998,856.3762000000005,858.0776190476168
1767160800,862.33,865.73,862.03,865.22,,,846.896,856.4134000000006,858.3538095238073
1767164400,865.22,867.07,864.02,867.06,,,846.8613499999999,856.3594000000005,858.7080952380929
1767168000,867.07,868.09,864.06,865.4,,,846.8200999999999,856.2500000000006,859.0314285714263
1767171600,865.4,865.8,864.38,864.41,,,846.7862499999999,856.1318000000007,859.4871428571406
1767175200,864.39,868.1,864.32,867.2,,,846.7510999999998,856.0084000000005,860.0919047619024
1767178800,867.19,868.34,866.78,868.23,,,846.7554999999999,855.9500000000004,860.6399999999977
1767182400,868.22,868.33,865.18,865.95,,,846.7796,856.0122000000005,861.0604761904738
1767186000,865.95,868.09,865.41,867.53,,,846.8111499999999,856.0564000000004,861.323333333331
1767189600,867.54,875.94,864.22,865.19,,,846.8364499999999,856.1450000000003,861.6685714285691
1767193200,865.19,865.83,859.86,862.34,,,846.8802499999999,856.3248000000004,861.8657142857119
1767196800,862.33,863.57,857.19,860.65,,,846.9081499999999,856.6734000000004,862.2461904761882
1767200400,860.65,862.69,860.4,861.69,,,846.9394999999998,856.9262000000003,862.5299999999976
1767204000,861.69,863.59,860.82,861.06,,,847.0002999999998,857.2292000000004,862.67095238095
1767207600,861.06,863.85,861.06,863.38,,,847.0565499999998,857.5094000000004,862.7561904761881
1767211200,863.38,863.4,859.98,862.66,,,847.1128499999999,857.7696000000002,862.946190476188
1767214800,862.66,865.41,862.56,865.07,,,847.1876,857.9732000000004,862.9828571428546
1767218400,865.07,865.66,863.32,863.57,,,847.2697000000001,858.1470000000004,863.1152380952356
1767222000,863.57,864.64,863.24,863.36,,,847.34015,858.3032000000004,863.2099999999975
1767225600,863.36,865.31,862.58,865.1,,,847.4019999999999,858.4950000000003,863.5204761904738
1767229200,865.1,871.96,864.96,871.57,,,847.4658999999999,858.7242000000002,863.6614285714261
1767232800,871.57,873.13,869.5,870.41,,,847.5169999999999,858.9768000000004,863.856190476188
1767236400,870.41,871.94,867.5,867.75,,,847.57105,859.2058000000003,864.1747619047594
1767240000,867.75,867.94,861.02,862.23,,,847.63625,859.3888000000003,864.7128571428545
1767243600,862.23,863.84,861.44,861.55,,,847.72125,859.6306000000004,865.0976190476166
1767247200,861.56,863.3,860.5,860.61,,,847.83735,860.0254000000003,865.2180952380927
1767250800,860.61,860.62,858.14,858.32,,,847.93515,860.4212000000003,864.9880952380927
1767254400,858.32,860.29,857.76,860.16,,,848.01815,860.7452000000003,864.8047619047594
1767258000,860.16,860.47,858.77,858.96,,,848.1827000000002,861.0150000000003,864.6238095238068
1767261600,858.96,860.48,858.95,859.94,,,848.31055,861.2148000000004,864.2009523809496
1767265200,859.94,860.7,859.41,860.37,,,848.4439000000001,861.3968000000003,863.816666666664
1767268800,860.37,860.38,855.13,857.93,,,848.5406500000001,861.5630000000003,863.4838095238067
1767272400,857.93,859.6,857.26,857.53,,,848.6251500000002,861.7140000000003,863.1223809523782
1767276000,857.53,858.39,855.97,856.74,,,848.71505,861.8366000000002,862.8928571428544
1767279600,856.74,859.24,855.16,858.15,,,848.7875000000001,861.9246000000004,862.6828571428543
1767283200,858.15,858.59,856.22,856.88,,,848.8577000000001,862.0190000000002,862.5342857142829
1767286800,856.88,859.83,856.18,858.76,,,848.9353500000002,862.0904000000003,862.2985714285687
1767290400,858.76,859.04,857.68,858.83,,,849.0434500000001,862.1632000000002,862.1599999999971
1767294000,858.83,860.25,858.03,860.25,,,849.14395,862.1864000000003,861.8504761904733
1767297600,860.25,860.92,859,859.8,,,849.2386000000001,862.1158000000003,861.664761904759
1767301200,859.8,861.46,859.68,861.12,,,849.3381000000002,862.0338000000002,861.3676190476161
1767304800,861.12,862.68,860.17,862.33,,,849.4305,861.9728000000002,861.2095238095208
1767308400,862.33,863.43,861.17,863.14,,,849.53375,861.9586000000003,861.0399999999969
1767312000,863.14,863.89,860.53,863.4,,,849.6389,861.9790000000003,860.850476190473
1767315600,863.37,863.72,860.92,861.46,,,849.75445,861.9874000000002,860.4104761904732
1767319200,861.46,862.06,858.67,862.06,,,849.8642500000001,862.0326000000002,860.0642857142827
1767322800,862.06,866.03,861.65,864.79,,,849.97825,862.1252000000001,859.8571428571399
1767326400,864.79,865.19,862.97,863.86,,,850.07625,862.1822,859.8204761904732
1767330000,863.86,865.7,862,865.08,,,850.1802500000001,862.2382000000001,859.844761904759
1767333600,865.09,866.86,864.59,865.24,,,850.30185,862.2539999999999,860.0438095238065
1767337200,865.24,865.76,863.6,863.83,,,850.4148000000001,862.3242,860.3076190476161
1767340800,863.83,868.25,863.82,866.91,,,850.5122500000001,862.4078,860.5419047619018
1767344400,866.91,870.8,866.58,870.17,,,850.5978499999999,862.4995999999999,860.8409523809494
1767348000,870.17,873.01,869.93,870.89,,,850.6798499999999,862.6329999999999,861.0261904761875
1767351600,870.89,870.95,866.41,868.51,,,850.7683999999999,862.7323999999999,861.3376190476162
1767355200,868.51,870.19,868.05,868.57,,,850.8461999999998,862.7624,861.9204761904733
1767358800,868.57,871.15,868.12,869.33,,,850.9363999999998,862.7961999999998,862.5566666666639
1767362400,869.33,876.51,864.4,874.29,,,851.0186999999999,862.8583999999998,863.11714285714
1767366000,874.28,881.24,869.51,876.87,,,851.1067499999997,862.9681999999998,863.6133333333306
1767369600,876.87,885.76,876.58,885.45,,,851.2161499999997,863.0501999999999,864.2061904761877
1767373200,885.45,889.92,883.16,885.81,,,851.3336499999998,863.0776,864.9457142857116
1767376800,885.81,886.91,877.93,879.72,,,851.4589499999997,863.0995999999998,865.8047619047592
1767380400,879.71,882.04,879.15,879.48,,,851.5797999999996,863.2663999999997,867.0047619047591
1767384000,879.49,882.17,877.57,878.37,,,851.7070499999995,863.4531999999998,868.2433333333304
1767387600,878.37,881.84,877.96,881.32,,,851.8402999999997,863.8583999999996,869.1290476190449
1767391200,881.32,884.27,880.98,883.76,,,851.9958999999997,864.3277999999997,869.9457142857113
1767394800,883.76,884.59,879.45,880.17,,,852.1671499999997,864.7091999999997,870.6709523809494
1767398400,880.17,883.8,880.15,881.13,,,852.3927499999996,865.0649999999997,871.5242857142827
1767402000,881.12,881.43,878.85,879.41,,,852.6197499999996,865.4111999999997,872.5861904761875
1767405600,879.4,879.44,874.89,877.65,,,852.8377499999997,865.7699999999998,873.4485714285686
1767409200,877.65,878.94,876.69,878.77,,,853.0499499999995,866.1919999999997,874.2266666666636
1767412800,878.77,879.65,877.4,878.94,,,853.2543999999996,866.4939999999998,874.9671428571398
1767416400,878.94,878.99,874.06,876.29,,,853.4788999999997,866.8451999999997,875.5657142857112
1767420000,876.29,876.65,872.72,873.85,,,853.7105499999997,867.1661999999998,876.2099999999971
1767423600,873.85,874.86,868.41,872.65,,,853.9028499999996,867.4171999999999,876.9295238095209
1767427200,872.65,875.24,871.34,873.88,,,854.1063499999997,867.5612,877.3761904761874
1767430800,873.87,875.27,873.39,874.39,,,854.2996999999997,867.7317999999998,877.5514285714255
1767434400,874.39,874.49,872.62,873.21,,,854.4809499999997,867.9025999999998,877.6352380952352
1767438000,873.21,873.94,872.14,873.89,,,854.6708499999996,868.1349999999999,877.8909523809494
1767441600,873.89,875.47,873.17,874.91,,,854.8646499999996,868.3569999999999,878.1680952380923
1767445200,874.91,877.13,874.66,876.61,,,855.0367499999996,868.6223999999999,878.3528571428542
1767448800,876.61,876.67,873.1,873.89,,,855.2227499999997,868.9437999999999,878.3338095238065
1767452400,873.89,874.66,871.64,873.07,,,855.4402999999998,869.2048,878.2404761904733
1767456000,873.07,876,873.07,875.43,,,855.6608999999996,869.5033999999998,877.8195238095208
1767459600,875.44,876.91,874.87,876.44,,,855.8724999999997,869.8027999999998,877.2519047619016
1767463200,876.44,876.82,874.98,876.51,,,856.0294499999997,870.1275999999999,876.9352380952351
1767466800,876.51,876.77,875.89,876.08,,,856.1979499999997,870.4467999999999,876.742380952378
1767470400,876.08,877.01,875.18,876.95,,,856.3684999999996,870.7575999999999,876.6504761904732
1767474000,876.93,879.05,876.54,878.85,,,856.5486499999996,871.1313999999999,876.4214285714255
1767477600,878.85,879.59,877.65,878.16,,,856.7007999999996,871.4971999999999,876.0557142857112
1767481200,878.16,879.32,877.83,878.31,,,856.8644999999997,871.8897999999998,875.9023809523778
1767484800,878.31,882.86,878.11,880.65,,,857.0350999999998,872.2361999999998,875.7938095238063
1767488400,880.65,883.4,880.26,882.18,,,857.2080999999997,872.5985999999997,875.7342857142825
1767492000,882.19,882.19,879.8,880.34,,,857.3894999999997,872.9705999999996,875.765714285711
1767495600,880.34,883.17,880.34,882.8,,,857.5759999999996,873.3377999999997,875.8552380952349
1767499200,882.8,890.44,882.53,888.45,,,857.7547999999997,873.6815999999998,876.0095238095207
1767502800,888.44,888.6,885.27,887.76,,,857.9356999999998,874.0479999999998,876.2023809523778
1767506400,887.76,889.24,883.87,884.39,,,858.1774499999997,874.4287999999998,876.6285714285683
1767510000,884.39,885.29,882.83,884.38,,,858.4268499999997,874.7675999999997,877.3809523809492
1767513600,884.38,886.24,882.29,885.64,,,858.6896999999997,875.1943999999997,878.0419047619015
1767517200,885.64,886.34,884.13,885.84,,,858.9463499999997,875.7221999999997,878.518095238092
1767520800,885.84,887.05,885.38,886.87,,,859.1833999999997,876.1815999999998,879.0499999999969
1767524400,886.87,886.87,884.25,884.59,,,859.4355999999997,876.5921999999998,879.6095238095206
1767528000,884.59,887.53,883.61,886.75,,,859.6976499999996,876.9781999999998,880.1299999999968
1767531600,886.75,889.65,886.14,888.42,,,859.9649999999997,877.3861999999999,880.6185714285682
1767535200,888.42,888.42,884.54,886.62,,,860.2119499999997,877.8263999999998,881.1280952380921
1767538800,886.62,889.01,884.91,888.91,,,860.4624999999997,878.2256,881.7795238095207
1767542400,888.91,897.21,888.89,896.98,,,860.7158499999996,878.5139999999999,882.3980952380922
1767546000,896.98,902.53,896.11,900.63,,,860.9667999999998,878.8312,882.8828571428539
1767549600,900.63,900.64,894.53,894.85,,,861.2278999999997,879.2293999999998,883.4733333333302
1767553200,894.85,895.08,890.42,892.25,,,861.4730499999998,879.5903999999999,884.4685714285683
1767556800,892.25,897.26,892.24,895.89,,,861.7316499999998,879.982,885.5961904761874
1767560400,895.89,897.09,894.79,896.69,,,861.9909999999998,880.4358,886.3580952380921
1767564000,896.69,897.15,892.26,893.3,,,862.2295499999997,880.9110000000001,887.0290476190445
1767567600,893.3,896.04,892.72,895.2,,,862.4744999999997,881.0989999999999,887.8661904761875
1767571200,895.2,900.73,894.41,899.87,,,862.7615499999997,881.2278,888.6299999999968
1767574800,899.87,906.08,898.9,902.83,,,863.0744999999997,881.5512000000001,889.1595238095206
1767578400,902.83,903.8,898.79,901,,,863.3428499999995,881.8954000000001,889.8671428571397
1767582000,901,901.65,898.75,899.66,,,863.6023999999996,882.1940000000001,890.6799999999969
1767585600,899.66,900.29,890.45,895.06,,,863.8847999999997,882.4716000000001,891.3647619047588
1767589200,895.06,895.08,892.33,892.34,,,864.1696999999996,882.7938000000001,891.9952380952351
1767592800,892.34,899.67,892.02,899.51,,,864.4424499999996,883.2470000000001,892.7223809523778
1767596400,899.51,900.1,897.76,898.82,,,864.7170499999996,883.6444000000001,893.2309523809492
1767600000,898.82,900.24,896.83,897.98,,,865.0164999999995,884.0494000000002,893.5499999999967
1767603600,897.98,899.33,895.24,897.32,,,865.3332999999994,884.3976000000002,894.2009523809492
1767607200,897.33,904.83,897.27,903.28,,,865.6416999999996,884.6690000000001,894.7699999999968
1767610800,903.28,908.69,902.2,908.45,,,865.9386999999995,885.0804000000003,895.407619047616
1767614400,908.45,908.54,903.48,905.81,,,866.2158499999995,885.5310000000002,895.9109523809493
1767618000,905.81,906.7,900.85,903.43,,,866.4688999999994,886.0136000000003,896.6185714285684
1767621600,903.43,906.26,900.16,904.14,,,866.7589999999996,886.5070000000003,897.6580952380921
1767625200,904.14,906.81,900.76,906.15,,,867.0306499999995,887.0950000000003,898.4628571428539
1767628800,906.15,906.95,903.11,904.59,,,867.3100499999995,887.7762000000002,898.7699999999968
1767632400,904.59,906.73,900.94,906.38,,,867.5981999999995,888.4282000000004,898.9371428571397
1767636000,906.38,908.22,903.3,908.08,,,867.9101499999994,889.0190000000003,899.475238095235
1767639600,908.09,913.55,906.59,910.76,,,868.2469499999993,889.6036000000003,900.062857142854
1767643200,910.75,915.98,910.43,911.87,,,868.5634999999993,890.1944000000003,900.5623809523779
1767646800,911.87,912.65,908.62,911.74,,,868.8683499999993,890.8084000000002,901.1047619047588
1767650400,911.74,914.23,911.26,912.64,,,869.1734499999994,891.4746000000004,901.9361904761873
1767654000,912.64,912.76,909.91,909.92,,,869.4874499999994,892.1276000000004,902.729999999997
1767657600,909.92,911.55,904.85,908.87,,,869.7851499999994,892.8140000000004,903.295238095235
1767661200,908.87,911.15,906.16,906.95,,,870.0922999999993,893.5212000000002,903.7623809523777
1767664800,906.94,908.11,904.99,905.09,,,870.3949499999995,894.2344000000003,904.1871428571397
1767668400,905.1,908.62,905.09,908.05,,,870.6787999999995,894.9482000000003,904.6257142857112
1767672000,908.05,910.05,906.6,907.73,,,870.9630499999995,895.5696000000003,905.1919047619016
1767675600,907.73,908.01,904.05,905.54,,,871.2343499999994,896.1838000000002,905.7990476190445
1767679200,905.54,909.87,904.86,907.8,,,871.5128499999995,896.7566,906.2057142857111
1767682800,907.8,907.81,903.03,904.73,,,871.7627999999994,897.2454000000001,906.6299999999968
1767686400,904.73,908.18,904.4,907.53,,,871.9898499999993,897.7628000000001,906.9899999999967
1767690000,907.53,913.76,907.5,912.71,,,872.1962999999993,898.3106000000001,907.4890476190443
1767693600,912.71,914.73,910.95,911.62,,,872.4295499999993,898.7654000000001,907.558095238092
1767697200,911.63,914.27,911.03,913.03,,,872.6738999999993,899.1524000000001,907.5142857142824
1767700800,913.03,913.55,911.44,912.83,,,872.9122999999993,899.4918000000001,907.8428571428539
1767704400,912.83,914.55,912.19,914.11,,,873.1524499999994,899.9546,908.2328571428538
1767708000,914.11,922.54,914.1,920.33,,,873.3937499999993,900.5212000000001,908.6561904761872
1767711600,920.33,923.21,915.92,919.03,,,873.6236499999993,901.0408,908.9742857142826
1767715200,919.02,920.49,905.11,907.92,,,873.8514499999992,901.5846,909.427619047616
1767718800,907.92,909.2,892.58,893.72,,,874.0955999999991,902.1038000000001,910.0919047619017
1767722400,893.72,902.92,891.9,900.83,,,874.3227999999991,902.6942000000001,910.6133333333303
1767726000,900.83,902.55,900.37,901.09,,,874.5454499999992,903.3658000000001,910.4780952380921
1767729600,901.08,907.03,900.99,905.52,,,874.7688999999991,903.9780000000002,909.6138095238066
1767733200,905.52,914.96,904.42,912.45,,,875.0196999999991,904.4040000000001,909.0942857142827
1767736800,912.45,915.05,911.56,913.2,,,875.305399999999,904.5002000000002,908.5442857142828
1767740400,913.2,919.62,913.2,917.58,,,875.600649999999,904.5772000000002,908.3347619047589
1767744000,917.59,918.57,908.41,908.56,,,875.849199999999,904.5864000000001,908.5052380952352
1767747600,908.56,911.07,905.11,906.54,,,876.063799999999,904.7998000000001,908.8028571428542
1767751200,906.55,911.84,904.37,911.24,,,876.3013999999991,905.2038,909.3976190476162
1767754800,911.24,912.65,909.36,909.54,,,876.5449499999991,905.5500000000002,909.4219047619018
1767758400,909.54,910.9,908.77,910.3,,,876.8166499999991,905.9678,909.3652380952352
1767762000,910.3,914.7,909.83,912.3,,,877.1322499999991,906.273,909.6366666666638
1767765600,912.3,916.56,912.11,913.84,,,877.4458999999991,906.4998,909.7195238095211
1767769200,913.86,918.53,913.82,918.34,,,877.768799999999,906.7272,909.984761904759
1767772800,918.34,919.72,915.35,917.11,,,878.0453499999992,906.8614000000001,910.2119047619019
1767776400,917.11,917.64,908.92,910.12,,,878.309099999999,907.0474,910.2657142857114
1767780000,910.12,911.62,908.06,910.56,,,878.609299999999,907.3002000000001,910.5857142857114
1767783600,910.56,912.51,909.77,910.26,,,878.8947999999991,907.6758,910.7799999999971
1767787200,910.26,910.62,904.84,904.87,,,879.1856999999991,908.1958,910.6509523809495
1767790800,904.87,907.16,902.57,904,,,879.4761499999992,908.5478000000002,910.4819047619019
1767794400,904,904.91,898.35,903.3,,,879.7802999999991,908.7738,910.0023809523782
1767798000,903.33,903.55,895.12,899.24,,,880.1128499999992,909.0254000000001,909.3280952380923
1767801600,899.25,901.32,897.6,898.31,,,880.4452999999991,909.2841999999999,909.1414285714255
1767805200,898.31,901.69,896.33,897.37,,,880.7381499999991,909.316,909.597619047616
1767808800,897.38,899.34,895.16,896.4,,,881.0472499999993,909.227,909.5219047619017
1767812400,896.4,897.97,892.67,896.83,,,881.3407499999993,909.1768000000001,909.3895238095208
1767816000,896.83,897.61,893.67,895.66,,,881.6075499999992,909.0930000000001,909.0014285714255
1767819600,895.65,898.08,895.29,897.62,,,881.8774999999993,908.9764000000001,908.2371428571399
1767823200,897.62,899.74,896.11,897.68,,,882.1309499999992,908.8008,907.4576190476162
1767826800,897.68,900.71,895.06,899.8,,,882.3629999999991,908.6370000000002,906.4138095238065
1767830400,899.82,901.5,896.34,901.34,,,882.5768499999992,908.446,905.892857142854
1767834000,901.34,903.92,900.3,900.59,,,882.7854499999993,908.1976000000001,905.4709523809494
1767837600,900.59,901.32,892.99,894.88,,,882.9956499999993,907.9348,904.9261904761873
1767841200,894.88,897.62,891.95,892.88,,,883.2103499999992,907.6510000000001,904.5357142857114
1767844800,892.88,895.75,890.93,893.89,,,883.4107499999992,907.4122,904.0733333333303
1767848400,893.89,896.3,893.53,893.67,,,883.5904499999991,907.1862,903.2438095238065
1767852000,893.67,894.24,879.7,879.7,,,883.7739499999992,906.9995999999999,902.2457142857112
1767855600,879.7,884.91,874.62,884.26,,,883.9638999999992,906.7198,901.0814285714256
1767859200,884.26,886.92,882.09,882.73,,,884.1728999999992,906.4384,899.965238095235
1767862800,882.73,884.72,880.4,881.56,,,884.3796999999993,906.2143999999998,898.5166666666637
1767866400,881.6,886.79,878.6,886.07,,,884.5571999999992,905.9268,897.2642857142826
1767870000,886.07,887,883.22,885.96,,,884.7272999999992,905.3661999999999,895.9533333333302
1767873600,885.96,886.05,881.52,883.4,,,884.9082499999993,904.9406,894.8433333333302
1767877200,883.39,885.31,882.66,884.29,,,885.0751499999991,904.4392,893.9895238095206
1767880800,884.29,884.47,877.13,883.17,,,885.1706499999991,903.9757999999998,893.1638095238063
1767884400,883.17,888.43,881.32,888.22,,,885.288599999999,903.5465999999999,892.4095238095206
1767888000,888.22,889.47,885.02,889.27,,,885.409499999999,903.0115999999999,891.7419047619015
1767891600,889.27,890.76,887.21,890.75,,,885.514249999999,902.4471999999998,891.0657142857112
1767895200,890.75,890.81,886.91,887.84,,,885.648249999999,901.8723999999999,890.6761904761872
1767898800,887.84,889.71,886.47,887.46,,,885.785999999999,901.2791999999998,890.3161904761871
1767902400,887.49,890.32,884.68,889.9,,,885.9016499999991,900.7613999999999,890.0823809523777
1767906000,889.9,891.49,888.87,891.44,,,886.0114499999992,900.1401999999997,889.6166666666634
1767909600,891.44,893.24,889.61,891.4,,,886.1011999999993,899.5745999999998,889.1299999999967
1767913200,891.4,893.88,891.19,891.56,,,886.2069999999992,899.1729999999998,888.658571428568
1767916800,891.56,893.38,891.09,893.36,,,886.3263499999993,899.0477999999998,888.1871428571396
1767920400,893.36,895.24,887.38,889.62,,,886.4580499999992,898.8291999999997,887.7495238095204
1767924000,889.62,893.09,889.3,891.07,,,886.5612499999993,898.6361999999997,887.5914285714252
1767927600,891.07,895.64,890.58,894.79,,,886.6573999999991,898.3537999999996,887.6142857142825
1767931200,894.79,895.72,893.73,894.96,,,886.7771499999992,897.9359999999998,887.410952380949
1767934800,894.96,897.36,894.87,897.32,,,886.8966999999992,897.5391999999997,887.2871428571393
1767938400,897.33,898.03,894.73,895.73,,,887.0277499999992,896.9799999999996,888.0057142857107
1767942000,895.73,895.8,892.85,892.86,,,887.1738499999992,896.6301999999996,888.5152380952346
1767945600,892.86,893.64,885.45,888.93,,,887.3373999999993,896.3951999999997,889.2099999999967
1767949200,888.91,890.81,887.22,887.55,,,887.4770499999993,896.0695999999998,889.8847619047585
1767952800,887.55,889.65,886.83,889.39,,,887.6270999999994,895.8251999999998,890.2080952380919
1767956400,889.39,891.02,888.61,888.78,,,887.7841499999994,895.5337999999997,890.3495238095205
1767960000,888.78,889.4,887.18,888.46,,,887.9456499999993,895.1449999999998,890.5471428571394
1767963600,888.46,892.48,887.24,889.76,,,888.1068999999993,894.6467999999998,890.7899999999967
1767967200,889.76,889.76,885.25,886.8,,,888.2676999999994,894.0309999999997,891.0571428571396
1767970800,886.8,899.31,884.69,893.78,,,888.4151999999995,893.4765999999998,891.0685714285682
1767974400,893.78,900.12,893.78,898.26,,,888.5343499999996,893.0498,891.0919047619014
1767978000,898.26,898.85,894.69,898.05,,,888.6142499999994,892.6077999999999,890.9038095238062
1767981600,898.05,898.77,890.94,894.75,,,888.7091499999995,892.1977999999998,891.1866666666634
1767985200,894.76,894.76,890.18,892.58,,,888.8142999999995,891.8363999999998,891.7009523809492
1767988800,892.58,895.12,891.93,892.31,,,888.9454499999996,891.6319999999998,892.0890476190444
1767992400,892.31,895.48,891.17,895.39,,,889.0864999999993,891.5311999999998,892.2466666666636
1767996000,895.39,896.12,893.6,895.67,,,889.2174499999995,891.5074,892.302857142854
1767999600,895.67,897.34,895.34,895.95,,,889.3947499999995,891.4361999999998,892.3385714285685
1768003200,895.96,898.26,895.65,896.78,,,889.5852499999994,891.3403999999998,892.4352380952351
1768006800,896.78,898.84,896.55,898.22,,,889.7806999999993,891.2585999999999,892.7233333333305
1768010400,898.22,900.09,897.79,898.87,,,889.9547499999993,891.2297999999998,892.9557142857113
1768014000,898.87,906.81,897.79,906.2,,,890.1157999999992,891.2299999999997,893.0504761904733
1768017600,906.2,907.49,902.13,905.18,,,890.2876999999993,891.1965999999998,893.2057142857113
1768021200,905.18,909.02,904.17,906.15,,,890.4769999999993,891.1785999999998,893.2795238095208
1768024800,906.15,908.37,904.7,905.11,,,890.6716499999992,891.1469999999998,893.7780952380923
1768028400,905.11,907.52,904.15,904.26,,,890.8606499999992,891.0975999999998,894.364761904759
1768032000,904.26,905.2,901.63,902.67,,,891.0601499999991,891.2097999999999,895.1847619047588
1768035600,902.67,902.78,898.05,899.79,,,891.257449999999,891.4157999999999,896.0209523809492
1768039200,899.84,901.86,899.08,901.54,,,891.4576499999991,891.6812,896.7290476190445
1768042800,901.55,901.59,899.38,899.42,,,891.687399999999,891.9055999999999,897.3904761904731
1768046400,899.45,899.72,898.39,898.59,,,891.914299999999,892.1174000000001,897.9299999999969
1768050000,898.6,902.05,898.14,901.61,,,892.1394499999992,892.5767999999999,898.4909523809491
1768053600,901.61,904.78,900.39,903.86,,,892.3533499999992,892.8874,899.0919047619017
1768057200,903.86,909.6,903.34,907.64,,,892.5589499999992,893.2635999999999,899.3209523809492
1768060800,907.64,908.56,905.88,908.27,,,892.7552999999991,893.6207999999999,899.480476190473
1768064400,908.27,909.45,906.49,906.91,,,892.9469499999991,893.8711999999999,899.7571428571398
1768068000,906.91,912.2,906.91,911.18,,,893.1443499999991,894.1841999999998,900.3709523809493
1768071600,911.19,914.46,910.36,912.8,,,893.3174999999991,894.5933999999999,901.1180952380922
1768075200,912.8,914.76,908.31,908.35,,,893.491149999999,895.0604,901.8133333333303
1768078800,908.41,908.74,902.45,903.4,,,893.6737999999991,895.5623999999999,902.5652380952351
1768082400,903.4,903.59,901.19,902.39,,,893.8668999999992,895.9362,903.3809523809492
1768086000,902.39,906.92,902.31,906.78,,,894.0859499999991,896.3744,903.9714285714256
1768089600,906.77,908.13,904.2,905.08,,,894.2927499999992,896.8154,904.2866666666638
1768093200,905.08,907.2,903.13,906.86,,,894.4764499999992,897.2256,904.4852380952351
1768096800,906.86,909.72,906.66,909.23,,,894.6778999999992,897.5443999999999,904.8619047619018
1768100400,909.23,912.67,907.81,912.05,,,894.8993499999991,897.7941999999999,904.8085714285683
1768104000,912.05,913.74,910.36,911.93,,,895.0982499999992,898.1010000000001,904.8885714285683
1768107600,911.93,913.4,909.65,912.2,,,895.2685999999993,898.3745999999999,905.0352380952348
1768111200,912.2,913.28,909.69,912.7,,,895.4090999999993,898.6806,905.3657142857112
1768114800,912.7,915.04,911.22,912.38,,,895.5586499999994,898.9979999999999,905.7309523809492
1768118400,912.38,916,911.64,915.65,,,895.6567999999993,899.4466,906.1847619047588
1768122000,915.65,915.86,911.08,912.19,,,895.7620499999992,899.8637999999999,906.7995238095207
1768125600,912.19,912.34,910.64,911.57,,,895.9095999999994,900.212,907.3157142857112
1768129200,911.57,912.26,910.58,910.84,,,896.0724499999993,900.5668,908.0885714285683
1768132800,910.84,913.17,910.84,912.32,,,896.2402499999994,900.8679999999999,908.7361904761873
1768136400,912.32,912.8,911,912.67,,,896.3946499999994,901.2663999999999,909.210476190473
1768140000,912.67,914.22,909.75,910.07,,,896.5393499999994,901.6529999999998,909.5428571428539
1768143600,910.07,910.52,905.22,907.51,,,896.7003999999993,902.1057999999998,909.765714285711
1768147200,907.51,909.94,906.52,906.56,,,896.8729999999993,902.5715999999999,909.9752380952348
1768150800,906.56,907.75,904.98,906.15,,,897.0368999999993,903.0301999999999,910.125714285711
1768154400,906.15,906.15,904.13,905.06,,,897.2064999999993,903.5079999999999,909.9509523809492
1768158000,905.07,905.55,902.44,903.3,,,897.3668499999992,903.9401999999999,909.6538095238062
1768161600,903.3,903.34,899.54,901.16,,,897.5337499999993,904.2951999999999,909.5490476190442
1768165200,901.16,904.11,899.02,903.65,,,897.7156499999993,904.6904,909.6280952380919
1768168800,903.66,903.68,900.12,901.54,,,897.8967499999992,904.9377999999998,909.6714285714254
1768172400,901.54,903.39,897.57,902.96,,,898.0710499999991,905.0737999999999,909.4038095238062
1768176000,902.96,904.7,895.7,900.59,,,898.2344499999992,905.1787999999999,909.335714285711
1768179600,900.59,904.07,899.29,902.09,,,898.3932499999991,905.3069999999998,909.0823809523774
1768183200,902.1,908.39,900.71,907.58,,,898.5524999999991,905.5283999999999,908.783809523806
1768186800,907.58,909.32,903.79,903.99,,,898.6995499999991,905.7130000000001,908.2380952380918
1768190400,903.99,908.81,903.87,908.17,,,898.8307999999992,905.8644,907.7695238095204
1768194000,908.16,908.68,906.34,906.69,,,898.9659999999992,905.9628,907.5495238095202
1768197600,906.69,907.83,905.28,906.03,,,899.1042499999992,906.0856,907.1347619047585
1768201200,906.03,907.16,902.64,903.53,,,899.2536999999991,906.3016,906.9342857142822
1768204800,903.53,907.01,898.28,902,,,899.3794999999991,906.4169999999999,906.5076190476155
1768208400,902.01,902.36,899.14,899.53,,,899.5077499999991,906.6030000000001,906.2142857142823
1768212000,899.53,900.69,897.4,897.74,,,899.6630999999991,906.6128,905.831428571425
1768215600,897.74,900.7,897.1,900.11,,,899.8026499999992,906.6297999999999,905.4104761904727
1768219200,900.11,902.36,899.01,900.73,,,899.9587499999991,906.5773999999999,904.8014285714252
1768222800,900.77,900.77,897.12,898.91,,,900.0979499999993,906.5151999999999,904.0904761904728
1768226400,898.91,900.78,892.9,898.56,,,900.2372999999992,906.4205999999999,903.616190476187
1768230000,898.56,903.89,897.8,902.92,,,900.3633999999993,906.322,903.2933333333299
1768233600,902.91,906.77,902.9,904.32,,,900.4701499999991,906.3284,902.9290476190442
1768237200,904.32,905.76,898.83,903.19,,,900.5568999999991,906.3121999999998,902.5676190476157
1768240800,903.19,906.74,903.06,906.54,,,900.6438999999991,906.302,902.465714285711
1768244400,906.55,907.87,904.33,906.51,,,900.7304499999991,906.3013999999998,902.5142857142824
1768248000,906.51,907.02,903.82,903.91,,,900.7918499999992,906.3275999999998,902.610952380949
1768251600,903.91,904.95,900.01,901.27,,,900.847599999999,906.3367999999999,902.748571428568
1768255200,901.27,905.65,901.26,904.57,,,900.9184499999991,906.2478,902.9852380952348
1768258800,904.57,906.14,902.75,904.5,,,901.0111499999991,906.2131999999999,903.0304761904729
1768262400,904.49,906.87,903.36,905.28,,,901.1045499999991,906.2051999999999,903.0628571428537
1768266000,905.28,906.28,901.54,902.32,,,901.1912999999992,906.0598,903.1809523809491
1768269600,902.32,904.46,901.31,903.87,,,901.2896499999993,905.8291999999998,903.0342857142823
1768273200,903.9,905.81,902.63,905.41,,,901.3992499999991,905.7535999999999,903.0957142857109
1768276800,905.41,908.38,905.4,908.37,,,901.4850499999993,905.7755999999998,902.8171428571395
1768280400,908.33,910.91,907.86,908.1,,,901.5492999999993,905.8334,902.6828571428539
1768284000,908.09,911.12,907.02,910.84,,,901.6390499999994,905.7442,902.6533333333301
1768287600,910.85,913.76,909.06,909.06,,,901.7169999999992,905.72,902.8838095238063
1768291200,909.06,910.98,907.36,909.49,,,901.7584999999993,905.691,903.1742857142824
1768294800,909.49,911.18,907.2,908.14,,,901.7669499999992,905.6738,903.7128571428539
1768298400,908.14,909.64,907.16,907.95,,,901.8120499999991,905.5948000000001,904.2519047619013
1768302000,907.95,908.42,906.68,906.77,,,901.8778499999992,905.573,904.698571428568
1768305600,906.77,908.76,905.24,908.39,,,901.9402499999992,905.5102,905.0514285714252
1768309200,908.39,911.97,907.37,908.8,,,901.9972999999991,905.446,905.4819047619014
1768312800,908.8,912.94,907.47,909.61,,,902.0849999999991,905.3611999999999,905.8728571428537
1768316400,909.62,915.56,907.73,915.38,,,902.1542999999992,905.2072000000001,906.13333333333
1768320000,915.36,922.42,915.35,919,,,902.2023999999992,905.0988000000001,906.3466666666633
1768323600,919,921.15,916.07,919.56,,,902.2289499999991,905.0352,906.6523809523777
1768327200,919.55,938.54,919.3,938.54,,,902.2636999999992,904.9944,907.0733333333299
1768330800,938.54,944.33,937.93,940.47,,,902.2992499999991,904.9401999999999,907.6680952380918
1768334400,940.47,944.87,939.25,942.28,,,902.3658999999991,904.9944,908.41333333333
1768338000,942.28,943,939.98,940.82,,,902.448199999999,905.173,910.1880952380919
1768341600,940.82,951.53,939.57,945.11,,,902.4986999999991,905.414,911.8976190476159
1768345200,945.11,947.66,940.36,942.59,,,902.5814999999991,906.0536,913.6966666666634
1768348800,942.59,948.3,942.59,947.31,,,902.6865999999992,906.7399999999999,915.3890476190444
1768352400,947.32,951.14,945.91,947.02,,,902.7977999999991,907.4844,917.4266666666636
1768356000,947.02,953.71,946.86,947.73,,,902.9740999999991,908.2348,919.2704761904731
1768359600,947.72,950.05,945.47,949.63,,,903.134199999999,909.1137999999999,921.2657142857113
1768363200,949.63,951.65,942.67,943.82,,,903.3165499999991,909.8925999999999,923.1061904761875
1768366800,943.82,943.83,939.62,940.02,,,903.503499999999,910.808,924.9933333333304
1768370400,940.02,940.02,935.61,938.21,,,903.7083499999991,911.6892,926.8404761904733
1768374000,938.21,939.62,934.94,936.98,,,903.890549999999,912.632,928.4957142857115
1768377600,936.98,938.04,934.75,935.69,,,904.1041499999991,913.5828,929.949523809521
1768381200,935.69,938.41,935.59,937.26,,,904.307349999999,914.3076,931.3814285714258
1768384800,937.25,938.3,934.25,935.56,,,904.5055999999989,915.0282,932.7638095238066
1768388400,935.56,935.63,927.99,928.3,,,904.699949999999,915.6289999999999,934.1409523809496
1768392000,928.3,934.78,928.02,933.83,,,904.859699999999,916.2348,935.5157142857114
1768395600,933.83,934.46,931.26,931.9,,,905.0010999999992,916.828,936.7899999999972
1768399200,931.9,943.29,931.79,941.25,,,905.128949999999,917.5025999999999,937.6799999999972
1768402800,941.25,945.53,938.27,941.6,,,905.264249999999,918.1737999999999,938.5585714285686
1768406400,941.6,946.98,941.6,943.49,,,905.3983499999989,918.7492,939.1728571428545
1768410000,943.49,945.61,939.7,941.94,,,905.5498999999988,919.471,940.2057142857115
1768413600,941.94,944.37,937.81,942.68,,,905.7022499999989,920.1068,940.3514285714258
1768417200,942.68,947.06,941.89,943.21,,,905.8034999999991,920.9172,940.4952380952354
1768420800,943.21,947.31,942.79,944.1,,,905.9339999999991,921.7710000000001,940.4790476190449
1768424400,944.1,946.14,942.82,945.15,,,906.065799999999,922.6696000000001,940.5676190476164
1768428000,945.15,948.02,944.01,944.77,,,906.233049999999,923.45,940.4771428571403
1768431600,944.77,949.34,944.68,947.99,,,906.417399999999,924.2172000000002,940.5490476190449
1768435200,947.99,948.84,940.1,940.96,,,906.597199999999,925.0176000000001,940.4461904761878
1768438800,940.96,942.48,934.72,936.9,,,906.743349999999,925.7688,940.339047619045
1768442400,936.9,938.85,932.3,934.09,,,906.8986499999991,926.5416,940.3514285714258
1768446000,934.09,935.23,929.18,931.88,,,907.0495499999992,927.3588000000001,939.9385714285688
1768449600,931.88,936.92,931.4,935.83,,,907.2058999999991,928.2932000000001,939.6090476190451
1768453200,935.77,938.15,935.76,936.45,,,907.3610999999992,929.0210000000001,939.3266666666641
1768456800,936.45,937.39,933.76,933.84,,,907.4832999999992,929.6690000000001,939.0252380952354
1768460400,933.84,939.87,933.76,939.15,,,907.6280999999991,930.2452000000001,938.9704761904736
1768464000,939.15,942.83,938.24,942.78,,,907.793299999999,930.8364,939.006666666664
1768467600,942.78,942.93,939.77,941.13,,,908.0091999999989,931.4756000000001,938.8438095238068
1768471200,941.13,941.46,939.21,939.21,,,908.175499999999,932.0964,939.0147619047592
1768474800,939.21,940.61,937.78,938.23,,,908.329449999999,932.6058,939.704285714283
1768478400,938.23,941.3,937.39,940.95,,,908.4809999999991,933.2268000000003,940.051904761902
1768482000,940.98,944.89,940.15,943.37,,,908.6009999999991,933.8656000000001,940.3999999999972
1768485600,943.37,945.77,933.77,938.53,,,908.704199999999,934.5070000000001,940.2561904761877
1768489200,938.51,940.12,930.4,937.64,,,908.812049999999,935.1014,940.2252380952355
1768492800,937.64,940.71,934.9,940.3,,,908.9831499999991,935.7031999999999,940.2195238095212
1768496400,940.3,942.55,937.4,937.94,,,909.1560999999991,936.3631999999999,940.0571428571403
1768500000,937.93,938.37,931.32,931.67,,,909.2959499999992,937.0951999999999,939.8171428571402
1768503600,931.67,931.72,925.17,928.14,,,909.4393999999992,937.6979999999999,939.6785714285688
1768507200,928.14,929.05,924.19,925.37,,,909.5926499999991,938.2747999999999,939.3852380952355
1768510800,925.37,930.61,925.28,929.76,,,909.7479999999991,938.8885999999999,938.7433333333306
1768514400,929.76,933.59,929.37,932.08,,,909.8714499999992,939.3397999999999,937.9514285714259
1768518000,932.08,932.73,929.79,931.28,,,909.9679499999993,939.5931999999999,936.874285714283
1768521600,931.28,933.63,929.61,932.9,,,910.0838999999993,939.7647999999999,936.3409523809496
1768525200,932.9,933.14,929.08,932.35,,,910.2229999999992,939.5014,936.1114285714258
1768528800,932.34,932.87,928.95,931.59,,,910.328549999999,939.2872,935.9776190476164
1768532400,931.59,932.5,929.2,929.25,,,910.4179499999991,939.0831999999999,936.0261904761878
1768536000,929.24,930.92,926.91,928.16,,,910.5204499999991,938.8924000000001,935.8604761904736
1768539600,928.16,933.68,927.54,933.27,,,910.6492499999991,938.6482000000001,935.629047619045
1768543200,933.27,935.53,932.11,935.52,,,910.7931499999992,938.4434,935.4104761904736
1768546800,935.52,935.82,932.33,933.64,,,910.9533499999992,938.1289999999999,934.8871428571401
1768550400,933.63,938.14,933.61,936.85,,,911.1262999999992,937.7736,934.4342857142831
1768554000,936.84,937.33,934.56,935.13,,,911.3011999999992,937.3821999999999,934.16714285714
1768557600,935.13,935.63,932.9,933.48,,,911.4771499999993,937.0549999999998,933.901904761902
1768561200,933.46,935.29,931.78,934.97,,,911.6392499999993,936.8889999999999,933.8361904761878
1768564800,934.97,937.09,934.01,934.46,,,911.8017499999993,936.7614,933.5590476190449
1768568400,934.47,934.6,931.23,934.42,,,911.9799999999992,936.7342,933.0880952380924
1768572000,934.42,935.53,930.11,930.52,,,912.1691999999993,936.6972000000001,932.9185714285685
1768575600,930.52,933.43,923.56,926.76,,,912.3383999999992,936.653,932.7671428571399
1768579200,926.77,930.61,926.3,929.68,,,912.5159499999993,936.6072,932.48714285714
1768582800,929.69,931.32,926.98,931.16,,,912.6886499999991,936.5852,932.1338095238067
1768586400,931.16,932.08,930.32,931.09,,,912.8816499999992,936.7076,931.8999999999972
1768590000,931.09,931.78,929.01,931.05,,,913.0920999999992,936.6414,931.9733333333306
1768593600,931.06,934.15,928.48,934.15,,,913.2949499999992,936.5386,932.249047619045
1768597200,934.15,935.58,932.77,934.93,,,913.4986999999992,936.3072,932.3123809523782
1768600800,934.93,937.87,933.49,937.55,,,913.7527999999993,936.0984,932.2633333333307
1768604400,937.55,939.09,937.03,937.82,,,913.9652999999993,935.8504,932.3999999999975
1768608000,937.84,938.25,935.58,935.72,,,914.2000499999994,935.6326000000001,932.4966666666643
1768611600,935.72,938.6,935.38,938.11,,,914.4480499999994,935.4620000000001,932.7442857142834
1768615200,938.11,938.18,935.24,937.27,,,914.6731499999993,935.2964000000002,933.04095238095
1768618800,937.27,937.39,935.64,937.32,,,914.8985999999994,935.1654000000001,933.3490476190452
1768622400,937.33,938.05,935.83,937.71,,,915.1523499999994,935.0188000000002,933.8228571428548
1768626000,937.71,938.67,936.51,938.08,,,915.4055499999994,934.8378000000001,934.013333333331
1768629600,938.08,938.09,935.97,936.95,,,915.6774499999993,934.6402000000002,934.0990476190455
1768633200,936.95,937.14,935.24,935.6,,,915.9254499999994,934.5664000000002,934.2928571428549
1768636800,935.6,937.99,935.38,937.84,,,916.1576999999993,934.5748000000002,934.3514285714264
1768640400,937.84,941.97,936.82,941.74,,,916.3944999999994,934.6472000000001,934.4380952380931
1768644000,941.74,943.06,940.7,941.17,,,916.6416499999993,934.7712000000002,934.5390476190455
1768647600,941.17,944.17,939.75,942.59,,,916.8909499999993,934.7936000000002,934.6757142857119
1768651200,942.59,944.05,942.04,942.11,,,917.1299999999993,934.7766000000001,935.0223809523787
1768654800,942.11,943.23,941.18,943.22,,,917.3631999999993,934.8566000000002,935.3438095238072
1768658400,943.22,943.86,941.28,943.34,,,917.5909499999993,934.9084000000003,935.9185714285691
1768662000,943.34,958.38,942.3,955.05,,,917.8111499999993,934.8762000000004,936.6495238095214
1768665600,955.05,955.62,948.75,950.23,,,918.0335499999992,934.9054000000002,937.2942857142833
1768669200,950.23,953.56,949.78,952.3,,,918.2941499999994,934.9634000000002,937.8742857142834
1768672800,952.3,953.49,951.27,952.79,,,918.5446499999994,935.0632000000002,939.0152380952356
1768676400,952.79,953.26,951.29,952.18,,,918.7836499999993,935.1110000000003,939.9285714285691
1768680000,952.18,952.81,949.65,951.73,,,919.0193999999995,935.3446000000004,940.7928571428546
1768683600,951.73,953.67,950.85,951.37,,,919.2488999999994,935.5786000000003,941.6433333333308
1768687200,951.37,952.28,945.16,946.4,,,919.4869499999995,935.8718000000003,942.3399999999975
1768690800,946.4,948.15,946.12,946.89,,,919.7978999999993,936.1216000000005,943.0023809523785
1768694400,946.89,950.11,945.25,945.29,,,920.1043999999993,936.4064000000004,943.7476190476167
1768698000,945.29,945.84,942.89,944.68,,,920.4281499999994,936.8076000000004,944.1423809523784
1768701600,944.68,947.18,944.62,946.03,,,920.7451499999994,937.2722000000005,944.6004761904736
1768705200,946.03,950.47,946.02,950.15,,,921.0621499999994,937.6928000000004,944.9799999999976
1768708800,950.15,950.15,947.54,948.35,,,921.3784999999993,938.0354000000003,945.3119047619025
1768712400,948.35,949.15,946.96,947.29,,,921.6865499999994,938.2996000000005,945.6904761904738
1768716000,947.29,947.83,946.01,946.76,,,921.9845499999994,938.5676000000005,946.3190476190453
1768719600,946.76,947.63,944.43,944.46,,,922.2500999999995,938.8302000000007,946.9261904761879
1768723200,944.46,946.88,943.52,945.92,,,922.4852499999994,939.1862000000007,947.3761904761881
1768726800,945.92,947.03,945.03,945.39,,,922.7183999999994,939.5214000000005,947.6152380952356
1768730400,945.39,945.46,943.7,944.41,,,922.9747999999994,939.8822000000006,947.7719047619023
1768734000,944.41,946.99,944.01,946.49,,,923.2626499999994,940.2542000000005,947.9304761904737
1768737600,946.49,948.24,945.5,947.78,,,923.5428499999995,940.4780000000007,948.0866666666642
1768741200,947.78,948.17,945.15,946.69,,,923.8023499999995,940.6860000000006,948.143333333331
1768744800,946.69,948.67,944.88,945.04,,,924.0577999999994,940.9210000000006,948.2933333333309
1768748400,945.04,950.48,944.23,949.84,,,924.3003499999994,941.0722000000006,947.9471428571404
1768752000,949.84,950.79,948.59,950.18,,,924.5460499999994,941.2994000000004,947.7785714285691
1768755600,950.18,951.68,948.74,951.43,,,924.7818999999993,941.5854000000005,947.4328571428547
1768759200,951.44,952.96,950.08,951.36,,,925.0095999999993,941.8198000000006,947.2923809523785
1768762800,951.36,952.1,948.82,949.41,,,925.2110499999994,942.0314000000005,947.1971428571404
1768766400,949.41,952.95,948.91,952.04,,,925.4240499999993,942.3398000000005,947.1828571428547
1768770000,952.03,952.19,950.26,950.99,,,925.6267499999994,942.7330000000005,947.1823809523785
1768773600,950.99,951.33,949.66,950.83,,,925.8263999999992,943.2264000000005,947.3257142857119
1768777200,950.83,950.83,931.48,931.94,,,926.0542999999992,943.6600000000005,947.5709523809498
1768780800,931.94,932.1,903.85,918.63,,,926.2918499999993,944.0250000000005,947.8423809523784
1768784400,918.64,921.8,916.29,919.45,,,926.5500499999994,944.4440000000005,948.1352380952356
1768788000,919.45,921.83,917.16,920.72,,,926.7991499999994,944.8428000000006,947.4642857142833
1768791600,920.72,925.32,920.45,924.88,,,927.0490999999993,945.1764000000006,945.9633333333311
1768795200,924.87,927.15,922.61,926.07,,,927.3163499999993,945.1166000000005,944.5871428571405
1768798800,926.07,927.43,922.84,924.66,,,927.5632499999992,944.7382000000005,943.3219047619025
1768802400,924.66,925.84,922.68,924.77,,,927.7980999999993,944.3708000000006,942.2799999999976
1768806000,924.77,927.48,923.1,926.9,,,927.9195999999994,944.0708000000004,941.4042857142833
1768809600,926.9,928.4,924.95,926.63,,,927.9713999999992,943.8062000000006,940.3919047619025
1768813200,926.63,928.05,924.18,927.97,,,928.0340999999993,943.5822000000006,939.4099999999978
1768816800,927.97,929.46,926.22,926.4,,,928.0817999999994,943.3290000000006,938.5761904761881
1768820400,926.4,928.6,925.34,927.85,,,928.1421999999994,943.0702000000006,937.630476190474
1768824000,927.85,928.07,925.1,927.54,,,928.2307999999995,942.8466000000006,936.6871428571407
1768827600,927.54,929.64,925.66,928.59,,,928.3370999999995,942.6402000000006,935.72095238095
1768831200,928.59,929.05,922.92,923.82,,,928.4489999999995,942.4876000000007,934.9023809523787
1768834800,923.82,925.95,923.82,924.91,,,928.5495999999995,942.2588000000007,933.8404761904739
1768838400,924.92,928.49,924.61,928.27,,,928.6573499999996,941.9810000000008,932.8123809523788
1768842000,928.27,928.27,926.37,927.36,,,928.7628999999996,941.7084000000007,931.4976190476168
1768845600,927.36,927.41,924.96,926.81,,,928.8487499999995,941.4284000000007,930.238095238093
1768849200,926.81,928.75,926.01,926.25,,,928.9277499999995,941.0626000000008,929.2314285714264
1768852800,926.25,927.3,925.11,925.88,,,929.0057999999996,940.6964000000008,928.0561904761882
1768856400,925.88,926.87,924.42,924.68,,,929.0877499999995,940.3950000000008,926.9047619047599
1768860000,924.68,926.06,921.28,921.34,,,929.1433499999995,939.8412000000006,925.7342857142836
1768863600,921.34,925.04,919.75,923.22,,,929.2059999999997,939.3728000000007,925.4457142857123
1768867200,923.21,930.5,923.01,928.87,,,929.2690999999996,938.8518000000007,925.7338095238074
1768870800,928.86,932.51,927.51,931.87,,,929.3449499999995,938.3136000000007,925.8238095238074
1768874400,931.87,931.93,926.45,927.86,,,929.4211499999997,937.7636000000007,925.942857142855
1768878000,927.86,928.69,926.19,927.08,,,929.4981999999995,937.1558000000008,926.1328571428551
1768881600,927.08,928.01,925.68,926.15,,,929.5659999999995,936.5928000000008,926.4090476190455
1768885200,926.15,926.15,919.65,921.7,,,929.6260499999995,936.2422000000009,926.5614285714265
1768888800,921.71,921.76,913.96,914.75,,,929.6823999999995,935.9418000000009,926.6714285714266
1768892400,914.75,918.85,914.16,917.28,,,929.7609499999995,935.5932000000008,926.6357142857123
1768896000,917.29,917.3,908.59,913.75,,,929.8724999999996,935.2412000000008,926.4009523809503
1768899600,913.76,913.81,912.17,912.62,,,930.0010999999996,934.8436000000008,925.7714285714267
1768903200,912.62,915.07,912.16,913.91,,,930.1150999999996,934.274600000001,925.3371428571411
1768906800,913.91,914.77,911.69,912.06,,,930.2339999999997,933.602600000001,924.6657142857124
1768910400,912.06,915.31,911.91,913.29,,,930.3589499999996,933.0024000000009,923.9552380952363
1768914000,913.29,913.42,905.4,905.61,,,930.4491999999997,932.3422000000011,923.2561904761886
1768917600,905.6,910.29,902.12,902.76,,,930.5152499999997,931.705400000001,922.6961904761887
1768921200,902.76,904.8,896.46,904.74,,,930.5868499999997,931.0652000000009,922.1428571428554
1768924800,904.74,907.88,896.1,896.17,,,930.6526499999997,930.398600000001,921.0638095238077
1768928400,896.17,899.36,887.01,889.87,,,930.7052999999997,929.7762000000009,919.8923809523791
1768932000,889.87,894.33,889.81,891.56,,,930.7369499999998,928.9586000000008,918.8414285714267
1768935600,891.57,895.87,891.14,895.16,,,930.7772999999999,928.058200000001,917.4090476190457
1768939200,895.15,897.11,893.75,895.2,,,930.8028999999999,927.219200000001,915.6942857142838
1768942800,895.2,896.03,893.18,894.11,,,930.7974999999999,926.2418000000009,914.117142857141
1768946400,894.11,896.56,884.75,890.52,,,930.7811499999999,925.0424000000011,912.8704761904743
1768950000,890.52,890.66,883.5,883.62,,,930.7872,923.870000000001,911.5361904761885
1768953600,883.61,883.62,866.31,879.78,,,930.75805,922.7446000000009,909.8809523809505
1768957200,879.79,882.52,877.47,878.66,,,930.7097500000001,921.6214000000009,907.911904761903
1768960800,878.67,880.86,875.64,876.11,,,930.6788500000001,920.5154000000009,905.8052380952362
1768964400,876.13,880.98,874.38,880.38,,,930.6541000000001,919.2850000000009,903.5528571428551
1768968000,880.38,881.33,878.22,878.61,,,930.6264499999999,917.9376000000008,901.2914285714264
1768971600,878.61,884.73,877.94,882.91,,,930.60245,916.516600000001,899.120476190474
1768975200,882.91,883.56,876.82,877.23,,,930.5622500000001,915.4510000000009,897.4838095238074
1768978800,877.23,878.6,873.64,874.36,,,930.46575,914.600600000001,895.642380952379
1768982400,874.36,874.36,868.99,871.83,,,930.3430500000001,913.819200000001,894.1738095238076
1768986000,871.83,874.39,871.2,871.66,,,930.2204,912.9770000000009,892.4885714285695
1768989600,871.66,875,871.24,872.31,,,930.0682500000001,912.1376000000008,890.605238095236
1768993200,872.31,873.89,868.98,869.68,,,929.9376000000001,911.1608000000009,888.6895238095217
1768996800,869.68,870.5,863.52,870.34,,,929.8111000000001,910.1548000000008,886.7071428571408
1769000400,870.33,874.86,870.21,873.04,,,929.7193000000002,909.0960000000008,885.1214285714262
1769004000,873.03,883.33,872.33,882.72,,,929.5826000000002,907.9912000000008,883.5461904761883
1769007600,882.71,892.47,882.61,891.48,,,929.4319000000002,906.9048000000008,881.908095238093
1769011200,891.49,891.69,866.94,866.99,,,929.2646500000003,905.7390000000008,880.8066666666643
1769014800,866.99,873.15,864.81,868.68,,,929.1113500000002,904.6178000000009,880.4661904761881
1769018400,868.68,874.24,866.47,872.35,,,928.9535500000003,903.521600000001,880.4623809523785
1769022000,872.36,888.69,870.35,888.65,,,928.7749000000002,902.6252000000007,879.12095238095
1769025600,888.65,888.91,881.21,887.26,,,928.5847500000003,901.8830000000007,877.8580952380928
1769029200,887.27,889.58,886.22,888.35,,,928.4094500000003,900.7464000000007,876.8219047619025
1769032800,888.35,891.32,885.36,886.7,,,928.2688500000004,899.6218000000008,876.7328571428549
1769036400,886.7,888.92,881.25,882.31,,,928.1809500000003,898.5034000000007,876.9061904761882
1769040000,882.31,889.71,882.31,888.58,,,927.9684500000003,897.7292000000007,877.3142857142834
1769043600,888.58,891.78,888.11,891.46,,,927.7711500000004,896.9382000000006,877.6971428571404
1769047200,891.46,893.36,888.74,888.82,,,927.5931500000003,896.1802000000006,877.9923809523785
1769050800,888.82,891.86,888.15,890.59,,,927.5025500000004,895.3966000000006,878.3828571428547
1769054400,890.56,892.33,890.25,891.39,,,927.3969000000004,894.5492000000006,878.9947619047595
1769058000,891.39,892.27,889.34,890.49,,,927.2946500000004,893.8940000000007,879.2761904761882
1769061600,890.48,892.2,888.65,890.09,,,927.1801000000005,893.2588000000006,879.9123809523787
1769065200,890.09,890.32,887.07,888.05,,,927.0147500000005,892.4578000000007,880.723333333331
1769068800,888.05,891.62,888.02,891.15,,,926.8626500000005,891.6322000000007,881.6119047619025
1769072400,891.15,895.49,890.69,894.53,,,926.7221500000005,890.9028000000008,882.4895238095213
1769076000,894.53,896.79,894.18,895.7,,,926.4735500000005,890.1710000000006,883.2390476190452
1769079600,895.7,896.31,891.58,892.18,,,926.2241500000005,889.4498000000007,884.2614285714262
1769083200,892.18,893.23,891.4,891.88,,,925.9697000000004,888.7768000000007,885.4133333333309
1769086800,891.88,894.21,885.79,887.48,,,925.7180500000004,888.3048000000007,886.4923809523785
1769090400,887.48,888.08,880.75,882.44,,,925.4429500000005,887.8498000000006,886.9428571428547
1769094000,882.45,886.09,877.51,882.37,,,925.1702500000004,887.4888000000007,886.9619047619022
1769097600,882.36,886.92,881.16,884.35,,,924.8894500000004,887.0800000000006,887.9376190476165
1769101200,884.35,887.45,882.96,887.28,,,924.6270000000004,886.6394000000007,888.5928571428545
1769104800,887.3,887.73,883.1,883.35,,,924.3668500000005,886.1478000000008,889.0699999999974
1769108400,883.35,888.24,882.41,887.6,,,924.0796000000004,885.5308000000008,888.8652380952356
1769112000,887.6,888.7,885.62,886.8,,,923.8199000000003,885.0660000000006,888.866190476188
1769115600,886.8,889.26,886.3,887.37,,,923.5572000000003,884.6978000000006,888.6280952380928
1769119200,887.36,890.44,886.21,886.84,,,923.2783500000004,884.3486000000005,888.67095238095
1769122800,886.84,887.38,884.79,887.32,,,923.0053000000003,884.0922000000005,888.8847619047596
1769126400,887.32,889.54,887.08,888.67,,,922.7486000000004,884.0468000000005,888.8271428571404
1769130000,888.69,891.15,888.23,891.13,,,922.4987000000002,883.9516000000004,888.6071428571403
1769133600,891.14,891.44,887.62,887.92,,,922.2376500000001,883.7958000000004,888.5357142857118
1769137200,887.92,891.43,887.86,890.72,,,922.0341500000001,883.6286000000005,888.4442857142832
1769140800,890.72,892.53,890.21,891.29,,,921.7990000000001,883.4928000000004,888.4319047619023
1769144400,891.29,891.3,888.57,890.45,,,921.5763499999999,883.4558000000003,888.3095238095214
1769148000,890.45,891.92,888.39,889.39,,,921.3043000000001,883.6060000000004,888.3395238095212
1769151600,889.39,891.45,889.31,890.48,,,921.0329,883.7688000000005,888.493809523807
1769155200,890.48,890.86,887.17,887.91,,,920.7588000000001,884.0100000000004,888.4604761904736
1769158800,887.92,889.41,886.04,886.63,,,920.5047500000002,884.3136000000004,888.2157142857118
1769162400,886.63,888.5,884.87,887.75,,,920.2309500000001,884.5150000000004,887.9671428571403
1769166000,887.75,889.19,886.16,886.44,,,919.9685000000002,884.7306000000004,887.7638095238069
1769169600,886.44,887.38,885.59,886.65,,,919.7044500000002,884.8820000000004,887.5138095238069
1769173200,886.65,887.71,885.4,886.98,,,919.4309500000002,885.0956000000002,887.5266666666643
1769176800,887,890.19,882.45,886.12,,,919.1540500000001,885.3410000000002,887.7171428571405
1769180400,886.12,891.49,883.17,891.07,,,918.8665000000001,885.6594000000001,887.9209523809501
1769184000,891.07,897.91,891.05,895.21,,,918.6012500000002,885.9550000000003,888.0461904761881
1769187600,895.21,904.07,893.6,898.4,,,918.3499,886.2418000000002,887.99095238095
1769191200,898.4,902.17,897.51,899.07,,,918.1182000000001,886.5878000000002,888.3585714285691
1769194800,899.07,899.18,890.09,892.83,,,917.8910000000001,886.9034000000003,888.72095238095
1769198400,892.82,894.03,888,889.88,,,917.6451000000001,887.2640000000002,889.273333333331
1769202000,889.88,891.55,889.04,889.18,,,917.3977500000001,887.5138000000002,889.8304761904739
1769205600,889.18,892.29,889.05,891.95,,,917.1591500000001,887.6522000000001,890.1157142857119
1769209200,891.95,891.97,889.75,890.82,,,916.91875,888.2938000000001,890.2376190476167
1769212800,890.82,891.16,888.52,888.79,,,916.6809,888.7768000000002,890.2619047619025
1769216400,888.8,889.63,888.23,889.15,,,916.4672499999999,889.1274000000002,890.3009523809501
1769220000,889.15,892.12,889.07,891.55,,,916.2665499999999,889.1380000000001,890.4390476190454
1769223600,891.55,893.1,890.77,891.79,,,916.03955,889.2318000000002,890.3471428571406
1769227200,891.79,893.09,891.18,891.65,,,915.7841999999999,889.2812000000002,890.2452380952359
1769230800,891.65,892.6,891.31,891.72,,,915.5132500000001,889.3230000000002,890.2976190476168
1769234400,891.72,892.29,890.95,891.14,,,915.2803500000002,889.4598000000002,890.4119047619026
1769238000,891.14,891.9,890.34,890.94,,,915.0462500000001,889.5192000000003,890.467619047617
1769241600,890.94,891.43,890.15,891.31,,,914.7887000000001,889.5258000000003,890.6490476190456
1769245200,891.31,891.48,890.61,891.03,,,914.54475,889.5824000000003,890.8638095238076
1769248800,891.02,891.52,890.46,890.98,,,914.3441500000001,889.6050000000001,891.0157142857123
1769252400,890.97,892.84,890.93,891.48,,,914.1624,889.6000000000003,891.2476190476171
1769256000,891.48,891.57,890.61,891.06,,,913.9938000000001,889.6090000000003,891.4561904761885
1769259600,891.06,891.31,889.89,889.89,,,913.8036000000002,889.6334000000003,891.6466666666647
1769263200,889.92,891.72,889.74,890.44,,,913.5989000000002,889.6930000000002,891.901904761903
1769266800,890.44,891.48,887.65,887.65,,,913.3972000000001,889.6896000000002,891.9014285714269
1769270400,887.65,887.69,885.43,886.59,,,913.1892500000001,889.6286000000001,891.6480952380936
1769274000,886.59,888.51,886.23,888.22,,,912.9826500000001,889.5358000000001,891.2690476190458
1769277600,888.22,889.19,887.57,887.8,,,912.7796000000001,889.4900000000001,890.7252380952364
1769281200,887.8,887.87,886.85,887.06,,,912.5907500000001,889.4612000000001,890.4280952380934
1769284800,887.06,887.69,886.29,886.74,,,912.4052500000001,889.4646,890.349047619046
1769288400,886.74,887.47,886.1,887.47,,,912.18835,889.5476000000001,890.2833333333316
1769292000,887.47,888.56,886.98,887.63,,,911.96295,889.6646000000001,890.0504761904746
1769295600,887.63,888.04,885.92,886.08,,,911.7330000000001,889.7336,889.8561904761889
1769299200,886.07,886.27,884.27,884.65,,,911.4816999999999,889.7292,889.7933333333316
1769302800,884.65,884.96,882.41,883.23,,,911.2471499999999,889.797,889.7209523809506
1769306400,883.22,883.72,882.36,882.58,,,911.0187499999998,889.7944,889.4604761904744
1769310000,882.57,883.11,878.77,879.95,,,910.7791999999998,889.811,889.1204761904744
1769313600,879.95,882.2,879.67,880.94,,,910.5405999999998,889.7852,888.7195238095219
1769317200,880.94,881.41,879.12,880.76,,,910.30585,889.7414,888.2842857142839
1769320800,880.75,881.06,878.48,880.48,,,910.0913999999998,889.6596000000001,887.7514285714266
1769324400,880.48,880.5,878.09,878.11,,,909.8879999999997,889.5378,887.2752380952361
1769328000,878.11,880.5,875.93,877.04,,,909.6628499999997,889.3142,886.7728571428552
1769331600,877.04,880.88,876.81,879.76,,,909.4231999999997,889.1745999999999,886.2704761904741
1769335200,879.76,881.82,879.12,880.83,,,909.1806499999998,888.9753999999999,885.657619047617
1769338800,880.83,881.47,878.5,879.19,,,908.9251499999997,888.7591999999999,884.9699999999981
1769342400,879.19,879.66,878.09,879.65,,,908.6590999999997,888.5124,884.4319047619028
1769346000,879.65,880.13,877.49,879.2,,,908.3882499999999,888.2653999999999,884.0004761904744
1769349600,879.2,879.45,875.55,877.45,,,908.1028999999997,888.0509999999999,883.46476190476
1769353200,877.45,878.65,875.56,876.21,,,907.8043499999999,887.9094,883.0838095238078
1769356800,876.21,876.28,866.73,869.48,,,907.5109499999998,887.7606,882.731904761903
1769360400,869.5,869.82,866.12,868.19,,,907.2191999999999,887.5985999999998,882.2190476190458
1769364000,868.2,868.71,860.95,865.27,,,906.9369999999998,887.4537999999999,881.667142857141
1769367600,865.27,866.15,855.09,857.56,,,906.64635,887.2697999999999,880.8299999999981
1769371200,857.55,860.13,854.79,859.52,,,906.3560499999999,887.0543999999999,879.9466666666648
1769374800,859.52,863.23,858.76,862.61,,,906.0616499999998,886.7215999999999,878.889523809522
1769378400,862.62,862.78,858.58,860.67,,,905.7641499999997,886.2639999999999,877.4576190476172
1769382000,860.69,865.27,857.95,864.73,,,905.4671999999998,885.6651999999999,876.1928571428552
1769385600,864.73,868.83,864.14,866.69,,,905.1253999999998,884.8483999999999,875.1433333333314
1769389200,866.69,874.79,866.54,873.15,,,904.7576499999997,884.0573999999999,874.0690476190457
1769392800,873.16,873.92,869.65,870.8,,,904.3781499999998,883.4529999999997,873.2190476190457
1769396400,870.8,871.97,866.13,867.18,,,903.9529999999997,882.8687999999997,872.587619047617
1769400000,867.18,872.8,867.16,871.26,,,903.5400499999997,882.3797999999998,872.2166666666645
1769403600,871.26,871.93,870.33,871.2,,,903.1369999999997,881.8745999999998,871.7423809523789
1769407200,871.2,872.76,869.41,872,,,902.7236499999998,881.5211999999998,871.1090476190454
1769410800,872,873.81,870.45,873.77,,,902.2720499999997,881.1613999999997,870.782857142855
1769414400,873.76,876.72,872.11,872.52,,,901.8543499999997,880.7219999999999,870.5047619047596
1769418000,872.52,872.61,868.54,869.31,,,901.4585999999997,880.3161999999998,870.1352380952359
1769421600,869.31,871.93,869.27,871.36,,,901.0486499999997,879.9043999999999,869.7990476190453
1769425200,871.36,872.34,870.52,872.22,,,900.6236499999998,879.5113999999999,869.4814285714264
1769428800,872.22,874.01,870.8,871.74,,,900.2212999999997,879.1524,868.9890476190454
1769432400,871.74,873.76,871.34,873.57,,,899.8204499999998,878.78,868.6157142857122
1769436000,873.57,875.56,868.83,873.47,,,899.4484499999998,878.3473999999999,868.3666666666646
1769439600,873.47,877.37,868.91,871.1,,,899.0828499999998,877.9483999999998,868.1538095238076
1769443200,871.1,874.15,869.12,872.16,,,898.7189999999998,877.5721999999998,868.3485714285695
1769446800,872.16,873.83,867.94,873.12,,,898.3421499999998,877.1873999999999,868.599999999998
1769450400,873.12,878.11,872.78,877.22,,,897.9687999999998,876.8291999999998,868.877619047617
1769454000,877.22,877.82,873.38,873.55,,,897.5791499999999,876.4773999999999,869.572857142855
1769457600,873.55,874.54,870.84,871.96,,,897.1960999999999,876.1015999999998,870.220476190474
1769461200,871.96,877.73,871.41,875.74,,,896.8274999999999,875.7359999999999,870.9161904761881
1769464800,875.74,878.07,875.32,877.13,,,896.4610499999998,875.4454,871.5295238095215
1769468400,877.13,880.51,875.87,878.54,,,896.0942499999999,875.2579999999999,871.8738095238072
1769472000,878.54,878.64,875.61,876.76,,,895.7254499999998,874.9645999999999,872.3047619047597
1769475600,876.76,880.79,875.37,880.29,,,895.3640999999998,874.6478,872.4942857142835
1769479200,880.29,884.36,880.28,884.09,,,895.0281499999998,874.4214,872.862857142855
1769482800,884.07,885.02,883.27,883.83,,,894.6634499999997,874.2292,873.3190476190454
1769486400,883.84,886.88,883.5,884.41,,,894.2843499999997,874.0506,873.7490476190453
1769490000,884.41,884.57,881.86,883.72,,,893.9295999999998,873.8332,874.3628571428549
1769493600,883.72,884.41,881.43,882.4,,,893.5900499999998,873.7174,874.9261904761881
1769497200,882.4,884.66,882.2,882.6,,,893.2335499999998,873.7062000000001,875.4328571428547
1769500800,882.6,884.19,882.41,883.64,,,892.8664499999998,873.7182,875.9661904761881
1769504400,883.66,883.67,880.48,880.49,,,892.5107499999997,873.7547999999999,876.5895238095214
1769508000,880.49,880.98,876.25,876.54,,,892.1743999999998,873.8301999999999,877.1247619047596
1769511600,876.54,879.51,875.94,879.48,,,891.8464999999997,873.8594,877.6685714285691
1769515200,879.48,880.94,879.42,879.78,,,891.5083499999997,873.8961999999999,878.0852380952357
1769518800,879.78,882.17,878.35,881.37,,,891.1719999999997,873.9594000000001,878.2266666666643
1769522400,881.37,884.02,879.74,880.89,,,890.8298499999997,874.007,878.5128571428547
1769526000,880.89,885.23,880.24,884.73,,,890.5831499999997,873.997,878.9261904761881
1769529600,884.74,895.69,884.71,894.01,,,890.4081999999996,873.9913999999999,879.3647619047597
1769533200,894.01,896.71,884.07,886.15,,,890.2133999999996,873.9703999999999,879.7347619047595
1769536800,886.15,893.7,885.55,891.54,,,889.9924999999997,874.0139999999999,880.0923809523787
1769540400,891.56,892.6,889.12,891.03,,,889.7654999999997,874.0387999999999,881.0666666666643
1769544000,891.03,897.84,890.72,897.71,,,889.5340499999998,874.1493999999999,881.7423809523787
1769547600,897.71,898.27,894.21,894.87,,,889.3175999999996,874.4805999999999,882.4947619047596
1769551200,894.87,898.99,894.85,898.26,,,889.0981999999997,874.6793999999998,883.1566666666643
1769554800,898.26,900.29,897.17,897.42,,,888.8873499999997,875.1205999999999,884.0695238095213
1769558400,897.41,899.72,896.52,898.85,,,888.7242499999998,875.5773999999999,884.9319047619023
1769562000,898.85,899.71,894.13,895.29,,,888.5151499999997,876.2262,885.7876190476167
1769565600,895.29,895.71,893.24,895.68,,,888.3408499999998,876.9723999999999,886.4223809523785
1769569200,895.68,896.44,893.62,895.63,,,888.1567499999998,877.7471999999999,887.1376190476166
1769572800,895.62,897.88,894.16,897.66,,,888.0075999999998,878.4433999999998,887.6557142857118
1769576400,897.66,899.62,896.79,899.57,,,887.8389999999998,879.2069999999999,888.2252380952355
1769580000,899.56,903.48,898.52,902.46,,,887.7111999999998,879.8181999999999,888.8552380952357
1769583600,902.46,902.91,900.73,902.1,,,887.5737499999999,880.398,889.5723809523786
1769587200,902.1,904.73,901.14,901.32,,,887.4266499999998,880.8475999999999,890.33095238095
1769590800,901.33,907.43,901.32,907.27,,,887.2662999999999,881.3847999999999,891.3771428571404
1769594400,907.29,907.95,904.16,904.38,,,887.1106500000001,882.0326,892.5942857142833
1769598000,904.38,906.71,901.85,906.55,,,886.9575499999999,882.6566,893.6342857142832
1769601600,906.55,906.56,902.77,904.01,,,886.8164499999999,883.2746,894.943333333331
1769605200,904.01,907.02,904.01,904.81,,,886.6908999999998,883.8609999999999,896.0390476190452
1769608800,904.81,904.81,899.65,900.73,,,886.5964999999998,884.5310000000001,897.2609523809499
1769612400,900.73,902.74,896.21,901.69,,,886.4908999999998,885.1682,898.1790476190453
1769616000,901.69,902.47,896.68,898.82,,,886.3531499999997,885.913,898.693333333331
1769619600,898.82,905.84,897.13,903.32,,,886.2301499999998,886.566,899.3876190476168
1769623200,903.32,903.44,899.35,901.29,,,886.1127499999998,887.2178,899.8709523809501
1769626800,901.31,903.99,899.07,902.93,,,886.0100999999996,887.7976,900.2419047619026
1769630400,902.93,906.28,901.09,901.49,,,885.8993999999998,888.3599999999999,900.5090476190455
1769634000,901.54,903.43,898.8,903.06,,,885.8149499999996,888.867,900.8147619047597
1769637600,903.06,903.99,901.39,903.19,,,885.7448499999996,889.5113999999999,901.0371428571406
1769641200,903.19,903.91,900.47,901.7,,,885.6668999999996,890.0939999999999,901.2309523809503
1769644800,901.7,902.99,899.21,902.37,,,885.5922499999996,890.6901999999999,901.4314285714264
1769648400,902.37,903.53,897.63,898.34,,,885.5457499999995,891.1755999999998,901.807619047617
1769652000,898.34,899.93,892.07,893.48,,,885.4826499999996,891.7657999999999,902.0942857142836
1769655600,893.48,897.72,892.69,895.33,,,885.4369999999996,892.3903999999998,902.4152380952358
1769659200,895.33,900.13,894,899.33,,,885.3779999999996,892.9096,902.4476190476169
1769662800,899.33,901.34,896.8,897.29,,,885.3652499999995,893.4143999999999,902.1576190476169
1769666400,897.29,900.25,897.29,900.13,,,885.3673999999996,893.8104,901.818095238093
1769670000,900.13,905.48,900.13,903.53,,,885.3521999999996,894.1447999999999,901.6861904761884
1769673600,903.53,904.18,900.98,902.5,,,885.3831999999996,894.4456,901.4942857142835
1769677200,902.5,904.51,901.44,902.64,,,885.4255499999995,894.7503999999999,901.1542857142836
1769680800,902.64,903.3,893.83,893.85,,,885.4351499999996,895.0196,901.1138095238073
1769684400,893.86,895.33,892.14,893.07,,,885.4359999999996,895.334,900.9209523809501
1769688000,893.07,893.16,888.67,889.9,,,885.4566499999996,895.7302000000001,900.8557142857121
1769691600,889.9,891.16,888.77,888.98,,,885.4725499999997,896.1322,900.3338095238074
1769695200,888.98,890.09,876.63,876.67,,,885.5205999999997,896.533,899.9690476190457
1769698800,876.67,876.7,855.84,862.87,,,885.6201499999997,896.7372,899.407619047617
1769702400,862.87,864.55,855.71,864.27,,,885.7337499999998,896.9888000000001,898.9390476190456
1769706000,864.27,869.09,861.59,862.23,,,885.8536499999998,897.2560000000001,897.669999999998
1769709600,862.23,866.45,855.56,857.01,,,885.9423499999997,897.446,895.8404761904742
1769713200,857.01,861.52,851.9,859.14,,,886.0057999999997,897.3838000000001,893.9995238095219
1769716800,859.14,864.27,858.62,863.35,,,886.0622499999997,897.0138000000001,892.129999999998
1769720400,863.37,865.98,861.69,864.3,,,886.0925999999996,896.6813999999999,889.9371428571408
1769724000,864.29,866.18,862.07,866.17,,,886.0897999999996,896.2314,887.8395238095216
1769727600,866.17,868.24,864,867.46,,,886.0323499999996,895.4914,886.0133333333312
1769731200,867.46,868.36,863.11,864.11,,,885.9945499999995,894.9512,884.2004761904741
1769734800,864.11,864.19,838.19,846.75,,,885.9473999999994,894.3874,882.6685714285691
1769738400,846.76,846.78,834.51,841.16,,,885.8708999999996,893.8528,881.4295238095216
1769742000,841.16,845.43,841.16,844.35,,,885.8181999999995,893.222,879.9428571428549
1769745600,844.35,852.97,844.34,849.04,,,885.7832499999995,892.6738,877.4390476190454
1769749200,849.04,850.37,846.19,846.19,,,885.7395499999994,891.9908000000001,874.7661904761883
1769752800,846.19,846.21,835.15,838.88,,,885.6567999999995,890.9774000000002,872.1099999999979
1769756400,838.88,847.03,838.85,845.88,,,885.5366999999995,889.8236000000002,869.515238095236
1769760000,845.88,846.63,839.04,840.51,,,885.5222999999995,888.8048000000001,866.8338095238074
1769763600,840.54,842.12,831.88,833.21,,,885.4126499999995,887.8720000000001,863.797619047617
1769767200,833.21,837.61,832.06,837.61,,,885.2566999999996,886.8832000000002,861.5133333333312
1769770800,837.6,843.26,835.71,841.27,,,885.0351999999995,885.7076000000002,859.010476190474
1769774400,841.25,841.94,835.1,836.63,,,884.8440999999995,884.6338000000002,856.3109523809501
1769778000,836.63,850.3,836.42,843.86,,,884.6332999999994,883.3948000000003,853.8647619047597
1769781600,843.86,854.39,843.86,849.13,,,884.3941999999995,882.0170000000003,852.1790476190455
1769785200,849.1,854.04,844.06,848.66,,,884.2120499999996,880.7428000000001,850.9295238095216
1769788800,848.64,852.8,846.79,849.41,,,883.9716999999996,879.4228000000002,849.9576190476168
1769792400,849.41,851.58,846.2,847.27,,,883.6804499999995,878.0678000000001,849.3338095238074
1769796000,847.27,850.66,830.95,849.01,,,883.4243999999994,876.8140000000002,848.9361904761882
1769799600,848.99,854.46,848.99,852.9,,,883.1777999999996,875.7164000000002,848.4728571428549
1769803200,852.91,860.38,845.12,858.18,,,882.9039999999997,874.5934000000001,847.7071428571405
1769806800,858.12,858.63,852.37,858.11,,,882.6708499999996,873.5670000000001,846.9790476190452
1769810400,858.1,858.82,855.58,858.7,,,882.4660499999997,872.4786000000001,846.3471428571405
1769814000,858.66,860.13,855.1,857.44,,,882.2690999999996,871.4824000000002,845.9052380952357
1769817600,857.44,859.48,855.15,855.34,,,882.0603999999996,870.4740000000003,845.6195238095213
1769821200,855.34,857.5,852.6,853.16,,,881.8240999999996,869.6118000000002,846.1885714285689
1769824800,853.16,854.06,850.6,853.12,,,881.5906499999996,868.7154000000003,846.9638095238072
1769828400,853.12,854.86,851.47,851.88,,,881.3942499999996,867.8596000000002,847.4871428571404
1769832000,851.88,853.25,849.96,850.39,,,881.2257499999995,866.9472000000002,847.6833333333309
1769835600,850.39,852.02,849.12,849.87,,,881.0788999999995,865.9902000000002,848.013333333331
1769839200,849.86,850.93,847.73,849.87,,,880.9601999999994,865.0194000000001,848.6323809523786
1769842800,849.87,850.09,844.63,846.36,,,880.8355499999994,864.0344000000001,848.8471428571405
1769846400,846.36,846.44,831.88,834.9,,,880.6904999999996,863.1052000000002,849.2928571428548
1769850000,834.9,839.97,834.62,837.75,,,880.5198999999997,862.2434000000001,850.0861904761881
1769853600,837.75,839.13,835.53,837.58,,,880.3687499999995,861.3342000000001,850.5028571428547
1769857200,837.58,837.66,834.56,835.53,,,880.1901499999996,860.345,850.1995238095215
1769860800,835.53,836.23,831.84,832.35,,,880.0080999999996,859.3264,850.252857142855
1769864400,832.35,833.02,827.69,828.78,,,879.8205999999994,858.0218,849.9538095238074
1769868000,828.78,830.64,804.5,810.96,,,879.6357499999996,856.7062,849.3061904761882
1769871600,810.97,815.28,800.63,801.89,,,879.4309499999995,855.4078,848.5295238095215
1769875200,801.89,808.6,789.41,791.99,,,879.1620999999994,854.0656,847.5471428571406
1769878800,791.99,794.54,774.63,780.13,,,878.8951999999996,852.8356000000001,845.818095238093
1769882400,780.13,782.67,750.51,771.27,,,878.6434999999994,851.5498000000001,843.5742857142835
1769886000,771.27,779.76,766.58,770.16,,,878.3675499999995,849.971,840.6738095238073
1769889600,770.17,774.16,765.15,769.57,,,878.0728499999994,848.2292000000001,836.9571428571408
1769893200,769.57,776.3,765.5,774.97,,,877.7644999999995,846.5356000000002,832.8219047619026
1769896800,774.97,776.9,770.81,773.09,,,877.3723499999995,844.8808000000001,828.6057142857121
1769900400,773.1,784.59,772.32,780.26,,,876.9293999999995,843.0208000000001,824.4214285714264
1769904000,780.24,785.52,778.97,784.47,,,876.4497999999996,841.1794000000002,820.5942857142834
1769907600,784.48,784.86,778.37,784.04,,,875.9172999999996,839.4306000000001,816.7814285714263
1769911200,784.04,788.68,783.07,786.29,,,875.3348999999996,837.7472000000001,813.3119047619025
1769914800,786.25,786.29,779.04,782.86,,,874.7534999999998,835.9420000000001,810.1019047619025
1769918400,782.86,784.14,780.86,781.08,,,874.1680999999999,834.2612000000001,806.9423809523786
1769922000,781.08,783.15,778.31,779.69,,,873.6080499999998,832.6272000000001,803.9147619047594
1769925600,779.69,782.2,776.58,776.59,,,873.0428999999998,830.9588,800.7238095238072
1769929200,776.59,781.53,773.03,777.17,,,872.4888499999996,829.4024000000001,797.6152380952356
1769932800,777.17,781.77,774.34,778.1,,,871.9351499999997,828.1246000000002,794.9861904761879
1769936400,778.1,781.47,776.17,780.78,,,871.3633499999997,826.9230000000002,792.0738095238071
1769940000,780.75,781.51,768.74,768.99,,,870.7994499999996,825.6298000000002,789.1971428571402
1769943600,768.99,774.72,767.6,773.22,,,870.2495999999998,824.1808,786.4623809523783
1769947200,773.22,773.33,766.59,768.45,,,869.7055999999998,822.8004000000001,784.0066666666642
1769950800,768.45,772.67,763.17,764.64,,,869.1581499999999,821.5848,781.1595238095213
1769954400,764.68,766.49,745.31,761.77,,,868.5813499999998,820.2828,779.3623809523784
1769958000,761.77,762,742.02,749.11,,,868.0130999999998,818.8523999999999,777.7699999999976
1769961600,749.11,756.03,745.22,752.66,,,867.4596499999998,817.6525999999999,776.4676190476165
1769965200,752.67,755.43,748.73,755.32,,,866.9177999999998,816.2693999999999,775.5933333333307
1769968800,755.33,765.67,755.27,762.34,,,866.305,814.7367999999999,774.5380952380926
1769972400,762.33,763.18,753.28,756.21,,,865.71215,813.2396000000001,773.7047619047594
1769976000,756.21,762.72,751.02,756.78,,,865.0961499999999,811.3446,773.026190476188
1769979600,756.78,757.47,750.67,752.59,,,864.46075,809.4152,772.4247619047595
1769983200,752.56,764.24,752.56,760.94,,,863.8139,807.5484000000001,771.62095238095
1769986800,760.94,764.95,739.45,757.51,,,863.1047500000001,805.8070000000001,770.5028571428547
1769990400,757.51,769.65,753.27,763.51,,,862.4115,803.9858000000002,768.9847619047595
1769994000,763.52,768.26,753.17,764.59,,,861.7329500000001,802.1412000000001,767.8847619047596
1769997600,764.59,765.99,756.88,757.62,,,861.0897500000001,800.1350000000001,766.5142857142833
1770001200,757.6,758.21,728.08,750.91,,,860.4133999999999,798.1902,765.5928571428548
1770004800,750.9,759.48,742.99,750.75,,,859.742,796.1782000000001,764.8076190476166
1770008400,750.75,752.47,735.21,737.4,,,859.0554999999999,794.2744,763.7566666666642
1770012000,737.4,753.27,728.69,747.04,,,858.408,792.4174000000002,762.533809523807
1770015600,747.01,756.03,746.39,751.92,,,857.7573000000001,790.4630000000002,761.2757142857118
1770019200,751.9,759.47,751.9,757.75,,,857.1419000000001,788.4180000000001,759.3376190476165
1770022800,757.75,766.51,754.71,763.2,,,856.5237500000002,786.3706000000001,757.7309523809499
1770026400,763.23,764.73,758.91,759.54,,,855.8728500000001,784.0810000000002,756.9180952380927
1770030000,759.53,765.02,759.53,761.74,,,855.1921000000001,782.0140000000002,756.1814285714261
1770033600,761.74,768.82,761.73,765.78,,,854.5121500000001,780.0550000000002,755.9314285714261
1770037200,765.78,768.51,763.1,767.28,,,853.7618000000001,778.2126000000003,755.6885714285689
1770040800,767.27,774.46,761.71,768.71,,,853.0588500000001,776.5494000000003,755.6871428571404
1770044400,768.68,780.38,766.82,777,,,852.3880500000002,775.0422000000003,756.4809523809499
1770048000,777,779.92,774.02,774.66,,,851.7535500000002,773.5220000000003,757.1771428571404
1770051600,774.66,777.52,772.35,774.35,,,851.1534000000001,772.0860000000002,757.8147619047594
1770055200,774.35,776.89,771.65,774.1,,,850.5382000000002,770.7210000000002,758.5128571428547
1770058800,774.13,775.22,769.46,769.9,,,849.9471500000003,769.4482000000003,759.3914285714261
1770062400,769.89,772.67,767.02,768.84,,,849.3713500000001,768.4126000000002,760.2280952380928
1770066000,768.84,773.69,768.83,773.02,,,848.80395,767.6866000000002,761.2523809523785
1770069600,773.03,775.28,772.91,775.22,,,848.2451000000001,767.1358000000001,761.6790476190451
1770073200,775.21,776.11,773.01,773.24,,,847.73955,766.7780000000001,762.2185714285689
1770076800,773.21,773.98,769.25,773.88,,,847.22765,766.5734000000002,762.6714285714261
1770080400,773.88,774.49,769.73,773.23,,,846.7006,766.5248000000004,763.1776190476166
1770084000,773.23,773.3,763.1,763.56,,,846.16695,766.5820000000002,763.9214285714262
1770087600,763.56,772.63,762.3,771.73,,,845.6205000000002,766.6950000000003,765.0152380952356
1770091200,771.73,778.26,770.33,777.11,,,845.06645,766.6604000000002,766.0857142857118
1770094800,777.11,777.79,773.02,773.42,,,844.5355500000002,766.6762000000002,767.3314285714262
1770098400,773.42,778.13,770.89,777.29,,,844.0244000000001,766.5356000000003,768.5071428571404
1770102000,777.29,782.9,776.55,781.42,,,843.50955,766.1174000000002,769.7066666666642
1770105600,781.42,782,777.32,778.98,,,843.03155,765.8712000000003,770.4528571428547
1770109200,778.98,780.02,768.91,771.44,,,842.5567500000001,765.6876000000001,771.123809523807
1770112800,771.44,772.88,766.36,767.21,,,842.0482000000001,765.4988000000002,772.1657142857118
1770116400,767.21,770.08,766.73,768.21,,,841.61905,765.4230000000002,772.9866666666642
1770120000,768.21,774.9,767.31,773.81,,,841.207,765.4576000000002,773.256190476188
1770123600,773.81,775.77,772.42,774.53,,,840.76105,765.5054000000002,773.2528571428546
1770127200,774.53,775.65,764.81,764.87,,,840.3441499999999,765.3908000000001,773.2290476190452
1770130800,764.87,777.31,763.69,776.1,,,839.9276,765.1730000000002,773.0771428571404
1770134400,776.1,776.19,762.75,763.2,,,839.4890499999998,764.9216000000001,773.07095238095
1770138000,763.2,764.13,750.3,750.32,,,838.9804999999999,765.0180000000001,772.6195238095213
1770141600,750.33,752.38,736.14,736.15,,,838.4625499999997,765.0442000000002,772.7147619047594
1770145200,736.17,759,735.74,757.33,,,837.9676999999999,764.9726,772.3957142857118
1770148800,757.33,774.1,751.79,770.91,,,837.4804499999998,765.2018,771.513809523807
1770152400,770.89,774.22,763.52,763.9,,,836.9970999999998,765.2303999999999,769.7580952380928
1770156000,763.9,764.24,754.51,756.44,,,836.4614499999998,765.2545999999999,768.906190476188
1770159600,756.44,758.95,751.88,754.19,,,835.9730999999998,764.9244,768.7952380952356
1770163200,754.19,756.32,750.73,752.89,,,835.4264999999998,764.9646,768.3199999999975
1770166800,752.89,761.56,752.89,758.56,,,834.8315499999999,765.1360000000001,767.5204761904737
1770170400,758.53,760.14,751.16,753.92,,,834.1554999999998,765.2898000000001,767.0742857142833
1770174000,753.92,763.22,753.34,760.71,,,833.5810499999998,765.283,766.1771428571404
1770177600,760.71,762,757.31,757.56,,,833.0768999999999,765.315,765.293809523807
1770181200,757.56,758.17,753.29,755,,,832.5285499999998,765.1540000000001,764.3652380952357
1770184800,755.01,762.72,754.72,761.49,,,831.9433999999998,765.175,763.5757142857119
1770188400,761.49,764.28,758.98,763.04,,,831.35885,764.9832000000001,762.4395238095215
1770192000,763.04,763.23,757.6,761.21,,,830.7624999999998,764.9056000000002,761.2976190476166
1770195600,761.21,761.22,754.22,754.68,,,830.1897,764.9044,760.8238095238072
1770199200,754.68,755.91,753.99,755.04,,,829.5731999999999,764.9861999999999,760.6252380952358
1770202800,755.04,755.08,746.5,749.5,,,829.0089999999999,765.201,760.2919047619024
1770206400,749.52,751.32,747.04,751,,,828.437,765.7138,759.3809523809499
1770210000,751,751.36,739.5,739.5,,,827.8332999999999,765.9972,758.4528571428547
1770213600,739.5,746.15,733.95,734.77,,,827.2550999999999,766.0524,757.7209523809499
1770217200,734.77,738.61,726.67,732.98,,,826.6776,765.9982000000001,756.525714285712
1770220800,732.98,735.27,725.5,728.34,,,826.0998499999998,765.7242,755.3971428571405
1770224400,728.33,730.68,714.19,714.79,,,825.4717999999999,765.5534,754.6566666666643
1770228000,714.81,721.36,706.39,710.17,,,824.8265499999999,765.1086,754.5057142857119
1770231600,710.17,718.15,708.5,716.95,,,824.1548999999999,764.4884000000001,753.1252380952358
1770235200,716.98,717.74,710.81,711.75,,,823.48785,763.8024000000001,750.4528571428548
1770238800,711.76,713.07,699,701.17,,,822.76675,762.9950000000001,747.8942857142833
1770242400,701.16,702.38,686.49,690.41,,,822.0286,761.7508000000001,746.0138095238071
1770246000,690.39,701.36,689.28,696.27,,,821.2805000000001,760.461,743.9928571428547
1770249600,696.27,698.49,693.07,694.48,,,820.5040000000001,759.313,741.5299999999976
1770253200,694.45,701.35,689.63,696.99,,,819.6755,758.066,738.2847619047594
1770256800,696.99,700.83,691.46,693.09,,,818.8436499999999,756.6914,735.5395238095215
1770260400,693.08,697.76,691.05,692.78,,,818.031,755.1228,732.385714285712
1770264000,692.76,695.79,688.47,691.35,,,817.19085,753.5878,729.5014285714262
1770267600,691.35,697.58,684.6,691.05,,,816.2898499999999,751.9730000000001,726.5533333333309
1770271200,691.05,692.53,687.22,690.3,,,815.33745,750.448,723.2814285714262
1770274800,690.3,698.69,689.1,689.95,,,814.39515,748.8321999999998,719.8676190476167
1770278400,689.97,695.77,689.53,690.22,,,813.3974999999998,747.2231999999999,716.5266666666643
1770282000,690.25,698.68,690.2,696.43,,,812.4516999999998,745.7789999999998,713.4609523809501
1770285600,696.43,698.02,687.89,690.01,,,811.4594499999998,744.1653999999997,710.3614285714262
1770289200,690.01,690.14,673.84,682,,,810.4681999999998,742.4291999999997,707.5385714285691
1770292800,681.98,686.48,671.6,675.51,,,809.4363999999997,740.7597999999998,704.9399999999977
1770296400,675.51,677.71,668.25,673.13,,,808.4172999999998,739.0183999999998,702.583333333331
1770300000,673.13,686.68,673.11,674.7,,,807.3774999999997,737.3185999999998,700.0704761904739
1770303600,674.7,676.46,645.38,657.23,,,806.3401499999997,735.5391999999998,697.3338095238071
1770307200,657.24,672.37,654.58,668.45,,,805.2969999999998,733.7503999999999,694.7047619047595
1770310800,668.43,669.71,651.39,653.43,,,804.3026999999997,731.9163999999998,692.7957142857119
1770314400,653.43,656.42,633.07,652.38,,,803.2743499999997,730.0147999999999,690.2747619047595
1770318000,652.38,653.09,637.09,639.84,,,802.2061999999996,728.0326,687.9652380952357
1770321600,639.83,643.63,610.88,615.9,,,801.0954499999997,725.6866,685.1880952380928
1770325200,615.9,629.79,605.05,609.68,,,799.9632499999997,723.7582000000001,682.8647619047595
1770328800,609.68,621.93,601.91,615.78,,,798.8244499999996,721.3048000000001,680.4566666666642
1770332400,615.8,626.34,603.62,607.03,,,797.6000999999997,719.0884000000001,676.6295238095214
1770336000,607.01,619.23,571.2,613.58,,,796.4357499999996,716.8788000000001,672.591428571426
1770339600,613.56,628.78,612.66,628.63,,,795.1665499999996,714.4738000000001,668.7242857142833
1770343200,628.63,632.04,618.19,621.36,,,793.9065499999996,711.5208,664.626190476188
1770346800,621.35,623.84,610.68,613.96,,,792.5729999999996,708.4182000000001,660.8547619047594
1770350400,613.97,623.38,612.26,619.28,,,791.1324499999996,705.2808,657.8680952380928
1770354000,619.28,641.17,618.79,638.2,,,789.6567999999996,702.4236,654.5495238095214
1770357600,638.2,640.72,625.02,625.31,,,788.2320499999997,699.9124,650.9142857142832
1770361200,625.31,627.78,619.81,621.71,,,786.7587499999997,697.2818000000001,647.5490476190452
1770364800,621.71,624.41,616.11,618.41,,,785.3325499999996,694.3898000000002,645.0719047619023
1770368400,618.41,630.14,616.11,628.24,,,783.9590999999996,691.6970000000001,641.6852380952356
1770372000,628.24,634.69,626.18,632.3,,,782.5594499999996,689.2468000000002,638.4328571428547
1770375600,632.3,636.88,631,634.8,,,781.1145999999997,686.6018000000003,635.4047619047594
1770379200,634.8,635.83,631.46,635.61,,,779.7035499999997,683.9360000000001,633.153809523807
1770382800,635.63,646.4,635,642.52,,,778.3792499999996,681.0744000000002,631.2095238095213
1770386400,642.52,653.3,636.92,648.94,,,776.9898499999996,678.3784,629.3095238095212
1770390000,648.96,653.09,643.34,649.97,,,775.5898999999996,675.8002000000001,628.2799999999975
1770393600,649.97,661.68,648.22,658.16,,,774.1700999999997,673.4026000000001,627.0452380952354
1770397200,658.15,668.26,656.13,660.81,,,772.8195999999996,671.0140000000001,626.831428571426
1770400800,660.83,661.15,648.31,652.79,,,771.5136999999996,668.8744,626.7166666666641
1770404400,652.79,658.8,651.27,657.63,,,770.2110499999997,666.8332,627.589047619045
1770408000,657.65,663.83,654.71,655.95,,,768.8924499999997,665.0426,629.7276190476165
1770411600,655.95,663.17,653.93,661.03,,,767.6185999999997,663.5103999999999,631.7804761904737
1770415200,661.03,666.11,659.3,664.25,,,766.3626499999996,662.067,633.7733333333308
1770418800,664.25,667.34,655.95,656,,,765.0948499999996,660.5559999999999,636.1028571428546
1770422400,656,656.66,651.25,652.62,,,763.8731499999994,659.4127999999998,638.3623809523784
1770426000,652.62,657.47,649.7,657.24,,,762.6639999999995,658.3284,640.0585714285689
1770429600,657.24,657.33,654.03,656.37,,,761.4586999999993,657.2099999999998,641.7080952380927
1770433200,656.37,661.17,656.1,658.6,,,760.2814999999995,656.2599999999999,643.5490476190449
1770436800,658.61,663.12,653.77,656.13,,,759.1117499999995,655.3566,645.3566666666641
1770440400,656.13,658.63,652.42,653.74,,,757.9719999999994,654.6007999999999,646.2219047619021
1770444000,653.71,655.49,642.64,642.72,,,756.9098999999994,653.8202,647.8071428571403
1770447600,642.71,644.59,631.87,638.21,,,755.8755499999993,653.058,649.4461904761878
1770451200,638.22,640.89,635.81,639.75,,,754.8172999999994,652.2901999999999,651.1285714285688
1770454800,639.76,640.52,634.1,635.63,,,753.7923499999993,651.5509999999999,651.8180952380926
1770458400,635.6,636.64,630.43,633.78,,,752.7891499999994,650.7702,652.0995238095211
1770462000,633.78,635.66,633.07,635.22,,,751.7864499999993,649.7976,652.3352380952355
1770465600,635.22,646.08,634.61,638.58,,,750.7503499999993,648.7408,652.3361904761879
1770469200,638.58,639.79,635.19,637.71,,,749.6975499999993,647.7298000000001,651.9199999999973
1770472800,637.71,639.25,633.51,633.92,,,748.5802999999994,646.6434000000002,651.266666666664
1770476400,633.92,643.31,633.41,641.54,,,747.4340499999994,645.5146000000002,650.724285714283
1770480000,641.54,648.45,639.59,642.85,,,746.3122499999994,644.2904000000003,649.7504761904735
1770483600,642.87,647.94,639.63,646.76,,,745.2566499999994,643.2618000000002,648.4699999999973
1770487200,646.79,654.74,645.86,651.74,,,744.2197499999993,642.3760000000003,647.9342857142831
1770490800,651.74,652.68,649.09,649.57,,,743.1740999999995,641.5442000000003,647.2304761904736
1770494400,649.57,653.32,648.75,652.56,,,742.1217999999994,640.9124000000002,646.7928571428545
1770498000,652.56,653.23,648.72,649.38,,,741.0793999999994,640.2754000000002,646.3504761904736
1770501600,649.37,651.27,647.47,648.46,,,740.0545999999995,640.0660000000003,645.651428571426
1770505200,648.46,648.56,643.56,646.48,,,739.0328999999995,639.7318000000002,645.4876190476165
1770508800,646.5,648.16,645.44,646.83,,,738.0445999999994,639.6546000000002,645.3333333333309
1770512400,646.81,650.29,646.67,649.16,,,737.1123499999993,639.6582000000002,644.9152380952356
1770516000,649.14,650.8,644.89,646.39,,,736.1829999999993,639.8490000000003,644.4442857142832
1770519600,646.4,647.03,642.33,642.39,,,735.2244999999994,640.5002000000003,643.883809523807
1770523200,642.4,643.39,640.05,643.39,,,734.3041499999995,641.2362000000002,643.5519047619024
1770526800,643.39,644.38,641.53,642.51,,,733.3317499999995,641.8572,643.2019047619024
1770530400,642.51,643.75,640.05,640.22,,,732.3283999999995,642.6998000000002,643.1861904761879
1770534000,640.22,642.97,638.77,642.8,,,731.3174999999994,643.3560000000001,643.4328571428547
1770537600,642.8,650.26,640.44,649.62,,,730.3045999999995,643.6312000000001,643.5642857142832
1770541200,649.62,650.25,640.38,641.51,,,729.3140499999994,644.0718,643.7828571428547
1770544800,641.51,644.64,637.35,639.1,,,728.3009499999994,644.6428000000001,644.2123809523786
1770548400,639.09,645.79,639.03,645.23,,,727.2483999999995,645.0616000000001,644.8980952380929
1770552000,645.22,645.61,642.15,644.85,,,726.1744499999995,645.1536000000001,645.0376190476167
1770555600,644.87,646.03,641.27,644.53,,,725.0964499999994,645.6398000000002,645.1038095238071
1770559200,644.53,646.65,643.1,646.39,,,724.0040499999996,646.0358000000001,645.6423809523785
1770562800,646.36,647.82,640.91,643.27,,,722.9308499999995,646.4496000000001,645.7999999999977
1770566400,643.25,644.91,632.09,634.44,,,721.9022499999995,646.7894000000001,645.8799999999976
1770570000,634.44,639.39,634.44,638.76,,,720.8439999999995,647.0404000000002,645.8623809523785
1770573600,638.77,649.16,638.67,646.09,,,719.7738999999995,647.2350000000002,645.4590476190451
1770577200,646.09,649.02,645.38,648.2,,,718.7406499999994,647.4506000000001,644.738571428569
1770580800,648.2,648.28,642.93,643.36,,,717.7129499999994,647.4656000000002,644.0814285714262
1770584400,643.36,646.02,639.92,641.6,,,716.6862499999994,647.1756000000001,643.9247619047595
1770588000,641.61,644.22,641.32,643.5,,,715.6688499999996,646.9514000000003,643.9123809523786
1770591600,643.51,652.45,636.13,639.57,,,714.6533999999996,646.7100000000003,643.7638095238071
1770595200,639.58,642.63,635.58,639.56,,,713.6510999999995,646.4578000000002,643.5147619047597
1770598800,639.56,642.78,633.5,636.42,,,712.6561499999995,646.2692000000003,643.2452380952358
1770602400,636.42,643.25,635.19,639.85,,,711.6986999999995,645.9486000000003,642.9204761904739
1770606000,639.85,645.25,639.85,644.59,,,710.7620499999996,645.6996000000003,642.7857142857118
1770609600,644.58,644.83,641.17,641.98,,,709.8170999999995,645.2704000000002,642.4538095238071
1770613200,641.98,641.98,639.85,641.25,,,708.8811999999995,644.7766000000003,642.3271428571404
1770616800,641.27,641.27,633.5,635.37,,,708.0438999999996,644.3850000000003,642.5352380952356
1770620400,635.37,636.94,630.79,631.61,,,707.2322999999997,644.1296000000003,642.4961904761881
1770624000,631.61,632.98,622.08,625.5,,,706.4701499999996,643.8766000000003,642.0976190476167
1770627600,625.5,627.92,623.51,624.73,,,705.7515999999996,643.5888000000003,641.8052380952356
1770631200,624.73,626.08,615.82,618.01,,,705.0944999999997,643.2418000000004,641.448571428569
1770634800,618.01,622.58,617.97,621.18,,,704.4666499999996,642.8266000000003,640.5090476190452
1770638400,621.18,627.18,621.18,626.53,,,703.8286999999997,642.3840000000004,639.55095238095
1770642000,626.53,630.72,624.94,625.02,,,703.1600999999996,642.0396000000004,638.2880952380929
1770645600,625.01,631.05,621.73,627.76,,,702.4714999999997,641.7700000000003,637.0876190476167
1770649200,627.76,631.92,624.66,630.52,,,701.7282499999995,641.3352000000003,636.2904761904739
1770652800,630.52,637.71,626.78,635.07,,,700.9333999999996,641.0462000000003,635.8419047619024
1770656400,635.07,641.85,631.67,639.86,,,700.1368499999995,640.9012000000004,635.3180952380928
1770660000,639.87,642.89,635.99,639.79,,,699.2954499999997,640.6972000000004,634.5766666666643
1770663600,639.79,642.43,638.71,641.89,,,698.4870499999996,640.4808000000003,633.9514285714262
1770667200,641.93,643.35,637.88,640.64,,,697.7142999999995,640.3370000000003,633.7847619047594
1770670800,640.66,640.75,633.04,638.04,,,696.9409499999996,640.3600000000002,633.698571428569
1770674400,638.05,639.79,636.86,637.47,,,696.1967999999995,640.3264000000003,633.6219047619023
1770678000,637.47,639.42,635.42,635.91,,,695.4635499999995,640.2652000000003,633.6728571428547
1770681600,635.91,637.96,635.38,636.44,,,694.7483999999994,640.1678000000003,633.6004761904737
1770685200,636.44,641.61,636.2,640.41,,,694.0437999999994,639.9458000000003,633.6504761904737
1770688800,640.41,640.65,637.03,637.97,,,693.3977999999994,639.7152000000003,633.4628571428547
1770692400,637.97,638.57,629.98,633.04,,,692.7411499999994,639.4134000000004,633.0747619047594
1770696000,633.04,637.61,632.76,637.38,,,692.1020999999994,639.1440000000003,632.9999999999975
1770699600,637.38,639.15,635.41,637.37,,,691.4690999999993,638.9036000000003,632.8438095238071
1770703200,637.37,637.74,628.22,629.41,,,690.8475999999993,638.7822000000003,632.7328571428546
1770706800,629.4,633.33,629.28,631.42,,,690.2815999999993,638.6050000000004,633.0076190476166
1770710400,631.42,633.75,629.04,633.26,,,689.7004999999994,638.2826000000003,633.5728571428547
1770714000,633.26,634.96,627.75,629.62,,,689.1259499999993,638.1024000000003,633.7957142857118
1770717600,629.62,630.01,626.39,626.88,,,688.5040999999993,638.0020000000003,634.4342857142832
1770721200,626.88,629.96,625.18,626.23,,,687.8882499999994,637.7224000000003,635.0095238095213
1770724800,626.23,628.64,624.62,624.63,,,687.2912499999994,637.5006000000004,635.1566666666643
1770728400,624.63,627.05,623.21,624.7,,,686.7151499999993,637.3614000000003,635.2452380952357
1770732000,624.7,626.72,613.63,617.35,,,686.0574999999993,637.0978000000003,635.1723809523785
1770735600,617.35,622.23,615.26,619.07,,,685.4270499999993,636.6430000000004,634.8919047619023
1770739200,619.05,623.15,616.62,621.01,,,684.7757999999993,636.3374000000005,634.3980952380928
1770742800,621.01,625.24,618.91,623.42,,,684.1009499999994,636.0480000000005,633.326190476188
1770746400,623.42,623.81,613.82,615.56,,,683.4472499999994,635.6374000000005,632.3395238095213
1770750000,615.55,618.91,614.02,617,,,682.8238499999993,635.0874000000005,631.3452380952357
1770753600,617,618.56,615.26,617.69,,,682.1932499999994,634.5782000000004,630.5252380952356
1770757200,617.75,619.11,614.32,615.83,,,681.6297499999994,634.0706000000004,629.4547619047595
1770760800,615.83,619.5,615.81,618.92,,,680.9812999999994,633.6736000000004,628.4799999999975
1770764400,618.93,620.17,617.66,619.51,,,680.3170499999993,633.2960000000004,627.6123809523784
1770768000,619.51,623,619.2,622.46,,,679.6333499999994,632.8608000000004,626.6309523809499
1770771600,622.46,622.74,619.97,620.36,,,678.9344499999995,632.2928000000004,625.6076190476166
1770775200,620.36,623.67,619.75,619.76,,,678.2145499999995,631.6454000000003,624.728571428569
1770778800,619.76,620.26,615.08,617.17,,,677.4908499999993,631.1566000000004,624.2247619047594
1770782400,617.17,618.22,609.31,610.18,,,676.7503999999993,630.7148000000004,623.4142857142832
1770786000,610.18,612.4,607.3,608.08,,,675.9931499999993,630.2940000000003,622.5757142857118
1770789600,608.08,608.53,597.47,599.04,,,675.2441999999994,629.9098000000004,621.9928571428546
1770793200,599.05,602.75,598.58,600.54,,,674.4567499999993,629.5138000000004,620.9814285714261
1770796800,600.57,601.82,594.44,595.69,,,673.6957499999993,629.1288000000003,619.7823809523785
1770800400,595.69,598.79,592.43,593.28,,,672.9257999999993,628.5354000000003,618.326190476188
1770804000,593.28,593.5,587.07,587.51,,,672.1540999999993,627.8052000000004,617.0719047619023
1770807600,587.49,593.13,587.44,592.65,,,671.3904499999993,626.9464000000004,615.6176190476166
1770811200,592.65,594.11,590.86,591.46,,,670.5971499999991,626.1322000000004,614.1247619047595
1770814800,591.46,598.24,589.9,597.6,,,669.772449999999,625.3386000000004,612.3538095238071
1770818400,597.6,610.7,596.03,597.31,,,668.8915499999991,624.5720000000003,611.1776190476166
1770822000,597.31,599.68,588.92,593.48,,,668.0280499999991,623.8122000000004,609.8628571428546
1770825600,593.46,602.37,592.77,593.62,,,667.137099999999,623.1706000000004,608.7480952380928
1770829200,593.61,605.76,591.98,603.04,,,666.2373499999991,622.6396000000003,607.5047619047594
1770832800,603.04,610.16,599.5,609.81,,,665.3570999999991,622.1680000000003,606.4533333333309
1770836400,609.8,613.02,609.05,610.26,,,664.4616999999992,621.5836000000004,605.3399999999974
1770840000,610.25,610.96,606.19,609.66,,,663.5334499999991,620.9528000000004,604.6423809523784
1770843600,609.68,617.37,609.03,613.49,,,662.6543499999991,620.2700000000003,604.3557142857118
1770847200,613.49,613.53,608.36,608.76,,,661.754449999999,619.7204000000004,603.9433333333309
1770850800,608.77,609.87,604.35,607.96,,,660.8147499999991,619.2152000000003,603.4742857142833
1770854400,607.95,612.42,607.77,611.16,,,659.8879499999989,618.6232000000003,603.0471428571404
1770858000,611.16,613.67,610.96,611.3,,,659.045949999999,618.0206000000003,602.4947619047595
1770861600,611.3,615.59,610.44,612.63,,,658.258949999999,617.4526000000003,601.9328571428547
1770865200,612.62,616.74,612.15,616.24,,,657.469199999999,616.8150000000004,601.6466666666641
1770868800,616.24,617.76,613.14,613.18,,,656.648449999999,616.2134000000003,601.6999999999975
1770872400,613.18,615.42,610.92,615.19,,,655.843249999999,615.6872000000003,601.9166666666641
1770876000,615.19,617.64,614.69,615.18,,,655.0626999999989,615.1950000000003,602.7357142857118
1770879600,615.18,617.45,613.99,614.93,,,654.2219999999988,614.7188000000002,603.3376190476165
1770883200,614.94,615.58,610.49,611.13,,,653.4617999999988,614.2354000000003,604.266190476188
1770886800,611.13,615.81,610.18,614.11,,,652.7666999999988,613.7396000000003,605.3090476190451
1770890400,614.11,618.53,613.26,618.53,,,652.1490999999988,613.3826000000004,606.6147619047593
1770894000,618.52,620.32,615.99,617.52,,,651.4436499999988,612.9386000000003,607.4947619047592
1770897600,617.51,617.66,613.83,615,,,650.6549999999987,612.4898000000003,608.5733333333308
1770901200,615,617.82,613.05,617.79,,,649.9114499999987,612.1242000000003,609.5699999999974
1770904800,617.78,617.85,610.78,612.05,,,649.2051499999986,611.7780000000002,610.5323809523784
1770908400,612.05,613.94,607.54,608.68,,,648.5088499999987,611.4834000000003,611.5571428571403
1770912000,608.68,609.51,600.54,603.72,,,647.8000499999987,611.2414000000003,612.7080952380927
1770915600,603.72,608.4,602.8,603.05,,,647.0777999999988,611.0038000000003,613.1371428571404
1770919200,603.05,607.27,601.74,606.55,,,646.4008499999989,610.8350000000003,613.0833333333309
1770922800,606.55,611.76,604.77,607.69,,,645.6848999999987,610.5834000000003,612.7719047619023
1770926400,607.69,609.37,603.67,604.37,,,644.9720999999987,610.2630000000004,612.4571428571404
1770930000,604.37,607.83,604.37,606.84,,,644.2860499999987,609.9904000000002,612.1266666666643
1770933600,606.85,612.05,605.55,611.84,,,643.5388499999987,609.6700000000003,612.0757142857118
1770937200,611.84,615.14,611.29,613.77,,,642.7670499999987,609.3808000000004,611.9047619047594
1770940800,613.78,616.19,609.49,610.62,,,641.9795999999988,609.0662000000003,611.6990476190451
1770944400,610.64,615.77,610.48,615.03,,,641.2214499999988,608.8424000000002,611.7247619047594
1770948000,615.03,615.75,608.73,609.85,,,640.4789999999987,608.6392000000003,611.7790476190452
1770951600,609.86,611.44,607.15,608.39,,,639.7699499999986,608.5222000000003,611.511428571426
1770955200,608.37,609.02,605.35,605.5,,,639.0367999999987,608.4810000000003,611.5995238095213
1770958800,605.5,605.71,598.23,598.43,,,638.3734999999988,608.3150000000003,611.3452380952356
1770962400,598.42,598.47,592.12,597.44,,,637.7588499999988,608.2254000000004,611.0219047619022
1770966000,597.44,600.63,595.81,597.74,,,637.1627999999987,607.9732000000004,610.5728571428546
1770969600,597.74,603.9,597.37,601.87,,,636.5741999999988,607.7338000000003,609.9680952380927
1770973200,601.87,602.75,599.35,601.72,,,636.0753999999988,607.4486000000004,609.1742857142832
1770976800,601.72,602.25,599.05,600.96,,,635.5737999999989,607.0738000000003,608.1842857142832
1770980400,600.97,601.23,597.88,601.17,,,635.0309999999988,606.8190000000003,607.439047619045
1770984000,601.17,601.23,596.97,598.62,,,634.4997499999988,606.6122000000003,606.8066666666641
1770987600,598.62,602.25,596.32,598.27,,,633.9860499999988,606.6688000000003,606.0052380952355
1770991200,598.27,604.76,595.12,602.12,,,633.5211999999988,606.6924000000004,605.4871428571403
1770994800,602.12,614.79,600.39,609.82,,,633.0285499999987,606.7978000000004,605.0080952380928
1770998400,609.82,618.66,608.93,615.55,,,632.5654999999988,606.9556000000005,604.7485714285689
1771002000,615.55,618.09,613.06,615.52,,,632.0891499999988,607.1778000000004,604.7042857142833
1771005600,615.51,618.26,613.77,617.16,,,631.6284999999988,607.2902000000004,604.8599999999975
1771009200,617.15,620.86,616.76,617.75,,,631.1704499999987,607.5034000000004,605.2342857142833
1771012800,617.75,618.37,615.42,617.93,,,630.7067999999987,607.7478000000003,605.7652380952356
1771016400,617.93,622.27,617.71,620.73,,,630.2428999999987,608.1126000000003,606.2566666666642
1771020000,620.73,620.93,617.63,619.63,,,629.8019999999987,608.5534000000004,606.5380952380928
1771023600,619.63,620.36,617.88,618.62,,,629.4013499999987,609.0242000000003,606.736190476188
1771027200,618.62,623.37,618.24,622.86,,,629.0279999999988,609.3184000000003,607.2176190476166
1771030800,622.9,624.99,622.55,623.8,,,628.6234499999988,609.4808000000004,607.4366666666641
1771034400,623.8,623.81,620.12,620.62,,,628.2591999999987,609.6902000000003,607.8542857142833
1771038000,620.63,621.11,616.51,617.16,,,627.9379499999986,609.8896000000003,608.5433333333308
1771041600,617.16,617.41,615.78,616.83,,,627.6500499999986,609.9922000000004,609.4147619047593
1771045200,616.84,618.11,615.53,616.27,,,627.3880499999987,610.2742000000003,610.471428571426
1771048800,616.27,619.11,615.71,619.09,,,627.1126999999985,610.5910000000003,611.4104761904737
1771052400,619.1,622.05,618.69,621.84,,,626.9196499999986,610.7802000000004,612.3195238095213
1771056000,621.83,627.4,621.8,626.79,,,626.6916999999985,610.8974000000004,613.0052380952357
1771059600,626.79,629,625.93,628.69,,,626.5435499999986,610.9814000000005,613.8323809523785
1771063200,628.69,628.69,626.08,627.13,,,626.3847499999987,610.9820000000004,614.8266666666642
1771066800,627.13,633.31,627.06,633.1,,,626.2713499999986,611.1002000000004,616.0466666666642
1771070400,633.1,633.64,626.63,627.32,,,626.2759999999987,611.2332000000005,617.478571428569
1771074000,627.32,630.25,626.58,629.64,,,626.3089499999987,611.4654000000005,618.8528571428548
1771077600,629.64,636.91,629.21,635.62,,,626.3254999999988,611.7406000000004,620.3280952380928
1771081200,635.62,636.4,633.22,634.43,,,626.3995499999988,612.0606000000004,621.1614285714261
1771084800,634.44,634.44,629.02,632.87,,,626.4655999999989,612.4404000000004,621.8323809523785
1771088400,632.89,634.12,631.03,631.67,,,626.4658999999988,612.6162000000005,622.7895238095214
1771092000,631.67,632.6,630.86,631.37,,,626.4947499999987,612.8586000000005,623.6119047619022
1771095600,631.37,633.01,629.68,632.52,,,626.5904499999988,613.2710000000004,624.3319047619024
1771099200,632.52,633.56,630.29,632.09,,,626.6306499999988,613.6038000000004,624.9861904761881
1771102800,632.09,634.29,628.35,630.79,,,626.5878499999988,614.0202000000004,625.4928571428547
1771106400,630.79,633.36,630.52,632.08,,,626.6393999999988,614.4800000000005,626.1066666666643
1771110000,632.08,634.08,631.25,632.41,,,626.7029999999988,615.0330000000005,626.7480952380929
1771113600,632.41,632.98,629.6,631.64,,,626.7752999999988,615.6224000000004,627.1257142857119
1771117200,631.64,633.69,628.84,632.56,,,626.7924499999988,616.1332000000006,627.5199999999976
1771120800,632.56,633.63,627.35,630.36,,,626.7877999999988,616.5952000000004,628.0814285714262
1771124400,630.37,633.53,627.14,633.2,,,626.7763999999988,617.1494000000006,628.7709523809501
1771128000,633.2,638.93,633.18,635.33,,,626.7587999999989,617.6608000000006,629.5199999999977
1771131600,635.31,638.21,635.23,636.2,,,626.7001499999989,618.0568000000004,630.1909523809501
1771135200,636.2,638.08,634.57,636.19,,,626.6158499999988,618.4326000000005,630.8628571428548
1771138800,636.19,641.94,635.61,639.59,,,626.5280499999988,618.8274000000005,631.5052380952357
1771142400,639.6,640.84,628.52,631.3,,,626.3954499999988,619.1908000000004,631.9533333333309
1771146000,631.3,633.22,629.46,630.4,,,626.2541999999987,619.7004000000004,632.3104761904738
1771149600,630.4,630.66,626.4,629.54,,,626.1420499999988,620.2566000000005,632.9038095238071
1771153200,629.55,630.73,628.6,628.98,,,626.0198999999989,620.8704000000005,632.8180952380928
1771156800,628.98,629.74,619.17,619.19,,,625.9167999999988,621.6936000000004,632.9647619047595
1771160400,619.19,624,615.61,617.35,,,625.7926499999988,622.3708000000005,632.9599999999975
1771164000,617.35,621.7,616.91,620.73,,,625.6523499999988,623.0240000000006,632.6438095238071
1771167600,620.73,622.47,619.44,621.18,,,625.5702999999988,623.5774000000005,631.9180952380929
1771171200,621.17,621.26,617.65,619.7,,,625.4636999999989,624.1226000000005,631.1790476190451
1771174800,619.7,620.47,609.99,613.65,,,625.3294999999988,624.4872000000005,630.6580952380928
1771178400,613.65,614.9,610.6,611.28,,,625.1953499999988,624.8108000000004,630.1728571428547
1771182000,611.28,613.15,608.69,611.55,,,625.0472499999989,625.2530000000005,629.5623809523785
1771185600,611.55,614.07,609.7,613.38,,,624.8625499999989,625.7112000000004,628.6842857142832
1771189200,613.38,616.74,613.26,615.68,,,624.680599999999,626.0628000000004,627.7552380952357
1771192800,615.67,616.72,614.16,616.2,,,624.570649999999,626.1394000000005,626.7776190476167
1771196400,616.2,616.32,611.44,614.79,,,624.485499999999,626.0540000000004,625.8714285714261
1771200000,614.79,616.45,613.55,615.95,,,624.3852499999989,625.9746000000005,625.111428571426
1771203600,615.94,617.89,612.39,614.57,,,624.2753499999988,625.8990000000006,624.3323809523785
1771207200,614.57,616.07,611.42,612.01,,,624.1628499999988,625.8576000000005,623.59095238095
1771210800,612.01,613.19,611.09,613.12,,,624.0444999999987,625.8230000000004,622.7695238095214
1771214400,613.12,617.82,613.11,617.82,,,623.9184999999989,625.7042000000005,621.7809523809499
1771218000,617.81,618.23,610.42,612.08,,,623.8083499999989,625.6306000000005,620.6290476190452
1771221600,612.08,613.54,610.13,612.42,,,623.7197499999988,625.5496000000005,619.5304761904738
1771225200,612.42,614.68,611.18,613.04,,,623.5859999999989,625.3326000000004,618.493809523807
1771228800,613.06,614.69,612.32,614.43,,,623.4514999999989,625.1190000000005,617.5785714285689
1771232400,614.43,619.44,614.42,618.18,,,623.290549999999,625.0630000000004,616.7223809523784
1771236000,618.18,618.92,616.44,618.34,,,623.091899999999,624.9614000000005,615.9366666666641
1771239600,618.36,619.56,613.34,618.57,,,622.9096499999989,624.8732000000005,615.243809523807
1771243200,618.58,628.72,618.49,627.76,,,622.735949999999,624.8086000000004,615.1957142857118
1771246800,627.76,630.73,614.49,615.86,,,622.549449999999,624.7154000000005,615.2428571428546
1771250400,615.86,617.7,612.32,613.55,,,622.3692499999989,624.6422000000005,615.1399999999975
1771254000,613.54,615.97,604.33,607.16,,,622.202049999999,624.4732000000005,615.4533333333308
1771257600,607.17,612.76,606.98,612.63,,,622.0400499999989,624.2708000000005,615.2704761904736
1771261200,612.63,616.74,611.83,615.26,,,621.8851499999989,624.2834000000005,615.2657142857117
1771264800,615.26,617.89,614.05,614.22,,,621.744899999999,623.9386000000004,615.0695238095212
1771268400,614.22,617.46,613.98,616.39,,,621.6257999999989,623.6632000000004,615.1209523809498
1771272000,616.4,622.05,615.85,621.98,,,621.5476499999988,623.2136000000005,615.2104761904736
1771275600,621.98,626.1,620.99,626.03,,,621.4143999999987,622.7538000000005,615.1409523809498
1771279200,626.03,627.66,624.85,625.81,,,621.2810499999988,622.3704000000005,615.1499999999975
1771282800,625.8,627.71,625.07,626.89,,,621.1028499999989,621.9974000000005,615.4923809523783
1771286400,626.89,628.05,625.67,626.32,,,620.9178999999989,621.6918000000004,615.9723809523783
1771290000,626.32,627.99,624.06,624.26,,,620.7866499999989,621.5040000000005,616.5076190476165
1771293600,624.26,631.24,621.15,628.8,,,620.662249999999,621.3742000000005,617.2161904761879
1771297200,628.8,629.18,625.99,626.68,,,620.5180499999989,621.2486000000005,617.8447619047593
1771300800,626.68,627.95,624.75,625.9,,,620.4036999999988,621.1706000000006,618.151428571426
1771304400,625.9,626.9,620.13,622.72,,,620.3111999999987,621.0554000000005,618.9476190476164
1771308000,622.72,624.78,622.72,624.58,,,620.2082999999988,620.8924000000005,619.626666666664
1771311600,624.58,624.58,621.76,622.38,,,620.1263999999987,620.8356000000006,620.2390476190451
1771315200,622.37,623.53,619.28,619.86,,,620.0857999999987,620.7180000000005,620.633809523807
1771318800,619.87,620.35,617.82,619.21,,,620.0132999999987,620.6288000000005,620.9385714285688
1771322400,619.21,619.67,614.98,616.24,,,619.9268499999987,620.4192000000005,621.1309523809498
1771326000,616.23,618.25,615.78,618.03,,,619.8192499999986,620.2042000000005,621.1923809523784
1771329600,618.03,621.29,617.76,619.05,,,619.7319499999987,619.9278000000005,620.7852380952354
1771333200,619.04,624.77,618.16,623.53,,,619.6375499999986,619.6012000000005,620.8033333333307
1771336800,623.53,625.66,609.51,611.65,,,619.5429499999987,619.1936000000005,621.016666666664
1771340400,611.65,614.96,609.04,614.88,,,619.4569999999986,618.8924000000005,621.5828571428546
1771344000,614.88,621.93,614.37,618,,,619.3584999999987,618.6450000000006,622.1019047619021
1771347600,618,619.21,611.99,614.68,,,619.2724499999987,618.4352000000006,621.9299999999973
1771351200,614.68,623.65,614.08,621.93,,,619.1543999999988,618.3262000000005,621.9614285714259
1771354800,621.98,623.84,619.4,619.87,,,619.0215999999987,618.1754000000005,622.0380952380926
1771358400,619.87,620.46,616.57,618.53,,,618.9069499999988,618.1260000000005,621.6904761904736
1771362000,618.52,620.03,616.4,618.46,,,618.8183499999986,618.0714000000006,621.4952380952354
1771365600,618.46,619.26,617.39,617.68,,,618.6997499999987,617.9414000000006,621.2123809523783
1771369200,617.67,617.9,615.79,617.41,,,618.6160999999988,617.9860000000004,620.8142857142831
1771372800,617.41,618.91,616.1,616.23,,,618.5785999999987,618.1104000000005,620.4399999999973
1771376400,616.23,616.27,613.11,614.43,,,618.5283499999988,618.2554000000005,620.1266666666639
1771380000,614.44,617.64,614.32,616.91,,,618.5479499999988,618.3936000000006,619.584285714283
1771383600,616.91,619.34,616.44,618.63,,,618.5413999999987,618.4796000000005,619.0866666666641
1771387200,618.63,618.76,616.34,617.01,,,618.5013999999987,618.5142000000005,618.5404761904736
1771390800,617.04,617.79,615.72,615.83,,,618.4685999999988,618.5148000000005,618.2638095238068
1771394400,615.83,617.98,615.83,616.27,,,618.4181999999987,618.5076000000005,617.9804761904734
1771398000,616.27,621.11,614.62,620.67,,,618.3526499999988,618.5268000000005,617.7247619047591
1771401600,620.67,626.19,619.9,623.18,,,618.2584499999989,618.6080000000005,617.5328571428543
1771405200,623.18,623.97,622.43,622.63,,,618.1312999999989,618.7080000000004,617.3928571428544
1771408800,622.63,623.58,618.59,618.76,,,618.0168999999988,618.7622000000006,617.6038095238067
1771412400,618.76,619.18,613.41,614.11,,,617.9005999999988,618.7312000000005,617.8490476190448
1771416000,614.11,616.51,613.59,615.52,,,617.7824499999988,618.9030000000006,618.0195238095209
1771419600,615.52,616.66,608.62,610.74,,,617.6713999999988,619.1182000000005,617.792380952378
1771423200,610.73,612.43,607.71,611.91,,,617.5653999999987,619.3100000000005,617.9095238095209
1771426800,611.91,622.82,611.82,618,,,617.4891999999987,619.3966000000005,617.9399999999971
1771430400,617.99,618.25,613.58,616.33,,,617.4228999999988,619.3152000000006,617.5942857142828
1771434000,616.32,620.22,615.94,616.19,,,617.3339999999988,619.2588000000005,617.462380952378
1771437600,616.19,616.88,609.17,610.5,,,617.2379499999987,619.1022000000006,617.2752380952352
1771441200,610.5,611.98,601.25,603.01,,,617.1432999999986,618.7852000000006,617.1066666666637
1771444800,603.01,606.19,602.63,603.27,,,617.0339999999986,618.8280000000005,616.9952380952351
1771448400,603.27,605.76,601.74,603.99,,,616.9008499999986,618.8836000000006,616.6161904761875
1771452000,603.99,605.5,602.37,604.66,,,616.8133499999985,619.0642000000006,615.9176190476161
1771455600,604.68,605.22,603.46,604.47,,,616.7462499999987,619.0216000000005,615.2442857142828
1771459200,604.47,605.33,602.62,602.63,,,616.6615999999988,618.7766000000006,614.6614285714256
1771462800,602.63,606.71,602.62,606.66,,,616.5944499999986,618.5576000000005,614.1961904761876
1771466400,606.66,607.1,603.82,605.99,,,616.5125499999986,618.3096000000005,613.6038095238066
1771470000,605.99,607.85,604.56,607.74,,,616.3964499999986,617.9632000000005,612.8419047619018
1771473600,607.74,610.27,607.35,608.74,,,616.2896499999987,617.5320000000006,612.3490476190447
1771477200,608.74,609.55,606.46,608.27,,,616.1860999999986,617.0684000000006,611.8804761904732
1771480800,608.27,614.49,608.18,613.23,,,616.1226499999985,616.6638000000005,611.4742857142827
1771484400,613.23,613.77,610.1,610.53,,,616.0496499999986,616.2572000000005,610.9061904761875
1771488000,610.53,610.55,605.45,606.41,,,615.9577499999986,615.9268000000005,610.1961904761874
1771491600,606.37,608.61,604.68,606.22,,,615.8739499999986,615.5256000000005,609.7485714285683
1771495200,606.22,607.68,605.37,605.98,,,615.8260999999985,615.1574000000005,609.3566666666635
1771498800,605.98,606.76,603.68,603.97,,,615.7797999999985,614.9040000000005,608.9899999999969
1771502400,603.97,606.18,603.22,605.29,,,615.7350499999985,614.6602000000005,608.5471428571398
1771506000,605.29,605.9,596.07,598.31,,,615.6972499999986,614.2968000000005,608.3204761904732
1771509600,598.31,603.87,597.57,601.81,,,615.6687999999986,613.9736000000005,607.9423809523779
1771513200,601.81,604.54,597.62,600.07,,,615.6238999999985,613.6960000000005,607.3371428571397
1771516800,600.06,601.45,596.02,599.84,,,615.5436499999985,613.3912000000005,606.4790476190444
1771520400,599.85,604.61,597.14,598.91,,,615.4729499999986,613.1722000000005,605.7942857142826
1771524000,598.92,606.51,598.48,605.71,,,615.4040499999985,612.7778000000005,605.297619047616
1771527600,605.71,606.65,601.79,604.32,,,615.3380499999986,612.4330000000004,605.1466666666636
1771531200,604.32,607.44,602.89,606.77,,,615.3135999999986,611.9638000000004,604.9390476190446
1771534800,606.77,608.93,606.56,607.48,,,615.2647499999986,611.7276000000005,605.0209523809493
1771538400,607.47,607.68,604.91,606.41,,,615.2785999999986,611.4082000000004,605.0047619047589
1771542000,606.41,607.74,605.59,607.59,,,615.2762499999986,611.1624000000004,605.1142857142828
1771545600,607.59,610.13,606.88,608.24,,,615.2969999999987,610.9552000000004,605.3452380952351
1771549200,608.24,608.48,606.38,607.2,,,615.3251499999986,610.6520000000005,605.3333333333304
1771552800,607.2,608.05,605.97,606.52,,,615.4161499999987,610.4042000000005,605.4095238095209
1771556400,606.51,608.43,606.02,607.63,,,615.4744999999986,610.1618000000005,605.4333333333304
1771560000,607.63,609.03,605.06,608.42,,,615.5510499999986,609.9444000000007,605.3599999999972
1771563600,608.42,613.58,607.98,611.64,,,615.6004499999985,609.7556000000005,605.2766666666638
1771567200,611.64,612.45,609.99,611.76,,,615.6459499999986,609.5514000000006,605.0099999999971
1771570800,611.76,612.47,610.71,611.89,,,615.7164999999985,609.3572000000006,604.909523809521
1771574400,611.89,613.18,610.75,611.62,,,615.7895999999985,609.2212000000005,605.1585714285686
1771578000,611.61,614.03,611.59,613.05,,,615.8103999999984,609.0514000000005,605.4223809523783
1771581600,613.06,615,611.89,611.99,,,615.7939499999984,608.9116000000006,605.7038095238067
1771585200,611.99,612,608.12,608.27,,,615.7807999999985,608.8066000000006,606.0680952380925
1771588800,608.27,609.99,608.02,609.29,,,615.7745999999984,608.7278000000005,606.4376190476163
1771592400,609.29,609.32,601.09,604.15,,,615.7653499999983,608.6348000000005,607.0890476190449
1771596000,604.15,610.66,603.75,609.07,,,615.7803499999984,608.4824000000004,607.3966666666639
1771599600,609.07,617.73,608.87,616.59,,,615.7999999999984,608.2586000000006,607.8357142857114
1771603200,616.59,620.41,616.4,619.85,,,615.8022999999984,607.9714000000006,608.0409523809496
1771606800,619.86,623.37,615.9,623.18,,,615.8110499999983,607.7820000000006,608.5247619047591
1771610400,623.18,627.26,621.81,626.96,,,615.8078499999983,607.5828000000005,609.0428571428542
1771614000,626.96,627.98,624.63,625.91,,,615.7679999999983,607.4538000000006,609.7823809523782
1771617600,625.91,628.73,625.44,628.55,,,615.7485499999983,607.5708000000005,610.5638095238066
1771621200,628.55,629.38,626.63,626.78,,,615.6933499999983,607.7296000000005,611.4914285714257
1771624800,626.76,627.37,624.75,626.88,,,615.6627999999984,607.8332000000005,612.4199999999971
1771628400,626.88,627.36,624.75,625.67,,,615.6710999999982,608.0458000000004,613.4180952380924
1771632000,625.67,627.9,623.79,624.39,,,615.7146999999983,608.2402000000005,614.3009523809495
1771635600,624.39,627.97,624.39,627.67,,,615.7600499999983,608.6012000000005,615.2380952380923
1771639200,627.67,628.15,626.99,627.48,,,615.8021999999983,609.0766000000004,616.1499999999971
1771642800,627.5,627.5,624.48,624.95,,,615.8441499999983,609.5488000000005,616.9480952380924
1771646400,624.95,626.97,624.71,626.9,,,615.9118999999982,609.9824000000004,617.864761904759
1771650000,626.89,627.76,626.6,626.91,,,615.9568499999982,610.3770000000005,618.6190476190447
1771653600,626.91,627.19,625.05,625.52,,,616.0309999999982,610.8410000000005,619.24714285714
1771657200,625.5,627.49,625.08,625.64,,,616.1159499999982,611.3380000000004,619.9619047619019
1771660800,625.64,627.98,625.53,627.63,,,616.2192999999982,611.7038000000005,620.6899999999971
1771664400,627.63,630.38,627.46,628.45,,,616.3423999999982,612.1220000000004,621.2838095238067
1771668000,628.45,629.84,628.41,629.53,,,616.4470499999982,612.5054000000003,621.9338095238068
1771671600,629.53,631.15,629.41,629.91,,,616.5333499999982,612.8410000000003,622.8557142857115
1771675200,629.91,630.41,628.56,630.35,,,616.6459999999983,613.1884000000003,623.7680952380925
1771678800,630.35,633.53,629.97,633.38,,,616.7463499999982,613.4764000000002,624.976666666664
1771682400,633.38,634.2,631.86,632.43,,,616.8147499999982,613.8348000000003,625.9690476190448
1771686000,632.43,632.93,627.33,627.48,,,616.8740999999982,614.2972000000004,626.6242857142829
1771689600,627.46,627.94,624.02,625.64,,,616.9591499999983,614.7710000000003,627.2685714285685
1771693200,625.64,628,625.12,627.25,,,617.0262499999983,615.2584000000003,627.7090476190448
1771696800,627.25,629.26,626.86,628.37,,,617.1246499999983,615.8466000000003,627.7338095238067
1771700400,628.38,628.38,626.35,626.65,,,617.2322499999982,616.3894000000004,627.7209523809496
1771704000,626.65,627.34,624.8,624.86,,,617.3564999999982,616.9728000000003,627.6590476190447
1771707600,624.85,626.41,624.39,626.41,,,617.5312499999982,617.4494000000004,627.734761904759
1771711200,626.41,626.93,625.3,625.58,,,617.7061999999981,617.9930000000004,627.7238095238066
1771714800,625.58,626.14,624.62,625.52,,,617.8548999999981,618.5636000000004,627.6852380952353
1771718400,625.52,625.79,622.77,624.22,,,617.9737499999982,619.1184000000004,627.7814285714257
1771722000,624.24,626.62,624.2,626.21,,,618.1013999999982,619.5014000000004,627.6819047619019
1771725600,626.21,626.78,623.26,623.45,,,618.2384499999982,619.9432000000004,627.5885714285685
1771729200,623.45,624.16,620.83,621.24,,,618.3658499999982,620.3194000000004,627.5538095238066
1771732800,621.24,622.05,620.48,620.95,,,618.4970499999982,620.6802000000004,627.5209523809494
1771736400,620.95,621.12,618.67,619.41,,,618.6377499999982,621.0364000000004,627.3561904761876
1771740000,619.41,621.9,619.36,621.74,,,618.7550499999983,621.4088000000004,627.152380952378
1771743600,621.72,623.46,621.22,622.34,,,618.8335499999982,621.7130000000004,626.9290476190447
1771747200,622.34,622.83,621.06,621.76,,,618.8768999999982,621.9938000000004,626.5376190476161
1771750800,621.75,624.01,621.47,623.7,,,618.9303499999983,622.2824000000004,626.2180952380922
1771754400,623.7,624.56,623.3,623.49,,,618.9617999999982,622.5180000000005,625.8757142857113
1771758000,623.5,624.68,623.33,624.47,,,618.9792499999982,622.7844000000005,625.487619047616
1771761600,624.48,624.52,620.47,620.74,,,618.9943499999982,622.9984000000005,625.1709523809493
1771765200,620.74,621.92,618.09,619.35,,,618.9877499999983,623.1984000000004,624.699999999997
1771768800,619.36,619.89,616.93,617.91,,,618.9982999999983,623.4346000000005,624.3209523809494
1771772400,617.91,618.13,613.5,615.85,,,619.0168999999983,623.6720000000005,623.999999999997
1771776000,615.92,615.93,612.26,613.73,,,619.0113999999982,623.9004000000006,623.7004761904732
1771779600,613.75,613.77,609.95,610.88,,,619.0108999999982,624.0754000000005,623.2557142857113
1771783200,610.88,612.42,610.62,611.33,,,619.0252499999982,624.2970000000006,622.6595238095208
1771786800,611.32,612.47,610.41,612.33,,,619.0617999999981,624.4694000000005,622.0442857142828
1771790400,612.33,612.37,610.85,611.17,,,619.0813499999981,624.7034000000006,621.3785714285684
1771794000,611.17,614.03,611.16,613.91,,,619.0967499999981,624.7966000000006,620.6604761904732
1771797600,613.93,616.14,613.61,615.62,,,619.0908499999981,624.6824000000006,620.0295238095208
1771801200,615.62,615.77,613.46,614.68,,,619.0608999999981,624.5120000000006,619.3461904761875
1771804800,614.69,615.66,605.97,605.97,,,618.995599999998,624.2950000000005,618.8552380952352
1771808400,605.97,606.12,583.84,586.27,,,618.9065499999982,623.9792000000006,618.3509523809495
1771812000,586.25,589.16,584.46,587.02,,,618.8275499999982,623.7392000000006,617.9333333333304
1771815600,587.02,590.7,585.77,589.76,,,618.7236999999982,623.4806000000007,617.2061904761875
1771819200,589.76,590.14,586.16,587.05,,,618.6429499999981,623.2386000000007,615.554761904759
1771822800,587.05,594.72,587.04,593.56,,,618.5642999999981,622.8204000000006,614.012380952378
1771826400,593.56,599.46,593.42,598.52,,,618.464299999998,622.0324000000006,612.4895238095208
1771830000,598.52,599.69,596.47,599.07,,,618.3655499999982,621.2850000000005,610.8090476190447
1771833600,599.08,599.21,596.64,599.13,,,618.2310499999982,620.5268000000005,609.4661904761875
1771837200,599.13,610.14,599.11,608.93,,,618.0040499999982,619.7182000000006,608.2671428571399
1771840800,608.93,610.08,606.38,607.19,,,617.7822999999981,619.0904000000005,607.1042857142827
1771844400,607.19,608.67,605.83,606.23,,,617.568499999998,618.5228000000005,605.897619047616
1771848000,606.23,612.03,604.7,610.37,,,617.3432999999982,617.9660000000006,605.3352380952351
1771851600,610.37,611.78,608.26,609.94,,,617.1571499999982,617.4382000000006,604.7561904761875
1771855200,609.95,610.97,606.08,608.33,,,616.9893499999981,617.1040000000006,604.199999999997
1771858800,608.33,610.04,604.23,604.47,,,616.8226499999981,616.6952000000006,603.9390476190447
1771862400,604.47,606.05,601.11,602.09,,,616.6600999999981,616.2508000000006,603.7585714285685
1771866000,602.09,603.3,591.49,597.12,,,616.5419499999981,615.8676000000007,603.6371428571399
1771869600,597.12,600.81,595.47,597.38,,,616.4260999999981,615.4682000000007,603.3104761904733
1771873200,597.39,598.08,591.8,591.97,,,616.2912499999981,615.0278000000006,602.8228571428541
1771876800,591.96,595.31,590.23,595.03,,,616.1664499999981,614.4496000000006,602.1538095238066
1771880400,595,597.24,594.73,595.88,,,616.035149999998,613.8428000000006,601.3666666666637
1771884000,595.89,598.39,595.55,596.6,,,615.8958499999981,613.2356000000007,600.2404761904733
1771887600,596.6,598.08,595.36,596.14,,,615.720249999998,612.6704000000007,599.304761904759
1771891200,596.14,602.59,596.04,602.27,,,615.5741999999981,611.9648000000007,598.8242857142827
1771894800,602.27,602.27,589.98,597.8,,,615.4077999999981,611.2980000000006,599.3161904761876
1771898400,597.79,601.26,596.93,598.14,,,615.246999999998,610.6826000000007,599.7504761904733
1771902000,598.14,598.15,591.3,593.07,,,615.0619499999981,610.1174000000007,600.3461904761875
1771905600,593.08,593.63,588.98,591.96,,,614.9411499999981,609.5120000000007,600.8580952380923
1771909200,591.96,593.91,588.53,590.52,,,614.8337999999981,609.0458000000007,601.0761904761877
1771912800,590.52,591.26,586.62,586.99,,,614.7131499999981,608.4914000000007,600.8166666666639
1771916400,586.99,590.23,586.08,589.5,,,614.587949999998,607.9698000000008,600.4780952380925
1771920000,589.5,592.66,588.48,592.09,,,614.5007999999981,607.3070000000008,600.0680952380925
1771923600,592.09,592.55,586.77,589.01,,,614.4215499999981,606.6772000000008,599.0233333333306
1771927200,589.01,589.43,587.29,588.63,,,614.3558499999981,606.0628000000008,598.1809523809495
1771930800,588.63,589.06,585.82,586.86,,,614.2634499999981,605.3836000000008,597.5076190476162
1771934400,586.86,588.18,585.56,585.88,,,614.1563499999982,604.7854000000008,596.4904761904734
1771938000,585.88,586.48,579.95,582.55,,,614.0305499999981,604.1924000000008,595.4757142857115
1771941600,582.55,585.44,577.08,581.8,,,613.8844999999982,603.5258000000008,594.4533333333305
1771945200,581.8,586.72,580.44,585.89,,,613.7580499999981,602.8632000000009,593.5680952380925
1771948800,585.89,589.39,583.73,587.64,,,613.6387499999981,602.1264000000009,592.6376190476162
1771952400,587.64,589.5,585.7,586.43,,,613.510949999998,601.3742000000009,591.9080952380924
1771956000,586.43,589.2,584.75,587.96,,,613.3940499999981,600.5358000000009,591.3609523809496
1771959600,587.97,589.87,586.55,588.52,,,613.2627499999979,599.757000000001,591.1547619047591
1771963200,588.52,590.13,587.93,588.3,,,613.103049999998,599.0878000000009,590.7452380952353
1771966800,588.3,588.31,583.29,584.44,,,612.955399999998,598.4824000000009,590.3680952380925
1771970400,584.44,586.55,583.94,585.43,,,612.802299999998,597.8940000000009,589.9833333333305
1771974000,585.42,585.5,582.4,583.41,,,612.666549999998,597.3786000000009,589.6099999999972
1771977600,583.41,585.02,581.72,584.43,,,612.532599999998,596.931400000001,588.7609523809496
1771981200,584.43,600.19,583.94,597.67,,,612.373849999998,596.470800000001,588.1719047619019
1771984800,597.69,601.95,597.64,598.28,,,612.221949999998,595.9130000000009,587.4704761904734
1771988400,598.28,598.85,593.26,594.13,,,612.0716999999979,595.398200000001,587.0590476190448
1771992000,594.13,596.42,591.18,595.39,,,611.874399999998,594.788200000001,587.3309523809496
1771995600,595.39,595.82,590.03,592.46,,,611.717299999998,594.1644000000009,587.7004761904734
1771999200,592.49,595.51,592.41,593.67,,,611.5766999999979,593.8242000000009,588.0404761904734
1772002800,593.67,596.6,593.19,596.17,,,611.4579499999979,593.670400000001,588.3209523809496
1772006400,596.17,600.75,595.95,600.42,,,611.3169499999979,593.827600000001,588.3385714285687
1772010000,600.42,603.46,600.25,603.16,,,611.2289999999979,593.9950000000009,588.5604761904734
1772013600,603.16,603.96,600.85,602.82,,,611.1492999999979,594.0490000000009,588.9195238095211
1772017200,602.83,605.32,602.08,605.01,,,611.037999999998,594.1814000000008,589.5652380952354
1772020800,605.03,612.36,604.73,611.09,,,610.9050499999979,594.2336000000009,590.3880952380924
1772024400,611.09,616.41,611.09,614.24,,,610.7371999999979,594.271600000001,591.3533333333306
1772028000,614.24,618.91,613.33,618.77,,,610.5764999999978,594.3534000000009,592.4585714285687
1772031600,618.77,623.14,616.17,621.56,,,610.4228999999979,594.4272000000009,593.6585714285687
1772035200,621.56,625.89,621.12,625.54,,,610.2933999999979,594.3488000000009,594.9252380952354
1772038800,625.54,629.46,625.25,629.14,,,610.1878999999979,594.4268000000009,596.4652380952353
1772042400,629.14,634.27,626.72,632.78,,,610.0579999999978,594.5870000000009,598.0652380952354
1772046000,632.79,633.3,628.65,632.31,,,609.9496499999979,594.7550000000009,599.8280952380925
1772049600,632.31,633.31,630.05,631.88,,,609.8755999999979,594.9874000000009,601.7728571428545
1772053200,631.88,640.43,629.81,635.01,,,609.8331999999978,595.3316000000009,604.0747619047593
1772056800,635.01,637.09,628.29,631.98,,,609.8041499999978,595.8250000000008,606.3071428571402
1772060400,631.98,635,624.76,629.49,,,609.8000499999978,596.4388000000009,608.6152380952354
1772064000,629.49,633.93,627.79,630.19,,,609.8284499999977,597.1426000000009,611.0238095238068
1772067600,630.19,632.31,627.23,627.77,,,609.8780999999977,597.832600000001,612.6576190476163
1772071200,627.77,628.78,625.53,628.21,,,609.9607999999978,598.6934000000009,614.1438095238069
1772074800,628.22,628.67,626.51,628,,,610.0321999999978,599.4324000000009,615.8609523809497
1772078400,628,632.53,627.63,630.74,,,610.0963499999979,600.1046000000009,617.4028571428544
1772082000,630.74,630.77,626.46,628.61,,,610.1537499999978,600.776400000001,619.1052380952353
1772085600,628.6,629.75,626,626.74,,,610.2553999999978,601.409000000001,620.7399999999972
1772089200,626.74,628.51,625.45,625.73,,,610.3284499999978,601.927800000001,622.3861904761876
1772092800,625.73,628.98,625.72,626.37,,,610.3893999999979,602.531800000001,623.7285714285687
1772096400,626.37,630.19,626.04,629.57,,,610.4548499999978,603.183800000001,624.8514285714258
1772100000,629.57,630.2,625.22,626.11,,,610.4862499999978,603.894600000001,625.942380952378
1772103600,626.12,626.78,623.06,623.1,,,610.5268999999978,604.590200000001,626.959523809521
1772107200,623.1,626.73,622.97,626.61,,,610.5879499999978,605.294400000001,627.839523809521
1772110800,626.61,628.16,625.26,626.56,,,610.6386999999978,606.0820000000009,628.4047619047591
1772114400,626.56,628.44,621.28,625.54,,,610.6839999999978,606.883400000001,628.6109523809496
1772118000,625.54,626.07,618.84,623.29,,,610.7255999999978,607.5638000000009,628.8514285714258
1772121600,623.29,624.72,614.42,614.8,,,610.7762999999978,608.2456000000009,628.8999999999972
1772125200,614.8,619.1,614.68,616.82,,,610.8519999999978,609.005200000001,628.7285714285687
1772128800,616.82,620.72,614.4,620.08,,,610.8979999999978,609.799200000001,628.2766666666639
1772132400,620.08,625.2,619.98,624.62,,,610.9203499999978,610.5924000000009,627.4428571428543
1772136000,624.62,626.07,621.38,622.04,,,610.9683499999978,611.407200000001,626.7257142857115
1772139600,622.04,624.07,620.97,623.6,,,611.0219999999978,612.067200000001,626.0147619047591
1772143200,623.58,626.26,623.34,626.18,,,611.0683499999978,612.6858000000009,625.6642857142829
1772146800,626.17,626.81,624.49,625.81,,,611.0814499999977,613.3346000000008,625.309523809521
1772150400,625.81,626.18,623.4,625.09,,,611.0395499999978,614.0984000000009,624.9957142857115
1772154000,625.09,626.17,622.51,625.68,,,611.0104999999978,614.7800000000008,624.9199999999972
1772157600,625.67,630.16,625.61,629.65,,,611.0170999999978,615.4816000000008,624.8057142857115
1772161200,629.66,629.94,627.82,629.07,,,611.0696499999979,616.2392000000008,624.6671428571401
1772164800,629.06,633.32,628.82,631.65,,,611.1022499999979,617.0666000000008,624.4261904761877
1772168400,631.65,633.53,629.92,631.64,,,611.1665499999979,617.8598000000009,624.4757142857114
1772172000,631.64,631.66,628.3,628.68,,,611.2378999999979,618.7052000000008,624.5866666666637
1772175600,628.68,628.71,624.93,626.99,,,611.276949999998,619.6096000000008,624.8685714285685
1772179200,627,629.18,626.44,628.3,,,611.3207499999979,620.2376000000008,625.119523809521
1772182800,628.3,629.82,624.2,624.39,,,611.368199999998,620.9050000000009,625.0771428571401
1772186400,624.36,624.72,616.29,616.67,,,611.4639499999979,621.6552000000008,625.1190476190447
1772190000,616.67,618.89,613.21,614.86,,,611.5942499999979,622.3210000000008,625.3666666666638
1772193600,614.86,616.48,613.32,614.58,,,611.7361499999979,623.0116000000008,625.2609523809496
1772197200,614.56,616.14,609.69,614.17,,,611.8743999999979,623.7042000000008,624.7899999999971
1772200800,614.18,615.39,610.72,611.61,,,611.994499999998,624.2686000000009,624.2814285714257
1772204400,611.61,615.26,610.71,614.33,,,612.1070999999979,624.5936000000008,623.8666666666638
1772208000,614.33,614.59,609.97,609.97,,,612.2354499999979,624.8276000000009,623.8366666666639
1772211600,609.97,612.3,606.66,612.2,,,612.3240999999979,625.0628000000008,623.5885714285686
1772215200,612.21,612.67,609.77,610.1,,,612.3774999999979,625.2460000000009,623.314761904759
1772218800,610.1,610.31,607.66,609.77,,,612.4130999999978,625.2564000000009,622.61714285714
1772222400,609.77,611.67,609.54,611.05,,,612.4422999999979,625.2582000000009,622.1485714285686
1772226000,611.05,612.75,609.91,610.98,,,612.4717999999979,625.0822000000009,621.5057142857115
1772229600,610.98,611.75,605.56,611.73,,,612.4636999999979,624.8950000000009,620.7242857142829
1772233200,611.73,614.19,611.69,613.93,,,612.4826999999979,624.5862000000009,620.0214285714258
1772236800,613.93,615.13,612.24,614.48,,,612.5004999999978,624.1988000000009,619.3495238095211
1772240400,614.48,614.85,612.16,612.52,,,612.5303999999979,623.764200000001,618.6852380952353
1772244000,612.54,615.16,612.21,615.08,,,612.5509999999979,623.3376000000009,617.9366666666639
1772247600,615.08,615.51,613.29,614.86,,,612.5799999999978,622.934600000001,617.241904761902
1772251200,614.86,615.42,610.8,612.49,,,612.6087999999978,622.5130000000009,616.3309523809496
1772254800,612.49,613.31,610.31,611.18,,,612.6721499999978,622.1630000000009,615.5423809523782
1772258400,611.18,611.18,590.93,592.78,,,612.7217499999978,621.8236000000009,614.8842857142829
1772262000,592.78,600.85,590.81,597.42,,,612.7910499999978,621.5214000000009,614.1938095238067
1772265600,597.43,597.43,590.65,591.32,,,612.8642499999978,621.2632000000009,613.3785714285686
1772269200,591.32,594.65,589.44,591.75,,,612.9322999999979,620.9488000000009,611.8733333333305
1772272800,591.73,594.98,588.76,594.43,,,612.9791499999978,620.6124000000009,610.9566666666639
1772276400,594.43,598.42,594.21,594.52,,,613.0318499999978,619.8532000000009,609.8357142857114
1772280000,594.52,598.19,594.15,596.88,,,613.0604499999978,619.2294000000009,608.7485714285687
1772283600,596.88,603.45,595.19,603,,,613.0789499999978,618.521000000001,607.8085714285686
1772287200,603,605.66,599.49,600.58,,,613.0107999999977,617.8414000000008,606.9947619047591
1772290800,600.58,604.68,598.54,603.94,,,612.9599499999978,617.2026000000009,606.1638095238067
1772294400,603.94,605.02,602.12,603.69,,,612.8753499999978,616.501600000001,605.831904761902
1772298000,603.69,605.99,601.12,605.77,,,612.7980999999978,615.9170000000008,605.2785714285686
1772301600,605.77,613.37,604.43,611.8,,,612.7376499999978,615.5150000000009,604.9852380952353
1772305200,611.8,614.46,608.66,613.17,,,612.6720999999978,614.9944000000008,604.6957142857116
1772308800,613.17,619.46,612.09,618.16,,,612.6143999999978,614.5420000000008,604.4442857142831
1772312400,618.16,618.29,614.1,616.16,,,612.5711999999977,614.1050000000008,604.4833333333306
1772316000,616.16,621.43,616.13,618.01,,,612.5152999999978,613.7546000000009,604.551904761902
1772319600,618.01,618.19,615.45,617.09,,,612.4755499999977,613.6946000000008,604.7533333333307
1772323200,617.09,618.16,615.51,618.01,,,612.4358999999977,613.6216000000009,604.8333333333306
1772326800,618.01,628.05,614.68,625.11,,,612.3994999999977,613.5832000000008,605.0947619047593
1772330400,625.11,631.6,625.1,629.88,,,612.3985499999977,613.4140000000008,605.1904761904734
1772334000,629.88,632.08,628.09,628.6,,,612.4230499999977,613.3334000000009,605.3404761904735
1772337600,628.6,631.35,625.88,629.8,,,612.4673999999976,613.2032000000008,605.9414285714258
1772341200,629.79,631.02,627.82,627.85,,,612.5274499999977,613.0398000000008,606.831904761902
1772344800,627.89,628.14,623.09,625.19,,,612.5721499999978,613.0258000000008,608.5376190476163
1772348400,625.19,626.05,623.52,625.35,,,612.5746499999977,613.1216000000007,610.0795238095211
1772352000,625.36,626.42,619.47,620.25,,,612.5654499999978,613.1800000000007,611.8190476190449
1772355600,620.25,623.41,619,620.06,,,612.5750999999977,613.1830000000008,613.4114285714259
1772359200,620.06,623.46,619.09,623.2,,,612.5896999999977,613.1586000000008,614.8838095238068
1772362800,623.21,624.43,622.61,622.89,,,612.6031499999978,613.0294000000007,616.1090476190449
1772366400,622.89,623.3,620.62,620.62,,,612.6093999999978,612.9036000000007,617.2128571428544
1772370000,620.62,628.31,619.88,626.04,,,612.6147499999978,612.7350000000007,618.1747619047592
1772373600,626.04,629.47,625.85,628.07,,,612.6062999999978,612.5964000000007,619.2371428571403
1772377200,628.06,629.81,626.4,626.5,,,612.6046999999977,612.4944000000007,620.0314285714259
1772380800,626.5,629.61,620.26,622.98,,,612.5839999999978,612.4644000000008,621.0957142857117
1772384400,622.98,623.68,617.81,619.63,,,612.5459499999978,612.5434000000007,622.1576190476163
1772388000,619.66,625.36,619.5,623.04,,,612.5245499999978,612.7670000000007,622.8576190476164
1772391600,623.04,623.25,619.01,619.83,,,612.5142499999979,613.0368000000008,623.3247619047592
1772395200,619.83,620.55,611.46,612.55,,,612.4828499999978,613.2834000000007,623.3947619047592
1772398800,612.55,617.53,611.9,612.02,,,612.4784999999978,613.5108000000007,623.7223809523782
1772402400,612.02,618.92,611.1,615.3,,,612.4912499999978,613.6168000000007,623.8090476190449
1772406000,615.3,621,614.6,617.96,,,612.4955499999978,613.8782000000007,623.5928571428544
1772409600,617.96,622.31,614.56,619.91,,,612.4722999999977,614.0308000000008,623.3076190476163
1772413200,619.91,624.12,618.63,621.66,,,612.4281999999978,614.0798000000008,622.8404761904735
1772416800,621.66,624.25,617.42,622.15,,,612.3957499999977,614.1248000000007,622.2728571428545
1772420400,622.15,625.57,620.71,624.38,,,612.3453499999978,614.2098000000008,621.8590476190449
1772424000,624.38,624.83,622.17,623.21,,,612.2563499999977,614.3494000000007,621.4714285714259
1772427600,623.21,625.47,621.4,623.38,,,612.1495499999977,614.5130000000007,621.1999999999973
1772431200,623.38,623.53,616.62,617.19,,,612.0638999999977,614.6676000000008,621.1614285714259
1772434800,617.19,617.39,613.12,616.57,,,612.0162999999978,614.8210000000007,621.0595238095211
1772438400,616.57,619.04,613.14,618.56,,,611.9876499999978,615.0582000000009,621.2085714285687
1772442000,618.59,621.99,617.98,618.89,,,611.9596999999978,615.2208000000007,621.071904761902
1772445600,618.89,620.93,617.43,620.93,,,611.9285999999978,615.3912000000008,620.7561904761878
1772449200,620.93,622.96,618.73,622.05,,,611.9172499999978,615.4852000000008,620.5499999999973
1772452800,622.05,622.9,620.13,622.03,,,611.9089999999978,615.5930000000008,620.4676190476164
1772456400,622.03,624.29,619.58,620.31,,,611.8938499999978,616.1086000000007,620.224285714283
1772460000,620.32,634.67,618.93,633.86,,,611.8518999999978,616.5380000000008,619.9376190476164
1772463600,633.87,649.54,633.86,646.21,,,611.8071499999978,617.1302000000007,619.7247619047591
1772467200,646.21,652.68,645.75,649.26,,,611.7788499999979,617.7362000000007,619.5976190476164
1772470800,649.28,649.91,640.99,644.49,,,611.7422499999979,618.2882000000008,620.2752380952354
1772474400,644.49,644.51,638.94,639.74,,,611.7296499999978,618.8040000000008,621.3785714285688
1772478000,639.74,639.86,636.23,636.41,,,611.733699999998,619.5436000000008,622.7799999999974
1772481600,636.42,637.29,632.48,634.81,,,611.739099999998,620.4078000000007,624.3009523809498
1772485200,634.81,636.17,632.87,635.6,,,611.7435999999979,621.3814000000008,625.6209523809497
1772488800,635.56,640.6,635.56,639.74,,,611.8041999999979,622.1924000000008,626.6261904761878
1772492400,639.74,640.23,636.57,637.62,,,611.9235499999979,622.9134000000008,627.4285714285688
1772496000,637.62,641.32,636.74,640.66,,,612.061049999998,623.5262000000007,628.1757142857116
1772499600,640.66,642.31,635.69,635.72,,,612.1649999999979,623.9864000000008,629.036666666664
1772503200,635.73,637.78,633.65,635.7,,,612.2462499999979,624.4350000000007,629.7733333333306
1772506800,635.7,636.1,633.98,635.53,,,612.3059499999979,624.8666000000007,630.5485714285687
1772510400,635.53,637.33,633.99,634.25,,,612.376299999998,625.2958000000008,631.1442857142831
1772514000,634.25,638.37,628.9,632.11,,,612.4575499999979,625.7488000000008,631.7309523809498
1772517600,632.11,633.75,630.36,633.31,,,612.5666999999979,626.1214000000007,632.6042857142832
1772521200,633.31,635.77,632.83,633.14,,,612.6755499999979,626.4752000000007,633.4461904761879
1772524800,633.17,634.06,622.58,623.85,,,612.8101999999978,626.6836000000006,634.0914285714259
1772528400,623.85,626.87,620.97,622.53,,,612.9343999999979,626.7710000000006,634.7780952380926
1772532000,622.53,626.57,621.45,625.59,,,613.0562499999979,626.8412000000006,635.3595238095212
1772535600,625.59,627.44,624.67,626.54,,,613.1722499999979,626.9114000000008,635.4452380952355
1772539200,626.56,631.77,626.11,627.4,,,613.2876499999978,627.0172000000007,635.469047619045
1772542800,627.39,627.72,623.44,624.53,,,613.3786499999978,626.9904000000007,635.7204761904735
1772546400,624.53,628.92,621.05,623.62,,,613.4670999999978,626.9340000000008,635.3719047619021
1772550000,623.62,630.65,622.55,630.59,,,613.5593999999978,627.0408000000008,634.4761904761878
1772553600,630.59,638.86,628.82,634.55,,,613.6487999999978,627.1704000000008,633.2985714285687
1772557200,634.54,634.96,629.47,633.82,,,613.8300999999979,627.2544000000007,632.3047619047593
1772560800,633.82,637.81,631.76,634.53,,,614.0229499999978,627.2872000000008,631.869047619045
1772564400,634.53,635.25,631.59,633.04,,,614.2068499999978,627.3472000000008,631.7804761904736
1772568000,633.04,633.58,630.44,631.56,,,614.4085999999978,627.4382000000008,631.7333333333306
1772571600,631.54,631.63,628.52,630.08,,,614.5634499999978,627.5678000000007,631.6823809523784
1772575200,630.08,634.47,630.08,633.88,,,614.6889499999978,627.7142000000008,631.3633333333307
1772578800,633.88,636.87,632.88,633.5,,,614.8465499999977,627.9452000000008,631.0747619047593
1772582400,633.5,634.48,629.59,632.1,,,615.0236499999977,628.2134000000008,630.5709523809497
1772586000,632.09,636.5,630.72,633.9,,,615.1480999999978,628.3838000000007,630.4833333333307
1772589600,633.9,634.53,630.7,634.08,,,615.2847999999977,628.5888000000008,630.3785714285688
1772593200,634.08,634.24,626.21,629.29,,,615.4188499999979,629.0154000000008,630.2152380952355
1772596800,629.29,630.44,627.22,629.95,,,615.5247999999979,629.4450000000008,630.1985714285688
1772600400,629.95,633.56,628.91,632.56,,,615.6254999999978,629.7810000000007,630.2923809523784
1772604000,632.56,635.48,631.37,634.9,,,615.7532499999978,630.0998000000009,630.1009523809497
1772607600,634.9,635.71,634.05,635.56,,,615.8983999999979,630.3832000000008,629.9490476190449